receiver_lang,receiver_word,donor_lang,donor_word,class
es,abad,en,abbot,altered
es,abadía,en,abbey,transparent
es,abandono,en,abandon,transparent
es,abatir,en,abate,altered
es,abdicación,en,abdication,transparent
es,abdomen,en,abdomen,transparent
es,abdominal,en,abdominal,transparent
es,abducción,en,abduction,transparent
es,abducir,en,abduct,transparent
es,abductor,en,abductor,transparent
es,aberración,en,aberration,transparent
es,aberrante,en,aberrant,transparent
es,abismal,en,abysmal,transparent
es,abismo,en,abyss,altered
es,ablación,en,ablation,transparent
es,abogacía,en,advocacy,altered
es,abolicionista,en,abolitionist,transparent
es,abolición,en,abolition,transparent
es,abolir,en,abolish,transparent
es,abominable,en,abominable,transparent
es,abominación,en,abomination,transparent
es,aborigen,en,aboriginal,transparent
es,abortar,en,abort,transparent
es,abortivo,en,abortive,transparent
es,aborto,en,abortion,transparent
es,abrasivo,en,abrasive,transparent
es,abrasión,en,abrasion,transparent
es,abreviación,en,abbreviation,transparent
es,abreviar,en,abbreviate,transparent
es,abril,en,april,transparent
es,abrogar,en,abrogate,transparent
es,abruptamente,en,abruptly,transparent
es,abrupto,en,abrupt,transparent
es,absceso,en,abscess,transparent
es,absenta,en,absinthe,altered
es,absolución,en,absolution,transparent
es,absoluto,en,absolute,transparent
es,absolver,en,absolve,transparent
es,absorbedor,en,absorber,transparent
es,absorber,en,absorb,transparent
es,absorción,en,absorption,transparent
es,abstención,en,abstention,transparent
es,abstener,en,abstain,transparent
es,abstinencia,en,abstinence,transparent
es,abstracción,en,abstraction,transparent
es,abstracto,en,abstract,transparent
es,absurdidad,en,absurdity,transparent
es,absurdo,en,absurd,transparent
es,abundancia,en,abundance,transparent
es,abundante,en,abundant,transparent
es,abundantemente,en,abundantly,transparent
es,abundar,en,abound,altered
es,abusivo,en,abusive,transparent
es,abuso,en,abuse,transparent
es,abyecto,en,abject,transparent
es,acacia,en,acacia,transparent
es,academia,en,academy,transparent
es,académico,en,academic,transparent
es,acceder,en,accede,transparent
es,accesibilidad,en,accessibility,transparent
es,accesible,en,accessible,transparent
es,accesión,en,accession,transparent
es,acceso,en,access,transparent
es,accesorio,en,accessory,transparent
es,accidental,en,accidental,transparent
es,accidentalmente,en,accidentally,transparent
es,accidente,en,accident,transparent
es,acción,en,action,transparent
es,aceleración,en,acceleration,transparent
es,acelerador,en,accelerator,transparent
es,acelerar,en,accelerate,transparent
es,acento,en,accent,transparent
es,acentuar,en,accentuate,transparent
es,aceptabilidad,en,acceptability,transparent
es,aceptable,en,acceptable,transparent
es,aceptación,en,acceptance,transparent
es,aceptar,en,accept,transparent
es,aceptor,en,acceptor,transparent
es,acetato,en,acetate,transparent
es,acetona,en,acetone,altered
es,acidez,en,acidity,altered
es,acidificación,en,acidification,transparent
es,aclamar,en,acclaim,transparent
es,acné,en,acne,transparent
es,acomodación,en,accommodation,transparent
es,acomodar,en,accommodate,altered
es,acompañamiento,en,accompaniment,transparent
es,acompañar,en,accompany,altered
es,acondicionador,en,conditioner,altered
es,acoplamiento,en,coupling,altered
es,acordeón,en,accordion,transparent
es,acostumbrar,en,accustom,altered
es,acreditación,en,accreditation,transparent
es,acreditar,en,accredit,transparent
es,acreedor,en,creditor,altered
es,acrobático,en,acrobatic,transparent
es,acrílico,en,acrylic,transparent
es,acróbata,en,acrobat,transparent
es,acrónimo,en,acronym,transparent
es,acrópolis,en,acropolis,transparent
es,acta,en,acta,transparent
es,actina,en,actin,transparent
es,actitud,en,attitude,transparent
es,activación,en,activation,transparent
es,activador,en,activator,transparent
es,activamente,en,actively,transparent
es,activar,en,activate,transparent
es,actividad,en,activity,transparent
es,activismo,en,activism,transparent
es,activista,en,activist,transparent
es,activo,en,active,transparent
es,acto,en,act,transparent
es,actor,en,actor,transparent
es,actriz,en,actress,altered
es,actualidad,en,actuality,altered
es,actuarial,en,actuarial,transparent
es,acuario,en,aquarium,altered
es,acueducto,en,aqueduct,transparent
es,acuerdo,en,accordance,altered
es,acuicultura,en,aquaculture,transparent
es,acumen,en,acumen,transparent
es,acumulación,en,accumulation,transparent
es,acumular,en,accumulate,transparent
es,acumulativo,en,cumulative,altered
es,acupuntura,en,acupuncture,transparent
es,acusación,en,accusation,transparent
es,acusar,en,accuse,transparent
es,acuático,en,aquatic,transparent
es,acuífero,en,aquifer,transparent
es,acético,en,acetic,transparent
es,acólito,en,acolyte,transparent
es,acústica,en,acoustics,transparent
es,acústico,en,acoustic,transparent
es,adagio,en,adage,transparent
es,adaptabilidad,en,adaptability,transparent
es,adaptable,en,adaptable,transparent
es,adaptación,en,adaptation,transparent
es,adaptador,en,adapter,transparent
es,adaptar,en,adapt,transparent
es,adaptativo,en,adaptive,transparent
es,addendum,en,addendum,transparent
es,adecuación,en,adequacy,altered
es,adecuadamente,en,adequately,transparent
es,adecuar,en,adequate,altered
es,adenosina,en,adenosine,transparent
es,adepto,en,adept,altered
es,adherencia,en,adherence,transparent
es,adherente,en,adherent,transparent
es,adherir,en,adhere,transparent
es,adhesivo,en,adhesive,transparent
es,adhesión,en,adhesion,transparent
es,adicción,en,addiction,transparent
es,adicional,en,additional,transparent
es,adicionalmente,en,additionally,transparent
es,adición,en,addition,transparent
es,adictivo,en,addictive,transparent
es,adicto,en,addict,transparent
es,aditivo,en,additive,transparent
es,adivinación,en,divination,altered
es,adjetivo,en,adjective,transparent
es,adjudicación,en,adjudication,transparent
es,adjunto,en,adjunct,transparent
es,administración,en,administration,transparent
es,administrador,en,administrator,transparent
es,administrar,en,administer,transparent
es,administrativamente,en,administratively,transparent
es,administrativo,en,administrative,transparent
es,admirable,en,admirable,transparent
es,admirablemente,en,admirably,transparent
es,admiración,en,admiration,transparent
es,admirador,en,admirer,transparent
es,admirar,en,admire,transparent
es,admisible,en,admissible,transparent
es,admisión,en,admission,transparent
es,admitir,en,admit,transparent
es,adobe,en,adobe,transparent
es,adolescencia,en,adolescence,transparent
es,adolescente,en,adolescent,transparent
es,adonis,en,adonis,transparent
es,adopción,en,adoption,transparent
es,adoptar,en,adopt,transparent
es,adoptivo,en,adoptive,transparent
es,adorable,en,adorable,transparent
es,adoración,en,adoration,transparent
es,adorar,en,adore,transparent
es,adornar,en,adorn,transparent
es,adquirir,en,acquire,transparent
es,adquisición,en,acquisition,transparent
es,adrenal,en,adrenal,transparent
es,adrenalina,en,adrenaline,transparent
es,adriático,en,adriatic,transparent
es,adulación,en,adulation,transparent
es,adulterio,en,adultery,transparent
es,adultez,en,adulthood,transparent
es,adulto,en,adult,altered
es,adventista,en,adventist,transparent
es,adverbio,en,adverb,transparent
es,adversario,en,adversary,transparent
es,adversidad,en,adversity,transparent
es,adverso,en,adverse,transparent
es,adviento,en,advent,transparent
es,adyacente,en,adjacent,transparent
es,adyuvante,en,adjuvant,altered
es,adúltero,en,adulterer,altered
es,aerodinámica,en,aerodynamics,transparent
es,aerodinámico,en,aerodynamic,transparent
es,aeronáutica,en,aeronautics,transparent
es,aeronáutico,en,aeronautical,transparent
es,aeroplano,en,aeroplane,transparent
es,aerosol,en,aerosol,transparent
es,aeróbico,en,aerobic,transparent
es,aeródromo,en,aerodrome,transparent
es,afasia,en,aphasia,altered
es,afectar,en,affect,transparent
es,afectivo,en,affective,transparent
es,afectuosamente,en,affectionately,transparent
es,afectuoso,en,affectionate,altered
es,afeminado,en,effeminate,altered
es,afgano,en,afghan,transparent
es,aficionado,en,aficionados,transparent
es,afijo,en,affix,transparent
es,afiliación,en,affiliation,transparent
es,afiliar,en,affiliate,altered
es,afinidad,en,affinity,transparent
es,afirmación,en,affirmation,transparent
es,afirmar,en,affirm,transparent
es,afirmativo,en,affirmative,transparent
es,aflicción,en,affliction,transparent
es,afligir,en,afflict,transparent
es,afluente,en,affluent,transparent
es,afortunadamente,en,fortunately,altered
es,afortunado,en,fortunate,altered
es,afrenta,en,affront,altered
es,africa,en,africa,transparent
es,africano,en,african,transparent
es,afrodisíaco,en,aphrodisiac,altered
es,aga,en,aga,transparent
es,agar,en,agar,transparent
es,agave,en,agave,transparent
es,agencia,en,agency,transparent
es,agenda,en,agendum,transparent
es,agente,en,agent,transparent
es,agilidad,en,agility,transparent
es,agitación,en,agitation,transparent
es,agitador,en,agitator,transparent
es,agitar,en,agitate,altered
es,aglomeración,en,agglomeration,transparent
es,agnóstico,en,agnostic,transparent
es,agonista,en,agonist,transparent
es,agonizar,en,agonize,transparent
es,agonía,en,agony,altered
es,agosto,en,august,transparent
es,agradable,en,agreeable,altered
es,agrario,en,agrarian,transparent
es,agravación,en,aggravation,transparent
es,agravar,en,aggravate,altered
es,agregación,en,aggregation,transparent
es,agregado,en,aggregate,transparent
es,agregador,en,aggregator,transparent
es,agresivo,en,aggressive,transparent
es,agresión,en,aggression,transparent
es,agresor,en,aggressor,transparent
es,agricultura,en,agriculture,transparent
es,agro,en,agro,transparent
es,agrupación,en,grouping,transparent
es,agrícola,en,agricultural,transparent
es,agua,en,aqua,transparent
es,agustín,en,augustin,altered
es,aha,en,aha,transparent
es,ahoy,en,ahoy,transparent
es,aikido,en,aikido,transparent
es,aire,en,air,transparent
es,aislacionista,en,isolationist,altered
es,aislación,en,isolation,transparent
es,aislamiento,en,insulation,altered
es,aislar,en,isolate,transparent
es,ajustable,en,adjustable,transparent
es,ajustar,en,adjust,transparent
es,ajuste,en,adjustment,altered
es,alameda,en,alameda,transparent
es,alarma,en,alarm,transparent
es,alarmista,en,alarmist,transparent
es,alba,en,alba,transparent
es,albania,en,albania,transparent
es,albanés,en,albanian,altered
es,albedo,en,albedo,transparent
es,albino,en,albino,transparent
es,alcalino,en,alkaline,transparent
es,alcaloide,en,alkaloid,altered
es,alcaparra,en,caper,altered
es,alce,en,elk,altered
es,alcoba,en,alcove,altered
es,alcohol,en,alcohol,transparent
es,alcoholismo,en,alcoholism,transparent
es,alcohólico,en,alcoholic,transparent
es,aldehído,en,aldehyde,altered
es,alegación,en,allegation,transparent
es,alegar,en,allege,transparent
es,alegoría,en,allegory,transparent
es,alegórico,en,allegorical,transparent
es,alelo,en,allele,transparent
es,aleluya,en,hallelujah,altered
es,alemania,en,germany,altered
es,alemán,en,german,altered
es,alergia,en,allergy,transparent
es,alerta,en,alert,transparent
es,alfa,en,alpha,transparent
es,alfabeto,en,alphabet,transparent
es,alfabético,en,alphabetical,transparent
es,alfalfa,en,alfalfa,transparent
es,alfredo,en,alfredo,transparent
es,alga,en,alga,transparent
es,algebraico,en,algebraic,transparent
es,algodón,en,cotton,altered
es,algoritmo,en,algorithm,transparent
es,algorítmico,en,algorithmic,transparent
es,alianza,en,alliance,transparent
es,alias,en,alias,transparent
es,alibi,en,alibi,transparent
es,alienación,en,alienation,transparent
es,alienar,en,alienate,transparent
es,alienígena,en,alien,transparent
es,alineación,en,alignment,transparent
es,alistar,en,enlist,transparent
es,aliviar,en,alleviate,transparent
es,alivio,en,alleviation,altered
es,allegro,en,allegro,transparent
es,alma,en,alma,transparent
es,almanaque,en,almanac,altered
es,almirante,en,admiral,transparent
es,alo,en,allo,transparent
es,aloe,en,aloe,transparent
es,alopecia,en,alopecia,transparent
es,alpaca,en,alpaca,transparent
es,alpes,en,alps,transparent
es,alpino,en,alpine,transparent
es,alquimia,en,alchemy,altered
es,alquimista,en,alchemist,altered
es,altar,en,altar,transparent
es,alteración,en,alteration,transparent
es,alterar,en,alter,transparent
es,alternación,en,alternation,transparent
es,alternador,en,alternator,transparent
es,alternar,en,alternate,transparent
es,alternativa,en,alternative,transparent
es,alternativamente,en,alternately,transparent
es,altitud,en,altitude,transparent
es,alto,en,alto,transparent
es,altruismo,en,altruism,transparent
es,alucinación,en,hallucination,transparent
es,alucinar,en,hallucinate,transparent
es,alucinógeno,en,hallucinogenic,altered
es,aludir,en,allude,transparent
es,alumbre,en,alum,altered
es,aluminio,en,aluminum,transparent
es,alumno,en,alumnus,transparent
es,alusión,en,allusion,transparent
es,aluvial,en,alluvial,transparent
es,alveolar,en,alveolar,transparent
es,alérgico,en,allergic,transparent
es,alúmina,en,alumina,transparent
es,amable,en,amiable,altered
es,amalgama,en,amalgam,transparent
es,amalgamación,en,amalgamation,transparent
es,amalgamar,en,amalgamate,transparent
es,amatista,en,amethyst,altered
es,amazónico,en,amazonian,transparent
es,ambicioso,en,ambitious,transparent
es,ambición,en,ambition,transparent
es,ambiental,en,environmental,altered
es,ambientalismo,en,environmentalism,transparent
es,ambientalista,en,environmentalist,altered
es,ambiente,en,ambient,transparent
es,ambiguo,en,ambiguous,transparent
es,ambigüedad,en,ambiguity,altered
es,ambivalencia,en,ambivalence,transparent
es,ambrosia,en,ambrosia,transparent
es,ambulancia,en,ambulance,transparent
es,ambulatorio,en,ambulatory,transparent
es,ameba,en,amoeba,altered
es,amenaza,en,menace,altered
es,amenidad,en,amenity,transparent
es,americano,en,american,transparent
es,amigable,en,amicable,transparent
es,amigo,en,amigo,transparent
es,amiloide,en,amyloid,altered
es,amino,en,amino,transparent
es,amnesia,en,amnesia,transparent
es,amnistía,en,amnesty,transparent
es,amniótico,en,amniotic,transparent
es,amonestar,en,admonish,altered
es,amonio,en,ammonium,altered
es,amoníaco,en,ammonia,altered
es,amor,en,amour,altered
es,amoral,en,amoral,transparent
es,amoroso,en,amorous,transparent
es,amortización,en,amortization,transparent
es,amplificación,en,amplification,transparent
es,amplificador,en,amplifier,transparent
es,amplificar,en,amplify,transparent
es,amplio,en,ample,altered
es,amplitud,en,amplitude,transparent
es,amputación,en,amputation,transparent
es,amputar,en,amputate,transparent
es,amuleto,en,amulet,transparent
es,amén,en,amen,transparent
es,amígdala,en,amygdala,altered
es,anabólico,en,anabolic,transparent
es,anaconda,en,anaconda,transparent
es,anacronismo,en,anachronism,transparent
es,anacrónico,en,anachronistic,altered
es,anaeróbico,en,anaerobic,transparent
es,anagrama,en,anagram,transparent
es,anal,en,anal,transparent
es,analgésico,en,analgesic,transparent
es,analista,en,analyst,transparent
es,analizador,en,analyzer,transparent
es,analizar,en,analyze,transparent
es,analogía,en,analogy,transparent
es,analítica,en,analytics,transparent
es,analítico,en,analytic,transparent
es,anarquismo,en,anarchism,altered
es,anarquista,en,anarchist,transparent
es,anarquía,en,anarchy,transparent
es,anatema,en,anathema,transparent
es,anatomía,en,anatomy,transparent
es,anatómicamente,en,anatomically,transparent
es,anatómico,en,anatomical,transparent
es,ancestral,en,ancestral,transparent
es,ancestro,en,ancestor,transparent
es,ancla,en,anchor,transparent
es,anclaje,en,anchorage,altered
es,andino,en,andean,altered
es,androide,en,android,transparent
es,andrómeda,en,andromeda,transparent
es,anecdótico,en,anecdotal,transparent
es,anemia,en,anemia,transparent
es,anestesia,en,anesthesia,transparent
es,anestesiólogo,en,anesthesiologist,transparent
es,anestésico,en,anesthetic,transparent
es,aneurisma,en,aneurysm,transparent
es,anexión,en,annexation,altered
es,anexo,en,annexe,altered
es,anfetamina,en,amphetamine,altered
es,anfibio,en,amphibian,altered
es,anfiteatro,en,amphitheatre,altered
es,angina,en,angina,transparent
es,anglicano,en,anglican,transparent
es,angora,en,angora,transparent
es,angular,en,angular,transparent
es,angustia,en,anguish,altered
es,angélica,en,angelica,transparent
es,angélico,en,angelic,transparent
es,animación,en,animation,transparent
es,animador,en,animator,transparent
es,animal,en,animal,transparent
es,animar,en,animate,transparent
es,animosidad,en,animosity,transparent
es,aniquilación,en,annihilation,transparent
es,aniquilar,en,annihilate,transparent
es,aniversario,en,anniversary,transparent
es,anión,en,anion,altered
es,ano,en,anus,transparent
es,anomalía,en,anomaly,transparent
es,anonimato,en,anonymity,altered
es,anorexia,en,anorexia,transparent
es,anormal,en,abnormal,transparent
es,anormalidad,en,abnormality,transparent
es,anotación,en,annotation,transparent
es,anotar,en,annotate,transparent
es,ansiedad,en,anxiety,transparent
es,antagonismo,en,antagonism,transparent
es,antagonista,en,antagonist,transparent
es,antagonizar,en,antagonize,transparent
es,ante,en,ante,transparent
es,antecedente,en,antecedent,transparent
es,antena,en,antenna,transparent
es,anterior,en,anterior,transparent
es,anti,en,anti,transparent
es,antibacterial,en,antibacterial,transparent
es,antibiótico,en,antibiotic,transparent
es,anticipación,en,anticipation,transparent
es,anticipar,en,anticipate,transparent
es,anticoagulante,en,anticoagulant,transparent
es,anticonceptivo,en,contraceptive,altered
es,anticuario,en,antiquary,transparent
es,anticuerpo,en,antibody,transparent
es,antidepresivo,en,antidepressant,altered
es,antiguo,en,antique,altered
es,antihistamínico,en,antihistamine,altered
es,antimateria,en,antimatter,transparent
es,antioxidante,en,antioxidant,transparent
es,antipatía,en,antipathy,transparent
es,antirretroviral,en,antiretroviral,altered
es,antisemitismo,en,antisemitism,transparent
es,antisocial,en,antisocial,transparent
es,antiséptico,en,antiseptic,altered
es,antiviral,en,antiviral,transparent
es,antivirus,en,antivirus,transparent
es,antiético,en,unethical,altered
es,antología,en,anthology,altered
es,antropología,en,anthropology,transparent
es,antropológico,en,anthropological,transparent
es,antropomórfico,en,anthropomorphic,altered
es,antropólogo,en,anthropologist,transparent
es,antártico,en,antarctic,transparent
es,antártida,en,antarctica,altered
es,antídoto,en,antidote,transparent
es,antígeno,en,antigen,transparent
es,antílope,en,antelope,altered
es,antítesis,en,antithesis,transparent
es,anual,en,annual,transparent
es,anualidad,en,annuity,transparent
es,anualmente,en,annually,transparent
es,anulación,en,annulment,altered
es,anular,en,annul,altered
es,anunciador,en,announcer,transparent
es,anunciar,en,announce,transparent
es,anuncio,en,announcement,altered
es,análisis,en,analysis,transparent
es,análogo,en,analog,transparent
es,anécdota,en,anecdote,transparent
es,anémico,en,anemic,transparent
es,anémona,en,anemone,altered
es,anómalo,en,anomalous,transparent
es,anónimo,en,anonymous,transparent
es,aorta,en,aorta,transparent
es,apabullar,en,appall,altered
es,apache,en,apache,transparent
es,apalache,en,appalachian,transparent
es,aparato,en,apparatus,transparent
es,aparecer,en,appear,transparent
es,aparejo,en,apparel,altered
es,aparente,en,apparent,transparent
es,aparentemente,en,apparently,transparent
es,aparición,en,apparition,transparent
es,apariencia,en,appearance,transparent
es,apartamento,en,apartment,transparent
es,apasionadamente,en,passionately,transparent
es,apasionar,en,passionate,altered
es,apatía,en,apathy,transparent
es,apelación,en,appellation,transparent
es,apelante,en,appellant,transparent
es,apelar,en,appeal,transparent
es,apendicitis,en,appendicitis,transparent
es,apertura,en,aperture,transparent
es,apetito,en,appetite,transparent
es,apical,en,apical,transparent
es,aplaudir,en,applaud,transparent
es,aplauso,en,applause,transparent
es,aplicabilidad,en,applicability,transparent
es,aplicable,en,applicable,transparent
es,aplicación,en,application,transparent
es,aplicador,en,applicator,transparent
es,aplicar,en,apply,altered
es,apnea,en,apnea,transparent
es,apocalipsis,en,apocalypse,altered
es,apocalíptico,en,apocalyptic,transparent
es,apolo,en,apollo,transparent
es,apologista,en,apologist,transparent
es,apologético,en,apologetic,transparent
es,apología,en,apology,transparent
es,apolítico,en,apolitical,transparent
es,apoptosis,en,apoptosis,transparent
es,apostasía,en,apostasy,transparent
es,apostólico,en,apostolic,transparent
es,app,en,app,transparent
es,apreciable,en,appreciable,transparent
es,apreciación,en,appreciation,transparent
es,apreciar,en,appreciate,transparent
es,aprehender,en,apprehend,transparent
es,aprehensión,en,apprehension,transparent
es,aprendiz,en,apprentice,altered
es,aprensivo,en,apprehensive,transparent
es,aprisionar,en,imprison,altered
es,aprobación,en,approval,altered
es,aprobar,en,approve,transparent
es,apropiación,en,appropriation,transparent
es,apropiadamente,en,appropriately,transparent
es,apropiar,en,appropriate,transparent
es,aproximación,en,approximation,transparent
es,aproximadamente,en,approximately,transparent
es,aptitud,en,aptitude,transparent
es,apéndice,en,appendix,transparent
es,apóstata,en,apostate,transparent
es,apóstol,en,apostle,transparent
es,apóstrofo,en,apostrophe,transparent
es,arable,en,arable,transparent
es,arbitrariamente,en,arbitrarily,transparent
es,arbitrario,en,arbitrary,transparent
es,arboretum,en,arboretum,transparent
es,arca,en,ark,transparent
es,arcada,en,arcade,transparent
es,arcadia,en,arcadia,transparent
es,arcaico,en,archaic,transparent
es,arcano,en,arcane,altered
es,archidiócesis,en,archdiocese,transparent
es,archipiélago,en,archipelago,altered
es,archivero,en,archivist,altered
es,archivo,en,archive,transparent
es,arco,en,arc,transparent
es,arcángel,en,archangel,transparent
es,ardiente,en,ardent,transparent
es,arduo,en,arduous,transparent
es,argelino,en,algerian,altered
es,argentino,en,argentine,transparent
es,arginina,en,arginine,transparent
es,argumentación,en,argumentation,transparent
es,argumentativo,en,argumentative,transparent
es,argumento,en,argument,transparent
es,argón,en,argon,transparent
es,aria,en,aria,transparent
es,aristocracia,en,aristocracy,transparent
es,aristocrático,en,aristocratic,transparent
es,aristotélico,en,aristotelian,transparent
es,aristócrata,en,aristocrat,transparent
es,aritmética,en,arithmetic,transparent
es,arlequín,en,harlequin,altered
es,armada,en,army,altered
es,armadillo,en,armadillo,transparent
es,armadura,en,armor,altered
es,armamento,en,armament,transparent
es,armar,en,armoured,transparent
es,armenio,en,armenia,transparent
es,armería,en,armory,altered
es,armisticio,en,armistice,transparent
es,armonioso,en,harmonious,transparent
es,armonizar,en,harmonize,altered
es,armonía,en,harmony,transparent
es,armónica,en,harmonica,altered
es,armónico,en,harmonic,transparent
es,aroma,en,aroma,transparent
es,aromático,en,aromatic,transparent
es,arpón,en,harpoon,altered
es,arqueología,en,archaeology,altered
es,arqueológico,en,archaeological,transparent
es,arquero,en,archer,altered
es,arquetipo,en,archetype,altered
es,arquetípico,en,archetypal,altered
es,arqueólogo,en,archaeologist,transparent
es,arquitecto,en,architect,altered
es,arquitectura,en,architecture,transparent
es,arquitectónico,en,architectural,transparent
es,arrepentimiento,en,repentance,altered
es,arrepentir,en,repent,altered
es,arresto,en,arrest,transparent
es,arriano,en,arian,altered
es,arritmia,en,arrhythmia,altered
es,arrogancia,en,arrogance,transparent
es,arrogante,en,arrogant,transparent
es,arroyo,en,arroyo,transparent
es,arsenal,en,arsenal,transparent
es,arsénico,en,arsenic,transparent
es,arte,en,art,transparent
es,artefacto,en,artifact,transparent
es,arteria,en,artery,transparent
es,arterial,en,arterial,transparent
es,artesano,en,artisan,altered
es,articulación,en,articulation,transparent
es,articular,en,articulate,transparent
es,artificial,en,artificial,transparent
es,artificio,en,artifice,transparent
es,artillería,en,artillery,transparent
es,artista,en,artist,transparent
es,artritis,en,arthritis,transparent
es,artículo,en,article,transparent
es,artístico,en,artistic,transparent
es,arzobispo,en,archbishop,altered
es,asalto,en,assault,transparent
es,asamblea,en,assembly,altered
es,asbesto,en,asbestos,altered
es,ascendencia,en,ascendancy,transparent
es,ascender,en,ascend,transparent
es,ascensión,en,ascension,transparent
es,ascenso,en,ascent,altered
es,ascético,en,ascetic,transparent
es,asegurar,en,assure,transparent
es,asentimiento,en,assent,altered
es,asertivo,en,assertive,transparent
es,asesinar,en,assassinate,transparent
es,asesinato,en,assassination,transparent
es,asesino,en,assassin,altered
es,asesor,en,assess,altered
es,aseverar,en,assert,altered
es,asexual,en,asexual,transparent
es,asfalto,en,asphalt,transparent
es,asfixia,en,asphyxiation,altered
es,ashram,en,ashram,transparent
es,asia,en,asia,transparent
es,asignación,en,assignment,altered
es,asignar,en,assign,transparent
es,asilo,en,asylum,transparent
es,asimilación,en,assimilation,transparent
es,asimilar,en,assimilate,transparent
es,asimétrico,en,asymmetric,altered
es,asintomático,en,asymptomatic,altered
es,asistencia,en,assistance,transparent
es,asistente,en,assistant,transparent
es,asistir,en,assist,transparent
es,asiático,en,asian,transparent
es,asma,en,asthma,altered
es,asmático,en,asthmatic,transparent
es,asociación,en,association,transparent
es,asociado,en,associate,transparent
es,asociativo,en,associative,transparent
es,aspecto,en,aspect,transparent
es,aspiracional,en,aspirational,transparent
es,aspiración,en,aspiration,transparent
es,aspirante,en,aspirant,transparent
es,aspirar,en,aspire,transparent
es,aspirina,en,aspirin,transparent
es,aster,en,aster,transparent
es,asterisco,en,asterisk,transparent
es,asteroide,en,asteroid,transparent
es,astral,en,astral,transparent
es,astro,en,astro,transparent
es,astrofísica,en,astrophysics,altered
es,astrofísico,en,astrophysical,transparent
es,astrología,en,astrology,transparent
es,astrológico,en,astrological,transparent
es,astronauta,en,astronaut,transparent
es,astronomía,en,astronomy,transparent
es,astronómico,en,astronomical,transparent
es,astrólogo,en,astrologer,altered
es,astrónomo,en,astronomer,transparent
es,astuto,en,astute,transparent
es,asumir,en,assume,transparent
es,asunción,en,assumption,transparent
es,atacante,en,attacker,transparent
es,ataque,en,attack,transparent
es,atelier,en,atelier,transparent
es,atención,en,attention,transparent
es,atentar,en,attempt,altered
es,atento,en,attentive,altered
es,atenuación,en,attenuation,transparent
es,atenuar,en,attenuate,transparent
es,ateo,en,atheist,transparent
es,aterrar,en,terrify,transparent
es,aterrorizar,en,terrorize,transparent
es,atestar,en,attest,transparent
es,ateísmo,en,atheism,transparent
es,atlas,en,atlas,transparent
es,atleta,en,athlete,transparent
es,atletismo,en,athletics,altered
es,atlántico,en,atlantic,transparent
es,atlántida,en,atlantis,altered
es,atmosférico,en,atmospheric,transparent
es,atmósfera,en,atmosphere,transparent
es,atolón,en,atoll,transparent
es,atracción,en,attraction,transparent
es,atractivo,en,attractive,transparent
es,atraer,en,attract,altered
es,atrial,en,atrial,transparent
es,atribución,en,attribution,transparent
es,atribuible,en,attributable,transparent
es,atributo,en,attribute,transparent
es,atrio,en,atrium,altered
es,atrocidad,en,atrocity,transparent
es,atrofia,en,atrophy,transparent
es,atroz,en,atrocious,altered
es,atípico,en,atypical,transparent
es,atómico,en,atomic,transparent
es,atún,en,tuna,altered
es,audacia,en,audacity,transparent
es,audible,en,audible,transparent
es,audición,en,audition,transparent
es,audiencia,en,audience,transparent
es,audio,en,audio,transparent
es,audiovisual,en,audiovisual,transparent
es,auditivo,en,auditory,transparent
es,auditor,en,auditor,transparent
es,auditorio,en,auditorium,transparent
es,auditoría,en,audit,altered
es,augur,en,augur,transparent
es,augusto,en,augustus,transparent
es,aumentar,en,augment,altered
es,aura,en,aura,transparent
es,auricular,en,aural,altered
es,aurora,en,aurora,transparent
es,ausencia,en,absence,altered
es,ausente,en,absent,transparent
es,auspicio,en,auspice,transparent
es,auspicioso,en,auspicious,transparent
es,aussie,en,aussie,transparent
es,austeridad,en,austerity,transparent
es,austero,en,austere,transparent
es,australiano,en,australian,transparent
es,austria,en,austria,transparent
es,austriaco,en,austrian,transparent
es,autenticación,en,authentication,transparent
es,autenticar,en,authenticate,transparent
es,autenticidad,en,authenticity,transparent
es,autismo,en,autism,transparent
es,autista,en,autistic,altered
es,auto,en,auto,transparent
es,autobiografía,en,autobiography,transparent
es,autobiográfico,en,autobiographical,transparent
es,autocorrección,en,autocorrect,transparent
es,autocracia,en,autocracy,transparent
es,autocrático,en,autocratic,transparent
es,autoinmune,en,autoimmune,transparent
es,automatización,en,automation,transparent
es,automatizar,en,automate,altered
es,automotriz,en,automotive,transparent
es,automáticamente,en,automatically,transparent
es,automático,en,automatic,transparent
es,automóvil,en,automobile,transparent
es,autonomía,en,autonomy,transparent
es,autopsia,en,autopsy,transparent
es,autor,en,author,transparent
es,autoridad,en,authority,transparent
es,autoritario,en,authoritarian,transparent
es,autoritarismo,en,authoritarianism,transparent
es,autorización,en,authorization,transparent
es,autorizar,en,authorize,transparent
es,autoría,en,authorship,altered
es,auténticamente,en,authentically,transparent
es,auténtico,en,authentic,transparent
es,autócrata,en,autocrat,transparent
es,autógrafo,en,autograph,altered
es,autómata,en,automaton,transparent
es,autónomamente,en,autonomously,transparent
es,autónomo,en,autonomous,transparent
es,auxiliar,en,auxiliary,transparent
es,avance,en,advance,transparent
es,avatar,en,avatar,transparent
es,avenida,en,avenue,transparent
es,aventura,en,adventure,transparent
es,aventurero,en,adventurer,transparent
es,aversión,en,aversion,transparent
es,aviación,en,aviation,transparent
es,aviador,en,aviator,transparent
es,avisar,en,advise,altered
es,aviso,en,advice,altered
es,aviónica,en,avionics,transparent
es,axial,en,axial,transparent
es,axioma,en,axiom,transparent
es,ayatolá,en,ayatollah,transparent
es,ayudante,en,adjutant,altered
es,azafrán,en,saffron,altered
es,azalea,en,azalea,transparent
es,azar,en,hazard,altered
es,azaroso,en,hazardous,altered
es,azucarar,en,sugary,altered
es,azufre,en,sulphur,altered
es,azur,en,azure,altered
es,azúcar,en,sugar,altered
es,aéreo,en,aerial,transparent
es,aórtico,en,aortic,transparent
es,babel,en,babel,transparent
es,babysitter,en,babysitter,transparent
es,bachiller,en,bachelor,transparent
es,bacilo,en,bacillus,transparent
es,bacteriano,en,bacterial,transparent
es,bacín,en,basin,transparent
es,bacón,en,bacon,transparent
es,bagaje,en,baggage,altered
es,bahamas,en,bahamas,transparent
es,bailarín,en,ballerina,transparent
es,bajón,en,bassoon,altered
es,balada,en,ballad,transparent
es,balance,en,balance,transparent
es,balcánico,en,balkan,altered
es,balcón,en,balcony,transparent
es,balinés,en,balinese,transparent
es,ballet,en,ballet,transparent
es,baluarte,en,bulwark,altered
es,balística,en,ballistics,transparent
es,balístico,en,ballistic,transparent
es,balón,en,balloon,altered
es,bambú,en,bamboo,transparent
es,banal,en,banal,transparent
es,banana,en,banana,transparent
es,banca,en,banking,transparent
es,bandana,en,bandana,transparent
es,bandera,en,banner,altered
es,bandido,en,bandit,altered
es,bang,en,bang,transparent
es,banquero,en,banker,altered
es,banquete,en,banquet,altered
es,bar,en,bar,transparent
es,barbacana,en,barbican,altered
es,barbacoa,en,barbecue,transparent
es,barbarismo,en,barbarism,transparent
es,barbero,en,barber,altered
es,bario,en,barium,altered
es,barista,en,barista,transparent
es,barman,en,barman,transparent
es,barniz,en,varnish,altered
es,baronesa,en,baroness,transparent
es,barraca,en,barracks,altered
es,barracuda,en,barracuda,transparent
es,barrera,en,barrier,transparent
es,barricada,en,barricade,transparent
es,barrio,en,barrio,transparent
es,barroco,en,baroque,altered
es,barítono,en,baritone,transparent
es,barómetro,en,barometer,transparent
es,barón,en,baron,transparent
es,basal,en,basal,transparent
es,basalto,en,basalt,transparent
es,basamento,en,basement,transparent
es,base,en,base,transparent
es,bastardo,en,bastard,transparent
es,bastión,en,bastion,transparent
es,basílica,en,basilica,transparent
es,batalla,en,battle,transparent
es,batallón,en,battalion,altered
es,batería,en,battery,altered
es,bauhaus,en,bauhaus,transparent
es,bautismal,en,baptismal,altered
es,bautismo,en,baptism,transparent
es,bautista,en,baptist,altered
es,bautizar,en,baptize,altered
es,bauxita,en,bauxite,altered
es,baviera,en,bavaria,altered
es,bayoneta,en,bayonet,transparent
es,bazar,en,bazaar,transparent
es,bazuca,en,bazooka,altered
es,beagle,en,beagle,transparent
es,bebé,en,baby,altered
es,beduino,en,bedouin,transparent
es,beige,en,beige,transparent
es,belga,en,belgian,transparent
es,beligerante,en,belligerent,transparent
es,bello,en,belle,transparent
es,beluga,en,beluga,transparent
es,benceno,en,benzene,altered
es,benedictino,en,benedictine,transparent
es,beneficiario,en,beneficiary,transparent
es,beneficio,en,benefit,transparent
es,beneficioso,en,beneficial,transparent
es,benevolencia,en,benevolence,transparent
es,benevolente,en,benevolent,transparent
es,bengala,en,bengal,transparent
es,bento,en,bento,transparent
es,benzodiazepina,en,benzodiazepine,transparent
es,bereber,en,berber,altered
es,beretta,en,beretta,transparent
es,berilio,en,beryllium,altered
es,berilo,en,beryl,altered
es,bermudas,en,bermuda,transparent
es,bestseller,en,bestseller,transparent
es,beta,en,beta,transparent
es,bey,en,bey,transparent
es,biatlón,en,biathlon,transparent
es,biblia,en,bible,transparent
es,bibliografía,en,bibliography,transparent
es,bibliográfico,en,bibliographic,transparent
es,bicarbonato,en,bicarbonate,altered
es,bicicleta,en,bicycle,transparent
es,bielorruso,en,belarusian,altered
es,bienal,en,biennial,altered
es,bikini,en,bikini,transparent
es,bilateral,en,bilateral,transparent
es,bilingüe,en,bilingual,transparent
es,bilingüismo,en,bilingualism,transparent
es,bilis,en,bile,transparent
es,billar,en,billiard,altered
es,binario,en,binary,transparent
es,binge,en,binge,transparent
es,bingo,en,bingo,transparent
es,binocular,en,binoculars,transparent
es,binomio,en,binomial,altered
es,bio,en,bio,transparent
es,biodegradable,en,biodegradable,transparent
es,biodiversidad,en,biodiversity,transparent
es,biodiésel,en,biodiesel,transparent
es,biografía,en,biography,transparent
es,biográfico,en,biographical,transparent
es,bioinformática,en,bioinformatics,transparent
es,biología,en,biology,transparent
es,biológico,en,biological,transparent
es,bioma,en,biome,altered
es,biomasa,en,biomass,transparent
es,biometría,en,biometrics,altered
es,biomédico,en,biomedical,transparent
es,biométrico,en,biometric,transparent
es,biopsia,en,biopsy,transparent
es,bioquímica,en,biochemistry,transparent
es,bioquímico,en,biochemical,transparent
es,biosfera,en,biosphere,altered
es,biosíntesis,en,biosynthesis,transparent
es,biotecnología,en,biotechnology,transparent
es,bioética,en,bioethics,transparent
es,bip,en,beep,transparent
es,bipartidista,en,bipartisan,transparent
es,bipolar,en,bipolar,transparent
es,birmania,en,burma,altered
es,bisexual,en,bisexual,transparent
es,bistró,en,bistro,transparent
es,bizantino,en,byzantine,transparent
es,biógrafo,en,biographer,transparent
es,biólogo,en,biologist,transparent
es,biónico,en,bionic,transparent
es,blanquear,en,blanch,altered
es,blasfemia,en,blasphemy,altered
es,blazer,en,blazer,transparent
es,blender,en,blender,transparent
es,blitz,en,blitz,transparent
es,blockbuster,en,blockbuster,transparent
es,blog,en,blog,transparent
es,blogger,en,blogger,transparent
es,bloque,en,bloc,altered
es,bloqueo,en,blockade,altered
es,blues,en,blues,transparent
es,boa,en,boa,transparent
es,bobo,en,booby,altered
es,boca,en,boca,transparent
es,bohemio,en,bohemian,altered
es,bola,en,bola,transparent
es,bolchevique,en,bolshevik,transparent
es,boletín,en,bulletin,transparent
es,bolivia,en,bolivia,transparent
es,bolo,en,bolus,altered
es,bolonia,en,bologna,altered
es,boloñés,en,bolognese,transparent
es,bomba,en,bomb,transparent
es,bombardeo,en,bombardment,altered
es,bombardero,en,bomber,transparent
es,bonanza,en,bonanza,transparent
es,bonete,en,bonnet,transparent
es,bonito,en,bonita,transparent
es,bono,en,bond,transparent
es,bonobo,en,bonobo,transparent
es,bonsái,en,bonsai,transparent
es,boogie,en,boogie,transparent
es,booker,en,booker,transparent
es,boom,en,boom,transparent
es,booster,en,booster,transparent
es,borbón,en,bourbon,transparent
es,borde,en,border,altered
es,boreal,en,boreal,transparent
es,boro,en,boron,altered
es,bosnio,en,bosnia,transparent
es,bosón,en,boson,transparent
es,botánica,en,botany,transparent
es,botánico,en,botanical,altered
es,bound,en,bound,transparent
es,boutique,en,boutique,transparent
es,bovino,en,bovine,transparent
es,boxeador,en,boxer,altered
es,boya,en,buoy,altered
es,boyante,en,buoyant,transparent
es,brahmán,en,brahman,transparent
es,brand,en,brand,transparent
es,brandy,en,brandy,transparent
es,brasero,en,brazier,altered
es,bravo,en,brave,transparent
es,brazalete,en,bracelet,transparent
es,brecha,en,breech,altered
es,brema,en,bream,altered
es,breve,en,brief,altered
es,brevedad,en,brevity,altered
es,brexit,en,brexit,transparent
es,brida,en,bridle,altered
es,brie,en,brie,transparent
es,brigada,en,brigade,transparent
es,brigadier,en,brigadier,transparent
es,brillante,en,brilliant,transparent
es,brillantemente,en,brilliantly,transparent
es,brillantez,en,brilliance,altered
es,britania,en,britannia,transparent
es,británico,en,british,altered
es,broadway,en,broadway,transparent
es,brocado,en,brocade,altered
es,bromuro,en,bromide,altered
es,bronce,en,bronze,transparent
es,bronco,en,bronco,transparent
es,bronquitis,en,bronchitis,transparent
es,brunch,en,brunch,transparent
es,brutal,en,brutal,transparent
es,brutalidad,en,brutality,transparent
es,brutalmente,en,brutally,transparent
es,bruto,en,brute,transparent
es,bráctea,en,bract,altered
es,brócoli,en,broccoli,transparent
es,bubónico,en,bubonic,transparent
es,buda,en,buddha,altered
es,budismo,en,buddhism,transparent
es,budista,en,buddhist,transparent
es,bufón,en,buffoon,transparent
es,building,en,building,transparent
es,buitre,en,vulture,altered
es,bulbo,en,bulb,transparent
es,bulevar,en,boulevard,altered
es,bulimia,en,bulimia,transparent
es,bulldozer,en,bulldozer,transparent
es,bumerán,en,boomerang,altered
es,bungee,en,bungee,transparent
es,buqué,en,bouquet,transparent
es,burguesía,en,bourgeoisie,altered
es,burgués,en,bourgeois,altered
es,burka,en,burka,transparent
es,burlesco,en,burlesque,transparent
es,burocracia,en,bureaucracy,transparent
es,burocrático,en,bureaucratic,transparent
es,burrito,en,burrito,transparent
es,burócrata,en,bureaucrat,transparent
es,bus,en,bus,transparent
es,butano,en,butane,transparent
es,byron,en,byron,transparent
es,byte,en,byte,transparent
es,bádminton,en,badminton,transparent
es,bálsamo,en,balsam,transparent
es,báltico,en,baltic,transparent
es,bárbaro,en,barbara,transparent
es,básicamente,en,basically,transparent
es,básico,en,basic,transparent
es,bávaro,en,bavarian,transparent
es,béisbol,en,baseball,altered
es,bíblico,en,biblical,transparent
es,bíceps,en,biceps,transparent
es,bótox,en,botox,transparent
es,búfalo,en,buffalo,transparent
es,búfer,en,buffer,transparent
es,búnker,en,bunker,transparent
es,cabal,en,cabal,transparent
es,caballero,en,cavalier,altered
es,caballería,en,cavalry,altered
es,cabaret,en,cabaret,transparent
es,cable,en,cable,transparent
es,cacao,en,cacao,transparent
es,cacerola,en,casserole,transparent
es,caché,en,cache,transparent
es,cactus,en,cactus,transparent
es,caddie,en,caddie,transparent
es,cadencia,en,cadence,transparent
es,cadete,en,cadet,altered
es,cadmio,en,cadmium,transparent
es,cadáver,en,cadaver,transparent
es,cafetería,en,cafeteria,transparent
es,cafeína,en,caffeine,transparent
es,café,en,coffee,altered
es,caimán,en,cayman,transparent
es,calamidad,en,calamity,transparent
es,calcio,en,calcium,transparent
es,calcita,en,calcite,transparent
es,calculadora,en,calculator,transparent
es,calcular,en,calculate,transparent
es,caldera,en,caldera,transparent
es,caldero,en,cauldron,altered
es,caledonia,en,caledonia,transparent
es,caleidoscopio,en,kaleidoscope,altered
es,calendario,en,calendar,transparent
es,calibración,en,calibration,transparent
es,calibrar,en,calibrate,transparent
es,calibre,en,calibre,transparent
es,califa,en,calif,transparent
es,califato,en,caliphate,transparent
es,calificación,en,qualification,transparent
es,calificador,en,qualifier,altered
es,california,en,california,transparent
es,californiano,en,californian,transparent
es,calipso,en,calypso,transparent
es,callo,en,callus,altered
es,calma,en,calm,transparent
es,caloría,en,calorie,transparent
es,calvario,en,calvary,transparent
es,calvinista,en,calvinist,transparent
es,calórico,en,caloric,transparent
es,camafeo,en,cameo,altered
es,camaleón,en,chameleon,altered
es,camarada,en,comrade,transparent
es,camaradería,en,camaraderie,transparent
es,camelia,en,camellia,transparent
es,camello,en,camel,transparent
es,camerún,en,cameroon,altered
es,camino,en,camino,transparent
es,camo,en,camo,transparent
es,campaña,en,campaign,transparent
es,campeonato,en,championship,altered
es,camper,en,camper,transparent
es,campeón,en,champion,altered
es,campo,en,camp,altered
es,campus,en,campus,transparent
es,camuflaje,en,camouflage,transparent
es,canadiense,en,canadians,transparent
es,canadá,en,canada,transparent
es,canal,en,channel,altered
es,canario,en,canary,transparent
es,cancelación,en,cancellation,transparent
es,cancelar,en,cancel,transparent
es,canceroso,en,cancerous,transparent
es,canciller,en,chancellor,transparent
es,cancillería,en,chancery,altered
es,candela,en,candle,transparent
es,candidato,en,candidate,transparent
es,candidatura,en,candidacy,altered
es,candor,en,candor,transparent
es,canino,en,canine,transparent
es,cannabis,en,cannabis,transparent
es,canoa,en,canoe,transparent
es,canon,en,canon,transparent
es,canonizar,en,canonize,transparent
es,cantata,en,cantata,transparent
es,cantidad,en,quantity,transparent
es,cantina,en,canteen,transparent
es,canto,en,chant,altered
es,cantor,en,cantor,transparent
es,cantón,en,canton,transparent
es,caníbal,en,cannibal,transparent
es,canónico,en,canonical,transparent
es,caos,en,chaos,transparent
es,capa,en,cape,transparent
es,capacidad,en,capacity,transparent
es,capacitor,en,capacitor,transparent
es,capaz,en,capable,transparent
es,capellán,en,chaplain,altered
es,capilar,en,capillary,transparent
es,capilla,en,chapel,altered
es,capital,en,capital,transparent
es,capitalismo,en,capitalism,transparent
es,capitalista,en,capitalist,transparent
es,capitalización,en,capitalization,transparent
es,capitalizar,en,capitalize,transparent
es,capitanía,en,captaincy,transparent
es,capitolio,en,capitol,transparent
es,capitulación,en,capitulation,transparent
es,capitular,en,capitulate,transparent
es,capitán,en,captain,altered
es,capote,en,capote,transparent
es,capricho,en,caprice,altered
es,caprichoso,en,capricious,altered
es,captor,en,captor,transparent
es,captura,en,capture,transparent
es,capuchino,en,cappuccino,altered
es,capítulo,en,chapter,transparent
es,caqui,en,khaki,transparent
es,caracterización,en,characterization,transparent
es,caracterizar,en,characterize,transparent
es,característico,en,characteristic,transparent
es,caramelizar,en,caramelize,transparent
es,caramelo,en,caramel,transparent
es,carapacho,en,carapace,altered
es,caravana,en,caravan,transparent
es,carbohidrato,en,carbohydrate,transparent
es,carbonato,en,carbonate,transparent
es,carbonilo,en,carbonyl,transparent
es,carburador,en,carburetor,transparent
es,carburo,en,carbide,altered
es,carbón,en,carbon,transparent
es,carcinoma,en,carcinoma,transparent
es,carcinógeno,en,carcinogen,transparent
es,cardamomo,en,cardamom,altered
es,cardigan,en,cardigan,transparent
es,cardinal,en,cardinal,transparent
es,cardiología,en,cardiology,transparent
es,cardiovascular,en,cardiovascular,transparent
es,cardíaco,en,cardiac,transparent
es,cargo,en,cargo,transparent
es,caricatura,en,caricature,transparent
es,caricaturista,en,cartoonist,altered
es,caricia,en,caress,altered
es,caridad,en,charity,transparent
es,carisma,en,charisma,transparent
es,carismático,en,charismatic,altered
es,caritativo,en,charitable,altered
es,carlos,en,charles,altered
es,carmín,en,carmine,transparent
es,carnal,en,carnal,transparent
es,carnaval,en,carnival,transparent
es,carnívoro,en,carnivore,transparent
es,carpiano,en,carpal,altered
es,carpintero,en,carpenter,transparent
es,carpintería,en,carpentry,transparent
es,carro,en,chariot,altered
es,carroña,en,carrion,altered
es,carrusel,en,carousel,altered
es,carta,en,carte,transparent
es,cartel,en,cartel,transparent
es,cartesiano,en,cartesian,transparent
es,cartografía,en,cartography,transparent
es,cartucho,en,cartridge,transparent
es,cartílago,en,cartilage,transparent
es,cartón,en,cartoon,transparent
es,carácter,en,character,transparent
es,cascada,en,cascade,transparent
es,casete,en,cassette,altered
es,casino,en,casino,transparent
es,caso,en,case,transparent
es,casta,en,caste,transparent
es,castillo,en,castle,transparent
es,casto,en,chaste,altered
es,castor,en,castor,transparent
es,castración,en,castration,transparent
es,castrar,en,castrate,transparent
es,cataclismo,en,cataclysm,transparent
es,catacumba,en,catacomb,altered
es,catalizador,en,catalyst,transparent
es,catalizar,en,catalyze,transparent
es,cataluña,en,catalonia,altered
es,catalán,en,catalan,transparent
es,catalítico,en,catalytic,transparent
es,catamarán,en,catamaran,transparent
es,catapulta,en,catapult,transparent
es,catarata,en,cataract,transparent
es,catarsis,en,catharsis,transparent
es,catastrófico,en,catastrophic,transparent
es,catedral,en,cathedral,transparent
es,categorización,en,categorization,transparent
es,categorizar,en,categorize,transparent
es,categoría,en,category,transparent
es,categórico,en,categorical,altered
es,catolicismo,en,catholicism,transparent
es,catálisis,en,catalysis,transparent
es,catálogo,en,catalogue,transparent
es,catártico,en,cathartic,transparent
es,catástrofe,en,catastrophe,transparent
es,católico,en,catholic,transparent
es,caudal,en,caudal,transparent
es,causa,en,cause,transparent
es,causación,en,causation,transparent
es,causal,en,causal,transparent
es,causalidad,en,causality,transparent
es,cautela,en,caution,altered
es,cautivar,en,captivate,altered
es,cautividad,en,captivity,transparent
es,cautivo,en,captive,altered
es,cauto,en,cautious,transparent
es,caverna,en,cavern,transparent
es,caviar,en,caviar,transparent
es,cavidad,en,cavity,transparent
es,cayena,en,cayenne,altered
es,caza,en,chase,altered
es,cañón,en,cannon,altered
es,caótico,en,chaotic,transparent
es,cebra,en,zebra,altered
es,ceder,en,cede,transparent
es,cedro,en,cedar,altered
es,celebración,en,celebration,transparent
es,celebrar,en,celebrate,transparent
es,celebridad,en,celebrity,transparent
es,celeste,en,celeste,transparent
es,celestial,en,celestial,transparent
es,celibato,en,celibacy,transparent
es,celofán,en,cellophane,transparent
es,celoso,en,jealous,altered
es,celsius,en,celsius,transparent
es,celular,en,cellular,transparent
es,celulitis,en,cellulite,altered
es,celuloide,en,celluloid,transparent
es,celulosa,en,cellulose,transparent
es,celíaco,en,celiac,transparent
es,cementerio,en,cemetery,altered
es,cemento,en,cement,transparent
es,cenit,en,zenith,altered
es,censo,en,census,altered
es,censor,en,censor,transparent
es,censura,en,censure,transparent
es,centauro,en,centaur,transparent
es,centenario,en,centenary,transparent
es,centinela,en,sentinel,altered
es,central,en,central,transparent
es,centralidad,en,centrality,transparent
es,centralización,en,centralization,transparent
es,centralizar,en,centralize,transparent
es,centralmente,en,centrally,transparent
es,centrista,en,centrist,transparent
es,centro,en,centre,altered
es,centrífuga,en,centrifuge,transparent
es,centrífugo,en,centrifugal,transparent
es,centuria,en,century,altered
es,centurión,en,centurion,transparent
es,centímetro,en,centimeter,transparent
es,cereal,en,cereal,transparent
es,cerebelo,en,cerebellum,altered
es,cerebral,en,cerebral,transparent
es,ceremonia,en,ceremony,transparent
es,ceremonial,en,ceremonial,transparent
es,cereza,en,cherry,altered
es,cero,en,zero,altered
es,cerro,en,cerro,transparent
es,certeza,en,certainty,altered
es,certificación,en,certification,transparent
es,certificado,en,certificate,transparent
es,certificar,en,certify,transparent
es,cervical,en,cervical,transparent
es,cerámico,en,ceramic,transparent
es,cesación,en,cessation,transparent
es,cesárea,en,caesarean,altered
es,cetona,en,ketone,altered
es,chacal,en,jackal,altered
es,chai,en,chai,transparent
es,chakra,en,chakra,transparent
es,chalé,en,chalet,transparent
es,chambelán,en,shambles,altered
es,champán,en,champagne,altered
es,champú,en,shampoo,transparent
es,chamán,en,shaman,altered
es,chantilly,en,chantilly,transparent
es,chaqueta,en,jacket,altered
es,chardonnay,en,chardonnay,transparent
es,charlatán,en,charlatan,transparent
es,charter,en,charter,transparent
es,chasis,en,chassis,transparent
es,chauffeur,en,chauffeur,transparent
es,checklist,en,checklist,transparent
es,cheddar,en,cheddar,transparent
es,chef,en,chef,transparent
es,cheque,en,cheque,transparent
es,cherish,en,cherish,transparent
es,chevrón,en,chevron,transparent
es,chic,en,chic,transparent
es,chicano,en,chicano,transparent
es,chico,en,chico,transparent
es,chihuahua,en,chihuahua,transparent
es,chile,en,chile,transparent
es,chinchilla,en,chinchilla,transparent
es,chino,en,chinese,altered
es,chip,en,chip,transparent
es,chipotle,en,chipotle,transparent
es,chipriota,en,cypriot,altered
es,chocolate,en,chocolate,transparent
es,choque,en,shock,altered
es,chorizo,en,chorizo,transparent
es,cianuro,en,cyanide,altered
es,ciao,en,ciao,transparent
es,ciberataque,en,cyberattack,transparent
es,ciberespacio,en,cyberspace,transparent
es,cibernético,en,cybernetic,transparent
es,ciberpunk,en,cyberpunk,transparent
es,ciclista,en,cyclist,transparent
es,ciclo,en,cycle,transparent
es,ciclón,en,cyclone,altered
es,ciencia,en,science,altered
es,ciento,en,cent,altered
es,científicamente,en,scientifically,transparent
es,científico,en,scientist,transparent
es,cierto,en,certain,altered
es,cifra,en,cipher,altered
es,cigarrillo,en,cigarette,altered
es,cigarro,en,cigar,transparent
es,cilantro,en,coriander,altered
es,cilindro,en,cylinder,transparent
es,cilio,en,cilium,altered
es,cilíndrico,en,cylindrical,transparent
es,cincha,en,cinch,transparent
es,cinco,en,cinco,transparent
es,cine,en,cinema,altered
es,cinematografía,en,cinematography,transparent
es,cinemático,en,cinematic,transparent
es,cinismo,en,cynicism,altered
es,cinética,en,kinetics,altered
es,ciprés,en,cypress,altered
es,circa,en,circa,transparent
es,circadiano,en,circadian,transparent
es,circo,en,circus,transparent
es,circonio,en,zirconium,altered
es,circuitería,en,circuitry,transparent
es,circuito,en,circuit,transparent
es,circulación,en,circulation,transparent
es,circular,en,circulate,transparent
es,circulatorio,en,circulatory,altered
es,circuncidar,en,circumcise,transparent
es,circuncisión,en,circumcision,transparent
es,circunferencia,en,circumference,transparent
es,circunscribir,en,circumscribe,altered
es,circunstancia,en,circumstance,transparent
es,circón,en,zircon,altered
es,cirro,en,cirrus,transparent
es,cirrosis,en,cirrhosis,transparent
es,cirílico,en,cyrillic,altered
es,cisma,en,schism,altered
es,cisterna,en,cistern,transparent
es,cisteína,en,cysteine,transparent
es,citación,en,citation,transparent
es,citocromo,en,cytochrome,altered
es,citoplasma,en,cytoplasm,altered
es,citrato,en,citrate,transparent
es,ciudadela,en,citadel,altered
es,civil,en,civil,transparent
es,civilidad,en,civility,transparent
es,civilización,en,civilization,transparent
es,civilizar,en,civilize,transparent
es,clamidia,en,chlamydia,altered
es,clamor,en,clamor,transparent
es,clan,en,clan,transparent
es,clandestino,en,clandestine,transparent
es,claridad,en,clarity,transparent
es,clarificación,en,clarification,transparent
es,clarificar,en,clarify,transparent
es,clarinete,en,clarinet,transparent
es,clarín,en,clarion,altered
es,clase,en,class,transparent
es,clasificación,en,classification,transparent
es,clasificar,en,classify,transparent
es,claustrofóbico,en,claustrophobic,transparent
es,clausura,en,closure,altered
es,clemencia,en,clemency,transparent
es,clemente,en,clement,transparent
es,clementina,en,clementine,transparent
es,clerical,en,clerical,transparent
es,clero,en,clergy,altered
es,clica,en,clique,transparent
es,cliché,en,cliché,transparent
es,cliente,en,client,transparent
es,clientela,en,clientele,transparent
es,clima,en,climate,transparent
es,climático,en,climatic,transparent
es,clip,en,clip,transparent
es,clon,en,clone,transparent
es,cloro,en,chlorine,altered
es,cloroformo,en,chloroform,transparent
es,cloruro,en,chloride,altered
es,club,en,club,transparent
es,clásicamente,en,classically,transparent
es,clásico,en,classic,transparent
es,cláusula,en,clause,transparent
es,clérigo,en,cleric,altered
es,clímax,en,climax,transparent
es,clínica,en,clinic,transparent
es,clínicamente,en,clinically,transparent
es,clínico,en,clinical,transparent
es,clóset,en,closet,transparent
es,coagulación,en,coagulation,transparent
es,coalescencia,en,coalesce,altered
es,coalición,en,coalition,transparent
es,coautor,en,coauthor,transparent
es,coaxial,en,coaxial,transparent
es,cobalto,en,cobalt,transparent
es,cobarde,en,coward,altered
es,cobardía,en,cowardice,transparent
es,cobertura,en,coverage,transparent
es,cobra,en,cobra,transparent
es,cobre,en,copper,altered
es,coca,en,coca,transparent
es,cocaína,en,cocaine,transparent
es,cociente,en,quotient,transparent
es,cocina,en,kitchen,altered
es,cocker,en,cocker,transparent
es,coclear,en,cochlear,transparent
es,coco,en,coconut,altered
es,cocodrilo,en,crocodile,transparent
es,coda,en,coda,transparent
es,codeína,en,codeine,transparent
es,codón,en,codon,transparent
es,coeficiente,en,coefficient,transparent
es,coercitivo,en,coercive,transparent
es,coerción,en,coercion,transparent
es,coexistencia,en,coexistence,transparent
es,coexistir,en,coexist,transparent
es,cognición,en,cognition,transparent
es,cognitivo,en,cognitive,transparent
es,cohabitación,en,cohabitation,transparent
es,coherencia,en,coherence,transparent
es,coherente,en,coherent,transparent
es,cohesivo,en,cohesive,transparent
es,cohesión,en,cohesion,transparent
es,cohete,en,rocket,transparent
es,cohorte,en,cohort,transparent
es,coincidencia,en,coincidence,transparent
es,coincidentemente,en,coincidentally,transparent
es,coincidir,en,coincide,transparent
es,cojín,en,cushion,altered
es,colaboración,en,collaboration,transparent
es,colaborador,en,collaborator,transparent
es,colaborar,en,collaborate,transparent
es,colaborativamente,en,collaboratively,transparent
es,colaborativo,en,collaborative,transparent
es,colacionar,en,collate,altered
es,colación,en,collation,transparent
es,colapso,en,collapse,transparent
es,colateral,en,collateral,transparent
es,coleccionable,en,collectible,altered
es,colección,en,collection,transparent
es,colectivamente,en,collectively,transparent
es,colectivo,en,collective,transparent
es,colector,en,collector,transparent
es,colega,en,colleague,transparent
es,colegial,en,collegiate,altered
es,colesterol,en,cholesterol,altered
es,coliflor,en,cauliflower,transparent
es,coliseo,en,coliseum,transparent
es,colisionar,en,collide,transparent
es,colisión,en,collision,transparent
es,colitis,en,colitis,transparent
es,collage,en,collage,transparent
es,colombiano,en,colombian,transparent
es,colombino,en,columbine,altered
es,colon,en,colon,transparent
es,colonia,en,colony,transparent
es,colonial,en,colonial,transparent
es,colonialismo,en,colonialism,transparent
es,colonialista,en,colonialist,transparent
es,colonización,en,colonization,transparent
es,colonizador,en,colonizer,transparent
es,colonizar,en,colonize,transparent
es,colonoscopia,en,colonoscopy,transparent
es,coloquial,en,colloquial,transparent
es,coloquialmente,en,colloquially,transparent
es,coloquio,en,colloquium,transparent
es,color,en,color,transparent
es,coloración,en,coloration,transparent
es,colorrectal,en,colorectal,transparent
es,colosal,en,colossal,transparent
es,coloso,en,colossus,transparent
es,coludir,en,collude,transparent
es,columna,en,column,transparent
es,columnista,en,columnist,transparent
es,colusión,en,collusion,transparent
es,colágeno,en,collagen,transparent
es,coma,en,coma,transparent
es,comandante,en,commander,transparent
es,comando,en,command,transparent
es,comatoso,en,comatose,transparent
es,combate,en,combat,transparent
es,combatiente,en,combatant,altered
es,combativo,en,combative,transparent
es,combinación,en,combination,transparent
es,combo,en,combo,transparent
es,combustible,en,combustible,transparent
es,combustión,en,combustion,transparent
es,comedia,en,comedy,transparent
es,comediante,en,comedian,transparent
es,comentador,en,commentator,transparent
es,comentario,en,comment,altered
es,comentarista,en,commenter,altered
es,comer,en,comer,transparent
es,comercial,en,commercial,transparent
es,comercialización,en,commercialization,transparent
es,comercializar,en,commercialize,transparent
es,comercialmente,en,commercially,transparent
es,comercio,en,commerce,altered
es,cometa,en,comet,transparent
es,cometer,en,commit,transparent
es,comienzo,en,commencement,altered
es,comino,en,cummin,altered
es,comisario,en,commissary,transparent
es,comisión,en,commission,transparent
es,comité,en,committee,transparent
es,compacto,en,compact,transparent
es,comparable,en,comparable,transparent
es,comparación,en,comparison,transparent
es,comparador,en,comparator,transparent
es,comparar,en,compare,transparent
es,comparativamente,en,comparatively,transparent
es,comparativo,en,comparative,transparent
es,compartimento,en,compartment,transparent
es,compasivo,en,compassionate,altered
es,compasión,en,compassion,transparent
es,compatibilidad,en,compatibility,transparent
es,compatible,en,compatible,transparent
es,compatriota,en,compatriot,transparent
es,compañero,en,companion,altered
es,compañía,en,company,transparent
es,compendio,en,compendium,transparent
es,compensación,en,compensation,transparent
es,compensar,en,compensate,transparent
es,compensatorio,en,compensatory,transparent
es,competencia,en,competence,transparent
es,competente,en,competent,transparent
es,competición,en,competition,transparent
es,competidor,en,competitor,transparent
es,competir,en,compete,altered
es,competitivamente,en,competitively,transparent
es,competitividad,en,competitiveness,transparent
es,competitivo,en,competitive,transparent
es,compilación,en,compilation,transparent
es,compilador,en,compiler,transparent
es,compilar,en,compile,transparent
es,complacencia,en,complacency,transparent
es,complaciente,en,complacent,transparent
es,complejidad,en,complexity,transparent
es,complejo,en,complex,transparent
es,complementario,en,complementary,transparent
es,complemento,en,complement,transparent
es,completo,en,complete,transparent
es,complexión,en,complexion,transparent
es,complicación,en,complication,transparent
es,complicar,en,complicate,transparent
es,complicidad,en,complicity,transparent
es,componente,en,component,transparent
es,componer,en,compose,transparent
es,composicional,en,compositional,transparent
es,composición,en,composition,transparent
es,compositor,en,composer,transparent
es,compostura,en,composure,transparent
es,comprender,en,comprise,altered
es,comprensible,en,comprehensible,transparent
es,comprensión,en,comprehension,transparent
es,compresivo,en,compressive,altered
es,compresión,en,compression,transparent
es,compresor,en,compressor,transparent
es,compromiso,en,compromise,transparent
es,compuesto,en,compound,transparent
es,compulsivo,en,compulsive,transparent
es,compulsión,en,compulsion,transparent
es,computacional,en,computational,transparent
es,computación,en,computation,transparent
es,computador,en,computer,transparent
es,computarizar,en,computerize,transparent
es,comuna,en,commune,transparent
es,comunal,en,communal,transparent
es,comunicación,en,communication,transparent
es,comunicado,en,communique,altered
es,comunicador,en,communicator,transparent
es,comunicar,en,communicate,transparent
es,comunicativo,en,communicative,transparent
es,comunidad,en,community,transparent
es,comunismo,en,communism,transparent
es,comunista,en,communist,transparent
es,comunión,en,communion,transparent
es,concebible,en,conceivable,transparent
es,concebir,en,conceive,transparent
es,conceder,en,concede,transparent
es,concejal,en,councillor,altered
es,concentración,en,concentration,transparent
es,concentrar,en,concentrate,transparent
es,concepción,en,conception,transparent
es,concepto,en,concept,transparent
es,conceptual,en,conceptual,transparent
es,conceptualizar,en,conceptualize,transparent
es,concernir,en,concern,altered
es,concertar,en,concerted,transparent
es,concesión,en,concession,transparent
es,conciencia,en,conscience,transparent
es,concienzudo,en,conscientious,altered
es,concierto,en,concert,altered
es,conciliatorio,en,conciliatory,transparent
es,conciso,en,concise,transparent
es,conclave,en,conclave,transparent
es,concluir,en,conclude,transparent
es,conclusión,en,conclusion,transparent
es,concluyente,en,conclusive,altered
es,concluyentemente,en,conclusively,transparent
es,concreto,en,concrete,transparent
es,concubina,en,concubine,transparent
es,concurrente,en,concurrent,transparent
es,concurrir,en,concur,transparent
es,concurso,en,concourse,altered
es,condenación,en,condemnation,transparent
es,condenar,en,condemn,transparent
es,condensación,en,condensation,transparent
es,condensar,en,condense,transparent
es,condesa,en,countess,altered
es,condescendencia,en,condescension,transparent
es,condestable,en,constable,altered
es,condicional,en,conditional,transparent
es,condición,en,condition,transparent
es,condimento,en,condiment,transparent
es,condolencia,en,condolence,transparent
es,condominio,en,condominium,transparent
es,conducción,en,conduction,transparent
es,conducente,en,conducive,transparent
es,conducta,en,conduct,altered
es,conductividad,en,conductivity,transparent
es,conductivo,en,conductive,transparent
es,conducto,en,conduit,altered
es,conductor,en,conductor,transparent
es,condón,en,condom,transparent
es,conectar,en,connect,transparent
es,conectividad,en,connectivity,transparent
es,conectivo,en,connective,transparent
es,conector,en,connector,transparent
es,conexión,en,connection,transparent
es,confección,en,confection,transparent
es,confederación,en,confederation,transparent
es,confederado,en,confederate,transparent
es,conferencia,en,conference,transparent
es,conferir,en,confer,transparent
es,confesar,en,confess,transparent
es,confesional,en,confessional,transparent
es,confesión,en,confession,transparent
es,confesor,en,confessor,transparent
es,confeti,en,confetti,transparent
es,confianza,en,confidence,altered
es,confiar,en,confide,altered
es,confidencial,en,confidential,transparent
es,confidencialidad,en,confidentiality,transparent
es,confidente,en,confidant,transparent
es,configuración,en,configuration,transparent
es,configurar,en,configure,transparent
es,confinar,en,confine,transparent
es,confirmación,en,confirmation,transparent
es,confirmar,en,confirm,transparent
es,confiscación,en,confiscation,transparent
es,confiscar,en,confiscate,transparent
es,confitería,en,confectionery,transparent
es,conflagración,en,conflagration,transparent
es,conflicto,en,conflict,transparent
es,confluencia,en,confluence,transparent
es,conformación,en,conformation,transparent
es,conformar,en,conform,transparent
es,conformidad,en,conformity,transparent
es,conformista,en,conformist,transparent
es,confort,en,comfort,transparent
es,confortablemente,en,comfortably,transparent
es,confrontación,en,confront,altered
es,confundir,en,confuse,altered
es,confusión,en,confusion,transparent
es,conga,en,conga,transparent
es,congestionar,en,congest,transparent
es,congestivo,en,congestive,transparent
es,congestión,en,congestion,transparent
es,conglomerado,en,conglomerate,altered
es,congratular,en,congratulate,transparent
es,congregacional,en,congregational,transparent
es,congregación,en,congregation,transparent
es,congregar,en,congregate,transparent
es,congresional,en,congressional,transparent
es,congresista,en,congressman,altered
es,congreso,en,congress,transparent
es,congruente,en,congruent,transparent
es,congénito,en,congenital,transparent
es,conjetura,en,conjecture,altered
es,conjugación,en,conjugation,transparent
es,conjugar,en,conjugate,transparent
es,conjunción,en,conjunction,transparent
es,conmemoración,en,commemoration,transparent
es,conmemorativo,en,commemorative,altered
es,conmutar,en,commute,transparent
es,connotación,en,connotation,transparent
es,cono,en,cone,transparent
es,conquista,en,conquest,altered
es,conquistador,en,conqueror,altered
es,conquistar,en,conquer,altered
es,consagración,en,consecration,transparent
es,consagrar,en,consecrate,altered
es,consciencia,en,consciousness,transparent
es,consciente,en,conscious,transparent
es,conscripción,en,conscription,transparent
es,conscripto,en,conscript,transparent
es,consecuencia,en,consequence,transparent
es,consecuente,en,consequent,transparent
es,consecuentemente,en,consequently,transparent
es,consecutivamente,en,consecutively,transparent
es,consecutivo,en,consecutive,transparent
es,consejero,en,counselor,altered
es,consensual,en,consensual,transparent
es,consentimiento,en,consent,transparent
es,conservacionista,en,conservationist,transparent
es,conservación,en,conservation,transparent
es,conservador,en,conservative,transparent
es,conservar,en,conserve,transparent
es,conservatorio,en,conservatory,transparent
es,considerable,en,considerable,transparent
es,considerablemente,en,considerably,transparent
es,consideración,en,consideration,transparent
es,considerar,en,consider,transparent
es,consignar,en,consign,transparent
es,consistencia,en,consistency,transparent
es,consistente,en,consistent,transparent
es,consistentemente,en,consistently,transparent
es,consistir,en,consist,altered
es,consola,en,console,transparent
es,consolación,en,consolation,transparent
es,consolidación,en,consolidation,transparent
es,consolidar,en,consolidate,transparent
es,consonante,en,consonant,transparent
es,consorcio,en,consortium,transparent
es,consorte,en,consort,transparent
es,conspicuo,en,conspicuous,transparent
es,conspiración,en,conspiracy,transparent
es,conspirador,en,conspirator,transparent
es,conspirar,en,conspire,transparent
es,constante,en,constant,transparent
es,constantemente,en,constantly,transparent
es,constelación,en,constellation,transparent
es,consternación,en,consternation,transparent
es,constitucional,en,constitutional,transparent
es,constitucionalidad,en,constitutionality,transparent
es,constitucionalmente,en,constitutionally,transparent
es,constitución,en,constitution,transparent
es,constituir,en,constitute,transparent
es,constituyente,en,constituent,transparent
es,constreñir,en,constrain,altered
es,constricción,en,constraint,altered
es,construcción,en,construction,altered
es,constructivamente,en,constructively,transparent
es,constructivo,en,constructive,transparent
es,constructor,en,constructor,transparent
es,construir,en,construct,altered
es,consulado,en,consulate,transparent
es,consular,en,consular,transparent
es,consulta,en,consultation,altered
es,consultar,en,consult,altered
es,consultivo,en,consultative,transparent
es,consultor,en,consultant,transparent
es,consultoría,en,consultancy,altered
es,consumar,en,consummate,transparent
es,consumición,en,consumption,transparent
es,consumidor,en,consumer,transparent
es,consumir,en,consume,transparent
es,contabilidad,en,accountancy,altered
es,contacto,en,contact,transparent
es,contador,en,counter,altered
es,contagio,en,contagion,transparent
es,contagioso,en,contagious,transparent
es,contaminación,en,contamination,transparent
es,contaminar,en,contaminate,transparent
es,contemplación,en,contemplation,transparent
es,contemplar,en,contemplate,transparent
es,contemplativo,en,contemplative,transparent
es,contemporáneo,en,contemporary,transparent
es,contencioso,en,contentious,transparent
es,contención,en,contention,transparent
es,contender,en,contend,transparent
es,contenedor,en,container,transparent
es,contener,en,contain,transparent
es,contenido,en,content,transparent
es,contexto,en,context,transparent
es,contiguo,en,contiguous,transparent
es,continental,en,continental,transparent
es,continente,en,continent,transparent
es,contingencia,en,contingency,transparent
es,contingente,en,contingent,transparent
es,continuación,en,continuation,transparent
es,continuamente,en,continuously,transparent
es,continuar,en,continue,transparent
es,continuidad,en,continuity,transparent
es,continuo,en,continuous,transparent
es,contorno,en,contour,transparent
es,contra,en,contra,transparent
es,contrabando,en,contraband,transparent
es,contracción,en,contraction,transparent
es,contracepción,en,contraception,transparent
es,contractual,en,contractual,transparent
es,contradecir,en,contradict,transparent
es,contradicción,en,contradiction,transparent
es,contradictorio,en,contradictory,transparent
es,contraparte,en,counterpart,transparent
es,contraproducente,en,counterproductive,transparent
es,contrapunto,en,counterpoint,transparent
es,contrario,en,contrary,transparent
es,contrarrestar,en,counteract,altered
es,contraste,en,contrast,transparent
es,contratista,en,contractor,transparent
es,contrato,en,contract,transparent
es,contravención,en,contravention,transparent
es,contribución,en,contribution,transparent
es,contribuidor,en,contributor,transparent
es,contribuir,en,contribute,transparent
es,contributivo,en,contributory,transparent
es,contrición,en,contrition,transparent
es,control,en,control,transparent
es,controlable,en,controllable,transparent
es,controlador,en,controller,transparent
es,controversia,en,controversy,transparent
es,controvertir,en,controversial,transparent
es,contusión,en,contusion,transparent
es,convaleciente,en,convalescent,transparent
es,convección,en,convection,transparent
es,convencer,en,convince,transparent
es,convencional,en,conventional,transparent
es,convencionalmente,en,conventionally,transparent
es,convención,en,convention,transparent
es,conveniencia,en,convenience,transparent
es,conveniente,en,convenient,transparent
es,convenientemente,en,conveniently,transparent
es,convenio,en,covenant,altered
es,convenir,en,convene,altered
es,convento,en,convent,transparent
es,convergencia,en,convergence,transparent
es,convergente,en,convergent,transparent
es,converger,en,converge,transparent
es,conversacional,en,conversational,transparent
es,conversación,en,conversation,transparent
es,conversar,en,converse,transparent
es,conversión,en,conversion,transparent
es,convertible,en,convertible,transparent
es,convertidor,en,converter,transparent
es,convertir,en,convert,transparent
es,convexo,en,convex,altered
es,convicción,en,conviction,transparent
es,convincentemente,en,convincingly,transparent
es,convocación,en,convocation,transparent
es,convoy,en,convoy,transparent
es,convulsionar,en,convulse,altered
es,convulsión,en,convulsion,transparent
es,conyugal,en,conjugal,transparent
es,conífero,en,conifer,transparent
es,cooperación,en,cooperation,transparent
es,cooperar,en,cooperate,transparent
es,cooperativo,en,cooperative,transparent
es,coordinación,en,coordination,transparent
es,coordinador,en,coordinator,transparent
es,coordinar,en,coordinate,transparent
es,copa,en,coupe,altered
es,copia,en,copy,transparent
es,copioso,en,copious,transparent
es,copla,en,couple,altered
es,copolímero,en,copolymer,altered
es,copto,en,coptic,altered
es,copyright,en,copyright,transparent
es,coraje,en,courage,altered
es,corajudo,en,courageous,altered
es,coral,en,coral,transparent
es,corcho,en,cork,altered
es,cordial,en,cordial,transparent
es,cordón,en,cordon,transparent
es,coreano,en,korean,altered
es,coreografiar,en,choreograph,transparent
es,coreografía,en,choreography,altered
es,coreógrafo,en,choreographer,altered
es,corintio,en,corinthian,transparent
es,cormorán,en,cormorant,transparent
es,corneal,en,corneal,transparent
es,corneta,en,cornet,altered
es,coro,en,chorus,altered
es,corola,en,corolla,altered
es,corolario,en,corollary,transparent
es,corona,en,crown,altered
es,coronación,en,coronation,transparent
es,coronal,en,coronal,transparent
es,coronario,en,coronary,transparent
es,coronavirus,en,coronavirus,transparent
es,coronel,en,colonel,transparent
es,corporación,en,corporation,transparent
es,corporal,en,corporal,transparent
es,corporativo,en,corporate,altered
es,corpus,en,corpus,transparent
es,corral,en,corral,transparent
es,correccional,en,correctional,transparent
es,corrección,en,correction,transparent
es,correctamente,en,correctly,transparent
es,correctivo,en,corrective,transparent
es,correcto,en,correct,transparent
es,correlacionar,en,correlate,transparent
es,correlación,en,correlation,transparent
es,correo,en,courier,altered
es,correspondencia,en,correspondence,transparent
es,corresponder,en,correspond,transparent
es,correspondientemente,en,correspondingly,transparent
es,corresponsal,en,correspondent,transparent
es,corriente,en,current,altered
es,corroboración,en,corroboration,transparent
es,corroborar,en,corroborate,transparent
es,corroer,en,corrode,transparent
es,corrosivo,en,corrosive,transparent
es,corrosión,en,corrosion,transparent
es,corrugar,en,corrugate,transparent
es,corrupción,en,corruption,transparent
es,corrupto,en,corrupt,transparent
es,corsé,en,corset,transparent
es,corte,en,court,transparent
es,cortesano,en,courtier,altered
es,cortesía,en,courtesy,transparent
es,cortical,en,cortical,transparent
es,corticosteroide,en,corticosteroid,transparent
es,cortina,en,curtain,transparent
es,cortisol,en,cortisol,transparent
es,cortés,en,courteous,altered
es,corán,en,quran,altered
es,cosaco,en,cossacks,transparent
es,cosmología,en,cosmology,transparent
es,cosmológico,en,cosmological,transparent
es,cosmonauta,en,cosmonaut,transparent
es,cosmopolita,en,cosmopolitan,transparent
es,cosmos,en,cosmos,transparent
es,cosmético,en,cosmetic,transparent
es,cosplay,en,cosplay,transparent
es,costa,en,coast,altered
es,costal,en,costal,transparent
es,costero,en,coaster,altered
es,costumbre,en,custom,altered
es,costura,en,couture,altered
es,cotización,en,quotation,altered
es,covalente,en,covalent,transparent
es,covarianza,en,covariance,transparent
es,covid,en,covid,transparent
es,coyote,en,coyote,transparent
es,coñac,en,cognac,altered
es,craneal,en,cranial,transparent
es,creacionismo,en,creationism,transparent
es,creacionista,en,creationist,transparent
es,creación,en,creation,transparent
es,creador,en,creator,transparent
es,crear,en,create,transparent
es,creatina,en,creatine,transparent
es,creativamente,en,creatively,transparent
es,creatividad,en,creativity,transparent
es,creativo,en,creative,transparent
es,creciente,en,crescent,altered
es,credencial,en,credential,transparent
es,credibilidad,en,credibility,transparent
es,credo,en,credo,transparent
es,crema,en,creme,altered
es,cremación,en,cremation,transparent
es,crematorio,en,crematorium,transparent
es,crepe,en,crepe,transparent
es,crescendo,en,crescendo,transparent
es,cresta,en,crest,transparent
es,cretino,en,cretin,transparent
es,cretáceo,en,cretaceous,transparent
es,creíble,en,credible,transparent
es,criatura,en,creature,transparent
es,crimen,en,crime,transparent
es,criminal,en,criminal,transparent
es,criminalidad,en,criminality,transparent
es,criminalizar,en,criminalize,transparent
es,criminalmente,en,criminally,transparent
es,criminología,en,criminology,transparent
es,criogénico,en,cryogenic,transparent
es,criollo,en,creole,altered
es,cripta,en,crypt,transparent
es,cripto,en,crypto,transparent
es,criptografía,en,cryptography,transparent
es,criptográfico,en,cryptographic,altered
es,criptomoneda,en,cryptocurrency,altered
es,crisantemo,en,chrysanthemum,altered
es,crisis,en,crisis,transparent
es,crisol,en,crucible,altered
es,cristal,en,crystal,transparent
es,cristalino,en,crystalline,transparent
es,cristalización,en,crystallization,altered
es,cristalizar,en,crystallize,transparent
es,cristalografía,en,crystallography,altered
es,cristianismo,en,christianity,transparent
es,cristiano,en,christian,altered
es,cristo,en,christ,altered
es,crisálida,en,chrysalis,altered
es,criterio,en,criterion,transparent
es,criticar,en,criticize,transparent
es,criticismo,en,criticism,transparent
es,cromatina,en,chromatin,altered
es,cromo,en,chrome,altered
es,cromosoma,en,chromosome,transparent
es,cromático,en,chromatic,transparent
es,crono,en,chrono,transparent
es,cronología,en,chronology,transparent
es,cronológicamente,en,chronologically,transparent
es,cronológico,en,chronological,transparent
es,cronógrafo,en,chronograph,altered
es,cruasán,en,croissant,altered
es,crucero,en,cruise,altered
es,crucial,en,crucial,transparent
es,crucificar,en,crucify,transparent
es,crucifijo,en,crucifix,transparent
es,crucifixión,en,crucifixion,transparent
es,cruel,en,cruel,transparent
es,crueldad,en,cruelty,transparent
es,crustáceo,en,crustacean,transparent
es,cruz,en,crux,altered
es,cruzada,en,crusade,altered
es,cruzado,en,crusader,altered
es,cráneo,en,cranium,altered
es,cráter,en,crater,transparent
es,crédito,en,credit,transparent
es,críquet,en,cricket,transparent
es,crítica,en,critique,altered
es,críticamente,en,critically,transparent
es,crítico,en,critical,transparent
es,crónica,en,chronicle,transparent
es,crónicamente,en,chronically,transparent
es,crónico,en,chronic,transparent
es,cuadrante,en,quadrant,altered
es,cuadrángulo,en,quadrangle,altered
es,cualidad,en,quality,altered
es,cualitativo,en,qualitative,transparent
es,cuantificable,en,quantifiable,altered
es,cuantificación,en,quantification,altered
es,cuantificar,en,quantify,transparent
es,cuantitativamente,en,quantitatively,transparent
es,cuantitativo,en,quantitative,transparent
es,cuarentena,en,quarantine,altered
es,cuartel,en,quarter,altered
es,cuarteto,en,quartet,altered
es,cuarto,en,quart,altered
es,cuarzo,en,quartz,transparent
es,cuasi,en,quasi,altered
es,cuaternario,en,quaternary,transparent
es,cubano,en,cuban,transparent
es,cubo,en,cube,altered
es,cubículo,en,cubicle,transparent
es,cuchillero,en,cutler,altered
es,cuerda,en,cord,altered
es,cuestionable,en,questionable,transparent
es,cuestionador,en,questioner,altered
es,cuestión,en,question,transparent
es,culinario,en,culinary,transparent
es,culminación,en,culmination,transparent
es,culminar,en,culminate,transparent
es,culpabilidad,en,culpability,transparent
es,culpable,en,culpable,transparent
es,cultivación,en,cultivation,transparent
es,cultivador,en,cultivator,transparent
es,cultivar,en,cultivate,transparent
es,culto,en,cult,transparent
es,cultura,en,culture,transparent
es,cultural,en,cultural,transparent
es,culturalmente,en,culturally,transparent
es,cumplimiento,en,compliance,altered
es,cumplir,en,accomplish,altered
es,cuota,en,quota,transparent
es,cupón,en,coupon,transparent
es,cura,en,cure,transparent
es,curable,en,curable,transparent
es,curador,en,curator,transparent
es,curaduría,en,curation,altered
es,curativo,en,curative,altered
es,curia,en,curia,transparent
es,curio,en,curio,transparent
es,curiosidad,en,curiosity,transparent
es,curioso,en,curious,transparent
es,curricular,en,curricular,transparent
es,currículo,en,curriculum,transparent
es,curso,en,course,transparent
es,cursor,en,cursor,transparent
es,curva,en,curve,transparent
es,curvatura,en,curvature,transparent
es,cuscús,en,couscous,altered
es,custodio,en,custodian,altered
es,customer,en,customer,transparent
es,customización,en,customization,transparent
es,customizar,en,customize,transparent
es,cutáneo,en,cutaneous,transparent
es,cutícula,en,cuticle,transparent
es,cuádruple,en,quadruple,altered
es,cyber,en,cyber,transparent
es,cálculo,en,calculation,altered
es,cámara,en,camera,transparent
es,cámbrico,en,cambrian,transparent
es,cáncer,en,cancer,transparent
es,cándida,en,candida,transparent
es,cándidamente,en,candidly,transparent
es,cándido,en,candid,transparent
es,cápsula,en,capsule,transparent
es,cátodo,en,cathode,transparent
es,cáucaso,en,caucasus,altered
es,cáustico,en,caustic,transparent
es,céfiro,en,zephyr,altered
es,céntrico,en,centric,altered
es,césar,en,césar,transparent
es,cíclico,en,cyclic,transparent
es,cíclope,en,cyclops,transparent
es,címbalo,en,cymbal,altered
es,cínico,en,cynical,transparent
es,círculo,en,circle,transparent
es,cítrico,en,citrus,altered
es,cívico,en,civic,transparent
es,códec,en,codec,transparent
es,códice,en,codex,altered
es,código,en,code,transparent
es,cólera,en,cholera,altered
es,cólico,en,colic,transparent
es,cómicamente,en,comically,transparent
es,cómico,en,comic,transparent
es,cómplice,en,accomplice,altered
es,cóncavo,en,concave,altered
es,cóndor,en,condor,transparent
es,cónico,en,conical,transparent
es,cónsul,en,consul,transparent
es,córneo,en,horny,altered
es,córtex,en,cortex,transparent
es,cósmico,en,cosmic,transparent
es,cúbico,en,cubic,transparent
es,cúpula,en,cupola,transparent
es,dalia,en,dahlia,altered
es,dama,en,dame,transparent
es,dandy,en,dandy,transparent
es,danza,en,dance,altered
es,danés,en,danish,altered
es,darwiniano,en,darwinian,transparent
es,darwinismo,en,darwinism,altered
es,data,en,date,transparent
es,database,en,database,transparent
es,dato,en,datum,transparent
es,deadline,en,deadline,transparent
es,debacle,en,debacle,transparent
es,debate,en,debate,transparent
es,debatible,en,debatable,transparent
es,deber,en,due,altered
es,debilitar,en,debilitate,transparent
es,debut,en,debut,transparent
es,debutante,en,debutante,transparent
es,decadencia,en,decadence,transparent
es,decadente,en,decadent,transparent
es,decaimiento,en,decay,altered
es,decantador,en,decanter,transparent
es,decapitación,en,decapitation,transparent
es,decapitar,en,decapitate,transparent
es,decencia,en,decency,altered
es,decente,en,decent,transparent
es,decentemente,en,decently,transparent
es,decibelio,en,decibel,transparent
es,decididamente,en,decidedly,transparent
es,decidir,en,decide,transparent
es,decimal,en,decimal,transparent
es,decisivamente,en,decisively,transparent
es,decisivo,en,decisive,transparent
es,decisión,en,decision,transparent
es,declaración,en,declaration,transparent
es,declarar,en,declare,transparent
es,declarativo,en,declarative,transparent
es,declinar,en,decline,transparent
es,decodificador,en,decoder,altered
es,decodificar,en,decode,transparent
es,decoloración,en,discoloration,altered
es,deconstrucción,en,deconstruction,transparent
es,decoración,en,decoration,transparent
es,decorador,en,decorator,transparent
es,decorar,en,decorate,transparent
es,decorativo,en,decorative,transparent
es,decoro,en,decorum,altered
es,decrecer,en,decrease,altered
es,decreto,en,decree,transparent
es,dedicación,en,dedication,transparent
es,dedicar,en,dedicate,transparent
es,deducción,en,deduction,transparent
es,deducible,en,deductible,transparent
es,deducir,en,deduct,transparent
es,deductivo,en,deductive,transparent
es,defecar,en,defecate,altered
es,defección,en,defection,transparent
es,defecto,en,defect,transparent
es,defender,en,defend,transparent
es,defendible,en,defensible,transparent
es,defensa,en,defense,transparent
es,defensivo,en,defensive,transparent
es,defensor,en,defender,transparent
es,deferencia,en,deference,transparent
es,deficiencia,en,deficiency,transparent
es,deficiente,en,deficient,transparent
es,definición,en,definition,transparent
es,definido,en,definite,transparent
es,definir,en,define,transparent
es,definitivamente,en,definitely,transparent
es,definitivo,en,definitive,transparent
es,deflación,en,deflation,transparent
es,deflector,en,deflector,transparent
es,deflexión,en,deflection,transparent
es,deforestación,en,deforestation,transparent
es,deformación,en,deformation,transparent
es,deformar,en,deform,transparent
es,deformidad,en,deformity,transparent
es,defraudar,en,defraud,transparent
es,degeneración,en,degeneration,transparent
es,degenerar,en,degenerate,transparent
es,degradación,en,degradation,transparent
es,degradar,en,degrade,transparent
es,delegación,en,delegation,transparent
es,delegado,en,delegate,transparent
es,deleite,en,delight,transparent
es,delfín,en,dolphin,transparent
es,deliberación,en,deliberation,transparent
es,deliberar,en,deliberate,transparent
es,delicadeza,en,delicacy,altered
es,delicado,en,delicate,transparent
es,delicioso,en,delicious,transparent
es,delimitar,en,delimit,transparent
es,delincuencia,en,delinquency,transparent
es,delincuente,en,delinquent,transparent
es,delineación,en,delineation,transparent
es,delinear,en,delineate,transparent
es,delirio,en,delirium,altered
es,delta,en,delta,transparent
es,demagogo,en,demagogue,transparent
es,demarcación,en,demarcation,transparent
es,demarcar,en,demarcate,transparent
es,demencia,en,dementia,transparent
es,demo,en,demo,transparent
es,democracia,en,democracy,transparent
es,democratización,en,democratization,transparent
es,democráticamente,en,democratically,transparent
es,democrático,en,democratic,transparent
es,demografía,en,demographics,transparent
es,demográfico,en,demographic,transparent
es,demoler,en,demolish,transparent
es,demolición,en,demolition,transparent
es,demonio,en,demon,transparent
es,demonizar,en,demonize,transparent
es,demostrable,en,demonstrable,transparent
es,demostración,en,demonstration,transparent
es,demostrador,en,demonstrator,transparent
es,demostrar,en,demonstrate,altered
es,demostrativo,en,demonstrative,transparent
es,demérito,en,demerit,transparent
es,demócrata,en,democrat,transparent
es,denegar,en,deny,transparent
es,dengue,en,dengue,transparent
es,denigrar,en,denigrate,transparent
es,denominación,en,denomination,transparent
es,denominador,en,denominator,transparent
es,denotar,en,denote,transparent
es,densidad,en,density,transparent
es,denso,en,dense,transparent
es,dental,en,dental,transparent
es,dentista,en,dentist,transparent
es,denunciar,en,denounce,transparent
es,departamental,en,departmental,transparent
es,departamento,en,department,transparent
es,dependencia,en,dependency,transparent
es,depender,en,depend,transparent
es,dependiente,en,dependent,transparent
es,deplorable,en,deplorable,transparent
es,deplorar,en,deplore,transparent
es,deponer,en,depose,transparent
es,deportación,en,deportation,transparent
es,deportar,en,deport,transparent
es,deposición,en,deposition,transparent
es,depositario,en,depositor,altered
es,depositaría,en,depository,altered
es,depravación,en,depravity,transparent
es,depravar,en,deprave,transparent
es,depreciación,en,depreciation,transparent
es,depresivo,en,depressive,transparent
es,depresión,en,depression,transparent
es,deprimir,en,depress,transparent
es,deprivación,en,deprivation,transparent
es,depósito,en,deposit,transparent
es,derivación,en,derivation,transparent
es,derivar,en,derive,transparent
es,derivativo,en,derivative,transparent
es,dermatitis,en,dermatitis,transparent
es,dermatología,en,dermatology,transparent
es,dermatólogo,en,dermatologist,transparent
es,desaceleración,en,deceleration,transparent
es,desacreditar,en,discredit,altered
es,desafiar,en,defy,altered
es,desafortunadamente,en,unfortunately,altered
es,desafortunado,en,unfortunate,altered
es,desafío,en,defiance,altered
es,desagradable,en,disagreeable,altered
es,desalinización,en,desalination,transparent
es,desaparecer,en,disappear,transparent
es,desaparición,en,disappearance,transparent
es,desarmar,en,disarm,transparent
es,desarme,en,disarmament,altered
es,desastre,en,disaster,transparent
es,desastroso,en,disastrous,transparent
es,descalificación,en,disqualification,altered
es,descalificar,en,disqualify,transparent
es,descarga,en,discharge,transparent
es,descarrilar,en,derail,altered
es,descender,en,descend,transparent
es,descendiente,en,descendant,transparent
es,descenso,en,descent,altered
es,descentralización,en,decentralization,transparent
es,descentralizar,en,decentralize,altered
es,descomponer,en,decompose,transparent
es,descomposición,en,decomposition,transparent
es,descompresión,en,decompression,transparent
es,descomprimir,en,decompress,transparent
es,desconectar,en,disconnect,transparent
es,descontaminación,en,decontamination,transparent
es,descontento,en,discontent,transparent
es,descripción,en,description,transparent
es,descriptivo,en,descriptive,transparent
es,descriptor,en,descriptor,transparent
es,descuento,en,discount,altered
es,desdén,en,disdain,transparent
es,deseable,en,desirable,transparent
es,desembarcar,en,disembark,transparent
es,deseo,en,desire,altered
es,deserción,en,desertion,transparent
es,desertor,en,deserter,transparent
es,desesperación,en,desperation,transparent
es,desesperadamente,en,desperately,transparent
es,desesperado,en,desperate,transparent
es,desesperar,en,despair,altered
es,desestabilizar,en,destabilize,transparent
es,desfavorable,en,unfavorable,altered
es,desfibrilador,en,defibrillator,altered
es,deshabilitar,en,disable,transparent
es,deshidratación,en,dehydration,transparent
es,deshidratar,en,dehydrate,transparent
es,deshonesto,en,dishonest,transparent
es,deshonra,en,dishonor,altered
es,deshonroso,en,dishonorable,altered
es,deshumanizar,en,dehumanize,altered
es,desierto,en,desert,transparent
es,designación,en,designation,transparent
es,designar,en,designate,transparent
es,desilusión,en,disillusion,transparent
es,desinfección,en,disinfection,altered
es,desinfectante,en,disinfectant,transparent
es,desinfectar,en,disinfect,altered
es,desinflar,en,deflate,altered
es,desinformación,en,disinformation,transparent
es,desintegración,en,disintegration,transparent
es,desintegrar,en,disintegrate,altered
es,desinteresar,en,disinterested,altered
es,desintoxicación,en,detox,transparent
es,desistir,en,desist,transparent
es,desleal,en,disloyal,altered
es,deslealtad,en,disloyalty,transparent
es,desmantelar,en,dismantle,transparent
es,desmembramiento,en,dismemberment,altered
es,desmontar,en,dismount,transparent
es,desmoralizar,en,demoralize,transparent
es,desnudo,en,nude,altered
es,desobedecer,en,disobey,altered
es,desobediencia,en,disobedience,transparent
es,desobediente,en,disobedient,altered
es,desolación,en,desolation,transparent
es,desolar,en,desolate,transparent
es,desorden,en,disorder,altered
es,desordenar,en,disorderly,transparent
es,desorientación,en,disorientation,transparent
es,desorientar,en,disorient,transparent
es,despacho,en,despatch,altered
es,despecho,en,despite,altered
es,desplazamiento,en,displacement,transparent
es,despojar,en,deprive,altered
es,despreciable,en,despicable,transparent
es,despreciar,en,despise,altered
es,desproporcionadamente,en,disproportionately,altered
es,desproporcionar,en,disproportionate,altered
es,desregulación,en,deregulation,transparent
es,desregular,en,deregulate,transparent
es,destacamento,en,detachment,transparent
es,destilación,en,distillation,altered
es,destilar,en,distill,altered
es,destilería,en,distillery,transparent
es,destinación,en,destination,transparent
es,destinar,en,destine,transparent
es,destino,en,destiny,altered
es,destituir,en,destitute,transparent
es,destreza,en,dexterity,altered
es,destronar,en,dethrone,altered
es,destrucción,en,destruction,transparent
es,destructivo,en,destructive,transparent
es,destruir,en,destroy,transparent
es,desuso,en,disuse,altered
es,desvestir,en,divest,altered
es,desviación,en,deviation,transparent
es,desviar,en,deviate,altered
es,detalle,en,detail,transparent
es,detección,en,detection,transparent
es,detectable,en,detectable,transparent
es,detectar,en,detect,transparent
es,detective,en,detective,transparent
es,detector,en,detector,transparent
es,detención,en,detention,transparent
es,detener,en,detain,transparent
es,detergente,en,detergent,transparent
es,deteriorar,en,deteriorate,transparent
es,determinación,en,determination,transparent
es,determinante,en,determinant,transparent
es,determinar,en,determine,transparent
es,determinismo,en,determinism,transparent
es,determinista,en,deterministic,transparent
es,detestar,en,detest,transparent
es,detonación,en,detonation,transparent
es,detonador,en,detonator,transparent
es,detonar,en,detonate,transparent
es,detractor,en,detractor,transparent
es,detrimento,en,detriment,transparent
es,detrito,en,detritus,transparent
es,deudor,en,debtor,altered
es,deuterio,en,deuterium,altered
es,deuteronomio,en,deuteronomy,transparent
es,devaluación,en,devaluation,transparent
es,devaluar,en,devalue,transparent
es,devastación,en,devastation,transparent
es,devastar,en,devastate,transparent
es,devocional,en,devotional,transparent
es,devoción,en,devote,altered
es,devolución,en,devolution,transparent
es,devorar,en,devour,transparent
es,devoto,en,devotee,altered
es,devónico,en,devonian,transparent
es,dharma,en,dharma,transparent
es,diabetes,en,diabetes,transparent
es,diablo,en,devil,altered
es,diabético,en,diabetic,transparent
es,diabólico,en,diabolical,transparent
es,diafragma,en,diaphragm,transparent
es,diagnosticar,en,diagnose,altered
es,diagnóstico,en,diagnosis,altered
es,diagonal,en,diagonal,transparent
es,diagonalmente,en,diagonally,transparent
es,diagrama,en,diagram,transparent
es,dialecto,en,dialect,transparent
es,dialéctica,en,dialectic,transparent
es,dialéctico,en,dialectical,transparent
es,diametralmente,en,diametrically,transparent
es,diarrea,en,diarrhea,transparent
es,diatriba,en,diatribe,transparent
es,diazepam,en,diazepam,transparent
es,diccionario,en,dictionary,transparent
es,dicción,en,diction,transparent
es,diciembre,en,december,altered
es,dictador,en,dictator,transparent
es,dictadura,en,dictatorship,transparent
es,dictar,en,dictate,transparent
es,dictatorial,en,dictatorial,transparent
es,dictum,en,dictum,transparent
es,dieléctrico,en,dielectric,transparent
es,diestro,en,dexter,altered
es,dieta,en,diet,transparent
es,dietario,en,dietary,transparent
es,diezmar,en,decimate,transparent
es,difamatorio,en,defamatory,altered
es,diferencia,en,difference,transparent
es,diferenciación,en,differentiation,transparent
es,diferencial,en,differential,transparent
es,diferenciar,en,differentiate,transparent
es,diferente,en,different,transparent
es,diferentemente,en,differently,transparent
es,diferir,en,differ,transparent
es,dificultad,en,difficulty,transparent
es,difracción,en,diffraction,transparent
es,difteria,en,diphtheria,altered
es,difusión,en,diffusion,transparent
es,difuso,en,diffuse,transparent
es,difícil,en,difficult,transparent
es,digerible,en,digestible,altered
es,digerir,en,digest,altered
es,digestivo,en,digestive,transparent
es,digestión,en,digestion,transparent
es,digital,en,digital,transparent
es,digitalizar,en,digitize,altered
es,digitalmente,en,digitally,transparent
es,dignatario,en,dignitary,transparent
es,dignidad,en,dignity,transparent
es,dignificar,en,dignify,transparent
es,digresión,en,digress,altered
es,dilatación,en,dilation,transparent
es,dilatar,en,dilate,transparent
es,dilema,en,dilemma,transparent
es,diligencia,en,diligence,transparent
es,diligente,en,diligent,transparent
es,diligentemente,en,diligently,transparent
es,dilución,en,dilution,transparent
es,diluir,en,dilute,altered
es,dimensional,en,dimensional,transparent
es,dimensión,en,dimension,transparent
es,diminutivo,en,diminutive,transparent
es,dinamismo,en,dynamism,transparent
es,dinamita,en,dynamite,transparent
es,dinamo,en,dynamo,altered
es,dinar,en,dinar,transparent
es,dinastía,en,dynasty,transparent
es,dingo,en,dingo,transparent
es,dinosaurio,en,dinosaur,transparent
es,dinámica,en,dynamics,altered
es,dinámicamente,en,dynamically,altered
es,dinámico,en,dynamic,transparent
es,diocesano,en,diocesan,transparent
es,diodo,en,diode,transparent
es,diorama,en,diorama,transparent
es,diploma,en,diploma,transparent
es,diplomacia,en,diplomacy,transparent
es,diplomático,en,diplomatic,transparent
es,diputado,en,deputy,transparent
es,direccional,en,directional,transparent
es,dirección,en,direction,altered
es,directamente,en,directly,transparent
es,directiva,en,directive,transparent
es,directo,en,direct,transparent
es,director,en,director,transparent
es,directorial,en,directorial,transparent
es,directorio,en,directory,transparent
es,discernible,en,discernible,transparent
es,disciplina,en,discipline,transparent
es,disciplinario,en,disciplinary,transparent
es,disco,en,disc,transparent
es,discografía,en,discography,transparent
es,discontinuidad,en,discontinuity,transparent
es,discordante,en,discordant,transparent
es,discordia,en,discord,transparent
es,discrecional,en,discretionary,transparent
es,discreción,en,discretion,transparent
es,discrepancia,en,discrepancy,transparent
es,discreto,en,discrete,transparent
es,discriminación,en,discrimination,transparent
es,discriminar,en,discriminate,transparent
es,discriminatorio,en,discriminatory,transparent
es,discurso,en,discourse,transparent
es,discusión,en,discussion,transparent
es,discutir,en,discuss,transparent
es,discípulo,en,disciple,altered
es,disección,en,dissection,transparent
es,diseminación,en,dissemination,transparent
es,diseminar,en,disseminate,transparent
es,disensión,en,dissension,transparent
es,disentería,en,dysentery,transparent
es,disentir,en,dissent,transparent
es,disertación,en,dissertation,transparent
es,diseñador,en,designer,transparent
es,diseño,en,design,transparent
es,disfuncional,en,dysfunctional,transparent
es,disfunción,en,dysfunction,transparent
es,disgusto,en,disgust,transparent
es,disidente,en,dissident,transparent
es,disipación,en,dissipation,transparent
es,disipar,en,dissipate,transparent
es,dislexia,en,dyslexia,transparent
es,dislocación,en,dislocation,transparent
es,dislocar,en,dislocate,transparent
es,disminuir,en,diminish,altered
es,disociación,en,dissociation,transparent
es,disociar,en,dissociate,transparent
es,disociativo,en,dissociative,transparent
es,disolución,en,dissolution,transparent
es,disolver,en,dissolve,transparent
es,disonancia,en,dissonance,transparent
es,disparidad,en,disparity,transparent
es,dispensación,en,dispensation,transparent
es,dispensador,en,dispenser,altered
es,dispensar,en,dispense,transparent
es,dispensario,en,dispensary,transparent
es,dispersión,en,dispersion,transparent
es,disperso,en,disperse,transparent
es,displasia,en,dysplasia,altered
es,disponer,en,dispose,transparent
es,disponible,en,disposable,altered
es,disposición,en,disposal,altered
es,disputa,en,dispute,transparent
es,disrupción,en,disruption,transparent
es,disruptivo,en,disrupt,altered
es,disruptor,en,disruptor,transparent
es,distal,en,distal,transparent
es,distancia,en,distance,transparent
es,distante,en,distant,transparent
es,distinción,en,distinction,transparent
es,distinguible,en,distinguishable,transparent
es,distinguir,en,distinguish,transparent
es,distintamente,en,distinctly,altered
es,distintivamente,en,distinctively,transparent
es,distintivo,en,distinctive,transparent
es,distinto,en,distinct,transparent
es,distopía,en,dystopia,altered
es,distorsionar,en,distort,transparent
es,distorsión,en,distortion,transparent
es,distracción,en,distraction,transparent
es,distraer,en,distract,altered
es,distraído,en,distraught,transparent
es,distribución,en,distribution,transparent
es,distribuidor,en,distributor,transparent
es,distribuir,en,distribute,transparent
es,distrito,en,district,transparent
es,distrofia,en,dystrophy,altered
es,distrés,en,distress,transparent
es,distópico,en,dystopian,altered
es,disuadir,en,dissuade,transparent
es,diurno,en,diurnal,transparent
es,diurético,en,diuretic,transparent
es,diva,en,diva,transparent
es,divergencia,en,divergence,transparent
es,divergente,en,divergent,transparent
es,divergir,en,diverge,transparent
es,diversidad,en,diversity,transparent
es,diversificación,en,diversification,transparent
es,diversificar,en,diversify,transparent
es,diverso,en,diverse,transparent
es,divertir,en,divert,transparent
es,dividendo,en,dividend,transparent
es,dividir,en,divide,transparent
es,divinidad,en,divinity,transparent
es,divino,en,divine,transparent
es,divisible,en,divisible,transparent
es,divisional,en,divisional,transparent
es,divisivo,en,divisive,transparent
es,división,en,division,transparent
es,divisor,en,divider,transparent
es,divorcio,en,divorce,altered
es,divulgar,en,divulge,transparent
es,diácono,en,deacon,altered
es,diálisis,en,dialysis,transparent
es,diálogo,en,dialogue,transparent
es,diámetro,en,diameter,transparent
es,diáspora,en,diaspora,transparent
es,diésel,en,diesel,transparent
es,diócesis,en,diocese,transparent
es,dióxido,en,dioxide,transparent
es,doble,en,double,transparent
es,docena,en,dozen,altered
es,doctor,en,doctor,transparent
es,doctorado,en,doctorate,transparent
es,doctoral,en,doctoral,transparent
es,doctrina,en,doctrine,transparent
es,doctrinal,en,doctrinal,transparent
es,documentación,en,documentation,transparent
es,documental,en,documentary,transparent
es,documento,en,document,transparent
es,dodo,en,dodo,transparent
es,dogma,en,dogma,transparent
es,dogmático,en,dogmatic,transparent
es,dojo,en,dojo,transparent
es,dolor,en,dolor,transparent
es,domesticar,en,domesticate,transparent
es,domicilio,en,domicile,transparent
es,dominación,en,domination,transparent
es,dominancia,en,dominance,transparent
es,dominante,en,dominant,transparent
es,dominar,en,dominate,transparent
es,dominatriz,en,dominatrix,altered
es,domingo,en,domingo,transparent
es,dominicano,en,dominican,transparent
es,dominico,en,dominica,transparent
es,dominio,en,domain,transparent
es,dominó,en,domino,transparent
es,doméstico,en,domestic,transparent
es,donación,en,donation,transparent
es,donante,en,donor,transparent
es,donar,en,donate,transparent
es,dopamina,en,dopamine,transparent
es,dopar,en,dope,altered
es,dormitorio,en,dormitory,transparent
es,dorsal,en,dorsal,transparent
es,dosis,en,dose,transparent
es,dossier,en,dossier,transparent
es,draconiano,en,draconian,transparent
es,dragón,en,dragon,transparent
es,drama,en,drama,transparent
es,dramatizar,en,dramatize,transparent
es,dramáticamente,en,dramatically,transparent
es,dramático,en,dramatic,transparent
es,dress,en,dress,transparent
es,dressing,en,dressing,transparent
es,druida,en,druid,transparent
es,drásticamente,en,drastically,transparent
es,drástico,en,drastic,transparent
es,dual,en,dual,transparent
es,dualidad,en,duality,transparent
es,dualismo,en,dualism,transparent
es,dublín,en,dublin,transparent
es,dubái,en,dubai,transparent
es,ducto,en,duct,transparent
es,dudoso,en,dubious,altered
es,duelo,en,duel,transparent
es,duna,en,dune,altered
es,duplicación,en,duplication,transparent
es,duplicado,en,duplicate,transparent
es,duque,en,duke,transparent
es,durabilidad,en,durability,transparent
es,durable,en,durable,transparent
es,duración,en,duration,transparent
es,dálmata,en,dalmatian,altered
es,débito,en,debit,altered
es,década,en,decade,transparent
es,déficit,en,deficit,transparent
es,déspota,en,despot,transparent
es,dígito,en,digit,transparent
es,dócil,en,docile,transparent
es,dólar,en,dollar,transparent
es,dúo,en,duo,transparent
es,dúplex,en,duplex,transparent
es,eclesiástico,en,ecclesiastical,transparent
es,eclipse,en,eclipse,transparent
es,ecléctico,en,eclectic,transparent
es,eco,en,echo,transparent
es,ecología,en,ecology,transparent
es,ecológicamente,en,ecologically,transparent
es,ecológico,en,ecological,transparent
es,economista,en,economist,transparent
es,economía,en,economy,transparent
es,económico,en,economic,transparent
es,ecosistema,en,ecosystem,transparent
es,ectópico,en,ectopic,altered
es,ecuación,en,equation,transparent
es,ecuador,en,equator,altered
es,ecualizador,en,equalizer,transparent
es,ecuatorial,en,equatorial,transparent
es,ecuatoriano,en,ecuadorian,transparent
es,ecuestre,en,equestrian,altered
es,ecuménico,en,ecumenical,transparent
es,eczema,en,eczema,transparent
es,edible,en,edible,transparent
es,edición,en,edition,transparent
es,edicto,en,edict,altered
es,edificio,en,edifice,altered
es,editor,en,editor,transparent
es,editorial,en,editorial,transparent
es,educacional,en,educational,transparent
es,educación,en,education,transparent
es,educador,en,educator,transparent
es,educar,en,educate,transparent
es,efectivamente,en,effectively,transparent
es,efectividad,en,effectiveness,altered
es,efectivo,en,effective,transparent
es,efecto,en,effect,transparent
es,efector,en,effector,transparent
es,eficacia,en,efficacy,transparent
es,eficiencia,en,efficiency,transparent
es,eficiente,en,efficient,transparent
es,eficientemente,en,efficiently,transparent
es,efigie,en,effigy,transparent
es,efímero,en,ephemeral,altered
es,egeo,en,aegean,altered
es,egipcio,en,egyptian,altered
es,ego,en,ego,transparent
es,egregio,en,egregious,transparent
es,egreso,en,egress,transparent
es,ejecución,en,execution,transparent
es,ejecutable,en,executable,transparent
es,ejecutar,en,execute,transparent
es,ejecutivo,en,executive,transparent
es,ejemplar,en,exemplary,transparent
es,ejemplificar,en,exemplify,altered
es,ejemplo,en,example,altered
es,ejercicio,en,exercise,altered
es,elaboración,en,elaboration,transparent
es,elaborar,en,elaborate,transparent
es,elasticidad,en,elasticity,transparent
es,eldorado,en,eldorado,transparent
es,elección,en,election,transparent
es,electivo,en,elective,transparent
es,elector,en,elector,transparent
es,electorado,en,electorate,transparent
es,electoral,en,electoral,transparent
es,electricidad,en,electricity,transparent
es,electricista,en,electrician,transparent
es,electrificación,en,electrification,transparent
es,electrificar,en,electrify,transparent
es,electro,en,electro,transparent
es,electrocución,en,electrocution,transparent
es,electrocutar,en,electrocute,transparent
es,electrodo,en,electrode,transparent
es,electromagnético,en,electromagnetic,transparent
es,electroquímico,en,electrochemical,altered
es,electrostático,en,electrostatic,transparent
es,electrólisis,en,electrolysis,transparent
es,electrón,en,electron,transparent
es,electrónica,en,electronics,transparent
es,electrónicamente,en,electronically,transparent
es,electrónico,en,electronic,transparent
es,elefante,en,elephant,transparent
es,elegancia,en,elegance,transparent
es,elegante,en,elegant,transparent
es,elegantemente,en,elegantly,transparent
es,elegibilidad,en,eligibility,transparent
es,elegible,en,eligible,transparent
es,elegir,en,elect,altered
es,elegía,en,elegy,transparent
es,elemental,en,elementary,transparent
es,elemento,en,element,transparent
es,elevación,en,elevation,transparent
es,elevador,en,elevator,transparent
es,elevar,en,elevate,transparent
es,eliminación,en,elimination,transparent
es,eliminar,en,eliminate,transparent
es,elipse,en,ellipse,transparent
es,eliseo,en,elysium,altered
es,elitismo,en,elitism,transparent
es,elitista,en,elitist,transparent
es,elixir,en,elixir,transparent
es,elocuente,en,eloquent,transparent
es,elogio,en,eulogy,altered
es,elongación,en,elongation,transparent
es,elongar,en,elongate,transparent
es,elucidar,en,elucidate,transparent
es,eludir,en,elude,transparent
es,elusivo,en,elusive,transparent
es,elástico,en,elastic,transparent
es,eléctrico,en,electric,transparent
es,elíptico,en,elliptical,transparent
es,emanar,en,emanate,transparent
es,emancipación,en,emancipation,transparent
es,emancipar,en,emancipate,transparent
es,embajada,en,embassy,altered
es,embajador,en,ambassador,transparent
es,embalsamar,en,embalm,transparent
es,embarcar,en,embark,transparent
es,embargo,en,embargo,transparent
es,embellecimiento,en,embellishment,altered
es,emblema,en,emblem,transparent
es,emblemático,en,emblematic,transparent
es,embolismo,en,embolism,transparent
es,embrionario,en,embryonic,altered
es,embrión,en,embryo,altered
es,emergencia,en,emergency,transparent
es,emergente,en,emergent,transparent
es,emerger,en,emerge,transparent
es,emigración,en,emigration,transparent
es,emigrante,en,emigrant,transparent
es,emigrar,en,emigrate,transparent
es,eminencia,en,eminence,transparent
es,eminente,en,eminent,transparent
es,emir,en,emir,transparent
es,emirato,en,emirate,transparent
es,emisión,en,emission,transparent
es,emitir,en,emit,transparent
es,emocional,en,emotional,transparent
es,emocionalmente,en,emotionally,transparent
es,emoción,en,emotion,transparent
es,emojis,en,emojis,transparent
es,emolumento,en,emolument,transparent
es,emotivo,en,emotive,transparent
es,empalizada,en,palisade,altered
es,empatizar,en,empathize,transparent
es,empatía,en,empathy,altered
es,emperador,en,emperor,altered
es,emperatriz,en,empress,altered
es,empleado,en,employee,altered
es,empleador,en,employer,transparent
es,empleo,en,employment,altered
es,empobrecer,en,impoverish,altered
es,empoderamiento,en,empowerment,altered
es,emporium,en,emporium,transparent
es,empresario,en,impresario,altered
es,empático,en,empathetic,altered
es,empírico,en,empirical,transparent
es,emulación,en,emulation,transparent
es,emulador,en,emulator,transparent
es,emular,en,emulate,transparent
es,emulsión,en,emulsion,transparent
es,emérito,en,emeritus,transparent
es,enamorar,en,enamor,transparent
es,encantamiento,en,enchantment,transparent
es,encantar,en,enchant,transparent
es,encapsular,en,encapsulate,transparent
es,encarcelación,en,incarceration,altered
es,encarcelar,en,incarcerate,transparent
es,encarnación,en,incarnation,altered
es,encefalitis,en,encephalitis,transparent
es,encefalopatía,en,encephalopathy,transparent
es,enciclopedia,en,encyclopedia,transparent
es,enclave,en,enclave,transparent
es,encriptación,en,encryption,transparent
es,encriptar,en,encrypt,altered
es,encubertar,en,covert,altered
es,encuentro,en,encounter,transparent
es,endocrino,en,endocrine,transparent
es,endocrinología,en,endocrinology,transparent
es,endometriosis,en,endometriosis,transparent
es,endorfina,en,endorphin,transparent
es,endoscopia,en,endoscopy,altered
es,endoscópico,en,endoscopic,altered
es,endoso,en,endorsement,altered
es,endotelial,en,endothelial,transparent
es,endurecer,en,endure,altered
es,endémico,en,endemic,transparent
es,endógeno,en,endogenous,altered
es,enema,en,enema,transparent
es,enemigo,en,enemy,altered
es,energizar,en,energize,transparent
es,energético,en,energetic,transparent
es,energía,en,energy,transparent
es,enfatizar,en,emphasize,transparent
es,enfermería,en,infirmary,altered
es,enfisema,en,emphysema,altered
es,enfáticamente,en,emphatically,transparent
es,enfático,en,emphatic,transparent
es,enigma,en,enigma,transparent
es,enigmático,en,enigmatic,transparent
es,enmendar,en,amend,altered
es,enorme,en,enormous,transparent
es,enormidad,en,enormity,transparent
es,enriquecer,en,enrich,transparent
es,enriquecimiento,en,enrichment,transparent
es,enrolamiento,en,enrollment,transparent
es,enrolar,en,enrol,transparent
es,ensalada,en,salad,altered
es,ensamblador,en,assembler,altered
es,ensamblaje,en,assemblage,altered
es,ensayo,en,essay,altered
es,enseña,en,ensign,transparent
es,entente,en,entente,transparent
es,entereza,en,entirety,altered
es,entero,en,entire,altered
es,enterramiento,en,interment,altered
es,entidad,en,entity,transparent
es,entomología,en,entomology,transparent
es,entonación,en,intonation,altered
es,entrada,en,entrance,altered
es,entrante,en,entrant,transparent
es,entrar,en,enter,altered
es,entretener,en,entertain,transparent
es,entretenimiento,en,entertainment,transparent
es,entrevistador,en,interviewer,altered
es,entrevistar,en,interview,altered
es,entropía,en,entropy,transparent
es,entusiasmo,en,enthusiasm,transparent
es,entusiasta,en,enthusiastic,transparent
es,enumeración,en,enumeration,transparent
es,enumerar,en,enumerate,transparent
es,enunciar,en,enunciate,transparent
es,enviado,en,envoy,altered
es,envidia,en,envy,altered
es,envidiable,en,enviable,transparent
es,envidioso,en,envious,transparent
es,envolvente,en,envelope,altered
es,enzima,en,enzyme,transparent
es,enzimático,en,enzymatic,transparent
es,enérgicamente,en,energetically,transparent
es,epicentro,en,epicenter,transparent
es,epidemia,en,epidemic,altered
es,epidemiología,en,epidemiology,transparent
es,epidemiológico,en,epidemiological,transparent
es,epidemiólogo,en,epidemiologist,altered
es,epidermis,en,epidermis,transparent
es,epidural,en,epidural,transparent
es,epidérmico,en,epidermal,altered
es,epifanía,en,epiphany,transparent
es,epilepsia,en,epilepsy,altered
es,epiléptico,en,epileptic,transparent
es,epinefrina,en,epinephrine,altered
es,episcopal,en,episcopalian,transparent
es,episodio,en,episode,transparent
es,epistemología,en,epistemology,transparent
es,episódico,en,episodic,transparent
es,epitafio,en,epitaph,altered
es,epitelial,en,epithelial,transparent
es,epitelio,en,epithelium,altered
es,epílogo,en,epilogue,transparent
es,epíteto,en,epithet,transparent
es,epítome,en,epitome,transparent
es,epónimo,en,eponymous,altered
es,equidad,en,equity,transparent
es,equilibrio,en,equilibrium,transparent
es,equino,en,equine,transparent
es,equinoccio,en,equinox,transparent
es,equipamiento,en,equipment,transparent
es,equipar,en,equip,transparent
es,equitativo,en,equitable,altered
es,equivalencia,en,equivalence,transparent
es,equivalente,en,equivalent,transparent
es,erección,en,erection,transparent
es,erecto,en,erect,transparent
es,ergo,en,ergo,transparent
es,ergonomía,en,ergonomics,transparent
es,ergonómico,en,ergonomic,altered
es,erin,en,erin,transparent
es,eros,en,eros,transparent
es,erosión,en,erosion,transparent
es,erradicación,en,eradication,transparent
es,erradicar,en,eradicate,transparent
es,errante,en,errant,transparent
es,errar,en,err,transparent
es,error,en,error,transparent
es,errático,en,erratic,transparent
es,erróneo,en,erroneous,transparent
es,erudito,en,erudite,transparent
es,erupción,en,eruption,transparent
es,eréctil,en,erectile,transparent
es,erótico,en,erotic,transparent
es,escala,en,scale,altered
es,escalabilidad,en,scalability,transparent
es,escalada,en,escalation,altered
es,escalar,en,escalate,transparent
es,escalpelo,en,scalpel,transparent
es,escamoso,en,squamous,altered
es,escandaloso,en,scandalous,altered
es,escandinavia,en,scandinavia,transparent
es,escandinavo,en,scandinavian,altered
es,escapada,en,escapade,transparent
es,escapar,en,escape,transparent
es,escapismo,en,escapism,transparent
es,escarabajo,en,scarab,altered
es,escarlata,en,scarlet,transparent
es,escena,en,scene,altered
es,escenario,en,scenario,altered
es,escepticismo,en,skepticism,transparent
es,esclavitud,en,enslavement,altered
es,esclerosis,en,sclerosis,transparent
es,escolar,en,scholar,altered
es,escoliosis,en,scoliosis,altered
es,escolta,en,escort,altered
es,escolástico,en,scholastic,transparent
es,escorpio,en,scorpio,transparent
es,escorpión,en,scorpion,transparent
es,escriba,en,scribe,altered
es,escritorio,en,desktop,altered
es,escritura,en,scripture,transparent
es,escroto,en,scrotum,transparent
es,escrutar,en,scrutinise,altered
es,escrutinio,en,scrutiny,altered
es,escrúpulo,en,scruple,altered
es,escuadra,en,square,altered
es,escuadrón,en,squadron,transparent
es,escudero,en,esquire,altered
es,esculpir,en,sculpt,altered
es,escultor,en,sculptor,altered
es,escultura,en,sculpture,altered
es,escultural,en,sculptural,transparent
es,escándalo,en,scandal,transparent
es,escáner,en,scanner,transparent
es,escénico,en,scenic,altered
es,escéptico,en,skeptical,altered
es,ese,en,ese,transparent
es,esencia,en,essence,transparent
es,esencial,en,essential,transparent
es,esencialmente,en,essentially,transparent
es,esfera,en,sphere,transparent
es,esfinge,en,sphinx,altered
es,esférico,en,spherical,altered
es,esfínter,en,sphincter,altered
es,eslavo,en,slavic,altered
es,eslogan,en,slogan,transparent
es,eslovaquia,en,slovakia,altered
es,eslovenia,en,slovenia,altered
es,eslálom,en,slalom,transparent
es,esmeralda,en,emerald,altered
es,esmog,en,smog,altered
es,esnob,en,snob,altered
es,esotérico,en,esoteric,transparent
es,espacial,en,spatial,transparent
es,espacialmente,en,spatially,transparent
es,espacio,en,space,transparent
es,espacioso,en,spacious,transparent
es,espagueti,en,spaghetti,altered
es,espartano,en,spartan,altered
es,espasmo,en,spasm,transparent
es,español,en,spanish,transparent
es,especia,en,spice,altered
es,especial,en,special,transparent
es,especialidad,en,specialty,altered
es,especialista,en,specialist,transparent
es,especialización,en,specialization,transparent
es,especializar,en,specialize,altered
es,especialmente,en,specially,altered
es,especie,en,species,transparent
es,especificación,en,specification,transparent
es,especificar,en,specify,transparent
es,especificidad,en,specificity,transparent
es,espectacular,en,spectacular,transparent
es,espectador,en,spectator,transparent
es,espectral,en,spectral,transparent
es,espectro,en,spectrum,altered
es,espectrometría,en,spectrometry,transparent
es,espectroscopia,en,spectroscopy,transparent
es,espectrómetro,en,spectrometer,transparent
es,espectáculo,en,spectacle,transparent
es,especulación,en,speculation,transparent
es,especulador,en,speculator,transparent
es,especular,en,speculate,transparent
es,especulativo,en,speculative,transparent
es,específicamente,en,specifically,transparent
es,específico,en,specific,transparent
es,esperanto,en,esperanto,transparent
es,esperanza,en,esperanza,transparent
es,esperma,en,sperm,transparent
es,espiga,en,spike,altered
es,espina,en,spine,transparent
es,espinaca,en,spinach,altered
es,espinal,en,spinal,transparent
es,espionaje,en,espionage,transparent
es,espira,en,spire,transparent
es,espiral,en,spiral,transparent
es,espiritual,en,spiritual,transparent
es,espiritualidad,en,spirituality,transparent
es,esplendor,en,splendor,transparent
es,espléndidamente,en,splendidly,altered
es,espléndido,en,splendid,transparent
es,esponjoso,en,spongy,altered
es,espontaneidad,en,spontaneity,transparent
es,espontáneamente,en,spontaneously,transparent
es,espontáneo,en,spontaneous,transparent
es,espora,en,spore,transparent
es,esporádicamente,en,sporadically,transparent
es,esporádico,en,sporadic,altered
es,espresso,en,espresso,transparent
es,espárrago,en,asparagus,transparent
es,espátula,en,spatula,altered
es,espécimen,en,specimen,transparent
es,espíritu,en,spirit,altered
es,esqueleto,en,skeleton,transparent
es,esquelético,en,skeletal,altered
es,esquema,en,scheme,transparent
es,esquemático,en,schematic,altered
es,esquizofrenia,en,schizophrenia,transparent
es,esquizofrénico,en,schizophrenic,altered
es,esquí,en,ski,transparent
es,estabilidad,en,stability,transparent
es,estabilización,en,stabilization,transparent
es,estabilizador,en,stabilizer,transparent
es,estabilizar,en,stabilize,transparent
es,estable,en,stable,transparent
es,establecer,en,establish,transparent
es,establecimiento,en,establishment,transparent
es,estacional,en,seasonal,transparent
es,estacionario,en,stationary,transparent
es,estación,en,station,transparent
es,estadio,en,stadium,altered
es,estado,en,state,transparent
es,estadística,en,statistic,transparent
es,estadísticamente,en,statistically,transparent
es,estadístico,en,statistical,transparent
es,estafilococo,en,staphylococcus,altered
es,estalinista,en,stalinist,altered
es,estambre,en,stamen,altered
es,estampa,en,stamp,transparent
es,estancar,en,stagnant,altered
es,estandarización,en,standardization,transparent
es,estandarizar,en,standardize,altered
es,estasis,en,stasis,transparent
es,estatista,en,statist,transparent
es,estatua,en,statue,transparent
es,estatura,en,stature,transparent
es,estatus,en,status,transparent
es,estatutario,en,statutory,transparent
es,estatuto,en,statute,transparent
es,estelar,en,stellar,transparent
es,estenosis,en,stenosis,altered
es,estepa,en,steppe,altered
es,estereotipo,en,stereotype,transparent
es,estereotípico,en,stereotypical,transparent
es,esterilización,en,sterilization,transparent
es,esterilizar,en,sterilize,transparent
es,esternón,en,sternum,altered
es,esteroide,en,steroid,transparent
es,estetoscopio,en,stethoscope,altered
es,estigma,en,stigma,transparent
es,estigmatizar,en,stigmatize,altered
es,estilete,en,stiletto,altered
es,estilista,en,stylist,transparent
es,estilizar,en,stylize,transparent
es,estilo,en,style,transparent
es,estilísticamente,en,stylistically,altered
es,estilístico,en,stylistic,transparent
es,estimación,en,estimation,transparent
es,estimador,en,estimator,transparent
es,estimar,en,estimate,transparent
es,estimulación,en,stimulation,transparent
es,estimulante,en,stimulant,transparent
es,estimular,en,stimulate,transparent
es,estipendio,en,stipend,transparent
es,estipulación,en,stipulation,transparent
es,estipular,en,stipulate,altered
es,estocástico,en,stochastic,transparent
es,estoicismo,en,stoicism,transparent
es,estoico,en,stoic,transparent
es,estradiol,en,estradiol,transparent
es,estrangulación,en,strangulation,transparent
es,estrangular,en,strangle,transparent
es,estratega,en,strategist,altered
es,estrategia,en,strategy,transparent
es,estratificación,en,stratification,transparent
es,estratificar,en,stratify,transparent
es,estratigrafía,en,stratigraphy,transparent
es,estratigráfico,en,stratigraphic,transparent
es,estrato,en,stratum,altered
es,estratosfera,en,stratosphere,transparent
es,estratosférico,en,stratospheric,altered
es,estratégicamente,en,strategically,transparent
es,estratégico,en,strategic,transparent
es,estreptococo,en,streptococcus,altered
es,estresante,en,stressful,altered
es,estrictamente,en,strictly,transparent
es,estricto,en,strict,altered
es,estridente,en,strident,transparent
es,estroncio,en,strontium,altered
es,estructura,en,structure,transparent
es,estructural,en,structural,transparent
es,estrés,en,stress,transparent
es,estrógeno,en,estrogen,transparent
es,estuario,en,estuary,transparent
es,estuco,en,stucco,transparent
es,estudiante,en,student,transparent
es,estudio,en,study,transparent
es,estupendo,en,stupendous,transparent
es,estupidez,en,stupidity,transparent
es,estupor,en,stupor,altered
es,estándar,en,standard,transparent
es,estático,en,static,transparent
es,estéreo,en,stereo,altered
es,estéril,en,sterile,transparent
es,estética,en,aesthetics,altered
es,estéticamente,en,aesthetically,altered
es,estético,en,aesthetic,transparent
es,estímulo,en,stimulus,transparent
es,estípite,en,stipe,transparent
es,estómago,en,stomach,transparent
es,estúpidamente,en,stupidly,transparent
es,estúpido,en,stupid,transparent
es,esófago,en,esophagus,transparent
es,eta,en,eta,transparent
es,etanol,en,ethanol,transparent
es,etcétera,en,etcetera,transparent
es,eternidad,en,eternity,transparent
es,eterno,en,eternal,transparent
es,ethernet,en,ethernet,transparent
es,ethos,en,ethos,transparent
es,etilo,en,ethyl,altered
es,etimología,en,etymology,transparent
es,etiología,en,etiology,transparent
es,etiqueta,en,etiquette,transparent
es,etnicidad,en,ethnicity,transparent
es,etno,en,ethno,transparent
es,etnográfico,en,ethnographic,transparent
es,etéreo,en,ethereal,transparent
es,etíope,en,ethiopian,altered
es,eucarioto,en,eukaryote,altered
es,eucaristía,en,eucharist,transparent
es,euclidiano,en,euclidean,transparent
es,eufemismo,en,euphemism,transparent
es,euforia,en,euphoria,transparent
es,eufórico,en,euphoric,transparent
es,eugenesia,en,eugenics,altered
es,eugenia,en,eugenia,transparent
es,eunuco,en,eunuch,transparent
es,eureka,en,eureka,transparent
es,euro,en,euro,transparent
es,euroasiático,en,eurasian,transparent
es,europeo,en,european,transparent
es,eurovisión,en,eurovision,transparent
es,eurozona,en,eurozone,transparent
es,eutanasia,en,euthanasia,altered
es,evacuación,en,evacuation,transparent
es,evacuado,en,evacuee,altered
es,evacuar,en,evacuate,transparent
es,evadir,en,evade,transparent
es,evaluación,en,evaluation,transparent
es,evaluador,en,evaluator,transparent
es,evaluar,en,evaluate,transparent
es,evangelismo,en,evangelism,transparent
es,evangelista,en,evangelist,transparent
es,evangelizar,en,evangelize,transparent
es,evangélico,en,evangelical,transparent
es,evaporación,en,evaporation,transparent
es,evaporar,en,evaporate,transparent
es,evasivo,en,evasive,transparent
es,evasión,en,evasion,transparent
es,evento,en,event,transparent
es,eventualidad,en,eventuality,transparent
es,eventualmente,en,eventually,transparent
es,evidencia,en,evidence,transparent
es,evidente,en,evident,transparent
es,evidentemente,en,evidently,transparent
es,evocación,en,evocation,transparent
es,evocar,en,evoke,altered
es,evocativo,en,evocative,transparent
es,evolución,en,evolution,transparent
es,evolutivo,en,evolutionary,altered
es,exacerbar,en,exacerbate,altered
es,exactamente,en,exactly,transparent
es,exacto,en,exact,transparent
es,exageración,en,exaggeration,transparent
es,exagerar,en,exaggerate,transparent
es,exaltar,en,exalt,transparent
es,examen,en,exam,transparent
es,examinación,en,examination,transparent
es,examinador,en,examiner,transparent
es,examinar,en,examine,transparent
es,exasperación,en,exasperation,transparent
es,exasperar,en,exasperate,transparent
es,excavación,en,excavation,transparent
es,excavador,en,excavator,transparent
es,excavar,en,excavate,transparent
es,exceder,en,exceed,transparent
es,excelencia,en,excellence,transparent
es,excelente,en,excellent,transparent
es,excelso,en,excelsior,altered
es,excentricidad,en,eccentricity,altered
es,excepcional,en,exceptional,transparent
es,excepcionalmente,en,exceptionally,transparent
es,excepción,en,exception,transparent
es,excepto,en,except,transparent
es,excesivamente,en,excessively,transparent
es,excesivo,en,excessive,altered
es,exceso,en,excess,transparent
es,excitable,en,excitable,transparent
es,excitación,en,excitation,transparent
es,excitar,en,excite,transparent
es,exclamación,en,exclamation,transparent
es,exclamar,en,exclaim,altered
es,excluir,en,exclude,transparent
es,exclusivamente,en,exclusively,transparent
es,exclusividad,en,exclusivity,transparent
es,exclusivo,en,exclusive,transparent
es,exclusión,en,exclusion,transparent
es,excluyente,en,exclusionary,altered
es,excomulgar,en,excommunicate,altered
es,excomunión,en,excommunication,altered
es,excreción,en,excretion,transparent
es,excremento,en,excrement,transparent
es,excretar,en,excrete,transparent
es,excursión,en,excursion,transparent
es,excusa,en,excuse,transparent
es,excéntrico,en,eccentric,transparent
es,exención,en,exemption,transparent
es,exento,en,exempt,transparent
es,exhalar,en,exhale,transparent
es,exhaustivo,en,exhaustive,transparent
es,exhibición,en,exhibition,transparent
es,exhibidor,en,exhibitor,transparent
es,exhibir,en,exhibit,transparent
es,exhortación,en,exhortation,transparent
es,exhortar,en,exhort,transparent
es,exhumar,en,exhume,transparent
es,exilio,en,exile,transparent
es,existencia,en,existence,transparent
es,existencial,en,existential,transparent
es,existencialismo,en,existentialism,transparent
es,existente,en,existent,transparent
es,existir,en,exist,transparent
es,exonerar,en,exonerate,transparent
es,exorcismo,en,exorcism,transparent
es,exorcista,en,exorcist,transparent
es,exorcizar,en,exorcise,altered
es,expandible,en,expandable,transparent
es,expandir,en,expand,transparent
es,expansivo,en,expansive,transparent
es,expansión,en,expansion,transparent
es,expatriado,en,expatriate,transparent
es,expectativa,en,expectation,altered
es,expedicionario,en,expeditionary,transparent
es,expedición,en,expedition,transparent
es,expediente,en,expedient,transparent
es,expedir,en,expedite,altered
es,expender,en,expend,altered
es,experiencia,en,experience,transparent
es,experiencial,en,experiential,transparent
es,experimentación,en,experimentation,transparent
es,experimentador,en,experimenter,transparent
es,experimental,en,experimental,transparent
es,experimento,en,experiment,altered
es,experto,en,expert,transparent
es,expiración,en,expiration,transparent
es,expirar,en,expire,transparent
es,explicación,en,explanation,transparent
es,exploración,en,exploration,transparent
es,explorador,en,explorer,transparent
es,explorar,en,explore,altered
es,exploratorio,en,exploratory,transparent
es,explosivo,en,explosive,transparent
es,explosión,en,explosion,transparent
es,explotación,en,exploit,altered
es,explotar,en,explode,altered
es,explícitamente,en,explicitly,transparent
es,explícito,en,explicit,transparent
es,expo,en,expo,transparent
es,exponencial,en,exponential,transparent
es,exponencialmente,en,exponentially,transparent
es,exponente,en,exponent,transparent
es,exponer,en,expose,transparent
es,exportador,en,exporter,transparent
es,exportar,en,export,transparent
es,exposición,en,exposure,transparent
es,expresar,en,express,transparent
es,expresionista,en,expressionist,transparent
es,expresivo,en,expressive,transparent
es,expresión,en,expression,transparent
es,expropiación,en,expropriation,transparent
es,expropiar,en,expropriate,altered
es,expulsar,en,expel,altered
es,expulsión,en,expulsion,transparent
es,exquisito,en,exquisite,transparent
es,extender,en,extend,transparent
es,extensión,en,extension,transparent
es,extenso,en,extensive,transparent
es,exterior,en,exterior,transparent
es,exterminación,en,extermination,transparent
es,exterminador,en,exterminator,transparent
es,exterminar,en,exterminate,transparent
es,externalidad,en,externality,transparent
es,externamente,en,externally,transparent
es,externo,en,external,altered
es,extinción,en,extinction,transparent
es,extinguir,en,extinguish,transparent
es,extinto,en,extinct,transparent
es,extorsionar,en,extort,altered
es,extorsión,en,extortion,transparent
es,extra,en,extra,transparent
es,extracción,en,extraction,transparent
es,extracelular,en,extracellular,transparent
es,extractivo,en,extractive,transparent
es,extracto,en,extract,transparent
es,extradición,en,extradition,transparent
es,extraditar,en,extradite,transparent
es,extraescolar,en,extracurricular,altered
es,extrajudicial,en,extrajudicial,transparent
es,extramarital,en,extramarital,transparent
es,extraordinario,en,extraordinary,transparent
es,extrapolación,en,extrapolation,transparent
es,extrapolar,en,extrapolate,transparent
es,extraterrestre,en,extraterrestrial,transparent
es,extravagancia,en,extravaganza,transparent
es,extravagante,en,extravagant,transparent
es,extrañamente,en,strangely,altered
es,extrañar,en,estrange,altered
es,extrañeza,en,strangeness,altered
es,extraño,en,extraneous,altered
es,extremadamente,en,extremely,transparent
es,extremidad,en,extremity,transparent
es,extremismo,en,extremism,transparent
es,extremista,en,extremist,transparent
es,extremo,en,extreme,transparent
es,extrovertido,en,extrovert,altered
es,extrínseco,en,extrinsic,transparent
es,extático,en,ecstatic,altered
es,exuberancia,en,exuberance,transparent
es,exuberante,en,exuberant,transparent
es,exudar,en,exude,transparent
es,exégesis,en,exegesis,transparent
es,exógeno,en,exogenous,transparent
es,exótico,en,exotic,transparent
es,eyaculación,en,ejaculation,altered
es,eyacular,en,ejaculate,altered
es,eyección,en,ejection,transparent
es,eyeliner,en,eyeliner,transparent
es,eón,en,eon,transparent
es,fabricación,en,fabrication,transparent
es,fabricar,en,fabricate,transparent
es,fabulosamente,en,fabulously,transparent
es,fabuloso,en,fabulous,transparent
es,facción,en,faction,transparent
es,fachada,en,facade,altered
es,facial,en,facial,transparent
es,facilidad,en,facility,transparent
es,facilitación,en,facilitation,transparent
es,facilitador,en,facilitator,transparent
es,facilitar,en,facilitate,transparent
es,factor,en,factor,transparent
es,factual,en,factual,transparent
es,facultad,en,faculty,transparent
es,falacia,en,fallacy,transparent
es,falange,en,phalanx,altered
es,falaz,en,fallacious,altered
es,falla,en,failure,transparent
es,falsamente,en,falsely,altered
es,falsete,en,falsetto,altered
es,falsificar,en,falsify,transparent
es,falso,en,false,transparent
es,falta,en,fault,altered
es,fama,en,fame,transparent
es,familia,en,family,transparent
es,familiar,en,familiar,transparent
es,familiaridad,en,familiarity,transparent
es,famoso,en,famous,transparent
es,fan,en,fan,transparent
es,fanatismo,en,fanaticism,altered
es,fandango,en,fandango,transparent
es,fandom,en,fandom,transparent
es,fanfarria,en,fanfare,transparent
es,fantasear,en,fantasize,transparent
es,fantasma,en,phantom,altered
es,fantasía,en,fantasy,transparent
es,fantásticamente,en,fantastically,transparent
es,fantástico,en,fantastic,transparent
es,fanático,en,fanatic,transparent
es,faraón,en,pharaoh,altered
es,farina,en,farina,transparent
es,fariseo,en,pharisee,altered
es,farma,en,pharma,altered
es,farmacia,en,pharmacy,transparent
es,farmacología,en,pharmacology,altered
es,farmacológico,en,pharmacological,altered
es,farmacéutico,en,pharmaceutical,altered
es,farsa,en,farce,altered
es,fascia,en,fascia,transparent
es,fascinación,en,fascination,transparent
es,fascinar,en,fascinate,transparent
es,fascismo,en,fascism,transparent
es,fascista,en,fascist,transparent
es,fase,en,phase,transparent
es,fatal,en,fatal,transparent
es,fatalidad,en,fatality,transparent
es,fatalmente,en,fatally,transparent
es,fatiga,en,fatigue,transparent
es,fauna,en,fauna,transparent
es,favor,en,favor,transparent
es,favorable,en,favourable,transparent
es,favorablemente,en,favorably,transparent
es,favoritismo,en,favoritism,transparent
es,favorito,en,favourite,transparent
es,fax,en,fax,transparent
es,febrero,en,february,altered
es,federación,en,federation,transparent
es,federal,en,federal,transparent
es,federalismo,en,federalism,transparent
es,federalista,en,federalist,transparent
es,federar,en,federate,altered
es,fedora,en,fedora,transparent
es,feedback,en,feedback,transparent
es,felicidad,en,felicity,altered
es,felino,en,feline,transparent
es,felón,en,felon,transparent
es,femenino,en,female,altered
es,feminidad,en,femininity,transparent
es,feminismo,en,feminism,transparent
es,feminista,en,feminist,transparent
es,femoral,en,femoral,transparent
es,fenicio,en,phoenician,altered
es,fenol,en,phenol,altered
es,fenomenal,en,phenomenal,transparent
es,fenomenalmente,en,phenomenally,altered
es,fenomenología,en,phenomenology,altered
es,fenotipo,en,phenotype,transparent
es,fentanilo,en,fentanyl,transparent
es,fenómeno,en,phenomenon,transparent
es,feral,en,feral,transparent
es,fermentación,en,fermentation,transparent
es,fermento,en,ferment,transparent
es,ferocidad,en,ferocity,transparent
es,feromona,en,pheromone,altered
es,feroz,en,ferocious,altered
es,ferrari,en,ferrari,transparent
es,fertilidad,en,fertility,transparent
es,fertilización,en,fertilization,transparent
es,fertilizar,en,fertilize,transparent
es,ferviente,en,fervent,altered
es,fervientemente,en,fervently,transparent
es,fervor,en,fervor,transparent
es,festival,en,festival,transparent
es,festividad,en,festivity,altered
es,festivo,en,festive,transparent
es,feta,en,feta,transparent
es,fetal,en,fetal,transparent
es,fetiche,en,fetish,transparent
es,feto,en,fetus,transparent
es,feudal,en,feudal,transparent
es,feudalismo,en,feudalism,transparent
es,feudo,en,feud,altered
es,fi,en,phi,transparent
es,fiasco,en,fiasco,transparent
es,fibra,en,fiber,altered
es,fibrilación,en,fibrillation,transparent
es,fibroblasto,en,fibroblast,transparent
es,fibromialgia,en,fibromyalgia,altered
es,fibrosis,en,fibrosis,transparent
es,fibroso,en,fibrous,transparent
es,ficcional,en,fictional,transparent
es,ficción,en,fiction,transparent
es,ficticio,en,fictitious,transparent
es,fidelidad,en,fidelity,transparent
es,fiduciario,en,fiduciary,transparent
es,fiebre,en,fever,altered
es,fiero,en,fierce,altered
es,fiesta,en,fiesta,transparent
es,figura,en,figure,transparent
es,figurativamente,en,figuratively,transparent
es,figurativo,en,figurative,transparent
es,fijación,en,fixation,transparent
es,fijar,en,fixate,altered
es,filamento,en,filament,transparent
es,filantropía,en,philanthropy,transparent
es,filantrópico,en,philanthropic,altered
es,filarmónico,en,philharmonic,transparent
es,filete,en,fillet,transparent
es,filial,en,filial,transparent
es,filipino,en,filipino,transparent
es,film,en,film,transparent
es,filogenético,en,phylogenetic,altered
es,filología,en,philology,altered
es,filosofía,en,philosophy,transparent
es,filosóficamente,en,philosophically,transparent
es,filosófico,en,philosophical,transparent
es,filtración,en,filtration,transparent
es,filtro,en,filter,transparent
es,filántropo,en,philanthropist,transparent
es,filósofo,en,philosopher,altered
es,fin,en,fin,transparent
es,final,en,final,transparent
es,finalidad,en,finality,transparent
es,finalista,en,finalist,transparent
es,finalizar,en,finalize,transparent
es,finalmente,en,finally,transparent
es,financiación,en,financing,transparent
es,financieramente,en,financially,transparent
es,financiero,en,financial,transparent
es,finanza,en,finance,transparent
es,fineza,en,finesse,altered
es,fingimiento,en,feint,altered
es,finito,en,finite,transparent
es,fiordo,en,fjord,altered
es,firme,en,firm,transparent
es,firmeza,en,firmness,altered
es,firmware,en,firmware,transparent
es,fiscal,en,fiscal,transparent
es,fiscalmente,en,fiscally,transparent
es,fisio,en,physio,transparent
es,fisiología,en,physiology,transparent
es,fisiológicamente,en,physiologically,altered
es,fisiológico,en,physiological,transparent
es,fisioterapia,en,physiotherapy,altered
es,fisión,en,fission,transparent
es,fisura,en,fissure,transparent
es,fitness,en,fitness,transparent
es,fitoplancton,en,phytoplankton,transparent
es,flagrante,en,flagrant,transparent
es,flake,en,flake,transparent
es,flama,en,flame,transparent
es,flamenco,en,flamenco,transparent
es,flamengo,en,flamingo,altered
es,flauta,en,flute,altered
es,flexibilidad,en,flexibility,transparent
es,flexible,en,flexible,transparent
es,flexión,en,flexion,transparent
es,flexor,en,flexor,transparent
es,flirteo,en,flirtation,altered
es,flora,en,flora,transparent
es,floral,en,floral,transparent
es,florecer,en,flourish,altered
es,florentino,en,florentine,transparent
es,florista,en,florist,transparent
es,florín,en,florin,transparent
es,flota,en,fleet,altered
es,flotación,en,flotation,transparent
es,flotilla,en,flotilla,transparent
es,fluctuación,en,fluctuation,transparent
es,fluctuar,en,fluctuate,transparent
es,fluidez,en,fluency,altered
es,fluido,en,fluid,transparent
es,flujo,en,flux,altered
es,fluor,en,fluorine,altered
es,fluorescencia,en,fluorescence,transparent
es,fluorescente,en,fluorescent,transparent
es,fluoruro,en,fluoride,transparent
es,fobia,en,phobia,altered
es,focal,en,focal,transparent
es,foco,en,focus,altered
es,folato,en,folate,transparent
es,folclore,en,folklore,transparent
es,folio,en,folio,transparent
es,folículo,en,follicle,transparent
es,fomentar,en,foment,transparent
es,fondo,en,funding,altered
es,fonema,en,phoneme,transparent
es,fono,en,phone,altered
es,fonología,en,phonology,transparent
es,fonológico,en,phonological,altered
es,fonético,en,phonetic,transparent
es,fonógrafo,en,phonograph,transparent
es,forense,en,forensic,transparent
es,forestal,en,forester,altered
es,forestar,en,forest,altered
es,forex,en,forex,transparent
es,forja,en,forge,altered
es,forjador,en,forger,altered
es,forma,en,form,transparent
es,formación,en,formation,transparent
es,formal,en,formal,transparent
es,formaldehído,en,formaldehyde,transparent
es,formalidad,en,formality,transparent
es,formalismo,en,formalism,altered
es,formalizar,en,formalize,transparent
es,formativo,en,formative,transparent
es,formato,en,format,transparent
es,formulación,en,formulation,transparent
es,formular,en,formulate,transparent
es,fornicación,en,fornication,transparent
es,foro,en,forum,transparent
es,forraje,en,forage,transparent
es,fortaleza,en,fortress,altered
es,fortificación,en,fortification,transparent
es,fortuito,en,fortuitous,transparent
es,fortuna,en,fortune,transparent
es,foráneo,en,foreign,altered
es,fosa,en,fossa,altered
es,fosfatasa,en,phosphatase,altered
es,fosfato,en,phosphate,transparent
es,fosforilación,en,phosphorylation,altered
es,fosilizar,en,fossilize,transparent
es,foto,en,photo,transparent
es,fotocopia,en,photocopy,transparent
es,fotografía,en,photograph,altered
es,fotográfico,en,photographic,transparent
es,fotogénico,en,photogenic,transparent
es,fotosintético,en,photosynthetic,altered
es,fotosíntesis,en,photosynthesis,altered
es,fotógrafo,en,photographer,transparent
es,fotón,en,photon,transparent
es,fraccional,en,fractional,transparent
es,fracción,en,fraction,transparent
es,fractal,en,fractal,transparent
es,fractura,en,fracture,transparent
es,fragancia,en,fragrance,transparent
es,fragata,en,frigate,altered
es,fragilidad,en,fragility,transparent
es,fragmentación,en,fragmentation,transparent
es,fragmento,en,fragment,transparent
es,fraile,en,friar,altered
es,francia,en,france,transparent
es,franciscano,en,franciscan,transparent
es,francmasonería,en,freemasonry,altered
es,francmasón,en,freemason,altered
es,franco,en,frank,altered
es,franela,en,flannel,altered
es,frankfurter,en,frankfurter,transparent
es,franquicia,en,franchise,transparent
es,frase,en,phrase,transparent
es,fraternal,en,fraternal,transparent
es,fraternidad,en,fraternity,transparent
es,frau,en,frau,transparent
es,fraude,en,fraud,transparent
es,fraudulentamente,en,fraudulently,transparent
es,fraudulento,en,fraudulent,transparent
es,frecuencia,en,frequency,transparent
es,frecuente,en,frequent,transparent
es,frecuentemente,en,frequently,transparent
es,freelance,en,freelance,transparent
es,frenesí,en,frenzy,transparent
es,frenéticamente,en,frantically,altered
es,frenético,en,frantic,altered
es,fresco,en,fresco,transparent
es,fricción,en,friction,transparent
es,friso,en,frieze,altered
es,frontal,en,frontal,transparent
es,frontera,en,frontier,altered
es,fructosa,en,fructose,transparent
es,frugal,en,frugal,transparent
es,fruición,en,fruition,transparent
es,frustración,en,frustration,transparent
es,frustrar,en,frustrate,transparent
es,frágil,en,fragile,transparent
es,frígido,en,frigid,transparent
es,frívolo,en,frivolous,transparent
es,fucsia,en,fuchsia,altered
es,fuente,en,fountain,altered
es,fuerte,en,fort,transparent
es,fuga,en,fugue,altered
es,fugitivo,en,fugitive,transparent
es,fulcro,en,fulcrum,transparent
es,funcional,en,functional,transparent
es,funcionalidad,en,functionality,transparent
es,función,en,function,altered
es,fundacional,en,foundational,altered
es,fundación,en,foundation,transparent
es,fundador,en,founder,altered
es,fundamental,en,fundamental,transparent
es,fundamentalismo,en,fundamentalism,transparent
es,fundamentalista,en,fundamentalist,transparent
es,fundamentalmente,en,fundamentally,transparent
es,fundición,en,foundry,altered
es,funeral,en,funeral,transparent
es,fungicida,en,fungicide,transparent
es,furia,en,fury,transparent
es,furioso,en,furious,transparent
es,fuselaje,en,fuselage,transparent
es,fusible,en,fuse,altered
es,fusilero,en,fusilier,altered
es,fusión,en,fusion,transparent
es,futilidad,en,futility,transparent
es,futsal,en,futsal,transparent
es,futurista,en,futuristic,altered
es,futuro,en,future,transparent
es,futón,en,futon,transparent
es,fábrica,en,factory,altered
es,fácil,en,facile,transparent
es,fálico,en,phallic,altered
es,fémur,en,femur,transparent
es,férreo,en,ferrous,altered
es,fértil,en,fertile,transparent
es,fíbula,en,fibula,transparent
es,física,en,physics,transparent
es,físicamente,en,physically,altered
es,físico,en,physical,transparent
es,fístula,en,fistula,transparent
es,fólico,en,folic,transparent
es,fónico,en,phonics,altered
es,fórceps,en,forceps,transparent
es,fórmula,en,formula,transparent
es,fósforo,en,phosphorus,altered
es,fósil,en,fossil,transparent
es,fútbol,en,football,transparent
es,fútil,en,futile,transparent
es,gabinete,en,cabinet,transparent
es,gacela,en,gazelle,transparent
es,gaceta,en,gazette,transparent
es,gala,en,gala,transparent
es,galante,en,gallant,transparent
es,galantería,en,gallantry,transparent
es,galaxia,en,galaxy,transparent
es,galena,en,galena,transparent
es,galera,en,galley,altered
es,galería,en,gallery,transparent
es,galeón,en,galleon,transparent
es,galia,en,gaul,altered
es,galio,en,gallium,altered
es,galope,en,gallop,transparent
es,galvanizar,en,galvanize,transparent
es,galáctico,en,galactic,transparent
es,galón,en,gallon,transparent
es,gambia,en,gambia,transparent
es,gambito,en,gambit,transparent
es,gameplay,en,gameplay,transparent
es,gamma,en,gamma,transparent
es,ganglio,en,ganglion,altered
es,gangrena,en,gangrene,transparent
es,ganja,en,ganja,transparent
es,garaje,en,garage,transparent
es,garante,en,guarantor,altered
es,garantía,en,guarantee,transparent
es,gas,en,gas,transparent
es,gaseoso,en,gaseous,transparent
es,gasolina,en,gasoline,transparent
es,gastro,en,gastro,transparent
es,gastroenterología,en,gastroenterology,transparent
es,gastrointestinal,en,gastrointestinal,transparent
es,gastronomía,en,gastronomy,transparent
es,gay,en,gay,transparent
es,gazebo,en,gazebo,transparent
es,geisha,en,geisha,transparent
es,gel,en,gel,transparent
es,gelatina,en,gelatin,transparent
es,gelato,en,gelato,transparent
es,gendarme,en,gendarme,transparent
es,genealogía,en,genealogy,transparent
es,genealógico,en,genealogical,transparent
es,generacional,en,generational,transparent
es,generación,en,generation,transparent
es,generador,en,generator,transparent
es,general,en,general,transparent
es,generalidad,en,generality,transparent
es,generalista,en,generalist,transparent
es,generalización,en,generalization,transparent
es,generalizar,en,generalize,transparent
es,generalmente,en,generally,transparent
es,generar,en,generate,transparent
es,generativo,en,generative,transparent
es,generosidad,en,generosity,transparent
es,generoso,en,generous,transparent
es,genetista,en,geneticist,altered
es,genial,en,genial,transparent
es,genio,en,genius,altered
es,genital,en,genital,transparent
es,genocida,en,genocidal,transparent
es,genocidio,en,genocide,transparent
es,genoma,en,genome,transparent
es,genotipo,en,genotype,transparent
es,gentil,en,gentle,transparent
es,gentrificación,en,gentrification,transparent
es,genuino,en,genuine,transparent
es,genérico,en,generic,transparent
es,genética,en,genetics,transparent
es,genéticamente,en,genetically,transparent
es,genético,en,genetic,transparent
es,genómica,en,genomics,transparent
es,genómico,en,genomic,transparent
es,geofísica,en,geophysics,transparent
es,geofísico,en,geophysical,transparent
es,geografía,en,geography,transparent
es,geográficamente,en,geographically,transparent
es,geográfico,en,geographic,transparent
es,geología,en,geology,transparent
es,geológico,en,geological,transparent
es,geometría,en,geometry,transparent
es,geométrico,en,geometric,transparent
es,geopolítico,en,geopolitical,transparent
es,geotérmico,en,geothermal,transparent
es,geranio,en,geranium,transparent
es,gerard,en,gerard,transparent
es,geriátrico,en,geriatric,transparent
es,germen,en,germ,transparent
es,germinación,en,germination,transparent
es,germinar,en,germinate,transparent
es,germánico,en,germanic,transparent
es,gestacional,en,gestational,transparent
es,gestación,en,gestation,transparent
es,gestalt,en,gestalt,transparent
es,gesto,en,gesture,transparent
es,geógrafo,en,geographer,transparent
es,geólogo,en,geologist,transparent
es,gibraltar,en,gibraltar,transparent
es,gigabit,en,gigabit,transparent
es,gigante,en,giant,transparent
es,gigantesco,en,gigantic,altered
es,gimnasia,en,gymnastics,altered
es,gimnasio,en,gym,altered
es,gimnasta,en,gymnast,transparent
es,gimnástico,en,gymnastic,altered
es,ginebra,en,gin,altered
es,ginecología,en,gynecology,transparent
es,ginecólogo,en,gynecologist,transparent
es,ginseng,en,ginseng,transparent
es,giro,en,giro,transparent
es,giroscopio,en,gyroscope,altered
es,glacial,en,glacial,transparent
es,gladiador,en,gladiator,transparent
es,glamur,en,glamour,altered
es,glandular,en,glandular,transparent
es,glicerina,en,glycerin,transparent
es,glicol,en,glycol,altered
es,glifosato,en,glyphosate,altered
es,global,en,global,transparent
es,globalista,en,globalist,transparent
es,globalización,en,globalization,transparent
es,globalizar,en,globalize,transparent
es,globalmente,en,globally,transparent
es,globo,en,globe,transparent
es,globular,en,globular,transparent
es,gloria,en,glory,transparent
es,glorificación,en,glorification,transparent
es,glorioso,en,glorious,transparent
es,glosa,en,gloss,transparent
es,glosario,en,glossary,transparent
es,glotonería,en,gluttony,altered
es,glucosa,en,glucose,transparent
es,glucógeno,en,glycogen,transparent
es,glutamato,en,glutamate,transparent
es,glutatión,en,glutathione,altered
es,gluten,en,gluten,transparent
es,gnóstico,en,gnostic,transparent
es,gobernador,en,governor,transparent
es,gobernanta,en,governess,altered
es,gobernanza,en,governance,transparent
es,gobernar,en,govern,transparent
es,gobierno,en,government,transparent
es,golf,en,golf,transparent
es,golfista,en,golfer,transparent
es,goliat,en,goliath,transparent
es,goma,en,gum,altered
es,gong,en,gong,transparent
es,gonorrea,en,gonorrhea,transparent
es,gonzo,en,gonzo,transparent
es,gore,en,gore,transparent
es,gorgona,en,gorgon,transparent
es,gorila,en,gorilla,transparent
es,gota,en,gout,transparent
es,gourmet,en,gourmet,transparent
es,gracia,en,grace,transparent
es,gracioso,en,graceful,altered
es,gradación,en,gradation,transparent
es,gradiente,en,gradient,transparent
es,grado,en,grade,altered
es,graduación,en,graduation,transparent
es,graduado,en,graduate,transparent
es,gradual,en,gradual,transparent
es,gradualmente,en,gradually,transparent
es,grafeno,en,graphene,altered
es,grafito,en,graphite,altered
es,gramatical,en,grammatical,transparent
es,gramaticalmente,en,grammatically,transparent
es,gramo,en,gram,transparent
es,gramática,en,grammar,transparent
es,gramófono,en,gramophone,altered
es,granada,en,grenade,altered
es,granadero,en,grenadier,altered
es,grande,en,grand,altered
es,grandeza,en,grandeur,altered
es,grandioso,en,grandiose,transparent
es,granero,en,granary,altered
es,granito,en,granite,transparent
es,granola,en,granola,transparent
es,grasa,en,grease,transparent
es,grata,en,grating,altered
es,gratificación,en,gratification,transparent
es,gratis,en,gratis,transparent
es,gratitud,en,gratitude,transparent
es,gratuidad,en,gratuity,transparent
es,gratuito,en,gratuitous,transparent
es,grave,en,grave,transparent
es,gravedad,en,gravity,altered
es,gravitacional,en,gravitational,transparent
es,gravitación,en,gravitation,transparent
es,gravitar,en,gravitate,transparent
es,greenpeace,en,greenpeace,transparent
es,gregario,en,gregarious,transparent
es,gregoriano,en,gregorian,transparent
es,grial,en,grail,transparent
es,grillar,en,grille,transparent
es,gripe,en,gripe,transparent
es,gris,en,gray,altered
es,grizzly,en,grizzly,transparent
es,grotesco,en,grotesque,altered
es,grunge,en,grunge,transparent
es,grupo,en,group,transparent
es,gruta,en,grotto,altered
es,gráfica,en,graph,transparent
es,gráficamente,en,graphically,transparent
es,gráfico,en,graphic,transparent
es,gránulo,en,granule,altered
es,guacamole,en,guacamole,transparent
es,guano,en,guano,transparent
es,guantelete,en,gauntlet,altered
es,guarda,en,guard,altered
es,guardián,en,guardian,transparent
es,guatemalteco,en,guatemalan,altered
es,guayaba,en,guava,altered
es,gubernamental,en,gubernatorial,altered
es,guerra,en,guerra,transparent
es,guerrilla,en,guerrilla,transparent
es,gueto,en,ghetto,altered
es,guillotina,en,guillotine,transparent
es,guisa,en,guise,altered
es,guitarra,en,guitar,transparent
es,guitarrista,en,guitarist,transparent
es,gumbo,en,gumbo,transparent
es,gurú,en,guru,transparent
es,gusto,en,gusto,transparent
es,guía,en,guide,altered
es,gálico,en,gallic,transparent
es,gánster,en,gangster,transparent
es,gárgara,en,gargle,transparent
es,gástrico,en,gastric,transparent
es,géiser,en,geyser,transparent
es,género,en,gender,transparent
es,génesis,en,genesis,transparent
es,góndola,en,gondola,transparent
es,gótico,en,gothic,transparent
es,güisqui,en,whiskey,transparent
es,habeas,en,habeas,transparent
es,habilidad,en,ability,transparent
es,habitable,en,habitable,transparent
es,habitación,en,habitation,transparent
es,habitante,en,inhabitant,transparent
es,habitar,en,inhabit,altered
es,habitual,en,habitual,transparent
es,habitualmente,en,habitually,transparent
es,hachís,en,hashish,transparent
es,hacienda,en,hacienda,transparent
es,hacker,en,hacker,transparent
es,hadrón,en,hadron,transparent
es,haiku,en,haiku,transparent
es,haití,en,haiti,transparent
es,halal,en,halal,transparent
es,halar,en,hale,transparent
es,halcón,en,falcon,altered
es,halo,en,halo,transparent
es,halógeno,en,halogen,transparent
es,hamaca,en,hammock,transparent
es,hamburguesa,en,hamburger,transparent
es,handicap,en,handicap,transparent
es,hangar,en,hangar,transparent
es,hardware,en,hardware,transparent
es,harpa,en,harp,transparent
es,harén,en,harem,transparent
es,hawaiano,en,hawaiian,transparent
es,hectárea,en,hectare,transparent
es,hedonismo,en,hedonism,transparent
es,hegemonía,en,hegemony,transparent
es,helenístico,en,hellenistic,transparent
es,helicoidal,en,helical,transparent
es,helicóptero,en,helicopter,transparent
es,helio,en,helium,altered
es,helénico,en,hellenic,transparent
es,hematología,en,hematology,transparent
es,hematoma,en,hematoma,transparent
es,hemisferio,en,hemisphere,transparent
es,hemorragia,en,hemorrhage,transparent
es,hemorroide,en,hemorrhoid,transparent
es,henna,en,henna,transparent
es,heparina,en,heparin,transparent
es,hepatitis,en,hepatitis,transparent
es,hepático,en,hepatic,transparent
es,heraldo,en,herald,transparent
es,herbal,en,herbal,transparent
es,herbario,en,herbarium,altered
es,herbicida,en,herbicide,transparent
es,herbáceo,en,herbaceous,transparent
es,herbívoro,en,herbivore,transparent
es,hereditario,en,hereditary,transparent
es,hereje,en,heretic,altered
es,herejía,en,heresy,transparent
es,hermafrodita,en,hermaphrodite,altered
es,hermes,en,hermes,transparent
es,hernia,en,hernia,transparent
es,heroicamente,en,heroically,transparent
es,heroicidad,en,heroics,altered
es,heroico,en,heroic,transparent
es,heroína,en,heroin,transparent
es,heroísmo,en,heroism,transparent
es,herético,en,heretical,transparent
es,hetero,en,hetero,transparent
es,heterogeneidad,en,heterogeneity,transparent
es,heterogéneo,en,heterogeneous,transparent
es,heurístico,en,heuristic,transparent
es,hexagonal,en,hexagonal,transparent
es,hexágono,en,hexagon,transparent
es,hez,en,feces,transparent
es,hiato,en,hiatus,transparent
es,hibernar,en,hibernate,transparent
es,hibisco,en,hibiscus,transparent
es,hidalgo,en,hidalgo,transparent
es,hidra,en,hydra,transparent
es,hidrante,en,hydrant,transparent
es,hidratación,en,hydration,transparent
es,hidratar,en,hydrate,transparent
es,hidro,en,hydro,transparent
es,hidrocarburo,en,hydrocarbon,transparent
es,hidroeléctrico,en,hydroelectric,transparent
es,hidrográfico,en,hydrographic,altered
es,hidrológico,en,hydrological,transparent
es,hidrotermal,en,hydrothermal,transparent
es,hidroxi,en,hydroxy,transparent
es,hidroxilo,en,hydroxyl,altered
es,hidráulica,en,hydraulics,altered
es,hidráulico,en,hydraulic,altered
es,hidrógeno,en,hydrogen,transparent
es,hidrólisis,en,hydrolysis,altered
es,hidróxido,en,hydroxide,transparent
es,hiena,en,hyena,altered
es,hierba,en,herb,altered
es,higiene,en,hygiene,transparent
es,higienista,en,hygienist,transparent
es,higiénico,en,hygienic,altered
es,hilarante,en,hilarious,transparent
es,hilaridad,en,hilarity,transparent
es,himen,en,hymen,transparent
es,himno,en,hymn,transparent
es,hindi,en,hindi,transparent
es,hindú,en,hindu,transparent
es,hiper,en,hyper,transparent
es,hiperactividad,en,hyperactivity,altered
es,hiperbólico,en,hyperbolic,transparent
es,hiperenlace,en,hyperlink,altered
es,hiperespacio,en,hyperspace,altered
es,hipertrofia,en,hypertrophy,transparent
es,hiperventilación,en,hyperventilate,transparent
es,hipnosis,en,hypnosis,transparent
es,hipnotizar,en,hypnotize,transparent
es,hipnótico,en,hypnotic,transparent
es,hipocampo,en,hippocampus,transparent
es,hipocresía,en,hypocrisy,transparent
es,hipopótamo,en,hippopotamus,transparent
es,hipotermia,en,hypothermia,transparent
es,hipotiroidismo,en,hypothyroidism,altered
es,hipotálamo,en,hypothalamus,altered
es,hipotéticamente,en,hypothetically,transparent
es,hipotético,en,hypothetical,transparent
es,hippie,en,hippy,transparent
es,hipsters,en,hipsters,transparent
es,hipérbole,en,hyperbole,altered
es,hipócrita,en,hypocrite,transparent
es,hipótesis,en,hypothesis,transparent
es,hispánico,en,hispanic,transparent
es,histamina,en,histamine,transparent
es,histeria,en,hysteria,transparent
es,histograma,en,histogram,transparent
es,historia,en,story,transparent
es,historiador,en,historian,transparent
es,histéricamente,en,hysterically,altered
es,histérico,en,hysterical,altered
es,histórico,en,historical,transparent
es,hiyab,en,hijab,transparent
es,holandés,en,hollander,altered
es,holding,en,holding,transparent
es,holocausto,en,holocaust,transparent
es,holoceno,en,holocene,altered
es,holograma,en,hologram,transparent
es,holográfico,en,holographic,transparent
es,holotipo,en,holotype,transparent
es,holstein,en,holstein,transparent
es,holístico,en,holistic,transparent
es,hombre,en,hombre,transparent
es,homenaje,en,homage,altered
es,homeopatía,en,homeopathy,transparent
es,homeostasis,en,homeostasis,transparent
es,homicida,en,homicidal,altered
es,homicidio,en,homicide,transparent
es,homo,en,homo,transparent
es,homofobia,en,homophobia,transparent
es,homogéneo,en,homogeneous,transparent
es,homología,en,homology,transparent
es,homosexual,en,homosexual,transparent
es,homosexualidad,en,homosexuality,transparent
es,homólogo,en,homologous,transparent
es,hondureño,en,honduran,altered
es,honestamente,en,honestly,transparent
es,honesto,en,honest,transparent
es,honor,en,honor,transparent
es,honorable,en,honourable,transparent
es,honorablemente,en,honorably,transparent
es,hoodie,en,hoodie,transparent
es,horda,en,horde,transparent
es,horizontal,en,horizontal,transparent
es,horizontalmente,en,horizontally,transparent
es,horizonte,en,horizon,transparent
es,hormona,en,hormone,transparent
es,hormonal,en,hormonal,transparent
es,horquilla,en,fork,altered
es,horrendo,en,horrendous,altered
es,horrible,en,horrible,transparent
es,horror,en,horror,transparent
es,horticultura,en,horticulture,transparent
es,horóscopo,en,horoscope,transparent
es,hospicio,en,hospice,transparent
es,hospital,en,hospital,transparent
es,hospitalario,en,hospitable,altered
es,hospitalidad,en,hospitality,transparent
es,hospitalización,en,hospitalization,transparent
es,hospitalizar,en,hospitalize,transparent
es,hostal,en,hostel,transparent
es,hostil,en,hostile,transparent
es,hostilidad,en,hostility,transparent
es,hotel,en,hotel,transparent
es,humanamente,en,humanly,transparent
es,humanidad,en,humanity,transparent
es,humanismo,en,humanism,transparent
es,humanista,en,humanist,transparent
es,humanitario,en,humanitarian,transparent
es,humanizar,en,humanize,transparent
es,humano,en,human,transparent
es,humanoide,en,humanoid,transparent
es,humanístico,en,humanistic,altered
es,humildad,en,humility,altered
es,humilde,en,humble,transparent
es,humillación,en,humiliation,transparent
es,hummus,en,hummus,transparent
es,humo,en,fume,altered
es,humorístico,en,humorous,altered
es,huracán,en,hurricane,altered
es,hurra,en,hooray,altered
es,huérfano,en,orphan,altered
es,hybris,en,hubris,altered
es,hábil,en,able,altered
es,hábitat,en,habitat,transparent
es,hábito,en,habit,transparent
es,hámster,en,hamster,transparent
es,hélice,en,helix,altered
es,héroe,en,hero,transparent
es,híbrido,en,hybrid,transparent
es,húmedo,en,humid,altered
es,húmero,en,humerus,transparent
es,húngaro,en,hungarian,transparent
es,húsar,en,hussar,altered
es,iberio,en,iberia,transparent
es,ibis,en,ibis,transparent
es,ibuprofeno,en,ibuprofen,transparent
es,ibérico,en,iberian,transparent
es,iceberg,en,iceberg,transparent
es,icono,en,icon,altered
es,iconografía,en,iconography,transparent
es,icónico,en,iconic,transparent
es,idea,en,idea,transparent
es,ideación,en,ideation,transparent
es,ideal,en,ideal,transparent
es,idealismo,en,idealism,transparent
es,idealista,en,idealist,transparent
es,idealizar,en,idealize,transparent
es,idealmente,en,ideally,transparent
es,identidad,en,identity,transparent
es,identificable,en,identifiable,transparent
es,identificación,en,identification,transparent
es,identificador,en,identifier,transparent
es,identificar,en,identify,transparent
es,ideología,en,ideology,transparent
es,ideológicamente,en,ideologically,transparent
es,ideológico,en,ideological,transparent
es,ides,en,ides,transparent
es,idiota,en,idiot,transparent
es,idolatrar,en,idolize,altered
es,idéntico,en,identical,transparent
es,idílico,en,idyllic,transparent
es,ignición,en,ignition,transparent
es,ignorancia,en,ignorance,transparent
es,ignorante,en,ignorant,transparent
es,ignorar,en,ignore,transparent
es,igualitario,en,egalitarian,altered
es,iguana,en,iguana,transparent
es,ilegal,en,illegal,transparent
es,ilegalidad,en,illegality,transparent
es,ilegítimo,en,illegitimate,transparent
es,iletrado,en,illiterate,altered
es,ilimitado,en,unlimited,altered
es,iluminación,en,illumination,transparent
es,iluminar,en,illuminate,transparent
es,iluminati,en,illuminati,transparent
es,ilusión,en,illusion,transparent
es,ilusorio,en,illusory,transparent
es,ilustración,en,illustration,transparent
es,ilustrador,en,illustrator,transparent
es,ilustrar,en,illustrate,transparent
es,ilustrativo,en,illustrative,transparent
es,ilustre,en,illustrious,altered
es,ilícito,en,illicit,transparent
es,ilógico,en,illogical,transparent
es,imagen,en,image,transparent
es,imagenología,en,imaging,altered
es,imaginable,en,imaginable,transparent
es,imaginación,en,imagination,transparent
es,imaginar,en,imagine,transparent
es,imaginario,en,imaginary,transparent
es,imaginativo,en,imaginative,transparent
es,imbatible,en,unbeatable,altered
es,imbécil,en,imbecile,transparent
es,imitación,en,imitation,transparent
es,imitador,en,imitator,transparent
es,imitar,en,imitate,transparent
es,impaciencia,en,impatience,transparent
es,impaciente,en,impatient,transparent
es,impactante,en,impactful,altered
es,impacto,en,impact,transparent
es,impala,en,impala,transparent
es,imparcial,en,impartial,transparent
es,impartir,en,impart,transparent
es,impasable,en,impassable,transparent
es,impecable,en,impeccable,transparent
es,impedancia,en,impedance,transparent
es,impedimento,en,impediment,transparent
es,impedir,en,impede,transparent
es,impenetrable,en,impenetrable,transparent
es,imperativo,en,imperative,transparent
es,imperfección,en,imperfection,transparent
es,imperfecto,en,imperfect,transparent
es,imperial,en,imperial,transparent
es,imperialismo,en,imperialism,transparent
es,imperialista,en,imperialist,transparent
es,imperio,en,imperium,altered
es,impersonal,en,impersonal,transparent
es,impetuoso,en,impetuous,transparent
es,implantación,en,implantation,transparent
es,implante,en,implant,transparent
es,implementación,en,implementation,transparent
es,implemento,en,implement,transparent
es,implicación,en,implication,transparent
es,implicar,en,implicate,transparent
es,implorar,en,implore,transparent
es,implosionar,en,implode,transparent
es,implosión,en,implosion,transparent
es,implícitamente,en,implicitly,transparent
es,implícito,en,implicit,transparent
es,imponer,en,impose,transparent
es,impopular,en,unpopular,transparent
es,impopularidad,en,unpopularity,altered
es,importación,en,importation,transparent
es,importador,en,importer,altered
es,importancia,en,importance,transparent
es,importante,en,important,transparent
es,importar,en,import,transparent
es,imposibilidad,en,impossibility,transparent
es,imposible,en,impossible,transparent
es,imposición,en,imposition,transparent
es,impostor,en,imposter,transparent
es,impotencia,en,impotence,transparent
es,impotente,en,impotent,transparent
es,impreciso,en,imprecise,transparent
es,impredecible,en,unpredictable,altered
es,impregnar,en,impregnate,transparent
es,impresionante,en,impressive,transparent
es,impresionismo,en,impressionism,transparent
es,impresionista,en,impressionist,transparent
es,impresión,en,impression,transparent
es,impresora,en,printer,altered
es,improbable,en,improbable,transparent
es,impromptu,en,impromptu,transparent
es,impronta,en,imprint,transparent
es,impropio,en,improper,transparent
es,improvisación,en,improvisation,transparent
es,improvisar,en,improvise,transparent
es,impulsivo,en,impulsive,transparent
es,impulso,en,impulse,transparent
es,impunidad,en,impunity,transparent
es,impureza,en,impurity,transparent
es,impuro,en,impure,transparent
es,imán,en,magnet,altered
es,inaccesible,en,inaccessible,transparent
es,inacción,en,inaction,transparent
es,inactivación,en,inactivation,transparent
es,inactivar,en,inactivate,transparent
es,inactivo,en,inactive,transparent
es,inadecuado,en,inadequate,transparent
es,inadmisible,en,inadmissible,transparent
es,inadvertido,en,inadvertent,transparent
es,inalienable,en,inalienable,transparent
es,inapropiadamente,en,inappropriately,transparent
es,inapropiado,en,inappropriate,transparent
es,inaudible,en,inaudible,transparent
es,inauguración,en,inauguration,transparent
es,inaugural,en,inaugural,transparent
es,inaugurar,en,inaugurate,transparent
es,incandescente,en,incandescent,transparent
es,incapacidad,en,incapacity,transparent
es,incapacitar,en,incapacitate,transparent
es,incapaz,en,incapable,altered
es,incendiario,en,incendiary,transparent
es,incentivo,en,incentive,transparent
es,incertidumbre,en,uncertainty,altered
es,incesante,en,incessant,transparent
es,incesto,en,incest,transparent
es,incestuoso,en,incestuous,transparent
es,incidencia,en,incidence,transparent
es,incidental,en,incidental,transparent
es,incidentalmente,en,incidentally,transparent
es,incidente,en,incident,transparent
es,incierto,en,uncertain,altered
es,incinerador,en,incinerator,transparent
es,incisivo,en,incisive,transparent
es,incisión,en,incision,transparent
es,incitar,en,incite,transparent
es,inclemente,en,inclement,transparent
es,inclinación,en,inclination,transparent
es,inclinar,en,incline,transparent
es,incluir,en,include,transparent
es,inclusivo,en,inclusive,transparent
es,inclusión,en,inclusion,transparent
es,incoherente,en,incoherent,transparent
es,incomible,en,inedible,altered
es,incomparable,en,unparalleled,altered
es,incompatible,en,incompatible,transparent
es,incompetencia,en,incompetence,transparent
es,incompetente,en,incompetent,transparent
es,incompleto,en,incomplete,transparent
es,inconcebible,en,inconceivable,transparent
es,inconcluso,en,inconclusive,altered
es,incondicional,en,unconditional,transparent
es,incondicionalmente,en,unconditionally,transparent
es,incongruente,en,incongruous,altered
es,inconsciencia,en,unconsciousness,altered
es,inconsciente,en,unconscious,transparent
es,inconsistencia,en,inconsistency,transparent
es,inconsistente,en,inconsistent,transparent
es,incontinencia,en,incontinence,transparent
es,incontrolable,en,uncontrollable,transparent
es,incontrolablemente,en,uncontrollably,transparent
es,incontrolado,en,uncontrolled,altered
es,inconveniencia,en,inconvenience,transparent
es,inconveniente,en,inconvenient,transparent
es,incorporar,en,incorporate,transparent
es,incorrecto,en,incorrect,transparent
es,incremental,en,incremental,transparent
es,incremento,en,increment,transparent
es,increíble,en,incredible,transparent
es,increíblemente,en,incredibly,transparent
es,incriminar,en,incriminate,transparent
es,incubación,en,incubation,transparent
es,incubadora,en,incubator,transparent
es,incubar,en,incubate,transparent
es,incuestionable,en,unquestionable,altered
es,inculcar,en,inculcate,transparent
es,incumbente,en,incumbent,transparent
es,incurable,en,incurable,transparent
es,incurrir,en,incur,transparent
es,incursión,en,incursion,transparent
es,incógnito,en,incognito,transparent
es,indecencia,en,indecency,transparent
es,indecente,en,indecent,transparent
es,indecisión,en,indecision,transparent
es,indefinidamente,en,indefinitely,transparent
es,indemnidad,en,indemnity,transparent
es,indemnizar,en,indemnify,transparent
es,independencia,en,independence,transparent
es,independiente,en,independent,transparent
es,indeseable,en,undesirable,transparent
es,indestructible,en,indestructible,transparent
es,indeterminado,en,undetermined,altered
es,indexación,en,indexing,transparent
es,indicación,en,indication,transparent
es,indicador,en,indicator,transparent
es,indicar,en,indicate,transparent
es,indicativo,en,indicative,transparent
es,indiferencia,en,indifference,transparent
es,indigente,en,indigent,transparent
es,indigestión,en,indigestion,transparent
es,indignación,en,indignation,transparent
es,indignar,en,indignant,transparent
es,indignidad,en,indignity,transparent
es,indio,en,indian,transparent
es,indirecto,en,indirect,transparent
es,indiscreción,en,indiscretion,transparent
es,indiscriminadamente,en,indiscriminately,transparent
es,indiscriminado,en,indiscriminate,transparent
es,indispensable,en,indispensable,transparent
es,indisputable,en,undisputed,transparent
es,indistinto,en,indistinct,transparent
es,individual,en,individual,transparent
es,individualidad,en,individuality,transparent
es,individualismo,en,individualism,transparent
es,individualista,en,individualistic,transparent
es,individualizar,en,individualize,transparent
es,indomable,en,indomitable,altered
es,indonesio,en,indonesians,altered
es,inducción,en,induction,transparent
es,inducir,en,induce,transparent
es,indulgencia,en,indulgence,transparent
es,indulgente,en,indulgent,transparent
es,industria,en,industry,transparent
es,industrial,en,industrial,transparent
es,industrialista,en,industrialist,transparent
es,industrialización,en,industrialization,transparent
es,industrializar,en,industrialize,transparent
es,indígena,en,indigenous,transparent
es,inefectivo,en,ineffective,transparent
es,ineficiencia,en,inefficiency,transparent
es,ineficiente,en,inefficient,transparent
es,inepto,en,inept,transparent
es,inercia,en,inertia,transparent
es,inerte,en,inert,transparent
es,inescapable,en,inescapable,transparent
es,inesperado,en,unexpected,transparent
es,inestabilidad,en,instability,transparent
es,inestimable,en,invaluable,transparent
es,inevitable,en,inevitable,transparent
es,inexorablemente,en,inexorably,transparent
es,inexplicable,en,inexplicable,transparent
es,inexplicado,en,unexplained,altered
es,infalible,en,infallible,transparent
es,infame,en,infamous,transparent
es,infamia,en,infamy,transparent
es,infancia,en,infancy,transparent
es,infante,en,infant,altered
es,infantería,en,infantry,transparent
es,infanticidio,en,infanticide,altered
es,infarto,en,infarction,altered
es,infeccioso,en,infectious,transparent
es,infección,en,infection,transparent
es,infectar,en,infect,transparent
es,inferencia,en,inference,transparent
es,inferior,en,inferior,transparent
es,inferioridad,en,inferiority,transparent
es,inferir,en,infer,transparent
es,infernal,en,infernal,transparent
es,infertilidad,en,infertility,transparent
es,infestación,en,infestation,transparent
es,infestar,en,infest,transparent
es,infidelidad,en,infidelity,transparent
es,infiel,en,infidel,transparent
es,infierno,en,inferno,altered
es,infiltración,en,infiltration,transparent
es,infiltrar,en,infiltrate,transparent
es,infinidad,en,infinity,altered
es,infinitamente,en,infinitely,transparent
es,infinitesimal,en,infinitesimal,transparent
es,infinito,en,infinite,transparent
es,inflable,en,inflatable,transparent
es,inflacionario,en,inflationary,transparent
es,inflación,en,inflation,transparent
es,inflamable,en,flammable,altered
es,inflamación,en,inflammation,transparent
es,inflamar,en,inflame,transparent
es,inflamatorio,en,inflammatory,transparent
es,inflar,en,inflate,altered
es,inflexible,en,inflexible,transparent
es,inflexión,en,inflection,transparent
es,infligir,en,inflict,transparent
es,inflorescencia,en,inflorescence,transparent
es,influencer,en,influencer,transparent
es,influencia,en,influence,transparent
es,influenza,en,influenza,transparent
es,influjo,en,influx,altered
es,influyente,en,influential,altered
es,info,en,info,transparent
es,infografía,en,infographic,altered
es,informacional,en,informational,transparent
es,información,en,information,transparent
es,informador,en,informer,transparent
es,informal,en,informal,transparent
es,informalmente,en,informally,transparent
es,informante,en,informant,transparent
es,informar,en,inform,transparent
es,informativo,en,informative,transparent
es,informática,en,informatics,transparent
es,infra,en,infra,transparent
es,infracción,en,infringement,altered
es,infraestructura,en,infrastructure,transparent
es,infrarrojo,en,infrared,altered
es,infrecuente,en,infrequent,transparent
es,infringir,en,infringe,transparent
es,infundir,en,infuse,altered
es,infusión,en,infusion,transparent
es,infértil,en,infertile,transparent
es,ingeniero,en,engineer,altered
es,ingenio,en,ingenuity,altered
es,ingenioso,en,ingenious,transparent
es,ingerir,en,ingest,transparent
es,ingestión,en,ingestion,transparent
es,inglés,en,english,altered
es,ingrediente,en,ingredient,transparent
es,ingreso,en,ingress,transparent
es,inhabitable,en,uninhabitable,altered
es,inhalación,en,inhalation,transparent
es,inhalador,en,inhaler,transparent
es,inhalar,en,inhale,transparent
es,inherente,en,inherent,transparent
es,inherentemente,en,inherently,transparent
es,inhibición,en,inhibition,transparent
es,inhibidor,en,inhibitor,transparent
es,inhibir,en,inhibit,transparent
es,inhumano,en,inhuman,transparent
es,iniciación,en,initiation,transparent
es,iniciador,en,initiator,transparent
es,inicial,en,initial,transparent
es,inicializar,en,initialize,transparent
es,inicialmente,en,initially,transparent
es,iniciar,en,initiate,transparent
es,iniciativa,en,initiative,transparent
es,inimaginable,en,unimaginable,altered
es,inimitable,en,inimitable,transparent
es,ininteligible,en,unintelligible,transparent
es,ininterrumpido,en,uninterrupted,altered
es,iniquidad,en,iniquity,transparent
es,injusticia,en,injustice,transparent
es,injusto,en,unjust,altered
es,inmaculado,en,immaculate,altered
es,inmadurez,en,immaturity,transparent
es,inmaduro,en,immature,transparent
es,inmaterial,en,immaterial,transparent
es,inmediatez,en,immediacy,altered
es,inmediato,en,immediate,transparent
es,inmemorial,en,immemorial,transparent
es,inmenso,en,immense,transparent
es,inmersivo,en,immersive,transparent
es,inmersión,en,immersion,transparent
es,inmigración,en,immigration,transparent
es,inmigrante,en,immigrant,transparent
es,inmigrar,en,immigrate,transparent
es,inminente,en,imminent,transparent
es,inmoral,en,immoral,transparent
es,inmoralidad,en,immorality,transparent
es,inmortal,en,immortal,transparent
es,inmortalizar,en,immortalize,transparent
es,inmovilizar,en,immobilize,transparent
es,inmune,en,immune,transparent
es,inmunidad,en,immunity,transparent
es,inmunización,en,immunization,transparent
es,inmunizar,en,immunize,transparent
es,inmunodeficiencia,en,immunodeficiency,transparent
es,inmunoglobulina,en,immunoglobulin,transparent
es,inmunología,en,immunology,transparent
es,inmutable,en,immutable,transparent
es,inmóvil,en,immobile,altered
es,innato,en,innate,transparent
es,innecesario,en,unnecessary,altered
es,innegable,en,undeniable,transparent
es,innovación,en,innovation,transparent
es,innovador,en,innovative,altered
es,innovar,en,innovate,transparent
es,innumerable,en,innumerable,transparent
es,inocencia,en,innocence,transparent
es,inocente,en,innocent,transparent
es,inoculación,en,inoculation,transparent
es,inocular,en,inoculate,transparent
es,inocuo,en,innocuous,altered
es,inolvidable,en,unforgettable,altered
es,inoperable,en,inoperable,transparent
es,inorgánico,en,inorganic,transparent
es,inquebrantable,en,unbreakable,altered
es,inquirir,en,inquire,transparent
es,inquisición,en,inquisition,transparent
es,inquisidor,en,inquisitor,transparent
es,inquisitivo,en,inquisitive,transparent
es,insaciable,en,insatiable,transparent
es,insano,en,insane,altered
es,insatisfecho,en,unsatisfied,transparent
es,insaturado,en,unsaturated,altered
es,inscribir,en,inscribe,transparent
es,inscripción,en,inscription,transparent
es,insecticida,en,insecticide,transparent
es,insecto,en,insect,transparent
es,inseguridad,en,insecurity,transparent
es,inseguro,en,insecure,transparent
es,inseminación,en,insemination,transparent
es,inseparable,en,inseparable,transparent
es,inserción,en,insertion,transparent
es,insertar,en,insert,transparent
es,insidioso,en,insidious,transparent
es,insignia,en,insignia,transparent
es,insignificante,en,insignificant,transparent
es,insinuación,en,insinuation,transparent
es,insinuar,en,insinuate,transparent
es,insistente,en,insistent,transparent
es,insistir,en,insist,transparent
es,insolencia,en,insolence,transparent
es,insolente,en,insolent,transparent
es,insolvencia,en,insolvency,transparent
es,insolvente,en,insolvent,transparent
es,insomne,en,insomniac,altered
es,insomnio,en,insomnia,transparent
es,inspeccionar,en,inspect,transparent
es,inspección,en,inspection,transparent
es,inspector,en,inspector,transparent
es,inspiracional,en,inspirational,transparent
es,inspiración,en,inspiration,transparent
es,inspirar,en,inspire,transparent
es,instalación,en,installation,transparent
es,instalar,en,install,altered
es,instancia,en,instance,transparent
es,instante,en,instant,transparent
es,instantáneamente,en,instantly,transparent
es,instantáneo,en,instantaneous,transparent
es,instigación,en,instigation,transparent
es,instigador,en,instigator,transparent
es,instigar,en,instigate,transparent
es,instintivo,en,instinctive,transparent
es,instinto,en,instinct,transparent
es,institucional,en,institutional,transparent
es,institucionalizar,en,institutionalize,transparent
es,institución,en,institution,transparent
es,instituto,en,institute,transparent
es,instrucción,en,instruction,transparent
es,instructivo,en,instructional,altered
es,instructor,en,instructor,transparent
es,instruir,en,instruct,altered
es,instrumentación,en,instrumentation,transparent
es,instrumental,en,instrumental,transparent
es,instrumentista,en,instrumentalist,transparent
es,instrumento,en,instrument,transparent
es,insubordinación,en,insubordination,altered
es,insuficiencia,en,insufficiency,transparent
es,insuficiente,en,insufficient,transparent
es,insufrible,en,insufferable,transparent
es,insular,en,insulate,transparent
es,insulina,en,insulin,transparent
es,insulto,en,insult,transparent
es,insuperable,en,insurmountable,altered
es,insurgencia,en,insurgency,transparent
es,insurgente,en,insurgent,transparent
es,insurrección,en,insurrection,transparent
es,insípido,en,insipid,transparent
es,intacto,en,intact,transparent
es,intangible,en,intangible,transparent
es,integración,en,integration,transparent
es,integrador,en,integrator,transparent
es,integral,en,integral,transparent
es,integrar,en,integrate,transparent
es,integridad,en,integrity,transparent
es,intelecto,en,intellect,transparent
es,intelectual,en,intellectual,transparent
es,inteligencia,en,intelligence,transparent
es,inteligente,en,intelligent,transparent
es,inteligible,en,intelligible,transparent
es,intencional,en,intentional,transparent
es,intencionalmente,en,intentionally,transparent
es,intención,en,intention,transparent
es,intensamente,en,intensely,transparent
es,intensidad,en,intensity,transparent
es,intensificar,en,intensify,transparent
es,intensivamente,en,intensively,transparent
es,intensivo,en,intensive,transparent
es,intenso,en,intense,transparent
es,intento,en,intent,transparent
es,interacción,en,interaction,transparent
es,interactividad,en,interactivity,transparent
es,interactivo,en,interactive,transparent
es,interactuar,en,interact,transparent
es,intercambiable,en,interchangeable,transparent
es,intercambio,en,interchange,transparent
es,interceder,en,intercede,transparent
es,intercepción,en,interception,transparent
es,interceptar,en,intercept,transparent
es,interceptor,en,interceptor,transparent
es,intercesión,en,intercession,transparent
es,intercolegial,en,intercollegiate,transparent
es,interconectar,en,interconnect,transparent
es,interconexión,en,interconnection,transparent
es,intercontinental,en,intercontinental,transparent
es,intercultural,en,intercultural,transparent
es,interdependencia,en,interdependence,transparent
es,interdependiente,en,interdependent,transparent
es,interdicción,en,interdiction,transparent
es,interdisciplinario,en,interdisciplinary,transparent
es,interestatal,en,interstate,transparent
es,interestelar,en,interstellar,transparent
es,interfaz,en,interface,transparent
es,interferencia,en,interference,transparent
es,interferir,en,interfere,transparent
es,intergaláctico,en,intergalactic,transparent
es,intergeneracional,en,intergenerational,transparent
es,interino,en,interim,transparent
es,interior,en,interior,transparent
es,interleucina,en,interleukin,transparent
es,interlocutor,en,interlocutor,transparent
es,interludio,en,interlude,transparent
es,intermediario,en,intermediary,transparent
es,intermedio,en,intermediate,transparent
es,intermitente,en,intermittent,transparent
es,internacional,en,international,transparent
es,internacionalista,en,internationalist,transparent
es,internacionalmente,en,internationally,transparent
es,internalizar,en,internalize,transparent
es,internamente,en,internally,transparent
es,internamiento,en,internment,transparent
es,internet,en,internet,transparent
es,interno,en,internal,transparent
es,interoperabilidad,en,interoperability,transparent
es,interpersonal,en,interpersonal,transparent
es,interpol,en,interpol,transparent
es,interpolación,en,interpolation,transparent
es,interpolar,en,interpolate,transparent
es,interpretación,en,interpretation,transparent
es,interpretar,en,interpret,transparent
es,interpretativo,en,interpretive,transparent
es,interracial,en,interracial,transparent
es,interrelacionar,en,interrelate,transparent
es,interrogación,en,interrogation,transparent
es,interrogador,en,interrogator,transparent
es,interrogar,en,interrogate,altered
es,interrumpir,en,interrupt,transparent
es,interrupción,en,interruption,transparent
es,intersección,en,intersection,transparent
es,intersexual,en,intersex,altered
es,intervalo,en,interval,transparent
es,intervencionista,en,interventionist,transparent
es,intervención,en,intervention,transparent
es,intervenir,en,intervene,transparent
es,interés,en,interest,transparent
es,intestinal,en,intestinal,transparent
es,intestino,en,intestine,transparent
es,intifada,en,intifada,transparent
es,intimidación,en,intimidation,transparent
es,intimidad,en,intimacy,altered
es,intimidar,en,intimidate,transparent
es,intocable,en,untouchable,altered
es,intolerable,en,intolerable,transparent
es,intolerancia,en,intolerance,transparent
es,intolerante,en,intolerant,transparent
es,intoxicación,en,intoxication,transparent
es,intoxicar,en,intoxicate,transparent
es,intra,en,intra,transparent
es,intracelular,en,intracellular,transparent
es,intracraneal,en,intracranial,altered
es,intratable,en,intractable,transparent
es,intravenoso,en,intravenous,transparent
es,intriga,en,intrigue,transparent
es,intro,en,intro,transparent
es,introducción,en,introduction,transparent
es,introducir,en,introduce,transparent
es,introductorio,en,introductory,transparent
es,introspección,en,introspection,transparent
es,introvertido,en,introvert,transparent
es,intrusivo,en,intrusive,transparent
es,intrusión,en,intrusion,transparent
es,intruso,en,intruder,transparent
es,intrépido,en,intrepid,transparent
es,intrínsecamente,en,intrinsically,transparent
es,intrínseco,en,intrinsic,transparent
es,intuición,en,intuition,transparent
es,intuitivamente,en,intuitively,transparent
es,intuitivo,en,intuitive,transparent
es,intérprete,en,interpreter,transparent
es,inundar,en,inundate,altered
es,inusual,en,unusual,transparent
es,invadir,en,invade,transparent
es,invalidar,en,invalidate,transparent
es,invariante,en,invariant,transparent
es,invasivo,en,invasive,transparent
es,invasión,en,invasion,transparent
es,invasor,en,invader,transparent
es,invención,en,invention,transparent
es,inventar,en,invent,transparent
es,inventario,en,inventory,transparent
es,inventivo,en,inventive,transparent
es,inventor,en,inventor,transparent
es,inversamente,en,inversely,transparent
es,inversionista,en,investor,transparent
es,inversión,en,investment,transparent
es,inverso,en,inverse,transparent
es,invertebrado,en,invertebrate,transparent
es,invertir,en,invest,transparent
es,investigación,en,investigation,transparent
es,investigador,en,investigator,transparent
es,investigar,en,investigate,transparent
es,investigativo,en,investigative,transparent
es,invisible,en,invisible,transparent
es,invitacional,en,invitational,transparent
es,invitación,en,invitation,transparent
es,invitar,en,invite,transparent
es,invocación,en,invocation,transparent
es,invocar,en,invoke,transparent
es,involuntario,en,involuntary,transparent
es,invulnerable,en,invulnerable,transparent
es,inválido,en,invalid,transparent
es,inyección,en,injection,altered
es,inyectable,en,injectable,transparent
es,inyectar,en,inject,altered
es,inyector,en,injector,transparent
es,ionización,en,ionization,transparent
es,iota,en,iota,transparent
es,iraní,en,iranian,transparent
es,iridio,en,iridium,transparent
es,iridiscente,en,iridescent,transparent
es,iris,en,iris,transparent
es,ironía,en,irony,transparent
es,irracional,en,irrational,transparent
es,irracionalidad,en,irrationality,transparent
es,irradiación,en,irradiation,transparent
es,irradiar,en,irradiate,transparent
es,irrazonable,en,unreasonable,transparent
es,irreal,en,unreal,altered
es,irrealista,en,unrealistic,transparent
es,irreconciliable,en,irreconcilable,transparent
es,irreconocible,en,unrecognizable,altered
es,irreducible,en,irreducible,transparent
es,irrefutable,en,irrefutable,transparent
es,irregular,en,irregular,transparent
es,irregularidad,en,irregularity,transparent
es,irregularmente,en,irregularly,transparent
es,irrelevancia,en,irrelevance,transparent
es,irrelevante,en,irrelevant,transparent
es,irresistible,en,irresistible,transparent
es,irrespetuoso,en,disrespectful,altered
es,irresponsable,en,irresponsible,transparent
es,irreversible,en,irreversible,transparent
es,irrevocable,en,irrevocable,transparent
es,irrigación,en,irrigation,transparent
es,irrigar,en,irrigate,transparent
es,irritabilidad,en,irritability,transparent
es,irritable,en,irritable,transparent
es,irritación,en,irritation,transparent
es,irritante,en,irritant,transparent
es,irritar,en,irritate,transparent
es,irónicamente,en,ironically,transparent
es,irónico,en,ironic,transparent
es,isla,en,isle,altered
es,islam,en,islam,transparent
es,islamismo,en,islamism,transparent
es,islamista,en,islamist,transparent
es,islamofobia,en,islamophobia,transparent
es,islandia,en,iceland,transparent
es,islandés,en,icelandic,altered
es,isleta,en,islet,transparent
es,isleño,en,islander,altered
es,islámico,en,islamic,transparent
es,isquemia,en,ischemia,transparent
es,isquémico,en,ischemic,transparent
es,israel,en,israel,transparent
es,israelita,en,israelite,transparent
es,istmo,en,isthmus,altered
es,isómero,en,isomer,transparent
es,isótopo,en,isotope,transparent
es,italia,en,italy,transparent
es,italiano,en,italian,transparent
es,iteración,en,iteration,transparent
es,iterar,en,iterate,transparent
es,iterativo,en,iterative,transparent
es,itinerante,en,itinerant,transparent
es,itinerario,en,itinerary,transparent
es,itálico,en,italic,transparent
es,ión,en,ion,transparent
es,iónico,en,ionic,transparent
es,jabalina,en,javelin,transparent
es,jackpot,en,jackpot,transparent
es,jacuzzi,en,jacuzzi,transparent
es,jade,en,jade,transparent
es,jaguar,en,jaguar,transparent
es,jalapeño,en,jalapeno,transparent
es,jamaicano,en,jamaican,transparent
es,jano,en,janus,altered
es,japón,en,japan,transparent
es,jaula,en,jail,transparent
es,jazmín,en,jasmine,altered
es,jazz,en,jazz,transparent
es,jefe,en,chief,altered
es,jehová,en,jehovah,transparent
es,jeque,en,sheik,altered
es,jerarquía,en,hierarchy,altered
es,jeringa,en,syringe,altered
es,jersey,en,jersey,transparent
es,jerárquico,en,hierarchical,altered
es,jesuita,en,jesuit,altered
es,jesús,en,jesus,transparent
es,jet,en,jet,transparent
es,jirafa,en,giraffe,altered
es,jockey,en,jockey,transparent
es,joker,en,joker,transparent
es,jornada,en,journey,altered
es,joyería,en,jewelry,altered
es,jubileo,en,jubilee,transparent
es,judas,en,judas,transparent
es,judaísmo,en,judaism,transparent
es,judicial,en,judicial,transparent
es,judo,en,judo,transparent
es,judío,en,judeo,altered
es,juggernaut,en,juggernaut,transparent
es,juicioso,en,judicious,transparent
es,jukebox,en,jukebox,transparent
es,julio,en,july,altered
es,jumbo,en,jumbo,transparent
es,jumper,en,jumper,transparent
es,jungla,en,jungle,transparent
es,junio,en,june,altered
es,junior,en,junior,transparent
es,junta,en,junta,transparent
es,jurado,en,juror,altered
es,jurisdiccional,en,jurisdictional,transparent
es,jurisdicción,en,jurisdiction,transparent
es,jurisprudencia,en,jurisprudence,transparent
es,jurista,en,jurist,transparent
es,jurásico,en,jurassic,altered
es,justamente,en,justly,transparent
es,justicia,en,justice,altered
es,justificable,en,justifiable,transparent
es,justificación,en,justification,transparent
es,justificar,en,justify,transparent
es,juvenil,en,juvenile,transparent
es,juzgamiento,en,judgement,altered
es,júpiter,en,jupiter,transparent
es,kamikaze,en,kamikaze,transparent
es,kappa,en,kappa,transparent
es,karaoke,en,karaoke,transparent
es,karma,en,karma,transparent
es,kata,en,kata,transparent
es,katana,en,katana,transparent
es,kayak,en,kayak,transparent
es,kazajistán,en,kazakhstan,altered
es,kebab,en,kebab,transparent
es,kelvin,en,kelvin,transparent
es,keniano,en,kenyan,altered
es,kernel,en,kernel,transparent
es,keroseno,en,kerosene,transparent
es,ketchup,en,ketchup,transparent
es,keto,en,keto,transparent
es,kevlar,en,kevlar,transparent
es,keynesiano,en,keynesian,transparent
es,kibbutz,en,kibbutz,transparent
es,kilo,en,kilo,transparent
es,kilogramo,en,kilogram,transparent
es,kilovatio,en,kilowatt,altered
es,kilómetro,en,kilometer,transparent
es,kimono,en,kimono,transparent
es,kiosco,en,kiosk,transparent
es,kit,en,kit,transparent
es,kiwi,en,kiwi,transparent
es,kleenex,en,kleenex,transparent
es,koala,en,koala,transparent
es,koi,en,koi,transparent
es,komodo,en,komodo,transparent
es,kosher,en,kosher,transparent
es,kraken,en,kraken,transparent
es,kril,en,krill,transparent
es,kryptonita,en,kryptonite,transparent
es,kudo,en,kudo,transparent
es,kárate,en,karate,transparent
es,laberinto,en,labyrinth,transparent
es,labio,en,labium,altered
es,labor,en,labor,transparent
es,laboratorio,en,laboratory,transparent
es,laborioso,en,laborious,transparent
es,labrador,en,labourer,altered
es,lac,en,lacs,transparent
es,laca,en,lac,altered
es,laceración,en,laceration,transparent
es,lactancia,en,lactation,altered
es,lactato,en,lactate,transparent
es,lactosa,en,lactose,transparent
es,laguna,en,lagoon,altered
es,laico,en,laity,altered
es,lambda,en,lambda,transparent
es,lame,en,lame,transparent
es,lamentación,en,lamentation,transparent
es,lamento,en,lament,transparent
es,laminar,en,laminate,altered
es,lancero,en,lancer,altered
es,lanceta,en,lancet,transparent
es,land,en,land,transparent
es,langosta,en,locust,altered
es,languidecer,en,languish,altered
es,lanza,en,lance,transparent
es,lanzador,en,launcher,transparent
es,lanzar,en,launch,altered
es,lapsus,en,lapse,altered
es,laptop,en,laptop,transparent
es,lar,en,lar,transparent
es,lardo,en,lard,transparent
es,largo,en,largo,transparent
es,laringe,en,larynx,altered
es,larva,en,larva,transparent
es,lasaña,en,lasagna,altered
es,lastre,en,ballast,altered
es,latencia,en,latency,transparent
es,latente,en,latent,transparent
es,lateral,en,lateral,transparent
es,latino,en,latin,transparent
es,latitud,en,latitude,transparent
es,latte,en,latte,transparent
es,laudable,en,laudable,transparent
es,laureado,en,laureate,transparent
es,laurel,en,laurel,transparent
es,lava,en,lava,transparent
es,lavanda,en,lavender,altered
es,laxante,en,laxative,transparent
es,laxo,en,lax,transparent
es,lazo,en,lace,altered
es,laúd,en,lute,altered
es,leal,en,loyal,altered
es,lealtad,en,loyalty,altered
es,leasing,en,leasing,transparent
es,lección,en,lesson,transparent
es,lector,en,lecturer,altered
es,lectura,en,lecture,transparent
es,leer,en,leer,transparent
es,legación,en,legation,transparent
es,legado,en,legacy,altered
es,legal,en,legal,transparent
es,legalidad,en,legality,transparent
es,legalización,en,legalization,transparent
es,legalizar,en,legalize,transparent
es,legalmente,en,legally,transparent
es,legendario,en,legendary,transparent
es,legible,en,legible,transparent
es,legionario,en,legionnaire,altered
es,legislación,en,legislation,transparent
es,legislador,en,legislator,transparent
es,legislar,en,legislate,transparent
es,legislativo,en,legislative,transparent
es,legislatura,en,legislature,transparent
es,legitimar,en,legitimize,altered
es,legitimidad,en,legitimacy,transparent
es,legión,en,legion,transparent
es,lego,en,lego,transparent
es,legumbre,en,legume,altered
es,legítimamente,en,legitimately,transparent
es,legítimo,en,legitimate,transparent
es,lema,en,lemma,transparent
es,lencería,en,lingerie,altered
es,lenguaje,en,language,altered
es,lenteja,en,lentil,altered
es,leonardo,en,leonardo,transparent
es,leopardo,en,leopard,transparent
es,lepra,en,leprosy,altered
es,leproso,en,leper,altered
es,lesbiana,en,lesbian,transparent
es,lesión,en,lesion,transparent
es,letal,en,lethal,transparent
es,letanía,en,litany,altered
es,letargo,en,lethargy,transparent
es,letrina,en,latrine,altered
es,letárgico,en,lethargic,transparent
es,leucemia,en,leukemia,transparent
es,leva,en,lev,transparent
es,levante,en,levant,altered
es,levitar,en,levitate,transparent
es,levítico,en,leviticus,transparent
es,ley,en,ley,transparent
es,leyenda,en,legend,altered
es,león,en,lion,transparent
es,liana,en,liana,transparent
es,libanés,en,lebanese,altered
es,liberación,en,liberation,transparent
es,liberador,en,liberator,altered
es,liberal,en,liberal,transparent
es,liberalismo,en,liberalism,altered
es,liberalización,en,liberalization,transparent
es,liberalizar,en,liberalize,transparent
es,liberar,en,liberate,transparent
es,libertad,en,liberty,altered
es,libertario,en,libertarian,transparent
es,libertino,en,libertine,transparent
es,libido,en,libido,transparent
es,libra,en,libra,transparent
es,libre,en,libre,transparent
es,libreto,en,libretto,altered
es,licencia,en,license,transparent
es,licenciatario,en,licensee,transparent
es,liceo,en,lyceum,altered
es,licor,en,liquor,transparent
es,licuar,en,liquefy,altered
es,lido,en,lido,transparent
es,ligadura,en,ligature,altered
es,ligamento,en,ligament,transparent
es,ligando,en,ligand,transparent
es,ligero,en,light,altered
es,lila,en,lilac,transparent
es,limbo,en,limbo,transparent
es,limitación,en,limitation,transparent
es,limonada,en,lemonade,transparent
es,limusina,en,limousine,transparent
es,limón,en,lemon,altered
es,lince,en,lynx,altered
es,lineal,en,linear,transparent
es,linfa,en,lymph,altered
es,linfocito,en,lymphocyte,transparent
es,linfoma,en,lymphoma,transparent
es,linfático,en,lymphatic,transparent
es,lingote,en,ingot,altered
es,lingual,en,lingual,transparent
es,lingüista,en,linguist,transparent
es,lingüística,en,linguistics,transparent
es,lingüísticamente,en,linguistically,transparent
es,lingüístico,en,linguistic,transparent
es,lino,en,lino,transparent
es,linterna,en,lantern,transparent
es,linux,en,linux,transparent
es,linóleo,en,linoleum,altered
es,lipoproteína,en,lipoprotein,transparent
es,liposucción,en,liposuction,transparent
es,liquen,en,lichen,transparent
es,liquidación,en,liquidation,transparent
es,liquidador,en,liquidator,transparent
es,liquidar,en,liquidate,transparent
es,liquidez,en,liquidity,altered
es,lira,en,lira,transparent
es,lirio,en,lily,altered
es,lisina,en,lysine,altered
es,litera,en,litter,altered
es,literal,en,literal,transparent
es,literario,en,literary,transparent
es,literato,en,literate,altered
es,literatura,en,literature,transparent
es,litigación,en,litigation,transparent
es,litigante,en,litigant,transparent
es,litigar,en,litigate,transparent
es,litio,en,lithium,transparent
es,litografía,en,lithograph,transparent
es,litoral,en,littoral,transparent
es,litro,en,litre,transparent
es,liturgia,en,liturgy,transparent
es,litúrgico,en,liturgical,transparent
es,living,en,living,transparent
es,llama,en,llama,transparent
es,lobista,en,lobbyist,transparent
es,locación,en,location,transparent
es,local,en,local,transparent
es,localidad,en,locality,transparent
es,localización,en,localization,transparent
es,localizador,en,locator,altered
es,localizar,en,locate,transparent
es,localmente,en,locally,transparent
es,loción,en,lotion,transparent
es,loco,en,loco,transparent
es,locomoción,en,locomotion,transparent
es,locomotora,en,locomotive,transparent
es,locum,en,locum,transparent
es,locus,en,locus,transparent
es,logaritmo,en,logarithm,transparent
es,logarítmico,en,logarithmic,transparent
es,login,en,login,transparent
es,logo,en,logo,transparent
es,logística,en,logistics,transparent
es,logístico,en,logistical,transparent
es,lombardo,en,lombard,transparent
es,loncha,en,luncheon,transparent
es,longitud,en,longitude,transparent
es,longitudinal,en,longitudinal,transparent
es,lotería,en,lottery,transparent
es,loto,en,lotus,altered
es,lubricación,en,lubrication,transparent
es,lubricante,en,lubricant,transparent
es,lubricar,en,lubricate,transparent
es,lucifer,en,lucifer,transparent
es,lucrativo,en,lucrative,transparent
es,lujoso,en,luxurious,altered
es,lumbar,en,lumbar,transparent
es,lumen,en,lumen,transparent
es,luminaria,en,luminary,altered
es,luminosidad,en,luminosity,transparent
es,luminoso,en,luminous,transparent
es,luna,en,luna,transparent
es,lunático,en,lunatic,altered
es,lupino,en,lupin,transparent
es,lupus,en,lupus,transparent
es,lustre,en,lustre,transparent
es,lustroso,en,lustrous,transparent
es,luterano,en,lutheran,altered
es,lux,en,lux,transparent
es,luxemburgo,en,luxembourg,altered
es,lápiz,en,lapis,altered
es,láser,en,laser,altered
es,látex,en,latex,transparent
es,lémur,en,lemur,transparent
es,léxico,en,lexicon,altered
es,líder,en,leader,altered
es,límite,en,limit,transparent
es,lípido,en,lipid,transparent
es,líquido,en,liquid,transparent
es,lírico,en,lyric,transparent
es,lívido,en,livid,transparent
es,lóbulo,en,lobe,altered
es,lógica,en,logic,transparent
es,lógicamente,en,logically,transparent
es,lógico,en,logical,transparent
es,lúcido,en,lucid,transparent
es,macaco,en,macaque,altered
es,macarrón,en,macaroni,altered
es,macedonia,en,macedonia,transparent
es,macedonio,en,macedonian,transparent
es,mach,en,mach,transparent
es,machete,en,machete,transparent
es,macho,en,macho,transparent
es,macro,en,macro,transparent
es,macroeconomía,en,macroeconomics,transparent
es,macroeconómico,en,macroeconomic,transparent
es,macroscópico,en,macroscopic,transparent
es,macular,en,macular,transparent
es,madama,en,madame,transparent
es,madre,en,madre,transparent
es,madrigal,en,madrigal,transparent
es,maduración,en,maturation,transparent
es,madurez,en,maturity,altered
es,maduro,en,mature,altered
es,maelstrom,en,maelstrom,transparent
es,maestro,en,master,altered
es,mafia,en,mafia,transparent
es,magenta,en,magenta,transparent
es,magia,en,magic,transparent
es,magistrado,en,magistrate,transparent
es,magma,en,magma,transparent
es,magnate,en,magnate,transparent
es,magnesio,en,magnesium,transparent
es,magnetismo,en,magnetism,transparent
es,magneto,en,magneto,transparent
es,magnificar,en,magnify,transparent
es,magnificencia,en,magnificence,transparent
es,magnitud,en,magnitude,transparent
es,magno,en,magnum,transparent
es,magnolia,en,magnolia,transparent
es,magnánimo,en,magnanimous,altered
es,magnético,en,magnetic,transparent
es,magnífico,en,magnificent,transparent
es,mago,en,magician,altered
es,mahatma,en,mahatma,transparent
es,mainframe,en,mainframe,transparent
es,majestad,en,majesty,transparent
es,majestuoso,en,majestic,altered
es,mal,en,mal,transparent
es,malaria,en,malaria,transparent
es,maleable,en,malleable,transparent
es,malestar,en,malaise,altered
es,malformación,en,malformation,transparent
es,mali,en,mali,transparent
es,malicia,en,malice,transparent
es,malicioso,en,malicious,transparent
es,maligno,en,malignant,altered
es,malinterpretar,en,misinterpret,transparent
es,malnutrición,en,malnutrition,transparent
es,malta,en,malta,transparent
es,maltratar,en,mistreat,altered
es,malva,en,mauve,altered
es,malware,en,malware,transparent
es,maléfico,en,maleficent,altered
es,mama,en,mamma,transparent
es,mamario,en,mammary,transparent
es,mambo,en,mambo,transparent
es,mamografía,en,mammogram,altered
es,mamá,en,mama,transparent
es,mamífero,en,mammalian,altered
es,management,en,management,transparent
es,mandala,en,mandala,transparent
es,mandamiento,en,commandment,transparent
es,mandarín,en,mandarin,transparent
es,mandato,en,mandate,altered
es,mandolina,en,mandolin,transparent
es,mandrágora,en,mandrake,altered
es,manejable,en,manageable,transparent
es,manejar,en,manage,altered
es,manera,en,manner,transparent
es,manganeso,en,manganese,transparent
es,manicura,en,manicure,transparent
es,manifestación,en,manifestation,transparent
es,manifiestamente,en,manifestly,transparent
es,manifiesto,en,manifest,transparent
es,manila,en,manila,transparent
es,maniobra,en,manoeuvre,altered
es,maniobrabilidad,en,maneuverability,transparent
es,manipulación,en,manipulation,transparent
es,manipulador,en,manipulator,transparent
es,manipular,en,manipulate,transparent
es,manipulativo,en,manipulative,transparent
es,maniquí,en,mannequin,altered
es,mano,en,mano,transparent
es,mansión,en,mansion,transparent
es,mantel,en,mantel,transparent
es,mantenedor,en,maintainer,altered
es,mantener,en,maintain,transparent
es,mantenimiento,en,maintenance,altered
es,mantis,en,mantis,transparent
es,manto,en,mantle,transparent
es,mantra,en,mantra,transparent
es,manual,en,manual,transparent
es,manualmente,en,manually,transparent
es,manufactura,en,manufacturing,altered
es,manuscrito,en,manuscript,transparent
es,maná,en,mana,transparent
es,manía,en,mania,transparent
es,maníaco,en,maniac,transparent
es,maoísta,en,maoist,transparent
es,mapa,en,map,transparent
es,maquillaje,en,makeup,altered
es,maquinación,en,machination,transparent
es,maquinaria,en,machinery,transparent
es,maquinista,en,machinist,transparent
es,maratón,en,marathon,transparent
es,maravilla,en,marvel,altered
es,maravilloso,en,marvelous,transparent
es,marcación,en,mark,altered
es,marcador,en,marker,transparent
es,marcial,en,martial,transparent
es,margarina,en,margarine,transparent
es,margarita,en,margarita,transparent
es,margen,en,margin,transparent
es,marginal,en,marginal,transparent
es,mariachi,en,mariachi,transparent
es,marihuana,en,marijuana,transparent
es,marina,en,marina,transparent
es,marinar,en,marinate,transparent
es,marinero,en,mariner,altered
es,marino,en,marine,transparent
es,marioneta,en,marionette,transparent
es,marital,en,marital,transparent
es,marquesina,en,marquee,altered
es,marqués,en,marquis,transparent
es,marroquí,en,moroccan,altered
es,marrueco,en,morocco,altered
es,marrón,en,maroon,transparent
es,marsupial,en,marsupial,transparent
es,martini,en,martini,transparent
es,martirio,en,martyrdom,altered
es,marx,en,marx,transparent
es,marxismo,en,marxism,transparent
es,marxista,en,marxist,transparent
es,maría,en,mary,altered
es,marítimo,en,maritime,transparent
es,masa,en,mass,altered
es,masacre,en,massacre,transparent
es,masaje,en,massage,transparent
es,masala,en,masala,transparent
es,mascarada,en,masquerade,transparent
es,mascota,en,mascot,transparent
es,masculinidad,en,masculinity,transparent
es,masculino,en,masculine,transparent
es,masivamente,en,massively,transparent
es,masivo,en,massive,transparent
es,masonería,en,masonry,altered
es,mastectomía,en,mastectomy,transparent
es,masterclass,en,masterclass,transparent
es,masturbación,en,masturbation,transparent
es,masturbar,en,masturbate,transparent
es,masónico,en,masonic,transparent
es,matador,en,matador,transparent
es,mate,en,matte,altered
es,matemática,en,mathematics,transparent
es,matemáticamente,en,mathematically,transparent
es,matemático,en,mathematical,transparent
es,material,en,material,transparent
es,materialismo,en,materialism,transparent
es,materialista,en,materialistic,transparent
es,materializar,en,materialize,transparent
es,materialmente,en,materially,transparent
es,maternal,en,maternal,transparent
es,maternidad,en,maternity,transparent
es,matinée,en,matinee,transparent
es,matriarca,en,matriarch,transparent
es,matrimonial,en,matrimonial,transparent
es,matrimonio,en,matrimony,transparent
es,matriz,en,matrix,transparent
es,matrona,en,matron,altered
es,mausoleo,en,mausoleum,transparent
es,maxi,en,maxi,transparent
es,maximal,en,maximal,transparent
es,maximiliano,en,maximilian,transparent
es,maximizar,en,maximize,transparent
es,mayonesa,en,mayonnaise,altered
es,mayoral,en,mayoral,transparent
es,mayoría,en,majority,transparent
es,maíz,en,maize,transparent
es,meandro,en,meander,transparent
es,mecanicista,en,mechanistic,transparent
es,mecanismo,en,mechanism,transparent
es,mecanizar,en,mechanize,transparent
es,mecánica,en,mechanics,transparent
es,mecánico,en,mechanical,transparent
es,medalla,en,medal,transparent
es,medallista,en,medalist,altered
es,medallón,en,medallion,transparent
es,mediación,en,mediation,transparent
es,mediador,en,mediator,transparent
es,medial,en,medial,transparent
es,mediana,en,median,transparent
es,mediar,en,mediate,altered
es,medicación,en,medication,transparent
es,medicar,en,medicate,transparent
es,medicina,en,medicine,transparent
es,medicinal,en,medicinal,transparent
es,medieval,en,medieval,transparent
es,medio,en,medium,transparent
es,mediocre,en,mediocre,transparent
es,mediocridad,en,mediocrity,transparent
es,meditación,en,meditation,transparent
es,meditar,en,meditate,transparent
es,meditativo,en,meditative,transparent
es,mediterráneo,en,mediterranean,transparent
es,medusa,en,medusa,transparent
es,mega,en,mega,transparent
es,megabyte,en,megabyte,transparent
es,megavatio,en,megawatt,transparent
es,megáfono,en,megaphone,transparent
es,melancolía,en,melancholy,altered
es,melancólico,en,melancholic,transparent
es,melanoma,en,melanoma,transparent
es,melatonina,en,melatonin,transparent
es,melaza,en,molasses,altered
es,mellitus,en,mellitus,transparent
es,melodrama,en,melodrama,transparent
es,melodramático,en,melodramatic,transparent
es,melodía,en,melody,transparent
es,melódico,en,melodic,transparent
es,melón,en,melon,transparent
es,membrana,en,membrane,transparent
es,membresía,en,membership,transparent
es,meme,en,meme,transparent
es,memento,en,memento,transparent
es,memo,en,memo,transparent
es,memorable,en,memorable,transparent
es,memoria,en,memory,transparent
es,memorial,en,memorial,transparent
es,memorización,en,memorization,transparent
es,memorizar,en,memorize,transparent
es,memorándum,en,memorandum,transparent
es,mención,en,mention,transparent
es,meningitis,en,meningitis,transparent
es,menisco,en,meniscus,transparent
es,menopausia,en,menopause,transparent
es,menor,en,minor,transparent
es,menos,en,minus,altered
es,mensaje,en,message,transparent
es,menstruación,en,menstruation,transparent
es,menstrual,en,menstrual,transparent
es,menta,en,mint,transparent
es,mental,en,mental,transparent
es,mentalidad,en,mentality,transparent
es,mentalmente,en,mentally,transparent
es,mentol,en,menthol,transparent
es,mentor,en,mentor,transparent
es,mentoría,en,mentorship,altered
es,menú,en,menu,transparent
es,mercader,en,merchant,altered
es,mercancía,en,merchandise,altered
es,mercantil,en,mercantile,transparent
es,mercenario,en,mercenary,transparent
es,merchandising,en,merchandising,transparent
es,mercurial,en,mercurial,transparent
es,mercurio,en,mercury,transparent
es,merengue,en,meringue,transparent
es,meridiano,en,meridian,transparent
es,merino,en,merino,transparent
es,meritorio,en,meritorious,transparent
es,mermelada,en,marmalade,altered
es,mesotelioma,en,mesothelioma,transparent
es,mesozoico,en,mesozoic,transparent
es,mesías,en,messiah,transparent
es,meta,en,meta,transparent
es,metabolismo,en,metabolism,transparent
es,metabolito,en,metabolite,transparent
es,metabolizar,en,metabolize,transparent
es,metadatos,en,metadata,transparent
es,metadona,en,methadone,transparent
es,metafísica,en,metaphysics,transparent
es,metafísico,en,metaphysical,transparent
es,metafórico,en,metaphorical,transparent
es,metal,en,metal,transparent
es,metalurgia,en,metallurgy,transparent
es,metalúrgico,en,metallurgical,transparent
es,metamorfosis,en,metamorphosis,transparent
es,metamórfico,en,metamorphic,transparent
es,metanfetamina,en,methamphetamine,transparent
es,metano,en,methane,transparent
es,metanol,en,methanol,transparent
es,meteoro,en,meteor,transparent
es,meteorología,en,meteorology,transparent
es,meteorológico,en,meteorological,transparent
es,meteorólogo,en,meteorologist,transparent
es,meteórico,en,meteoric,transparent
es,meticuloso,en,meticulous,transparent
es,metilo,en,methyl,altered
es,metodista,en,methodist,transparent
es,metodología,en,methodology,transparent
es,metodológico,en,methodological,transparent
es,metro,en,meter,transparent
es,metropolitano,en,metropolitan,transparent
es,metrónomo,en,metronome,transparent
es,metrópolis,en,metropolis,transparent
es,metáfora,en,metaphor,transparent
es,metálico,en,metallic,transparent
es,metástasis,en,metastasis,transparent
es,metódicamente,en,methodically,transparent
es,metódico,en,methodical,transparent
es,mexicano,en,mexican,transparent
es,mezquita,en,mosque,altered
es,mezquite,en,mesquite,altered
es,mica,en,mica,transparent
es,micro,en,micro,transparent
es,microbiano,en,microbial,transparent
es,microbio,en,microbe,transparent
es,microbiología,en,microbiology,transparent
es,microbioma,en,microbiome,transparent
es,microchip,en,microchip,transparent
es,microorganismo,en,microorganism,transparent
es,microprocesador,en,microprocessor,transparent
es,microscopio,en,microscope,transparent
es,microscopía,en,microscopy,transparent
es,microscópico,en,microscopic,altered
es,micrófono,en,mic,altered
es,micrómetro,en,micrometer,transparent
es,micrón,en,micron,transparent
es,midi,en,midi,transparent
es,mieloma,en,myeloma,transparent
es,miembro,en,member,transparent
es,migración,en,migration,transparent
es,migrante,en,migrant,transparent
es,migrar,en,migrate,transparent
es,migratorio,en,migratory,transparent
es,migraña,en,migraine,transparent
es,milagroso,en,miraculous,altered
es,milenial,en,millennials,transparent
es,milenio,en,millennium,altered
es,milicia,en,militia,transparent
es,miligramo,en,milligram,transparent
es,milisegundo,en,millisecond,transparent
es,militancia,en,militancy,transparent
es,militante,en,militant,transparent
es,militar,en,military,transparent
es,militarismo,en,militarism,transparent
es,militarista,en,militaristic,altered
es,militarizar,en,militarize,transparent
es,militarmente,en,militarily,transparent
es,milla,en,mile,altered
es,millonario,en,millionaire,transparent
es,millonésimo,en,millionth,altered
es,millón,en,million,transparent
es,milímetro,en,millimeter,transparent
es,mimo,en,mime,transparent
es,mimosa,en,mimosa,transparent
es,mina,en,mine,transparent
es,minarete,en,minaret,transparent
es,mineral,en,mineral,transparent
es,mineralogía,en,mineralogy,transparent
es,mini,en,mini,transparent
es,miniatura,en,miniature,transparent
es,minibús,en,minibus,transparent
es,minimal,en,minimal,transparent
es,minimalismo,en,minimalism,transparent
es,minimalista,en,minimalist,transparent
es,minimizar,en,minimize,transparent
es,miniserie,en,miniseries,transparent
es,ministerial,en,ministerial,transparent
es,ministerio,en,ministry,altered
es,ministro,en,minister,altered
es,minivan,en,minivan,transparent
es,minoría,en,minority,transparent
es,minotauro,en,minotaur,transparent
es,minucia,en,minutia,transparent
es,minuto,en,minute,transparent
es,minúscula,en,minuscule,transparent
es,mioceno,en,miocene,altered
es,mirza,en,mirza,transparent
es,miríada,en,myriad,altered
es,miscelánea,en,miscellany,altered
es,misceláneo,en,miscellaneous,transparent
es,miserable,en,miserable,transparent
es,miserablemente,en,miserably,transparent
es,miseria,en,misery,transparent
es,misil,en,missile,altered
es,misionero,en,missionary,transparent
es,misión,en,mission,transparent
es,misoginia,en,misogyny,transparent
es,mister,en,mister,transparent
es,misterio,en,mystery,transparent
es,misterioso,en,mysterious,transparent
es,misticismo,en,mysticism,transparent
es,misógino,en,misogynist,altered
es,mitigación,en,mitigation,transparent
es,mitigar,en,mitigate,transparent
es,mito,en,mythos,altered
es,mitología,en,mythology,transparent
es,mitológico,en,mythological,altered
es,mitosis,en,mitosis,transparent
es,mitra,en,mitre,altered
es,moca,en,mocha,altered
es,moción,en,motion,transparent
es,modal,en,modal,transparent
es,modalidad,en,modality,transparent
es,modelo,en,model,transparent
es,moderación,en,moderation,transparent
es,moderadamente,en,moderately,transparent
es,moderador,en,moderator,transparent
es,moderar,en,moderate,transparent
es,modernidad,en,modernity,transparent
es,modernismo,en,modernism,transparent
es,modernista,en,modernist,transparent
es,modernización,en,modernization,transparent
es,modernizar,en,modernize,transparent
es,moderno,en,modern,transparent
es,modestia,en,modesty,transparent
es,modesto,en,modest,transparent
es,modificación,en,modification,transparent
es,modificador,en,modifier,transparent
es,modificar,en,modify,transparent
es,modo,en,mode,transparent
es,modulación,en,modulation,transparent
es,modulador,en,modulator,transparent
es,modular,en,modular,transparent
es,molar,en,molar,transparent
es,molde,en,mold,transparent
es,molecular,en,molecular,transparent
es,molestar,en,molest,transparent
es,molibdeno,en,molybdenum,transparent
es,molusco,en,mollusk,altered
es,molécula,en,molecule,transparent
es,momento,en,moment,transparent
es,momentum,en,momentum,transparent
es,momentáneamente,en,momentarily,transparent
es,momentáneo,en,momentary,transparent
es,momia,en,mummy,altered
es,monarca,en,monarch,transparent
es,monarquía,en,monarchy,altered
es,monasterio,en,monastery,transparent
es,monetario,en,monetary,altered
es,monetización,en,monetization,transparent
es,monetizar,en,monetize,transparent
es,mongol,en,mongolian,altered
es,monitor,en,monitor,transparent
es,monje,en,monk,altered
es,monoclonal,en,monoclonal,transparent
es,monocromo,en,monochrome,transparent
es,monocromático,en,monochromatic,transparent
es,monogamia,en,monogamy,transparent
es,monografía,en,monograph,transparent
es,monograma,en,monogram,transparent
es,monolito,en,monolith,transparent
es,monolítico,en,monolithic,transparent
es,monopolio,en,monopoly,transparent
es,monopolizar,en,monopolize,transparent
es,monorraíl,en,monorail,altered
es,monotonía,en,monotony,transparent
es,monseñor,en,monsignor,altered
es,monstruo,en,monster,altered
es,monstruosidad,en,monstrosity,transparent
es,monstruoso,en,monstrous,transparent
es,montaje,en,montage,altered
es,montaña,en,mountain,transparent
es,montañero,en,mountaineer,altered
es,montañoso,en,mountainous,altered
es,montenegro,en,montenegro,transparent
es,montreal,en,montreal,transparent
es,monumental,en,monumental,transparent
es,monumento,en,monument,transparent
es,monzón,en,monsoon,altered
es,monástico,en,monastic,transparent
es,monógamo,en,monogamous,transparent
es,monólogo,en,monologue,transparent
es,monómero,en,monomer,transparent
es,monótono,en,monotone,altered
es,monóxido,en,monoxide,transparent
es,moral,en,moral,transparent
es,moralidad,en,morality,transparent
es,moratorio,en,moratorium,transparent
es,morbilidad,en,morbidity,transparent
es,morfar,en,morph,transparent
es,morfeo,en,morpheus,transparent
es,morfina,en,morphine,altered
es,morfología,en,morphology,transparent
es,morfológico,en,morphological,transparent
es,morgue,en,morgue,transparent
es,morisco,en,moorish,altered
es,mormón,en,mormon,transparent
es,mortal,en,mortal,transparent
es,mortalidad,en,mortality,transparent
es,mortalmente,en,mortally,transparent
es,mortem,en,mortem,transparent
es,mortero,en,mortar,altered
es,mortificar,en,mortify,transparent
es,mortuorio,en,mortuary,transparent
es,mosquete,en,musket,altered
es,mosquito,en,mosquito,transparent
es,motel,en,motel,transparent
es,motilidad,en,motility,transparent
es,motivacional,en,motivational,transparent
es,motivación,en,motivation,transparent
es,motivador,en,motivator,transparent
es,motivar,en,motivate,transparent
es,motivo,en,motive,transparent
es,motocicleta,en,motorcycle,transparent
es,motociclista,en,motorcyclist,transparent
es,motocross,en,motocross,transparent
es,motor,en,motor,transparent
es,motorista,en,motorist,transparent
es,motorizar,en,motorize,transparent
es,motín,en,mutiny,altered
es,mourinho,en,mourinho,transparent
es,mousse,en,mousse,transparent
es,mover,en,move,altered
es,movible,en,movable,transparent
es,movie,en,movie,transparent
es,movilidad,en,mobility,transparent
es,movilización,en,mobilization,transparent
es,movilizar,en,mobilize,transparent
es,movimiento,en,movement,transparent
es,mozzarella,en,mozzarella,transparent
es,mucho,en,mucho,transparent
es,mucosa,en,mucosa,transparent
es,mucoso,en,mucous,transparent
es,mucus,en,mucus,transparent
es,mudo,en,mute,transparent
es,muerte,en,mort,altered
es,muffin,en,muffin,transparent
es,muftí,en,mufti,altered
es,mulato,en,mulatto,transparent
es,mulo,en,mules,altered
es,multicanal,en,multichannel,transparent
es,multicultural,en,multicultural,transparent
es,multiculturalismo,en,multiculturalism,transparent
es,multidisciplinario,en,multidisciplinary,transparent
es,multijugador,en,multiplayer,altered
es,multilateral,en,multilateral,transparent
es,multilingüe,en,multilingual,altered
es,multimedia,en,multimedia,transparent
es,multinacional,en,multinational,transparent
es,multiplex,en,multiplex,transparent
es,multiplicación,en,multiplication,transparent
es,multiplicar,en,multiply,transparent
es,multitarea,en,multitask,transparent
es,multitud,en,multitude,transparent
es,multivariante,en,multivariate,altered
es,multiverso,en,multiverse,transparent
es,mundano,en,mundane,transparent
es,municipal,en,municipal,transparent
es,municipalidad,en,municipality,transparent
es,munición,en,ammunition,altered
es,mural,en,mural,transparent
es,murmullo,en,murmur,altered
es,musa,en,muse,transparent
es,muscular,en,muscular,transparent
es,musculoesquelético,en,musculoskeletal,transparent
es,muselina,en,muslin,transparent
es,museo,en,museum,transparent
es,musical,en,musical,transparent
es,mustang,en,mustang,transparent
es,musulmán,en,muslim,transparent
es,mutación,en,mutation,transparent
es,mutante,en,mutant,transparent
es,mutar,en,mutate,transparent
es,mutilación,en,mutilation,transparent
es,mutilar,en,mutilate,transparent
es,mutuamente,en,mutually,transparent
es,mutuo,en,mutual,transparent
es,muyahidín,en,mujahideen,altered
es,mágicamente,en,magically,transparent
es,mágico,en,magical,transparent
es,mánager,en,manager,transparent
es,máquina,en,machine,transparent
es,mármol,en,marble,altered
es,mártir,en,martyr,transparent
es,máscara,en,mask,transparent
es,mástil,en,mast,altered
es,máxima,en,maxim,transparent
es,máximo,en,max,altered
es,médico,en,medical,altered
es,mérito,en,merit,transparent
es,método,en,method,transparent
es,métrico,en,metric,transparent
es,mímica,en,mimic,transparent
es,mínimo,en,minimum,transparent
es,mística,en,mystique,altered
es,místico,en,mystic,transparent
es,mítico,en,mythic,transparent
es,módem,en,modem,transparent
es,módico,en,modicum,altered
es,módulo,en,module,transparent
es,mórbido,en,morbid,transparent
es,móvil,en,mobile,transparent
es,múltiple,en,multiple,transparent
es,músculo,en,muscle,transparent
es,música,en,music,transparent
es,músico,en,musician,altered
es,nacho,en,nacho,transparent
es,naciente,en,nascent,altered
es,nacional,en,national,transparent
es,nacionalidad,en,nationality,transparent
es,nacionalismo,en,nationalism,transparent
es,nacionalista,en,nationalist,transparent
es,nacionalización,en,nationalization,transparent
es,nacionalizar,en,nationalize,altered
es,nacionalmente,en,nationally,transparent
es,nación,en,nation,transparent
es,nadir,en,nadir,transparent
es,nana,en,nana,transparent
es,nano,en,nano,transparent
es,nanopartícula,en,nanoparticle,transparent
es,nanotecnología,en,nanotechnology,transparent
es,napoleón,en,napoleon,transparent
es,napoleónico,en,napoleonic,transparent
es,napolitano,en,neapolitan,altered
es,narcisismo,en,narcissism,transparent
es,narcisista,en,narcissistic,transparent
es,narciso,en,narcissus,altered
es,narcótico,en,narcotic,transparent
es,narración,en,narration,transparent
es,narrador,en,narrator,transparent
es,narrar,en,narrate,transparent
es,narrativo,en,narrative,transparent
es,nasal,en,nasal,transparent
es,natal,en,natal,transparent
es,natividad,en,nativity,transparent
es,nativo,en,native,transparent
es,natural,en,natural,transparent
es,naturalismo,en,naturalism,transparent
es,naturalista,en,naturalist,transparent
es,naturalización,en,naturalization,transparent
es,naturalizar,en,naturalize,transparent
es,naturalmente,en,naturally,transparent
es,nauseabundo,en,nauseous,altered
es,nausear,en,nauseate,transparent
es,naval,en,naval,transparent
es,nave,en,nave,transparent
es,navegable,en,navigable,transparent
es,navegación,en,navigation,transparent
es,navegador,en,navigator,altered
es,navegar,en,navigate,transparent
es,nazi,en,nazi,transparent
es,nazismo,en,nazism,transparent
es,nebulosa,en,nebula,altered
es,nebuloso,en,nebulous,transparent
es,necesariamente,en,necessarily,transparent
es,necesario,en,necessary,transparent
es,necesidad,en,necessity,transparent
es,necesitar,en,necessitate,altered
es,necrosis,en,necrosis,transparent
es,negación,en,negation,altered
es,negar,en,negate,altered
es,negatividad,en,negativity,transparent
es,negativo,en,negative,transparent
es,negligencia,en,neglect,altered
es,negligente,en,negligent,transparent
es,negociable,en,negotiable,transparent
es,negociación,en,negotiation,transparent
es,negociador,en,negotiator,transparent
es,negociar,en,negotiate,transparent
es,negro,en,negro,transparent
es,nemesis,en,nemesis,transparent
es,neo,en,neo,transparent
es,neoliberal,en,neoliberal,transparent
es,neoliberalismo,en,neoliberalism,transparent
es,neolítico,en,neolithic,transparent
es,neonatal,en,neonatal,transparent
es,neoplasia,en,neoplasm,altered
es,nepal,en,nepal,transparent
es,nepalí,en,nepalese,altered
es,nepotismo,en,nepotism,transparent
es,neptuno,en,neptune,transparent
es,nervio,en,nerve,transparent
es,nervioso,en,nervous,transparent
es,nervosa,en,nervosa,transparent
es,neto,en,net,altered
es,network,en,network,transparent
es,neumático,en,pneumatic,altered
es,neural,en,neural,transparent
es,neuro,en,neuro,transparent
es,neurobiología,en,neurobiology,altered
es,neurociencia,en,neuroscience,transparent
es,neurología,en,neurology,transparent
es,neurológico,en,neurological,transparent
es,neuromuscular,en,neuromuscular,transparent
es,neurona,en,neuron,altered
es,neuronal,en,neuronal,transparent
es,neuropatía,en,neuropathy,transparent
es,neurosis,en,neurosis,transparent
es,neurotransmisor,en,neurotransmitter,transparent
es,neurólogo,en,neurologist,transparent
es,neurótico,en,neurotic,transparent
es,neutral,en,neutral,transparent
es,neutralidad,en,neutrality,transparent
es,neutralizar,en,neutralize,transparent
es,neutrino,en,neutrino,transparent
es,neutro,en,neuter,altered
es,neutrófilo,en,neutrophil,altered
es,neutrón,en,neutron,transparent
es,newtoniano,en,newtonian,transparent
es,nexo,en,nexus,transparent
es,neón,en,neon,transparent
es,nicho,en,niche,transparent
es,nicotina,en,nicotine,transparent
es,nigeriano,en,nigerian,transparent
es,nigromante,en,necromancer,altered
es,nihilismo,en,nihilism,transparent
es,nil,en,nil,transparent
es,nimbo,en,nimbus,altered
es,ninfa,en,nymph,altered
es,ninja,en,ninja,transparent
es,nintendo,en,nintendo,transparent
es,nirvana,en,nirvana,transparent
es,nitrato,en,nitrate,transparent
es,nitro,en,nitro,transparent
es,nitroso,en,nitrous,transparent
es,nitrógeno,en,nitrogen,transparent
es,nivel,en,level,transparent
es,noble,en,noble,transparent
es,nobleza,en,nobility,altered
es,nocional,en,notional,altered
es,noción,en,notion,transparent
es,nocturno,en,nocturnal,transparent
es,nodo,en,node,transparent
es,nodriza,en,nurse,altered
es,noel,en,noel,transparent
es,nombre,en,name,altered
es,nomenclatura,en,nomenclature,transparent
es,nominación,en,nomination,transparent
es,nominal,en,nominal,transparent
es,nominar,en,nominate,transparent
es,nona,en,nona,transparent
es,nonstop,en,nonstop,transparent
es,norma,en,norm,transparent
es,normal,en,normal,transparent
es,normalidad,en,normality,transparent
es,normalización,en,normalization,transparent
es,normalizar,en,normalize,transparent
es,normalmente,en,normally,transparent
es,normativo,en,normative,transparent
es,norte,en,north,altered
es,nostalgia,en,nostalgia,transparent
es,nostálgico,en,nostalgic,transparent
es,nota,en,note,transparent
es,notable,en,notable,transparent
es,notablemente,en,noticeably,altered
es,notación,en,notation,transparent
es,notario,en,notary,transparent
es,noticia,en,notice,transparent
es,notificación,en,notification,transparent
es,notificar,en,notify,transparent
es,notoriedad,en,notoriety,transparent
es,notorio,en,notorious,transparent
es,nova,en,nova,transparent
es,novedad,en,novelty,transparent
es,novela,en,novel,altered
es,novelista,en,novelist,transparent
es,novicio,en,novice,transparent
es,noviembre,en,november,transparent
es,nu,en,nu,transparent
es,nuclear,en,nuclear,transparent
es,nucleótido,en,nucleotide,transparent
es,nudista,en,nudist,transparent
es,nueva,en,nueva,transparent
es,nulo,en,null,altered
es,numeral,en,numeral,transparent
es,numeroso,en,numerous,transparent
es,numéricamente,en,numerically,transparent
es,numérico,en,numerical,altered
es,nutricional,en,nutritional,transparent
es,nutrición,en,nutrition,transparent
es,nutriente,en,nutrient,transparent
es,nutrir,en,nourish,altered
es,nutritivo,en,nutritious,altered
es,nylon,en,nylon,transparent
es,náusea,en,nausea,transparent
es,náutico,en,nautical,transparent
es,néctar,en,nectar,transparent
es,níquel,en,nickel,transparent
es,nítrico,en,nitric,transparent
es,nódulo,en,nodule,transparent
es,nómada,en,nomad,transparent
es,nórdico,en,nordic,transparent
es,núcleo,en,nucleus,transparent
es,número,en,number,transparent
es,oasis,en,oasis,transparent
es,obedecer,en,obey,transparent
es,obediencia,en,obedience,altered
es,obediente,en,obedient,transparent
es,obelisco,en,obelisk,transparent
es,obertura,en,overture,altered
es,obesidad,en,obesity,transparent
es,obeso,en,obese,altered
es,obispado,en,bishopric,transparent
es,obispo,en,bishop,transparent
es,obituario,en,obituary,transparent
es,objeción,en,objection,transparent
es,objetivamente,en,objectively,transparent
es,objetividad,en,objectivity,transparent
es,objetivo,en,objective,transparent
es,objeto,en,object,transparent
es,oblicuamente,en,obliquely,transparent
es,oblicuo,en,oblique,transparent
es,obligación,en,obligation,transparent
es,obligar,en,oblige,transparent
es,obligatorio,en,obligatory,transparent
es,oblongo,en,oblong,transparent
es,oboe,en,oboe,transparent
es,obscenidad,en,obscenity,transparent
es,obsceno,en,obscene,transparent
es,obscuridad,en,obscurity,transparent
es,obscuro,en,obscure,transparent
es,observable,en,observable,transparent
es,observacional,en,observational,transparent
es,observación,en,observation,transparent
es,observador,en,observer,transparent
es,observancia,en,observance,transparent
es,observante,en,observant,transparent
es,observar,en,observe,altered
es,observatorio,en,observatory,transparent
es,obsesionar,en,obsess,transparent
es,obsesión,en,obsession,transparent
es,obsidiana,en,obsidian,transparent
es,obsolescencia,en,obsolescence,transparent
es,obstetricia,en,obstetrics,transparent
es,obstinar,en,obstinate,transparent
es,obstrucción,en,obstruction,transparent
es,obstructivo,en,obstructive,transparent
es,obstruir,en,obstruct,altered
es,obstáculo,en,obstacle,transparent
es,obtener,en,obtain,transparent
es,obtenible,en,obtainable,transparent
es,obtuso,en,obtuse,transparent
es,obvio,en,obvious,transparent
es,ocasional,en,occasional,transparent
es,ocasionalmente,en,occasionally,transparent
es,ocasión,en,occasion,transparent
es,occidental,en,occidental,transparent
es,occipital,en,occipital,transparent
es,oceanografía,en,oceanography,transparent
es,oceanográfico,en,oceanographic,transparent
es,oceanía,en,oceania,transparent
es,oceánico,en,oceanic,transparent
es,oclusión,en,occlusion,transparent
es,octagonal,en,octagonal,transparent
es,octano,en,octane,transparent
es,octava,en,octave,transparent
es,octubre,en,october,transparent
es,octágono,en,octagon,transparent
es,ocular,en,ocular,transparent
es,oculista,en,oculus,altered
es,oculto,en,occult,transparent
es,ocupacional,en,occupational,transparent
es,ocupación,en,occupation,transparent
es,ocupante,en,occupant,transparent
es,ocupar,en,occupy,altered
es,ocurrencia,en,occurrence,transparent
es,océano,en,ocean,transparent
es,oda,en,ode,transparent
es,odioso,en,obnoxious,altered
es,odisea,en,odyssey,altered
es,ofender,en,offend,transparent
es,ofensa,en,offense,transparent
es,ofensivo,en,offensive,transparent
es,ofensor,en,offender,altered
es,oferta,en,offer,altered
es,offshore,en,offshore,transparent
es,oficial,en,official,transparent
es,oficialmente,en,officially,transparent
es,oficiar,en,officiate,altered
es,oficina,en,office,transparent
es,ofrenda,en,offer,altered
es,oftalmología,en,ophthalmology,altered
es,ofuscar,en,obfuscate,altered
es,ogro,en,ogre,transparent
es,ok,en,ok,transparent
es,oktoberfest,en,oktoberfest,transparent
es,olfatorio,en,olfactory,transparent
es,oligarca,en,oligarch,transparent
es,oligarquía,en,oligarchy,transparent
es,olimpiada,en,olympiad,altered
es,olimpo,en,olympus,altered
es,oliva,en,olive,transparent
es,olor,en,odor,altered
es,olvidadizo,en,oblivious,altered
es,olímpico,en,olympic,transparent
es,ombre,en,ombre,transparent
es,ombudsman,en,ombudsman,transparent
es,omega,en,omega,transparent
es,omen,en,omen,transparent
es,ominoso,en,ominous,transparent
es,omisión,en,omission,transparent
es,omni,en,omni,transparent
es,omnipotente,en,omnipotent,transparent
es,omnipresente,en,omnipresent,transparent
es,omnisciente,en,omniscient,transparent
es,oncología,en,oncology,transparent
es,oncólogo,en,oncologist,transparent
es,online,en,online,transparent
es,ontología,en,ontology,transparent
es,ontológico,en,ontological,transparent
es,opacidad,en,opacity,transparent
es,opaco,en,opaque,altered
es,opcional,en,optional,transparent
es,opcionalmente,en,optionally,transparent
es,opción,en,option,transparent
es,opel,en,opel,transparent
es,opep,en,opec,altered
es,operacional,en,operational,transparent
es,operacionalmente,en,operationally,transparent
es,operación,en,operation,transparent
es,operador,en,operator,transparent
es,operar,en,operate,transparent
es,operativo,en,operative,transparent
es,opinar,en,opine,transparent
es,opinión,en,opinion,transparent
es,opio,en,opium,altered
es,opioide,en,opioid,transparent
es,opiáceo,en,opiate,altered
es,oponente,en,opponent,transparent
es,oponer,en,oppose,transparent
es,oportunidad,en,opportunity,transparent
es,oportunista,en,opportunistic,altered
es,oportuno,en,opportune,transparent
es,oposición,en,opposition,transparent
es,opresivo,en,oppressive,transparent
es,opresión,en,oppression,transparent
es,opresor,en,oppressor,transparent
es,oprimir,en,oppress,altered
es,optimismo,en,optimism,transparent
es,optimista,en,optimistic,altered
es,optimización,en,optimization,transparent
es,optimizar,en,optimize,transparent
es,optometrista,en,optometrist,transparent
es,optometría,en,optometry,altered
es,opulento,en,opulent,transparent
es,opus,en,opus,transparent
es,orador,en,orator,transparent
es,oral,en,oral,transparent
es,oralmente,en,orally,transparent
es,orangután,en,orangutan,transparent
es,oratorio,en,oratory,altered
es,orbitador,en,orbiter,altered
es,orbital,en,orbital,transparent
es,orca,en,orca,transparent
es,ordenación,en,ordination,transparent
es,ordenada,en,ordinate,altered
es,ordenanza,en,ordinance,altered
es,ordinal,en,ordinal,transparent
es,ordinario,en,ordinary,transparent
es,oreo,en,oreo,transparent
es,orfanato,en,orphanage,altered
es,organismo,en,organism,transparent
es,organista,en,organist,transparent
es,organizacional,en,organizational,transparent
es,organización,en,organization,transparent
es,organizador,en,organizer,transparent
es,organizar,en,organize,transparent
es,orgasmo,en,orgasm,transparent
es,orgánicamente,en,organically,transparent
es,orgánico,en,organic,transparent
es,orgásmico,en,orgasmic,transparent
es,orgía,en,orgy,transparent
es,orientación,en,orientation,transparent
es,oriental,en,oriental,transparent
es,orientar,en,orientate,altered
es,oriente,en,orient,transparent
es,origami,en,origami,transparent
es,origen,en,origin,transparent
es,originación,en,origination,transparent
es,originador,en,originator,transparent
es,original,en,original,transparent
es,originalidad,en,originality,transparent
es,originalmente,en,originally,transparent
es,originar,en,originate,transparent
es,orina,en,urine,transparent
es,ornamentación,en,ornamentation,transparent
es,ornamental,en,ornamental,transparent
es,ornamento,en,ornament,transparent
es,ornar,en,ornate,transparent
es,orquesta,en,orchestra,altered
es,orquestación,en,orchestration,altered
es,orquestal,en,orchestral,transparent
es,orquestar,en,orchestrate,transparent
es,orquídea,en,orchid,altered
es,ortodoncista,en,orthodontist,altered
es,ortodoxo,en,orthodox,transparent
es,ortogonal,en,orthogonal,transparent
es,ortopédico,en,orthopedic,transparent
es,oráculo,en,oracle,transparent
es,orégano,en,oregano,transparent
es,oscilación,en,oscillation,transparent
es,oscilador,en,oscillator,transparent
es,oscilar,en,oscillate,altered
es,osiris,en,osiris,transparent
es,ostentoso,en,ostentatious,altered
es,osteoartritis,en,osteoarthritis,transparent
es,osteoporosis,en,osteoporosis,transparent
es,ostra,en,oyster,altered
es,otoñal,en,autumnal,altered
es,outfit,en,outfit,transparent
es,outlet,en,outlet,transparent
es,outsider,en,outsider,transparent
es,ovación,en,ovation,transparent
es,oval,en,oval,transparent
es,ovario,en,ovary,altered
es,overall,en,overall,transparent
es,overseas,en,overseas,transparent
es,ovulación,en,ovulation,transparent
es,ovular,en,ovulate,altered
es,ovárico,en,ovarian,altered
es,oxicodona,en,oxycodone,altered
es,oxidación,en,oxidation,transparent
es,oxidante,en,oxidant,transparent
es,oxidar,en,oxidize,transparent
es,oxidasa,en,oxidase,transparent
es,oxidativo,en,oxidative,transparent
es,oxigenar,en,oxygenate,transparent
es,oxitocina,en,oxytocin,transparent
es,oxígeno,en,oxygen,transparent
es,oxímoron,en,oxymoron,transparent
es,ozono,en,ozone,transparent
es,pabellón,en,pavilion,altered
es,paciencia,en,patience,transparent
es,paciente,en,patient,transparent
es,pacificador,en,pacifier,transparent
es,pacificar,en,pacify,transparent
es,pacifismo,en,pacifism,transparent
es,pacifista,en,pacifist,transparent
es,pacto,en,pact,transparent
es,pacífico,en,pacific,transparent
es,padre,en,padre,transparent
es,paella,en,paella,transparent
es,pagable,en,payable,altered
es,paganismo,en,paganism,transparent
es,pagano,en,pagan,transparent
es,pagoda,en,pagoda,transparent
es,palacio,en,palace,transparent
es,paladar,en,palate,altered
es,paladio,en,palladium,transparent
es,paladín,en,paladin,transparent
es,palatino,en,palatine,transparent
es,paleolítico,en,paleolithic,transparent
es,paleontología,en,paleontology,transparent
es,palestino,en,palestinian,transparent
es,paleta,en,palette,transparent
es,paliativo,en,palliative,transparent
es,palio,en,pall,altered
es,palma,en,palm,transparent
es,palmeta,en,palmetto,altered
es,palpable,en,palpable,transparent
es,palpitación,en,palpitation,transparent
es,palé,en,pallet,altered
es,pan,en,pan,transparent
es,panacea,en,panacea,transparent
es,panameño,en,panamanian,transparent
es,panamá,en,panama,transparent
es,pancreatitis,en,pancreatitis,transparent
es,pancreático,en,pancreatic,transparent
es,panda,en,panda,transparent
es,pandemia,en,pandemic,transparent
es,pandemonium,en,pandemonium,transparent
es,pandora,en,pandora,transparent
es,panel,en,panel,transparent
es,panelista,en,panelist,transparent
es,panera,en,pantry,altered
es,panfleto,en,pamphlet,altered
es,panini,en,panini,transparent
es,panorama,en,panorama,transparent
es,panorámico,en,panoramic,transparent
es,pantalón,en,pants,transparent
es,pantera,en,panther,altered
es,panteón,en,pantheon,transparent
es,pantomima,en,pantomime,transparent
es,panty,en,pantie,transparent
es,papa,en,pope,transparent
es,papado,en,papacy,altered
es,papal,en,papal,transparent
es,paparazzi,en,paparazzi,transparent
es,papaya,en,papaya,transparent
es,papiro,en,papyrus,transparent
es,papá,en,papi,altered
es,paquete,en,pack,altered
es,par,en,pair,altered
es,para,en,para,transparent
es,parabólico,en,parabolic,transparent
es,paracaídas,en,parachute,transparent
es,paracetamol,en,paracetamol,transparent
es,parada,en,parade,transparent
es,paradigma,en,paradigm,transparent
es,paradoja,en,paradox,transparent
es,paradójicamente,en,paradoxically,transparent
es,paradójico,en,paradoxical,transparent
es,parafernalia,en,paraphernalia,transparent
es,paraguay,en,paraguay,transparent
es,paralaje,en,parallax,transparent
es,paralelo,en,parallel,altered
es,paralizar,en,paralyze,transparent
es,paralímpico,en,paralympic,transparent
es,paramilitar,en,paramilitary,transparent
es,paramétrico,en,parametric,transparent
es,parangón,en,paragon,transparent
es,paranoia,en,paranoia,transparent
es,paranoide,en,paranoid,transparent
es,paranormal,en,paranormal,transparent
es,parapeto,en,parapet,altered
es,parapléjico,en,paraplegic,altered
es,parasitario,en,parasitic,altered
es,parasol,en,parasol,transparent
es,paraíso,en,paradise,transparent
es,parcial,en,partial,transparent
es,parcialmente,en,partially,altered
es,parental,en,parental,transparent
es,paria,en,pariah,transparent
es,paridad,en,parity,transparent
es,parietal,en,parietal,transparent
es,parisino,en,parisian,transparent
es,parka,en,parka,transparent
es,parlamentario,en,parliamentary,transparent
es,parlamento,en,parliament,transparent
es,parlar,en,parley,altered
es,parlor,en,parlor,transparent
es,parmesano,en,parmesan,transparent
es,parodia,en,parody,transparent
es,parola,en,parole,transparent
es,parque,en,park,transparent
es,parroquial,en,parochial,altered
es,parte,en,part,transparent
es,partenaire,en,partner,transparent
es,participación,en,participation,transparent
es,participante,en,participant,transparent
es,participar,en,participate,transparent
es,participio,en,participle,altered
es,partición,en,partition,transparent
es,particulado,en,particulate,transparent
es,particular,en,particular,transparent
es,particularmente,en,particularly,transparent
es,partida,en,departure,altered
es,partidismo,en,partisanship,altered
es,partidista,en,partisan,altered
es,partícula,en,particle,altered
es,parábola,en,parable,transparent
es,paráfrasis,en,paraphrase,altered
es,parálisis,en,paralysis,transparent
es,parámetro,en,parameter,transparent
es,parásito,en,parasite,transparent
es,paréntesis,en,parenthesis,transparent
es,pasaje,en,passage,transparent
es,pasaporte,en,passport,transparent
es,pascal,en,pascal,transparent
es,pascual,en,paschal,altered
es,pasividad,en,passivity,transparent
es,pasivo,en,passive,transparent
es,pasión,en,passion,transparent
es,paso,en,pass,altered
es,pasta,en,paste,altered
es,pastel,en,pastel,transparent
es,pastor,en,pastor,transparent
es,pastoral,en,pastoral,transparent
es,pastura,en,pasture,transparent
es,patagonia,en,patagonia,transparent
es,patata,en,potato,transparent
es,patente,en,patent,transparent
es,paternal,en,paternal,transparent
es,paternidad,en,paternity,transparent
es,pathos,en,pathos,transparent
es,patinar,en,patina,transparent
es,patio,en,patio,transparent
es,patogénico,en,pathogenic,transparent
es,patología,en,pathology,transparent
es,patológico,en,pathological,transparent
es,patriarca,en,patriarch,transparent
es,patriarcado,en,patriarchy,altered
es,patriarcal,en,patriarchal,transparent
es,patricio,en,patrician,transparent
es,patriota,en,patriot,transparent
es,patriotismo,en,patriotism,transparent
es,patriótico,en,patriotic,transparent
es,patrocinar,en,patronize,transparent
es,patronazgo,en,patronage,altered
es,patrulla,en,patrol,altered
es,patrón,en,patron,transparent
es,paté,en,pate,transparent
es,patético,en,pathetic,transparent
es,patólogo,en,pathologist,transparent
es,paupérrimo,en,pauper,altered
es,pausa,en,pause,transparent
es,pavimento,en,pavement,transparent
es,paz,en,peace,altered
es,peatón,en,pedestrian,altered
es,pectoral,en,pectoral,transparent
es,peculiar,en,peculiar,transparent
es,peculiarmente,en,peculiarly,altered
es,pecíolo,en,petiole,altered
es,pedagogía,en,pedagogy,transparent
es,pedagógico,en,pedagogical,transparent
es,pedal,en,pedal,transparent
es,pedante,en,pedantic,transparent
es,pedestal,en,pedestal,transparent
es,pediatra,en,pediatrician,altered
es,pediatría,en,pediatrics,altered
es,pedicura,en,pedicure,altered
es,pediátrico,en,pediatric,transparent
es,pedofilia,en,pedophilia,transparent
es,pedófilo,en,pedophile,transparent
es,pegaso,en,pegasus,transparent
es,peligroso,en,perilous,altered
es,pelotón,en,platoon,altered
es,pelvis,en,pelvis,transparent
es,pelágico,en,pelagic,altered
es,pelícano,en,pelican,transparent
es,penalidad,en,penalty,transparent
es,penalizar,en,penalize,transparent
es,pencil,en,pencil,transparent
es,pender,en,pend,altered
es,pene,en,penis,altered
es,penetración,en,penetration,transparent
es,penetrar,en,penetrate,transparent
es,penicilina,en,penicillin,transparent
es,peninsular,en,peninsular,transparent
es,penique,en,penny,altered
es,penitencia,en,penance,altered
es,penitenciario,en,penitentiary,transparent
es,penitente,en,penitent,transparent
es,pensionista,en,pensioner,transparent
es,pensión,en,pension,transparent
es,pentecostal,en,pentecostal,transparent
es,pentáculo,en,pentagram,altered
es,pentágono,en,pentagon,transparent
es,península,en,peninsula,transparent
es,penúltimo,en,penultimate,transparent
es,peonía,en,peony,transparent
es,pepperoni,en,pepperoni,transparent
es,pera,en,pear,transparent
es,percentil,en,percentile,transparent
es,percepción,en,perception,transparent
es,perceptivo,en,perceptive,transparent
es,perceptual,en,perceptual,transparent
es,percibir,en,perceive,altered
es,percolación,en,percolate,transparent
es,percusión,en,percussion,transparent
es,perdón,en,pardon,altered
es,perecer,en,perish,altered
es,peregrino,en,pilgrim,altered
es,perenne,en,perennial,transparent
es,perfeccionista,en,perfectionist,transparent
es,perfección,en,perfection,transparent
es,perfectamente,en,perfectly,transparent
es,perfecto,en,perfect,transparent
es,perfil,en,profile,altered
es,perfilador,en,profiler,altered
es,perforación,en,perforation,transparent
es,perforar,en,perforate,transparent
es,performance,en,performance,transparent
es,performativo,en,performative,transparent
es,performer,en,performer,transparent
es,perfume,en,perfume,transparent
es,perfusión,en,perfusion,transparent
es,periferia,en,periphery,transparent
es,periférico,en,peripheral,altered
es,periodicidad,en,periodicity,transparent
es,periodontal,en,periodontal,transparent
es,periscopio,en,periscope,transparent
es,periódicamente,en,periodically,transparent
es,periódico,en,periodic,transparent
es,perjurio,en,perjury,transparent
es,perla,en,pearl,altered
es,permanencia,en,permanence,transparent
es,permanente,en,permanent,transparent
es,permeabilidad,en,permeability,transparent
es,permeable,en,permeable,transparent
es,permear,en,permeate,transparent
es,permisible,en,permissible,transparent
es,permisivo,en,permissive,transparent
es,permiso,en,permission,altered
es,permitir,en,permit,transparent
es,permutación,en,permutation,transparent
es,pernicioso,en,pernicious,transparent
es,perpendicular,en,perpendicular,transparent
es,perpetrador,en,perpetrator,transparent
es,perpetrar,en,perpetrate,transparent
es,perpetuamente,en,perpetually,transparent
es,perpetuar,en,perpetuate,altered
es,perpetuidad,en,perpetuity,transparent
es,perpetuo,en,perpetual,transparent
es,perplejo,en,perplex,altered
es,persecución,en,pursuit,altered
es,persecutorio,en,prosecutorial,altered
es,perseguir,en,pursue,altered
es,perseverancia,en,perseverance,transparent
es,perseverar,en,persevere,transparent
es,persia,en,persia,transparent
es,persistencia,en,persistence,transparent
es,persistente,en,persistent,transparent
es,persistir,en,persist,transparent
es,persona,en,person,transparent
es,personaje,en,personage,transparent
es,personal,en,personal,transparent
es,personalidad,en,personality,transparent
es,personalizar,en,personalize,transparent
es,personalmente,en,personally,transparent
es,personificación,en,personification,altered
es,personificar,en,impersonate,altered
es,perspectiva,en,perspective,transparent
es,persuadir,en,persuade,transparent
es,persuasión,en,persuasion,transparent
es,pertenecer,en,pertain,altered
es,pertinente,en,pertinent,transparent
es,perturbación,en,perturbation,transparent
es,perturbar,en,perturb,transparent
es,perversión,en,perversion,transparent
es,perverso,en,perverse,transparent
es,pervertir,en,pervert,transparent
es,perímetro,en,perimeter,transparent
es,período,en,period,transparent
es,peróxido,en,peroxide,transparent
es,pesimismo,en,pessimism,transparent
es,pesimista,en,pessimistic,altered
es,peso,en,peso,transparent
es,peste,en,pest,transparent
es,pesticida,en,pesticide,transparent
es,pestilencia,en,pestilence,transparent
es,pesto,en,pesto,transparent
es,peticionario,en,petitioner,altered
es,petición,en,petition,transparent
es,petrificar,en,petrify,transparent
es,petroquímico,en,petrochemical,transparent
es,petróleo,en,petroleum,transparent
es,petulante,en,petulant,transparent
es,petunia,en,petunia,transparent
es,peyorativo,en,pejorative,transparent
es,peón,en,pawn,altered
es,pi,en,pi,transparent
es,pianista,en,pianist,transparent
es,piano,en,piano,transparent
es,pica,en,pique,altered
es,pictórico,en,pictorial,altered
es,piedad,en,piety,altered
es,piezoeléctrico,en,piezoelectric,transparent
es,pigmentación,en,pigmentation,transparent
es,pigmento,en,pigment,transparent
es,pigmeo,en,pygmy,altered
es,pijama,en,pajamas,transparent
es,pila,en,pile,transparent
es,pilar,en,pillar,transparent
es,pilates,en,pilates,transparent
es,pillaje,en,pillage,transparent
es,piloto,en,pilot,transparent
es,pilón,en,pylon,altered
es,pingüino,en,penguin,transparent
es,pinot,en,pinot,transparent
es,pintar,en,paint,transparent
es,pintor,en,painter,altered
es,pintoresco,en,picturesque,altered
es,pintura,en,paint,altered
es,pinza,en,pincer,altered
es,pináculo,en,pinnacle,transparent
es,pionero,en,pioneer,transparent
es,piramidal,en,pyramidal,transparent
es,pirata,en,pirate,transparent
es,piratería,en,piracy,transparent
es,pirineo,en,pyrenees,altered
es,pirita,en,pyrite,altered
es,pirotecnia,en,pyrotechnics,altered
es,pirámide,en,pyramid,transparent
es,piscis,en,pisces,transparent
es,pistacho,en,pistachio,altered
es,pistola,en,pistol,transparent
es,pistón,en,piston,transparent
es,pita,en,pita,transparent
es,pitanza,en,pittance,altered
es,pituitaria,en,pituitary,transparent
es,pitón,en,python,transparent
es,pivotal,en,pivotal,transparent
es,pizza,en,pizza,transparent
es,pizzería,en,pizzeria,transparent
es,piña,en,pineapple,altered
es,piñón,en,pinion,altered
es,placa,en,plaque,transparent
es,placebo,en,placebo,transparent
es,placenta,en,placenta,transparent
es,placentario,en,placental,altered
es,placer,en,pleasure,transparent
es,plaga,en,plague,transparent
es,plagiar,en,plagiarize,altered
es,plagio,en,plagiarism,altered
es,plan,en,plan,transparent
es,planar,en,planar,transparent
es,plancton,en,plankton,transparent
es,planeta,en,planet,transparent
es,planetario,en,planetary,transparent
es,plano,en,plane,altered
es,planta,en,plant,transparent
es,plantación,en,plant,transparent
es,plantador,en,planter,altered
es,plantar,en,plantar,transparent
es,plaqueta,en,platelet,altered
es,plasma,en,plasma,transparent
es,plasticidad,en,plasticity,transparent
es,plataforma,en,platform,transparent
es,platea,en,plateau,altered
es,platino,en,platinum,transparent
es,plato,en,platter,altered
es,platónico,en,platonic,transparent
es,plausible,en,plausible,transparent
es,playa,en,playa,transparent
es,playback,en,playback,transparent
es,playboy,en,playboy,transparent
es,playoff,en,playoff,transparent
es,plaza,en,plaza,transparent
es,plebeyo,en,pleb,altered
es,plebiscito,en,plebiscite,transparent
es,plegable,en,pliable,altered
es,pleistoceno,en,pleistocene,transparent
es,plenario,en,plenary,transparent
es,plenipotenciario,en,plenipotentiary,transparent
es,plexo,en,plexus,altered
es,plinto,en,plinth,altered
es,plioceno,en,pliocene,altered
es,plugin,en,plugin,transparent
es,pluma,en,plume,altered
es,plumaje,en,plumage,transparent
es,plural,en,plural,transparent
es,pluralidad,en,plurality,transparent
es,pluralismo,en,pluralism,transparent
es,plutonio,en,plutonium,transparent
es,plácido,en,placid,altered
es,plásmido,en,plasmid,altered
es,plástico,en,plastic,transparent
es,plátano,en,plantain,altered
es,plétora,en,plethora,transparent
es,poa,en,poa,transparent
es,población,en,population,transparent
es,poción,en,potion,transparent
es,podcast,en,podcast,transparent
es,poder,en,power,altered
es,podio,en,podium,transparent
es,poema,en,poem,transparent
es,poesía,en,poetry,transparent
es,poeta,en,poet,transparent
es,polar,en,polar,transparent
es,polaridad,en,polarity,transparent
es,polaris,en,polaris,transparent
es,polarización,en,polarization,transparent
es,polarizar,en,polarize,transparent
es,polaroid,en,polaroid,transparent
es,polca,en,polka,transparent
es,polen,en,pollen,transparent
es,poli,en,poly,transparent
es,policía,en,police,transparent
es,polietileno,en,polyethylene,transparent
es,poligamia,en,polygamy,transparent
es,polimerización,en,polymerization,transparent
es,polinesio,en,polynesian,transparent
es,polinización,en,pollination,transparent
es,polinizador,en,pollinator,transparent
es,polinomio,en,polynomial,transparent
es,polio,en,polio,transparent
es,polipropileno,en,polypropylene,transparent
es,polipéptido,en,polypeptide,transparent
es,polis,en,polis,transparent
es,politécnico,en,polytechnic,transparent
es,poliéster,en,polyester,transparent
es,polo,en,pole,altered
es,poltergeist,en,poltergeist,transparent
es,polución,en,pollution,transparent
es,polémica,en,polemic,altered
es,polígono,en,polygon,transparent
es,polígrafo,en,polygraph,transparent
es,polímero,en,polymer,transparent
es,política,en,politics,transparent
es,político,en,political,transparent
es,pomposo,en,pompous,transparent
es,poncho,en,poncho,transparent
es,ponderar,en,ponder,altered
es,poni,en,pony,transparent
es,pontifical,en,pontifical,transparent
es,pontificar,en,pontificate,transparent
es,pontífice,en,pontiff,altered
es,pontón,en,pontoon,altered
es,pop,en,pop,transparent
es,populacho,en,populace,altered
es,popular,en,popular,transparent
es,popularidad,en,popularity,transparent
es,popularizar,en,popularize,transparent
es,popularmente,en,popularly,transparent
es,populismo,en,populism,transparent
es,populista,en,populist,transparent
es,popup,en,popup,transparent
es,porcelana,en,porcelain,transparent
es,porcentaje,en,percentage,transparent
es,porción,en,portion,transparent
es,porno,en,porn,transparent
es,pornografía,en,pornography,transparent
es,pornográfico,en,pornographic,transparent
es,poro,en,pore,transparent
es,porosidad,en,porosity,transparent
es,poroso,en,porous,altered
es,portable,en,portable,transparent
es,portafolio,en,portfolio,transparent
es,portal,en,portal,transparent
es,portobelo,en,portobello,transparent
es,portugués,en,portuguese,transparent
es,poseer,en,possess,transparent
es,posesivo,en,possessive,transparent
es,posesión,en,possession,transparent
es,posibilidad,en,possibility,transparent
es,posible,en,possible,transparent
es,posiblemente,en,possibly,transparent
es,posicional,en,positional,transparent
es,posición,en,position,transparent
es,positivamente,en,positively,transparent
es,positividad,en,positivity,transparent
es,positivo,en,positive,altered
es,positrón,en,positron,transparent
es,posparto,en,postpartum,transparent
es,posponer,en,postpone,transparent
es,postal,en,postal,transparent
es,postdoctoral,en,postdoctoral,transparent
es,poste,en,post,altered
es,posteridad,en,posterity,transparent
es,posterior,en,posterior,transparent
es,postgrado,en,postgraduate,transparent
es,postmoderno,en,postmodern,transparent
es,postmortem,en,postmortem,transparent
es,postnatal,en,postnatal,transparent
es,postoperatorio,en,postoperative,altered
es,postular,en,postulate,transparent
es,postura,en,pose,transparent
es,potable,en,potable,transparent
es,potasio,en,potassium,transparent
es,potencia,en,potency,transparent
es,potencial,en,potential,transparent
es,potencialmente,en,potentially,transparent
es,potente,en,potent,transparent
es,poética,en,poetics,transparent
es,poético,en,poetic,transparent
es,practicable,en,practicable,transparent
es,practicante,en,practitioner,transparent
es,practicar,en,practise,altered
es,pradera,en,prairie,altered
es,pragmatismo,en,pragmatism,transparent
es,pragmatista,en,pragmatist,transparent
es,pragmático,en,pragmatic,transparent
es,praxis,en,praxis,transparent
es,pre,en,pre,transparent
es,precario,en,precarious,transparent
es,precaución,en,precaution,transparent
es,precautorio,en,precautionary,transparent
es,precedencia,en,precedence,transparent
es,precedente,en,precedent,transparent
es,preceder,en,precede,transparent
es,precepto,en,precept,transparent
es,precio,en,price,transparent
es,precioso,en,precious,transparent
es,precipicio,en,precipice,transparent
es,precipitación,en,precipitation,transparent
es,precipitar,en,precipitate,transparent
es,precisamente,en,precisely,transparent
es,precisión,en,precision,transparent
es,preciso,en,precise,transparent
es,precondición,en,precondition,transparent
es,precoz,en,precocious,transparent
es,precuela,en,prequel,transparent
es,precursor,en,precursor,transparent
es,predecesor,en,predecessor,transparent
es,predecible,en,predictable,transparent
es,predeciblemente,en,predictably,transparent
es,predecir,en,predict,transparent
es,predeterminar,en,predetermine,transparent
es,predicado,en,predicate,transparent
es,predicador,en,preacher,altered
es,predicamento,en,predicament,transparent
es,predicar,en,preach,altered
es,predicción,en,prediction,transparent
es,predictibilidad,en,predictability,transparent
es,predictivo,en,predictive,transparent
es,predictor,en,predictor,transparent
es,predilección,en,predilection,transparent
es,predisponer,en,predispose,transparent
es,predisposición,en,predisposition,transparent
es,predominante,en,predominant,transparent
es,predominantemente,en,predominantly,transparent
es,preescolar,en,preschool,transparent
es,prefabricar,en,prefabricate,transparent
es,prefacio,en,preface,transparent
es,prefecto,en,prefect,transparent
es,prefectura,en,prefecture,transparent
es,preferencia,en,preference,transparent
es,preferencial,en,preferential,transparent
es,preferencialmente,en,preferentially,transparent
es,preferir,en,prefer,transparent
es,prefijo,en,prefix,transparent
es,prefrontal,en,prefrontal,transparent
es,preguerra,en,prewar,transparent
es,prehistoria,en,prehistory,transparent
es,prehistórico,en,prehistoric,transparent
es,prejudicial,en,prejudicial,transparent
es,prejuicio,en,prejudice,transparent
es,prelado,en,prelate,altered
es,preliminar,en,preliminary,transparent
es,preludio,en,prelude,transparent
es,prematrimonial,en,premarital,transparent
es,prematuramente,en,prematurely,transparent
es,prematuro,en,premature,transparent
es,premeditar,en,premeditate,transparent
es,premiere,en,premiere,transparent
es,premio,en,prize,altered
es,premisa,en,premise,transparent
es,premonición,en,premonition,transparent
es,prenatal,en,prenatal,transparent
es,prensa,en,press,altered
es,preocupación,en,preoccupation,transparent
es,preocupar,en,preoccupy,transparent
es,preparación,en,preparation,transparent
es,preparar,en,prepare,transparent
es,preponderancia,en,preponderance,altered
es,preposición,en,preposition,transparent
es,prerrogativa,en,prerogative,transparent
es,presa,en,prey,altered
es,presagio,en,presage,altered
es,presbiteriano,en,presbyterian,transparent
es,presbiterio,en,presbytery,transparent
es,prescribir,en,prescribe,transparent
es,prescripción,en,prescription,transparent
es,prescriptivo,en,prescriptive,transparent
es,presencia,en,presence,transparent
es,presentación,en,presentation,transparent
es,presentador,en,presenter,altered
es,presente,en,present,transparent
es,preservación,en,preservation,transparent
es,preservar,en,preserve,transparent
es,presidencia,en,presidency,transparent
es,presidencial,en,presidential,transparent
es,presidente,en,president,transparent
es,presidio,en,presidio,transparent
es,presidir,en,preside,transparent
es,presión,en,pressure,transparent
es,prestigio,en,prestige,transparent
es,prestigioso,en,prestigious,transparent
es,presto,en,presto,transparent
es,presunción,en,presumption,transparent
es,presuntuoso,en,presumptuous,transparent
es,presuponer,en,presuppose,transparent
es,presurizar,en,pressurize,transparent
es,pretencioso,en,pretentious,transparent
es,pretendiente,en,pretender,altered
es,pretexto,en,pretext,transparent
es,pretzel,en,pretzel,transparent
es,pretérmino,en,preterm,transparent
es,prevalecer,en,prevail,transparent
es,prevalencia,en,prevalence,transparent
es,prevalente,en,prevalent,transparent
es,prevención,en,prevention,transparent
es,prevenir,en,prevent,transparent
es,preventivo,en,preventive,altered
es,preview,en,preview,transparent
es,previo,en,previous,transparent
es,preámbulo,en,preamble,transparent
es,preñar,en,pregnant,altered
es,preñez,en,pregnancy,altered
es,prima,en,prima,transparent
es,primacía,en,primacy,transparent
es,primal,en,primal,transparent
es,primariamente,en,primarily,transparent
es,primario,en,primary,transparent
es,primate,en,primate,transparent
es,primero,en,premier,transparent
es,primitivo,en,primitive,transparent
es,primo,en,primo,transparent
es,primordial,en,primordial,transparent
es,princesa,en,princess,transparent
es,principal,en,principal,transparent
es,principalmente,en,principally,transparent
es,principesco,en,princely,altered
es,principio,en,principle,transparent
es,print,en,print,transparent
es,prior,en,prior,transparent
es,priori,en,priori,transparent
es,prioridad,en,priority,transparent
es,priorizar,en,prioritize,transparent
es,prisionero,en,prisoner,transparent
es,prisión,en,prison,transparent
es,prisma,en,prism,transparent
es,prismático,en,prismatic,transparent
es,privado,en,private,altered
es,privatización,en,privatization,transparent
es,privatizar,en,privatize,transparent
es,privilegio,en,privilege,transparent
es,pro,en,pro,transparent
es,proactivamente,en,proactively,transparent
es,probabilidad,en,probability,transparent
es,probabilístico,en,probabilistic,transparent
es,probable,en,probable,transparent
es,probación,en,probation,transparent
es,probar,en,prove,transparent
es,probatorio,en,probationary,altered
es,problema,en,problem,transparent
es,problemático,en,problematic,transparent
es,proceder,en,proceed,transparent
es,procedimiento,en,procedure,altered
es,procedural,en,procedural,transparent
es,procesador,en,processor,transparent
es,procesión,en,procession,transparent
es,proceso,en,process,transparent
es,proclamación,en,proclamation,altered
es,proclamar,en,proclaim,transparent
es,proclividad,en,proclivity,transparent
es,procrastinación,en,procrastination,transparent
es,procrastinar,en,procrastinate,transparent
es,procreación,en,procreation,transparent
es,procrear,en,procreate,transparent
es,procura,en,procurement,altered
es,procurador,en,procurator,transparent
es,prodigio,en,prodigy,transparent
es,prodigioso,en,prodigious,transparent
es,producción,en,production,transparent
es,producir,en,produce,altered
es,productivamente,en,productively,transparent
es,productividad,en,productivity,transparent
es,productivo,en,productive,transparent
es,producto,en,product,transparent
es,productor,en,producer,transparent
es,profano,en,profane,transparent
es,profecía,en,prophecy,altered
es,profesar,en,profess,transparent
es,profesional,en,professional,transparent
es,profesionalismo,en,professionalism,transparent
es,profesión,en,profession,transparent
es,profesor,en,professor,transparent
es,profesorado,en,professorship,altered
es,profeta,en,prophet,transparent
es,profilaxis,en,prophylaxis,altered
es,profiláctico,en,prophylactic,altered
es,profundamente,en,profoundly,transparent
es,profundo,en,profound,transparent
es,profusamente,en,profusely,transparent
es,profético,en,prophetic,transparent
es,progenitor,en,progenitor,transparent
es,progesterona,en,progesterone,transparent
es,programa,en,program,transparent
es,programable,en,programmable,altered
es,programador,en,programmer,transparent
es,programático,en,programmatic,transparent
es,progresivo,en,progressive,transparent
es,progresión,en,progression,transparent
es,progreso,en,progress,transparent
es,prohibición,en,prohibition,transparent
es,prohibir,en,prohibit,transparent
es,prohibitivamente,en,prohibitively,transparent
es,prohibitivo,en,prohibitive,transparent
es,prolapso,en,prolapse,transparent
es,proletariado,en,proletariat,altered
es,proletario,en,proletarian,transparent
es,proliferación,en,proliferation,transparent
es,proliferar,en,proliferate,transparent
es,prolongar,en,prolong,transparent
es,prolífico,en,prolific,transparent
es,prominencia,en,prominence,transparent
es,prominente,en,prominent,transparent
es,promiscuidad,en,promiscuity,transparent
es,promiscuo,en,promiscuous,transparent
es,promo,en,promo,transparent
es,promocional,en,promotional,transparent
es,promoción,en,promotion,transparent
es,promontorio,en,promontory,transparent
es,promotor,en,promoter,transparent
es,promover,en,promote,transparent
es,promulgar,en,promulgate,transparent
es,prono,en,prone,transparent
es,pronombre,en,pronoun,transparent
es,pronto,en,pronto,transparent
es,pronunciación,en,pronunciation,transparent
es,pronunciamiento,en,pronouncement,transparent
es,pronunciar,en,pronounce,transparent
es,pronóstico,en,prognosis,altered
es,propagación,en,propagation,transparent
es,propaganda,en,propaganda,transparent
es,propagandista,en,propagandist,transparent
es,propagar,en,propagate,transparent
es,propano,en,propane,transparent
es,propensión,en,propensity,transparent
es,propiedad,en,property,transparent
es,propietario,en,proprietary,altered
es,propileno,en,propylene,transparent
es,propio,en,proper,transparent
es,proponente,en,proponent,transparent
es,proponer,en,propose,transparent
es,proporcional,en,proportional,transparent
es,proporcionalidad,en,proportionality,transparent
es,proporcionalmente,en,proportionally,transparent
es,proporción,en,proportion,transparent
es,proposición,en,proposition,transparent
es,propuesta,en,proposal,altered
es,propulsión,en,propulsion,transparent
es,prosa,en,prose,altered
es,prosaico,en,prosaic,transparent
es,proscribir,en,proscribe,transparent
es,prosecco,en,prosecco,transparent
es,prospectivo,en,prospective,transparent
es,prospecto,en,prospect,transparent
es,prospector,en,prospector,transparent
es,prosperar,en,prosper,transparent
es,prosperidad,en,prosperity,transparent
es,prost,en,prost,transparent
es,prostitución,en,prostitution,transparent
es,prostituta,en,prostitute,transparent
es,protagonista,en,protagonist,transparent
es,proteccionismo,en,protectionism,transparent
es,proteccionista,en,protectionist,transparent
es,protección,en,protection,transparent
es,protector,en,protective,altered
es,protectorado,en,protectorate,transparent
es,proteger,en,protect,altered
es,protegido,en,protégé,altered
es,protesta,en,protest,transparent
es,protestante,en,protestant,transparent
es,protestantismo,en,protestantism,transparent
es,proteína,en,protein,altered
es,proto,en,proto,transparent
es,protocolo,en,protocol,transparent
es,prototipo,en,prototype,transparent
es,protrusión,en,protrusion,transparent
es,protésico,en,prosthetic,altered
es,protón,en,proton,transparent
es,proveedor,en,provider,transparent
es,proveer,en,provide,transparent
es,proverbial,en,proverbial,transparent
es,proverbio,en,proverb,transparent
es,providencia,en,providence,transparent
es,provincia,en,province,transparent
es,provincial,en,provincial,transparent
es,provisional,en,provisional,transparent
es,provisionalmente,en,provisionally,transparent
es,provisión,en,provision,transparent
es,provocación,en,provocation,transparent
es,provocador,en,provocateur,altered
es,provocar,en,provoke,transparent
es,proximal,en,proximal,transparent
es,proximidad,en,proximity,transparent
es,proyección,en,projection,transparent
es,proyectil,en,projectile,altered
es,proyectivo,en,projective,transparent
es,proyecto,en,project,transparent
es,proyector,en,projector,transparent
es,prudencia,en,prudence,transparent
es,prudencial,en,prudential,transparent
es,prudente,en,prudent,transparent
es,prueba,en,probe,altered
es,pruna,en,prune,transparent
es,prusia,en,prussia,transparent
es,prusiano,en,prussian,transparent
es,prácticamente,en,practically,transparent
es,práctico,en,practical,transparent
es,príncipe,en,prince,transparent
es,prólogo,en,prologue,transparent
es,próspero,en,prosperous,transparent
es,próstata,en,prostate,transparent
es,prótesis,en,prosthesis,transparent
es,próximo,en,proximate,altered
es,psico,en,psycho,transparent
es,psicoanalista,en,psychoanalyst,transparent
es,psicoanalítico,en,psychoanalytic,transparent
es,psicoanálisis,en,psychoanalysis,transparent
es,psicodélico,en,psychedelic,transparent
es,psicología,en,psychology,transparent
es,psicológico,en,psychological,transparent
es,psicopático,en,psychopathic,transparent
es,psicosis,en,psychosis,transparent
es,psicosocial,en,psychosocial,transparent
es,psicoterapeuta,en,psychotherapist,transparent
es,psicoterapia,en,psychotherapy,transparent
es,psicólogo,en,psychologist,transparent
es,psicópata,en,psychopath,altered
es,psicótico,en,psychotic,transparent
es,psique,en,psyche,transparent
es,psiquiatra,en,psychiatrist,altered
es,psiquiatría,en,psychiatry,transparent
es,psiquiátrico,en,psychiatric,transparent
es,psoriasis,en,psoriasis,transparent
es,psíquico,en,psychic,altered
es,pubertad,en,puberty,transparent
es,pubescente,en,pubescent,transparent
es,pubis,en,pubis,transparent
es,publicación,en,publication,transparent
es,publicano,en,publican,transparent
es,publicar,en,publish,altered
es,publicidad,en,publicity,transparent
es,publicista,en,publicist,transparent
es,pudín,en,pudding,altered
es,pueblo,en,pueblo,transparent
es,puercoespín,en,porcupine,altered
es,puerto,en,port,altered
es,puf,en,puff,transparent
es,pulido,en,polite,altered
es,pulir,en,polish,altered
es,pulmonar,en,pulmonary,altered
es,pulpa,en,pulp,transparent
es,pulsar,en,pulsar,transparent
es,pulso,en,pulse,transparent
es,pulverizar,en,pulverize,transparent
es,puma,en,puma,transparent
es,punible,en,punishable,transparent
es,punitivo,en,punitive,transparent
es,punk,en,punk,transparent
es,punto,en,point,altered
es,puntuación,en,punctuation,transparent
es,puntual,en,punctual,transparent
es,puntualidad,en,punctuality,transparent
es,puntuar,en,punctuate,altered
es,punzante,en,poignant,altered
es,pupa,en,pupa,transparent
es,pupila,en,pupil,transparent
es,pureza,en,purity,altered
es,purga,en,purge,transparent
es,purgatorio,en,purgatory,transparent
es,purificación,en,purification,transparent
es,purificador,en,purifier,transparent
es,purificar,en,purify,transparent
es,purista,en,purist,transparent
es,puritano,en,puritan,transparent
es,puro,en,pure,transparent
es,puré,en,puree,transparent
es,pus,en,pus,transparent
es,putativo,en,putative,transparent
es,puzle,en,puzzle,transparent
es,página,en,page,transparent
es,pálido,en,pale,altered
es,páncreas,en,pancreas,transparent
es,pánico,en,panic,transparent
es,párrafo,en,paragraph,transparent
es,párroco,en,parson,altered
es,pélvico,en,pelvic,altered
es,péndulo,en,pendulum,transparent
es,péptido,en,peptide,transparent
es,pérmico,en,permian,altered
es,pétalo,en,petal,altered
es,píldora,en,pill,altered
es,pío,en,pious,altered
es,píxel,en,pixel,transparent
es,pólipo,en,polyp,altered
es,pórtico,en,portico,transparent
es,póster,en,poster,transparent
es,póstumo,en,posthumous,transparent
es,púbico,en,pubic,transparent
es,público,en,public,transparent
es,púlpito,en,pulpit,transparent
es,púrpura,en,purple,transparent
es,pútrido,en,putrid,transparent
es,quantum,en,quantum,transparent
es,quark,en,quark,transparent
es,quasar,en,quasar,transparent
es,quell,en,quell,transparent
es,querella,en,quarrel,transparent
es,querubín,en,cherub,altered
es,quid,en,quid,transparent
es,quieto,en,quiet,transparent
es,quilate,en,karat,altered
es,quilla,en,keel,altered
es,quimera,en,chimera,altered
es,quimio,en,chemo,altered
es,quimioterapia,en,chemotherapy,transparent
es,quinasa,en,kinase,altered
es,quinteto,en,quintet,transparent
es,quinto,en,quint,altered
es,quinua,en,quinoa,altered
es,quiropráctico,en,chiropractor,altered
es,quirón,en,chiron,altered
es,quirúrgico,en,surgical,altered
es,quiste,en,cyst,altered
es,quiz,en,quiz,transparent
es,químicamente,en,chemically,transparent
es,químico,en,chemical,transparent
es,quórum,en,quorum,transparent
es,rabioso,en,rabid,altered
es,rabí,en,rabbi,transparent
es,rabínico,en,rabbinic,transparent
es,racial,en,racial,transparent
es,racional,en,rational,transparent
es,racionalidad,en,rationality,transparent
es,racionalismo,en,rationalism,transparent
es,racionalista,en,rationalist,transparent
es,racionalización,en,rationalization,transparent
es,racionalizar,en,rationalize,transparent
es,racismo,en,racism,transparent
es,racista,en,racist,transparent
es,ración,en,ration,transparent
es,radar,en,radar,transparent
es,radiación,en,radiation,transparent
es,radiactividad,en,radioactivity,transparent
es,radiactivo,en,radioactive,transparent
es,radiador,en,radiator,transparent
es,radial,en,radial,transparent
es,radiante,en,radiant,transparent
es,radiar,en,radiate,altered
es,radical,en,radical,transparent
es,radicalismo,en,radicalism,transparent
es,radicalización,en,radicalization,transparent
es,radicalizar,en,radicalize,transparent
es,radicalmente,en,radically,transparent
es,radio,en,radio,transparent
es,radiografía,en,radiography,transparent
es,radiología,en,radiology,transparent
es,radiológico,en,radiological,transparent
es,radioterapia,en,radiotherapy,transparent
es,radiólogo,en,radiologist,transparent
es,radón,en,radon,altered
es,raja,en,raja,transparent
es,rajá,en,rajah,altered
es,ramadán,en,ramadan,transparent
es,ramificación,en,ramification,transparent
es,rampa,en,ramp,transparent
es,rana,en,rana,transparent
es,ranchero,en,rancher,altered
es,rancho,en,ranch,transparent
es,ranking,en,rank,transparent
es,rapsodia,en,rhapsody,altered
es,rapto,en,rapture,altered
es,raptor,en,raptor,transparent
es,raqueta,en,racket,altered
es,raramente,en,rarely,transparent
es,rareza,en,rarity,altered
es,raro,en,rare,transparent
es,rasa,en,rasa,transparent
es,ratificación,en,ratification,transparent
es,ratificar,en,ratify,transparent
es,ratio,en,ratio,transparent
es,ratán,en,rattan,altered
es,ravioli,en,ravioli,transparent
es,rayón,en,rayon,transparent
es,raza,en,race,transparent
es,razonable,en,reasonable,transparent
es,razonablemente,en,reasonably,transparent
es,razón,en,reason,transparent
es,reabastecimiento,en,replenishment,altered
es,reaccionar,en,react,transparent
es,reaccionario,en,reactionary,transparent
es,reacción,en,reaction,transparent
es,reactivar,en,reactivate,transparent
es,reactividad,en,reactivity,transparent
es,reactivo,en,reactive,transparent
es,reactor,en,reactor,transparent
es,reafirmar,en,reaffirm,transparent
es,reagrupar,en,regroup,transparent
es,real,en,real,transparent
es,realidad,en,reality,transparent
es,realismo,en,realism,transparent
es,realista,en,realistic,transparent
es,realización,en,realization,transparent
es,realizar,en,realise,transparent
es,realísticamente,en,realistically,transparent
es,reanimar,en,reanimate,transparent
es,reanudación,en,resumption,altered
es,reaparición,en,reappearance,altered
es,reaseguro,en,reassurance,altered
es,reasignación,en,reassignment,transparent
es,rebaja,en,rebate,altered
es,rebelde,en,rebel,altered
es,rebelión,en,rebellion,transparent
es,rebobinar,en,rewind,altered
es,reboot,en,reboot,transparent
es,rebote,en,rebound,altered
es,recalibrar,en,recalibrate,transparent
es,recapturar,en,recapture,transparent
es,recargar,en,recharge,transparent
es,recepcionista,en,receptionist,transparent
es,recepción,en,reception,transparent
es,receptivo,en,receptive,transparent
es,receptor,en,receiver,transparent
es,receptáculo,en,receptacle,transparent
es,recesivo,en,recessive,transparent
es,recesión,en,recession,transparent
es,receso,en,recess,transparent
es,receta,en,recipe,altered
es,rechazo,en,rejection,altered
es,recibir,en,receive,transparent
es,reciclable,en,recyclable,transparent
es,reciclaje,en,recycling,altered
es,reciclar,en,recycle,transparent
es,reciente,en,recent,transparent
es,recinto,en,precinct,altered
es,reciprocar,en,reciprocate,transparent
es,reciprocidad,en,reciprocity,transparent
es,recitación,en,recitation,transparent
es,recital,en,recital,transparent
es,reclamación,en,reclamation,transparent
es,reclamar,en,reclaim,transparent
es,reclinar,en,recline,transparent
es,recluir,en,seclude,altered
es,recluta,en,recruit,transparent
es,reclutamiento,en,recruitment,transparent
es,recobrar,en,recover,altered
es,recolección,en,recollection,transparent
es,recolectar,en,recollect,altered
es,recombinación,en,recombination,transparent
es,recombinante,en,recombinant,transparent
es,recomendación,en,recommendation,transparent
es,recomendar,en,recommend,transparent
es,recompensa,en,recompense,transparent
es,reconciliación,en,reconciliation,transparent
es,reconciliar,en,reconcile,altered
es,reconectar,en,reconnect,transparent
es,reconfigurar,en,reconfigure,transparent
es,reconocer,en,recognize,transparent
es,reconocible,en,recognizable,altered
es,reconocimiento,en,recognition,transparent
es,reconsideración,en,reconsideration,transparent
es,reconsiderar,en,reconsider,transparent
es,reconstituir,en,reconstitute,transparent
es,reconstrucción,en,reconstruction,transparent
es,reconstructivo,en,reconstructive,transparent
es,reconstruir,en,reconstruct,transparent
es,recreación,en,recreation,transparent
es,recrear,en,recreate,transparent
es,recreativo,en,recreational,altered
es,rectal,en,rectal,transparent
es,rectangular,en,rectangular,transparent
es,rectificador,en,rectifier,altered
es,rectificar,en,rectify,transparent
es,recto,en,rectum,transparent
es,rector,en,rector,transparent
es,rectángulo,en,rectangle,transparent
es,recuperación,en,recovery,transparent
es,recuperar,en,recuperate,transparent
es,recurrencia,en,recurrence,transparent
es,recurrente,en,recurrent,transparent
es,recurrir,en,recur,altered
es,recursivo,en,recursive,transparent
es,recursión,en,recursion,transparent
es,recíproco,en,reciprocal,transparent
es,redactar,en,redact,transparent
es,redecorar,en,redecorate,transparent
es,redefinir,en,redefine,transparent
es,redención,en,redemption,transparent
es,redimir,en,redeem,altered
es,redirigir,en,redirect,altered
es,redistribución,en,redistribution,transparent
es,redistribuir,en,redistribute,transparent
es,redoblar,en,redouble,transparent
es,redondo,en,redondo,transparent
es,redox,en,redox,transparent
es,reducción,en,reduction,transparent
es,reducir,en,reduce,transparent
es,reductivo,en,reductive,transparent
es,redundancia,en,redundancy,transparent
es,redundante,en,redundant,transparent
es,redux,en,redux,transparent
es,reelección,en,reelection,transparent
es,reelegir,en,reelect,transparent
es,reemplazar,en,replace,transparent
es,reemplazo,en,replacement,transparent
es,reencarnación,en,reincarnation,altered
es,reestablecer,en,reestablish,altered
es,reestructuración,en,restructuring,transparent
es,reestructurar,en,restructure,transparent
es,reevaluar,en,reevaluate,transparent
es,referencia,en,reference,transparent
es,referencial,en,referential,transparent
es,referir,en,refer,transparent
es,referéndum,en,referendum,transparent
es,refinamiento,en,refinement,transparent
es,refinería,en,refinery,transparent
es,reflectivo,en,reflective,transparent
es,reflector,en,reflector,transparent
es,reflejar,en,reflect,transparent
es,reflejo,en,reflex,altered
es,reflexivo,en,reflexive,transparent
es,reflexión,en,reflection,transparent
es,reflujo,en,reflux,transparent
es,reforma,en,reform,transparent
es,reformador,en,reformer,transparent
es,reformista,en,reformist,transparent
es,reformular,en,reformulate,transparent
es,refracción,en,refraction,transparent
es,refractario,en,refractory,transparent
es,refractivo,en,refractive,transparent
es,refrescar,en,refresh,transparent
es,refresco,en,refreshment,altered
es,refrigeración,en,refrigeration,transparent
es,refrigerador,en,refrigerator,transparent
es,refrigerante,en,refrigerant,transparent
es,refrigerar,en,refrigerate,transparent
es,refrán,en,refrain,altered
es,refugiado,en,refugee,transparent
es,refugio,en,refuge,transparent
es,refutación,en,refutation,transparent
es,refutar,en,refute,transparent
es,regal,en,regal,transparent
es,regata,en,regatta,transparent
es,regencia,en,regency,transparent
es,regeneración,en,regeneration,transparent
es,regenerar,en,regenerate,transparent
es,regenerativo,en,regenerative,transparent
es,regente,en,regent,transparent
es,reggae,en,reggae,transparent
es,regimiento,en,regiment,transparent
es,regional,en,regional,transparent
es,regionalmente,en,regionally,transparent
es,registración,en,registration,transparent
es,registrador,en,registrar,altered
es,registro,en,register,altered
es,región,en,region,transparent
es,regresión,en,regression,transparent
es,regulación,en,regulation,transparent
es,regulador,en,regulator,transparent
es,regular,en,regular,transparent
es,regularidad,en,regularity,transparent
es,regularmente,en,regularly,transparent
es,regulatorio,en,regulatory,transparent
es,regurgitar,en,regurgitate,transparent
es,rehabilitación,en,rehabilitation,transparent
es,rehabilitar,en,rehabilitate,transparent
es,rehusar,en,refuse,altered
es,reina,en,regina,altered
es,reincidencia,en,recidivism,altered
es,reino,en,reign,altered
es,reinstalación,en,reinstatement,transparent
es,reinstalar,en,reinstate,transparent
es,reintegración,en,reintegration,transparent
es,reinterpretar,en,reinterpret,transparent
es,reintroducción,en,reintroduction,transparent
es,reintroducir,en,reintroduce,transparent
es,reinvención,en,reinvention,transparent
es,reinversión,en,reinvestment,transparent
es,reinvertir,en,reinvest,transparent
es,reiterar,en,reiterate,transparent
es,rejuvenecer,en,rejuvenate,transparent
es,rejuvenecimiento,en,rejuvenation,transparent
es,relacional,en,relational,transparent
es,relación,en,relation,transparent
es,relajación,en,relaxation,transparent
es,relajar,en,relax,transparent
es,relatar,en,relate,altered
es,relativamente,en,relatively,transparent
es,relatividad,en,relativity,transparent
es,relativismo,en,relativism,transparent
es,relativo,en,relative,transparent
es,relegación,en,relegation,transparent
es,relegar,en,relegate,transparent
es,relevancia,en,relevance,transparent
es,relevante,en,relevant,transparent
es,relevista,en,reliever,altered
es,relieve,en,relief,altered
es,religiosamente,en,religiously,transparent
es,religiosidad,en,religiosity,transparent
es,religioso,en,religious,transparent
es,religión,en,religion,transparent
es,reliquia,en,relic,altered
es,rellenar,en,refill,altered
es,relocalizar,en,relocate,transparent
es,relé,en,relay,altered
es,remanente,en,remain,altered
es,remediación,en,remediation,transparent
es,remedio,en,remedy,transparent
es,remembranza,en,remembrance,altered
es,remesa,en,remittance,altered
es,reminiscencia,en,reminiscence,transparent
es,reminiscente,en,reminiscent,transparent
es,remisión,en,remission,transparent
es,remiso,en,remiss,transparent
es,remitir,en,remit,transparent
es,remix,en,remix,transparent
es,remoción,en,removal,transparent
es,remordimiento,en,remorse,altered
es,remotamente,en,remotely,transparent
es,remoto,en,remote,transparent
es,removedor,en,remover,transparent
es,remuneración,en,remuneration,transparent
es,renacimiento,en,renaissance,altered
es,rendición,en,rendition,transparent
es,rendir,en,surrender,altered
es,renegado,en,renegade,transparent
es,renegociación,en,renegotiation,transparent
es,reno,en,reindeer,altered
es,renombre,en,renown,altered
es,renovable,en,renewable,transparent
es,renovación,en,renovation,transparent
es,renovar,en,renew,transparent
es,renta,en,revenue,altered
es,renunciación,en,renunciation,transparent
es,renunciar,en,renounce,altered
es,reorganización,en,reorganization,transparent
es,reorganizar,en,reorganize,transparent
es,reparación,en,repair,transparent
es,repatriación,en,repatriation,transparent
es,repelente,en,repellent,transparent
es,repeler,en,repel,transparent
es,repercusión,en,repercussion,transparent
es,repertorio,en,repertoire,transparent
es,repetible,en,repeatable,transparent
es,repetición,en,repetition,transparent
es,repetidamente,en,repeatedly,transparent
es,repetir,en,repeat,transparent
es,repetitivo,en,repetitive,transparent
es,replantar,en,replant,transparent
es,repleto,en,replete,transparent
es,replicación,en,replication,transparent
es,replicar,en,replicate,transparent
es,reportar,en,report,transparent
es,reportero,en,reporter,transparent
es,reposicionar,en,reposition,transparent
es,repositorio,en,repository,transparent
es,reposo,en,repose,altered
es,represalia,en,reprisal,transparent
es,representacional,en,representational,transparent
es,representación,en,representation,transparent
es,representar,en,represent,transparent
es,representativo,en,representative,transparent
es,represivo,en,repressive,transparent
es,represión,en,repression,transparent
es,reprimenda,en,reprimand,transparent
es,reprimir,en,repress,transparent
es,reproche,en,reproach,transparent
es,reproducción,en,reproduction,transparent
es,reproducible,en,reproducible,transparent
es,reproducir,en,reproduce,transparent
es,reproductivo,en,reproductive,transparent
es,reptil,en,reptile,transparent
es,reptiliano,en,reptilian,transparent
es,republicanismo,en,republicanism,transparent
es,republicano,en,republican,transparent
es,repudiar,en,repudiate,transparent
es,repugnante,en,repugnant,transparent
es,repulsa,en,repulse,altered
es,repulsivo,en,repulsive,transparent
es,repulsión,en,revulsion,altered
es,reputación,en,reputation,transparent
es,reputar,en,reputable,altered
es,república,en,republic,transparent
es,requerimiento,en,requirement,transparent
es,requerir,en,require,transparent
es,requiem,en,requiem,transparent
es,requisición,en,requisition,transparent
es,requisito,en,requisite,transparent
es,rescindir,en,rescind,transparent
es,resección,en,resection,transparent
es,resentimiento,en,resentment,transparent
es,reserva,en,reserve,transparent
es,reservación,en,reservation,transparent
es,reservorio,en,reservoir,transparent
es,residencia,en,residence,transparent
es,residencial,en,residential,transparent
es,residente,en,resident,transparent
es,residir,en,reside,transparent
es,residual,en,residual,transparent
es,residuo,en,residue,altered
es,resignación,en,resignation,transparent
es,resignar,en,resign,transparent
es,resiliencia,en,resilience,transparent
es,resiliente,en,resilient,transparent
es,resina,en,resin,transparent
es,resistencia,en,resistance,transparent
es,resistente,en,resistant,transparent
es,resistir,en,resist,transparent
es,resolución,en,resolution,transparent
es,resolver,en,resolve,transparent
es,resonador,en,resonator,transparent
es,resonancia,en,resonance,transparent
es,resonante,en,resonant,transparent
es,resonar,en,resonate,transparent
es,respectivamente,en,respectively,transparent
es,respectivo,en,respective,transparent
es,respetabilidad,en,respectability,transparent
es,respetable,en,respectable,transparent
es,respeto,en,respect,transparent
es,respetuosamente,en,respectfully,transparent
es,respetuoso,en,respectful,altered
es,respiración,en,respiration,transparent
es,respirador,en,respirator,transparent
es,respiratorio,en,respiratory,transparent
es,responder,en,respond,transparent
es,responsabilidad,en,responsibility,transparent
es,responsable,en,responsible,transparent
es,responsablemente,en,responsibly,transparent
es,respuesta,en,response,altered
es,restauración,en,restoration,transparent
es,restaurador,en,restaurateur,transparent
es,restaurante,en,restaurant,transparent
es,restaurar,en,restore,transparent
es,restaurativo,en,restorative,altered
es,restitución,en,restitution,transparent
es,resto,en,rest,altered
es,restricción,en,restriction,transparent
es,restrictivo,en,restrictive,transparent
es,restringir,en,restrict,transparent
es,resucitación,en,resuscitation,altered
es,resucitar,en,resurrect,transparent
es,resultado,en,result,transparent
es,resultante,en,resultant,transparent
es,resumir,en,summarise,altered
es,resurgimiento,en,resurgence,altered
es,resurrección,en,resurrection,transparent
es,retaliación,en,retaliation,transparent
es,retardante,en,retardant,transparent
es,retardo,en,retard,transparent
es,retención,en,retention,transparent
es,retener,en,retain,altered
es,reticencia,en,reticence,transparent
es,reticente,en,reticent,transparent
es,retina,en,retina,transparent
es,retiniano,en,retinal,altered
es,retirar,en,retire,transparent
es,retiro,en,retirement,altered
es,retoque,en,retouch,altered
es,retornar,en,returnee,altered
es,retorta,en,retort,transparent
es,retracción,en,retraction,transparent
es,retractar,en,retract,transparent
es,retribución,en,retribution,transparent
es,retro,en,retro,transparent
es,retroactivamente,en,retroactively,transparent
es,retroactivo,en,retroactive,transparent
es,retrospectiva,en,retrospect,altered
es,retrospectivamente,en,retrospectively,transparent
es,retrospectivo,en,retrospective,altered
es,retráctil,en,retractable,altered
es,retrógrado,en,retrograde,transparent
es,retórica,en,rhetoric,transparent
es,retórico,en,rhetorical,transparent
es,reubicación,en,relocation,transparent
es,reumatismo,en,rheumatism,transparent
es,reumático,en,rheumatoid,altered
es,reunificación,en,reunification,transparent
es,reunir,en,reunite,transparent
es,reunión,en,reunion,transparent
es,reutilizable,en,reusable,altered
es,revelación,en,revelation,transparent
es,revelar,en,reveal,transparent
es,reverberación,en,reverberation,transparent
es,reverencia,en,reverence,transparent
es,reverendo,en,reverend,transparent
es,reversible,en,reversible,transparent
es,reversión,en,reversal,altered
es,reverso,en,reverse,altered
es,revertir,en,revert,transparent
es,revisar,en,revise,transparent
es,revisionismo,en,revisionism,transparent
es,revisionista,en,revisionist,transparent
es,revisión,en,revision,transparent
es,revisor,en,reviewer,transparent
es,revitalización,en,revitalization,transparent
es,revitalizar,en,revitalize,transparent
es,revival,en,revival,transparent
es,revivir,en,revive,transparent
es,revocación,en,revocation,transparent
es,revocar,en,revoke,transparent
es,revolucionar,en,revolutionize,transparent
es,revolucionario,en,revolutionary,transparent
es,revolución,en,revolution,transparent
es,revolver,en,revolve,transparent
es,revuelta,en,revolt,altered
es,revólver,en,revolver,transparent
es,ribosoma,en,ribosome,transparent
es,ricardo,en,richard,altered
es,rico,en,rich,transparent
es,ricota,en,ricotta,altered
es,ridículamente,en,ridiculously,transparent
es,ridículo,en,ridiculous,transparent
es,riel,en,rail,altered
es,rienda,en,rein,altered
es,riesgo,en,risk,altered
es,rifa,en,rife,altered
es,rifle,en,rifle,transparent
es,rigor,en,rigor,transparent
es,rigurosamente,en,rigorously,transparent
es,riguroso,en,rigorous,transparent
es,ring,en,ring,transparent
es,rinoceronte,en,rhinoceros,altered
es,riqueza,en,richness,altered
es,risotto,en,risotto,transparent
es,ritmo,en,rhythm,altered
es,rito,en,rite,transparent
es,ritual,en,ritual,transparent
es,ritualista,en,ritualistic,altered
es,rival,en,rival,transparent
es,rivalidad,en,rivalry,transparent
es,riviera,en,riviera,transparent
es,rizoma,en,rhizome,altered
es,roadster,en,roadster,transparent
es,robar,en,rob,transparent
es,robo,en,robbery,altered
es,robot,en,robot,transparent
es,robusto,en,robust,transparent
es,robótica,en,robotics,transparent
es,robótico,en,robotic,transparent
es,rockstar,en,rockstar,transparent
es,rococó,en,rococo,transparent
es,rodeo,en,rodeo,transparent
es,rodillo,en,roller,altered
es,rododendro,en,rhododendron,altered
es,roedor,en,rodent,transparent
es,rol,en,role,transparent
es,rollo,en,roll,altered
es,romano,en,roman,transparent
es,romanticismo,en,romanticism,transparent
es,romero,en,romero,transparent
es,románico,en,romanesque,altered
es,románticamente,en,romantically,transparent
es,romántico,en,romantic,transparent
es,ronda,en,ronda,transparent
es,rondó,en,rondo,transparent
es,rosa,en,rose,transparent
es,rosario,en,rosary,transparent
es,rotacional,en,rotational,transparent
es,rotación,en,rotation,transparent
es,rotador,en,rotator,transparent
es,rotar,en,rotate,transparent
es,rotatorio,en,rotary,altered
es,rotonda,en,rotunda,transparent
es,rotor,en,rotor,transparent
es,router,en,router,transparent
es,ruanda,en,rwanda,transparent
es,rubicón,en,rubicon,transparent
es,rublo,en,ruble,altered
es,rubí,en,ruby,transparent
es,rudamente,en,rudely,transparent
es,rudeza,en,rudeness,altered
es,rudimentario,en,rudimentary,transparent
es,rudo,en,rude,transparent
es,ruibarbo,en,rhubarb,altered
es,ruina,en,ruin,transparent
es,ruinoso,en,ruinous,transparent
es,ruleta,en,roulette,altered
es,rumano,en,romanian,altered
es,rumba,en,rumba,transparent
es,rumiar,en,ruminate,altered
es,rumor,en,rumor,transparent
es,runa,en,rune,transparent
es,ruptura,en,rupture,transparent
es,rural,en,rural,transparent
es,rusia,en,russia,transparent
es,ruso,en,russian,altered
es,ruta,en,route,altered
es,rutina,en,routine,transparent
es,rápidamente,en,rapidly,transparent
es,rápido,en,rapid,transparent
es,récord,en,record,transparent
es,régimen,en,regime,transparent
es,réplica,en,replica,transparent
es,rígido,en,rigid,transparent
es,rítmicamente,en,rhythmically,transparent
es,rítmico,en,rhythmic,altered
es,rómulo,en,romulus,transparent
es,rúbrica,en,rubric,transparent
es,rústico,en,rustic,transparent
es,sabana,en,savanna,altered
es,sabino,en,sabina,transparent
es,sable,en,sabre,transparent
es,sabor,en,savour,altered
es,saborear,en,savor,altered
es,sabotaje,en,sabotage,transparent
es,saboteador,en,saboteur,altered
es,sabático,en,sabbatical,altered
es,sacarosa,en,sucrose,altered
es,saciar,en,satiate,altered
es,saco,en,sac,altered
es,sacramento,en,sacramento,transparent
es,sacrificial,en,sacrificial,transparent
es,sacrificio,en,sacrifice,transparent
es,sacrilegio,en,sacrilege,altered
es,sacro,en,sacrum,altered
es,safari,en,safari,transparent
es,saga,en,saga,transparent
es,sagitario,en,sagittarius,transparent
es,sah,en,shah,transparent
es,sahariano,en,saharan,altered
es,sajón,en,saxon,transparent
es,sala,en,sala,altered
es,salamandra,en,salamander,transparent
es,salami,en,salami,transparent
es,salario,en,salary,transparent
es,salina,en,saline,transparent
es,salinidad,en,salinity,transparent
es,saliva,en,saliva,transparent
es,salivar,en,salivate,transparent
es,salmo,en,psalm,altered
es,salmonela,en,salmonella,transparent
es,salmón,en,salmon,transparent
es,salsa,en,salsa,transparent
es,saludo,en,salute,altered
es,salutación,en,salutation,transparent
es,salvación,en,salvation,transparent
es,salvador,en,savior,altered
es,salvadoreño,en,salvadoran,altered
es,salvaje,en,savage,transparent
es,salvajemente,en,savagely,transparent
es,salve,en,salve,transparent
es,salvia,en,salvia,transparent
es,salvo,en,save,altered
es,salón,en,salon,transparent
es,samaritano,en,samaritan,transparent
es,samba,en,samba,transparent
es,sampler,en,sampler,transparent
es,samurái,en,samurai,transparent
es,sanatorio,en,sanatorium,transparent
es,sanción,en,sanction,transparent
es,sandalia,en,sandal,transparent
es,saneamiento,en,sanitation,altered
es,sanguíneo,en,sanguine,transparent
es,sanitario,en,sanitary,altered
es,santidad,en,sanctity,transparent
es,santificar,en,sanctify,altered
es,santo,en,saint,transparent
es,santuario,en,sanctuary,transparent
es,sapiens,en,sapiens,transparent
es,sarcasmo,en,sarcasm,transparent
es,sarcoma,en,sarcoma,transparent
es,sarcástico,en,sarcastic,transparent
es,sarcófago,en,sarcophagus,altered
es,sardina,en,sardine,transparent
es,sarga,en,serge,altered
es,sargento,en,sergeant,transparent
es,sari,en,sari,transparent
es,sarraceno,en,saracens,altered
es,satanista,en,satanist,transparent
es,satirizar,en,satirize,transparent
es,satisfacción,en,satisfaction,transparent
es,satisfacer,en,satisfy,transparent
es,satisfactorio,en,satisfactory,transparent
es,sativo,en,sativa,transparent
es,saturación,en,saturation,transparent
es,saturar,en,saturate,transparent
es,saturno,en,saturn,transparent
es,satán,en,satan,transparent
es,satánico,en,satanic,transparent
es,satélite,en,satellite,transparent
es,satén,en,satin,transparent
es,satírico,en,satirical,transparent
es,sauna,en,sauna,transparent
es,sauvignon,en,sauvignon,transparent
es,saxo,en,sax,transparent
es,saxofonista,en,saxophonist,transparent
es,saxofón,en,saxophone,transparent
es,scooter,en,scooter,transparent
es,screen,en,screen,transparent
es,script,en,script,transparent
es,sección,en,section,transparent
es,secesionista,en,secessionist,transparent
es,secesión,en,secession,transparent
es,secreción,en,secretion,transparent
es,secretar,en,secrete,transparent
es,secretarial,en,secretarial,transparent
es,secretario,en,secretary,transparent
es,secretaría,en,secretariat,transparent
es,secreto,en,secret,altered
es,secta,en,sect,transparent
es,sectario,en,sectarian,transparent
es,sector,en,sector,transparent
es,sectorial,en,sectoral,transparent
es,secuencia,en,sequence,transparent
es,secuenciación,en,sequencing,transparent
es,secuenciador,en,sequencer,transparent
es,secuencial,en,sequential,transparent
es,secuestro,en,sequestration,altered
es,secular,en,secular,transparent
es,secundario,en,secondary,transparent
es,sedación,en,sedation,transparent
es,sedar,en,sedate,altered
es,sedativo,en,sedative,transparent
es,sedentario,en,sedentary,transparent
es,sedición,en,sedition,transparent
es,sedimentación,en,sedimentation,transparent
es,sedimentario,en,sedimentary,transparent
es,sedimento,en,sediment,transparent
es,seducción,en,seduction,transparent
es,seducir,en,seduce,transparent
es,sedán,en,sedan,transparent
es,segmentación,en,segmentation,transparent
es,segmento,en,segment,transparent
es,segregación,en,segregation,transparent
es,segregar,en,segregate,transparent
es,segue,en,segue,transparent
es,segundo,en,second,transparent
es,seguramente,en,securely,altered
es,seguridad,en,security,altered
es,seguro,en,secure,transparent
es,seleccionar,en,select,transparent
es,selección,en,selection,transparent
es,selectivamente,en,selectively,transparent
es,selectivo,en,selective,transparent
es,selector,en,selector,transparent
es,selenio,en,selenium,altered
es,sellador,en,sealant,transparent
es,sello,en,seal,altered
es,seltzer,en,seltzer,transparent
es,semblanza,en,semblance,altered
es,semejanza,en,resemblance,altered
es,semen,en,semen,transparent
es,semestre,en,semester,transparent
es,semi,en,semi,transparent
es,semiconductor,en,semiconductor,transparent
es,semifinal,en,semifinal,transparent
es,seminal,en,seminal,transparent
es,seminario,en,seminar,transparent
es,semita,en,semitic,transparent
es,semitismo,en,semitism,transparent
es,semiótico,en,semiotic,transparent
es,semántica,en,semantics,transparent
es,semántico,en,semantic,transparent
es,senado,en,senate,altered
es,senador,en,senator,transparent
es,senatorial,en,senatorial,transparent
es,senegalés,en,senegalese,transparent
es,senil,en,senile,transparent
es,seno,en,sine,altered
es,sensacional,en,sensational,transparent
es,sensación,en,sensation,transparent
es,sensibilidad,en,sensitivity,altered
es,sensibilizar,en,sensitize,transparent
es,sensor,en,sensor,transparent
es,sensual,en,sensual,transparent
es,sensualidad,en,sensuality,transparent
es,sentencia,en,sentence,altered
es,sentido,en,sense,altered
es,sentimental,en,sentimental,transparent
es,sentimentalidad,en,sentimentality,transparent
es,sentimiento,en,sentiment,transparent
es,separación,en,separation,transparent
es,separador,en,separator,transparent
es,separar,en,separate,altered
es,separatismo,en,separatism,transparent
es,separatista,en,separatist,transparent
es,sepsis,en,sepsis,transparent
es,septiembre,en,september,transparent
es,septo,en,septum,transparent
es,sepulcro,en,sepulchre,altered
es,serafín,en,seraph,altered
es,serbio,en,serbian,transparent
es,serenata,en,serenade,transparent
es,serendipia,en,serendipity,transparent
es,serenidad,en,serenity,transparent
es,sereno,en,serene,altered
es,serial,en,serial,transparent
es,serie,en,series,transparent
es,seriedad,en,seriousness,altered
es,serina,en,serine,transparent
es,serio,en,serious,transparent
es,sermón,en,sermon,transparent
es,serotonina,en,serotonin,transparent
es,serpentina,en,serpentine,altered
es,serpiente,en,serpent,altered
es,serrano,en,serrano,transparent
es,serrar,en,serrate,altered
es,servicio,en,service,transparent
es,servidor,en,server,transparent
es,servidumbre,en,servitude,transparent
es,servir,en,serve,transparent
es,servo,en,servo,transparent
es,sesión,en,session,transparent
es,setenta,en,seventy,altered
es,setter,en,setter,transparent
es,setting,en,setting,transparent
es,seudo,en,pseudo,transparent
es,seudónimo,en,pseudonym,altered
es,severidad,en,severity,transparent
es,severo,en,severe,transparent
es,sevilla,en,sevilla,transparent
es,sexismo,en,sexism,transparent
es,sexista,en,sexist,transparent
es,sexo,en,sex,transparent
es,sexto,en,sixth,altered
es,sexual,en,sexual,transparent
es,sexualidad,en,sexuality,transparent
es,sexualizar,en,sexualize,transparent
es,sexy,en,sexy,transparent
es,señal,en,signal,altered
es,señor,en,senior,altered
es,sharia,en,sharia,transparent
es,sheriff,en,sheriff,transparent
es,sherpa,en,sherpa,transparent
es,shogun,en,shogun,transparent
es,shooter,en,shooter,transparent
es,showman,en,showman,transparent
es,showroom,en,showroom,transparent
es,siamés,en,siamese,transparent
es,siberiano,en,siberian,transparent
es,sic,en,sic,transparent
es,siciliano,en,sicilian,transparent
es,sidra,en,cider,altered
es,siena,en,sienna,altered
es,sierra,en,sierra,transparent
es,siervo,en,serf,altered
es,siesta,en,siesta,transparent
es,sifón,en,siphon,transparent
es,sigma,en,sigma,transparent
es,signatario,en,signatory,transparent
es,significación,en,significance,transparent
es,significante,en,significant,transparent
es,significar,en,signify,altered
es,significativamente,en,significantly,transparent
es,sikh,en,sikh,transparent
es,silenciador,en,silencer,transparent
es,silencio,en,silence,transparent
es,silenciosamente,en,silently,transparent
es,silencioso,en,silent,altered
es,silicato,en,silicate,transparent
es,silicio,en,silicon,altered
es,silicona,en,silicone,transparent
es,silo,en,silo,transparent
es,silueta,en,silhouette,altered
es,silvano,en,sylvan,altered
es,silúrico,en,silurian,altered
es,simbiosis,en,symbiosis,transparent
es,simbiótico,en,symbiotic,transparent
es,simbolismo,en,symbolism,transparent
es,simbolizar,en,symbolize,transparent
es,simbólico,en,symbolic,transparent
es,simetría,en,symmetry,transparent
es,similar,en,similar,transparent
es,similaridad,en,similarity,transparent
es,similarmente,en,similarly,transparent
es,simpatizante,en,sympathizer,transparent
es,simpatizar,en,sympathize,transparent
es,simple,en,simple,transparent
es,simplemente,en,simply,altered
es,simplex,en,simplex,transparent
es,simplicidad,en,simplicity,transparent
es,simplificación,en,simplification,transparent
es,simplificar,en,simplify,transparent
es,simplista,en,simplistic,transparent
es,simposio,en,symposium,altered
es,simulación,en,simulation,transparent
es,simulador,en,simulator,transparent
es,simular,en,simulate,transparent
es,simultáneamente,en,simultaneously,transparent
es,simultáneo,en,simultaneous,transparent
es,simétrico,en,symmetrical,altered
es,sinagoga,en,synagogue,altered
es,sinaloa,en,sinaloa,transparent
es,sinapsis,en,synapse,transparent
es,sinceramente,en,sincerely,transparent
es,sinceridad,en,sincerity,transparent
es,sincero,en,sincere,transparent
es,sincronización,en,synchronization,altered
es,sincronizar,en,synchronize,transparent
es,sincrotrón,en,synchrotron,altered
es,sincrónico,en,synchronous,altered
es,sindicación,en,syndication,transparent
es,sindicato,en,syndicate,altered
es,sinergia,en,synergy,transparent
es,sinfonía,en,symphony,altered
es,sinfónico,en,symphonic,altered
es,single,en,single,transparent
es,singular,en,singular,transparent
es,singularidad,en,singularity,transparent
es,singularmente,en,singularly,transparent
es,siniestro,en,sinister,transparent
es,sinopsis,en,synopsis,transparent
es,sintasa,en,synthase,altered
es,sintaxis,en,syntax,transparent
es,sintetizador,en,synthesizer,altered
es,sintetizar,en,synthesize,transparent
es,sintáctico,en,syntactic,transparent
es,sintético,en,synthetic,transparent
es,sináptico,en,synaptic,transparent
es,sinérgico,en,synergistic,altered
es,sinónimo,en,synonymous,altered
es,sionismo,en,zionism,transparent
es,sionista,en,zionist,transparent
es,sirena,en,siren,transparent
es,sirio,en,syrian,altered
es,sirope,en,syrup,transparent
es,sirviente,en,servant,altered
es,sistema,en,system,transparent
es,sistemáticamente,en,systematically,transparent
es,sistemático,en,systematic,transparent
es,sistémico,en,systemic,transparent
es,sistólico,en,systolic,altered
es,sitio,en,site,altered
es,situ,en,situ,transparent
es,situacional,en,situational,transparent
es,situación,en,situation,transparent
es,situar,en,situate,transparent
es,sixtina,en,sistine,altered
es,slapstick,en,slapstick,transparent
es,smartphone,en,smartphone,transparent
es,smoking,en,smoking,transparent
es,smoothie,en,smoothie,transparent
es,snack,en,snack,transparent
es,sniper,en,sniper,transparent
es,snowboard,en,snowboard,transparent
es,soberano,en,sovereign,altered
es,soberanía,en,sovereignty,altered
es,sobre,en,sobre,transparent
es,sobrecarga,en,surcharge,altered
es,sobredosis,en,overdose,transparent
es,sobrehumano,en,superhuman,altered
es,sobrenatural,en,supernatural,transparent
es,sobrepoblación,en,overpopulation,altered
es,sobresalto,en,somersault,altered
es,sobrestimar,en,overestimate,transparent
es,sobrevivir,en,survive,altered
es,sobriedad,en,sobriety,transparent
es,sociable,en,sociable,transparent
es,social,en,social,transparent
es,socialismo,en,socialism,transparent
es,socialista,en,socialist,transparent
es,socialización,en,socialization,transparent
es,socializar,en,socialize,altered
es,socialmente,en,socially,transparent
es,sociedad,en,society,transparent
es,societario,en,societal,altered
es,socio,en,socio,transparent
es,socioeconómico,en,socioeconomic,transparent
es,sociología,en,sociology,transparent
es,sociológico,en,sociological,transparent
es,sociólogo,en,sociologist,transparent
es,sociópata,en,sociopath,transparent
es,soda,en,soda,transparent
es,sodio,en,sodium,transparent
es,sodomía,en,sodomy,transparent
es,sofisticación,en,sophistication,transparent
es,sofisticar,en,sophisticate,altered
es,sofocación,en,suffocate,altered
es,software,en,software,transparent
es,sofá,en,sofa,transparent
es,soja,en,soya,transparent
es,sol,en,sol,transparent
es,solamente,en,solely,altered
es,solar,en,solar,transparent
es,soldado,en,soldier,altered
es,solemnidad,en,solemnity,transparent
es,solenoide,en,solenoid,transparent
es,solicitación,en,solicitation,transparent
es,solicitar,en,solicit,transparent
es,solidaridad,en,solidarity,transparent
es,solidificar,en,solidify,transparent
es,solista,en,soloist,transparent
es,solitario,en,solitary,transparent
es,solsticio,en,solstice,transparent
es,solubilidad,en,solubility,transparent
es,solución,en,solution,altered
es,soluto,en,solute,transparent
es,solvencia,en,solvency,transparent
es,solvente,en,solvent,transparent
es,soma,en,soma,transparent
es,somalí,en,somali,transparent
es,sombrero,en,sombrero,transparent
es,somático,en,somatic,transparent
es,sonar,en,sonar,transparent
es,sonata,en,sonata,transparent
es,soneto,en,sonnet,transparent
es,soporte,en,support,transparent
es,soprano,en,soprano,transparent
es,sorbete,en,sorbet,altered
es,sorgo,en,sorghum,transparent
es,sororidad,en,sorority,transparent
es,sorpresa,en,surprise,transparent
es,sospecha,en,suspect,altered
es,sostener,en,sustain,altered
es,sostenibilidad,en,sustainability,transparent
es,sostenible,en,sustainable,altered
es,souvenir,en,souvenir,transparent
es,soviético,en,soviet,transparent
es,spa,en,spa,transparent
es,spam,en,spam,transparent
es,spammers,en,spammers,transparent
es,spaniel,en,spaniel,transparent
es,speedo,en,speedo,transparent
es,speedy,en,speedy,transparent
es,spiel,en,spiel,transparent
es,spinner,en,spinner,transparent
es,spoiler,en,spoiler,transparent
es,sport,en,sport,transparent
es,sporty,en,sporty,transparent
es,spray,en,spray,transparent
es,spring,en,spring,transparent
es,sprint,en,sprint,transparent
es,sprinter,en,sprinter,transparent
es,sputnik,en,sputnik,transparent
es,stamina,en,stamina,transparent
es,start,en,start,transparent
es,starter,en,starter,transparent
es,startup,en,startup,transparent
es,stop,en,stop,transparent
es,suave,en,suave,transparent
es,subarrendar,en,sublet,transparent
es,subcategoría,en,subcategory,transparent
es,subconsciente,en,subconscious,transparent
es,subcontinente,en,subcontinent,transparent
es,subcontratar,en,subcontract,transparent
es,subcontratista,en,subcontractor,transparent
es,subcultura,en,subculture,transparent
es,subcutáneo,en,subcutaneous,transparent
es,subdividir,en,subdivide,transparent
es,subdivisión,en,subdivision,transparent
es,subducción,en,subduction,transparent
es,subestación,en,substation,transparent
es,subjetivamente,en,subjectively,transparent
es,subjetividad,en,subjectivity,transparent
es,subjetivo,en,subjective,transparent
es,sublime,en,sublime,transparent
es,subliminal,en,subliminal,transparent
es,submarino,en,submarine,transparent
es,subordinación,en,subordination,transparent
es,subordinado,en,subordinate,transparent
es,subprime,en,subprime,transparent
es,subproducto,en,byproduct,altered
es,subrepticiamente,en,surreptitiously,altered
es,subsección,en,subsection,transparent
es,subsecretario,en,undersecretary,altered
es,subsecuente,en,subsequent,altered
es,subsidencia,en,subsidence,transparent
es,subsidiar,en,subsidize,transparent
es,subsidiario,en,subsidiary,transparent
es,subsidio,en,subsidy,transparent
es,subsistema,en,subsystem,transparent
es,subsistencia,en,subsistence,transparent
es,subsistir,en,subside,altered
es,substanciar,en,substantiate,transparent
es,substituto,en,substitute,transparent
es,subterfugio,en,subterfuge,transparent
es,subterráneo,en,subterranean,transparent
es,subtrama,en,subplot,transparent
es,subtropical,en,subtropical,transparent
es,subtítulo,en,subtitle,transparent
es,suburbano,en,suburban,transparent
es,suburbio,en,suburb,transparent
es,subversivo,en,subversive,transparent
es,subversión,en,subversion,transparent
es,subvertir,en,subvert,transparent
es,subyugación,en,subjugation,altered
es,subyugar,en,subjugate,altered
es,succión,en,suction,transparent
es,sucesivamente,en,successively,transparent
es,sucesivo,en,successive,transparent
es,sucesión,en,succession,transparent
es,sucesor,en,successor,altered
es,suculento,en,succulent,transparent
es,sucumbir,en,succumb,transparent
es,sudeste,en,southeast,altered
es,sudoku,en,sudoku,transparent
es,suero,en,serum,altered
es,sufi,en,sufi,transparent
es,suficiencia,en,suffice,altered
es,suficiente,en,sufficient,transparent
es,suficientemente,en,sufficiently,transparent
es,sufijo,en,suffix,transparent
es,sufragio,en,suffrage,transparent
es,sufrir,en,suffer,transparent
es,sugerencia,en,suggestion,transparent
es,sugerir,en,suggest,altered
es,sugestivo,en,suggestive,transparent
es,suicida,en,suicidal,transparent
es,suicidio,en,suicide,altered
es,suite,en,suite,transparent
es,sujeto,en,subject,altered
es,sulfato,en,sulfate,transparent
es,sulfuro,en,sulfide,altered
es,sulfúrico,en,sulfuric,transparent
es,sultán,en,sultan,transparent
es,sumación,en,summation,transparent
es,sumariamente,en,summarily,transparent
es,sumario,en,summary,transparent
es,sumergible,en,submersible,altered
es,sumergir,en,submerge,altered
es,sumidero,en,sump,altered
es,sumisión,en,submission,transparent
es,sumiso,en,submissive,altered
es,sumo,en,sum,altered
es,suntuoso,en,sumptuous,altered
es,supercomputadora,en,supercomputer,transparent
es,superconductor,en,superconductor,transparent
es,superficial,en,superficial,transparent
es,superficie,en,surface,altered
es,superfluo,en,superfluous,transparent
es,superhombre,en,superman,altered
es,superhéroe,en,superhero,transparent
es,superintendente,en,superintendent,transparent
es,superior,en,superior,transparent
es,superioridad,en,superiority,transparent
es,superlativo,en,superlative,transparent
es,supermercado,en,supermarket,transparent
es,supermodelo,en,supermodel,transparent
es,supernova,en,supernova,transparent
es,superponer,en,superimpose,transparent
es,superposición,en,superposition,transparent
es,superpotencia,en,superpower,transparent
es,superstar,en,superstar,transparent
es,supersticioso,en,superstitious,transparent
es,superstición,en,superstition,transparent
es,supersónico,en,supersonic,transparent
es,supervisar,en,supervise,transparent
es,supervisión,en,supervision,transparent
es,supervisor,en,supervisor,transparent
es,supervivencia,en,survival,altered
es,superviviente,en,survivor,transparent
es,suplementación,en,supplementation,transparent
es,suplemento,en,supplement,transparent
es,suplicación,en,supplication,transparent
es,suplir,en,supply,altered
es,suponer,en,suppose,transparent
es,suposición,en,supposition,transparent
es,supra,en,supra,transparent
es,supremacía,en,supremacy,transparent
es,supremo,en,supreme,transparent
es,supresión,en,suppression,transparent
es,supresor,en,suppressor,transparent
es,suprimir,en,suppress,transparent
es,sureste,en,southeastern,transparent
es,surf,en,surf,transparent
es,surfactante,en,surfactant,transparent
es,surfer,en,surfer,transparent
es,surreal,en,surreal,transparent
es,surrealismo,en,surrealism,transparent
es,surrealista,en,surrealist,transparent
es,susceptibilidad,en,susceptibility,transparent
es,susceptible,en,susceptible,transparent
es,suscribir,en,subscribe,altered
es,suscripción,en,subscription,transparent
es,suscriptor,en,subscriber,transparent
es,sushi,en,sushi,transparent
es,suspender,en,suspend,transparent
es,suspense,en,suspense,transparent
es,suspensión,en,suspension,transparent
es,suspenso,en,suspenseful,transparent
es,sustancia,en,substance,transparent
es,sustancial,en,substantial,transparent
es,sustancialmente,en,substantially,transparent
es,sustitución,en,substitution,transparent
es,sustraer,en,subtract,altered
es,sustrato,en,substrate,altered
es,sutileza,en,subtlety,altered
es,sutra,en,sutra,transparent
es,sutura,en,suture,transparent
es,suéter,en,sweater,altered
es,sábado,en,sabbath,altered
es,sádico,en,sadistic,altered
es,sáhara,en,sahara,transparent
es,sánscrito,en,sanskrit,altered
es,sátira,en,satire,transparent
es,sátiro,en,satyr,transparent
es,sépalo,en,sepal,altered
es,séptico,en,septic,transparent
es,sésamo,en,sesame,altered
es,sífilis,en,syphilis,altered
es,sílaba,en,syllable,transparent
es,sílice,en,silica,transparent
es,símbolo,en,symbol,transparent
es,símil,en,simile,altered
es,síndrome,en,syndrome,transparent
es,síntesis,en,synthesis,transparent
es,síntoma,en,symptom,transparent
es,sísmico,en,seismic,transparent
es,sólido,en,solid,transparent
es,sónico,en,sonic,transparent
es,sórdido,en,sordid,transparent
es,súper,en,super,transparent
es,tabaco,en,tobacco,transparent
es,tabasco,en,tabasco,transparent
es,taberna,en,tavern,transparent
es,tabernáculo,en,tabernacle,transparent
es,tabla,en,table,altered
es,tableta,en,tablet,transparent
es,tabular,en,tabulate,transparent
es,tabú,en,taboo,transparent
es,taco,en,taco,transparent
es,tacto,en,tact,transparent
es,taiga,en,taiga,transparent
es,taiwanés,en,taiwanese,transparent
es,talento,en,talent,transparent
es,talismán,en,talisman,transparent
es,talón,en,talon,transparent
es,tambalear,en,stagger,altered
es,tamboril,en,tambourine,altered
es,tampón,en,tampon,transparent
es,tangencial,en,tangential,transparent
es,tangente,en,tangent,transparent
es,tangible,en,tangible,transparent
es,tango,en,tango,transparent
es,tanino,en,tannin,transparent
es,tanque,en,tanker,transparent
es,tanto,en,tanto,transparent
es,tantra,en,tantra,transparent
es,tanzania,en,tanzania,transparent
es,tanzano,en,tanzanian,altered
es,tapar,en,tape,transparent
es,tapicería,en,tapestry,altered
es,tapioca,en,tapioca,transparent
es,taquicardia,en,tachycardia,altered
es,tara,en,tara,transparent
es,tardo,en,tardy,transparent
es,tarot,en,tarot,transparent
es,tarso,en,tarsus,altered
es,tarta,en,tart,transparent
es,tarántula,en,tarantula,transparent
es,tasa,en,tax,altered
es,tasmania,en,tasmania,transparent
es,tatuaje,en,tattoo,altered
es,tau,en,tau,transparent
es,tauro,en,taurus,transparent
es,taxi,en,taxis,transparent
es,taxonomía,en,taxonomy,transparent
es,taxón,en,taxon,transparent
es,teatral,en,theatrical,transparent
es,teatro,en,theatre,altered
es,tecno,en,techno,transparent
es,tecnología,en,technology,transparent
es,tecnológicamente,en,technologically,transparent
es,tecnológico,en,technological,transparent
es,tecnólogo,en,technologist,transparent
es,tectónica,en,tectonics,transparent
es,tectónico,en,tectonic,transparent
es,tedioso,en,tedious,altered
es,teflón,en,teflon,transparent
es,tejano,en,texan,altered
es,tele,en,tele,transparent
es,telecom,en,telecom,transparent
es,telecomunicación,en,telecommunication,transparent
es,telefonía,en,telephony,transparent
es,telegrama,en,telegram,transparent
es,telemedicina,en,telemedicine,transparent
es,telemetría,en,telemetry,transparent
es,telepatía,en,telepathy,transparent
es,teleportación,en,teleportation,transparent
es,telepático,en,telepathic,transparent
es,telescopio,en,telescope,transparent
es,telescópico,en,telescopic,transparent
es,teletransportar,en,teleport,transparent
es,televisar,en,televise,transparent
es,televisión,en,television,transparent
es,teléfono,en,telephone,transparent
es,telégrafo,en,telegraph,transparent
es,telómero,en,telomere,transparent
es,tema,en,theme,transparent
es,temblor,en,tremor,altered
es,temperamental,en,temperamental,transparent
es,temperamento,en,temperament,transparent
es,temperar,en,temperate,altered
es,temperatura,en,temperature,transparent
es,tempestad,en,tempest,altered
es,templanza,en,temperance,altered
es,templario,en,templar,altered
es,temple,en,temper,altered
es,templo,en,temple,transparent
es,tempo,en,tempo,transparent
es,temporal,en,temporary,transparent
es,temáticamente,en,thematically,transparent
es,temático,en,thematic,transparent
es,tenacidad,en,tenacity,transparent
es,tenaz,en,tenacious,altered
es,tendencia,en,tendency,transparent
es,tendón,en,tendon,transparent
es,tenencia,en,tenet,altered
es,tenis,en,tennis,transparent
es,tenor,en,tenor,transparent
es,tensión,en,tension,transparent
es,tenso,en,tense,transparent
es,tensor,en,tensor,transparent
es,tentación,en,temptation,transparent
es,tentar,en,tempt,altered
es,tentativamente,en,tentatively,transparent
es,tentativo,en,tentative,transparent
es,tentáculo,en,tentacle,transparent
es,tenue,en,tenuous,transparent
es,teocracia,en,theocracy,transparent
es,teología,en,theology,transparent
es,teológico,en,theological,transparent
es,teorema,en,theorem,transparent
es,teorizar,en,theorize,transparent
es,teoría,en,theory,transparent
es,tequila,en,tequila,transparent
es,terapeuta,en,therapist,transparent
es,terapia,en,therapy,transparent
es,terapéutica,en,therapeutics,transparent
es,terapéutico,en,therapeutic,transparent
es,terciario,en,tertiary,transparent
es,termal,en,thermal,transparent
es,terminación,en,termination,transparent
es,terminador,en,terminator,transparent
es,terminal,en,terminal,transparent
es,terminar,en,terminate,transparent
es,terminología,en,terminology,transparent
es,termita,en,termite,transparent
es,termo,en,thermo,transparent
es,termodinámica,en,thermodynamics,transparent
es,termodinámico,en,thermodynamic,transparent
es,termonuclear,en,thermonuclear,transparent
es,termoplástico,en,thermoplastic,transparent
es,termostato,en,thermostat,transparent
es,termómetro,en,thermometer,transparent
es,ternura,en,tenderness,altered
es,terracota,en,terracotta,transparent
es,terrario,en,terrarium,altered
es,terraza,en,terrace,transparent
es,terreno,en,terrain,altered
es,terrestre,en,terrestrial,transparent
es,terrible,en,terrible,transparent
es,terrier,en,terrier,transparent
es,territorial,en,territorial,transparent
es,territorio,en,territory,transparent
es,terror,en,terror,transparent
es,terrorismo,en,terrorism,transparent
es,terrorista,en,terrorist,transparent
es,terso,en,terse,transparent
es,tesis,en,thesis,transparent
es,tesla,en,tesla,transparent
es,tesorero,en,treasurer,transparent
es,tesorería,en,treasury,altered
es,test,en,test,transparent
es,testamento,en,testament,transparent
es,testicular,en,testicular,transparent
es,testificar,en,testify,transparent
es,testimonial,en,testimonial,transparent
es,testimonio,en,testimony,transparent
es,testosterona,en,testosterone,transparent
es,testículo,en,testicle,transparent
es,teta,en,teat,transparent
es,tetra,en,tetra,transparent
es,teutónico,en,teutonic,transparent
es,textil,en,textile,transparent
es,texto,en,text,transparent
es,textual,en,textual,transparent
es,textura,en,texture,transparent
es,teólogo,en,theologian,altered
es,teórico,en,theoretical,altered
es,theta,en,theta,transparent
es,tiara,en,tiara,transparent
es,tibia,en,tibia,transparent
es,tic,en,tic,transparent
es,tidal,en,tidal,transparent
es,tiempo,en,time,altered
es,tierra,en,tierra,transparent
es,tifoideo,en,typhoid,altered
es,tifus,en,typhus,transparent
es,tifón,en,typhoon,transparent
es,tigre,en,tiger,transparent
es,tilapia,en,tilapia,transparent
es,timbre,en,timbre,transparent
es,timeline,en,timeline,transparent
es,tinnitus,en,tinnitus,transparent
es,tinte,en,tint,transparent
es,tipo,en,type,transparent
es,tipografía,en,typography,altered
es,tipográfico,en,typographical,altered
es,tipología,en,typology,transparent
es,tiquete,en,ticket,transparent
es,tirada,en,tirade,altered
es,tirano,en,tyrant,transparent
es,tiranosaurio,en,tyrannosaurus,altered
es,tiranía,en,tyranny,transparent
es,tiroides,en,thyroid,transparent
es,tirol,en,tyrol,altered
es,tirosina,en,tyrosine,altered
es,tiránico,en,tyrannical,altered
es,tisú,en,tissue,transparent
es,titanio,en,titanium,transparent
es,titular,en,entitle,altered
es,titán,en,titan,transparent
es,titánico,en,titanic,transparent
es,tofu,en,tofu,transparent
es,toga,en,toga,transparent
es,toledo,en,toledo,transparent
es,tolerable,en,tolerable,transparent
es,tolerancia,en,tolerance,transparent
es,tolerante,en,tolerant,transparent
es,tolerar,en,tolerate,transparent
es,tomate,en,tomato,transparent
es,tomo,en,tome,transparent
es,tomografía,en,tomography,transparent
es,tonal,en,tonal,transparent
es,tonelada,en,ton,altered
es,tonelaje,en,tonnage,altered
es,tono,en,tone,transparent
es,topacio,en,topaz,altered
es,topografía,en,topography,transparent
es,topográfico,en,topographic,transparent
es,topología,en,topology,transparent
es,topológico,en,topological,transparent
es,topping,en,top,transparent
es,torio,en,thorium,altered
es,tormento,en,torment,transparent
es,tornado,en,tornado,transparent
es,torneo,en,tournament,transparent
es,torniquete,en,tourniquet,transparent
es,torpedo,en,torpedo,transparent
es,torque,en,torque,transparent
es,torre,en,tower,altered
es,torrencial,en,torrential,transparent
es,torrente,en,torrent,transparent
es,torreta,en,turret,transparent
es,torsión,en,torsion,transparent
es,torso,en,torso,transparent
es,tortilla,en,tortilla,transparent
es,tortuga,en,tortoise,altered
es,tortuoso,en,tortuous,transparent
es,tortura,en,torture,transparent
es,torácico,en,thoracic,transparent
es,toscano,en,tuscan,altered
es,total,en,total,transparent
es,totalidad,en,totality,transparent
es,totalitario,en,totalitarian,transparent
es,totalitarismo,en,totalitarianism,transparent
es,totalmente,en,totally,transparent
es,tour,en,tour,transparent
es,toxicidad,en,toxicity,transparent
es,toxicología,en,toxicology,transparent
es,toxina,en,toxin,transparent
es,trabajo,en,travail,altered
es,tracción,en,traction,transparent
es,tracto,en,tract,transparent
es,tractor,en,tractor,transparent
es,trade,en,trade,transparent
es,tradicional,en,traditional,transparent
es,tradicionalista,en,traditionalist,transparent
es,tradición,en,tradition,transparent
es,traducción,en,translation,transparent
es,traductor,en,translator,transparent
es,tragedia,en,tragedy,transparent
es,traicionar,en,betray,altered
es,traición,en,treason,altered
es,traidor,en,traitor,transparent
es,trampa,en,trap,altered
es,trampolín,en,trampoline,transparent
es,tranquilidad,en,tranquility,transparent
es,tranquilizador,en,tranquilizer,transparent
es,tranquilo,en,tranquil,transparent
es,transaccional,en,transactional,transparent
es,transacción,en,transaction,transparent
es,transatlántico,en,transatlantic,transparent
es,transcontinental,en,transcontinental,transparent
es,transcribir,en,transcribe,transparent
es,transcripcional,en,transcriptional,transparent
es,transcripción,en,transcript,transparent
es,transducción,en,transduction,transparent
es,transductor,en,transducer,transparent
es,transeunte,en,transient,altered
es,transexual,en,transsexual,transparent
es,transferencia,en,transference,transparent
es,transferible,en,transferable,altered
es,transferir,en,transfer,transparent
es,transfiguración,en,transfiguration,transparent
es,transfobia,en,transphobia,altered
es,transformacional,en,transformational,transparent
es,transformación,en,transformation,transparent
es,transformador,en,transformer,transparent
es,transformar,en,transform,transparent
es,transformativo,en,transformative,transparent
es,transfusión,en,transfusion,transparent
es,transgredir,en,transgress,transparent
es,transgresión,en,transgression,transparent
es,transgénero,en,transgender,transparent
es,transgénico,en,transgenic,transparent
es,transicional,en,transitional,transparent
es,transición,en,transition,transparent
es,transilvania,en,transylvania,transparent
es,transistor,en,transistor,transparent
es,transitivo,en,transitive,transparent
es,translocación,en,translocation,transparent
es,translúcido,en,translucent,transparent
es,transmisión,en,transmission,transparent
es,transmisor,en,transmitter,altered
es,transmitir,en,transmit,transparent
es,transmutación,en,transmutation,transparent
es,transnacional,en,transnational,transparent
es,transparencia,en,transparency,transparent
es,transparente,en,transparent,transparent
es,transpirar,en,transpire,transparent
es,transpondedor,en,transponder,transparent
es,transponer,en,transpose,transparent
es,transportación,en,transportation,transparent
es,transportador,en,transporter,transparent
es,transporte,en,transport,transparent
es,transposición,en,transposition,transparent
es,transversal,en,transverse,altered
es,tranvía,en,tram,transparent
es,trapecio,en,trapeze,altered
es,trascendencia,en,transcendence,altered
es,trascendental,en,transcendental,transparent
es,trascendente,en,transcendent,transparent
es,trascender,en,transcend,altered
es,trasplante,en,transplant,transparent
es,tratable,en,treatable,transparent
es,tratado,en,treaty,transparent
es,tratamiento,en,treatment,transparent
es,tratar,en,treat,altered
es,trauma,en,trauma,transparent
es,traumatizar,en,traumatize,transparent
es,traumático,en,traumatic,transparent
es,travestí,en,transvestite,altered
es,trayectoria,en,trajectory,transparent
es,trazador,en,tracer,altered
es,trazo,en,trace,transparent
es,trece,en,thirteen,altered
es,treinta,en,thirty,altered
es,tren,en,train,altered
es,trendy,en,trendy,transparent
es,tres,en,three,altered
es,trial,en,trial,transparent
es,triangulación,en,triangulation,transparent
es,triangular,en,triangular,transparent
es,triatleta,en,triathlete,transparent
es,triatlón,en,triathlon,transparent
es,tribal,en,tribal,transparent
es,tribalismo,en,tribalism,transparent
es,tribu,en,tribe,transparent
es,tribulación,en,tribulation,transparent
es,tribuna,en,tribune,transparent
es,tribunal,en,tribunal,transparent
es,tributario,en,tributary,transparent
es,tributo,en,tribute,transparent
es,triciclo,en,tricycle,transparent
es,tridente,en,trident,transparent
es,trigonometría,en,trigonometry,transparent
es,trilogía,en,trilogy,transparent
es,trimestre,en,trimester,transparent
es,trip,en,trip,transparent
es,tripa,en,tripe,transparent
es,triple,en,triple,transparent
es,triplete,en,triplet,transparent
es,triptófano,en,tryptophan,altered
es,tritio,en,tritium,altered
es,triunfal,en,triumphal,transparent
es,triunfante,en,triumphant,transparent
es,triunfo,en,triumph,altered
es,trivial,en,trivial,transparent
es,triángulo,en,triangle,transparent
es,triásico,en,triassic,transparent
es,trofeo,en,trophy,altered
es,trombosis,en,thrombosis,transparent
es,trombón,en,trombone,altered
es,trompeta,en,trumpet,transparent
es,trompetista,en,trumpeter,altered
es,trono,en,throne,transparent
es,tropa,en,troop,transparent
es,tropero,en,trooper,altered
es,tropical,en,tropical,transparent
es,trovador,en,troubadour,altered
es,truco,en,trick,transparent
es,true,en,true,transparent
es,trufa,en,truffle,altered
es,truncar,en,truncate,transparent
es,tráfico,en,traffic,transparent
es,trágicamente,en,tragically,transparent
es,trágico,en,tragic,transparent
es,tráiler,en,trailer,transparent
es,tránsito,en,transit,transparent
es,tríada,en,triad,transparent
es,tríceps,en,triceps,transparent
es,trío,en,trio,transparent
es,trípode,en,tripod,transparent
es,trópico,en,tropic,transparent
es,tsunami,en,tsunami,transparent
es,tuba,en,tuba,transparent
es,tuberculosis,en,tuberculosis,transparent
es,tubo,en,tube,transparent
es,tubular,en,tubular,transparent
es,tul,en,tulle,transparent
es,tulipán,en,tulip,altered
es,tumba,en,tomb,transparent
es,tumor,en,tumor,transparent
es,tumulto,en,tumult,transparent
es,tumultuoso,en,tumultuous,transparent
es,tundra,en,tundra,transparent
es,tunecino,en,tunisian,altered
es,turbante,en,turban,transparent
es,turbina,en,turbine,transparent
es,turbo,en,turbo,transparent
es,turbulencia,en,turbulence,transparent
es,turbulento,en,turbulent,transparent
es,turco,en,turkish,altered
es,turismo,en,tourism,transparent
es,turista,en,tourist,transparent
es,tutor,en,tutor,transparent
es,tutorial,en,tutorial,transparent
es,tutoría,en,tutelage,altered
es,tweed,en,tweed,transparent
es,twist,en,twist,transparent
es,tácito,en,tacit,transparent
es,táctica,en,tactic,transparent
es,tácticamente,en,tactically,transparent
es,táctico,en,tactical,transparent
es,táctil,en,tactile,transparent
es,tándem,en,tandem,transparent
es,tántrico,en,tantric,altered
es,tártaro,en,tartar,transparent
es,técnica,en,technique,transparent
es,técnico,en,technical,transparent
es,término,en,term,transparent
es,tétanos,en,tetanus,transparent
es,tíbet,en,tibet,transparent
es,tímido,en,timid,transparent
es,típicamente,en,typically,transparent
es,típico,en,typical,transparent
es,título,en,title,transparent
es,tóner,en,toner,transparent
es,tónico,en,tonic,transparent
es,tópico,en,topic,transparent
es,tórax,en,thorax,transparent
es,tórrido,en,torrid,transparent
es,tótem,en,totem,transparent
es,tóxico,en,toxic,transparent
es,túnel,en,tunnel,transparent
es,túnez,en,tunisia,altered
es,túnica,en,tunic,transparent
es,ubicuidad,en,ubiquity,transparent
es,ugandés,en,ugandan,altered
es,ukelele,en,ukulele,transparent
es,ulterior,en,ulterior,transparent
es,ultimadamente,en,ultimately,altered
es,ultimátum,en,ultimatum,transparent
es,ultra,en,ultra,transparent
es,ultrasónico,en,ultrasonic,transparent
es,ultravioleta,en,ultraviolet,transparent
es,umbilical,en,umbilical,transparent
es,unicode,en,unicode,transparent
es,unicornio,en,unicorn,transparent
es,unidad,en,unit,altered
es,unificación,en,unification,transparent
es,unificar,en,unify,altered
es,uniforme,en,uniform,transparent
es,uniformidad,en,uniformity,transparent
es,unilateral,en,unilateral,transparent
es,unilateralmente,en,unilaterally,transparent
es,unionismo,en,unionism,transparent
es,unionista,en,unionist,transparent
es,unir,en,unite,altered
es,unisex,en,unisex,transparent
es,unitario,en,unitary,transparent
es,universal,en,universal,transparent
es,universalidad,en,universality,transparent
es,universalista,en,universalist,transparent
es,universalmente,en,universally,transparent
es,universidad,en,university,transparent
es,universo,en,universe,transparent
es,unión,en,union,transparent
es,uno,en,uno,transparent
es,unánime,en,unanimous,altered
es,unánimemente,en,unanimously,altered
es,unísono,en,unison,transparent
es,unívoco,en,unequivocal,altered
es,uranio,en,uranium,altered
es,urano,en,uranus,transparent
es,urbanismo,en,urbanism,transparent
es,urbanización,en,urbanization,transparent
es,urbanizar,en,urbanize,transparent
es,urbano,en,urban,transparent
es,urdu,en,urdu,transparent
es,urea,en,urea,transparent
es,urgencia,en,urgency,transparent
es,urgente,en,urgent,transparent
es,urinario,en,urinal,altered
es,url,en,url,transparent
es,uruguayo,en,uruguayan,transparent
es,urólogo,en,urologist,transparent
es,uso,en,usage,altered
es,usual,en,usual,transparent
es,usualmente,en,usually,transparent
es,usurpador,en,usurper,altered
es,usurpar,en,usurp,transparent
es,utensilio,en,utensil,transparent
es,uterino,en,uterine,transparent
es,utilidad,en,utility,transparent
es,utilitario,en,utilitarian,transparent
es,utilización,en,utilization,altered
es,utilizar,en,utilize,transparent
es,utopía,en,utopia,transparent
es,utópico,en,utopian,altered
es,uzbekistán,en,uzbekistan,transparent
es,vacación,en,vacation,transparent
es,vacancia,en,vacancy,transparent
es,vacante,en,vacant,transparent
es,vaciar,en,vacate,altered
es,vacunación,en,vaccination,transparent
es,vacunar,en,vaccinate,altered
es,vagabundo,en,vagabond,altered
es,vagina,en,vagina,transparent
es,vago,en,vague,transparent
es,vainilla,en,vanilla,transparent
es,vale,en,vale,transparent
es,valentín,en,valentine,transparent
es,valet,en,valet,transparent
es,validación,en,validation,transparent
es,validar,en,validate,transparent
es,validez,en,validity,transparent
es,valientemente,en,valiantly,transparent
es,valor,en,valour,transparent
es,vals,en,waltz,altered
es,valuación,en,valuation,transparent
es,vampiro,en,vampire,transparent
es,vandalismo,en,vandalism,transparent
es,vandalizar,en,vandalize,transparent
es,vanguardia,en,vanguard,transparent
es,vanidad,en,vanity,transparent
es,vano,en,vain,altered
es,vapor,en,vapor,transparent
es,variabilidad,en,variability,transparent
es,variable,en,variable,transparent
es,variación,en,variation,transparent
es,variante,en,variant,transparent
es,varianza,en,variance,transparent
es,variedad,en,variety,transparent
es,vario,en,various,altered
es,vasallo,en,vassal,transparent
es,vasco,en,basque,altered
es,vascular,en,vascular,transparent
es,vasectomía,en,vasectomy,transparent
es,vaselina,en,vaseline,altered
es,vasto,en,vast,transparent
es,vaticano,en,vatican,transparent
es,vecindad,en,vicinity,transparent
es,vector,en,vector,transparent
es,veganismo,en,veganism,transparent
es,vegano,en,vegan,transparent
es,vegetación,en,vegetation,transparent
es,vegetal,en,vegetable,altered
es,vegetariano,en,vegetarian,transparent
es,vegetativo,en,vegetative,transparent
es,vehemente,en,vehement,transparent
es,vehementemente,en,vehemently,transparent
es,vehicular,en,vehicular,transparent
es,vehículo,en,vehicle,altered
es,vejación,en,vex,altered
es,velcro,en,velcro,transparent
es,velo,en,veil,transparent
es,velocidad,en,velocity,transparent
es,vendedor,en,vendor,altered
es,vender,en,vend,altered
es,vendetta,en,vendetta,transparent
es,veneciano,en,venetian,transparent
es,veneno,en,venom,altered
es,venerable,en,venerable,transparent
es,veneración,en,veneration,transparent
es,venerar,en,venerate,transparent
es,venezolano,en,venezuelan,transparent
es,vengador,en,avenger,transparent
es,venganza,en,revenge,altered
es,ventajoso,en,advantageous,altered
es,ventilación,en,ventilation,transparent
es,ventilador,en,ventilator,transparent
es,ventilar,en,ventilate,transparent
es,ventral,en,ventral,transparent
es,ventrículo,en,ventricle,transparent
es,venus,en,venus,transparent
es,veranda,en,veranda,transparent
es,verbal,en,verbal,transparent
es,verbatim,en,verbatim,transparent
es,verbo,en,verb,transparent
es,veredicto,en,verdict,transparent
es,verificación,en,verification,transparent
es,verificar,en,verify,transparent
es,vernáculo,en,vernacular,transparent
es,versatilidad,en,versatility,transparent
es,versión,en,version,transparent
es,verso,en,verse,altered
es,versus,en,versus,transparent
es,versátil,en,versatile,transparent
es,vertebrado,en,vertebrate,altered
es,vertebral,en,vertebral,transparent
es,vertical,en,vertical,transparent
es,verticalmente,en,vertically,transparent
es,vespa,en,vespa,transparent
es,vestigio,en,vestige,transparent
es,vestíbulo,en,vestibule,transparent
es,vesícula,en,vesicle,transparent
es,veterano,en,veteran,transparent
es,veterinario,en,veterinary,transparent
es,veto,en,veto,transparent
es,viable,en,viable,transparent
es,vial,en,vial,transparent
es,vibracional,en,vibrational,transparent
es,vibración,en,vibration,transparent
es,vibrador,en,vibrator,transparent
es,vibrante,en,vibrant,transparent
es,vibrar,en,vibrate,transparent
es,vicario,en,vicar,transparent
es,vicioso,en,vicious,transparent
es,victimización,en,victimization,transparent
es,victimizar,en,victimize,transparent
es,victoria,en,victory,transparent
es,victoriano,en,victorian,transparent
es,victorioso,en,victorious,transparent
es,video,en,video,transparent
es,vigilancia,en,surveillance,altered
es,vigilante,en,vigilante,transparent
es,vigilia,en,vigil,transparent
es,vigor,en,vigor,transparent
es,vigorosamente,en,vigorously,transparent
es,vigoroso,en,vigorous,transparent
es,vikingo,en,viking,transparent
es,vil,en,vile,altered
es,villa,en,villa,transparent
es,villano,en,villain,transparent
es,vinagre,en,vinegar,transparent
es,vinagreta,en,vinaigrette,transparent
es,vindicación,en,vindication,transparent
es,vinilo,en,vinyl,transparent
es,vino,en,wine,altered
es,viola,en,viola,transparent
es,violación,en,violation,transparent
es,violador,en,violator,transparent
es,violar,en,violate,transparent
es,violencia,en,violence,transparent
es,violentamente,en,violently,altered
es,violento,en,violent,transparent
es,violeta,en,violet,transparent
es,violinista,en,violinist,transparent
es,violonchelo,en,cello,altered
es,violín,en,violin,transparent
es,viral,en,viral,transparent
es,virgen,en,virgin,transparent
es,virginidad,en,virginity,transparent
es,virgo,en,virgo,transparent
es,virología,en,virology,transparent
es,virrey,en,viceroy,altered
es,virtual,en,virtual,transparent
es,virtualización,en,virtualization,transparent
es,virtualmente,en,virtually,transparent
es,virtud,en,virtue,transparent
es,virtuoso,en,virtuous,transparent
es,virulento,en,virulent,altered
es,virus,en,virus,transparent
es,visar,en,visa,transparent
es,visceral,en,visceral,transparent
es,viscosidad,en,viscosity,transparent
es,visera,en,visor,transparent
es,visibilidad,en,visibility,transparent
es,visible,en,visible,transparent
es,visiblemente,en,visibly,transparent
es,visionario,en,visionary,transparent
es,visir,en,vizier,altered
es,visita,en,visit,transparent
es,visitación,en,visitation,transparent
es,visitante,en,visitor,transparent
es,visión,en,vision,transparent
es,vista,en,vista,transparent
es,visual,en,visual,transparent
es,visualización,en,visualization,transparent
es,visualizar,en,visualize,transparent
es,visualmente,en,visually,transparent
es,vital,en,vital,transparent
es,vitalidad,en,vitality,transparent
es,vitamina,en,vitamin,transparent
es,vitela,en,veal,altered
es,vitriolo,en,vitriol,altered
es,vivaz,en,vivacious,altered
es,vizconde,en,viscount,altered
es,viña,en,vine,altered
es,viñeta,en,vignette,transparent
es,vocabulario,en,vocabulary,transparent
es,vocacional,en,vocational,transparent
es,vocación,en,vocation,transparent
es,vocal,en,vocal,transparent
es,vocalista,en,vocalist,altered
es,vocalización,en,vocalization,transparent
es,vodka,en,vodka,transparent
es,voga,en,vogue,altered
es,volatilidad,en,volatility,transparent
es,volcán,en,volcano,altered
es,volcánico,en,volcanic,transparent
es,volea,en,volley,altered
es,voleibol,en,volleyball,altered
es,volición,en,volition,transparent
es,voltaje,en,voltage,transparent
es,voltio,en,volt,transparent
es,volumen,en,volume,transparent
es,voluminoso,en,voluminous,transparent
es,volumétrico,en,volumetric,transparent
es,voluntariamente,en,voluntarily,transparent
es,voluntario,en,volunteer,altered
es,voluptuoso,en,voluptuous,transparent
es,volátil,en,volatile,transparent
es,vomitar,en,vomit,transparent
es,votante,en,voter,transparent
es,voto,en,vote,transparent
es,voucher,en,voucher,transparent
es,voyeur,en,voyeur,transparent
es,voz,en,voice,altered
es,vuelta,en,vuelta,transparent
es,vulgar,en,vulgar,transparent
es,vulgaridad,en,vulgarity,transparent
es,vulnerabilidad,en,vulnerability,transparent
es,vulnerable,en,vulnerable,transparent
es,vulva,en,vulva,transparent
es,válido,en,valid,transparent
es,válvula,en,valve,transparent
es,vándalo,en,vandal,transparent
es,védico,en,vedic,transparent
es,vértebra,en,vertebra,transparent
es,vértice,en,vertex,transparent
es,vértigo,en,vertigo,transparent
es,vía,en,via,transparent
es,víctima,en,victim,transparent
es,víctor,en,victor,transparent
es,víspera,en,vesper,altered
es,vívidamente,en,vividly,transparent
es,vívido,en,vivid,transparent
es,vórtice,en,vortex,transparent
es,warfarina,en,warfarin,transparent
es,warning,en,warn,transparent
es,watcher,en,watcher,transparent
es,waterloo,en,waterloo,transparent
es,webcam,en,webcam,transparent
es,website,en,website,transparent
es,weekend,en,weekend,transparent
es,western,en,western,transparent
es,westfalia,en,westphalia,altered
es,whisky,en,whisky,transparent
es,wikipedia,en,wikipedia,transparent
es,wok,en,wok,transparent
es,xenofobia,en,xenophobia,transparent
es,xenófobo,en,xenophobic,transparent
es,xenón,en,xenon,transparent
es,xerox,en,xerox,transparent
es,xi,en,xi,transparent
es,yac,en,yak,transparent
es,yakuza,en,yakuza,transparent
es,yankee,en,yankee,transparent
es,yihadista,en,jihadist,altered
es,yodo,en,iodine,altered
es,yoduro,en,iodide,altered
es,yoga,en,yoga,transparent
es,yogui,en,yogi,altered
es,yogur,en,yogurt,transparent
es,youtuber,en,youtuber,transparent
es,yuca,en,yucca,transparent
es,yugo,en,yoke,altered
es,yugular,en,jugular,altered
es,yute,en,jute,transparent
es,yuxtaponer,en,juxtapose,altered
es,zafiro,en,sapphire,altered
es,zeit,en,zeit,transparent
es,zen,en,zen,transparent
es,zepelín,en,zeppelin,transparent
es,zeta,en,zeta,transparent
es,zeus,en,zeus,transparent
es,zig,en,zig,transparent
es,zigzag,en,zigzag,transparent
es,zinc,en,zinc,transparent
es,zodiaco,en,zodiac,transparent
es,zona,en,zone,transparent
es,zonal,en,zonal,transparent
es,zoo,en,zoo,transparent
es,zoología,en,zoology,transparent
es,zoológico,en,zoological,transparent
es,zoom,en,zoom,transparent
es,zoólogo,en,zoologist,altered
es,zulú,en,zulu,transparent
es,zumba,en,zumba,transparent
es,ábaco,en,abacus,altered
es,ácido,en,acid,transparent
es,ágata,en,agate,altered
es,ágora,en,agora,transparent
es,águila,en,eagle,altered
es,álamo,en,alamo,transparent
es,álbum,en,album,transparent
es,álcali,en,alkali,transparent
es,álgebra,en,algebra,transparent
es,ámbar,en,amber,transparent
es,ángel,en,angel,transparent
es,ángulo,en,angle,altered
es,ánodo,en,anode,transparent
es,ápex,en,apex,transparent
es,árabe,en,arab,transparent
es,árbitro,en,arbitrator,altered
es,árbol,en,arbor,altered
es,área,en,area,transparent
es,árido,en,arid,transparent
es,ártico,en,arctic,transparent
es,áspid,en,asp,altered
es,átomo,en,atom,transparent
es,ébano,en,ebony,altered
es,élite,en,elite,transparent
es,énfasis,en,emphasis,transparent
es,épico,en,epic,transparent
es,época,en,epoch,transparent
es,épsilon,en,epsilon,transparent
es,éster,en,ester,transparent
es,éter,en,ether,transparent
es,ética,en,ethics,altered
es,éticamente,en,ethically,transparent
es,ético,en,ethical,transparent
es,étnicamente,en,ethnically,transparent
es,étnico,en,ethnic,transparent
es,éxodo,en,exodus,transparent
es,éxtasis,en,ecstasy,transparent
es,ídolo,en,idol,transparent
es,ímpetu,en,impetus,transparent
es,índice,en,index,altered
es,índico,en,indica,transparent
es,índigo,en,indigo,transparent
es,íntegro,en,integer,altered
es,íntimamente,en,intimately,transparent
es,íntimo,en,intimate,transparent
es,ítem,en,item,transparent
es,óleo,en,oil,altered
es,ómnibus,en,omnibus,transparent
es,ónice,en,onyx,altered
es,ópalo,en,opal,transparent
es,óptica,en,optics,transparent
es,óptico,en,optical,transparent
es,óptimamente,en,optimally,transparent
es,órbita,en,orbit,transparent
es,órgano,en,organ,transparent
es,ósmosis,en,osmosis,transparent
es,óvulo,en,ovum,altered
es,óxido,en,oxide,transparent
es,úlcera,en,ulcer,transparent
es,último,en,ultimate,altered
es,únicamente,en,uniquely,transparent
es,único,en,unique,transparent
es,úrico,en,uric,transparent
es,útero,en,uterus,transparent
