receiver_lang,receiver_word,donor_lang,donor_word,class
fr,abandon,en,abandon,transparent
fr,abaque,en,abacus,altered
fr,abattement,en,abatement,transparent
fr,abattoir,en,abattoir,transparent
fr,abattre,en,abate,altered
fr,abbaye,en,abbey,altered
fr,abbé,en,abbot,altered
fr,abcès,en,abscess,transparent
fr,abdication,en,abdication,transparent
fr,abdomen,en,abdomen,transparent
fr,abdominal,en,abdominal,transparent
fr,abducteur,en,abductor,altered
fr,abduction,en,abduction,transparent
fr,aberrant,en,aberrant,transparent
fr,aberration,en,aberration,transparent
fr,abject,en,abject,transparent
fr,ablation,en,ablation,transparent
fr,abolir,en,abolish,transparent
fr,abolition,en,abolition,transparent
fr,abolitionniste,en,abolitionist,transparent
fr,abominable,en,abominable,transparent
fr,abomination,en,abomination,transparent
fr,abondamment,en,abundantly,transparent
fr,abondance,en,abundance,transparent
fr,abondant,en,abundant,altered
fr,aboriginal,en,aboriginal,transparent
fr,abortif,en,abortive,transparent
fr,aboutir,en,abut,altered
fr,abrasif,en,abrasive,transparent
fr,abrasion,en,abrasion,transparent
fr,abroger,en,abrogate,altered
fr,abrupt,en,abrupt,transparent
fr,abruptement,en,abruptly,transparent
fr,abréger,en,abridge,altered
fr,abréviation,en,abbreviation,transparent
fr,absence,en,absence,transparent
fr,absent,en,absent,transparent
fr,absinthe,en,absinthe,transparent
fr,absolu,en,absolute,altered
fr,absolution,en,absolution,transparent
fr,absorbant,en,absorbent,transparent
fr,absorber,en,absorb,transparent
fr,absorbeur,en,absorber,transparent
fr,absorption,en,absorption,transparent
fr,absoudre,en,absolve,altered
fr,abstenir,en,abstain,altered
fr,abstention,en,abstention,transparent
fr,abstinence,en,abstinence,transparent
fr,abstraction,en,abstraction,transparent
fr,abstrait,en,abstract,altered
fr,absurde,en,absurd,transparent
fr,absurdité,en,absurdity,transparent
fr,abus,en,abuse,transparent
fr,abusif,en,abusive,transparent
fr,abyssal,en,abysmal,transparent
fr,abîme,en,abyss,altered
fr,acacia,en,acacia,transparent
fr,académicien,en,academician,transparent
fr,académie,en,academy,transparent
fr,académique,en,academic,transparent
fr,accent,en,accent,transparent
fr,accentuer,en,accentuate,transparent
fr,acceptabilité,en,acceptability,transparent
fr,acceptable,en,acceptable,transparent
fr,acceptation,en,acceptance,transparent
fr,accepter,en,accept,transparent
fr,accepteur,en,acceptor,altered
fr,accessibilité,en,accessibility,transparent
fr,accessible,en,accessible,transparent
fr,accession,en,accession,transparent
fr,accessoire,en,accessory,transparent
fr,accident,en,accident,transparent
fr,accidentel,en,accidental,transparent
fr,accidentellement,en,accidentally,transparent
fr,acclamer,en,acclaim,transparent
fr,acclimater,en,acclimate,transparent
fr,accolade,en,accolade,transparent
fr,accommoder,en,accommodate,altered
fr,accompagnement,en,accompaniment,transparent
fr,accompagner,en,accompany,altered
fr,accomplir,en,accomplish,transparent
fr,accord,en,accord,transparent
fr,accordéon,en,accordion,transparent
fr,accoster,en,accost,transparent
fr,accoutumer,en,accustom,altered
fr,accréditation,en,accreditation,transparent
fr,accréditer,en,accredit,transparent
fr,accrétion,en,accretion,transparent
fr,accumulateur,en,accumulator,transparent
fr,accumulation,en,accumulation,transparent
fr,accumuler,en,accumulate,transparent
fr,accusation,en,accusation,transparent
fr,accuser,en,accuse,transparent
fr,accès,en,access,transparent
fr,accéder,en,accede,transparent
fr,accélérateur,en,accelerator,altered
fr,accélération,en,acceleration,transparent
fr,accélérer,en,accelerate,transparent
fr,acide,en,acid,transparent
fr,acidification,en,acidification,transparent
fr,acidité,en,acidity,transparent
fr,acné,en,acne,transparent
fr,acolyte,en,acolyte,transparent
fr,acoustique,en,acoustic,transparent
fr,acquiescer,en,acquiesce,transparent
fr,acquisition,en,acquisition,transparent
fr,acquitter,en,acquit,transparent
fr,acquérir,en,acquire,altered
fr,acrobate,en,acrobat,transparent
fr,acrobatie,en,acrobatics,altered
fr,acrobatique,en,acrobatic,altered
fr,acronyme,en,acronym,transparent
fr,acropole,en,acropolis,transparent
fr,acrylique,en,acrylic,transparent
fr,acte,en,act,altered
fr,acteur,en,actor,altered
fr,actif,en,active,transparent
fr,actine,en,actin,altered
fr,action,en,action,transparent
fr,activateur,en,activator,transparent
fr,activation,en,activation,transparent
fr,activement,en,actively,transparent
fr,activer,en,activate,transparent
fr,activisme,en,activism,transparent
fr,activiste,en,activist,transparent
fr,activité,en,activity,transparent
fr,actualité,en,actuality,altered
fr,actuariel,en,actuarial,altered
fr,acumen,en,acumen,transparent
fr,acupuncture,en,acupuncture,transparent
fr,acétate,en,acetate,transparent
fr,acétique,en,acetic,altered
fr,acétone,en,acetone,altered
fr,acétyle,en,acetyl,altered
fr,adage,en,adage,transparent
fr,adaptable,en,adaptable,transparent
fr,adaptateur,en,adapter,transparent
fr,adaptatif,en,adaptive,transparent
fr,adaptation,en,adaptation,transparent
fr,adapter,en,adapt,transparent
fr,addendum,en,addendum,transparent
fr,addict,en,addict,transparent
fr,addictif,en,addictive,transparent
fr,addiction,en,addiction,transparent
fr,additif,en,additive,transparent
fr,addition,en,addition,transparent
fr,additionnel,en,additional,altered
fr,adepte,en,adept,altered
fr,adhérence,en,adherence,transparent
fr,adhérent,en,adherent,transparent
fr,adhérer,en,adhere,transparent
fr,adhésif,en,adhesive,transparent
fr,adhésion,en,adhesion,transparent
fr,adieu,en,adieu,transparent
fr,adjacent,en,adjacent,transparent
fr,adjectif,en,adjective,transparent
fr,adjoindre,en,adjoin,transparent
fr,adjoint,en,adjunct,altered
fr,adjudant,en,adjutant,transparent
fr,adjudication,en,adjudication,transparent
fr,adjuger,en,adjudicate,altered
fr,adjuvant,en,adjuvant,transparent
fr,admettre,en,admit,transparent
fr,admin,en,admin,transparent
fr,administrateur,en,administrator,transparent
fr,administratif,en,administrative,transparent
fr,administration,en,administration,transparent
fr,administrativement,en,administratively,transparent
fr,administrer,en,administer,transparent
fr,admirable,en,admirable,transparent
fr,admirablement,en,admirably,transparent
fr,admirateur,en,admirer,altered
fr,admiration,en,admiration,transparent
fr,admirer,en,admire,transparent
fr,admissible,en,admissible,transparent
fr,admission,en,admission,transparent
fr,adolescence,en,adolescence,transparent
fr,adolescent,en,adolescent,transparent
fr,adonis,en,adonis,transparent
fr,adopter,en,adopt,transparent
fr,adoptif,en,adoptive,transparent
fr,adoption,en,adoption,transparent
fr,adorable,en,adorable,transparent
fr,adoration,en,adoration,transparent
fr,adorer,en,adore,transparent
fr,adriatique,en,adriatic,transparent
fr,adrénaline,en,adrenaline,transparent
fr,adulation,en,adulation,transparent
fr,adulte,en,adult,altered
fr,adultère,en,adulterer,altered
fr,adventiste,en,adventist,transparent
fr,adverbe,en,adverb,transparent
fr,adversaire,en,adversary,altered
fr,adverse,en,adverse,transparent
fr,adversité,en,adversity,transparent
fr,adénosine,en,adenosine,transparent
fr,adéquat,en,adequate,altered
fr,adéquatement,en,adequately,transparent
fr,adéquation,en,adequacy,altered
fr,aeon,en,aeon,transparent
fr,affable,en,affable,transparent
fr,affaire,en,affair,transparent
fr,affecter,en,affect,transparent
fr,affectif,en,affective,transparent
fr,affectueux,en,affectionate,altered
fr,affiliation,en,affiliation,transparent
fr,affilier,en,affiliate,altered
fr,affinité,en,affinity,transparent
fr,affirmatif,en,affirmative,transparent
fr,affirmation,en,affirmation,transparent
fr,affirmer,en,affirm,transparent
fr,affixe,en,affix,transparent
fr,affliction,en,affliction,transparent
fr,affliger,en,afflict,transparent
fr,affluence,en,affluence,transparent
fr,affluent,en,affluent,transparent
fr,affront,en,affront,transparent
fr,afghan,en,afghan,transparent
fr,africain,en,african,transparent
fr,afrique,en,africa,altered
fr,aga,en,aga,transparent
fr,agar,en,agar,transparent
fr,agate,en,agate,transparent
fr,agave,en,agave,transparent
fr,agence,en,agency,transparent
fr,agent,en,agent,transparent
fr,agglomération,en,agglomeration,transparent
fr,aggravation,en,aggravation,transparent
fr,aggraver,en,aggravate,altered
fr,agile,en,agile,transparent
fr,agilité,en,agility,transparent
fr,agitateur,en,agitator,altered
fr,agitation,en,agitation,transparent
fr,agiter,en,agitate,altered
fr,agnostique,en,agnostic,transparent
fr,agonie,en,agony,altered
fr,agoniser,en,agonize,transparent
fr,agoniste,en,agonist,transparent
fr,agora,en,agora,transparent
fr,agraire,en,agrarian,transparent
fr,agresseur,en,aggressor,altered
fr,agressif,en,aggressive,transparent
fr,agression,en,aggression,transparent
fr,agricole,en,agricultural,transparent
fr,agriculture,en,agriculture,transparent
fr,agréable,en,agreeable,transparent
fr,agrégat,en,aggregate,altered
fr,agrégateur,en,aggregator,transparent
fr,agrégation,en,aggregation,transparent
fr,aha,en,aha,transparent
fr,aigle,en,eagle,altered
fr,ail,en,ail,transparent
fr,air,en,air,transparent
fr,airdrop,en,airdrop,transparent
fr,ajustable,en,adjustable,transparent
fr,ajustement,en,adjustment,transparent
fr,ajuster,en,adjust,transparent
fr,alarme,en,alarm,transparent
fr,alarmiste,en,alarmist,transparent
fr,albanais,en,albanian,altered
fr,albanie,en,albania,altered
fr,albinos,en,albino,transparent
fr,album,en,album,transparent
fr,albédo,en,albedo,transparent
fr,alcali,en,alkali,altered
fr,alcalin,en,alkaline,transparent
fr,alcaloïde,en,alkaloid,altered
fr,alchimie,en,alchemy,altered
fr,alchimiste,en,alchemist,altered
fr,alcool,en,alcohol,transparent
fr,alcoolique,en,alcoholic,transparent
fr,alcoolisme,en,alcoholism,transparent
fr,aldéhyde,en,aldehyde,altered
fr,alerte,en,alert,transparent
fr,alfa,en,alfa,transparent
fr,algorithme,en,algorithm,transparent
fr,algorithmique,en,algorithmic,transparent
fr,algue,en,alga,altered
fr,algèbre,en,algebra,transparent
fr,algébrique,en,algebraic,transparent
fr,alias,en,alias,transparent
fr,alibi,en,alibi,transparent
fr,alien,en,alien,transparent
fr,alignement,en,alignment,transparent
fr,aliénation,en,alienation,transparent
fr,aliéner,en,alienate,transparent
fr,allegro,en,allegro,transparent
fr,allergie,en,allergy,transparent
fr,allergique,en,allergic,transparent
fr,allergène,en,allergen,transparent
fr,alliance,en,alliance,transparent
fr,alligator,en,alligator,transparent
fr,allié,en,ally,altered
fr,allocation,en,allocation,transparent
fr,allonger,en,elongate,altered
fr,allouer,en,allow,altered
fr,allure,en,allure,transparent
fr,allusion,en,allusion,transparent
fr,alluvial,en,alluvial,transparent
fr,allèle,en,allele,transparent
fr,allégation,en,allegation,transparent
fr,alléger,en,alleviate,altered
fr,allégorie,en,allegory,transparent
fr,allégorique,en,allegorical,transparent
fr,alléguer,en,allege,transparent
fr,alléluia,en,hallelujah,altered
fr,allô,en,allo,transparent
fr,almanach,en,almanac,altered
fr,alopécie,en,alopecia,altered
fr,aloès,en,aloe,transparent
fr,alpaga,en,alpaca,altered
fr,alpe,en,alps,transparent
fr,alpha,en,alpha,transparent
fr,alphabet,en,alphabet,transparent
fr,alphabétique,en,alphabetical,transparent
fr,alpin,en,alpine,transparent
fr,alternateur,en,alternator,altered
fr,alternative,en,alternative,transparent
fr,alternativement,en,alternately,transparent
fr,alterné,en,alternate,transparent
fr,altitude,en,altitude,transparent
fr,alto,en,alto,transparent
fr,altruisme,en,altruism,transparent
fr,altruiste,en,altruistic,transparent
fr,altération,en,alteration,transparent
fr,altérer,en,alter,transparent
fr,alumine,en,alumina,altered
fr,aluminium,en,aluminum,transparent
fr,alun,en,alum,altered
fr,alvéolaire,en,alveolar,altered
fr,amalgamation,en,amalgamation,transparent
fr,amalgame,en,amalgam,transparent
fr,amalgamer,en,amalgamate,transparent
fr,amateur,en,amateur,transparent
fr,amazonien,en,amazonian,altered
fr,ambassade,en,embassy,altered
fr,ambassadeur,en,ambassador,transparent
fr,ambiance,en,ambience,altered
fr,ambiant,en,ambient,transparent
fr,ambigu,en,ambiguous,altered
fr,ambiguïté,en,ambiguity,altered
fr,ambitieux,en,ambitious,transparent
fr,ambition,en,ambition,transparent
fr,ambivalence,en,ambivalence,transparent
fr,amble,en,amble,transparent
fr,ambre,en,amber,altered
fr,ambroisie,en,ambrosia,altered
fr,ambulance,en,ambulance,transparent
fr,ambulatoire,en,ambulatory,altered
fr,amen,en,amen,transparent
fr,amendement,en,amendment,transparent
fr,amender,en,amend,altered
fr,ami,en,ami,transparent
fr,amiable,en,amicable,transparent
fr,amibe,en,amoeba,altered
fr,aminé,en,amino,altered
fr,amiral,en,admiral,altered
fr,amitié,en,amity,altered
fr,ammoniaque,en,ammonia,altered
fr,ammonium,en,ammonium,transparent
fr,amniotique,en,amniotic,transparent
fr,amnistie,en,amnesty,transparent
fr,amnésie,en,amnesia,transparent
fr,amok,en,amok,transparent
fr,amoral,en,amoral,transparent
fr,amorphe,en,amorphous,transparent
fr,amortissement,en,amortization,altered
fr,amour,en,amour,transparent
fr,amoureux,en,amorous,altered
fr,amphibien,en,amphibian,transparent
fr,amphithéâtre,en,amphitheatre,transparent
fr,amphétamine,en,amphetamine,altered
fr,ample,en,ample,transparent
fr,amplificateur,en,amplifier,transparent
fr,amplification,en,amplification,transparent
fr,amplifier,en,amplify,transparent
fr,amplitude,en,amplitude,transparent
fr,amputation,en,amputation,transparent
fr,amputer,en,amputate,transparent
fr,amputé,en,amputee,transparent
fr,amulette,en,amulet,altered
fr,amuser,en,amuse,transparent
fr,amygdale,en,amygdala,altered
fr,amyloïde,en,amyloid,altered
fr,améliorer,en,ameliorate,altered
fr,aménité,en,amenity,transparent
fr,américain,en,american,transparent
fr,améthyste,en,amethyst,altered
fr,an,en,annum,altered
fr,anachronique,en,anachronistic,altered
fr,anachronisme,en,anachronism,transparent
fr,anaconda,en,anaconda,transparent
fr,anagramme,en,anagram,transparent
fr,anal,en,anal,transparent
fr,analgésique,en,analgesic,transparent
fr,analogie,en,analogy,transparent
fr,analogue,en,analog,altered
fr,analyse,en,analysis,altered
fr,analyser,en,analyze,transparent
fr,analyseur,en,analyzer,transparent
fr,analyste,en,analyst,transparent
fr,analytique,en,analytic,transparent
fr,anaphylaxie,en,anaphylaxis,transparent
fr,anarchie,en,anarchy,transparent
fr,anarchisme,en,anarchism,transparent
fr,anarchiste,en,anarchist,transparent
fr,anathème,en,anathema,altered
fr,anatomie,en,anatomy,transparent
fr,anatomique,en,anatomical,transparent
fr,anatomiquement,en,anatomically,transparent
fr,anaérobie,en,anaerobic,altered
fr,ancestral,en,ancestral,transparent
fr,ancre,en,anchor,altered
fr,ancêtre,en,ancestor,altered
fr,androgyne,en,androgynous,altered
fr,androgène,en,androgen,transparent
fr,andromède,en,andromeda,altered
fr,androïde,en,android,transparent
fr,anecdote,en,anecdote,transparent
fr,anecdotique,en,anecdotal,transparent
fr,anesthésie,en,anesthesia,transparent
fr,anesthésique,en,anesthetic,transparent
fr,ange,en,angel,altered
fr,angine,en,angina,altered
fr,anglais,en,english,altered
fr,angle,en,angle,transparent
fr,anglican,en,anglican,transparent
fr,anglophone,en,anglophone,transparent
fr,angoisse,en,angst,altered
fr,angora,en,angora,transparent
fr,angulaire,en,angular,transparent
fr,angélique,en,angelic,transparent
fr,angélus,en,angelus,transparent
fr,animal,en,animal,transparent
fr,animateur,en,animator,transparent
fr,animation,en,animation,transparent
fr,animer,en,animate,transparent
fr,animosité,en,animosity,transparent
fr,animus,en,animus,transparent
fr,animé,en,anime,altered
fr,anion,en,anion,transparent
fr,anis,en,anise,altered
fr,annales,en,annal,transparent
fr,annexe,en,annexe,transparent
fr,annexion,en,annexation,altered
fr,annihilation,en,annihilation,transparent
fr,annihiler,en,annihilate,transparent
fr,anniversaire,en,anniversary,transparent
fr,annoncer,en,announce,transparent
fr,annonceur,en,announcer,transparent
fr,annotation,en,annotation,transparent
fr,annoter,en,annotate,transparent
fr,annuel,en,annual,transparent
fr,annuellement,en,annually,transparent
fr,annuité,en,annuity,transparent
fr,annulaire,en,annular,altered
fr,annulation,en,annulment,altered
fr,annuler,en,annul,altered
fr,anode,en,anode,transparent
fr,anomalie,en,anomaly,altered
fr,anonymat,en,anonymity,altered
fr,anonyme,en,anonymous,transparent
fr,anorexie,en,anorexia,altered
fr,anorexique,en,anorexic,transparent
fr,anormal,en,abnormal,transparent
fr,anormalité,en,abnormality,transparent
fr,antagonisme,en,antagonism,transparent
fr,antagoniste,en,antagonist,transparent
fr,antarctique,en,antarctic,transparent
fr,ante,en,ante,transparent
fr,antenne,en,antenna,transparent
fr,anthologie,en,anthology,altered
fr,anthrax,en,anthrax,transparent
fr,anthropologie,en,anthropology,transparent
fr,anthropologique,en,anthropological,transparent
fr,anthropologue,en,anthropologist,transparent
fr,anthropomorphe,en,anthropomorphic,altered
fr,anti,en,anti,transparent
fr,antibactérien,en,antibacterial,altered
fr,antibiotique,en,antibiotic,transparent
fr,anticipation,en,anticipation,transparent
fr,anticiper,en,anticipate,transparent
fr,anticoagulant,en,anticoagulant,transparent
fr,anticorps,en,antibody,altered
fr,antidote,en,antidote,transparent
fr,antidépresseur,en,antidepressant,altered
fr,antigène,en,antigen,transparent
fr,antihistaminique,en,antihistamine,altered
fr,antilope,en,antelope,altered
fr,antimatière,en,antimatter,transparent
fr,antioxydant,en,antioxidant,transparent
fr,antipathie,en,antipathy,transparent
fr,antiquité,en,antiquity,transparent
fr,antirétroviral,en,antiretroviral,altered
fr,antiseptique,en,antiseptic,altered
fr,antisocial,en,antisocial,transparent
fr,antisémitisme,en,antisemitism,transparent
fr,antithèse,en,antithesis,transparent
fr,antiviral,en,antiviral,transparent
fr,antivirus,en,antivirus,transparent
fr,antécédent,en,antecedent,transparent
fr,antérieur,en,anterior,altered
fr,anus,en,anus,transparent
fr,anxiété,en,anxiety,transparent
fr,anémie,en,anemia,transparent
fr,anémique,en,anemic,transparent
fr,anémone,en,anemone,transparent
fr,anévrisme,en,aneurysm,altered
fr,aorte,en,aorta,transparent
fr,aortique,en,aortic,transparent
fr,août,en,august,altered
fr,apache,en,apache,transparent
fr,apathie,en,apathy,transparent
fr,aperture,en,aperture,transparent
fr,apex,en,apex,transparent
fr,aphasie,en,aphasia,transparent
fr,aphorisme,en,aphorism,transparent
fr,aphrodisiaque,en,aphrodisiac,transparent
fr,apical,en,apical,transparent
fr,apnée,en,apnea,altered
fr,apocalypse,en,apocalypse,transparent
fr,apocalyptique,en,apocalyptic,transparent
fr,apolitique,en,apolitical,transparent
fr,apollon,en,apollo,transparent
fr,apologie,en,apology,transparent
fr,apologiste,en,apologist,transparent
fr,apologétique,en,apologetic,transparent
fr,apoptose,en,apoptosis,altered
fr,apostasie,en,apostasy,transparent
fr,apostat,en,apostate,altered
fr,apostolique,en,apostolic,transparent
fr,apostrophe,en,apostrophe,transparent
fr,app,en,app,transparent
fr,apparaître,en,appear,altered
fr,appareil,en,apparel,altered
fr,apparemment,en,apparently,transparent
fr,apparence,en,appearance,transparent
fr,apparent,en,apparent,transparent
fr,apparition,en,apparition,transparent
fr,appartement,en,apartment,transparent
fr,appartenir,en,pertain,altered
fr,appel,en,appeal,altered
fr,appellant,en,appellant,transparent
fr,appellation,en,appellation,transparent
fr,appendice,en,appendix,transparent
fr,appendicite,en,appendicitis,altered
fr,applaudir,en,applaud,transparent
fr,applaudissement,en,applause,altered
fr,applicabilité,en,applicability,transparent
fr,applicable,en,applicable,transparent
fr,applicateur,en,applicator,altered
fr,application,en,application,transparent
fr,appliquer,en,apply,altered
fr,apprendre,en,apprise,altered
fr,apprenti,en,apprentice,altered
fr,approcher,en,approach,transparent
fr,appropriation,en,appropriation,transparent
fr,approprié,en,appropriate,transparent
fr,approuver,en,approve,transparent
fr,approximation,en,approximation,transparent
fr,approximativement,en,approximately,transparent
fr,appréciable,en,appreciable,transparent
fr,appréciation,en,appreciation,transparent
fr,apprécier,en,appreciate,transparent
fr,appréhender,en,apprehend,transparent
fr,appréhension,en,apprehension,transparent
fr,appétit,en,appetite,transparent
fr,aptitude,en,aptitude,transparent
fr,apéritif,en,appetizer,altered
fr,apôtre,en,apostle,altered
fr,aquaculture,en,aquaculture,transparent
fr,aquarium,en,aquarium,transparent
fr,aquatique,en,aquatic,transparent
fr,aqueduc,en,aqueduct,altered
fr,aqueux,en,aqueous,altered
fr,aquifère,en,aquifer,transparent
fr,arabe,en,arab,transparent
fr,arable,en,arable,transparent
fr,arbitrage,en,arbitrage,transparent
fr,arbitraire,en,arbitrary,transparent
fr,arbitrairement,en,arbitrarily,transparent
fr,arbitration,en,arbitration,transparent
fr,arbitre,en,arbitrator,altered
fr,arboretum,en,arboretum,transparent
fr,arc,en,arc,transparent
fr,arcade,en,arcade,transparent
fr,arcane,en,arcane,transparent
fr,archange,en,archangel,altered
fr,archaïque,en,archaic,transparent
fr,arche,en,ark,altered
fr,archer,en,archer,transparent
fr,archidiocèse,en,archdiocese,transparent
fr,archipel,en,archipelago,altered
fr,architecte,en,architect,altered
fr,architectural,en,architectural,transparent
fr,architecture,en,architecture,transparent
fr,archive,en,archive,transparent
fr,archiviste,en,archivist,altered
fr,archéologie,en,archaeology,altered
fr,archéologique,en,archaeological,altered
fr,archéologue,en,archaeologist,transparent
fr,archétypal,en,archetypal,transparent
fr,archétype,en,archetype,altered
fr,arctique,en,arctic,transparent
fr,ardent,en,ardent,transparent
fr,ardu,en,arduous,transparent
fr,argentin,en,argentine,transparent
fr,arginine,en,arginine,transparent
fr,argon,en,argon,transparent
fr,argument,en,argument,transparent
fr,argumentatif,en,argumentative,transparent
fr,argumentation,en,argumentation,transparent
fr,aria,en,aria,transparent
fr,aride,en,arid,transparent
fr,aristocrate,en,aristocrat,transparent
fr,aristocratie,en,aristocracy,transparent
fr,aristocratique,en,aristocratic,transparent
fr,aristotélicien,en,aristotelian,transparent
fr,arithmétique,en,arithmetic,transparent
fr,arlequin,en,harlequin,altered
fr,armada,en,armada,transparent
fr,armature,en,armature,transparent
fr,armement,en,armament,transparent
fr,armistice,en,armistice,transparent
fr,armure,en,armor,altered
fr,armurerie,en,armory,altered
fr,armé,en,armoured,transparent
fr,arménie,en,armenia,altered
fr,aromatique,en,aromatic,transparent
fr,arrangement,en,arrangement,transparent
fr,arranger,en,arrange,transparent
fr,arrangeur,en,arranger,transparent
fr,arrestation,en,arrest,altered
fr,arriver,en,arrival,transparent
fr,arrogance,en,arrogance,transparent
fr,arrogant,en,arrogant,transparent
fr,arsenal,en,arsenal,transparent
fr,arsenic,en,arsenic,transparent
fr,art,en,art,transparent
fr,artefact,en,artifact,transparent
fr,arthrite,en,arthritis,altered
fr,artichaut,en,artichoke,altered
fr,article,en,article,transparent
fr,articulation,en,articulation,transparent
fr,articuler,en,articulate,transparent
fr,artifice,en,artifice,transparent
fr,artificiel,en,artificial,transparent
fr,artillerie,en,artillery,transparent
fr,artisan,en,artisan,transparent
fr,artisanal,en,artisanal,transparent
fr,artiste,en,artist,transparent
fr,artistique,en,artistic,transparent
fr,artère,en,artery,transparent
fr,artéfact,en,artefact,transparent
fr,artériel,en,arterial,transparent
fr,arythmie,en,arrhythmia,altered
fr,arène,en,arena,altered
fr,arôme,en,aroma,altered
fr,ascendance,en,ascendancy,transparent
fr,ascendant,en,ascendant,transparent
fr,ascension,en,ascent,altered
fr,ascétique,en,ascetic,transparent
fr,asexuel,en,asexual,transparent
fr,ashram,en,ashram,transparent
fr,asiatique,en,asian,transparent
fr,asie,en,asia,altered
fr,asile,en,asylum,transparent
fr,aspect,en,aspect,transparent
fr,asperge,en,asparagus,altered
fr,asphalte,en,asphalt,transparent
fr,asphyxie,en,asphyxiation,altered
fr,aspic,en,asp,altered
fr,aspirant,en,aspirant,transparent
fr,aspiration,en,aspiration,transparent
fr,aspirer,en,aspire,transparent
fr,aspirine,en,aspirin,transparent
fr,aspiré,en,aspirate,altered
fr,assaillant,en,assailant,transparent
fr,assassin,en,assassin,transparent
fr,assassinat,en,assassination,transparent
fr,assassiner,en,assassinate,transparent
fr,assaut,en,assault,altered
fr,assemblage,en,assemblage,transparent
fr,assembleur,en,assembler,transparent
fr,assemblée,en,assembly,altered
fr,assentiment,en,assent,altered
fr,assertif,en,assertive,transparent
fr,assertion,en,assertion,transparent
fr,assesseur,en,assessor,transparent
fr,assigner,en,assign,transparent
fr,assimilation,en,assimilation,transparent
fr,assimiler,en,assimilate,transparent
fr,assistance,en,assistance,transparent
fr,assistant,en,assistant,transparent
fr,assister,en,assist,transparent
fr,assiéger,en,besiege,altered
fr,associatif,en,associative,altered
fr,association,en,association,transparent
fr,associé,en,associate,transparent
fr,assomption,en,assumption,transparent
fr,assumer,en,assume,transparent
fr,assurance,en,assurance,transparent
fr,assurer,en,ensure,altered
fr,assurément,en,assuredly,altered
fr,aster,en,aster,transparent
fr,asthmatique,en,asthmatic,altered
fr,asthme,en,asthma,transparent
fr,astral,en,astral,transparent
fr,astrologie,en,astrology,transparent
fr,astrologique,en,astrological,transparent
fr,astrologue,en,astrologer,altered
fr,astronaute,en,astronaut,transparent
fr,astronome,en,astronomer,transparent
fr,astronomie,en,astronomy,transparent
fr,astronomique,en,astronomical,transparent
fr,astrophysique,en,astrophysics,transparent
fr,astucieux,en,astute,altered
fr,astérisque,en,asterisk,transparent
fr,astéroïde,en,asteroid,transparent
fr,asymptomatique,en,asymptomatic,transparent
fr,asymptotique,en,asymptotic,transparent
fr,asymétrie,en,asymmetry,transparent
fr,asymétrique,en,asymmetric,transparent
fr,asynchrone,en,asynchronous,altered
fr,atelier,en,atelier,transparent
fr,athlète,en,athlete,transparent
fr,athlétisme,en,athletics,altered
fr,athée,en,atheist,transparent
fr,athéisme,en,atheism,transparent
fr,athérosclérose,en,atherosclerosis,transparent
fr,atlantide,en,atlantis,altered
fr,atlantique,en,atlantic,transparent
fr,atlas,en,atlas,transparent
fr,atmosphère,en,atmosphere,transparent
fr,atmosphérique,en,atmospheric,transparent
fr,atoll,en,atoll,transparent
fr,atome,en,atom,transparent
fr,atomique,en,atomic,transparent
fr,atrium,en,atrium,transparent
fr,atroce,en,atrocious,altered
fr,atrocité,en,atrocity,transparent
fr,atrophie,en,atrophy,transparent
fr,attachement,en,attachment,transparent
fr,attaché,en,attache,transparent
fr,attaquant,en,attacker,altered
fr,attaque,en,attack,transparent
fr,attentif,en,attentive,altered
fr,attention,en,attention,transparent
fr,attestation,en,attestation,transparent
fr,attester,en,attest,transparent
fr,attique,en,attic,transparent
fr,attirer,en,attract,altered
fr,attitude,en,attitude,transparent
fr,attractif,en,attractive,transparent
fr,attraction,en,attraction,transparent
fr,attribuable,en,attributable,transparent
fr,attribut,en,attribute,transparent
fr,attribution,en,attribution,transparent
fr,attrition,en,attrition,transparent
fr,atténuation,en,attenuation,transparent
fr,atténuer,en,attenuate,transparent
fr,atypique,en,atypical,transparent
fr,aube,en,alba,altered
fr,audace,en,audacity,altered
fr,audacieux,en,audacious,transparent
fr,audible,en,audible,transparent
fr,audience,en,audience,transparent
fr,audio,en,audio,transparent
fr,audiovisuel,en,audiovisual,transparent
fr,audit,en,audit,transparent
fr,auditeur,en,auditor,altered
fr,auditif,en,auditory,transparent
fr,audition,en,audition,transparent
fr,auditorium,en,auditorium,transparent
fr,augmentation,en,augmentation,transparent
fr,augmenter,en,augment,transparent
fr,auguste,en,augustus,altered
fr,augustin,en,augustin,transparent
fr,aura,en,aura,transparent
fr,auriculaire,en,aural,altered
fr,aurore,en,aurora,altered
fr,auspice,en,auspice,transparent
fr,aussie,en,aussie,transparent
fr,australien,en,australian,transparent
fr,austère,en,austere,transparent
fr,austérité,en,austerity,transparent
fr,auteur,en,author,transparent
fr,authenticité,en,authenticity,transparent
fr,authentification,en,authentication,transparent
fr,authentifier,en,authenticate,altered
fr,authentique,en,authentic,transparent
fr,authentiquement,en,authentically,transparent
fr,autisme,en,autism,transparent
fr,autiste,en,autistic,altered
fr,auto,en,auto,transparent
fr,autobiographie,en,autobiography,transparent
fr,autobiographique,en,autobiographical,transparent
fr,autocorrection,en,autocorrect,transparent
fr,autocrate,en,autocrat,transparent
fr,autocratie,en,autocracy,transparent
fr,autocratique,en,autocratic,transparent
fr,autographe,en,autograph,altered
fr,automate,en,automaton,transparent
fr,automation,en,automation,transparent
fr,automatique,en,automatic,transparent
fr,automatiquement,en,automatically,transparent
fr,automatiser,en,automate,altered
fr,automobile,en,automobile,transparent
fr,autonome,en,autonomous,transparent
fr,autonomie,en,autonomy,transparent
fr,autopilote,en,autopilot,transparent
fr,autopsie,en,autopsy,transparent
fr,autorisation,en,authorization,transparent
fr,autoriser,en,authorize,transparent
fr,autoritaire,en,authoritarian,transparent
fr,autoritarisme,en,authoritarianism,transparent
fr,autorité,en,authority,transparent
fr,autriche,en,austria,altered
fr,autrichien,en,austrian,altered
fr,auxiliaire,en,auxiliary,transparent
fr,avalanche,en,avalanche,transparent
fr,avance,en,advance,transparent
fr,avant,en,avant,transparent
fr,avantage,en,advantage,altered
fr,avantageux,en,advantageous,transparent
fr,avatar,en,avatar,transparent
fr,avec,en,avec,transparent
fr,avent,en,advent,transparent
fr,aventure,en,adventure,transparent
fr,aventureux,en,adventurous,altered
fr,aventurier,en,adventurer,altered
fr,avenue,en,avenue,transparent
fr,aversion,en,aversion,transparent
fr,aviateur,en,aviator,altered
fr,aviation,en,aviation,transparent
fr,avocat,en,avocado,transparent
fr,avortement,en,abortion,altered
fr,avorter,en,abort,altered
fr,avouer,en,avow,altered
fr,avril,en,april,altered
fr,axe,en,axis,transparent
fr,axial,en,axial,transparent
fr,axiome,en,axiom,transparent
fr,ayatollah,en,ayatollah,transparent
fr,azalée,en,azalea,transparent
fr,azur,en,azure,altered
fr,aérien,en,aerial,transparent
fr,aéro,en,aero,transparent
fr,aérobie,en,aerobic,transparent
fr,aérodrome,en,aerodrome,transparent
fr,aérodynamique,en,aerodynamic,transparent
fr,aéronautique,en,aeronautics,transparent
fr,aéroplane,en,aeroplane,transparent
fr,aéroport,en,airport,altered
fr,aérosol,en,aerosol,transparent
fr,aïkido,en,aikido,transparent
fr,babel,en,babel,transparent
fr,baccalauréat,en,baccalaureate,transparent
fr,bachelier,en,bachelor,altered
fr,bacille,en,bacillus,transparent
fr,bacon,en,bacon,transparent
fr,bactérien,en,bacterial,altered
fr,badminton,en,badminton,transparent
fr,bagage,en,baggage,altered
fr,baguette,en,baguette,transparent
fr,bahamas,en,bahamas,transparent
fr,baigner,en,bathe,altered
fr,bailli,en,bailiff,altered
fr,balaclava,en,balaclava,transparent
fr,balance,en,balance,transparent
fr,balcon,en,balcony,transparent
fr,balistique,en,ballistic,transparent
fr,balkanique,en,balkan,transparent
fr,ballade,en,ballad,transparent
fr,ballerine,en,ballerina,transparent
fr,ballet,en,ballet,transparent
fr,ballon,en,balloon,altered
fr,ballot,en,ballot,transparent
fr,baltique,en,baltic,transparent
fr,bambou,en,bamboo,transparent
fr,banal,en,banal,transparent
fr,banane,en,banana,altered
fr,bandage,en,bandage,transparent
fr,bandit,en,bandit,transparent
fr,banjo,en,banjo,transparent
fr,bannière,en,banner,altered
fr,banque,en,banking,altered
fr,banquet,en,banquet,transparent
fr,banquier,en,banker,altered
fr,baptiser,en,baptize,altered
fr,baptismal,en,baptismal,transparent
fr,baptiste,en,baptist,transparent
fr,baptême,en,baptism,altered
fr,bar,en,bar,transparent
fr,baraque,en,barracks,altered
fr,barbacane,en,barbican,altered
fr,barbarisme,en,barbarism,transparent
fr,barbe,en,barb,altered
fr,barde,en,bard,altered
fr,bariatrique,en,bariatric,transparent
fr,barista,en,barista,transparent
fr,barman,en,barman,transparent
fr,baromètre,en,barometer,transparent
fr,baron,en,baron,transparent
fr,baronne,en,baroness,altered
fr,baronnet,en,baronet,transparent
fr,baronnie,en,barony,altered
fr,baroque,en,baroque,transparent
fr,barracuda,en,barracuda,transparent
fr,barrage,en,barrage,transparent
fr,barricade,en,barricade,transparent
fr,barrique,en,barrel,altered
fr,barrière,en,barrier,transparent
fr,baryton,en,baritone,altered
fr,baryum,en,barium,altered
fr,basal,en,basal,transparent
fr,basalte,en,basalt,transparent
fr,base,en,base,transparent
fr,baseball,en,baseball,transparent
fr,basement,en,basement,transparent
fr,basilique,en,basilica,altered
fr,basique,en,basic,transparent
fr,basiquement,en,basically,transparent
fr,basque,en,basque,transparent
fr,basset,en,basset,transparent
fr,basson,en,bassoon,transparent
fr,bastion,en,bastion,transparent
fr,bataille,en,battle,transparent
fr,bataillon,en,battalion,transparent
fr,batterie,en,battery,altered
fr,bauhaus,en,bauhaus,transparent
fr,baume,en,balsam,altered
fr,bauxite,en,bauxite,transparent
fr,bavarois,en,bavarian,transparent
fr,bavière,en,bavaria,altered
fr,bayou,en,bayou,transparent
fr,bazar,en,bazaar,transparent
fr,bazooka,en,bazooka,transparent
fr,baïonnette,en,bayonet,altered
fr,beagle,en,beagle,transparent
fr,beau,en,belle,transparent
fr,beige,en,beige,transparent
fr,belge,en,belgian,altered
fr,belligérant,en,belligerent,altered
fr,bengale,en,bengal,transparent
fr,benthique,en,benthic,altered
fr,bento,en,bento,transparent
fr,benzodiazépine,en,benzodiazepine,transparent
fr,benzène,en,benzene,altered
fr,berbère,en,berber,altered
fr,beretta,en,beretta,transparent
fr,berlinois,en,berliner,altered
fr,bermuda,en,bermuda,transparent
fr,bestseller,en,bestseller,transparent
fr,biathlon,en,biathlon,transparent
fr,bible,en,bible,transparent
fr,bibliographie,en,bibliography,transparent
fr,bibliographique,en,bibliographic,transparent
fr,biblique,en,biblical,altered
fr,bicarbonate,en,bicarbonate,transparent
fr,biceps,en,biceps,transparent
fr,bicyclette,en,bike,altered
fr,bidet,en,bidet,transparent
fr,bienfaiteur,en,benefactor,altered
fr,biennale,en,biennale,transparent
fr,bienveillance,en,benevolence,altered
fr,bienveillant,en,benevolent,altered
fr,bigoterie,en,bigotry,transparent
fr,bikini,en,bikini,transparent
fr,bilatéral,en,bilateral,transparent
fr,bile,en,bile,transparent
fr,bilge,en,bilge,transparent
fr,bilingue,en,bilingual,transparent
fr,bilinguisme,en,bilingualism,transparent
fr,billard,en,billiard,transparent
fr,billet,en,billet,transparent
fr,bimbo,en,bimbo,transparent
fr,binaire,en,binary,transparent
fr,bingo,en,bingo,transparent
fr,binoculaire,en,binocular,altered
fr,binôme,en,binomial,altered
fr,bio,en,bio,transparent
fr,biochimie,en,biochemistry,transparent
fr,biochimique,en,biochemical,transparent
fr,biochimiste,en,biochemist,transparent
fr,biodiversité,en,biodiversity,transparent
fr,biodégradable,en,biodegradable,transparent
fr,biofilm,en,biofilm,transparent
fr,biographe,en,biographer,transparent
fr,biographie,en,biography,transparent
fr,biographique,en,biographical,transparent
fr,bioinformatique,en,bioinformatics,transparent
fr,biologie,en,biology,transparent
fr,biologique,en,biological,transparent
fr,biologiste,en,biologist,transparent
fr,biomasse,en,biomass,transparent
fr,biome,en,biome,transparent
fr,biomédical,en,biomedical,transparent
fr,biométrie,en,biometrics,altered
fr,biométrique,en,biometric,transparent
fr,bionique,en,bionic,transparent
fr,biopsie,en,biopsy,transparent
fr,biosphère,en,biosphere,altered
fr,biosynthèse,en,biosynthesis,transparent
fr,biotechnologie,en,biotechnology,transparent
fr,bioéthique,en,bioethics,transparent
fr,bipolaire,en,bipolar,transparent
fr,biscuit,en,biscuit,transparent
fr,bisexuel,en,bisexual,transparent
fr,bison,en,bison,transparent
fr,bistro,en,bistro,transparent
fr,bitume,en,bitumen,transparent
fr,bizarre,en,bizarre,transparent
fr,biélorusse,en,belarusian,altered
fr,blanc,en,blanc,transparent
fr,blanchir,en,blanch,altered
fr,blasphème,en,blasphemy,altered
fr,blasphématoire,en,blasphemous,altered
fr,blazer,en,blazer,transparent
fr,blender,en,blender,transparent
fr,bleu,en,bleu,transparent
fr,blitz,en,blitz,transparent
fr,bloc,en,bloc,transparent
fr,blocage,en,blockage,transparent
fr,blockbuster,en,blockbuster,transparent
fr,blocus,en,blockade,altered
fr,blog,en,blog,transparent
fr,blogueur,en,blogger,altered
fr,blond,en,blond,transparent
fr,blonde,en,blonde,transparent
fr,blues,en,blues,transparent
fr,boa,en,boa,transparent
fr,bobine,en,bobbin,altered
fr,bobsleigh,en,bobsleigh,transparent
fr,bodybuilding,en,bodybuilding,transparent
fr,bohème,en,bohemia,altered
fr,bohémien,en,bohemian,altered
fr,bolchévique,en,bolshevik,transparent
fr,bolivie,en,bolivia,transparent
fr,bolognaise,en,bolognese,transparent
fr,bologne,en,bologna,altered
fr,bolus,en,bolus,transparent
fr,bombarde,en,bombard,altered
fr,bombardement,en,bombardment,transparent
fr,bombardier,en,bomber,transparent
fr,bombe,en,bomb,transparent
fr,bombing,en,bombing,transparent
fr,bond,en,bound,altered
fr,bondage,en,bondage,transparent
fr,bondir,en,bounce,altered
fr,bongo,en,bongo,transparent
fr,bonjour,en,bonjour,transparent
fr,bonnet,en,bonnet,transparent
fr,bonobo,en,bonobo,transparent
fr,bonsaï,en,bonsai,transparent
fr,bonté,en,bounty,altered
fr,bonus,en,bonus,transparent
fr,boogie,en,boogie,transparent
fr,booker,en,booker,transparent
fr,booking,en,booking,transparent
fr,bookmaker,en,bookmaker,transparent
fr,booléen,en,boolean,altered
fr,boomerang,en,boomerang,transparent
fr,bord,en,border,altered
fr,bordeaux,en,bordeaux,transparent
fr,bore,en,boron,altered
fr,boréal,en,boreal,transparent
fr,bosniaque,en,bosnian,altered
fr,bosnie,en,bosnia,altered
fr,boson,en,boson,transparent
fr,botanique,en,botanical,altered
fr,botaniste,en,botanist,transparent
fr,botox,en,botox,transparent
fr,boucanier,en,buccaneer,altered
fr,boucher,en,butcher,altered
fr,boucle,en,buckle,altered
fr,bouddha,en,buddha,altered
fr,bouddhisme,en,buddhism,altered
fr,bouddhiste,en,buddhist,transparent
fr,boudoir,en,boudoir,transparent
fr,bouffon,en,buffoon,altered
fr,boulevard,en,boulevard,transparent
fr,boulimie,en,bulimia,altered
fr,bouquet,en,bouquet,transparent
fr,bourbon,en,bourbon,transparent
fr,bourgeois,en,bourgeois,transparent
fr,bourgeoisie,en,bourgeoisie,transparent
fr,bourgeon,en,burgeon,transparent
fr,bourgogne,en,burgundy,altered
fr,boutique,en,boutique,transparent
fr,bouton,en,button,altered
fr,bouée,en,buoy,altered
fr,bovin,en,bovine,transparent
fr,boxeur,en,boxer,altered
fr,bracelet,en,bracelet,transparent
fr,bractée,en,bract,altered
fr,brand,en,brand,transparent
fr,brandy,en,brandy,transparent
fr,brasier,en,brazier,transparent
fr,brasserie,en,brewery,altered
fr,bravade,en,bravado,transparent
fr,brave,en,brave,transparent
fr,bravoure,en,bravery,altered
fr,bref,en,brief,altered
fr,breton,en,britons,altered
fr,breuvage,en,beverage,altered
fr,brexit,en,brexit,transparent
fr,bride,en,bridle,altered
fr,brie,en,brie,transparent
fr,brigade,en,brigade,transparent
fr,brigadier,en,brigadier,transparent
fr,brillamment,en,brilliantly,altered
fr,brillance,en,brilliance,transparent
fr,brillant,en,brilliant,transparent
fr,britannia,en,britannia,transparent
fr,britannique,en,british,altered
fr,brièveté,en,brevity,altered
fr,broadway,en,broadway,transparent
fr,brocart,en,brocade,altered
fr,broche,en,brooch,altered
fr,brochure,en,brochure,transparent
fr,brocoli,en,broccoli,transparent
fr,broder,en,embroider,altered
fr,bromure,en,bromide,altered
fr,bronchite,en,bronchitis,transparent
fr,bronze,en,bronze,transparent
fr,brunch,en,brunch,transparent
fr,brunet,en,brunette,transparent
fr,brunir,en,burnish,altered
fr,brutal,en,brutal,transparent
fr,brutalement,en,brutally,transparent
fr,brutaliser,en,brutalize,transparent
fr,brutalité,en,brutality,transparent
fr,brute,en,brute,transparent
fr,brèche,en,breach,altered
fr,brème,en,bream,altered
fr,bubonique,en,bubonic,transparent
fr,budget,en,budget,transparent
fr,buffer,en,buffer,transparent
fr,buffet,en,buffet,transparent
fr,bulldozer,en,bulldozer,transparent
fr,bulle,en,bubble,altered
fr,bulletin,en,bulletin,transparent
fr,bungalow,en,bungalow,transparent
fr,bungee,en,bungee,transparent
fr,bunker,en,bunker,transparent
fr,bureau,en,bureau,transparent
fr,bureaucrate,en,bureaucrat,transparent
fr,bureaucratie,en,bureaucracy,transparent
fr,bureaucratique,en,bureaucratic,transparent
fr,burka,en,burka,transparent
fr,burlesque,en,burlesque,transparent
fr,burst,en,burst,transparent
fr,butane,en,butane,transparent
fr,byron,en,byron,transparent
fr,byte,en,byte,transparent
fr,byzantin,en,byzantine,transparent
fr,bâtard,en,bastard,altered
fr,bâton,en,baton,altered
fr,bébé,en,baby,altered
fr,bédouin,en,bedouin,transparent
fr,béluga,en,beluga,transparent
fr,bénin,en,benign,transparent
fr,bénédictin,en,benedictine,altered
fr,bénéfice,en,benefit,transparent
fr,bénéficiaire,en,beneficiary,altered
fr,bénéfique,en,beneficial,altered
fr,béret,en,beret,transparent
fr,béryl,en,beryl,transparent
fr,béryllium,en,beryllium,transparent
fr,bêta,en,beta,altered
fr,bête,en,beast,altered
fr,cabane,en,cabana,altered
fr,cabaret,en,cabaret,transparent
fr,cabine,en,cabin,altered
fr,cabinet,en,cabinet,transparent
fr,cacao,en,cacao,transparent
fr,cacatoès,en,cockatoo,altered
fr,cache,en,cache,transparent
fr,cachemire,en,cashmere,transparent
fr,cacophonie,en,cacophony,transparent
fr,cactus,en,cactus,transparent
fr,cadavre,en,cadaver,altered
fr,cadence,en,cadence,transparent
fr,cadet,en,cadet,transparent
fr,cadmium,en,cadmium,transparent
fr,cadre,en,cadre,transparent
fr,café,en,coffee,altered
fr,caféine,en,caffeine,transparent
fr,cafétéria,en,cafeteria,transparent
fr,cage,en,cage,transparent
fr,caissier,en,cashier,transparent
fr,cajoler,en,cajole,transparent
fr,cal,en,callus,altered
fr,calamité,en,calamity,transparent
fr,calandre,en,calender,altered
fr,calcaire,en,calcareous,transparent
fr,calcite,en,calcite,transparent
fr,calcium,en,calcium,transparent
fr,calcul,en,calculation,altered
fr,calculatrice,en,calculator,transparent
fr,calculer,en,calculate,transparent
fr,caldeira,en,caldera,altered
fr,calendrier,en,calendar,altered
fr,calibrage,en,calibration,altered
fr,calibre,en,calibre,transparent
fr,calibrer,en,calibrate,altered
fr,califat,en,caliphate,transparent
fr,calife,en,calif,altered
fr,californie,en,california,altered
fr,californien,en,californian,transparent
fr,calme,en,calm,transparent
fr,calmement,en,calmly,transparent
fr,calorie,en,calorie,transparent
fr,calorique,en,caloric,transparent
fr,calumet,en,calumet,transparent
fr,calvaire,en,calvary,altered
fr,calviniste,en,calvinist,transparent
fr,calypso,en,calypso,transparent
fr,camarade,en,comrade,transparent
fr,camaraderie,en,camaraderie,transparent
fr,cambrien,en,cambrian,altered
fr,cameroun,en,cameroon,altered
fr,camomille,en,chamomile,transparent
fr,camouflage,en,camouflage,transparent
fr,camp,en,camp,transparent
fr,campagne,en,campaign,transparent
fr,camper,en,camper,transparent
fr,campus,en,campus,transparent
fr,camélia,en,camellia,transparent
fr,caméléon,en,chameleon,altered
fr,caméra,en,camera,transparent
fr,canada,en,canada,transparent
fr,canadien,en,canadians,transparent
fr,canal,en,channel,altered
fr,canari,en,canary,altered
fr,cancer,en,cancer,transparent
fr,cancéreux,en,cancerous,transparent
fr,candeur,en,candor,altered
fr,candidat,en,candidate,transparent
fr,candidature,en,candidacy,altered
fr,candide,en,candid,transparent
fr,canevas,en,canvas,altered
fr,canin,en,canine,transparent
fr,cannabis,en,cannabis,transparent
fr,canoe,en,canoe,transparent
fr,canon,en,canon,transparent
fr,canonique,en,canonical,altered
fr,canoniser,en,canonize,transparent
fr,cantate,en,cantata,transparent
fr,canter,en,canter,transparent
fr,cantine,en,canteen,transparent
fr,canton,en,canton,transparent
fr,canyon,en,canyon,transparent
fr,capable,en,capable,transparent
fr,capacitif,en,capacitive,transparent
fr,capacité,en,capacity,transparent
fr,capillaire,en,capillary,transparent
fr,capitaine,en,captain,altered
fr,capital,en,capital,transparent
fr,capitalisation,en,capitalization,transparent
fr,capitaliser,en,capitalize,transparent
fr,capitalisme,en,capitalism,transparent
fr,capitaliste,en,capitalist,transparent
fr,capitole,en,capitol,transparent
fr,capitulation,en,capitulation,transparent
fr,capituler,en,capitulate,transparent
fr,caporal,en,corporal,altered
fr,capote,en,capote,transparent
fr,cappuccino,en,cappuccino,transparent
fr,caprice,en,caprice,transparent
fr,capricieux,en,capricious,altered
fr,capsule,en,capsule,transparent
fr,capteur,en,captor,altered
fr,captif,en,captive,altered
fr,caption,en,caption,transparent
fr,captiver,en,captivate,altered
fr,captivité,en,captivity,transparent
fr,capture,en,capture,transparent
fr,carabine,en,carbine,altered
fr,caractère,en,character,altered
fr,caractérisation,en,characterization,transparent
fr,caractériser,en,characterize,transparent
fr,caractéristique,en,characteristic,transparent
fr,caramel,en,caramel,transparent
fr,caraméliser,en,caramelize,transparent
fr,carat,en,karat,transparent
fr,caravane,en,caravan,transparent
fr,carbone,en,carbon,altered
fr,carbonyle,en,carbonyl,transparent
fr,carburateur,en,carburetor,transparent
fr,carbure,en,carbide,altered
fr,carcasse,en,carcass,transparent
fr,carcinogène,en,carcinogen,transparent
fr,carcinome,en,carcinoma,altered
fr,cardamome,en,cardamom,altered
fr,cardiaque,en,cardiac,altered
fr,cardigan,en,cardigan,transparent
fr,cardinal,en,cardinal,transparent
fr,cardiologie,en,cardiology,transparent
fr,cardiovasculaire,en,cardiovascular,altered
fr,caresse,en,caress,transparent
fr,cargo,en,cargo,transparent
fr,caribou,en,caribou,transparent
fr,caricature,en,caricature,transparent
fr,carnage,en,carnage,transparent
fr,carnaval,en,carnival,transparent
fr,carnivore,en,carnivore,transparent
fr,carotide,en,carotid,altered
fr,carotène,en,carotene,transparent
fr,carpien,en,carpal,altered
fr,carrière,en,career,transparent
fr,carrousel,en,carousel,altered
fr,carte,en,carte,transparent
fr,cartel,en,cartel,transparent
fr,cartilage,en,cartilage,transparent
fr,cartographie,en,cartography,transparent
fr,carton,en,cartoon,transparent
fr,cartouche,en,cartridge,transparent
fr,cartésien,en,cartesian,transparent
fr,carène,en,carina,altered
fr,cas,en,case,transparent
fr,cascade,en,cascade,transparent
fr,case,en,casa,altered
fr,casino,en,casino,transparent
fr,casserole,en,casserole,transparent
fr,cassette,en,cassette,transparent
fr,caste,en,caste,transparent
fr,castor,en,castor,transparent
fr,castration,en,castration,transparent
fr,cataclysme,en,cataclysm,transparent
fr,catacombe,en,catacomb,transparent
fr,catalan,en,catalan,transparent
fr,catalogne,en,catalonia,altered
fr,catalogue,en,catalogue,transparent
fr,catalyse,en,catalysis,transparent
fr,catalyser,en,catalyze,transparent
fr,catalyseur,en,catalyst,transparent
fr,catalytique,en,catalytic,transparent
fr,catamaran,en,catamaran,transparent
fr,catapulte,en,catapult,transparent
fr,cataracte,en,cataract,transparent
fr,catastrophe,en,catastrophe,transparent
fr,catastrophique,en,catastrophic,transparent
fr,catharsis,en,catharsis,transparent
fr,cathartique,en,cathartic,altered
fr,cathode,en,cathode,transparent
fr,catholicisme,en,catholicism,transparent
fr,catholique,en,catholic,transparent
fr,cathédrale,en,cathedral,transparent
fr,cathéter,en,catheter,transparent
fr,catéchisme,en,catechism,transparent
fr,catégorie,en,category,transparent
fr,catégorique,en,categorical,altered
fr,catégorisation,en,categorization,transparent
fr,catégoriser,en,categorize,transparent
fr,caucase,en,caucasus,altered
fr,caudal,en,caudal,transparent
fr,causal,en,causal,transparent
fr,causalité,en,causality,transparent
fr,causation,en,causation,transparent
fr,cause,en,cause,transparent
fr,caustique,en,caustic,transparent
fr,cavalerie,en,cavalry,altered
fr,cave,en,cave,transparent
fr,caveat,en,caveat,transparent
fr,caverne,en,cavern,transparent
fr,caviar,en,caviar,transparent
fr,cavité,en,cavity,transparent
fr,caïman,en,cayman,transparent
fr,cellophane,en,cellophane,transparent
fr,cellulaire,en,cellular,transparent
fr,cellulite,en,cellulite,transparent
fr,cellulose,en,cellulose,transparent
fr,celluloïd,en,celluloid,transparent
fr,celsius,en,celsius,transparent
fr,celte,en,celtic,transparent
fr,censeur,en,censor,altered
fr,censure,en,censure,transparent
fr,census,en,census,transparent
fr,cent,en,cent,transparent
fr,centaure,en,centaur,transparent
fr,centenaire,en,centenary,transparent
fr,centimètre,en,centimeter,transparent
fr,central,en,central,transparent
fr,centralement,en,centrally,transparent
fr,centralisation,en,centralization,transparent
fr,centraliser,en,centralize,transparent
fr,centralité,en,centrality,transparent
fr,centre,en,center,altered
fr,centrifuge,en,centrifuge,transparent
fr,centrique,en,centric,altered
fr,centriste,en,centrist,transparent
fr,centurion,en,centurion,transparent
fr,cercle,en,circle,altered
fr,cerise,en,cherry,altered
fr,certain,en,certain,transparent
fr,certificat,en,certificate,transparent
fr,certification,en,certification,transparent
fr,certifier,en,certify,transparent
fr,certitude,en,certainty,altered
fr,cervelet,en,cerebellum,altered
fr,cervical,en,cervical,transparent
fr,cessation,en,cessation,transparent
fr,chacal,en,jackal,altered
fr,chagrin,en,chagrin,transparent
fr,chaise,en,chaise,transparent
fr,chakra,en,chakra,transparent
fr,chalet,en,chalet,transparent
fr,challenge,en,challenge,transparent
fr,chamane,en,shaman,altered
fr,chameau,en,camel,altered
fr,champagne,en,champagne,transparent
fr,champion,en,champion,transparent
fr,championnat,en,championship,altered
fr,chancelier,en,chancellor,transparent
fr,chancellerie,en,chancery,altered
fr,changer,en,changer,transparent
fr,chant,en,chant,transparent
fr,chantilly,en,chantilly,transparent
fr,chantre,en,cantor,altered
fr,chaos,en,chaos,transparent
fr,chaotique,en,chaotic,transparent
fr,chapelain,en,chaplain,altered
fr,chapelle,en,chapel,altered
fr,chaperon,en,chaperone,transparent
fr,chapitre,en,chapter,altered
fr,char,en,chariot,altered
fr,chard,en,chard,transparent
fr,chardonnay,en,chardonnay,transparent
fr,charia,en,sharia,altered
fr,charismatique,en,charismatic,transparent
fr,charisme,en,charisma,transparent
fr,charitable,en,charitable,transparent
fr,charité,en,charity,transparent
fr,charlatan,en,charlatan,transparent
fr,charles,en,charles,transparent
fr,charme,en,charm,transparent
fr,charmer,en,charmer,transparent
fr,charnel,en,carnal,altered
fr,charogne,en,carrion,altered
fr,charpenterie,en,carpentry,altered
fr,charpentier,en,carpenter,altered
fr,charter,en,charter,transparent
fr,chasseur,en,chaser,altered
fr,chaste,en,chaste,transparent
fr,chatel,en,chattel,altered
fr,chaï,en,chai,transparent
fr,cheddar,en,cheddar,transparent
fr,chef,en,chief,altered
fr,cheik,en,sheik,altered
fr,cheminée,en,chimney,altered
fr,chevalerie,en,chivalry,altered
fr,chevalier,en,chevalier,transparent
fr,chevron,en,chevron,transparent
fr,chez,en,chez,transparent
fr,chic,en,chic,transparent
fr,chien,en,chien,transparent
fr,chiffon,en,chiffon,transparent
fr,chiffre,en,cipher,altered
fr,chimiothérapie,en,chemotherapy,transparent
fr,chimique,en,chemical,transparent
fr,chimère,en,chimera,altered
fr,chinchilla,en,chinchilla,transparent
fr,chinois,en,chinese,altered
fr,chip,en,chip,transparent
fr,chiron,en,chiron,transparent
fr,chiropracteur,en,chiropractor,transparent
fr,chiropractie,en,chiropractic,transparent
fr,chirurgical,en,surgical,altered
fr,chirurgie,en,surgery,altered
fr,chlamydia,en,chlamydia,transparent
fr,chlore,en,chlorine,altered
fr,chloroforme,en,chloroform,transparent
fr,chlorophylle,en,chlorophyll,transparent
fr,chloroplaste,en,chloroplast,transparent
fr,chlorure,en,chloride,altered
fr,choc,en,shock,altered
fr,chocolat,en,chocolate,altered
fr,cholestérol,en,cholesterol,transparent
fr,choléra,en,cholera,altered
fr,choral,en,choral,transparent
fr,chorizo,en,chorizo,transparent
fr,chorégraphe,en,choreographer,altered
fr,chorégraphie,en,choreography,altered
fr,chorégraphier,en,choreograph,transparent
fr,choucroute,en,sauerkraut,altered
fr,christ,en,christ,transparent
fr,christianisme,en,christianity,transparent
fr,chromatine,en,chromatin,altered
fr,chromatique,en,chromatic,transparent
fr,chromatographie,en,chromatography,transparent
fr,chrome,en,chrome,transparent
fr,chromosome,en,chromosome,transparent
fr,chronique,en,chronic,altered
fr,chroniquement,en,chronically,transparent
fr,chrono,en,chrono,transparent
fr,chronologie,en,chronology,transparent
fr,chronologique,en,chronological,transparent
fr,chronologiquement,en,chronologically,transparent
fr,chrysalide,en,chrysalis,transparent
fr,chrysanthème,en,chrysanthemum,transparent
fr,chrétien,en,christian,altered
fr,chute,en,chute,transparent
fr,chutney,en,chutney,transparent
fr,chypriote,en,cypriot,altered
fr,châssis,en,chassis,altered
fr,château,en,castle,altered
fr,châtrer,en,castrate,altered
fr,chèque,en,cheque,transparent
fr,chéri,en,cherie,transparent
fr,chœur,en,chorus,altered
fr,ciao,en,ciao,transparent
fr,cigare,en,cigar,transparent
fr,cigarette,en,cigarette,transparent
fr,cil,en,cilium,altered
fr,ciment,en,cement,altered
fr,cimetière,en,cemetery,altered
fr,ciné,en,cine,transparent
fr,cinéma,en,cinema,transparent
fr,cinématique,en,cinematic,transparent
fr,cinématographie,en,cinematography,transparent
fr,cinétique,en,kinetics,altered
fr,circa,en,circa,transparent
fr,circadien,en,circadian,altered
fr,circoncire,en,circumcise,transparent
fr,circoncision,en,circumcision,transparent
fr,circonférence,en,circumference,transparent
fr,circonscrire,en,circumscribe,altered
fr,circonstance,en,circumstance,transparent
fr,circonvenir,en,circumvent,transparent
fr,circuit,en,circuit,transparent
fr,circulation,en,circulation,transparent
fr,circulatoire,en,circulatory,altered
fr,circuler,en,circulate,transparent
fr,cirque,en,circus,transparent
fr,cirrhose,en,cirrhosis,altered
fr,cirrus,en,cirrus,transparent
fr,ciseau,en,scissor,altered
fr,citadelle,en,citadel,transparent
fr,citation,en,citation,transparent
fr,citerne,en,cistern,altered
fr,citoyen,en,citizen,altered
fr,citrate,en,citrate,transparent
fr,citrique,en,citrus,altered
fr,cité,en,city,altered
fr,civil,en,civil,transparent
fr,civilisation,en,civilization,transparent
fr,civiliser,en,civilize,transparent
fr,civilité,en,civility,transparent
fr,civique,en,civic,transparent
fr,clair,en,clair,transparent
fr,claire,en,clara,altered
fr,clairvoyant,en,clairvoyant,transparent
fr,clameur,en,clamor,altered
fr,clan,en,clan,transparent
fr,clandestin,en,clandestine,transparent
fr,clarification,en,clarification,transparent
fr,clarifier,en,clarify,transparent
fr,clarinette,en,clarinet,altered
fr,clarion,en,clarion,transparent
fr,clarté,en,clarity,altered
fr,classe,en,class,transparent
fr,classer,en,classify,altered
fr,classification,en,classification,transparent
fr,classifier,en,classify,transparent
fr,classique,en,classic,transparent
fr,classiquement,en,classically,altered
fr,clause,en,clause,transparent
fr,claustrophobe,en,claustrophobic,transparent
fr,clean,en,clean,transparent
fr,clerc,en,cleric,altered
fr,clergé,en,clergy,transparent
fr,cliché,en,cliché,transparent
fr,clickbait,en,clickbait,transparent
fr,client,en,client,transparent
fr,clientèle,en,clientele,transparent
fr,cliffhanger,en,cliffhanger,transparent
fr,climat,en,climate,transparent
fr,climatique,en,climatic,transparent
fr,climax,en,climax,transparent
fr,clinicien,en,clinician,altered
fr,clinique,en,clinical,altered
fr,clip,en,clip,transparent
fr,clique,en,clique,transparent
fr,clitoris,en,clitoris,transparent
fr,clone,en,clone,transparent
fr,cloître,en,cloister,altered
fr,club,en,club,transparent
fr,clémence,en,clemency,transparent
fr,clément,en,clement,transparent
fr,clémentine,en,clementine,transparent
fr,clérical,en,clerical,altered
fr,coach,en,coach,transparent
fr,coagulation,en,coagulation,transparent
fr,coalescence,en,coalesce,altered
fr,coalition,en,coalition,transparent
fr,coauteur,en,coauthor,transparent
fr,coaxial,en,coaxial,transparent
fr,cobalt,en,cobalt,transparent
fr,cobra,en,cobra,transparent
fr,cocaïne,en,cocaine,transparent
fr,cochléaire,en,cochlear,altered
fr,cocker,en,cocker,transparent
fr,coco,en,coconut,altered
fr,cocon,en,cocoon,transparent
fr,coda,en,coda,transparent
fr,code,en,code,transparent
fr,codec,en,codec,transparent
fr,codex,en,codex,transparent
fr,codon,en,codon,transparent
fr,codéine,en,codeine,transparent
fr,coefficient,en,coefficient,transparent
fr,coercitif,en,coercive,transparent
fr,coercition,en,coercion,transparent
fr,coexistence,en,coexistence,transparent
fr,coexister,en,coexist,transparent
fr,coffre,en,coffin,altered
fr,cogent,en,cogent,transparent
fr,cognac,en,cognac,transparent
fr,cognat,en,cognate,altered
fr,cognitif,en,cognitive,altered
fr,cognition,en,cognition,transparent
fr,cohabitation,en,cohabitation,transparent
fr,cohorte,en,cohort,transparent
fr,cohérence,en,coherence,transparent
fr,cohésif,en,cohesive,transparent
fr,cohésion,en,cohesion,transparent
fr,coi,en,coy,transparent
fr,colique,en,colic,altered
fr,colite,en,colitis,altered
fr,collaborateur,en,collaborator,transparent
fr,collaboratif,en,collaborative,transparent
fr,collaboration,en,collaboration,transparent
fr,collaborer,en,collaborate,transparent
fr,collage,en,collage,transparent
fr,collagène,en,collagen,transparent
fr,collation,en,collation,transparent
fr,collatéral,en,collateral,transparent
fr,collecter,en,collect,transparent
fr,collecteur,en,collector,transparent
fr,collectif,en,collective,transparent
fr,collection,en,collection,transparent
fr,collectivement,en,collectively,transparent
fr,collision,en,collision,transparent
fr,collisionneur,en,collider,altered
fr,colloque,en,colloquium,transparent
fr,collusion,en,collusion,transparent
fr,collègue,en,colleague,transparent
fr,colombien,en,colombian,transparent
fr,colonel,en,colonel,transparent
fr,colonial,en,colonial,transparent
fr,colonialisme,en,colonialism,transparent
fr,colonialiste,en,colonialist,transparent
fr,colonie,en,colony,transparent
fr,colonisateur,en,colonizer,transparent
fr,colonisation,en,colonization,transparent
fr,coloniser,en,colonize,altered
fr,colonne,en,column,transparent
fr,coloration,en,coloration,transparent
fr,colorectal,en,colorectal,transparent
fr,colossal,en,colossal,transparent
fr,colosse,en,colossus,transparent
fr,colosseum,en,colosseum,transparent
fr,coma,en,coma,transparent
fr,comateux,en,comatose,altered
fr,combat,en,combat,transparent
fr,combattant,en,combatant,transparent
fr,combinaison,en,combination,transparent
fr,combiner,en,combine,transparent
fr,combustible,en,combustible,transparent
fr,combustion,en,combustion,transparent
fr,comique,en,comic,transparent
fr,comiquement,en,comically,altered
fr,comité,en,committee,transparent
fr,commandant,en,commander,transparent
fr,commande,en,command,altered
fr,commandement,en,commandment,transparent
fr,commando,en,commando,transparent
fr,commencement,en,commencement,transparent
fr,commencer,en,commence,altered
fr,commentaire,en,comment,altered
fr,commentateur,en,commentator,transparent
fr,commerce,en,commerce,transparent
fr,commercial,en,commercial,transparent
fr,commercialement,en,commercially,transparent
fr,commercialisable,en,marketable,altered
fr,commercialisation,en,commercialization,transparent
fr,commercialiser,en,commercialize,transparent
fr,commettre,en,commit,transparent
fr,commissaire,en,commissary,altered
fr,commission,en,commission,transparent
fr,commodité,en,commodity,altered
fr,commotion,en,commotion,transparent
fr,commuer,en,commute,transparent
fr,communal,en,communal,transparent
fr,communauté,en,community,altered
fr,commune,en,commune,transparent
fr,communicable,en,communicable,transparent
fr,communicateur,en,communicator,transparent
fr,communicatif,en,communicative,altered
fr,communication,en,communication,transparent
fr,communion,en,communion,transparent
fr,communiquer,en,communicate,transparent
fr,communiqué,en,communique,transparent
fr,communisme,en,communism,transparent
fr,communiste,en,communist,transparent
fr,commémoratif,en,commemorative,altered
fr,commémoration,en,commemoration,transparent
fr,commémorer,en,commemorate,altered
fr,compact,en,compact,transparent
fr,compagnie,en,company,transparent
fr,compagnon,en,companion,altered
fr,comparable,en,comparable,transparent
fr,comparaison,en,comparison,transparent
fr,comparateur,en,comparator,transparent
fr,comparatif,en,comparative,altered
fr,comparativement,en,comparatively,altered
fr,comparer,en,compare,transparent
fr,compartiment,en,compartment,transparent
fr,compassion,en,compassion,transparent
fr,compatibilité,en,compatibility,transparent
fr,compatible,en,compatible,transparent
fr,compatissant,en,compassionate,altered
fr,compatriote,en,compatriot,transparent
fr,compendium,en,compendium,transparent
fr,compensation,en,compensation,transparent
fr,compensatoire,en,compensatory,transparent
fr,compenser,en,compensate,transparent
fr,compilateur,en,compiler,transparent
fr,compilation,en,compilation,transparent
fr,compiler,en,compile,transparent
fr,complaisance,en,complacency,altered
fr,complet,en,complete,altered
fr,complexe,en,complex,transparent
fr,complexion,en,complexion,transparent
fr,complexité,en,complexity,transparent
fr,compliance,en,compliance,transparent
fr,complication,en,complication,transparent
fr,complice,en,accomplice,altered
fr,complicité,en,complicity,transparent
fr,compliquer,en,complicate,transparent
fr,complément,en,complement,transparent
fr,complémentaire,en,complementary,transparent
fr,composant,en,component,altered
fr,composer,en,compose,transparent
fr,compositeur,en,composer,altered
fr,composition,en,composition,transparent
fr,compost,en,compost,transparent
fr,composé,en,compound,transparent
fr,comprendre,en,comprehend,transparent
fr,compresseur,en,compressor,altered
fr,compressif,en,compressive,altered
fr,compression,en,compression,transparent
fr,compromis,en,compromise,transparent
fr,compréhensible,en,comprehensible,transparent
fr,compréhension,en,comprehension,transparent
fr,compter,en,compute,altered
fr,compteur,en,counter,altered
fr,compulsif,en,compulsive,transparent
fr,compulsion,en,compulsion,transparent
fr,computation,en,computation,transparent
fr,compétence,en,competence,transparent
fr,compétent,en,competent,transparent
fr,compétiteur,en,competitor,altered
fr,compétitif,en,competitive,altered
fr,compétition,en,competition,transparent
fr,compétitivité,en,competitiveness,transparent
fr,comète,en,comet,transparent
fr,comédie,en,comedy,transparent
fr,comédien,en,comedian,altered
fr,concave,en,concave,transparent
fr,concentration,en,concentration,transparent
fr,concentrer,en,concentrate,transparent
fr,concentrique,en,concentric,transparent
fr,concept,en,concept,transparent
fr,conception,en,conception,transparent
fr,conceptualiser,en,conceptualize,transparent
fr,conceptuel,en,conceptual,transparent
fr,concerner,en,concern,altered
fr,concert,en,concert,transparent
fr,concerto,en,concerto,transparent
fr,concerté,en,concerted,transparent
fr,concession,en,concession,transparent
fr,concevable,en,conceivable,transparent
fr,concevoir,en,conceive,transparent
fr,concierge,en,concierge,transparent
fr,conciliation,en,conciliation,transparent
fr,concis,en,concise,transparent
fr,conclave,en,conclave,transparent
fr,concluant,en,conclusive,altered
fr,conclure,en,conclude,altered
fr,conclusion,en,conclusion,transparent
fr,concocter,en,concoct,transparent
fr,concoction,en,concoction,transparent
fr,concombre,en,cucumber,altered
fr,concomitant,en,concomitant,transparent
fr,concourir,en,concur,altered
fr,concours,en,concourse,altered
fr,concret,en,concrete,transparent
fr,concubin,en,concubine,transparent
fr,concurrence,en,concurrence,transparent
fr,concurrent,en,concurrent,transparent
fr,concussion,en,concussion,transparent
fr,concéder,en,concede,transparent
fr,condamnation,en,condemnation,transparent
fr,condamner,en,condemn,transparent
fr,condensat,en,condensate,transparent
fr,condensation,en,condensation,transparent
fr,condenser,en,condense,transparent
fr,condenseur,en,condenser,transparent
fr,condescendance,en,condescension,transparent
fr,condiment,en,condiment,transparent
fr,condition,en,condition,transparent
fr,conditionnel,en,conditional,transparent
fr,conditionneur,en,conditioner,altered
fr,condoléances,en,condolence,transparent
fr,condom,en,condom,transparent
fr,condominium,en,condominium,transparent
fr,condor,en,condor,transparent
fr,conducteur,en,conductor,transparent
fr,conduction,en,conduction,transparent
fr,conductivité,en,conductivity,transparent
fr,conduit,en,conduit,transparent
fr,conduite,en,conduct,altered
fr,confection,en,confection,transparent
fr,confesser,en,confess,transparent
fr,confesseur,en,confessor,transparent
fr,confession,en,confession,transparent
fr,confessionnel,en,confessional,transparent
fr,confetti,en,confetti,transparent
fr,confiance,en,confidence,altered
fr,confiant,en,confident,transparent
fr,confident,en,confidante,transparent
fr,confidentialité,en,confidentiality,transparent
fr,confidentiel,en,confidential,transparent
fr,confier,en,confide,altered
fr,configuration,en,configuration,transparent
fr,configurer,en,configure,transparent
fr,confiner,en,confine,transparent
fr,confirmation,en,confirmation,transparent
fr,confirmer,en,confirm,transparent
fr,confiscation,en,confiscation,transparent
fr,confiserie,en,confectionery,transparent
fr,confisquer,en,confiscate,altered
fr,conflagration,en,conflagration,transparent
fr,conflit,en,conflict,altered
fr,confluence,en,confluence,transparent
fr,confondre,en,confuse,altered
fr,conformation,en,conformation,transparent
fr,conformer,en,conform,transparent
fr,conformiste,en,conformist,transparent
fr,conformité,en,conformity,transparent
fr,confort,en,comfort,transparent
fr,confortable,en,comfortable,altered
fr,confrontation,en,confront,altered
fr,confusion,en,confusion,transparent
fr,confédération,en,confederation,transparent
fr,confédéré,en,confederate,altered
fr,conférence,en,conference,transparent
fr,conférer,en,confer,altered
fr,conga,en,conga,transparent
fr,congestion,en,congestion,transparent
fr,conglomérat,en,conglomerate,altered
fr,congratulation,en,congratulation,transparent
fr,congratuler,en,congratulate,transparent
fr,congrès,en,congress,transparent
fr,congrégation,en,congregation,transparent
fr,congénital,en,congenital,transparent
fr,conifère,en,conifer,altered
fr,conique,en,conical,transparent
fr,conjecture,en,conjecture,transparent
fr,conjonction,en,conjunction,transparent
fr,conjugaison,en,conjugation,transparent
fr,conjugal,en,conjugal,transparent
fr,conjuguer,en,conjugate,transparent
fr,conjurer,en,conjure,transparent
fr,connaissance,en,acquaintance,altered
fr,connaisseur,en,connoisseur,transparent
fr,connecter,en,connect,transparent
fr,connecteur,en,connector,transparent
fr,connectivité,en,connectivity,transparent
fr,connexion,en,connection,transparent
fr,connotation,en,connotation,transparent
fr,conquistador,en,conquistador,transparent
fr,conquérant,en,conqueror,altered
fr,conquérir,en,conquer,altered
fr,conquête,en,conquest,altered
fr,consacrer,en,consecrate,altered
fr,conscience,en,consciousness,transparent
fr,consciencieux,en,conscientious,transparent
fr,conscient,en,conscious,transparent
fr,conscription,en,conscription,transparent
fr,conscrit,en,conscript,altered
fr,conseiller,en,counselor,altered
fr,consensuel,en,consensual,transparent
fr,consensus,en,consensus,transparent
fr,consentement,en,consent,transparent
fr,conservateur,en,conservative,transparent
fr,conservation,en,conservation,transparent
fr,conservatoire,en,conservatory,altered
fr,conserver,en,conserve,transparent
fr,considérable,en,considerable,transparent
fr,considérablement,en,considerably,transparent
fr,considération,en,consideration,transparent
fr,considérer,en,consider,transparent
fr,consigner,en,consign,transparent
fr,consistance,en,consistency,altered
fr,consister,en,consist,altered
fr,consolation,en,consolation,transparent
fr,console,en,console,transparent
fr,consolidation,en,consolidation,transparent
fr,consolider,en,consolidate,transparent
fr,consommable,en,consumable,transparent
fr,consommateur,en,consumer,altered
fr,consommation,en,consumption,altered
fr,consommer,en,consume,altered
fr,consommé,en,consummate,altered
fr,consonne,en,consonant,altered
fr,consort,en,consort,transparent
fr,consortium,en,consortium,transparent
fr,conspirateur,en,conspirator,transparent
fr,conspiration,en,conspiracy,altered
fr,conspirer,en,conspire,transparent
fr,constamment,en,constantly,transparent
fr,constant,en,constant,transparent
fr,constellation,en,constellation,transparent
fr,consternation,en,consternation,transparent
fr,constituant,en,constituent,transparent
fr,constituer,en,constitute,transparent
fr,constitution,en,constitution,transparent
fr,constitutionnalité,en,constitutionality,transparent
fr,constitutionnel,en,constitutional,transparent
fr,constructeur,en,constructor,transparent
fr,constructif,en,constructive,transparent
fr,construction,en,construction,transparent
fr,constructivement,en,constructively,transparent
fr,construire,en,construct,altered
fr,consul,en,consul,transparent
fr,consulaire,en,consular,transparent
fr,consulat,en,consulate,altered
fr,consultance,en,consultancy,altered
fr,consultant,en,consultant,transparent
fr,consultatif,en,consultative,transparent
fr,consultation,en,consultation,transparent
fr,consulter,en,consult,altered
fr,consumérisme,en,consumerism,transparent
fr,consécration,en,consecration,transparent
fr,consécutif,en,consecutive,transparent
fr,consécutivement,en,consecutively,altered
fr,conséquemment,en,consequently,transparent
fr,conséquence,en,consequence,transparent
fr,conséquent,en,consequent,transparent
fr,contact,en,contact,transparent
fr,contagieux,en,contagious,transparent
fr,contagion,en,contagion,transparent
fr,contaminant,en,contaminant,transparent
fr,contamination,en,contamination,transparent
fr,contaminer,en,contaminate,transparent
fr,contemplatif,en,contemplative,transparent
fr,contemplation,en,contemplation,transparent
fr,contempler,en,contemplate,transparent
fr,contemporain,en,contemporary,altered
fr,conteneur,en,container,transparent
fr,contenir,en,contain,transparent
fr,contentieux,en,contentious,altered
fr,contention,en,contention,transparent
fr,contenu,en,content,transparent
fr,contestant,en,contestant,transparent
fr,contexte,en,context,transparent
fr,contigu,en,contiguous,altered
fr,continent,en,continent,transparent
fr,continental,en,continental,transparent
fr,contingence,en,contingency,altered
fr,contingent,en,contingent,transparent
fr,continu,en,continuous,transparent
fr,continuation,en,continuation,transparent
fr,continuel,en,continually,altered
fr,continuellement,en,continuously,transparent
fr,continuer,en,continue,transparent
fr,continuité,en,continuity,transparent
fr,continuum,en,continuum,transparent
fr,contorsion,en,contort,altered
fr,contour,en,contour,transparent
fr,contraceptif,en,contraceptive,transparent
fr,contraception,en,contraception,transparent
fr,contraction,en,contraction,transparent
fr,contractuel,en,contractual,transparent
fr,contradiction,en,contradiction,transparent
fr,contradictoire,en,contradictory,transparent
fr,contraindre,en,constrain,altered
fr,contrainte,en,constraint,altered
fr,contraire,en,contrary,transparent
fr,contraste,en,contrast,transparent
fr,contrat,en,contract,transparent
fr,contravention,en,contravention,transparent
fr,contre,en,contra,altered
fr,contrebalancer,en,counterbalance,altered
fr,contrebande,en,contraband,altered
fr,contrecarrer,en,counteract,altered
fr,contredire,en,contradict,altered
fr,contrepartie,en,counterpart,altered
fr,contrepoint,en,counterpoint,transparent
fr,contreproductif,en,counterproductive,transparent
fr,contribuer,en,contribute,transparent
fr,contributeur,en,contributor,transparent
fr,contributif,en,contributory,transparent
fr,contribution,en,contribution,transparent
fr,contrition,en,contrition,transparent
fr,controverse,en,controversy,altered
fr,controversé,en,controversial,transparent
fr,contrôlable,en,controllable,altered
fr,contrôle,en,control,transparent
fr,contrôleur,en,controller,altered
fr,contusion,en,contusion,transparent
fr,convaincre,en,convince,altered
fr,convalescent,en,convalescent,transparent
fr,convection,en,convection,transparent
fr,convenable,en,convenient,altered
fr,convenablement,en,conveniently,altered
fr,convenance,en,convenience,altered
fr,convenir,en,convene,altered
fr,convention,en,convention,transparent
fr,conventionnel,en,conventional,transparent
fr,conventionnellement,en,conventionally,transparent
fr,convergence,en,convergence,transparent
fr,convergent,en,convergent,transparent
fr,converger,en,converge,transparent
fr,conversation,en,conversation,transparent
fr,conversationnel,en,conversational,transparent
fr,converser,en,converse,transparent
fr,conversion,en,conversion,transparent
fr,convertible,en,convertible,transparent
fr,convertir,en,convert,transparent
fr,convertisseur,en,converter,transparent
fr,convexe,en,convex,altered
fr,conviction,en,conviction,transparent
fr,convocation,en,convocation,transparent
fr,convoi,en,convoy,transparent
fr,convoiter,en,covet,altered
fr,convoyer,en,convey,altered
fr,convulser,en,convulse,altered
fr,convulsion,en,convulsion,transparent
fr,coopératif,en,cooperative,altered
fr,coopération,en,cooperation,transparent
fr,coopérer,en,cooperate,transparent
fr,coordinateur,en,coordinator,transparent
fr,coordination,en,coordination,transparent
fr,coordonner,en,coordinate,altered
fr,copie,en,copy,altered
fr,copier,en,copier,transparent
fr,copieux,en,copious,transparent
fr,copolymère,en,copolymer,altered
fr,copte,en,coptic,altered
fr,copyright,en,copyright,transparent
fr,corail,en,coral,altered
fr,coran,en,quran,altered
fr,corde,en,cord,altered
fr,cordial,en,cordial,transparent
fr,cordon,en,cordon,transparent
fr,corinthe,en,currant,altered
fr,corinthien,en,corinthian,transparent
fr,cormoran,en,cormorant,transparent
fr,cornet,en,cornet,transparent
fr,corniche,en,cornice,altered
fr,cornéen,en,corneal,altered
fr,corollaire,en,corollary,transparent
fr,corolle,en,corolla,altered
fr,coronal,en,coronal,transparent
fr,coronavirus,en,coronavirus,transparent
fr,corporatif,en,corporate,altered
fr,corporation,en,corporation,transparent
fr,corporel,en,corporeal,transparent
fr,corps,en,corps,altered
fr,corpus,en,corpus,transparent
fr,correct,en,correct,transparent
fr,correctement,en,correctly,transparent
fr,correctif,en,corrective,transparent
fr,correction,en,correction,transparent
fr,correctionnel,en,correctional,altered
fr,correspondance,en,correspondence,transparent
fr,correspondant,en,correspondent,transparent
fr,correspondre,en,correspond,transparent
fr,corridor,en,corridor,transparent
fr,corroboration,en,corroboration,transparent
fr,corroborer,en,corroborate,transparent
fr,corroder,en,corrode,transparent
fr,corrompu,en,corrupt,altered
fr,corrosif,en,corrosive,transparent
fr,corrosion,en,corrosion,transparent
fr,corruption,en,corruption,transparent
fr,corrélation,en,correlation,transparent
fr,corréler,en,correlate,transparent
fr,corsaire,en,corsair,transparent
fr,corset,en,corset,transparent
fr,cortex,en,cortex,transparent
fr,cortical,en,cortical,transparent
fr,cortisol,en,cortisol,transparent
fr,corvette,en,corvette,transparent
fr,coréen,en,korean,altered
fr,cosaque,en,cossacks,altered
fr,cosmique,en,cosmic,transparent
fr,cosmologie,en,cosmology,transparent
fr,cosmologique,en,cosmological,transparent
fr,cosmonaute,en,cosmonaut,transparent
fr,cosmopolite,en,cosmopolitan,altered
fr,cosmos,en,cosmos,transparent
fr,cosmétique,en,cosmetic,transparent
fr,cosplay,en,cosplay,transparent
fr,costume,en,costume,transparent
fr,cotation,en,quotation,altered
fr,coton,en,cotton,altered
fr,cottage,en,cottage,transparent
fr,couard,en,coward,altered
fr,couardise,en,cowardice,altered
fr,couleur,en,color,altered
fr,coup,en,coup,transparent
fr,coupable,en,culpable,altered
fr,couplage,en,coupling,altered
fr,couple,en,couple,transparent
fr,couplet,en,couplet,transparent
fr,coupleur,en,coupler,transparent
fr,coupole,en,cupola,altered
fr,coupon,en,coupon,transparent
fr,cour,en,court,altered
fr,courage,en,courage,transparent
fr,courant,en,current,altered
fr,courbe,en,curve,altered
fr,courbure,en,curvature,altered
fr,couronne,en,crown,altered
fr,couronnement,en,coronation,altered
fr,courrier,en,courier,transparent
fr,cours,en,course,transparent
fr,courtine,en,curtain,altered
fr,courtisan,en,courtier,altered
fr,courtisane,en,courtesan,transparent
fr,courtois,en,courteous,altered
fr,courtoisie,en,courtesy,altered
fr,couscous,en,couscous,transparent
fr,cousin,en,cousin,transparent
fr,coutelas,en,cutlass,altered
fr,coutelier,en,cutler,altered
fr,couture,en,couture,transparent
fr,couvent,en,convent,altered
fr,couverture,en,coverage,altered
fr,covariance,en,covariance,transparent
fr,covid,en,covid,transparent
fr,coïncidence,en,coincidence,transparent
fr,coïncider,en,coincide,transparent
fr,coût,en,cost,altered
fr,cramoisi,en,crimson,altered
fr,cratère,en,crater,altered
fr,crayon,en,crayon,transparent
fr,credo,en,credo,transparent
fr,crescendo,en,crescendo,transparent
fr,crevasse,en,crevice,altered
fr,cricket,en,cricket,transparent
fr,crime,en,crime,transparent
fr,criminaliser,en,criminalize,transparent
fr,criminalité,en,criminality,transparent
fr,criminel,en,criminal,transparent
fr,criminellement,en,criminally,transparent
fr,criminologie,en,criminology,transparent
fr,crise,en,crisis,altered
fr,cristal,en,crystal,transparent
fr,cristallin,en,crystalline,transparent
fr,cristalliser,en,crystallize,transparent
fr,cristallographie,en,crystallography,altered
fr,criticisme,en,criticism,transparent
fr,critique,en,critical,transparent
fr,critiquer,en,criticize,altered
fr,critère,en,criterion,altered
fr,croc,en,croc,transparent
fr,crocodile,en,crocodile,transparent
fr,crocus,en,crocus,transparent
fr,croisade,en,crusade,altered
fr,croisière,en,cruise,altered
fr,croissant,en,crescent,altered
fr,croisé,en,crusader,altered
fr,croix,en,crux,altered
fr,croquet,en,croquet,transparent
fr,croûton,en,crouton,transparent
fr,cruauté,en,cruelty,altered
fr,crucial,en,crucial,transparent
fr,crucifier,en,crucify,transparent
fr,crucifix,en,crucifix,transparent
fr,crucifixion,en,crucifixion,transparent
fr,cruel,en,cruel,transparent
fr,cruellement,en,cruelly,transparent
fr,crustacé,en,crustacean,altered
fr,cryogénique,en,cryogenic,transparent
fr,crypte,en,crypt,transparent
fr,crypto,en,crypto,transparent
fr,cryptographie,en,cryptography,transparent
fr,cryptographique,en,cryptographic,altered
fr,cryptomonnaie,en,cryptocurrency,altered
fr,crâne,en,cranium,altered
fr,crânien,en,cranial,altered
fr,crème,en,cream,altered
fr,créateur,en,creator,altered
fr,créatif,en,creative,transparent
fr,créatine,en,creatine,transparent
fr,création,en,creation,transparent
fr,créationnisme,en,creationism,transparent
fr,créationniste,en,creationist,transparent
fr,créativement,en,creatively,transparent
fr,créativité,en,creativity,transparent
fr,créature,en,creature,transparent
fr,crédibilité,en,credibility,transparent
fr,crédible,en,credible,transparent
fr,crédit,en,credit,transparent
fr,créditeur,en,creditor,transparent
fr,créer,en,create,transparent
fr,crémation,en,cremation,transparent
fr,crématorium,en,crematorium,transparent
fr,créole,en,creole,transparent
fr,crétacé,en,cretaceous,transparent
fr,crétin,en,cretin,transparent
fr,crêpe,en,crepe,altered
fr,crête,en,crest,altered
fr,cubain,en,cuban,transparent
fr,cube,en,cube,transparent
fr,cubique,en,cubic,altered
fr,cuisine,en,cuisine,transparent
fr,culinaire,en,culinary,transparent
fr,culmination,en,culmination,transparent
fr,culminer,en,culminate,altered
fr,culpabilité,en,culpability,transparent
fr,culte,en,cult,altered
fr,cultivateur,en,cultivator,transparent
fr,cultivation,en,cultivation,transparent
fr,cultiver,en,cultivate,transparent
fr,culture,en,culture,transparent
fr,culturel,en,cultural,transparent
fr,culturellement,en,culturally,transparent
fr,cumin,en,cummin,altered
fr,cumulatif,en,cumulative,transparent
fr,curable,en,curable,transparent
fr,curateur,en,curator,transparent
fr,curatif,en,curative,altered
fr,curation,en,curation,transparent
fr,curie,en,curia,altered
fr,curieux,en,curious,transparent
fr,curio,en,curio,transparent
fr,curiosité,en,curiosity,transparent
fr,curriculum,en,curriculum,transparent
fr,curseur,en,cursor,altered
fr,cursif,en,cursive,transparent
fr,custode,en,custodian,altered
fr,customiser,en,customize,transparent
fr,cutané,en,cutaneous,transparent
fr,cuticule,en,cuticle,transparent
fr,cyan,en,cyan,transparent
fr,cyanure,en,cyanide,altered
fr,cyber,en,cyber,transparent
fr,cyberattaque,en,cyberattack,transparent
fr,cyberespace,en,cyberspace,transparent
fr,cybernétique,en,cybernetic,transparent
fr,cyberpunk,en,cyberpunk,transparent
fr,cyborg,en,cyborg,transparent
fr,cycle,en,cycle,transparent
fr,cyclique,en,cyclic,transparent
fr,cycliste,en,cyclist,transparent
fr,cyclone,en,cyclone,transparent
fr,cyclope,en,cyclops,transparent
fr,cylindre,en,cylinder,altered
fr,cylindrique,en,cylindrical,transparent
fr,cymbale,en,cymbal,transparent
fr,cynique,en,cynical,transparent
fr,cynisme,en,cynicism,transparent
fr,cyprès,en,cypress,altered
fr,cyrillique,en,cyrillic,altered
fr,cystéine,en,cysteine,transparent
fr,cytochrome,en,cytochrome,transparent
fr,cytokine,en,cytokine,transparent
fr,cytoplasme,en,cytoplasm,altered
fr,câble,en,cable,transparent
fr,cèdre,en,cedar,altered
fr,céder,en,cede,altered
fr,céleste,en,celestial,altered
fr,célibat,en,celibacy,transparent
fr,célibataire,en,celibate,altered
fr,célébration,en,celebration,transparent
fr,célébrer,en,celebrate,transparent
fr,célébrité,en,celebrity,transparent
fr,cénotaphe,en,cenotaph,transparent
fr,céramique,en,ceramic,altered
fr,céréale,en,cereal,transparent
fr,cérébral,en,cerebral,transparent
fr,cérémonial,en,ceremonial,transparent
fr,cérémonie,en,ceremony,transparent
fr,césar,en,césar,transparent
fr,césarienne,en,caesarean,altered
fr,cétone,en,keto,altered
fr,côlon,en,colon,transparent
fr,cône,en,cone,altered
fr,côte,en,coast,altered
fr,cœliaque,en,celiac,altered
fr,dalmatien,en,dalmatian,altered
fr,dame,en,dame,transparent
fr,damnation,en,damnation,transparent
fr,damner,en,damn,altered
fr,danger,en,danger,transparent
fr,dangereux,en,dangerous,transparent
fr,danse,en,dance,altered
fr,danseur,en,dancer,altered
fr,darwinien,en,darwinian,transparent
fr,darwinisme,en,darwinism,altered
fr,database,en,database,transparent
fr,date,en,date,transparent
fr,dauphin,en,dolphin,altered
fr,deadline,en,deadline,transparent
fr,degré,en,degree,altered
fr,delta,en,delta,transparent
fr,deluxe,en,deluxe,transparent
fr,demi,en,demi,transparent
fr,demoiselle,en,damsel,altered
fr,dengue,en,dengue,transparent
fr,denier,en,denier,transparent
fr,denim,en,denim,transparent
fr,dense,en,dense,transparent
fr,densité,en,density,transparent
fr,dental,en,dental,transparent
fr,dentiste,en,dentist,transparent
fr,denture,en,denture,transparent
fr,dermatite,en,dermatitis,altered
fr,dermatologie,en,dermatology,transparent
fr,dermatologue,en,dermatologist,transparent
fr,dervis,en,dervish,altered
fr,descendant,en,descendant,transparent
fr,descendre,en,descend,altered
fr,descente,en,descent,altered
fr,descripteur,en,descriptor,altered
fr,descriptif,en,descriptive,altered
fr,description,en,description,transparent
fr,designer,en,designer,transparent
fr,despote,en,despot,transparent
fr,dessalement,en,desalination,altered
fr,dessert,en,dessert,transparent
fr,destination,en,destination,transparent
fr,destiner,en,destine,transparent
fr,destiné,en,destiny,altered
fr,destituer,en,destitute,transparent
fr,destructeur,en,destroyer,altered
fr,destructif,en,destructive,transparent
fr,destruction,en,destruction,transparent
fr,deutérium,en,deuterium,transparent
fr,deutéronome,en,deuteronomy,altered
fr,deviser,en,devise,altered
fr,dextérité,en,dexterity,transparent
fr,dharma,en,dharma,transparent
fr,diabolique,en,diabolical,transparent
fr,diabète,en,diabetes,altered
fr,diabétique,en,diabetic,transparent
fr,diacre,en,deacon,altered
fr,diagnostic,en,diagnosis,altered
fr,diagnostique,en,diagnostics,transparent
fr,diagnostiquer,en,diagnose,altered
fr,diagonal,en,diagonal,transparent
fr,diagonalement,en,diagonally,transparent
fr,diagramme,en,diagram,transparent
fr,dialecte,en,dialect,transparent
fr,dialectique,en,dialectic,transparent
fr,dialogue,en,dialogue,transparent
fr,dialyse,en,dialysis,altered
fr,diamant,en,diamond,altered
fr,diamètre,en,diameter,altered
fr,diaphragme,en,diaphragm,transparent
fr,diarrhée,en,diarrhea,transparent
fr,diaspora,en,diaspora,transparent
fr,diatribe,en,diatribe,transparent
fr,diazépam,en,diazepam,transparent
fr,dictateur,en,dictator,transparent
fr,dictatorial,en,dictatorial,transparent
fr,dictature,en,dictatorship,transparent
fr,dicter,en,dictate,transparent
fr,diction,en,diction,transparent
fr,dictionnaire,en,dictionary,transparent
fr,dictum,en,dictum,transparent
fr,didactique,en,didactic,transparent
fr,diesel,en,diesel,transparent
fr,diffamatoire,en,defamatory,altered
fr,diffamer,en,defame,altered
fr,difficile,en,difficult,transparent
fr,difficulté,en,difficulty,transparent
fr,difformité,en,deformity,altered
fr,diffraction,en,diffraction,transparent
fr,diffus,en,diffuse,transparent
fr,diffusion,en,diffusion,transparent
fr,différemment,en,differently,transparent
fr,différence,en,difference,transparent
fr,différenciation,en,differentiation,transparent
fr,différencier,en,differentiate,transparent
fr,différent,en,different,transparent
fr,différentiel,en,differential,transparent
fr,différer,en,differ,transparent
fr,digestible,en,digestible,transparent
fr,digestif,en,digestive,transparent
fr,digestion,en,digestion,transparent
fr,digital,en,digital,transparent
fr,dignitaire,en,dignitary,transparent
fr,dignité,en,dignity,transparent
fr,digérer,en,digest,altered
fr,dilatation,en,dilation,transparent
fr,dilater,en,dilate,transparent
fr,dilemme,en,dilemma,transparent
fr,diligemment,en,diligently,transparent
fr,diligence,en,diligence,transparent
fr,diligent,en,diligent,transparent
fr,diluer,en,dilute,altered
fr,dilution,en,dilution,transparent
fr,dimension,en,dimension,transparent
fr,dimensionnel,en,dimensional,transparent
fr,diminuer,en,diminish,transparent
fr,diminutif,en,diminutive,transparent
fr,dinar,en,dinar,transparent
fr,dingo,en,dingo,transparent
fr,dinosaure,en,dinosaur,transparent
fr,diocèse,en,diocese,transparent
fr,diocésain,en,diocesan,altered
fr,diode,en,diode,transparent
fr,diorama,en,diorama,transparent
fr,dioxyde,en,dioxide,transparent
fr,diphtérie,en,diphtheria,altered
fr,diplomate,en,diplomat,transparent
fr,diplomatie,en,diplomacy,altered
fr,diplomatique,en,diplomatic,altered
fr,diplôme,en,diploma,transparent
fr,dire,en,dire,transparent
fr,direct,en,direct,transparent
fr,directement,en,directly,transparent
fr,directeur,en,director,transparent
fr,direction,en,direction,transparent
fr,directionnel,en,directional,transparent
fr,directive,en,directive,transparent
fr,directorat,en,directorate,transparent
fr,directorial,en,directorial,transparent
fr,discernable,en,discernible,transparent
fr,discerner,en,discern,transparent
fr,disciple,en,disciple,transparent
fr,disciplinaire,en,disciplinary,transparent
fr,discipline,en,discipline,transparent
fr,discographie,en,discography,transparent
fr,discontinuer,en,discontinue,transparent
fr,discontinuité,en,discontinuity,transparent
fr,discord,en,discord,transparent
fr,discordant,en,discordant,transparent
fr,discount,en,discount,transparent
fr,discours,en,discourse,transparent
fr,discret,en,discrete,transparent
fr,discrimination,en,discrimination,transparent
fr,discriminatoire,en,discriminatory,transparent
fr,discriminer,en,discriminate,transparent
fr,discréditer,en,discredit,transparent
fr,discrétion,en,discretion,transparent
fr,discrétionnaire,en,discretionary,transparent
fr,discussion,en,discussion,transparent
fr,discuter,en,discuss,transparent
fr,dislocation,en,dislocation,transparent
fr,disloquer,en,dislocate,transparent
fr,disparaître,en,disappear,altered
fr,disparition,en,disappearance,altered
fr,disparité,en,disparity,transparent
fr,dispensaire,en,dispensary,altered
fr,dispensation,en,dispensation,transparent
fr,dispenser,en,dispense,transparent
fr,disperser,en,disperse,transparent
fr,dispersion,en,dispersion,transparent
fr,disponible,en,disposable,altered
fr,disposer,en,dispose,transparent
fr,disposition,en,disposal,altered
fr,disproportionné,en,disproportionate,transparent
fr,dispute,en,dispute,transparent
fr,disqualification,en,disqualification,transparent
fr,disqualifier,en,disqualify,transparent
fr,disque,en,disc,altered
fr,disrupter,en,disrupt,altered
fr,disruptif,en,disruptive,transparent
fr,disruption,en,disruption,transparent
fr,dissection,en,dissection,transparent
fr,dissension,en,dissension,transparent
fr,dissertation,en,dissertation,transparent
fr,dissident,en,dissident,transparent
fr,dissipation,en,dissipation,transparent
fr,dissiper,en,dissipate,transparent
fr,dissociatif,en,dissociative,transparent
fr,dissociation,en,dissociation,transparent
fr,dissocier,en,dissociate,transparent
fr,dissolution,en,dissolution,transparent
fr,dissonance,en,dissonance,transparent
fr,dissoudre,en,dissolve,altered
fr,dissuader,en,dissuade,transparent
fr,dissémination,en,dissemination,transparent
fr,disséminer,en,disseminate,transparent
fr,disséquer,en,dissect,altered
fr,distal,en,distal,transparent
fr,distance,en,distance,transparent
fr,distant,en,distant,transparent
fr,distillation,en,distillation,transparent
fr,distiller,en,distill,transparent
fr,distillerie,en,distillery,transparent
fr,distinct,en,distinct,transparent
fr,distinctif,en,distinctive,transparent
fr,distinction,en,distinction,transparent
fr,distinguer,en,distinguish,transparent
fr,distordre,en,distort,transparent
fr,distortion,en,distortion,transparent
fr,distraction,en,distraction,transparent
fr,distraire,en,distract,altered
fr,distribuer,en,distribute,transparent
fr,distributeur,en,distributor,transparent
fr,distribution,en,distribution,transparent
fr,district,en,district,transparent
fr,ditto,en,ditto,transparent
fr,diurne,en,diurnal,transparent
fr,diurétique,en,diuretic,transparent
fr,diva,en,diva,transparent
fr,divergence,en,divergence,transparent
fr,divergent,en,divergent,transparent
fr,diverger,en,diverge,altered
fr,divers,en,diverse,transparent
fr,diversification,en,diversification,transparent
fr,diversifier,en,diversify,altered
fr,diversion,en,diversion,transparent
fr,diversité,en,diversity,transparent
fr,divertir,en,divert,transparent
fr,dividende,en,dividend,transparent
fr,divin,en,divine,transparent
fr,divination,en,divination,transparent
fr,divinité,en,divinity,transparent
fr,diviser,en,divide,transparent
fr,diviseur,en,divider,transparent
fr,divisible,en,divisible,transparent
fr,divisif,en,divisive,transparent
fr,division,en,division,transparent
fr,divisionnaire,en,divisional,altered
fr,divorce,en,divorce,transparent
fr,divorcé,en,divorcee,transparent
fr,divulguer,en,divulge,transparent
fr,diète,en,diet,transparent
fr,diélectrique,en,dielectric,transparent
fr,diététicien,en,dietitian,altered
fr,diététique,en,dietary,altered
fr,djihadiste,en,jihadist,altered
fr,docile,en,docile,transparent
fr,docteur,en,doctor,altered
fr,doctoral,en,doctoral,transparent
fr,doctorat,en,doctorate,transparent
fr,doctrinal,en,doctrinal,transparent
fr,doctrine,en,doctrine,transparent
fr,document,en,document,transparent
fr,documentaire,en,documentary,altered
fr,documentation,en,documentation,transparent
fr,dodo,en,dodo,transparent
fr,dogmatique,en,dogmatic,transparent
fr,dogme,en,dogma,transparent
fr,dogue,en,doge,altered
fr,dojo,en,dojo,transparent
fr,dollar,en,dollar,transparent
fr,domaine,en,domain,altered
fr,domestication,en,domestication,transparent
fr,domestique,en,domestic,transparent
fr,domestiquer,en,domesticate,transparent
fr,domicile,en,domicile,transparent
fr,dominance,en,dominance,transparent
fr,dominant,en,dominant,transparent
fr,domination,en,domination,transparent
fr,dominer,en,dominate,transparent
fr,domino,en,domino,transparent
fr,dommage,en,damage,altered
fr,donation,en,donation,transparent
fr,donner,en,donate,altered
fr,donneur,en,donor,altered
fr,dopamine,en,dopamine,transparent
fr,dormant,en,dormant,transparent
fr,dormer,en,dormer,transparent
fr,dorsal,en,dorsal,transparent
fr,dortoir,en,dormitory,altered
fr,dosage,en,dosage,transparent
fr,dose,en,dose,transparent
fr,dossier,en,dossier,transparent
fr,double,en,double,transparent
fr,douche,en,douche,transparent
fr,doute,en,doubt,altered
fr,douteux,en,dubious,altered
fr,douzaine,en,dozen,altered
fr,draconien,en,draconian,altered
fr,dragon,en,dragon,transparent
fr,drain,en,drain,transparent
fr,drainage,en,drainage,transparent
fr,dramatique,en,dramatic,transparent
fr,dramatiquement,en,dramatically,transparent
fr,dramatiser,en,dramatize,altered
fr,drame,en,drama,altered
fr,drap,en,drape,altered
fr,draperie,en,drapery,transparent
fr,drapier,en,draper,transparent
fr,drastique,en,drastic,transparent
fr,drastiquement,en,drastically,altered
fr,dressage,en,dressage,transparent
fr,dressing,en,dressing,transparent
fr,droit,en,droit,transparent
fr,dropper,en,dropper,transparent
fr,drosophile,en,drosophila,altered
fr,druide,en,druid,transparent
fr,dual,en,dual,transparent
fr,dualisme,en,dualism,transparent
fr,dualité,en,duality,transparent
fr,dubaï,en,dubai,transparent
fr,dublin,en,dublin,transparent
fr,duc,en,duke,altered
fr,duché,en,duchy,altered
fr,duel,en,duel,transparent
fr,duet,en,duet,transparent
fr,dune,en,dune,transparent
fr,duo,en,duo,transparent
fr,dupe,en,dupe,transparent
fr,duplex,en,duplex,transparent
fr,duplication,en,duplication,transparent
fr,dupliquer,en,duplicate,transparent
fr,durable,en,durable,transparent
fr,dureté,en,duress,altered
fr,durée,en,duration,altered
fr,duvet,en,duvet,transparent
fr,dynamique,en,dynamic,transparent
fr,dynamiquement,en,dynamically,transparent
fr,dynamisme,en,dynamism,transparent
fr,dynamite,en,dynamite,transparent
fr,dynamo,en,dynamo,transparent
fr,dynastie,en,dynasty,transparent
fr,dynastique,en,dynastic,transparent
fr,dysenterie,en,dysentery,transparent
fr,dysfonction,en,dysfunction,transparent
fr,dysfonctionnel,en,dysfunctional,transparent
fr,dyslexie,en,dyslexia,transparent
fr,dyslexique,en,dyslexic,transparent
fr,dysplasie,en,dysplasia,altered
fr,dystopie,en,dystopia,transparent
fr,dystopique,en,dystopian,altered
fr,dystrophie,en,dystrophy,transparent
fr,débarquer,en,disembark,altered
fr,débat,en,debate,transparent
fr,débit,en,debit,altered
fr,débiteur,en,debtor,altered
fr,déboguer,en,debug,transparent
fr,débris,en,debris,transparent
fr,début,en,debut,transparent
fr,débutante,en,debutante,transparent
fr,débâcle,en,debacle,transparent
fr,décade,en,decade,altered
fr,décadence,en,decay,altered
fr,décadent,en,decadent,transparent
fr,décalque,en,decal,altered
fr,décanteur,en,decanter,transparent
fr,décapitation,en,decapitation,transparent
fr,décapiter,en,decapitate,transparent
fr,décembre,en,december,altered
fr,décemment,en,decently,altered
fr,décence,en,decency,transparent
fr,décent,en,decent,transparent
fr,décentralisation,en,decentralization,transparent
fr,décentraliser,en,decentralize,transparent
fr,décharge,en,discharge,transparent
fr,décibel,en,decibel,transparent
fr,décider,en,decide,transparent
fr,décidément,en,decidedly,transparent
fr,décimal,en,decimal,transparent
fr,décimer,en,decimate,transparent
fr,décisif,en,decisive,transparent
fr,décision,en,decision,transparent
fr,déclaratif,en,declarative,transparent
fr,déclaration,en,declaration,transparent
fr,déclarer,en,declare,transparent
fr,décliner,en,decline,transparent
fr,décoder,en,decode,transparent
fr,décoloration,en,discoloration,altered
fr,décolorer,en,discolor,transparent
fr,décomposer,en,decompose,transparent
fr,décomposition,en,decomposition,transparent
fr,décompresser,en,decompress,transparent
fr,décompression,en,decompression,transparent
fr,déconnecter,en,disconnect,transparent
fr,déconstruction,en,deconstruction,transparent
fr,décontamination,en,decontamination,transparent
fr,décor,en,decor,transparent
fr,décorateur,en,decorator,transparent
fr,décoratif,en,decorative,transparent
fr,décoration,en,decoration,transparent
fr,décorer,en,decorate,transparent
fr,décorum,en,decorum,transparent
fr,découvrir,en,discover,transparent
fr,décret,en,decree,transparent
fr,décrypter,en,decrypt,transparent
fr,décrépit,en,decrepit,transparent
fr,décélération,en,deceleration,transparent
fr,décélérer,en,decelerate,transparent
fr,dédain,en,disdain,altered
fr,dédier,en,dedicate,altered
fr,déductible,en,deductible,transparent
fr,déductif,en,deductive,transparent
fr,déduction,en,deduction,transparent
fr,déduire,en,deduct,altered
fr,défaite,en,defeat,altered
fr,défaut,en,default,altered
fr,défection,en,defection,transparent
fr,défendable,en,defensible,altered
fr,défendeur,en,defendant,altered
fr,défendre,en,defend,transparent
fr,défense,en,defense,transparent
fr,défenseur,en,defender,altered
fr,défensif,en,defensive,transparent
fr,défi,en,defiance,altered
fr,défiant,en,defiant,transparent
fr,défibrillateur,en,defibrillator,altered
fr,déficience,en,deficiency,transparent
fr,déficient,en,deficient,transparent
fr,déficit,en,deficit,transparent
fr,défigurer,en,disfigure,altered
fr,défilé,en,defile,altered
fr,défini,en,definite,altered
fr,définir,en,define,transparent
fr,définitif,en,definitive,transparent
fr,définition,en,definition,transparent
fr,définitivement,en,definitely,transparent
fr,déflation,en,deflation,transparent
fr,déflecteur,en,deflector,altered
fr,déformation,en,deformation,transparent
fr,déformer,en,deform,transparent
fr,défunt,en,defunct,transparent
fr,déféquer,en,defecate,altered
fr,déférence,en,deference,transparent
fr,dégradation,en,degradation,transparent
fr,dégrader,en,degrade,transparent
fr,dégénération,en,degeneration,transparent
fr,dégénérer,en,degenerate,transparent
fr,dégénérescence,en,degeneracy,altered
fr,délectable,en,delectable,transparent
fr,délibération,en,deliberation,transparent
fr,délibéré,en,deliberate,transparent
fr,délicat,en,delicate,transparent
fr,délicatesse,en,delicacy,altered
fr,délice,en,delight,altered
fr,délicieux,en,delicious,altered
fr,délimiter,en,delimit,transparent
fr,délinquance,en,delinquency,transparent
fr,délinquant,en,delinquent,transparent
fr,délirant,en,delirious,transparent
fr,délire,en,delirium,altered
fr,délivrance,en,deliverance,transparent
fr,déloyal,en,disloyal,altered
fr,déloyauté,en,disloyalty,transparent
fr,déluge,en,deluge,altered
fr,délégation,en,delegation,transparent
fr,délégué,en,delegate,transparent
fr,délétère,en,deleterious,altered
fr,démagogue,en,demagogue,transparent
fr,démarcation,en,demarcation,transparent
fr,démarquer,en,demarcate,altered
fr,démembrement,en,dismemberment,altered
fr,démembrer,en,dismember,transparent
fr,démence,en,dementia,transparent
fr,démo,en,demo,transparent
fr,démocrate,en,democrat,transparent
fr,démocratie,en,democracy,transparent
fr,démocratique,en,democratic,transparent
fr,démocratiquement,en,democratically,transparent
fr,démocratisation,en,democratization,transparent
fr,démographie,en,demographics,transparent
fr,démographique,en,demographic,transparent
fr,démolir,en,demolish,transparent
fr,démolition,en,demolition,transparent
fr,démon,en,demon,transparent
fr,démoniaque,en,demonic,altered
fr,démoniser,en,demonize,transparent
fr,démonstrateur,en,demonstrator,transparent
fr,démonstratif,en,demonstrative,transparent
fr,démonstration,en,demonstration,transparent
fr,démonter,en,dismount,transparent
fr,démontrable,en,demonstrable,transparent
fr,démontrer,en,demonstrate,altered
fr,démoraliser,en,demoralize,transparent
fr,démérite,en,demerit,transparent
fr,dénaturer,en,denature,transparent
fr,déni,en,denial,altered
fr,dénier,en,deny,altered
fr,dénigrer,en,denigrate,altered
fr,dénominateur,en,denominator,transparent
fr,dénomination,en,denomination,transparent
fr,dénommer,en,denominate,altered
fr,dénoncer,en,denounce,altered
fr,dénonciation,en,denunciation,transparent
fr,dénoter,en,denote,transparent
fr,départ,en,departure,altered
fr,département,en,department,transparent
fr,départemental,en,departmental,transparent
fr,dépeindre,en,depict,altered
fr,dépendance,en,dependency,altered
fr,dépendant,en,dependent,transparent
fr,dépendre,en,depend,transparent
fr,déplacement,en,displacement,transparent
fr,déplacer,en,displace,altered
fr,déploiement,en,deployment,transparent
fr,déplorable,en,deplorable,transparent
fr,déplorer,en,deplore,transparent
fr,déplétion,en,depletion,transparent
fr,déportation,en,deportation,transparent
fr,déporter,en,deport,transparent
fr,déposer,en,depose,altered
fr,dépositaire,en,depository,altered
fr,déposition,en,deposition,transparent
fr,dépravation,en,depravity,transparent
fr,dépraver,en,deprave,transparent
fr,dépresseur,en,depressant,transparent
fr,dépressif,en,depressive,transparent
fr,dépression,en,depression,transparent
fr,déprimer,en,depress,altered
fr,dépréciation,en,depreciation,transparent
fr,déprécier,en,depreciate,transparent
fr,député,en,deputy,transparent
fr,dépôt,en,deposit,transparent
fr,déraisonnable,en,unreasonable,altered
fr,déraisonnablement,en,unreasonably,transparent
fr,dérangement,en,derangement,transparent
fr,dérision,en,derision,transparent
fr,dérivation,en,derivation,transparent
fr,dériver,en,derive,transparent
fr,dérivé,en,derivative,altered
fr,déréglementer,en,deregulate,altered
fr,dérégulation,en,deregulation,transparent
fr,désaccord,en,disagree,altered
fr,désacraliser,en,desecrate,altered
fr,désaffecté,en,disaffected,transparent
fr,désagréable,en,disagreeable,altered
fr,désarmement,en,disarmament,transparent
fr,désarmer,en,disarm,transparent
fr,désastre,en,disaster,transparent
fr,désastreux,en,disastrous,altered
fr,désengager,en,disengage,altered
fr,désert,en,desert,transparent
fr,déserteur,en,deserter,transparent
fr,désertion,en,desertion,transparent
fr,désespérer,en,despair,altered
fr,désespéré,en,desperate,transparent
fr,désespérément,en,desperately,transparent
fr,déshonneur,en,dishonor,transparent
fr,déshonorant,en,dishonorable,altered
fr,déshumaniser,en,dehumanize,altered
fr,déshydratation,en,dehydration,transparent
fr,déshydrater,en,dehydrate,transparent
fr,désignation,en,designation,transparent
fr,désigner,en,designate,altered
fr,désillusion,en,disillusion,transparent
fr,désinfectant,en,disinfectant,transparent
fr,désinfecter,en,disinfect,altered
fr,désinfection,en,disinfection,altered
fr,désinformation,en,disinformation,transparent
fr,désintégration,en,disintegration,transparent
fr,désintégrer,en,disintegrate,altered
fr,désir,en,desire,transparent
fr,désirable,en,desirable,transparent
fr,désister,en,desist,altered
fr,désobéir,en,disobey,altered
fr,désobéissance,en,disobedience,transparent
fr,désobéissant,en,disobedient,altered
fr,désolation,en,desolation,transparent
fr,désolé,en,desolate,transparent
fr,désordonné,en,disorderly,transparent
fr,désordre,en,disorder,altered
fr,désorientation,en,disorientation,transparent
fr,désorienter,en,disorient,transparent
fr,déstabiliser,en,destabilize,transparent
fr,désuétude,en,disuse,altered
fr,déségrégation,en,desegregation,transparent
fr,détachable,en,detachable,transparent
fr,détachement,en,detachment,transparent
fr,détacher,en,detach,altered
fr,détail,en,detail,transparent
fr,détectable,en,detectable,transparent
fr,détecter,en,detect,transparent
fr,détecteur,en,detector,altered
fr,détection,en,detection,transparent
fr,détective,en,detective,transparent
fr,détenir,en,detain,transparent
fr,détention,en,detention,transparent
fr,détergent,en,detergent,transparent
fr,déterminant,en,determinant,transparent
fr,détermination,en,determination,transparent
fr,déterminer,en,determine,transparent
fr,déterminisme,en,determinism,transparent
fr,déterministe,en,deterministic,transparent
fr,détester,en,detest,transparent
fr,détonateur,en,detonator,transparent
fr,détonation,en,detonation,transparent
fr,détoner,en,detonate,transparent
fr,détour,en,detour,transparent
fr,détoxication,en,detox,transparent
fr,détracteur,en,detractor,altered
fr,détriment,en,detriment,transparent
fr,détritus,en,detritus,transparent
fr,détruire,en,destroy,transparent
fr,détrôner,en,dethrone,transparent
fr,détérioration,en,deterioration,transparent
fr,détériorer,en,deteriorate,transparent
fr,dévaluation,en,devaluation,transparent
fr,dévaluer,en,devalue,transparent
fr,dévastation,en,devastation,transparent
fr,dévaster,en,devastate,altered
fr,développer,en,develop,altered
fr,déviant,en,deviant,transparent
fr,déviation,en,deviation,transparent
fr,dévier,en,deviate,altered
fr,dévolution,en,devolution,transparent
fr,dévonien,en,devonian,altered
fr,dévorer,en,devour,transparent
fr,dévot,en,devotee,altered
fr,dévotion,en,devotion,transparent
fr,dévêtir,en,divest,altered
fr,dîner,en,dinner,transparent
fr,dû,en,due,transparent
fr,ecclésiastique,en,ecclesiastical,transparent
fr,eclipse,en,eclipse,transparent
fr,ectopique,en,ectopic,altered
fr,eczéma,en,eczema,transparent
fr,effecteur,en,effector,transparent
fr,effectif,en,effective,transparent
fr,effectivement,en,effectively,transparent
fr,effectivité,en,effectiveness,altered
fr,effet,en,effect,transparent
fr,efficace,en,efficient,altered
fr,efficacement,en,efficiently,altered
fr,efficacité,en,efficiency,altered
fr,effigie,en,effigy,transparent
fr,effluent,en,effluent,transparent
fr,effort,en,effort,transparent
fr,efféminé,en,effeminate,transparent
fr,ego,en,ego,transparent
fr,ejaculation,en,ejaculation,transparent
fr,ellipse,en,ellipse,transparent
fr,elliptique,en,elliptical,transparent
fr,email,en,email,transparent
fr,embargo,en,embargo,transparent
fr,embarquer,en,embark,transparent
fr,embarras,en,embarrassment,transparent
fr,embaumer,en,embalm,altered
fr,embellissement,en,embellishment,altered
fr,emblème,en,emblem,altered
fr,emblématique,en,emblematic,transparent
fr,embolie,en,embolism,altered
fr,embrasser,en,embrace,transparent
fr,embrouiller,en,embroil,altered
fr,embryon,en,embryo,altered
fr,embryonnaire,en,embryonic,altered
fr,embuscade,en,ambush,altered
fr,emojis,en,emojis,transparent
fr,empaler,en,impale,transparent
fr,empathie,en,empathy,transparent
fr,empathique,en,empathetic,transparent
fr,empereur,en,emperor,altered
fr,emphase,en,emphasis,transparent
fr,emphatique,en,emphatic,transparent
fr,emphysème,en,emphysema,transparent
fr,empire,en,empire,transparent
fr,empirique,en,empirical,transparent
fr,emplacement,en,emplacement,transparent
fr,emploi,en,employment,altered
fr,employer,en,employ,transparent
fr,employeur,en,employer,transparent
fr,employé,en,employee,altered
fr,emporium,en,emporium,transparent
fr,empreindre,en,imprint,altered
fr,emprisonner,en,imprison,altered
fr,empêchement,en,impediment,altered
fr,encapsuler,en,encapsulate,transparent
fr,encens,en,incense,altered
fr,enchantement,en,enchantment,transparent
fr,enchanter,en,enchant,transparent
fr,enclave,en,enclave,transparent
fr,encodeur,en,encoder,transparent
fr,encore,en,encore,transparent
fr,encouragement,en,encouragement,transparent
fr,encourager,en,encourage,transparent
fr,encourir,en,incur,altered
fr,encyclopédie,en,encyclopedia,transparent
fr,encéphalite,en,encephalitis,transparent
fr,encéphalopathie,en,encephalopathy,transparent
fr,ending,en,ending,transparent
fr,endocrine,en,endocrine,transparent
fr,endocrinologie,en,endocrinology,transparent
fr,endogène,en,endogenous,altered
fr,endométriose,en,endometriosis,transparent
fr,endorphine,en,endorphin,transparent
fr,endoscopie,en,endoscopy,altered
fr,endoscopique,en,endoscopic,altered
fr,endossement,en,endorsement,transparent
fr,endurance,en,endurance,transparent
fr,endémique,en,endemic,transparent
fr,enfer,en,inferno,altered
fr,enflammer,en,inflame,altered
fr,enfler,en,inflate,altered
fr,enfreindre,en,infringe,altered
fr,engagement,en,engagement,transparent
fr,engager,en,engage,transparent
fr,engin,en,engine,altered
fr,enjoindre,en,enjoin,altered
fr,ennemi,en,enemy,altered
fr,enquérir,en,inquire,altered
fr,enquête,en,inquest,altered
fr,enregistrement,en,registration,altered
fr,enrichir,en,enrich,transparent
fr,enrichissement,en,enrichment,transparent
fr,enrôlement,en,enrollment,transparent
fr,enrôler,en,enroll,altered
fr,enseigne,en,ensign,transparent
fr,ensemble,en,ensemble,transparent
fr,ensuivre,en,ensue,transparent
fr,entente,en,entente,transparent
fr,enterrer,en,inter,altered
fr,enthousiasme,en,enthusiasm,transparent
fr,enthousiaste,en,enthusiastic,transparent
fr,entier,en,entire,altered
fr,entité,en,entity,transparent
fr,entomologie,en,entomology,transparent
fr,entourage,en,entourage,transparent
fr,entrant,en,entrant,transparent
fr,entraîneur,en,trainer,altered
fr,entreprenant,en,enterprising,transparent
fr,entrepreneur,en,entrepreneur,transparent
fr,entrepreneurial,en,entrepreneurial,transparent
fr,entreprise,en,enterprise,transparent
fr,entrer,en,enter,altered
fr,entretenir,en,entertain,transparent
fr,entrevue,en,interview,altered
fr,entropie,en,entropy,transparent
fr,entrée,en,entrance,altered
fr,envahir,en,invade,altered
fr,envahisseur,en,invader,altered
fr,enveloppe,en,envelope,transparent
fr,enviable,en,enviable,transparent
fr,envieux,en,envious,transparent
fr,environ,en,environs,transparent
fr,environnement,en,environment,transparent
fr,environnementalisme,en,environmentalism,transparent
fr,environnementaliste,en,environmentalist,transparent
fr,envisager,en,envisage,transparent
fr,envoyé,en,envoy,altered
fr,enzymatique,en,enzymatic,transparent
fr,enzyme,en,enzyme,transparent
fr,epsilon,en,epsilon,transparent
fr,erg,en,erg,transparent
fr,ergo,en,ergo,transparent
fr,ergonomie,en,ergonomics,transparent
fr,ergonomique,en,ergonomic,altered
fr,erin,en,erin,transparent
fr,eros,en,eros,transparent
fr,errant,en,errant,transparent
fr,erratique,en,erratic,transparent
fr,erreur,en,error,altered
fr,erroné,en,erroneous,transparent
fr,escadron,en,squadron,altered
fr,escalade,en,escalation,altered
fr,escalader,en,escalate,altered
fr,escapade,en,escapade,transparent
fr,escarpement,en,escarpment,transparent
fr,escorte,en,escort,altered
fr,espace,en,space,transparent
fr,espionnage,en,espionage,altered
fr,esplanade,en,esplanade,transparent
fr,espresso,en,espresso,transparent
fr,esprit,en,spirit,altered
fr,espèce,en,species,transparent
fr,espéranto,en,esperanto,transparent
fr,esquisse,en,sketch,altered
fr,essai,en,essay,transparent
fr,essence,en,essence,transparent
fr,essentiel,en,essential,transparent
fr,essentiellement,en,essentially,transparent
fr,ester,en,ester,transparent
fr,esthétique,en,aesthetic,altered
fr,esthétiquement,en,aesthetically,altered
fr,estimateur,en,estimator,transparent
fr,estimation,en,estimation,transparent
fr,estimer,en,estimate,transparent
fr,estomac,en,stomach,transparent
fr,estradiol,en,estradiol,transparent
fr,estrogène,en,estrogen,transparent
fr,estuaire,en,estuary,altered
fr,ethernet,en,ethernet,transparent
fr,ethnicité,en,ethnicity,transparent
fr,ethnique,en,ethnic,transparent
fr,ethniquement,en,ethnically,transparent
fr,ethno,en,ethno,transparent
fr,ethnographie,en,ethnography,transparent
fr,ethnographique,en,ethnographic,transparent
fr,ethos,en,ethos,transparent
fr,eucaryote,en,eukaryote,altered
fr,eucharistie,en,eucharist,transparent
fr,euclidien,en,euclidean,transparent
fr,eugénie,en,eugenia,transparent
fr,eugénisme,en,eugenics,altered
fr,eunuque,en,eunuch,altered
fr,euphorie,en,euphoria,altered
fr,euphorique,en,euphoric,transparent
fr,euphémisme,en,euphemism,transparent
fr,eurasien,en,eurasian,transparent
fr,eureka,en,eureka,transparent
fr,euro,en,euro,transparent
fr,européen,en,european,transparent
fr,eurovision,en,eurovision,transparent
fr,eurozone,en,eurozone,transparent
fr,euthanasie,en,euthanasia,transparent
fr,exacerber,en,exacerbate,transparent
fr,exact,en,exact,transparent
fr,exactement,en,exactly,transparent
fr,exagération,en,exaggeration,transparent
fr,exagérer,en,exaggerate,transparent
fr,exalter,en,exalt,transparent
fr,examen,en,exam,transparent
fr,examinateur,en,examiner,altered
fr,examiner,en,examine,transparent
fr,exaspérer,en,exasperate,transparent
fr,excavateur,en,excavator,transparent
fr,excavation,en,excavation,transparent
fr,excaver,en,excavate,transparent
fr,excellence,en,excellence,transparent
fr,excellent,en,excellent,transparent
fr,exceller,en,excel,transparent
fr,excentricité,en,eccentricity,altered
fr,excentrique,en,eccentric,transparent
fr,excepter,en,except,transparent
fr,exception,en,exception,transparent
fr,exceptionnel,en,exceptional,altered
fr,exceptionnellement,en,exceptionally,transparent
fr,excessif,en,excessive,altered
fr,excessivement,en,excessively,transparent
fr,exciser,en,excise,altered
fr,excision,en,excision,transparent
fr,excitable,en,excitable,transparent
fr,excitation,en,excitation,transparent
fr,exciter,en,excite,transparent
fr,excité,en,excite,transparent
fr,exclamation,en,exclamation,transparent
fr,exclamer,en,exclaim,altered
fr,exclure,en,exclude,transparent
fr,exclusif,en,exclusive,altered
fr,exclusion,en,exclusion,transparent
fr,exclusivement,en,exclusively,transparent
fr,exclusivité,en,exclusivity,transparent
fr,excommunication,en,excommunication,transparent
fr,excommunier,en,excommunicate,altered
fr,excrément,en,excrement,altered
fr,excréter,en,excrete,altered
fr,excrétion,en,excretion,transparent
fr,excursion,en,excursion,transparent
fr,excuse,en,excuse,transparent
fr,excès,en,excess,transparent
fr,excéder,en,exceed,altered
fr,exemplaire,en,exemplary,transparent
fr,exemple,en,example,altered
fr,exempt,en,exempt,transparent
fr,exemption,en,exemption,transparent
fr,exercice,en,exercise,transparent
fr,exhaler,en,exhale,transparent
fr,exhaustif,en,exhaustive,altered
fr,exhaustion,en,exhaustion,transparent
fr,exhiber,en,exhibit,transparent
fr,exhibition,en,exhibition,transparent
fr,exhortation,en,exhortation,transparent
fr,exhorter,en,exhort,transparent
fr,exhumer,en,exhume,transparent
fr,exil,en,exile,transparent
fr,existence,en,existence,transparent
fr,existentialisme,en,existentialism,transparent
fr,existentiel,en,existential,transparent
fr,exister,en,exist,transparent
fr,exode,en,exodus,altered
fr,exogène,en,exogenous,transparent
fr,exonérer,en,exonerate,transparent
fr,exorciser,en,exorcise,transparent
fr,exorcisme,en,exorcism,transparent
fr,exorciste,en,exorcist,transparent
fr,exotique,en,exotic,transparent
fr,expansif,en,expansive,altered
fr,expansion,en,expansion,transparent
fr,expatrié,en,expatriate,transparent
fr,expectation,en,expectation,transparent
fr,expectative,en,expectancy,transparent
fr,expert,en,expert,transparent
fr,expertise,en,expertise,transparent
fr,expiration,en,expiration,transparent
fr,expirer,en,expire,transparent
fr,explicatif,en,explanatory,altered
fr,explication,en,explanation,transparent
fr,explicite,en,explicit,transparent
fr,explicitement,en,explicitly,transparent
fr,exploitation,en,exploit,altered
fr,explorateur,en,explorer,transparent
fr,exploration,en,exploration,transparent
fr,exploratoire,en,exploratory,transparent
fr,explorer,en,explore,altered
fr,exploser,en,explode,altered
fr,explosif,en,explosive,altered
fr,explosion,en,explosion,transparent
fr,expo,en,expo,transparent
fr,exponentiel,en,exponential,transparent
fr,exponentiellement,en,exponentially,transparent
fr,exportateur,en,exporter,transparent
fr,exporter,en,export,transparent
fr,exposant,en,exponent,altered
fr,exposer,en,expose,transparent
fr,exposition,en,exposure,transparent
fr,exposé,en,exposé,transparent
fr,expressif,en,expressive,transparent
fr,expression,en,expression,transparent
fr,expressionniste,en,expressionist,transparent
fr,expropriation,en,expropriation,transparent
fr,expulser,en,expel,altered
fr,expulsion,en,expulsion,transparent
fr,expédient,en,expedient,transparent
fr,expédier,en,expedite,altered
fr,expédition,en,expedition,transparent
fr,expéditionnaire,en,expeditionary,altered
fr,expérience,en,experience,transparent
fr,expérientiel,en,experiential,transparent
fr,expérimental,en,experimental,transparent
fr,expérimentateur,en,experimenter,altered
fr,expérimentation,en,experimentation,transparent
fr,exquis,en,exquisite,altered
fr,extase,en,ecstasy,altered
fr,extatique,en,ecstatic,altered
fr,extensif,en,extensive,transparent
fr,extension,en,extension,transparent
fr,exterminateur,en,exterminator,transparent
fr,extermination,en,extermination,transparent
fr,exterminer,en,exterminate,transparent
fr,externalité,en,externality,transparent
fr,externe,en,external,altered
fr,extinction,en,extinction,transparent
fr,extorquer,en,extort,altered
fr,extorsion,en,extortion,transparent
fr,extra,en,extra,transparent
fr,extracellulaire,en,extracellular,transparent
fr,extracteur,en,extractor,transparent
fr,extractif,en,extractive,transparent
fr,extraction,en,extraction,transparent
fr,extrader,en,extradite,altered
fr,extradition,en,extradition,transparent
fr,extrait,en,extract,altered
fr,extrajudiciaire,en,extrajudicial,altered
fr,extraordinaire,en,extraordinary,altered
fr,extrapolation,en,extrapolation,transparent
fr,extrapoler,en,extrapolate,transparent
fr,extraterrestre,en,extraterrestrial,transparent
fr,extravagance,en,extravagance,transparent
fr,extravagant,en,extravagant,transparent
fr,extraverti,en,extrovert,altered
fr,extrinsèque,en,extrinsic,transparent
fr,extrusion,en,extrusion,transparent
fr,extrémisme,en,extremism,transparent
fr,extrémiste,en,extremist,transparent
fr,extrémité,en,extremity,transparent
fr,extrême,en,extreme,transparent
fr,extrêmement,en,extremely,transparent
fr,extérieur,en,exterior,transparent
fr,exubérance,en,exuberance,transparent
fr,exubérant,en,exuberant,transparent
fr,exécutable,en,executable,transparent
fr,exécuter,en,execute,transparent
fr,exécuteur,en,executor,transparent
fr,exécutif,en,executive,transparent
fr,exécution,en,execution,transparent
fr,exégèse,en,exegesis,altered
fr,eyeliner,en,eyeliner,transparent
fr,fable,en,fable,transparent
fr,fabrication,en,fabrication,transparent
fr,fabriquer,en,fabricate,altered
fr,fabuleusement,en,fabulously,transparent
fr,fabuleux,en,fabulous,altered
fr,facette,en,facet,altered
fr,facial,en,facial,transparent
fr,facile,en,facile,transparent
fr,facilitateur,en,facilitator,transparent
fr,facilitation,en,facilitation,transparent
fr,faciliter,en,facilitate,transparent
fr,facilité,en,facility,transparent
fr,facsimilé,en,facsimile,transparent
fr,facteur,en,factor,altered
fr,faction,en,faction,transparent
fr,faculté,en,faculty,transparent
fr,faille,en,failure,transparent
fr,faillir,en,failing,altered
fr,faisan,en,pheasant,altered
fr,falsetto,en,falsetto,transparent
fr,falsifier,en,falsify,transparent
fr,fame,en,fame,transparent
fr,fameux,en,famous,transparent
fr,familial,en,familial,transparent
fr,familiariser,en,familiarize,transparent
fr,familiarité,en,familiarity,transparent
fr,familier,en,familiar,transparent
fr,famille,en,family,transparent
fr,famine,en,famine,transparent
fr,fan,en,fan,transparent
fr,fanatique,en,fanatic,transparent
fr,fanatisme,en,fanaticism,altered
fr,fandango,en,fandango,transparent
fr,fandom,en,fandom,transparent
fr,fanfare,en,fanfare,transparent
fr,fantaisie,en,fantasy,altered
fr,fantasmer,en,fantasize,altered
fr,fantastique,en,fantastic,transparent
fr,fantastiquement,en,fantastically,transparent
fr,fantôme,en,phantom,altered
fr,farce,en,farce,transparent
fr,farine,en,farina,transparent
fr,fascia,en,fascia,transparent
fr,fascination,en,fascination,transparent
fr,fasciner,en,fascinate,transparent
fr,fascisme,en,fascism,transparent
fr,fasciste,en,fascist,transparent
fr,fatal,en,fatal,transparent
fr,fatalement,en,fatally,transparent
fr,fatalité,en,fatality,transparent
fr,fatidique,en,fateful,altered
fr,fatigue,en,fatigue,transparent
fr,fatwa,en,fatwa,transparent
fr,faucon,en,falcon,altered
fr,faune,en,fauna,transparent
fr,faussement,en,falsely,altered
fr,faux,en,false,altered
fr,faveur,en,favor,altered
fr,favorable,en,favourable,transparent
fr,favorablement,en,favorably,transparent
fr,favori,en,favourite,altered
fr,favoritisme,en,favoritism,transparent
fr,fax,en,fax,transparent
fr,façade,en,facade,transparent
fr,feedback,en,feedback,transparent
fr,feinter,en,feint,transparent
fr,femme,en,femme,transparent
fr,fentanyl,en,fentanyl,transparent
fr,fer,en,ferro,altered
fr,ferme,en,farm,altered
fr,ferment,en,ferment,transparent
fr,fermentation,en,fermentation,transparent
fr,ferrari,en,ferrari,transparent
fr,ferreux,en,ferrous,transparent
fr,fertile,en,fertile,transparent
fr,fertilisant,en,fertilizer,transparent
fr,fertilisation,en,fertilization,transparent
fr,fertiliser,en,fertilize,transparent
fr,fertilité,en,fertility,transparent
fr,fervent,en,fervent,transparent
fr,ferveur,en,fervor,altered
fr,festif,en,festive,transparent
fr,festival,en,festival,transparent
fr,festivité,en,festivity,altered
fr,feta,en,feta,transparent
fr,feu,en,fuel,altered
fr,feuillage,en,foliage,altered
fr,fiancé,en,fiancé,transparent
fr,fiancée,en,fiancee,transparent
fr,fiasco,en,fiasco,transparent
fr,fibre,en,fiber,altered
fr,fibreux,en,fibrous,altered
fr,fibrillation,en,fibrillation,transparent
fr,fibromyalgie,en,fibromyalgia,altered
fr,fibrose,en,fibrosis,altered
fr,fibula,en,fibula,transparent
fr,fictif,en,fictitious,altered
fr,fiction,en,fiction,transparent
fr,fictionnel,en,fictional,transparent
fr,fiduciaire,en,fiduciary,transparent
fr,fidélité,en,fidelity,transparent
fr,figuratif,en,figurative,transparent
fr,figurativement,en,figuratively,transparent
fr,figure,en,figure,transparent
fr,figurine,en,figurine,transparent
fr,filament,en,filament,transparent
fr,filet,en,fillet,altered
fr,filial,en,filial,transparent
fr,film,en,film,transparent
fr,filtration,en,filtration,transparent
fr,filtre,en,filter,transparent
fr,fin,en,fin,transparent
fr,final,en,final,transparent
fr,finalement,en,finally,transparent
fr,finaliser,en,finalize,transparent
fr,finaliste,en,finalist,transparent
fr,finalité,en,finality,transparent
fr,finance,en,finance,transparent
fr,financement,en,financing,transparent
fr,financier,en,financial,transparent
fr,financièrement,en,financially,transparent
fr,finesse,en,finesse,transparent
fr,fini,en,finite,altered
fr,firewall,en,firewall,transparent
fr,firmware,en,firmware,transparent
fr,fiscal,en,fiscal,transparent
fr,fission,en,fission,transparent
fr,fissure,en,fissure,transparent
fr,fistule,en,fistula,altered
fr,fixation,en,fixation,transparent
fr,fixer,en,fixate,transparent
fr,fièvre,en,fever,altered
fr,fjord,en,fjord,transparent
fr,flagrant,en,flagrant,transparent
fr,flair,en,flair,transparent
fr,flamboyant,en,flamboyant,transparent
fr,flanc,en,flank,transparent
fr,flanelle,en,flannel,altered
fr,fleur,en,flower,altered
fr,fleurir,en,flourish,altered
fr,fleuriste,en,florist,altered
fr,flexibilité,en,flexibility,transparent
fr,flexible,en,flexible,transparent
fr,flexion,en,flexion,transparent
fr,floral,en,floral,transparent
fr,flore,en,flora,altered
fr,florentin,en,florentine,altered
fr,florin,en,florin,transparent
fr,flotille,en,flotilla,altered
fr,flotte,en,fleet,altered
fr,fluctuation,en,fluctuation,transparent
fr,fluctuer,en,fluctuate,transparent
fr,fluent,en,fluent,transparent
fr,fluide,en,fluid,transparent
fr,fluidité,en,fluency,altered
fr,fluor,en,fluorine,altered
fr,fluorescence,en,fluorescence,transparent
fr,fluorescent,en,fluorescent,transparent
fr,fluorure,en,fluoride,transparent
fr,flux,en,flux,transparent
fr,flûte,en,flute,altered
fr,focal,en,focal,transparent
fr,foi,en,faith,altered
fr,folie,en,folly,altered
fr,folio,en,folio,transparent
fr,folique,en,folic,transparent
fr,folklore,en,folklore,transparent
fr,follicule,en,follicle,transparent
fr,fomenter,en,foment,transparent
fr,fonction,en,function,altered
fr,fonctionnaire,en,functionary,altered
fr,fonctionnalité,en,functionality,altered
fr,fonctionnel,en,functional,transparent
fr,fond,en,fond,transparent
fr,fondamental,en,fundamental,transparent
fr,fondamentalisme,en,fundamentalism,transparent
fr,fondamentaliste,en,fundamentalist,transparent
fr,fondateur,en,founder,altered
fr,fondation,en,foundation,transparent
fr,fonderie,en,foundry,altered
fr,fonds,en,funding,altered
fr,fondue,en,fondue,transparent
fr,fongicide,en,fungicide,altered
fr,fontaine,en,fountain,transparent
fr,football,en,football,transparent
fr,footballeur,en,footballer,altered
fr,footing,en,footing,transparent
fr,force,en,force,transparent
fr,forceps,en,forceps,transparent
fr,forex,en,forex,transparent
fr,forfait,en,forfeit,altered
fr,forfaiture,en,forfeiture,transparent
fr,forge,en,forge,transparent
fr,forgeur,en,forger,altered
fr,formaldéhyde,en,formaldehyde,transparent
fr,formaliser,en,formalize,transparent
fr,formalisme,en,formalism,altered
fr,formalité,en,formality,altered
fr,format,en,format,transparent
fr,formatif,en,formative,transparent
fr,formation,en,formation,transparent
fr,forme,en,form,transparent
fr,formel,en,formal,transparent
fr,formidable,en,formidable,transparent
fr,formulaire,en,formulaic,altered
fr,formulation,en,formulation,transparent
fr,formule,en,formula,transparent
fr,formuler,en,formulate,transparent
fr,fornication,en,fornication,transparent
fr,fort,en,fort,transparent
fr,forteresse,en,fortress,altered
fr,fortification,en,fortification,transparent
fr,fortifier,en,fortify,transparent
fr,fortitude,en,fortitude,transparent
fr,fortuit,en,fortuitous,transparent
fr,fortune,en,fortune,transparent
fr,forum,en,forum,transparent
fr,forêt,en,forest,altered
fr,fosse,en,fossa,altered
fr,fossile,en,fossil,transparent
fr,fourchette,en,fork,altered
fr,fourrage,en,forage,transparent
fr,foyer,en,foyer,transparent
fr,fractal,en,fractal,transparent
fr,fraction,en,fraction,transparent
fr,fracture,en,fracture,transparent
fr,fragile,en,fragile,transparent
fr,fragilité,en,fragility,transparent
fr,fragment,en,fragment,transparent
fr,fragmentaire,en,fragmentary,transparent
fr,fragmentation,en,fragmentation,transparent
fr,fragrance,en,fragrance,transparent
fr,franc,en,franc,transparent
fr,france,en,france,transparent
fr,franciscain,en,franciscan,altered
fr,francophone,en,francophone,transparent
fr,frankfurter,en,frankfurter,transparent
fr,français,en,french,transparent
fr,fraternel,en,fraternal,transparent
fr,fraternité,en,fraternity,transparent
fr,fraude,en,fraud,transparent
fr,frauduleusement,en,fraudulently,altered
fr,frauduleux,en,fraudulent,altered
fr,freelance,en,freelance,transparent
fr,fresque,en,fresco,altered
fr,friction,en,friction,transparent
fr,frigide,en,frigid,transparent
fr,frise,en,frieze,altered
fr,frivole,en,frivolous,transparent
fr,front,en,front,transparent
fr,frontal,en,frontal,transparent
fr,frontière,en,frontier,altered
fr,fructose,en,fructose,transparent
fr,frugal,en,frugal,transparent
fr,fruit,en,fruit,transparent
fr,frustration,en,frustration,transparent
fr,frustrer,en,frustrate,altered
fr,frère,en,friar,altered
fr,frégate,en,frigate,altered
fr,frénétique,en,frantic,altered
fr,fréquemment,en,frequently,transparent
fr,fréquence,en,frequency,transparent
fr,fréquent,en,frequent,transparent
fr,frêle,en,frail,altered
fr,fuchsia,en,fuchsia,transparent
fr,fugitif,en,fugitive,altered
fr,fugue,en,fugue,transparent
fr,fumer,en,fume,transparent
fr,fungus,en,fungus,transparent
fr,funéraire,en,funeral,altered
fr,furie,en,fury,transparent
fr,furieux,en,furious,altered
fr,fuselage,en,fuselage,transparent
fr,fusible,en,fuse,altered
fr,fusilier,en,fusilier,transparent
fr,fusion,en,fusion,transparent
fr,futile,en,futile,transparent
fr,futilité,en,futility,transparent
fr,futon,en,futon,transparent
fr,futsal,en,futsal,transparent
fr,futur,en,future,transparent
fr,futuriste,en,futuristic,altered
fr,fèces,en,feces,transparent
fr,fédora,en,fedora,transparent
fr,fédéral,en,federal,transparent
fr,fédéralisme,en,federalism,transparent
fr,fédéraliste,en,federalist,transparent
fr,fédération,en,federation,transparent
fr,fédérer,en,federate,altered
fr,félicité,en,felicity,altered
fr,félin,en,feline,altered
fr,félon,en,felon,transparent
fr,féminin,en,feminine,altered
fr,féminisme,en,feminism,transparent
fr,féministe,en,feminist,transparent
fr,féminité,en,femininity,transparent
fr,fémoral,en,femoral,transparent
fr,fémur,en,femur,transparent
fr,féodal,en,feudal,altered
fr,féodalisme,en,feudalism,transparent
fr,féroce,en,ferocious,transparent
fr,férocité,en,ferocity,transparent
fr,fétiche,en,fetish,transparent
fr,février,en,february,altered
fr,fête,en,fete,transparent
fr,fœtal,en,fetal,transparent
fr,fœtus,en,fetus,transparent
fr,gaffe,en,gaffe,transparent
fr,gala,en,gala,transparent
fr,galactique,en,galactic,transparent
fr,galant,en,gallant,transparent
fr,galanterie,en,gallantry,transparent
fr,galaxie,en,galaxy,altered
fr,galerie,en,gallery,transparent
fr,galion,en,galleon,altered
fr,gallique,en,gallic,altered
fr,gallium,en,gallium,transparent
fr,gallon,en,gallon,transparent
fr,galop,en,gallop,transparent
fr,galvaniser,en,galvanize,transparent
fr,galène,en,galena,altered
fr,galère,en,galley,altered
fr,gambie,en,gambia,altered
fr,gambit,en,gambit,transparent
fr,gameplay,en,gameplay,transparent
fr,gamma,en,gamma,transparent
fr,ganglion,en,ganglion,transparent
fr,gangrène,en,gangrene,transparent
fr,gangster,en,gangster,transparent
fr,ganja,en,ganja,transparent
fr,garage,en,garage,transparent
fr,garant,en,guarantor,altered
fr,garantie,en,guarantee,transparent
fr,garde,en,guard,altered
fr,gardien,en,guardian,altered
fr,gargantuesque,en,gargantuan,altered
fr,gargarisme,en,gargle,altered
fr,gargouille,en,gargoyle,transparent
fr,garnir,en,garnish,altered
fr,garnison,en,garrison,transparent
fr,gastrique,en,gastric,altered
fr,gastro,en,gastro,transparent
fr,gastroentérologie,en,gastroenterology,transparent
fr,gauche,en,gauche,transparent
fr,gaufre,en,waffle,altered
fr,gaule,en,gaul,altered
fr,gaussien,en,gaussian,altered
fr,gay,en,gay,transparent
fr,gaz,en,gas,transparent
fr,gaze,en,gauze,altered
fr,gazebo,en,gazebo,transparent
fr,gazelle,en,gazelle,transparent
fr,gazette,en,gazette,transparent
fr,gazeux,en,gaseous,altered
fr,geisha,en,geisha,transparent
fr,gel,en,gel,transparent
fr,gelée,en,jelly,altered
fr,gendarme,en,gendarme,transparent
fr,genre,en,gender,transparent
fr,gentil,en,gentle,transparent
fr,gentilhomme,en,gentleman's,altered
fr,gentrification,en,gentrification,transparent
fr,genèse,en,genesis,transparent
fr,genève,en,geneva,transparent
fr,genévrier,en,juniper,altered
fr,germanique,en,germanic,transparent
fr,germe,en,germ,transparent
fr,germer,en,germinate,altered
fr,germination,en,germination,transparent
fr,gestalt,en,gestalt,transparent
fr,gestapo,en,gestapo,transparent
fr,gestation,en,gestation,transparent
fr,gestationnel,en,gestational,altered
fr,geste,en,gesture,transparent
fr,geyser,en,geyser,transparent
fr,gibraltar,en,gibraltar,transparent
fr,gift,en,gift,transparent
fr,gigabit,en,gigabit,transparent
fr,gigantesque,en,gigantic,altered
fr,gin,en,gin,transparent
fr,ginseng,en,ginseng,transparent
fr,girafe,en,giraffe,altered
fr,giro,en,giro,transparent
fr,glacial,en,glacial,transparent
fr,glacier,en,glacier,transparent
fr,gladiateur,en,gladiator,altered
fr,glamour,en,glamour,transparent
fr,glandulaire,en,glandular,altered
fr,global,en,global,transparent
fr,globalement,en,globally,transparent
fr,globaliser,en,globalize,transparent
fr,globaliste,en,globalist,transparent
fr,globe,en,globe,transparent
fr,globulaire,en,globular,altered
fr,gloire,en,glory,altered
fr,glorieux,en,glorious,altered
fr,glose,en,gloss,transparent
fr,glossaire,en,glossary,transparent
fr,glucose,en,glucose,transparent
fr,glutamate,en,glutamate,transparent
fr,glutathion,en,glutathione,altered
fr,gluten,en,gluten,transparent
fr,glycine,en,glycine,transparent
fr,glycogène,en,glycogen,transparent
fr,glycol,en,glycol,transparent
fr,glycérine,en,glycerin,transparent
fr,glyphe,en,glyph,transparent
fr,glyphosate,en,glyphosate,transparent
fr,glèbe,en,glebe,transparent
fr,gnome,en,gnome,transparent
fr,gnostique,en,gnostic,transparent
fr,golf,en,golf,transparent
fr,golfeur,en,golfer,transparent
fr,goliath,en,goliath,transparent
fr,gondole,en,gondola,transparent
fr,gong,en,gong,transparent
fr,gonorrhée,en,gonorrhea,transparent
fr,gorge,en,gorge,transparent
fr,gorgone,en,gorgon,transparent
fr,gorille,en,gorilla,transparent
fr,gothique,en,gothic,altered
fr,gouge,en,gouge,transparent
fr,gourmet,en,gourmet,transparent
fr,gourou,en,guru,altered
fr,goutte,en,gout,altered
fr,gouttière,en,gutter,altered
fr,gouvernance,en,governance,transparent
fr,gouvernante,en,governess,altered
fr,gouvernement,en,government,transparent
fr,gouverner,en,govern,transparent
fr,gouverneur,en,governor,altered
fr,graal,en,grail,altered
fr,gracieux,en,gracious,altered
fr,gradation,en,gradation,transparent
fr,grade,en,grade,altered
fr,gradient,en,gradient,transparent
fr,graduation,en,graduation,transparent
fr,graduel,en,gradual,transparent
fr,graduellement,en,gradually,transparent
fr,gradué,en,graduate,altered
fr,grammaire,en,grammar,altered
fr,grammatical,en,grammatical,transparent
fr,grammaticalement,en,grammatically,transparent
fr,gramme,en,gram,altered
fr,gramophone,en,gramophone,transparent
fr,grand,en,grand,transparent
fr,grandeur,en,grandeur,transparent
fr,grandiose,en,grandiose,transparent
fr,grange,en,grange,transparent
fr,granit,en,granite,altered
fr,granola,en,granola,transparent
fr,granule,en,granule,transparent
fr,graphe,en,graph,transparent
fr,graphique,en,graphic,transparent
fr,graphiquement,en,graphically,transparent
fr,graphite,en,graphite,transparent
fr,graphène,en,graphene,altered
fr,gratification,en,gratification,transparent
fr,gratifier,en,gratify,transparent
fr,gratis,en,gratis,transparent
fr,gratitude,en,gratitude,transparent
fr,gratuit,en,gratuitous,altered
fr,gratuité,en,gratuity,transparent
fr,grave,en,grave,transparent
fr,gravitation,en,gravitation,transparent
fr,gravitationnel,en,gravitational,transparent
fr,graviter,en,gravitate,transparent
fr,gravité,en,gravity,altered
fr,gravure,en,engraving,altered
fr,greenpeace,en,greenpeace,transparent
fr,greetings,en,greeting,transparent
fr,grenade,en,grenade,transparent
fr,grenadier,en,grenadier,transparent
fr,grenier,en,granary,altered
fr,grief,en,grief,transparent
fr,grille,en,grille,transparent
fr,griller,en,grill,transparent
fr,grimace,en,grimace,transparent
fr,grippe,en,gripe,transparent
fr,gris,en,grey,altered
fr,gronder,en,growl,altered
fr,groseille,en,gooseberry,altered
fr,grossièrement,en,grossly,altered
fr,grotesque,en,grotesque,transparent
fr,grotte,en,grotto,altered
fr,groupe,en,group,transparent
fr,groupement,en,grouping,transparent
fr,groupie,en,groupie,transparent
fr,grunge,en,grunge,transparent
fr,grâce,en,grace,transparent
fr,grégaire,en,gregarious,altered
fr,grégorien,en,gregorian,transparent
fr,guano,en,guano,transparent
fr,guide,en,guide,transparent
fr,guillotine,en,guillotine,transparent
fr,guise,en,guise,transparent
fr,guitare,en,guitar,transparent
fr,guitariste,en,guitarist,transparent
fr,gumbo,en,gumbo,transparent
fr,gusto,en,gusto,transparent
fr,guérilla,en,guerrilla,transparent
fr,gymnase,en,gym,altered
fr,gymnaste,en,gymnast,transparent
fr,gymnastique,en,gymnastics,altered
fr,gynécologie,en,gynecology,transparent
fr,gynécologue,en,gynecologist,transparent
fr,gyro,en,gyro,transparent
fr,gyroscope,en,gyroscope,transparent
fr,géant,en,giant,altered
fr,gélatine,en,gelatin,transparent
fr,génial,en,genial,transparent
fr,génie,en,genius,altered
fr,génital,en,genital,transparent
fr,génocidaire,en,genocidal,altered
fr,génocide,en,genocide,transparent
fr,génome,en,genome,transparent
fr,génomique,en,genomic,transparent
fr,génotype,en,genotype,transparent
fr,généalogie,en,genealogy,transparent
fr,généalogique,en,genealogical,transparent
fr,général,en,general,transparent
fr,généralement,en,generally,transparent
fr,généralisation,en,generalization,transparent
fr,généraliser,en,generalize,transparent
fr,généraliste,en,generalist,transparent
fr,généralité,en,generality,transparent
fr,générateur,en,generator,altered
fr,génératif,en,generative,transparent
fr,génération,en,generation,transparent
fr,générationnel,en,generational,altered
fr,générer,en,generate,transparent
fr,généreux,en,generous,altered
fr,générique,en,generic,altered
fr,générosité,en,generosity,transparent
fr,généticien,en,geneticist,altered
fr,génétique,en,genetic,altered
fr,génétiquement,en,genetically,transparent
fr,géographe,en,geographer,altered
fr,géographie,en,geography,transparent
fr,géographique,en,geographic,transparent
fr,géographiquement,en,geographically,transparent
fr,géologie,en,geology,transparent
fr,géologique,en,geological,transparent
fr,géologue,en,geologist,transparent
fr,géométrie,en,geometry,transparent
fr,géométrique,en,geometric,transparent
fr,géophysique,en,geophysical,transparent
fr,géopolitique,en,geopolitical,transparent
fr,géothermique,en,geothermal,transparent
fr,géranium,en,geranium,transparent
fr,gérard,en,gerard,altered
fr,gériatrique,en,geriatric,transparent
fr,habeas,en,habeas,transparent
fr,habile,en,able,altered
fr,habilité,en,ability,altered
fr,habitable,en,habitable,transparent
fr,habitant,en,inhabitant,transparent
fr,habitat,en,habitat,transparent
fr,habitation,en,habitation,transparent
fr,habiter,en,inhabit,altered
fr,habituel,en,habitual,altered
fr,habituellement,en,habitually,transparent
fr,hache,en,hatchet,altered
fr,hacker,en,hacker,transparent
fr,hadrien,en,hadrian,altered
fr,hadron,en,hadron,transparent
fr,halage,en,haulage,altered
fr,halal,en,halal,transparent
fr,hallucination,en,hallucination,transparent
fr,halluciner,en,hallucinate,transparent
fr,hallucinogène,en,hallucinogenic,transparent
fr,halo,en,halo,transparent
fr,halogène,en,halogen,altered
fr,halter,en,halter,transparent
fr,hamburger,en,hamburger,transparent
fr,hamster,en,hamster,transparent
fr,handicap,en,handicap,transparent
fr,hangar,en,hangar,transparent
fr,hanger,en,hanger,transparent
fr,hardcore,en,hardcore,transparent
fr,harde,en,herd,altered
fr,hardware,en,hardware,transparent
fr,harem,en,harem,transparent
fr,harmonica,en,harmonica,transparent
fr,harmonie,en,harmony,transparent
fr,harmonieux,en,harmonious,transparent
fr,harmonique,en,harmonic,transparent
fr,harmoniser,en,harmonize,transparent
fr,harpe,en,harp,altered
fr,harpon,en,harpoon,altered
fr,hasard,en,hazard,transparent
fr,haschisch,en,hashish,altered
fr,haute,en,haute,transparent
fr,havoc,en,havoc,transparent
fr,hawaïen,en,hawaiian,altered
fr,haïku,en,haiku,transparent
fr,haïti,en,haiti,transparent
fr,hectare,en,hectare,transparent
fr,hellénique,en,hellenic,transparent
fr,hellénistique,en,hellenistic,altered
fr,henné,en,henna,altered
fr,herbacé,en,herbaceous,transparent
fr,herbe,en,herb,altered
fr,herbicide,en,herbicide,transparent
fr,herbier,en,herbarium,altered
fr,herbivore,en,herbivore,transparent
fr,hermitage,en,hermitage,transparent
fr,hermès,en,hermes,transparent
fr,hernie,en,hernia,transparent
fr,herpès,en,herpes,transparent
fr,hertz,en,hertz,transparent
fr,heure,en,hour,altered
fr,heuristique,en,heuristic,transparent
fr,hexagonal,en,hexagonal,transparent
fr,hexagone,en,hexagon,transparent
fr,hiatus,en,hiatus,transparent
fr,hiberner,en,hibernate,altered
fr,hibiscus,en,hibiscus,transparent
fr,hijab,en,hijab,transparent
fr,hilarant,en,hilarious,transparent
fr,hilarité,en,hilarity,transparent
fr,hindi,en,hindi,transparent
fr,hindou,en,hindu,transparent
fr,hinterland,en,hinterland,transparent
fr,hippie,en,hippy,transparent
fr,hippocampe,en,hippocampus,transparent
fr,hippopotame,en,hippopotamus,transparent
fr,hipsters,en,hipsters,transparent
fr,hispanique,en,hispanic,transparent
fr,histamine,en,histamine,transparent
fr,histogramme,en,histogram,altered
fr,histoire,en,history,transparent
fr,historien,en,historian,altered
fr,historique,en,historical,transparent
fr,hiérarchie,en,hierarchy,transparent
fr,hiérarchique,en,hierarchical,transparent
fr,holding,en,holding,transparent
fr,holistique,en,holistic,transparent
fr,hollandais,en,hollander,altered
fr,holocauste,en,holocaust,transparent
fr,hologramme,en,hologram,transparent
fr,holographique,en,holographic,transparent
fr,holotype,en,holotype,transparent
fr,holstein,en,holstein,transparent
fr,homicide,en,homicide,transparent
fr,hommage,en,homage,altered
fr,homo,en,homo,transparent
fr,homogène,en,homogeneous,altered
fr,homologie,en,homology,transparent
fr,homologue,en,homologous,transparent
fr,homophobe,en,homophobe,transparent
fr,homophobie,en,homophobia,transparent
fr,homosexualité,en,homosexuality,transparent
fr,homosexuel,en,homosexual,transparent
fr,homéopathie,en,homeopathy,transparent
fr,homéopathique,en,homeopathic,transparent
fr,homéostasie,en,homeostasis,altered
fr,hondurien,en,honduran,altered
fr,honneur,en,honor,altered
fr,honnête,en,honest,altered
fr,honorable,en,honourable,transparent
fr,honorablement,en,honorably,transparent
fr,honoraire,en,honorary,transparent
fr,hoodie,en,hoodie,transparent
fr,horde,en,horde,transparent
fr,horizon,en,horizon,transparent
fr,horizontal,en,horizontal,transparent
fr,horizontalement,en,horizontally,transparent
fr,hormonal,en,hormonal,transparent
fr,hormone,en,hormone,transparent
fr,horoscope,en,horoscope,transparent
fr,horreur,en,horror,transparent
fr,horrible,en,horrible,transparent
fr,horrifique,en,horrific,transparent
fr,horticulture,en,horticulture,transparent
fr,hospice,en,hospice,transparent
fr,hospitalier,en,hospitable,altered
fr,hospitalisation,en,hospitalization,transparent
fr,hospitaliser,en,hospitalize,transparent
fr,hospitalité,en,hospitality,transparent
fr,hostile,en,hostile,transparent
fr,hostilité,en,hostility,transparent
fr,houmous,en,hummus,altered
fr,hourra,en,hooray,altered
fr,huile,en,oil,altered
fr,humain,en,human,transparent
fr,humainement,en,humanly,transparent
fr,humaniser,en,humanize,transparent
fr,humanisme,en,humanism,transparent
fr,humaniste,en,humanist,transparent
fr,humanitaire,en,humanitarian,transparent
fr,humanité,en,humanity,transparent
fr,humanoïde,en,humanoid,transparent
fr,humble,en,humble,transparent
fr,humeur,en,humor,altered
fr,humide,en,humid,transparent
fr,humidité,en,humidity,transparent
fr,humiliation,en,humiliation,transparent
fr,humilier,en,humiliate,transparent
fr,humilité,en,humility,transparent
fr,humoristique,en,humorous,altered
fr,humérus,en,humerus,transparent
fr,hurrah,en,hurrah,transparent
fr,huître,en,oyster,altered
fr,hyacinthe,en,hyacinth,altered
fr,hybride,en,hybrid,transparent
fr,hydratation,en,hydration,transparent
fr,hydrater,en,hydrate,transparent
fr,hydraulique,en,hydraulic,altered
fr,hydre,en,hydra,transparent
fr,hydro,en,hydro,transparent
fr,hydrocarbure,en,hydrocarbon,transparent
fr,hydrographique,en,hydrographic,altered
fr,hydrogène,en,hydrogen,transparent
fr,hydrologie,en,hydrology,transparent
fr,hydrologique,en,hydrological,transparent
fr,hydrolyse,en,hydrolysis,transparent
fr,hydrophobe,en,hydrophobic,altered
fr,hydrothermal,en,hydrothermal,transparent
fr,hydroxy,en,hydroxy,transparent
fr,hydroxyde,en,hydroxide,altered
fr,hydroxyle,en,hydroxyl,altered
fr,hydroélectrique,en,hydroelectric,transparent
fr,hygiène,en,hygiene,transparent
fr,hygiénique,en,hygienic,transparent
fr,hygiéniste,en,hygienist,transparent
fr,hymen,en,hymen,transparent
fr,hymne,en,hymn,transparent
fr,hyper,en,hyper,transparent
fr,hyperactif,en,hyperactive,transparent
fr,hyperactivité,en,hyperactivity,transparent
fr,hyperbole,en,hyperbole,transparent
fr,hyperbolique,en,hyperbolic,transparent
fr,hyperespace,en,hyperspace,altered
fr,hyperlien,en,hyperlink,altered
fr,hypertension,en,hypertension,transparent
fr,hypertrophie,en,hypertrophy,transparent
fr,hypnose,en,hypnosis,altered
fr,hypnotique,en,hypnotic,transparent
fr,hypnotiser,en,hypnotize,transparent
fr,hypocrisie,en,hypocrisy,transparent
fr,hypocrite,en,hypocrite,transparent
fr,hypothalamus,en,hypothalamus,transparent
fr,hypothermie,en,hypothermia,transparent
fr,hypothyroïdie,en,hypothyroidism,altered
fr,hypothèse,en,hypothesis,transparent
fr,hypothétique,en,hypothetical,transparent
fr,hypothétiquement,en,hypothetically,transparent
fr,hypoxie,en,hypoxia,altered
fr,hystérie,en,hysteria,transparent
fr,hystérique,en,hysterical,transparent
fr,hystériquement,en,hysterically,transparent
fr,hyène,en,hyena,transparent
fr,hédonisme,en,hedonism,transparent
fr,hégémonie,en,hegemony,transparent
fr,hélice,en,helix,altered
fr,hélicoptère,en,helicopter,transparent
fr,hélicoïdal,en,helical,transparent
fr,hélium,en,helium,transparent
fr,hématologie,en,hematology,transparent
fr,hématome,en,hematoma,altered
fr,hémisphère,en,hemisphere,transparent
fr,hémorragie,en,hemorrhage,transparent
fr,hémorroïde,en,hemorrhoid,transparent
fr,héparine,en,heparin,transparent
fr,hépatique,en,hepatic,transparent
fr,hépatite,en,hepatitis,altered
fr,héraut,en,herald,transparent
fr,héritage,en,heritage,transparent
fr,hériter,en,inherit,altered
fr,héros,en,hero,transparent
fr,héroïne,en,heroin,transparent
fr,héroïque,en,heroic,transparent
fr,héroïquement,en,heroically,altered
fr,héroïsme,en,heroism,transparent
fr,héréditaire,en,hereditary,transparent
fr,hérésie,en,heresy,transparent
fr,hérétique,en,heretic,altered
fr,hésitant,en,hesitant,transparent
fr,hésitation,en,hesitation,transparent
fr,hésiter,en,hesitate,transparent
fr,hétéro,en,hetero,transparent
fr,hétérogène,en,heterogeneous,transparent
fr,hétérogénéité,en,heterogeneity,transparent
fr,hôpital,en,hospital,altered
fr,hôtel,en,hotel,transparent
fr,hôtelier,en,hotelier,altered
fr,ibis,en,ibis,transparent
fr,ibuprofène,en,ibuprofen,altered
fr,ibérie,en,iberia,transparent
fr,ibérique,en,iberian,transparent
fr,iceberg,en,iceberg,transparent
fr,iconique,en,iconic,altered
fr,iconographie,en,iconography,transparent
fr,icône,en,icon,altered
fr,identifiable,en,identifiable,transparent
fr,identificateur,en,identifier,transparent
fr,identification,en,identification,transparent
fr,identifier,en,identify,transparent
fr,identique,en,identical,transparent
fr,identité,en,identity,transparent
fr,ides,en,ides,transparent
fr,idiome,en,idiom,transparent
fr,idiosyncrasie,en,idiosyncrasy,altered
fr,idiot,en,idiot,transparent
fr,idiotie,en,idiocy,transparent
fr,idole,en,idol,transparent
fr,idolâtrer,en,idolize,altered
fr,idyllique,en,idyllic,transparent
fr,idéal,en,ideal,transparent
fr,idéalement,en,ideally,transparent
fr,idéaliser,en,idealize,transparent
fr,idéalisme,en,idealism,transparent
fr,idéaliste,en,idealistic,altered
fr,idéation,en,ideation,transparent
fr,idée,en,idea,transparent
fr,idéologie,en,ideology,transparent
fr,idéologique,en,ideological,transparent
fr,idéologiquement,en,ideologically,transparent
fr,ignition,en,ignition,transparent
fr,ignorance,en,ignorance,transparent
fr,ignorant,en,ignorant,transparent
fr,ignorer,en,ignore,transparent
fr,iguane,en,iguana,altered
fr,illettré,en,illiterate,altered
fr,illicite,en,illicit,transparent
fr,illimité,en,unlimited,altered
fr,illogique,en,illogical,transparent
fr,illuminati,en,illuminati,transparent
fr,illumination,en,illumination,transparent
fr,illuminer,en,illuminate,transparent
fr,illusion,en,illusion,transparent
fr,illusoire,en,illusory,transparent
fr,illustrateur,en,illustrator,transparent
fr,illustratif,en,illustrative,transparent
fr,illustration,en,illustration,transparent
fr,illustre,en,illustrious,altered
fr,illustrer,en,illustrate,transparent
fr,illégal,en,illegal,transparent
fr,illégalité,en,illegality,transparent
fr,illégitime,en,illegitimate,transparent
fr,image,en,image,transparent
fr,imaginable,en,imaginable,transparent
fr,imaginaire,en,imaginary,transparent
fr,imaginatif,en,imaginative,transparent
fr,imagination,en,imagination,transparent
fr,imaginer,en,imagine,transparent
fr,imam,en,imam,transparent
fr,imbiber,en,imbibe,altered
fr,imbécile,en,imbecile,transparent
fr,imitateur,en,imitator,transparent
fr,imitation,en,imitation,altered
fr,imiter,en,imitate,transparent
fr,immaculé,en,immaculate,altered
fr,immature,en,immature,transparent
fr,immaturité,en,immaturity,transparent
fr,immatériel,en,immaterial,transparent
fr,immense,en,immense,transparent
fr,immerger,en,immerse,transparent
fr,immersion,en,immersion,transparent
fr,immigrant,en,immigrant,transparent
fr,immigration,en,immigration,transparent
fr,immigrer,en,immigrate,transparent
fr,imminent,en,imminent,transparent
fr,immobile,en,immobile,transparent
fr,immobiliser,en,immobilize,transparent
fr,immoral,en,immoral,transparent
fr,immoralité,en,immorality,transparent
fr,immortaliser,en,immortalize,transparent
fr,immortalité,en,immortality,transparent
fr,immortel,en,immortal,transparent
fr,immuable,en,immutable,transparent
fr,immun,en,immune,transparent
fr,immunisation,en,immunization,transparent
fr,immuniser,en,immunize,transparent
fr,immunité,en,immunity,transparent
fr,immunodéficience,en,immunodeficiency,transparent
fr,immunoglobuline,en,immunoglobulin,transparent
fr,immunologie,en,immunology,transparent
fr,immédiat,en,immediate,transparent
fr,immédiateté,en,immediacy,altered
fr,impact,en,impact,transparent
fr,imparfait,en,imperfect,altered
fr,impartial,en,impartial,transparent
fr,impartir,en,impart,transparent
fr,impasse,en,impasse,transparent
fr,impatience,en,impatience,transparent
fr,impatient,en,impatient,transparent
fr,impeachment,en,impeachment,transparent
fr,impeccable,en,impeccable,transparent
fr,imperfection,en,imperfection,transparent
fr,impersonnel,en,impersonal,transparent
fr,impetus,en,impetus,transparent
fr,implacable,en,implacable,transparent
fr,implant,en,implant,transparent
fr,implantation,en,implantation,transparent
fr,implication,en,implication,transparent
fr,implicite,en,implicit,transparent
fr,implicitement,en,implicitly,transparent
fr,impliquer,en,implicate,altered
fr,implorer,en,implore,transparent
fr,imploser,en,implode,transparent
fr,implosion,en,implosion,transparent
fr,implémentation,en,implementation,transparent
fr,impoli,en,impolite,altered
fr,impopulaire,en,unpopular,transparent
fr,impopularité,en,unpopularity,altered
fr,importance,en,importance,transparent
fr,important,en,important,transparent
fr,importateur,en,importer,altered
fr,importation,en,importation,transparent
fr,importer,en,import,transparent
fr,imposer,en,impose,transparent
fr,imposition,en,imposition,transparent
fr,impossibilité,en,impossibility,transparent
fr,impossible,en,impossible,transparent
fr,imposteur,en,imposter,transparent
fr,impotent,en,impotent,transparent
fr,imprenable,en,impregnable,altered
fr,impression,en,impression,transparent
fr,impressionnisme,en,impressionism,transparent
fr,impressionniste,en,impressionist,transparent
fr,imprimable,en,printable,altered
fr,imprimante,en,printer,altered
fr,improbable,en,improbable,transparent
fr,impromptu,en,impromptu,transparent
fr,impropre,en,improper,transparent
fr,improprement,en,inappropriately,altered
fr,improvisation,en,improvisation,transparent
fr,improviser,en,improvise,transparent
fr,imprécis,en,imprecise,transparent
fr,imprégner,en,impregnate,transparent
fr,imprévisibilité,en,unpredictability,altered
fr,imprévisible,en,unpredictable,altered
fr,impuissance,en,impotence,altered
fr,impulsif,en,impulsive,transparent
fr,impulsion,en,impulse,altered
fr,impunité,en,impunity,transparent
fr,impur,en,impure,transparent
fr,impureté,en,impurity,transparent
fr,imputer,en,impute,transparent
fr,impédance,en,impedance,transparent
fr,impénétrable,en,impenetrable,transparent
fr,impératif,en,imperative,transparent
fr,impérial,en,imperial,transparent
fr,impérialisme,en,imperialism,transparent
fr,impérialiste,en,imperialist,transparent
fr,impérieux,en,imperious,altered
fr,impétueux,en,impetuous,transparent
fr,inaccessible,en,inaccessible,transparent
fr,inactif,en,inactive,transparent
fr,inaction,en,inaction,transparent
fr,inactivation,en,inactivation,transparent
fr,inactiver,en,inactivate,transparent
fr,inactivité,en,inactivity,transparent
fr,inadmissible,en,inadmissible,transparent
fr,inadvertance,en,inadvertent,altered
fr,inadéquat,en,inadequate,transparent
fr,inaliénable,en,inalienable,transparent
fr,inapproprié,en,inappropriate,transparent
fr,inaudible,en,inaudible,transparent
fr,inaugural,en,inaugural,transparent
fr,inauguration,en,inauguration,transparent
fr,inaugurer,en,inaugurate,transparent
fr,incandescent,en,incandescent,transparent
fr,incantation,en,incantation,transparent
fr,incapacité,en,inability,transparent
fr,incarcération,en,incarceration,transparent
fr,incarcérer,en,incarcerate,transparent
fr,incarnation,en,incarnation,transparent
fr,incarné,en,incarnate,transparent
fr,incendiaire,en,incendiary,transparent
fr,inception,en,inception,transparent
fr,incertain,en,uncertain,altered
fr,incertitude,en,uncertainty,altered
fr,incessant,en,incessant,transparent
fr,inceste,en,incest,transparent
fr,incestueux,en,incestuous,transparent
fr,incidence,en,incidence,transparent
fr,incident,en,incident,transparent
fr,incinérateur,en,incinerator,transparent
fr,incisif,en,incisive,altered
fr,incision,en,incision,transparent
fr,incitatif,en,incentive,transparent
fr,inciter,en,incite,transparent
fr,inclination,en,inclination,transparent
fr,incliner,en,incline,transparent
fr,inclure,en,include,transparent
fr,inclusif,en,inclusive,transparent
fr,inclusion,en,inclusion,transparent
fr,incognito,en,incognito,transparent
fr,incohérent,en,incoherent,transparent
fr,incompatibilité,en,incompatibility,transparent
fr,incompatible,en,incompatible,transparent
fr,incomplet,en,incomplete,transparent
fr,incompréhensible,en,incomprehensible,transparent
fr,incompétence,en,incompetence,transparent
fr,incompétent,en,incompetent,transparent
fr,inconcevable,en,inconceivable,transparent
fr,inconditionnel,en,unconditional,transparent
fr,inconditionnellement,en,unconditionally,transparent
fr,inconfortable,en,uncomfortable,transparent
fr,inconsciemment,en,unconsciously,transparent
fr,inconscience,en,unconsciousness,altered
fr,inconscient,en,unconscious,transparent
fr,inconsidéré,en,inconsiderate,transparent
fr,inconsistant,en,inconsistent,transparent
fr,inconséquent,en,inconsequential,altered
fr,incontinence,en,incontinence,transparent
fr,incontrôlable,en,uncontrollable,transparent
fr,incontrôlé,en,uncontrolled,altered
fr,inconvénient,en,inconvenient,transparent
fr,incorporation,en,incorporation,transparent
fr,incorporer,en,incorporate,transparent
fr,incorrect,en,incorrect,transparent
fr,incriminer,en,incriminate,transparent
fr,incroyable,en,incredible,altered
fr,incroyablement,en,incredibly,transparent
fr,incrément,en,increment,transparent
fr,incrémental,en,incremental,transparent
fr,incubateur,en,incubator,transparent
fr,incubation,en,incubation,transparent
fr,incuber,en,incubate,transparent
fr,inculquer,en,inculcate,altered
fr,incurable,en,incurable,transparent
fr,incursion,en,incursion,transparent
fr,indemniser,en,indemnify,transparent
fr,indemnité,en,indemnity,transparent
fr,indentation,en,indentation,transparent
fr,indestructible,en,indestructible,transparent
fr,index,en,index,transparent
fr,indicateur,en,indicator,altered
fr,indicatif,en,indicative,transparent
fr,indication,en,indication,transparent
fr,indien,en,indian,transparent
fr,indifférence,en,indifference,transparent
fr,indigent,en,indigent,transparent
fr,indigestion,en,indigestion,transparent
fr,indignation,en,indignation,transparent
fr,indignité,en,indignity,transparent
fr,indigné,en,indignant,transparent
fr,indigo,en,indigo,transparent
fr,indigène,en,indigenous,transparent
fr,indiquer,en,indicate,transparent
fr,indirect,en,indirect,transparent
fr,indiscrétion,en,indiscretion,transparent
fr,indispensable,en,indispensable,transparent
fr,indistinct,en,indistinct,transparent
fr,individualiser,en,individualize,transparent
fr,individualisme,en,individualism,transparent
fr,individualiste,en,individualistic,transparent
fr,individualité,en,individuality,transparent
fr,individuel,en,individual,transparent
fr,individuellement,en,individually,transparent
fr,indomptable,en,indomitable,altered
fr,indonésien,en,indonesians,altered
fr,induction,en,induction,transparent
fr,induire,en,induce,transparent
fr,indulgence,en,indulgence,transparent
fr,indulgent,en,indulgent,transparent
fr,industrialisation,en,industrialization,transparent
fr,industrialiser,en,industrialize,transparent
fr,industrie,en,industry,transparent
fr,industriel,en,industrial,transparent
fr,industrieux,en,industrious,transparent
fr,indécence,en,indecency,transparent
fr,indécent,en,indecent,transparent
fr,indécis,en,indecisive,altered
fr,indécision,en,indecision,transparent
fr,indéfini,en,indefinite,altered
fr,indéfiniment,en,indefinitely,altered
fr,indéniable,en,undeniable,transparent
fr,indéniablement,en,undeniably,transparent
fr,indépendance,en,independence,transparent
fr,indépendant,en,independent,transparent
fr,indésirable,en,undesirable,transparent
fr,indéterminé,en,undetermined,altered
fr,inefficace,en,ineffective,altered
fr,inefficacité,en,inefficiency,altered
fr,inepte,en,inept,transparent
fr,ineptie,en,ineptitude,altered
fr,inerte,en,inert,transparent
fr,inertie,en,inertia,transparent
fr,inexorablement,en,inexorably,transparent
fr,inexplicable,en,inexplicable,transparent
fr,inexpliqué,en,unexplained,altered
fr,infaillible,en,infallible,transparent
fr,infamie,en,infamy,transparent
fr,infanterie,en,infantry,transparent
fr,infanticide,en,infanticide,transparent
fr,infarctus,en,infarction,altered
fr,infatuation,en,infatuation,transparent
fr,infecter,en,infect,transparent
fr,infectieux,en,infectious,altered
fr,infection,en,infection,transparent
fr,infernal,en,infernal,transparent
fr,infertile,en,infertile,transparent
fr,infertilité,en,infertility,transparent
fr,infestation,en,infestation,transparent
fr,infester,en,infest,transparent
fr,infidèle,en,infidel,transparent
fr,infidélité,en,infidelity,transparent
fr,infiltration,en,infiltration,transparent
fr,infiltrer,en,infiltrate,transparent
fr,infini,en,infinite,altered
fr,infiniment,en,infinitely,altered
fr,infinitif,en,infinitive,altered
fr,infinité,en,infinity,altered
fr,infinitésimal,en,infinitesimal,transparent
fr,infirme,en,infirm,transparent
fr,infirmerie,en,infirmary,transparent
fr,inflammation,en,inflammation,transparent
fr,inflammatoire,en,inflammatory,transparent
fr,inflation,en,inflation,transparent
fr,inflationniste,en,inflationary,altered
fr,inflexible,en,inflexible,transparent
fr,inflexion,en,inflection,transparent
fr,infliger,en,inflict,transparent
fr,inflorescence,en,inflorescence,transparent
fr,influence,en,influence,transparent
fr,influenceur,en,influencer,transparent
fr,influent,en,influential,altered
fr,influenza,en,influenza,transparent
fr,influx,en,influx,transparent
fr,infléchir,en,inflect,altered
fr,info,en,info,transparent
fr,infographie,en,infographic,altered
fr,informant,en,informant,transparent
fr,informateur,en,informer,transparent
fr,informatif,en,informative,transparent
fr,information,en,information,transparent
fr,informationnel,en,informational,transparent
fr,informatique,en,informatics,altered
fr,informel,en,informal,transparent
fr,informellement,en,informally,transparent
fr,informer,en,inform,transparent
fr,infra,en,infra,transparent
fr,infraction,en,infraction,transparent
fr,infrarouge,en,infrared,altered
fr,infrastructure,en,infrastructure,transparent
fr,infuser,en,infuse,transparent
fr,infusion,en,infusion,transparent
fr,infâme,en,infamous,transparent
fr,inférence,en,inference,transparent
fr,inférer,en,infer,transparent
fr,inférieur,en,inferior,transparent
fr,infériorité,en,inferiority,transparent
fr,ingestion,en,ingestion,transparent
fr,ingrédient,en,ingredient,transparent
fr,ingénieur,en,engineer,transparent
fr,ingénieux,en,ingenious,transparent
fr,ingérer,en,ingest,transparent
fr,inhabitable,en,uninhabitable,altered
fr,inhalateur,en,inhaler,transparent
fr,inhalation,en,inhalation,transparent
fr,inhaler,en,inhale,transparent
fr,inhiber,en,inhibit,transparent
fr,inhibiteur,en,inhibitor,altered
fr,inhibition,en,inhibition,transparent
fr,inhospitalier,en,inhospitable,transparent
fr,inhumain,en,inhuman,transparent
fr,inhérent,en,inherent,transparent
fr,inimaginable,en,unimaginable,altered
fr,inimitable,en,inimitable,transparent
fr,inintelligible,en,unintelligible,transparent
fr,ininterrompu,en,uninterrupted,altered
fr,iniquité,en,iniquity,transparent
fr,initial,en,initial,transparent
fr,initialement,en,initially,transparent
fr,initialiser,en,initialize,transparent
fr,initiateur,en,initiator,transparent
fr,initiation,en,initiation,altered
fr,initiative,en,initiative,transparent
fr,initier,en,initiate,transparent
fr,injectable,en,injectable,transparent
fr,injecter,en,inject,altered
fr,injecteur,en,injector,transparent
fr,injection,en,injection,transparent
fr,injuste,en,unjust,altered
fr,injustice,en,injustice,transparent
fr,innocence,en,innocence,transparent
fr,innocent,en,innocent,transparent
fr,innombrable,en,innumerable,altered
fr,innovant,en,innovative,altered
fr,innovateur,en,innovator,transparent
fr,innovation,en,innovation,transparent
fr,innover,en,innovate,transparent
fr,inné,en,innate,altered
fr,inoculation,en,inoculation,transparent
fr,inoculer,en,inoculate,transparent
fr,inonder,en,inundate,altered
fr,inopérable,en,inoperable,transparent
fr,inorganique,en,inorganic,transparent
fr,inquisiteur,en,inquisitor,transparent
fr,inquisition,en,inquisition,transparent
fr,inquiétude,en,disquiet,altered
fr,insane,en,insane,transparent
fr,insanité,en,insanity,transparent
fr,insatiable,en,insatiable,transparent
fr,insatisfait,en,unsatisfied,transparent
fr,insaturé,en,unsaturated,altered
fr,inscription,en,inscription,transparent
fr,inscrire,en,inscribe,transparent
fr,insecte,en,insect,transparent
fr,insecticide,en,insecticide,transparent
fr,insertion,en,insertion,transparent
fr,insidieux,en,insidious,altered
fr,insigne,en,insignia,altered
fr,insignifiant,en,insignificant,transparent
fr,insincère,en,insincere,transparent
fr,insinuation,en,insinuation,transparent
fr,insinuer,en,insinuate,transparent
fr,insipide,en,insipid,transparent
fr,insistant,en,insistent,altered
fr,insister,en,insist,transparent
fr,insolence,en,insolence,transparent
fr,insolent,en,insolent,transparent
fr,insolvabilité,en,insolvency,altered
fr,insolvable,en,insolvent,altered
fr,insomniaque,en,insomniac,transparent
fr,insomnie,en,insomnia,transparent
fr,insoutenable,en,unsustainable,altered
fr,inspecter,en,inspect,transparent
fr,inspecteur,en,inspector,altered
fr,inspection,en,inspection,transparent
fr,inspiration,en,inspiration,transparent
fr,inspirer,en,inspire,transparent
fr,instabilité,en,instability,transparent
fr,installation,en,installation,transparent
fr,installer,en,install,altered
fr,instance,en,instance,transparent
fr,instant,en,instant,transparent
fr,instantané,en,instantaneous,transparent
fr,instantanément,en,instantly,transparent
fr,instigateur,en,instigator,transparent
fr,instigation,en,instigation,transparent
fr,instinct,en,instinct,transparent
fr,instinctif,en,instinctive,transparent
fr,institut,en,institute,transparent
fr,institution,en,institution,transparent
fr,institutionnaliser,en,institutionalize,transparent
fr,institutionnel,en,institutional,transparent
fr,instructeur,en,instructor,transparent
fr,instructif,en,instructive,transparent
fr,instruction,en,instruction,transparent
fr,instruire,en,instruct,altered
fr,instrument,en,instrument,transparent
fr,instrumental,en,instrumental,transparent
fr,instrumentation,en,instrumentation,transparent
fr,instrumentiste,en,instrumentalist,transparent
fr,insubordination,en,insubordination,transparent
fr,insuffisance,en,insufficiency,altered
fr,insuffisant,en,insufficient,altered
fr,insulaire,en,insular,altered
fr,insuline,en,insulin,transparent
fr,insulte,en,insult,transparent
fr,insupportable,en,insufferable,altered
fr,insurgé,en,insurgent,transparent
fr,insurmontable,en,insurmountable,transparent
fr,insurrection,en,insurrection,transparent
fr,insécurité,en,insecurity,transparent
fr,insémination,en,insemination,transparent
fr,inséparable,en,inseparable,transparent
fr,insérer,en,insert,transparent
fr,intact,en,intact,transparent
fr,intangible,en,intangible,transparent
fr,intellect,en,intellect,transparent
fr,intellectuel,en,intellectual,altered
fr,intelligence,en,intelligence,transparent
fr,intelligent,en,intelligent,transparent
fr,intelligible,en,intelligible,transparent
fr,intense,en,intense,transparent
fr,intensif,en,intensive,altered
fr,intensifier,en,intensify,transparent
fr,intensité,en,intensity,transparent
fr,intensivement,en,intensively,transparent
fr,intensément,en,intensely,transparent
fr,intent,en,intent,transparent
fr,intention,en,intention,transparent
fr,intentionnel,en,intentional,transparent
fr,intentionnellement,en,intentionally,transparent
fr,interactif,en,interactive,transparent
fr,interaction,en,interaction,transparent
fr,interactivité,en,interactivity,transparent
fr,interagir,en,interact,transparent
fr,intercepter,en,intercept,transparent
fr,intercepteur,en,interceptor,transparent
fr,interception,en,interception,transparent
fr,intercession,en,intercession,transparent
fr,interchange,en,interchange,transparent
fr,interchangeable,en,interchangeable,transparent
fr,interconnecter,en,interconnect,transparent
fr,interconnexion,en,interconnection,transparent
fr,intercontinental,en,intercontinental,transparent
fr,intercourse,en,intercourse,transparent
fr,interculturel,en,intercultural,transparent
fr,intercéder,en,intercede,transparent
fr,interdiction,en,interdiction,transparent
fr,interdépendance,en,interdependence,transparent
fr,interdépendant,en,interdependent,transparent
fr,interface,en,interface,transparent
fr,interférence,en,interference,transparent
fr,interférer,en,interfere,transparent
fr,interféron,en,interferon,transparent
fr,intergalactique,en,intergalactic,transparent
fr,intergénérationnel,en,intergenerational,altered
fr,interjeter,en,interject,transparent
fr,interleukine,en,interleukin,transparent
fr,interlocuteur,en,interlocutor,altered
fr,interlude,en,interlude,transparent
fr,intermission,en,intermission,transparent
fr,intermittent,en,intermittent,transparent
fr,intermédiaire,en,intermediate,altered
fr,internaliser,en,internalize,transparent
fr,international,en,international,transparent
fr,internationale,en,internationale,transparent
fr,internationalement,en,internationally,transparent
fr,internationaliste,en,internationalist,transparent
fr,interne,en,internal,transparent
fr,internement,en,internment,transparent
fr,internet,en,internet,transparent
fr,interopérabilité,en,interoperability,transparent
fr,interpersonnel,en,interpersonal,altered
fr,interpol,en,interpol,transparent
fr,interpolation,en,interpolation,transparent
fr,interpoler,en,interpolate,transparent
fr,interprète,en,interpreter,transparent
fr,interprétatif,en,interpretive,transparent
fr,interprétation,en,interpretation,transparent
fr,interpréter,en,interpret,transparent
fr,interracial,en,interracial,transparent
fr,interrogateur,en,interrogator,transparent
fr,interrogation,en,interrogation,transparent
fr,interroger,en,interrogate,transparent
fr,interrompre,en,interrupt,transparent
fr,interruption,en,interruption,transparent
fr,intersection,en,intersection,transparent
fr,interstate,en,interstate,transparent
fr,interstellaire,en,interstellar,transparent
fr,intervalle,en,interval,transparent
fr,intervenir,en,intervene,transparent
fr,intervention,en,intervention,transparent
fr,interventionniste,en,interventionist,transparent
fr,intervieweur,en,interviewer,transparent
fr,intestin,en,intestine,transparent
fr,intestinal,en,intestinal,transparent
fr,intifada,en,intifada,transparent
fr,intime,en,intimate,transparent
fr,intimement,en,intimately,altered
fr,intimidation,en,intimidation,transparent
fr,intimider,en,intimidate,transparent
fr,intimité,en,intimacy,altered
fr,intituler,en,entitle,altered
fr,intolérable,en,intolerable,transparent
fr,intolérance,en,intolerance,transparent
fr,intolérant,en,intolerant,transparent
fr,intonation,en,intonation,transparent
fr,intoxication,en,intoxication,transparent
fr,intoxiquer,en,intoxicate,transparent
fr,intra,en,intra,transparent
fr,intracellulaire,en,intracellular,transparent
fr,intraitable,en,intractable,altered
fr,intraveineux,en,intravenous,transparent
fr,intrigue,en,intrigue,transparent
fr,intrinsèque,en,intrinsic,transparent
fr,intrinsèquement,en,intrinsically,transparent
fr,introduction,en,introduction,transparent
fr,introduire,en,introduce,transparent
fr,introspection,en,introspection,transparent
fr,introverti,en,introvert,altered
fr,intrus,en,intruder,transparent
fr,intrusif,en,intrusive,transparent
fr,intrusion,en,intrusion,transparent
fr,intrépide,en,intrepid,transparent
fr,intuitif,en,intuitive,transparent
fr,intuition,en,intuition,transparent
fr,intuitivement,en,intuitively,transparent
fr,intégral,en,integral,transparent
fr,intégrateur,en,integrator,transparent
fr,intégration,en,integration,transparent
fr,intégrer,en,integrate,transparent
fr,intégrité,en,integrity,transparent
fr,intérieur,en,interior,transparent
fr,intérim,en,interim,transparent
fr,intérêt,en,interest,transparent
fr,invalide,en,invalid,transparent
fr,invalider,en,invalidate,transparent
fr,invariant,en,invariant,transparent
fr,invasif,en,invasive,altered
fr,invasion,en,invasion,transparent
fr,inventaire,en,inventory,altered
fr,inventer,en,invent,transparent
fr,inventeur,en,inventor,altered
fr,inventif,en,inventive,altered
fr,invention,en,invention,transparent
fr,inverse,en,inverse,transparent
fr,inversement,en,inversely,transparent
fr,inverser,en,invert,transparent
fr,inversion,en,inversion,transparent
fr,invertébré,en,invertebrate,transparent
fr,investigateur,en,investigator,transparent
fr,investigation,en,investigation,transparent
fr,investiguer,en,investigate,transparent
fr,investir,en,invest,transparent
fr,investissement,en,investment,transparent
fr,investisseur,en,investor,transparent
fr,invisible,en,invisible,transparent
fr,invitation,en,invitation,transparent
fr,inviter,en,invite,transparent
fr,invocation,en,invocation,transparent
fr,involontaire,en,involuntary,transparent
fr,invoquer,en,invoke,transparent
fr,invulnérable,en,invulnerable,transparent
fr,inégalité,en,inequality,transparent
fr,inéquité,en,inequity,transparent
fr,inévitable,en,inevitable,altered
fr,inévitablement,en,inevitably,transparent
fr,iode,en,iodine,altered
fr,iodure,en,iodide,altered
fr,ion,en,ion,transparent
fr,ionique,en,ionic,transparent
fr,ionisation,en,ionization,transparent
fr,ioniser,en,ionize,altered
fr,iota,en,iota,transparent
fr,iridescent,en,iridescent,transparent
fr,iridium,en,iridium,transparent
fr,iris,en,iris,transparent
fr,ironie,en,irony,transparent
fr,ironique,en,ironic,transparent
fr,ironiquement,en,ironically,altered
fr,irradiation,en,irradiation,transparent
fr,irradier,en,irradiate,transparent
fr,irrationalité,en,irrationality,transparent
fr,irrationnel,en,irrational,transparent
fr,irresponsable,en,irresponsible,transparent
fr,irrigation,en,irrigation,transparent
fr,irriguer,en,irrigate,transparent
fr,irritabilité,en,irritability,transparent
fr,irritable,en,irritable,transparent
fr,irritant,en,irritant,transparent
fr,irritation,en,irritation,transparent
fr,irriter,en,irritate,transparent
fr,irréconciliable,en,irreconcilable,transparent
fr,irréductible,en,irreducible,transparent
fr,irréfutable,en,irrefutable,transparent
fr,irrégularité,en,irregularity,transparent
fr,irrégulier,en,irregular,altered
fr,irrégulièrement,en,irregularly,transparent
fr,irrésistible,en,irresistible,transparent
fr,irréversible,en,irreversible,transparent
fr,irrévocable,en,irrevocable,transparent
fr,ischémie,en,ischemia,altered
fr,ischémique,en,ischemic,transparent
fr,islam,en,islam,transparent
fr,islamique,en,islamic,transparent
fr,islamisme,en,islamism,transparent
fr,islamiste,en,islamist,transparent
fr,islamophobie,en,islamophobia,altered
fr,islande,en,iceland,altered
fr,isolation,en,isolation,transparent
fr,isolationniste,en,isolationist,transparent
fr,isoler,en,isolate,transparent
fr,isomère,en,isomer,transparent
fr,isotope,en,isotope,transparent
fr,isotopique,en,isotopic,altered
fr,israélite,en,israelite,transparent
fr,israël,en,israel,transparent
fr,issue,en,issue,transparent
fr,isthme,en,isthmus,altered
fr,italie,en,italy,altered
fr,italien,en,italian,altered
fr,italique,en,italic,altered
fr,item,en,item,transparent
fr,itinéraire,en,itinerary,transparent
fr,itinérant,en,itinerant,altered
fr,itératif,en,iterative,transparent
fr,itération,en,iteration,transparent
fr,itérer,en,iterate,altered
fr,jackpot,en,jackpot,transparent
fr,jacuzzi,en,jacuzzi,transparent
fr,jade,en,jade,transparent
fr,jaguar,en,jaguar,transparent
fr,jaloux,en,jealous,transparent
fr,jamaïcain,en,jamaican,transparent
fr,janus,en,janus,transparent
fr,janvier,en,january,altered
fr,japon,en,japan,transparent
fr,jardin,en,garden,altered
fr,jargon,en,jargon,transparent
fr,javelot,en,javelin,altered
fr,jazz,en,jazz,transparent
fr,jean,en,jean,transparent
fr,jersey,en,jersey,transparent
fr,jet,en,jet,transparent
fr,jihadiste,en,jihadi,altered
fr,joaillier,en,jeweller,altered
fr,jockey,en,jockey,transparent
fr,joie,en,joy,transparent
fr,joker,en,joker,transparent
fr,jonction,en,junction,transparent
fr,joule,en,joule,transparent
fr,journal,en,journal,transparent
fr,journalisme,en,journalism,transparent
fr,journaliste,en,journalist,altered
fr,joute,en,joust,altered
fr,jovial,en,jovial,transparent
fr,jubilant,en,jubilant,transparent
fr,jubilé,en,jubilee,altered
fr,judas,en,judas,transparent
fr,judaïsme,en,judaism,transparent
fr,judiciaire,en,judicial,transparent
fr,judicieux,en,judicious,altered
fr,judo,en,judo,transparent
fr,judéo,en,judeo,transparent
fr,jugement,en,judgment,altered
fr,jugulaire,en,jugular,transparent
fr,juillet,en,july,altered
fr,juin,en,june,altered
fr,juiverie,en,jewry,altered
fr,jukebox,en,jukebox,transparent
fr,jumbo,en,jumbo,transparent
fr,jungle,en,jungle,transparent
fr,junior,en,junior,transparent
fr,junte,en,junta,altered
fr,jupiter,en,jupiter,transparent
fr,jurassique,en,jurassic,transparent
fr,juridiction,en,jurisdiction,transparent
fr,juridictionnel,en,jurisdictional,altered
fr,jurisprudence,en,jurisprudence,transparent
fr,juriste,en,jurist,altered
fr,jury,en,jury's,transparent
fr,juré,en,juror,altered
fr,jus,en,juice,altered
fr,justement,en,justly,transparent
fr,justice,en,justice,transparent
fr,justifiable,en,justifiable,transparent
fr,justification,en,justification,transparent
fr,justifier,en,justify,transparent
fr,jute,en,jute,transparent
fr,juvénile,en,juvenile,transparent
fr,juxtaposer,en,juxtapose,transparent
fr,jéhovah,en,jehovah,transparent
fr,jésuite,en,jesuit,altered
fr,jésus,en,jesus,transparent
fr,kaki,en,khaki,transparent
fr,kaléidoscope,en,kaleidoscope,transparent
fr,kamikaze,en,kamikaze,transparent
fr,kappa,en,kappa,transparent
fr,karaoké,en,karaoke,transparent
fr,karaté,en,karate,transparent
fr,karma,en,karma,transparent
fr,kasher,en,kosher,altered
fr,kata,en,kata,transparent
fr,katana,en,katana,transparent
fr,kayak,en,kayak,transparent
fr,kazakhstan,en,kazakhstan,transparent
fr,kebab,en,kebab,transparent
fr,kelvin,en,kelvin,transparent
fr,kernel,en,kernel,transparent
fr,ketchup,en,ketchup,transparent
fr,kevlar,en,kevlar,transparent
fr,keynésien,en,keynesian,transparent
fr,kidnapper,en,kidnap,transparent
fr,kilo,en,kilo,transparent
fr,kilogramme,en,kilogram,transparent
fr,kilomètre,en,kilometer,transparent
fr,kilowatt,en,kilowatt,transparent
fr,kimono,en,kimono,transparent
fr,kinase,en,kinase,transparent
fr,kindergarten,en,kindergarten,transparent
fr,kiosque,en,kiosk,transparent
fr,kitsch,en,kitsch,transparent
fr,kiwi,en,kiwi,transparent
fr,kleenex,en,kleenex,transparent
fr,koala,en,koala,transparent
fr,komodo,en,komodo,transparent
fr,koï,en,koi,transparent
fr,kraken,en,kraken,transparent
fr,krill,en,krill,transparent
fr,krypton,en,krypton,transparent
fr,kryptonite,en,kryptonite,transparent
fr,kyste,en,cyst,altered
fr,kystique,en,cystic,altered
fr,kényan,en,kenyan,transparent
fr,kérosène,en,kerosene,transparent
fr,labeur,en,labour,altered
fr,laboratoire,en,laboratory,transparent
fr,laborieux,en,laborious,transparent
fr,labour,en,labor,transparent
fr,laboureur,en,labourer,transparent
fr,labyrinthe,en,labyrinth,transparent
fr,lacrosse,en,lacrosse,transparent
fr,lactate,en,lactate,transparent
fr,lactation,en,lactation,transparent
fr,lactose,en,lactose,transparent
fr,lacération,en,laceration,transparent
fr,lagune,en,lagoon,altered
fr,laine,en,laine,transparent
fr,laisser,en,lease,transparent
fr,lama,en,llama,altered
fr,lambda,en,lambda,transparent
fr,lament,en,lament,transparent
fr,lamentation,en,lamentation,transparent
fr,laminer,en,laminate,altered
fr,lance,en,lance,transparent
fr,lancer,en,launch,altered
fr,lanceur,en,launcher,transparent
fr,lancier,en,lancer,altered
fr,land,en,land,transparent
fr,langage,en,language,altered
fr,langue,en,tongue,altered
fr,lanterne,en,lantern,transparent
fr,laparoscopique,en,laparoscopic,transparent
fr,laptop,en,laptop,transparent
fr,laque,en,lac,altered
fr,lard,en,lard,transparent
fr,lare,en,lar,altered
fr,larve,en,larva,altered
fr,larynx,en,larynx,transparent
fr,lasagne,en,lasagna,transparent
fr,laser,en,laser,transparent
fr,latence,en,latency,transparent
fr,latent,en,latent,transparent
fr,latex,en,latex,transparent
fr,latin,en,latin,transparent
fr,latino,en,latino,transparent
fr,latitude,en,latitude,transparent
fr,latrine,en,latrine,transparent
fr,latte,en,latte,transparent
fr,latéral,en,lateral,transparent
fr,laurier,en,laurel,altered
fr,lauréat,en,laureate,altered
fr,lavande,en,lavender,altered
fr,lave,en,lava,altered
fr,laxatif,en,laxative,transparent
fr,laxe,en,lax,transparent
fr,leader,en,leader,transparent
fr,leasing,en,leasing,transparent
fr,legging,en,leg,transparent
fr,lemme,en,lemma,transparent
fr,lentille,en,lentil,altered
fr,lesbien,en,lesbian,transparent
fr,leucocyte,en,leukocyte,altered
fr,leucémie,en,leukemia,altered
fr,lever,en,lever,transparent
fr,levée,en,levee,transparent
fr,lexical,en,lexical,transparent
fr,lexique,en,lexicon,altered
fr,leçon,en,lesson,transparent
fr,liaison,en,liaison,transparent
fr,liane,en,liana,altered
fr,libanais,en,lebanese,altered
fr,libelle,en,libel,transparent
fr,libertaire,en,libertarian,transparent
fr,libertarianisme,en,libertarianism,transparent
fr,libertin,en,libertine,transparent
fr,liberté,en,liberty,altered
fr,libido,en,libido,transparent
fr,libre,en,libre,transparent
fr,libéral,en,liberal,transparent
fr,libéralisation,en,liberalization,altered
fr,libéraliser,en,liberalize,altered
fr,libéralisme,en,liberalism,transparent
fr,libérateur,en,liberator,transparent
fr,libération,en,liberation,transparent
fr,libérer,en,liberate,transparent
fr,licence,en,license,transparent
fr,licencié,en,licensee,altered
fr,lichen,en,lichen,transparent
fr,licorne,en,unicorn,altered
fr,lido,en,lido,transparent
fr,lien,en,lien,transparent
fr,lieu,en,lieu,transparent
fr,lieutenant,en,lieutenant,transparent
fr,ligament,en,ligament,transparent
fr,ligand,en,ligand,transparent
fr,ligature,en,ligature,transparent
fr,lignage,en,lineage,altered
fr,ligue,en,league,altered
fr,lilas,en,lilac,transparent
fr,limbe,en,limbo,altered
fr,limitation,en,limitation,transparent
fr,limite,en,limit,transparent
fr,limonade,en,lemonade,transparent
fr,limousine,en,limousine,transparent
fr,lingerie,en,lingerie,transparent
fr,lingual,en,lingual,transparent
fr,linguiste,en,linguist,transparent
fr,linguistique,en,linguistic,altered
fr,linguistiquement,en,linguistically,transparent
fr,lino,en,lino,transparent
fr,linoléum,en,linoleum,altered
fr,linux,en,linux,transparent
fr,linéaire,en,linear,altered
fr,lion,en,lion,transparent
fr,lipide,en,lipid,transparent
fr,liqueur,en,liquor,transparent
fr,liquidateur,en,liquidator,transparent
fr,liquidation,en,liquidation,transparent
fr,liquide,en,liquid,transparent
fr,liquider,en,liquidate,transparent
fr,liquidité,en,liquidity,transparent
fr,liquéfier,en,liquefy,altered
fr,lire,en,lira,altered
fr,lisible,en,legible,altered
fr,liste,en,list,transparent
fr,litanie,en,litany,transparent
fr,lithium,en,lithium,transparent
fr,lithographie,en,lithograph,transparent
fr,litigation,en,litigation,transparent
fr,litière,en,litter,altered
fr,litre,en,litre,transparent
fr,littoral,en,littoral,transparent
fr,littéraire,en,literary,transparent
fr,littéral,en,literal,transparent
fr,littératie,en,literacy,transparent
fr,littérature,en,literature,transparent
fr,liturgie,en,liturgy,transparent
fr,liturgique,en,liturgical,altered
fr,livide,en,livid,transparent
fr,livraison,en,delivery,altered
fr,livre,en,libra,altered
fr,livret,en,libretto,altered
fr,livrée,en,livery,altered
fr,liège,en,liege,transparent
fr,lié,en,liable,altered
fr,lobbyiste,en,lobbyist,transparent
fr,lobe,en,lobe,transparent
fr,local,en,local,transparent
fr,localement,en,locally,altered
fr,localisation,en,localization,transparent
fr,localiser,en,locate,transparent
fr,localité,en,locality,transparent
fr,locomotion,en,locomotion,transparent
fr,locomotive,en,locomotive,transparent
fr,locum,en,locum,transparent
fr,locus,en,locus,transparent
fr,logarithme,en,logarithm,transparent
fr,logarithmique,en,logarithmic,transparent
fr,logeur,en,lodger,altered
fr,login,en,login,transparent
fr,logique,en,logic,altered
fr,logiquement,en,logically,transparent
fr,logistique,en,logistics,transparent
fr,logo,en,logo,transparent
fr,loin,en,loin,transparent
fr,loisir,en,leisure,altered
fr,lollipop,en,lollipop,transparent
fr,lombaire,en,lumbar,altered
fr,lombard,en,lombard,transparent
fr,longitude,en,longitude,transparent
fr,longitudinal,en,longitudinal,transparent
fr,longévité,en,longevity,transparent
fr,losange,en,lozenge,altered
fr,loterie,en,lottery,transparent
fr,lotion,en,lotion,transparent
fr,loto,en,lotto,altered
fr,lotus,en,lotus,transparent
fr,louable,en,laudable,altered
fr,louvre,en,louvre,transparent
fr,loyal,en,loyal,transparent
fr,loyauté,en,loyalty,transparent
fr,lubrifiant,en,lubricant,altered
fr,lubrification,en,lubrication,altered
fr,lubrifier,en,lubricate,altered
fr,lucide,en,lucid,transparent
fr,lucifer,en,lucifer,transparent
fr,lucratif,en,lucrative,transparent
fr,luge,en,luge,transparent
fr,lui,en,lui,transparent
fr,lumen,en,lumen,transparent
fr,luminaire,en,luminary,altered
fr,lumineux,en,luminous,altered
fr,luminosité,en,luminosity,transparent
fr,lunaire,en,lunar,altered
fr,lunatique,en,lunatic,altered
fr,lunch,en,luncheon,transparent
fr,lune,en,luna,altered
fr,lupus,en,lupus,transparent
fr,lustre,en,lustre,transparent
fr,luth,en,lute,altered
fr,luthérien,en,lutheran,altered
fr,lux,en,lux,transparent
fr,luxe,en,luxury,altered
fr,luxembourg,en,luxembourg,transparent
fr,luxueux,en,luxurious,altered
fr,luzerne,en,lucerne,altered
fr,lycée,en,lyceum,altered
fr,lymphatique,en,lymphatic,transparent
fr,lymphe,en,lymph,altered
fr,lymphocyte,en,lymphocyte,transparent
fr,lymphome,en,lymphoma,transparent
fr,lynx,en,lynx,transparent
fr,lyre,en,lyre,transparent
fr,lyrique,en,lyric,transparent
fr,lyrisme,en,lyricism,altered
fr,lysine,en,lysine,transparent
fr,lèpre,en,leprosy,altered
fr,légal,en,legal,transparent
fr,légalement,en,legally,transparent
fr,légalisation,en,legalization,transparent
fr,légaliser,en,legalize,altered
fr,légalité,en,legality,transparent
fr,légation,en,legation,transparent
fr,légendaire,en,legendary,transparent
fr,légende,en,legend,altered
fr,léger,en,leger,transparent
fr,légion,en,legion,transparent
fr,légionnaire,en,legionnaire,transparent
fr,législateur,en,legislator,transparent
fr,législatif,en,legislative,transparent
fr,législation,en,legislation,transparent
fr,législature,en,legislature,transparent
fr,légitime,en,legitimate,transparent
fr,légitimement,en,legitimately,transparent
fr,légitimer,en,legitimize,altered
fr,légitimité,en,legitimacy,transparent
fr,légume,en,legume,altered
fr,lémur,en,lemur,transparent
fr,léonard,en,leonardo,altered
fr,léopard,en,leopard,transparent
fr,léotard,en,leotard,transparent
fr,lépreux,en,leper,altered
fr,lésion,en,lesion,transparent
fr,létal,en,lethal,transparent
fr,léthargie,en,lethargy,transparent
fr,léthargique,en,lethargic,transparent
fr,léviter,en,levitate,transparent
fr,lévitique,en,leviticus,transparent
fr,macabre,en,macabre,transparent
fr,macaque,en,macaque,transparent
fr,macaron,en,macaroni,altered
fr,mach,en,mach,transparent
fr,machination,en,machination,transparent
fr,machine,en,machine,transparent
fr,machinerie,en,machinery,transparent
fr,machiniste,en,machinist,transparent
fr,macro,en,macro,transparent
fr,macroscopique,en,macroscopic,transparent
fr,macroéconomie,en,macroeconomics,transparent
fr,macroéconomique,en,macroeconomic,transparent
fr,maculaire,en,macular,altered
fr,macédoine,en,macedonia,altered
fr,macédonien,en,macedonian,transparent
fr,madame,en,madame,transparent
fr,mademoiselle,en,mademoiselle,transparent
fr,madrigal,en,madrigal,transparent
fr,maelstrom,en,maelstrom,transparent
fr,maestro,en,maestro,transparent
fr,mafia,en,mafia,transparent
fr,magazine,en,magazine,transparent
fr,magenta,en,magenta,transparent
fr,magicien,en,magician,transparent
fr,magie,en,magic,transparent
fr,magique,en,magical,transparent
fr,magiquement,en,magically,transparent
fr,magistrat,en,magistrate,transparent
fr,magma,en,magma,transparent
fr,magnanime,en,magnanimous,altered
fr,magnat,en,magnate,altered
fr,magnificence,en,magnificence,transparent
fr,magnifier,en,magnify,transparent
fr,magnifique,en,magnificent,transparent
fr,magnitude,en,magnitude,transparent
fr,magnolia,en,magnolia,transparent
fr,magnum,en,magnum,transparent
fr,magnésium,en,magnesium,transparent
fr,magnétique,en,magnetic,transparent
fr,magnétiser,en,magnetize,altered
fr,magnétisme,en,magnetism,altered
fr,magnéto,en,magneto,altered
fr,mahatma,en,mahatma,transparent
fr,maillet,en,mallet,altered
fr,mainframe,en,mainframe,transparent
fr,maintenance,en,maintenance,transparent
fr,mainteneur,en,maintainer,altered
fr,maintenir,en,maintain,transparent
fr,majestueux,en,majestic,altered
fr,majesté,en,majesty,transparent
fr,majorité,en,majority,transparent
fr,malaise,en,malaise,transparent
fr,malaria,en,malaria,transparent
fr,malfaisance,en,malfeasance,altered
fr,malformation,en,malformation,transparent
fr,mali,en,mali,transparent
fr,malice,en,malice,transparent
fr,malin,en,malignant,altered
fr,malléable,en,malleable,transparent
fr,malveillant,en,malevolent,altered
fr,malware,en,malware,transparent
fr,maléfique,en,maleficent,transparent
fr,maman,en,mama,altered
fr,mambo,en,mambo,transparent
fr,mammaire,en,mammary,transparent
fr,mammifère,en,mammalian,altered
fr,mammographie,en,mammogram,altered
fr,mana,en,mana,transparent
fr,management,en,management,transparent
fr,manager,en,manager,transparent
fr,managérial,en,managerial,transparent
fr,mandala,en,mandala,transparent
fr,mandarin,en,mandarin,transparent
fr,mandat,en,mandate,altered
fr,mandibule,en,mandible,altered
fr,mandoline,en,mandolin,transparent
fr,manganèse,en,manganese,transparent
fr,maniabilité,en,maneuverability,altered
fr,maniaque,en,maniac,altered
fr,manie,en,mania,transparent
fr,manifestation,en,manifestation,transparent
fr,manifeste,en,manifest,transparent
fr,manifestement,en,manifestly,transparent
fr,manifold,en,manifold,transparent
fr,manille,en,manila,altered
fr,manipulateur,en,manipulator,transparent
fr,manipulation,en,manipulation,transparent
fr,manipuler,en,manipulate,transparent
fr,manière,en,manner,transparent
fr,maniérisme,en,mannerism,altered
fr,manne,en,manna,altered
fr,mannequin,en,mannequin,transparent
fr,manoeuvre,en,maneuver,altered
fr,mansion,en,mansion,transparent
fr,mante,en,mantis,altered
fr,manteau,en,mantle,altered
fr,mantel,en,mantel,transparent
fr,mantra,en,mantra,transparent
fr,manucure,en,manicure,altered
fr,manuel,en,manual,altered
fr,manuellement,en,manually,transparent
fr,manufacture,en,manufacturing,altered
fr,manuscrit,en,manuscript,altered
fr,manœuvre,en,manoeuvre,transparent
fr,maoïste,en,maoist,transparent
fr,marathon,en,marathon,transparent
fr,maraudeur,en,marauder,transparent
fr,marbre,en,marble,altered
fr,marc,en,marc,transparent
fr,marchand,en,merchant,altered
fr,marchandisage,en,merchandising,altered
fr,marchandise,en,merchandise,transparent
fr,margarine,en,margarine,transparent
fr,marge,en,margin,altered
fr,marginal,en,marginal,transparent
fr,marginaliser,en,marginalize,transparent
fr,mariage,en,marriage,altered
fr,marin,en,marine,altered
fr,marinade,en,marinade,transparent
fr,mariner,en,marinate,transparent
fr,marionnette,en,marionette,transparent
fr,marital,en,marital,transparent
fr,maritime,en,maritime,transparent
fr,marmelade,en,marmalade,transparent
fr,maroc,en,morocco,altered
fr,marocain,en,moroccan,altered
fr,marqueur,en,marker,altered
fr,marquis,en,marquis,transparent
fr,marseille,en,marseilles,transparent
fr,marsupial,en,marsupial,transparent
fr,martial,en,martial,transparent
fr,martini,en,martini,transparent
fr,martinique,en,martinique,transparent
fr,martyr,en,martyr,transparent
fr,martyre,en,martyrdom,altered
fr,marx,en,marx,transparent
fr,marxisme,en,marxism,transparent
fr,marxiste,en,marxist,altered
fr,masala,en,masala,transparent
fr,mascara,en,mascara,transparent
fr,mascarade,en,masquerade,transparent
fr,mascotte,en,mascot,transparent
fr,masculin,en,masculine,transparent
fr,masculinité,en,masculinity,transparent
fr,masque,en,mask,transparent
fr,massacre,en,massacre,transparent
fr,massage,en,massage,transparent
fr,masse,en,mass,transparent
fr,masseur,en,masseuse,transparent
fr,massif,en,massive,altered
fr,massivement,en,massively,altered
fr,mastectomie,en,mastectomy,transparent
fr,mastodonte,en,mastodon,transparent
fr,masturbation,en,masturbation,transparent
fr,masturber,en,masturbate,transparent
fr,matador,en,matador,transparent
fr,maternel,en,maternal,altered
fr,maternité,en,maternity,transparent
fr,mathématicien,en,mathematician,altered
fr,mathématique,en,mathematics,transparent
fr,mathématiquement,en,mathematically,transparent
fr,matinée,en,matinee,transparent
fr,matriarche,en,matriarch,transparent
fr,matrice,en,matrix,altered
fr,matrimoine,en,matrimony,altered
fr,matrimonial,en,matrimonial,transparent
fr,matrone,en,matron,altered
fr,maturation,en,maturation,transparent
fr,maturité,en,maturity,transparent
fr,matérialiser,en,materialize,altered
fr,matérialisme,en,materialism,transparent
fr,matérialiste,en,materialistic,transparent
fr,matériel,en,material,transparent
fr,matériellement,en,materially,transparent
fr,mausolée,en,mausoleum,transparent
fr,mauve,en,mauve,transparent
fr,maxi,en,maxi,transparent
fr,maximal,en,maximal,transparent
fr,maxime,en,maxim,transparent
fr,maximilien,en,maximilian,altered
fr,maximiser,en,maximize,transparent
fr,maximum,en,max,transparent
fr,mayonnaise,en,mayonnaise,transparent
fr,mayoral,en,mayoral,transparent
fr,maçonnerie,en,masonry,altered
fr,maçonnique,en,masonic,altered
fr,maître,en,master,altered
fr,maîtresse,en,mistress,altered
fr,mellitus,en,mellitus,transparent
fr,melon,en,melon,transparent
fr,membrane,en,membrane,transparent
fr,membre,en,member,transparent
fr,memento,en,memento,transparent
fr,menace,en,menace,transparent
fr,menstruation,en,menstruation,transparent
fr,menstruel,en,menstrual,altered
fr,mental,en,mental,transparent
fr,mentalement,en,mentally,transparent
fr,mentalité,en,mentality,transparent
fr,menthe,en,mint,altered
fr,menthol,en,menthol,transparent
fr,mention,en,mention,transparent
fr,mentor,en,mentor,transparent
fr,mentorat,en,mentorship,altered
fr,menu,en,menu,transparent
fr,mercantile,en,mercantile,transparent
fr,mercenaire,en,mercenary,transparent
fr,merci,en,merci,transparent
fr,mercier,en,mercier,transparent
fr,mercure,en,mercury,transparent
fr,merger,en,merge,transparent
fr,meringue,en,meringue,transparent
fr,merlot,en,merlot,transparent
fr,merveilleux,en,marvelous,altered
fr,message,en,message,transparent
fr,messianique,en,messianic,transparent
fr,messie,en,messiah,transparent
fr,mesurable,en,measurable,transparent
fr,mesure,en,measure,altered
fr,meuble,en,movable,altered
fr,meurtrier,en,murderer,altered
fr,mexicain,en,mexican,transparent
fr,mezzanine,en,mezzanine,transparent
fr,mica,en,mica,transparent
fr,micro,en,micro,transparent
fr,micro-onde,en,microwave,altered
fr,microbe,en,microbe,transparent
fr,microbien,en,microbial,transparent
fr,microbiologie,en,microbiology,transparent
fr,microbiome,en,microbiome,transparent
fr,microchip,en,microchip,transparent
fr,microcosme,en,microcosm,transparent
fr,microfilm,en,microfilm,transparent
fr,microgramme,en,microgram,transparent
fr,micromètre,en,micrometer,transparent
fr,micron,en,micron,transparent
fr,microorganisme,en,microorganism,transparent
fr,microphone,en,microphone,transparent
fr,microprocesseur,en,microprocessor,transparent
fr,microscope,en,microscope,transparent
fr,microscopie,en,microscopy,transparent
fr,microscopique,en,microscopic,altered
fr,midi,en,mid,altered
fr,mignon,en,mignon,transparent
fr,migraine,en,migraine,transparent
fr,migrant,en,migrant,transparent
fr,migration,en,migration,transparent
fr,migratoire,en,migratory,transparent
fr,migrer,en,migrate,transparent
fr,milice,en,militia,transparent
fr,militaire,en,military,transparent
fr,militairement,en,militarily,transparent
fr,militant,en,militant,transparent
fr,militantisme,en,militancy,altered
fr,militariser,en,militarize,transparent
fr,militarisme,en,militarism,transparent
fr,militariste,en,militaristic,altered
fr,mille,en,mile,transparent
fr,milligramme,en,milligram,transparent
fr,millimètre,en,millimeter,transparent
fr,million,en,million,transparent
fr,millionième,en,millionth,altered
fr,millionnaire,en,millionaire,transparent
fr,milliseconde,en,millisecond,transparent
fr,millénium,en,millennium,transparent
fr,mime,en,mimic,altered
fr,mimosa,en,mimosa,transparent
fr,mimétisme,en,mimicry,altered
fr,minaret,en,minaret,transparent
fr,mineur,en,minor,altered
fr,mini,en,mini,transparent
fr,miniature,en,miniature,transparent
fr,minibus,en,minibus,transparent
fr,minimal,en,minimal,transparent
fr,minimalement,en,minimally,transparent
fr,minimalisme,en,minimalism,transparent
fr,minimaliste,en,minimalist,transparent
fr,minimiser,en,minimize,transparent
fr,minimum,en,minimum,transparent
fr,minion,en,minion,transparent
fr,ministre,en,minister,altered
fr,ministère,en,ministry,altered
fr,ministériel,en,ministerial,altered
fr,minivan,en,minivan,transparent
fr,minorité,en,minority,transparent
fr,minotaure,en,minotaur,transparent
fr,minuscule,en,minuscule,transparent
fr,minute,en,minute,transparent
fr,minutie,en,minutia,altered
fr,minéral,en,mineral,transparent
fr,minéralogie,en,mineralogy,transparent
fr,miocène,en,miocene,altered
fr,miracle,en,miracle,transparent
fr,miraculeux,en,miraculous,transparent
fr,mirage,en,mirage,transparent
fr,miroir,en,mirror,transparent
fr,mirza,en,mirza,transparent
fr,misogyne,en,misogynist,altered
fr,misogynie,en,misogyny,transparent
fr,missile,en,missile,transparent
fr,mission,en,mission,transparent
fr,missionnaire,en,missionary,transparent
fr,mister,en,mister,transparent
fr,misère,en,misery,altered
fr,misérable,en,miserable,transparent
fr,misérablement,en,miserably,transparent
fr,mitigation,en,mitigation,transparent
fr,mitiger,en,mitigate,transparent
fr,mitochondrie,en,mitochondrion,altered
fr,mitose,en,mitosis,altered
fr,mitre,en,mitre,transparent
fr,mnémonique,en,mnemonic,transparent
fr,mobile,en,mobile,transparent
fr,mobilisation,en,mobilization,transparent
fr,mobiliser,en,mobilize,transparent
fr,mobilité,en,mobility,transparent
fr,modal,en,modal,transparent
fr,modalité,en,modality,transparent
fr,modem,en,modem,transparent
fr,moderne,en,modern,transparent
fr,modernisation,en,modernization,transparent
fr,moderniser,en,modernize,transparent
fr,modernisme,en,modernism,transparent
fr,moderniste,en,modernist,transparent
fr,modernité,en,modernity,transparent
fr,modeste,en,modest,transparent
fr,modestie,en,modesty,transparent
fr,modificateur,en,modifier,transparent
fr,modification,en,modification,transparent
fr,modifier,en,modify,transparent
fr,modulaire,en,modular,altered
fr,modulateur,en,modulator,transparent
fr,modulation,en,modulation,transparent
fr,module,en,module,transparent
fr,moduler,en,modulate,transparent
fr,modus,en,modus,transparent
fr,modèle,en,model,altered
fr,modérateur,en,moderator,altered
fr,modération,en,moderation,transparent
fr,modérer,en,moderate,altered
fr,modérément,en,moderately,transparent
fr,moine,en,monk,altered
fr,moins,en,minus,altered
fr,molaire,en,molar,altered
fr,molester,en,molest,transparent
fr,mollusque,en,mollusk,altered
fr,molybdène,en,molybdenum,altered
fr,moléculaire,en,molecular,altered
fr,molécule,en,molecule,transparent
fr,moment,en,moment,transparent
fr,momentané,en,momentary,transparent
fr,momentanément,en,momentarily,transparent
fr,momentum,en,momentum,transparent
fr,momie,en,mummy,altered
fr,monarchie,en,monarchy,transparent
fr,monarque,en,monarch,altered
fr,monastique,en,monastic,transparent
fr,monastère,en,monastery,transparent
fr,mondain,en,mundane,altered
fr,mongol,en,mongol,transparent
fr,moniteur,en,monitor,altered
fr,monochromatique,en,monochromatic,transparent
fr,monochrome,en,monochrome,transparent
fr,monoclonal,en,monoclonal,transparent
fr,monogame,en,monogamous,altered
fr,monogamie,en,monogamy,transparent
fr,monogramme,en,monogram,transparent
fr,monographie,en,monograph,transparent
fr,monolithe,en,monolith,transparent
fr,monolithique,en,monolithic,transparent
fr,monologue,en,monologue,transparent
fr,monomère,en,monomer,transparent
fr,monopole,en,monopoly,altered
fr,monopoliser,en,monopolize,transparent
fr,monorail,en,monorail,transparent
fr,monotone,en,monotone,transparent
fr,monotonie,en,monotony,transparent
fr,monoxyde,en,monoxide,transparent
fr,monseigneur,en,monsignor,altered
fr,monsieur,en,monsieur,transparent
fr,monstre,en,monster,altered
fr,monstrueux,en,monstrous,altered
fr,monstruosité,en,monstrosity,transparent
fr,montage,en,montage,transparent
fr,montagnard,en,mountaineer,altered
fr,montagne,en,mountain,transparent
fr,montagneux,en,mountainous,altered
fr,montréal,en,montreal,transparent
fr,monténégro,en,montenegro,transparent
fr,monument,en,monument,transparent
fr,monumental,en,monumental,transparent
fr,monétaire,en,monetary,altered
fr,monétisation,en,monetization,transparent
fr,monétiser,en,monetize,transparent
fr,moral,en,moral,transparent
fr,morale,en,morale,transparent
fr,moralité,en,morality,transparent
fr,moratoire,en,moratorium,transparent
fr,morbide,en,morbid,transparent
fr,morbidité,en,morbidity,transparent
fr,mormon,en,mormon,transparent
fr,moron,en,moron,transparent
fr,morphe,en,morph,transparent
fr,morphine,en,morphine,transparent
fr,morphologie,en,morphology,transparent
fr,morphologique,en,morphological,transparent
fr,morphée,en,morpheus,altered
fr,mort,en,mort,altered
fr,mortalité,en,mortality,transparent
fr,mortel,en,mortal,transparent
fr,mortellement,en,mortally,transparent
fr,mortier,en,mortar,altered
fr,mortifier,en,mortify,transparent
fr,mortuaire,en,mortuary,transparent
fr,mosaïque,en,mosaic,transparent
fr,mosquée,en,mosque,altered
fr,mot,en,mot,transparent
fr,motel,en,motel,transparent
fr,moteur,en,motor,altered
fr,motif,en,motive,altered
fr,motilité,en,motility,transparent
fr,motion,en,motion,transparent
fr,motivateur,en,motivator,transparent
fr,motivation,en,motivation,transparent
fr,motivationnel,en,motivational,transparent
fr,motiver,en,motivate,altered
fr,motocross,en,motocross,transparent
fr,motocyclette,en,motorcycle,transparent
fr,motocycliste,en,motorcyclist,transparent
fr,motoriser,en,motorize,transparent
fr,motoriste,en,motorist,transparent
fr,moudjahidine,en,mujahideen,altered
fr,mouler,en,mold,altered
fr,mousquet,en,musket,altered
fr,mousquetaire,en,musketeer,altered
fr,mousse,en,mousse,transparent
fr,mousseline,en,muslin,altered
fr,mousson,en,monsoon,altered
fr,moustache,en,mustache,altered
fr,mouvement,en,movement,transparent
fr,mouvoir,en,move,altered
fr,mozzarella,en,mozzarella,transparent
fr,mucus,en,mucus,transparent
fr,muet,en,mute,altered
fr,muffin,en,muffin,transparent
fr,mufti,en,mufti,transparent
fr,mule,en,mules,altered
fr,multicanal,en,multichannel,transparent
fr,multiculturalisme,en,multiculturalism,transparent
fr,multiculturel,en,multicultural,altered
fr,multidimensionnel,en,multidimensional,transparent
fr,multidisciplinaire,en,multidisciplinary,transparent
fr,multilatéral,en,multilateral,transparent
fr,multilingue,en,multilingual,altered
fr,multimédia,en,multimedia,transparent
fr,multinational,en,multinational,transparent
fr,multiple,en,multiple,transparent
fr,multiplex,en,multiplex,transparent
fr,multiplicateur,en,multiplier,transparent
fr,multiplication,en,multiplication,transparent
fr,multiplier,en,multiply,transparent
fr,multiracial,en,multiracial,transparent
fr,multitude,en,multitude,transparent
fr,multitâche,en,multitask,transparent
fr,multivers,en,multiverse,transparent
fr,mulâtre,en,mulatto,altered
fr,munchkin,en,munchkin,transparent
fr,municipal,en,municipal,transparent
fr,municipalité,en,municipality,transparent
fr,munition,en,ammunition,transparent
fr,muqueuse,en,mucosa,altered
fr,muqueux,en,mucous,altered
fr,mural,en,mural,transparent
fr,murmure,en,murmur,transparent
fr,muscle,en,muscle,transparent
fr,musculaire,en,muscular,transparent
fr,muse,en,muse,transparent
fr,musical,en,musical,transparent
fr,musicien,en,musician,altered
fr,musique,en,music,transparent
fr,mustang,en,mustang,transparent
fr,musulman,en,muslim,transparent
fr,musée,en,museum,altered
fr,mutant,en,mutant,transparent
fr,mutation,en,mutation,transparent
fr,muter,en,mutate,transparent
fr,mutilation,en,mutilation,transparent
fr,mutiler,en,mutilate,transparent
fr,mutinerie,en,mutiny,altered
fr,mutuel,en,mutual,transparent
fr,mutuellement,en,mutually,altered
fr,myocardique,en,myocardial,transparent
fr,myope,en,myopic,altered
fr,myriade,en,myriad,transparent
fr,mysticisme,en,mysticism,transparent
fr,mystifier,en,mystify,altered
fr,mystique,en,mystic,transparent
fr,mystère,en,mystery,transparent
fr,mystérieux,en,mysterious,altered
fr,mythe,en,mythos,transparent
fr,mythique,en,mythic,transparent
fr,mythologie,en,mythology,transparent
fr,mythologique,en,mythological,transparent
fr,myélome,en,myeloma,transparent
fr,mâle,en,male,transparent
fr,mème,en,meme,altered
fr,mètre,en,meter,transparent
fr,méandre,en,meander,transparent
fr,mécanique,en,mechanical,transparent
fr,mécaniser,en,mechanize,altered
fr,mécanisme,en,mechanism,transparent
fr,mécréant,en,miscreant,altered
fr,médaille,en,medal,transparent
fr,médaillon,en,medallion,transparent
fr,médecine,en,medicine,altered
fr,média,en,medium,transparent
fr,médial,en,medial,transparent
fr,médiane,en,median,transparent
fr,médiateur,en,mediator,altered
fr,médiation,en,mediation,transparent
fr,médic,en,medic,transparent
fr,médical,en,medical,transparent
fr,médication,en,medication,altered
fr,médicinal,en,medicinal,transparent
fr,médiocre,en,mediocre,transparent
fr,médiocrité,en,mediocrity,transparent
fr,méditatif,en,meditative,transparent
fr,méditation,en,meditation,transparent
fr,méditer,en,meditate,transparent
fr,méditerranéen,en,mediterranean,transparent
fr,médium,en,medium,transparent
fr,médiéval,en,medieval,altered
fr,méduse,en,medusa,transparent
fr,méga,en,mega,transparent
fr,mégaphone,en,megaphone,transparent
fr,mégawatt,en,megawatt,transparent
fr,mélancolie,en,melancholy,altered
fr,mélancolique,en,melancholic,transparent
fr,mélanine,en,melanin,transparent
fr,mélanome,en,melanoma,altered
fr,mélatonine,en,melatonin,transparent
fr,mélodie,en,melody,transparent
fr,mélodique,en,melodic,altered
fr,mélodramatique,en,melodramatic,transparent
fr,mélodrame,en,melodrama,transparent
fr,mémo,en,memo,transparent
fr,mémoire,en,memory,altered
fr,mémorable,en,memorable,transparent
fr,mémorandum,en,memorandum,transparent
fr,mémorial,en,memorial,transparent
fr,mémorisation,en,memorization,transparent
fr,mémoriser,en,memorize,transparent
fr,ménagerie,en,menagerie,transparent
fr,ménestrel,en,minstrel,altered
fr,méningite,en,meningitis,altered
fr,ménisque,en,meniscus,altered
fr,ménopause,en,menopause,transparent
fr,méridien,en,meridian,altered
fr,mérinos,en,merino,transparent
fr,mérite,en,merit,transparent
fr,méritoire,en,meritorious,transparent
fr,mésaventure,en,misadventure,transparent
fr,mésothéliome,en,mesothelioma,altered
fr,mésozoïque,en,mesozoic,transparent
fr,métaboliser,en,metabolize,altered
fr,métabolisme,en,metabolism,transparent
fr,métabolite,en,metabolite,transparent
fr,métadonnées,en,metadata,altered
fr,métal,en,metal,transparent
fr,métallique,en,metallic,transparent
fr,métallurgie,en,metallurgy,transparent
fr,métallurgique,en,metallurgical,transparent
fr,métamorphique,en,metamorphic,transparent
fr,métamorphose,en,metamorphosis,altered
fr,métamorphoser,en,metamorphose,transparent
fr,métaphore,en,metaphor,transparent
fr,métaphorique,en,metaphorical,transparent
fr,métaphysique,en,metaphysical,transparent
fr,métastase,en,metastasis,altered
fr,métastatique,en,metastatic,transparent
fr,méthadone,en,methadone,transparent
fr,méthamphétamine,en,methamphetamine,transparent
fr,méthane,en,methane,altered
fr,méthanol,en,methanol,transparent
fr,méthode,en,method,transparent
fr,méthodique,en,methodical,transparent
fr,méthodiquement,en,methodically,transparent
fr,méthodiste,en,methodist,transparent
fr,méthodologie,en,methodology,transparent
fr,méthodologique,en,methodological,altered
fr,méthyle,en,methyl,altered
fr,méticuleux,en,meticulous,altered
fr,métrique,en,metric,transparent
fr,métro,en,metro,transparent
fr,métronome,en,metronome,transparent
fr,métropole,en,metropolis,transparent
fr,métropolitain,en,metropolitan,transparent
fr,météore,en,meteor,transparent
fr,météorique,en,meteoric,altered
fr,météorite,en,meteorite,transparent
fr,météorologie,en,meteorology,transparent
fr,météorologique,en,meteorological,altered
fr,météorologue,en,meteorologist,transparent
fr,mêler,en,meddle,altered
fr,mêlée,en,melee,transparent
fr,mûr,en,mature,altered
fr,nadir,en,nadir,transparent
fr,naissant,en,nascent,altered
fr,nano,en,nano,transparent
fr,nanoparticule,en,nanoparticle,transparent
fr,nanotechnologie,en,nanotechnology,transparent
fr,napolitain,en,neapolitan,altered
fr,napoléon,en,napoleon,transparent
fr,napoléonien,en,napoleonic,altered
fr,narcisse,en,narcissus,altered
fr,narcissique,en,narcissistic,transparent
fr,narcissisme,en,narcissism,transparent
fr,narcotique,en,narcotic,transparent
fr,narrateur,en,narrator,altered
fr,narratif,en,narrative,transparent
fr,narration,en,narration,transparent
fr,narrer,en,narrate,transparent
fr,nasal,en,nasal,transparent
fr,natal,en,natal,transparent
fr,natif,en,native,transparent
fr,nation,en,nation,transparent
fr,national,en,national,transparent
fr,nationalement,en,nationally,transparent
fr,nationalisation,en,nationalization,transparent
fr,nationaliser,en,nationalize,transparent
fr,nationalisme,en,nationalism,transparent
fr,nationaliste,en,nationalist,transparent
fr,nationalité,en,nationality,transparent
fr,nativité,en,nativity,transparent
fr,naturalisation,en,naturalization,transparent
fr,naturaliser,en,naturalize,transparent
fr,naturalisme,en,naturalism,transparent
fr,naturaliste,en,naturalist,transparent
fr,nature,en,nature,transparent
fr,naturel,en,natural,transparent
fr,naturellement,en,naturally,transparent
fr,nauséabond,en,nauseous,altered
fr,nausée,en,nausea,altered
fr,nautile,en,nautilus,altered
fr,nautique,en,nautical,transparent
fr,naval,en,naval,transparent
fr,navigable,en,navigable,transparent
fr,navigateur,en,navigator,transparent
fr,navigation,en,navigation,transparent
fr,naviguer,en,navigate,transparent
fr,nazi,en,nazi,transparent
fr,nazisme,en,nazism,transparent
fr,naître,en,nee,altered
fr,naïf,en,naive,transparent
fr,nectar,en,nectar,transparent
fr,nef,en,nave,altered
fr,neptune,en,neptune,transparent
fr,nerf,en,nerve,altered
fr,nerveux,en,nervous,transparent
fr,nervosité,en,nervousness,transparent
fr,net,en,net,transparent
fr,network,en,network,transparent
fr,neuf,en,nine,altered
fr,neural,en,neural,transparent
fr,neuro,en,neuro,transparent
fr,neurobiologie,en,neurobiology,altered
fr,neurologie,en,neurology,transparent
fr,neurologique,en,neurological,altered
fr,neurologue,en,neurologist,transparent
fr,neuromusculaire,en,neuromuscular,transparent
fr,neuronal,en,neuronal,transparent
fr,neurone,en,neuron,altered
fr,neuropathie,en,neuropathy,transparent
fr,neurosciences,en,neuroscience,transparent
fr,neurotransmetteur,en,neurotransmitter,transparent
fr,neutraliser,en,neutralize,transparent
fr,neutralité,en,neutrality,transparent
fr,neutre,en,neutral,altered
fr,neutrino,en,neutrino,transparent
fr,neutron,en,neutron,transparent
fr,neveu,en,nephew,altered
fr,newtonien,en,newtonian,transparent
fr,nexus,en,nexus,transparent
fr,niche,en,niche,transparent
fr,nickel,en,nickel,transparent
fr,nicotine,en,nicotine,transparent
fr,nigérian,en,nigerian,transparent
fr,nihilisme,en,nihilism,transparent
fr,nil,en,nil,transparent
fr,nimbe,en,nimbus,altered
fr,ninja,en,ninja,transparent
fr,nintendo,en,nintendo,transparent
fr,nirvana,en,nirvana,transparent
fr,nitrate,en,nitrate,transparent
fr,nitreux,en,nitrous,transparent
fr,nitrique,en,nitric,transparent
fr,nitrite,en,nitrite,transparent
fr,nitrure,en,nitride,altered
fr,noble,en,noble,transparent
fr,noblesse,en,nobility,altered
fr,nocturne,en,nocturnal,altered
fr,nodule,en,nodule,transparent
fr,noir,en,noir,transparent
fr,noire,en,noire,transparent
fr,nom,en,name,altered
fr,nomade,en,nomad,transparent
fr,nombre,en,number,altered
fr,nomenclature,en,nomenclature,transparent
fr,nominal,en,nominal,transparent
fr,nomination,en,nomination,transparent
fr,nominer,en,nominee,altered
fr,nommer,en,nominate,altered
fr,non,en,non,transparent
fr,nonchalant,en,nonchalant,transparent
fr,nonstop,en,nonstop,transparent
fr,nord,en,north,altered
fr,nordique,en,nordic,transparent
fr,normal,en,normal,transparent
fr,normalement,en,normally,transparent
fr,normalisation,en,normalization,transparent
fr,normaliser,en,normalize,transparent
fr,normalité,en,normality,transparent
fr,normatif,en,normative,transparent
fr,norme,en,norm,transparent
fr,nostalgie,en,nostalgia,altered
fr,nostalgique,en,nostalgic,transparent
fr,notable,en,notable,transparent
fr,notablement,en,noticeably,altered
fr,notaire,en,notary,transparent
fr,note,en,note,transparent
fr,notice,en,notice,transparent
fr,notification,en,notification,transparent
fr,notifier,en,notify,transparent
fr,notion,en,notion,transparent
fr,notionnel,en,notional,altered
fr,notoire,en,notorious,altered
fr,notoriété,en,notoriety,transparent
fr,nourrice,en,nurse,altered
fr,nourrir,en,nourish,altered
fr,nous,en,nous,transparent
fr,nouveauté,en,novelty,altered
fr,nova,en,nova,transparent
fr,novembre,en,november,transparent
fr,novice,en,novice,transparent
fr,noël,en,noel,transparent
fr,nu,en,nude,altered
fr,nuance,en,nuance,transparent
fr,nuancé,en,nuanced,transparent
fr,nucléaire,en,nuclear,transparent
fr,nucléotide,en,nucleotide,transparent
fr,nudiste,en,nudist,transparent
fr,nuisance,en,nuisance,transparent
fr,nul,en,null,altered
fr,numérique,en,numerical,altered
fr,numériquement,en,numerically,transparent
fr,nurserie,en,nursery,transparent
fr,nutriment,en,nutrient,altered
fr,nutritif,en,nutritious,altered
fr,nutrition,en,nutrition,transparent
fr,nutritionnel,en,nutritional,transparent
fr,nylon,en,nylon,transparent
fr,nymphe,en,nymph,transparent
fr,nébuleuse,en,nebula,altered
fr,nébuleux,en,nebulous,transparent
fr,nécessaire,en,necessary,transparent
fr,nécessairement,en,necessarily,transparent
fr,nécessiter,en,necessitate,transparent
fr,nécessité,en,necessity,transparent
fr,nécromancien,en,necromancer,altered
fr,nécrose,en,necrosis,altered
fr,néfaste,en,nefarious,altered
fr,négatif,en,negative,transparent
fr,négation,en,negation,altered
fr,négativité,en,negativity,transparent
fr,négligeable,en,negligible,altered
fr,négligence,en,negligence,transparent
fr,négligent,en,negligent,transparent
fr,négociable,en,negotiable,transparent
fr,négociateur,en,negotiator,altered
fr,négociation,en,negotiation,altered
fr,négocier,en,negotiate,altered
fr,némésis,en,nemesis,altered
fr,néo,en,neo,transparent
fr,néoclassique,en,neoclassical,transparent
fr,néolibéral,en,neoliberal,transparent
fr,néolibéralisme,en,neoliberalism,transparent
fr,néolithique,en,neolithic,transparent
fr,néon,en,neon,transparent
fr,néonatal,en,neonatal,transparent
fr,népal,en,nepal,transparent
fr,népotisme,en,nepotism,altered
fr,névrose,en,neurosis,altered
fr,névrotique,en,neurotic,altered
fr,névé,en,neve,altered
fr,nœud,en,node,altered
fr,oasis,en,oasis,transparent
fr,objecter,en,objectify,altered
fr,objectif,en,objective,altered
fr,objectification,en,objectification,transparent
fr,objection,en,objection,transparent
fr,objectivement,en,objectively,transparent
fr,objectivité,en,objectivity,transparent
fr,objet,en,object,transparent
fr,obligation,en,obligation,transparent
fr,obligatoire,en,obligatory,transparent
fr,obliger,en,oblige,transparent
fr,oblique,en,oblique,transparent
fr,obliquement,en,obliquely,transparent
fr,oblitérer,en,obliterate,transparent
fr,oblong,en,oblong,transparent
fr,obscur,en,obscure,transparent
fr,obscurité,en,obscurity,transparent
fr,obscène,en,obscene,transparent
fr,obscénité,en,obscenity,transparent
fr,observable,en,observable,transparent
fr,observance,en,observance,transparent
fr,observant,en,observant,transparent
fr,observateur,en,observer,transparent
fr,observation,en,observation,transparent
fr,observatoire,en,observatory,transparent
fr,observer,en,observe,altered
fr,obsessif,en,obsessive,transparent
fr,obsession,en,obsession,transparent
fr,obsidienne,en,obsidian,transparent
fr,obsolescence,en,obsolescence,transparent
fr,obsolète,en,obsolete,transparent
fr,obstacle,en,obstacle,transparent
fr,obstiné,en,obstinate,transparent
fr,obstruction,en,obstruction,transparent
fr,obstétrique,en,obstetrics,transparent
fr,obséder,en,obsess,transparent
fr,obtenir,en,obtain,transparent
fr,obtus,en,obtuse,transparent
fr,obusier,en,howitzer,altered
fr,obèse,en,obese,transparent
fr,obédience,en,obedience,transparent
fr,obéir,en,obey,altered
fr,obéissant,en,obedient,altered
fr,obélisque,en,obelisk,transparent
fr,obésité,en,obesity,transparent
fr,occasion,en,occasion,transparent
fr,occasionnellement,en,occasionally,transparent
fr,occidental,en,occidental,transparent
fr,occipital,en,occipital,transparent
fr,occlusion,en,occlusion,transparent
fr,occulte,en,occult,transparent
fr,occupant,en,occupant,transparent
fr,occupation,en,occupation,transparent
fr,occuper,en,occupy,altered
fr,occurrence,en,occurrence,transparent
fr,ocre,en,ochre,transparent
fr,octane,en,octane,transparent
fr,octave,en,octave,transparent
fr,octobre,en,october,transparent
fr,octogone,en,octagon,transparent
fr,oculaire,en,ocular,altered
fr,ocytocine,en,oxytocin,altered
fr,océan,en,ocean,transparent
fr,océanie,en,oceania,transparent
fr,océanique,en,oceanic,altered
fr,océanographie,en,oceanography,transparent
fr,océanographique,en,oceanographic,transparent
fr,ode,en,ode,transparent
fr,odeur,en,odor,altered
fr,odieux,en,odious,altered
fr,odyssée,en,odyssey,altered
fr,oedème,en,edema,altered
fr,offense,en,offense,transparent
fr,offenseur,en,offender,altered
fr,offensif,en,offensive,transparent
fr,office,en,office,transparent
fr,officiel,en,official,transparent
fr,officiellement,en,officially,transparent
fr,officier,en,officer,altered
fr,officieux,en,unofficial,altered
fr,offshore,en,offshore,transparent
fr,ogre,en,ogre,transparent
fr,ohm,en,ohm,transparent
fr,ok,en,ok,transparent
fr,oktoberfest,en,oktoberfest,transparent
fr,olfactif,en,olfactory,altered
fr,oligarchie,en,oligarchy,transparent
fr,oligarque,en,oligarch,altered
fr,olive,en,olive,transparent
fr,olympe,en,olympus,altered
fr,olympiade,en,olympiad,altered
fr,olympien,en,olympians,altered
fr,olympique,en,olympic,transparent
fr,ombilical,en,umbilical,transparent
fr,ombudsman,en,ombudsman,transparent
fr,omelette,en,omelette,transparent
fr,omen,en,omen,transparent
fr,omission,en,omission,transparent
fr,omni,en,omni,transparent
fr,omnibus,en,omnibus,transparent
fr,omnipotent,en,omnipotent,transparent
fr,omniscient,en,omniscient,transparent
fr,oméga,en,omega,transparent
fr,oncle,en,uncle,altered
fr,oncologie,en,oncology,transparent
fr,oncologue,en,oncologist,altered
fr,onduler,en,undulate,altered
fr,online,en,online,transparent
fr,ontologie,en,ontology,transparent
fr,ontologique,en,ontological,transparent
fr,onyx,en,onyx,transparent
fr,onéreux,en,onerous,altered
fr,opacité,en,opacity,transparent
fr,opale,en,opal,transparent
fr,opaque,en,opaque,transparent
fr,opel,en,opel,transparent
fr,opep,en,opec,altered
fr,ophtalmique,en,ophthalmic,altered
fr,ophtalmologie,en,ophthalmology,altered
fr,opiacé,en,opiate,altered
fr,opiner,en,opine,transparent
fr,opinion,en,opinion,transparent
fr,opioïde,en,opioid,transparent
fr,opium,en,opium,transparent
fr,opportun,en,opportune,transparent
fr,opportuniste,en,opportunistic,altered
fr,opportunité,en,opportunity,transparent
fr,opposant,en,opponent,altered
fr,opposer,en,oppose,transparent
fr,opposition,en,opposition,transparent
fr,opposé,en,opposite,altered
fr,oppresseur,en,oppressor,transparent
fr,oppressif,en,oppressive,transparent
fr,oppression,en,oppression,transparent
fr,opprimer,en,oppress,transparent
fr,opticien,en,optician,transparent
fr,optimal,en,optimal,transparent
fr,optimisation,en,optimization,transparent
fr,optimiser,en,optimize,transparent
fr,optimisme,en,optimism,transparent
fr,optimiste,en,optimistic,altered
fr,optimum,en,optimum,transparent
fr,option,en,option,transparent
fr,optionnel,en,optional,altered
fr,optionnellement,en,optionally,transparent
fr,optique,en,optical,transparent
fr,optiquement,en,optically,transparent
fr,optométrie,en,optometry,altered
fr,optométriste,en,optometrist,transparent
fr,opulence,en,opulence,transparent
fr,opulent,en,opulent,transparent
fr,opérable,en,operable,transparent
fr,opérateur,en,operator,transparent
fr,opératif,en,operative,transparent
fr,opération,en,operation,transparent
fr,opérationnel,en,operational,transparent
fr,opérationnellement,en,operationally,transparent
fr,opératique,en,operatic,altered
fr,opérer,en,operate,transparent
fr,oracle,en,oracle,transparent
fr,oral,en,oral,transparent
fr,oralement,en,orally,transparent
fr,orange,en,orange,transparent
fr,orateur,en,orator,altered
fr,oratoire,en,oratory,transparent
fr,orbital,en,orbital,transparent
fr,orbite,en,orbit,transparent
fr,orchestral,en,orchestral,transparent
fr,orchestration,en,orchestration,transparent
fr,orchestre,en,orchestra,altered
fr,orchestrer,en,orchestrate,transparent
fr,orchidée,en,orchid,altered
fr,ordinaire,en,ordinary,transparent
fr,ordinal,en,ordinal,transparent
fr,ordination,en,ordination,transparent
fr,ordonnance,en,ordinance,altered
fr,ordonné,en,ordinate,altered
fr,organe,en,organ,transparent
fr,organique,en,organic,transparent
fr,organiquement,en,organically,altered
fr,organisateur,en,organizer,altered
fr,organisation,en,organization,transparent
fr,organisationnel,en,organizational,altered
fr,organiser,en,organize,transparent
fr,organisme,en,organism,transparent
fr,organiste,en,organist,transparent
fr,orgasme,en,orgasm,transparent
fr,orgasmique,en,orgasmic,altered
fr,orgie,en,orgy,altered
fr,orient,en,orient,transparent
fr,oriental,en,oriental,transparent
fr,orientation,en,orientation,transparent
fr,orienter,en,orientate,altered
fr,orifice,en,orifice,transparent
fr,origami,en,origami,transparent
fr,origan,en,oregano,altered
fr,original,en,original,transparent
fr,originalité,en,originality,transparent
fr,origine,en,origin,altered
fr,ornement,en,ornament,transparent
fr,ornemental,en,ornamental,transparent
fr,ornementation,en,ornamentation,transparent
fr,orné,en,ornate,altered
fr,orphelin,en,orphan,altered
fr,orphelinat,en,orphanage,altered
fr,orque,en,orca,altered
fr,orthodontiste,en,orthodontist,altered
fr,orthodoxe,en,orthodox,transparent
fr,orthodoxie,en,orthodoxy,altered
fr,orthogonal,en,orthogonal,transparent
fr,orthopédique,en,orthopedic,transparent
fr,oscillateur,en,oscillator,transparent
fr,oscillation,en,oscillation,transparent
fr,osciller,en,oscillate,altered
fr,osiris,en,osiris,transparent
fr,osmose,en,osmosis,altered
fr,ostraciser,en,ostracize,transparent
fr,ostéoporose,en,osteoporosis,altered
fr,otage,en,hostage,altered
fr,oubli,en,oblivion,altered
fr,ougandais,en,ugandan,altered
fr,ourdou,en,urdu,altered
fr,outfit,en,outfit,transparent
fr,outsider,en,outsider,transparent
fr,ouvert,en,overt,altered
fr,ouvertement,en,overtly,altered
fr,ouverture,en,overture,altered
fr,ouzbékistan,en,uzbekistan,altered
fr,ovaire,en,ovary,altered
fr,ovale,en,oval,altered
fr,ovarien,en,ovarian,altered
fr,ovation,en,ovation,transparent
fr,overall,en,overall,transparent
fr,overdose,en,overdose,transparent
fr,overdrive,en,overdrive,transparent
fr,ovulation,en,ovulation,transparent
fr,ovule,en,ovum,altered
fr,ovuler,en,ovulate,altered
fr,oxycodone,en,oxycodone,transparent
fr,oxydatif,en,oxidative,transparent
fr,oxydation,en,oxidation,transparent
fr,oxyde,en,oxide,transparent
fr,oxyder,en,oxidize,transparent
fr,oxygène,en,oxygen,transparent
fr,oxygéner,en,oxygenate,altered
fr,oxymore,en,oxymoron,altered
fr,ozone,en,ozone,transparent
fr,pacificateur,en,pacifier,transparent
fr,pacifier,en,pacify,transparent
fr,pacifique,en,pacific,transparent
fr,pacifisme,en,pacifism,transparent
fr,pacifiste,en,pacifist,transparent
fr,pacte,en,pact,transparent
fr,paganisme,en,paganism,transparent
fr,page,en,page,transparent
fr,pagode,en,pagoda,altered
fr,paiement,en,payment,transparent
fr,pair,en,pair,transparent
fr,paix,en,peace,altered
fr,paladin,en,paladin,transparent
fr,palais,en,palace,transparent
fr,palatin,en,palatine,transparent
fr,palestinien,en,palestinian,altered
fr,palette,en,palette,transparent
fr,palissade,en,palisade,transparent
fr,pall,en,pall,transparent
fr,palladium,en,palladium,transparent
fr,palliatif,en,palliative,transparent
fr,palme,en,palm,altered
fr,palpable,en,palpable,transparent
fr,palpitation,en,palpitation,transparent
fr,paléolithique,en,paleolithic,transparent
fr,paléontologie,en,paleontology,transparent
fr,pamphlet,en,pamphlet,transparent
fr,panache,en,panache,transparent
fr,panacée,en,panacea,transparent
fr,panama,en,panama,transparent
fr,panaméen,en,panamanian,transparent
fr,pancréas,en,pancreas,transparent
fr,pancréatique,en,pancreatic,transparent
fr,pancréatite,en,pancreatitis,altered
fr,panda,en,panda,transparent
fr,pandore,en,pandora,altered
fr,pandémie,en,pandemic,transparent
fr,pandémonium,en,pandemonium,transparent
fr,panique,en,panic,transparent
fr,panneau,en,panel,altered
fr,panorama,en,panorama,transparent
fr,panoramique,en,panoramic,transparent
fr,pantalon,en,pants,transparent
fr,panthère,en,panther,altered
fr,panthéon,en,pantheon,transparent
fr,pantomime,en,pantomime,transparent
fr,panty,en,panty,transparent
fr,panzer,en,panzer,transparent
fr,panéliste,en,panelist,transparent
fr,paon,en,peacock,altered
fr,papa,en,papa,transparent
fr,papal,en,papal,transparent
fr,paparazzi,en,paparazzi,transparent
fr,papauté,en,papacy,altered
fr,pape,en,pope,altered
fr,papier,en,papier,transparent
fr,paprika,en,paprika,transparent
fr,papyrus,en,papyrus,transparent
fr,paquet,en,pack,altered
fr,para,en,para,transparent
fr,parabole,en,parable,transparent
fr,parabolique,en,parabolic,transparent
fr,parachute,en,parachute,transparent
fr,paracétamol,en,paracetamol,transparent
fr,parade,en,parade,transparent
fr,paradigme,en,paradigm,altered
fr,paradis,en,paradise,transparent
fr,paradoxal,en,paradoxical,transparent
fr,paradoxalement,en,paradoxically,transparent
fr,paradoxe,en,paradox,transparent
fr,paraffine,en,paraffin,transparent
fr,paragon,en,paragon,transparent
fr,paragraphe,en,paragraph,transparent
fr,paraguay,en,paraguay,transparent
fr,parallaxe,en,parallax,transparent
fr,parallèle,en,parallel,altered
fr,paralympique,en,paralympic,transparent
fr,paralyser,en,paralyze,transparent
fr,paralysie,en,paralysis,transparent
fr,paramilitaire,en,paramilitary,transparent
fr,paramètre,en,parameter,transparent
fr,paramédic,en,paramedic,transparent
fr,paramétrique,en,parametric,transparent
fr,paranormal,en,paranormal,transparent
fr,paranoïa,en,paranoia,transparent
fr,paranoïde,en,paranoid,transparent
fr,parapet,en,parapet,transparent
fr,paraphrase,en,paraphrase,transparent
fr,paraplégique,en,paraplegic,altered
fr,parasite,en,parasite,transparent
fr,parasol,en,parasol,transparent
fr,parc,en,park,altered
fr,parchemin,en,parchment,transparent
fr,pardon,en,pardon,transparent
fr,parental,en,parental,transparent
fr,parenthèse,en,parenthesis,transparent
fr,parer,en,parry,altered
fr,parfait,en,perfect,altered
fr,parfum,en,perfume,altered
fr,paria,en,pariah,transparent
fr,parisien,en,parisian,transparent
fr,pariétal,en,parietal,transparent
fr,parjure,en,perjury,altered
fr,parka,en,parka,transparent
fr,parkour,en,parkour,transparent
fr,parlement,en,parliament,transparent
fr,parlementaire,en,parliamentary,transparent
fr,parloir,en,parlor,altered
fr,parmesan,en,parmesan,transparent
fr,parodie,en,parody,transparent
fr,paroisse,en,parish,altered
fr,paroissial,en,parochial,altered
fr,paroissien,en,parishioner,altered
fr,parole,en,parole,transparent
fr,parson,en,parson,transparent
fr,partenaire,en,partner,transparent
fr,parti,en,parti,transparent
fr,participant,en,participant,transparent
fr,participation,en,participation,transparent
fr,participe,en,participle,altered
fr,participer,en,participate,transparent
fr,particulaire,en,particulate,transparent
fr,particularité,en,peculiarity,altered
fr,particule,en,particle,altered
fr,particulier,en,particular,altered
fr,particulièrement,en,particularly,transparent
fr,partiel,en,partial,altered
fr,partiellement,en,partially,altered
fr,partir,en,part,transparent
fr,partisan,en,partisan,transparent
fr,partisanerie,en,partisanship,altered
fr,partition,en,partition,transparent
fr,pascal,en,pascal,transparent
fr,passable,en,passable,transparent
fr,passage,en,passage,transparent
fr,passager,en,passenger,transparent
fr,passeport,en,passport,transparent
fr,passif,en,passive,transparent
fr,passion,en,passion,transparent
fr,passionné,en,passionate,altered
fr,passionnément,en,passionately,transparent
fr,passivité,en,passivity,altered
fr,passé,en,past,altered
fr,pastel,en,pastel,transparent
fr,pasteur,en,pastor,transparent
fr,pastoral,en,pastoral,transparent
fr,patent,en,patent,transparent
fr,paternel,en,paternal,altered
fr,paternité,en,paternity,transparent
fr,pathogène,en,pathogen,transparent
fr,pathologie,en,pathology,transparent
fr,pathologique,en,pathological,transparent
fr,pathologiste,en,pathologist,transparent
fr,pathos,en,pathos,transparent
fr,pathétique,en,pathetic,transparent
fr,patience,en,patience,transparent
fr,patient,en,patient,transparent
fr,patine,en,patina,altered
fr,patio,en,patio,transparent
fr,patriarcal,en,patriarchal,transparent
fr,patriarcat,en,patriarchy,altered
fr,patriarche,en,patriarch,transparent
fr,patricien,en,patrician,altered
fr,patriote,en,patriot,transparent
fr,patriotique,en,patriotic,transparent
fr,patriotisme,en,patriotism,transparent
fr,patronage,en,patronage,transparent
fr,patronner,en,patronize,transparent
fr,patrouille,en,patrol,altered
fr,pause,en,pause,transparent
fr,paver,en,pave,transparent
fr,pavillon,en,pavilion,transparent
fr,payable,en,payable,transparent
fr,payer,en,payer,transparent
fr,paysan,en,peasant,altered
fr,paysannerie,en,peasantry,transparent
fr,païen,en,pagan,altered
fr,pectoral,en,pectoral,transparent
fr,pedigree,en,pedigree,transparent
fr,peindre,en,paint,altered
fr,peintre,en,painter,altered
fr,peinture,en,paint,altered
fr,pellet,en,pellet,transparent
fr,peloton,en,platoon,altered
fr,pelvien,en,pelvic,altered
fr,pelvis,en,pelvis,transparent
fr,penchant,en,penchant,transparent
fr,pendule,en,pendulum,altered
fr,pensif,en,pensive,transparent
fr,pension,en,pension,transparent
fr,pensionné,en,pensioner,altered
fr,pentagone,en,pentagon,transparent
fr,pentagramme,en,pentagram,transparent
fr,pentecôtiste,en,pentecostal,altered
fr,penthouse,en,penthouse,transparent
fr,peptide,en,peptide,transparent
fr,per,en,per,transparent
fr,perceptif,en,perceptive,transparent
fr,perception,en,perception,transparent
fr,percevoir,en,perceive,altered
fr,percussif,en,percussive,altered
fr,percussion,en,percussion,transparent
fr,perfection,en,perfection,transparent
fr,perfectionniste,en,perfectionist,transparent
fr,perforation,en,perforation,transparent
fr,perforer,en,perforate,transparent
fr,performance,en,performance,transparent
fr,performatif,en,performative,altered
fr,performer,en,perform,transparent
fr,perfusion,en,perfusion,transparent
fr,perle,en,pearl,altered
fr,permafrost,en,permafrost,transparent
fr,permanence,en,permanence,transparent
fr,permanent,en,permanent,transparent
fr,permettre,en,permit,transparent
fr,permien,en,permian,altered
fr,permissif,en,permissive,altered
fr,permission,en,permission,transparent
fr,permutation,en,permutation,transparent
fr,perméabilité,en,permeability,transparent
fr,perméable,en,permeable,transparent
fr,pernicieux,en,pernicious,transparent
fr,peroxyde,en,peroxide,transparent
fr,perpendiculaire,en,perpendicular,altered
fr,perplexe,en,perplex,transparent
fr,perpétrer,en,perpetrate,transparent
fr,perpétuel,en,perpetual,transparent
fr,perpétuellement,en,perpetually,transparent
fr,perpétuer,en,perpetuate,altered
fr,perpétuité,en,perpetuity,transparent
fr,persan,en,persian,transparent
fr,perse,en,persia,altered
fr,persistance,en,persistence,transparent
fr,persistent,en,persistent,transparent
fr,persister,en,persist,transparent
fr,personnage,en,personage,transparent
fr,personnaliser,en,personalize,transparent
fr,personnalité,en,personality,transparent
fr,personne,en,person,transparent
fr,personnel,en,personal,transparent
fr,personnellement,en,personally,transparent
fr,personnification,en,personification,altered
fr,personnifier,en,personify,transparent
fr,perspective,en,perspective,transparent
fr,persuader,en,persuade,transparent
fr,persuasif,en,persuasive,altered
fr,persuasion,en,persuasion,transparent
fr,persécuter,en,persecute,transparent
fr,persécution,en,persecution,transparent
fr,persévérance,en,perseverance,transparent
fr,persévérer,en,persevere,transparent
fr,pertinent,en,pertinent,transparent
fr,perturbation,en,perturbation,transparent
fr,perturber,en,perturb,transparent
fr,pervers,en,perverse,transparent
fr,perversion,en,perversion,transparent
fr,pervertir,en,pervert,transparent
fr,pessimisme,en,pessimism,transparent
fr,pessimiste,en,pessimistic,altered
fr,peste,en,pest,transparent
fr,pesticide,en,pesticide,transparent
fr,pestilence,en,pestilence,transparent
fr,pesto,en,pesto,transparent
fr,petit,en,petty,altered
fr,peuplier,en,poplar,transparent
fr,phalange,en,phalanx,transparent
fr,phallique,en,phallic,transparent
fr,pharaon,en,pharaoh,transparent
fr,pharisien,en,pharisee,altered
fr,pharma,en,pharma,transparent
fr,pharmaceutique,en,pharmaceutical,altered
fr,pharmacie,en,pharmacy,transparent
fr,pharmacien,en,pharmacist,altered
fr,pharmacologie,en,pharmacology,transparent
fr,pharmacologique,en,pharmacological,transparent
fr,phase,en,phase,transparent
fr,phi,en,phi,transparent
fr,philanthrope,en,philanthropist,altered
fr,philanthropie,en,philanthropy,transparent
fr,philanthropique,en,philanthropic,transparent
fr,philharmonique,en,philharmonic,transparent
fr,philippin,en,philippine,altered
fr,philistin,en,philistine,transparent
fr,philologie,en,philology,transparent
fr,philosophe,en,philosopher,altered
fr,philosophie,en,philosophy,transparent
fr,philosophique,en,philosophical,transparent
fr,philosophiquement,en,philosophically,transparent
fr,phobie,en,phobia,transparent
fr,phone,en,phone,transparent
fr,phonographe,en,phonograph,transparent
fr,phonologie,en,phonology,transparent
fr,phonologique,en,phonological,transparent
fr,phonème,en,phoneme,transparent
fr,phonétique,en,phonetic,transparent
fr,phosphatase,en,phosphatase,transparent
fr,phosphate,en,phosphate,transparent
fr,phosphore,en,phosphorus,altered
fr,phosphorylation,en,phosphorylation,transparent
fr,photo,en,photo,transparent
fr,photocopie,en,photocopy,transparent
fr,photographe,en,photographer,transparent
fr,photographie,en,photograph,altered
fr,photographique,en,photographic,transparent
fr,photogénique,en,photogenic,transparent
fr,photon,en,photon,transparent
fr,photosynthèse,en,photosynthesis,transparent
fr,photosynthétique,en,photosynthetic,transparent
fr,phrase,en,phrase,transparent
fr,phylogénétique,en,phylogenetic,transparent
fr,physicien,en,physician,altered
fr,physiologie,en,physiology,transparent
fr,physiologique,en,physiological,altered
fr,physiologiquement,en,physiologically,altered
fr,physiologiste,en,physiologist,transparent
fr,physiothérapie,en,physiotherapy,transparent
fr,physique,en,physical,transparent
fr,physiquement,en,physically,altered
fr,phytoplancton,en,phytoplankton,transparent
fr,phénicien,en,phoenician,altered
fr,phénol,en,phenol,transparent
fr,phénomène,en,phenomenon,transparent
fr,phénoménal,en,phenomenal,transparent
fr,phénoménologie,en,phenomenology,transparent
fr,phénotype,en,phenotype,transparent
fr,phénotypique,en,phenotypic,altered
fr,phéromone,en,pheromone,transparent
fr,pi,en,pi,transparent
fr,pianiste,en,pianist,transparent
fr,piano,en,piano,transparent
fr,piccolo,en,piccolo,transparent
fr,pichet,en,pitcher,altered
fr,pictural,en,pictorial,altered
fr,pidgin,en,pidgin,transparent
fr,pieux,en,pious,altered
fr,pigeon,en,pigeon,transparent
fr,pigment,en,pigment,transparent
fr,pigmentation,en,pigmentation,transparent
fr,pignon,en,pinion,altered
fr,pilates,en,pilates,transparent
fr,pile,en,pile,transparent
fr,pillage,en,pillage,transparent
fr,pilote,en,pilot,transparent
fr,pilule,en,pill,altered
fr,pinnacle,en,pinnacle,transparent
fr,pinot,en,pinot,transparent
fr,pionnier,en,pioneer,transparent
fr,pique,en,pique,transparent
fr,pirate,en,pirate,transparent
fr,piraterie,en,piracy,altered
fr,pistache,en,pistachio,altered
fr,pistolet,en,pistol,altered
fr,piston,en,piston,transparent
fr,pitance,en,pittance,transparent
fr,pittoresque,en,picturesque,transparent
fr,pituitaire,en,pituitary,altered
fr,pivot,en,pivot,transparent
fr,pivotal,en,pivotal,transparent
fr,pixel,en,pixel,transparent
fr,pizza,en,pizza,transparent
fr,pizzeria,en,pizzeria,transparent
fr,piédestal,en,pedestal,altered
fr,piété,en,piety,transparent
fr,piézoélectrique,en,piezoelectric,altered
fr,place,en,place,transparent
fr,placebo,en,placebo,transparent
fr,placement,en,placement,transparent
fr,placenta,en,placenta,transparent
fr,placentaire,en,placental,altered
fr,placide,en,placid,transparent
fr,plagiat,en,plagiarism,altered
fr,plagier,en,plagiarize,altered
fr,plague,en,plague,transparent
fr,plaignant,en,plaintiff,transparent
fr,plain,en,plain,transparent
fr,plaisant,en,pleasant,transparent
fr,plaisir,en,pleasure,altered
fr,plait,en,plait,transparent
fr,plan,en,plan,transparent
fr,planaire,en,planar,transparent
fr,plancton,en,plankton,transparent
fr,plantain,en,plantain,transparent
fr,plantaire,en,plantar,altered
fr,plantation,en,plantation,transparent
fr,plante,en,plant,transparent
fr,planteur,en,planter,altered
fr,planète,en,planet,altered
fr,planétaire,en,planetary,transparent
fr,planétarium,en,planetarium,transparent
fr,plaque,en,plaque,transparent
fr,plaquette,en,platelet,altered
fr,plasma,en,plasma,transparent
fr,plasmide,en,plasmid,altered
fr,plasticité,en,plasticity,transparent
fr,plastique,en,plastic,altered
fr,plat,en,plate,altered
fr,plateau,en,plateau,transparent
fr,plateforme,en,platform,transparent
fr,platine,en,platinum,transparent
fr,platitude,en,platitude,transparent
fr,platonique,en,platonic,transparent
fr,plausible,en,plausible,transparent
fr,playback,en,playback,transparent
fr,playboy,en,playboy,transparent
fr,playoff,en,playoff,transparent
fr,plaza,en,plaza,transparent
fr,plexus,en,plexus,transparent
fr,pli,en,pleat,altered
fr,pliable,en,pliable,transparent
fr,pliocène,en,pliocene,altered
fr,plonger,en,plunge,altered
fr,plugin,en,plugin,transparent
fr,plumage,en,plumage,transparent
fr,plume,en,plume,transparent
fr,pluralisme,en,pluralism,transparent
fr,pluralité,en,plurality,transparent
fr,pluriel,en,plural,altered
fr,plus,en,plus,transparent
fr,plutonium,en,plutonium,transparent
fr,plébiscite,en,plebiscite,transparent
fr,plébéien,en,plebeian,altered
fr,pléistocène,en,pleistocene,transparent
fr,plénier,en,plenary,altered
fr,plénipotentiaire,en,plenipotentiary,transparent
fr,plénum,en,plenum,transparent
fr,pléthore,en,plethora,altered
fr,pneumatique,en,pneumatic,transparent
fr,pneumonie,en,pneumonia,transparent
fr,poa,en,poa,transparent
fr,podcast,en,podcast,transparent
fr,podium,en,podium,transparent
fr,poignant,en,poignant,transparent
fr,point,en,point,transparent
fr,pointe,en,pointe,transparent
fr,poisson,en,poisson,transparent
fr,poker,en,poker,transparent
fr,polaire,en,polar,altered
fr,polaris,en,polaris,transparent
fr,polarisation,en,polarization,transparent
fr,polariser,en,polarize,transparent
fr,polarité,en,polarity,transparent
fr,poli,en,polite,altered
fr,police,en,police,transparent
fr,polio,en,polio,transparent
fr,polir,en,polish,altered
fr,politicien,en,politician,altered
fr,politico,en,politico,transparent
fr,politique,en,politics,transparent
fr,polka,en,polka,transparent
fr,pollen,en,pollen,transparent
fr,pollinisateur,en,pollinator,transparent
fr,pollinisation,en,pollination,transparent
fr,polluant,en,pollutant,transparent
fr,pollueur,en,polluter,transparent
fr,pollution,en,pollution,transparent
fr,polo,en,polo,transparent
fr,poltergeist,en,poltergeist,transparent
fr,polyester,en,polyester,transparent
fr,polygamie,en,polygamy,transparent
fr,polygone,en,polygon,transparent
fr,polygraphe,en,polygraph,transparent
fr,polymorphisme,en,polymorphism,transparent
fr,polymère,en,polymer,transparent
fr,polymérase,en,polymerase,transparent
fr,polymérisation,en,polymerization,transparent
fr,polynésie,en,polynesia,transparent
fr,polynésien,en,polynesian,transparent
fr,polynôme,en,polynomial,transparent
fr,polype,en,polyp,altered
fr,polypeptide,en,polypeptide,transparent
fr,polypropylène,en,polypropylene,transparent
fr,polystyrène,en,polystyrene,transparent
fr,polytechnique,en,polytechnic,transparent
fr,polyuréthane,en,polyurethane,transparent
fr,polyéthylène,en,polyethylene,transparent
fr,polémique,en,polemic,transparent
fr,pompe,en,pomp,transparent
fr,pompeux,en,pompous,altered
fr,ponction,en,puncture,altered
fr,ponctualité,en,punctuality,transparent
fr,ponctuation,en,punctuation,altered
fr,ponctuel,en,punctual,altered
fr,ponctuer,en,punctuate,altered
fr,pondérer,en,ponder,altered
fr,poney,en,pony,transparent
fr,pontife,en,pontiff,altered
fr,pontifical,en,pontificate,altered
fr,ponton,en,pontoon,transparent
fr,pop,en,pop,transparent
fr,populace,en,populace,transparent
fr,populaire,en,popular,transparent
fr,populairement,en,popularly,transparent
fr,populariser,en,popularize,transparent
fr,popularité,en,popularity,transparent
fr,population,en,population,transparent
fr,populeux,en,populous,altered
fr,populisme,en,populism,transparent
fr,populiste,en,populist,transparent
fr,popup,en,popup,transparent
fr,porc,en,pork,transparent
fr,porcelaine,en,porcelain,transparent
fr,pore,en,pore,transparent
fr,poreux,en,porous,altered
fr,porno,en,porn,transparent
fr,pornographie,en,pornography,transparent
fr,pornographique,en,pornographic,transparent
fr,porosité,en,porosity,transparent
fr,port,en,port,transparent
fr,portage,en,portage,transparent
fr,portal,en,portal,transparent
fr,portefeuille,en,portfolio,altered
fr,portion,en,portion,transparent
fr,portique,en,portico,altered
fr,portrait,en,portrait,transparent
fr,portugais,en,portuguese,transparent
fr,pose,en,pose,transparent
fr,poseur,en,poser,transparent
fr,positif,en,positive,altered
fr,position,en,position,transparent
fr,positionnel,en,positional,transparent
fr,positivement,en,positively,transparent
fr,positivité,en,positivity,transparent
fr,positron,en,positron,transparent
fr,possesseur,en,possessor,transparent
fr,possessif,en,possessive,transparent
fr,possession,en,possession,transparent
fr,possibilité,en,possibility,transparent
fr,possible,en,possible,transparent
fr,possiblement,en,possibly,transparent
fr,posséder,en,possess,transparent
fr,postal,en,postal,transparent
fr,postdoctoral,en,postdoctoral,transparent
fr,poste,en,post,transparent
fr,posthume,en,posthumous,transparent
fr,postmoderne,en,postmodern,transparent
fr,postmortem,en,postmortem,transparent
fr,postnatal,en,postnatal,transparent
fr,postopératoire,en,postoperative,altered
fr,postpartum,en,postpartum,transparent
fr,postuler,en,postulate,transparent
fr,posture,en,posture,transparent
fr,postérieur,en,posterior,altered
fr,postérité,en,posterity,transparent
fr,potable,en,potable,transparent
fr,potassium,en,potassium,transparent
fr,potent,en,potent,transparent
fr,potentiel,en,potential,altered
fr,potentiellement,en,potentially,transparent
fr,potion,en,potion,transparent
fr,poudreux,en,powdery,altered
fr,pouls,en,pulse,altered
fr,poupée,en,puppet,altered
fr,pourcentage,en,percentage,transparent
fr,pourpre,en,purple,altered
fr,poursuite,en,pursuit,altered
fr,poursuivant,en,pursuant,altered
fr,pourvoir,en,provide,altered
fr,poème,en,poem,transparent
fr,poète,en,poet,altered
fr,poésie,en,poetry,transparent
fr,poétique,en,poetic,altered
fr,pragmatique,en,pragmatic,transparent
fr,pragmatisme,en,pragmatism,transparent
fr,pragmatiste,en,pragmatist,transparent
fr,prairie,en,prairie,transparent
fr,praticien,en,practitioner,altered
fr,pratique,en,practical,transparent
fr,pratiquement,en,practically,altered
fr,pratiquer,en,practise,altered
fr,praxis,en,praxis,transparent
fr,premier,en,premiere,altered
fr,premium,en,premium,transparent
fr,presbytère,en,presbytery,transparent
fr,presbytérien,en,presbyterian,altered
fr,prescriptif,en,prescriptive,altered
fr,prescription,en,prescription,transparent
fr,prescrire,en,prescribe,altered
fr,pression,en,pressure,transparent
fr,pressuriser,en,pressurize,transparent
fr,preste,en,presto,altered
fr,prestige,en,prestige,transparent
fr,prestigieux,en,prestigious,transparent
fr,preview,en,preview,transparent
fr,prier,en,pray,altered
fr,prieur,en,prior,altered
fr,primaire,en,primary,transparent
fr,primate,en,primate,transparent
fr,primauté,en,primacy,altered
fr,prime,en,prime,transparent
fr,primitif,en,primitive,transparent
fr,primordial,en,primordial,transparent
fr,prince,en,prince,transparent
fr,princesse,en,princess,transparent
fr,princier,en,princely,altered
fr,principal,en,principal,transparent
fr,principalement,en,principally,transparent
fr,principauté,en,principality,altered
fr,print,en,print,transparent
fr,priori,en,priori,transparent
fr,prioriser,en,prioritize,transparent
fr,priorité,en,priority,altered
fr,priser,en,prise,transparent
fr,prismatique,en,prismatic,transparent
fr,prisme,en,prism,transparent
fr,prison,en,prison,transparent
fr,prisonnier,en,prisoner,altered
fr,pristine,en,pristine,transparent
fr,privatisation,en,privatization,transparent
fr,privatiser,en,privatize,transparent
fr,privilège,en,privilege,transparent
fr,privé,en,private,altered
fr,prix,en,price,altered
fr,prière,en,prayer,altered
fr,pro,en,pro,transparent
fr,proactif,en,proactive,transparent
fr,probabiliste,en,probabilistic,altered
fr,probabilité,en,probability,transparent
fr,probable,en,probable,transparent
fr,probation,en,probation,transparent
fr,probiotique,en,probiotic,transparent
fr,problème,en,problem,transparent
fr,problématique,en,problematic,transparent
fr,processeur,en,processor,altered
fr,procession,en,procession,transparent
fr,processus,en,process,transparent
fr,prochain,en,proximate,altered
fr,proclamation,en,proclamation,transparent
fr,proclamer,en,proclaim,transparent
fr,procrastination,en,procrastination,transparent
fr,procrastiner,en,procrastinate,transparent
fr,procréation,en,procreation,transparent
fr,procréer,en,procreate,transparent
fr,procurateur,en,procurator,altered
fr,procureur,en,prosecutor,altered
fr,procéder,en,proceed,transparent
fr,procédure,en,procedure,transparent
fr,procédé,en,proceed,altered
fr,prodige,en,prodigy,transparent
fr,prodigieux,en,prodigious,altered
fr,prodigue,en,prodigal,altered
fr,producteur,en,producer,transparent
fr,productif,en,productive,transparent
fr,production,en,production,transparent
fr,productivité,en,productivity,transparent
fr,produire,en,produce,altered
fr,produit,en,product,altered
fr,profane,en,profane,transparent
fr,professer,en,profess,transparent
fr,professeur,en,professor,transparent
fr,profession,en,profession,transparent
fr,professionnalisme,en,professionalism,transparent
fr,professionnel,en,professional,transparent
fr,profil,en,profile,transparent
fr,profileur,en,profiler,transparent
fr,profit,en,profit,transparent
fr,profitable,en,profitable,transparent
fr,profiteur,en,profiteer,altered
fr,profond,en,profound,transparent
fr,profondément,en,profoundly,altered
fr,progestérone,en,progesterone,transparent
fr,programmable,en,programmable,transparent
fr,programmatique,en,programmatic,transparent
fr,programme,en,program,transparent
fr,programmeur,en,programmer,transparent
fr,progressif,en,progressive,transparent
fr,progression,en,progression,transparent
fr,progrès,en,progress,transparent
fr,prohiber,en,prohibit,transparent
fr,prohibitif,en,prohibitive,transparent
fr,prohibition,en,prohibition,transparent
fr,proie,en,prey,altered
fr,projecteur,en,projector,transparent
fr,projectif,en,projective,transparent
fr,projectile,en,projectile,transparent
fr,projection,en,projection,transparent
fr,projet,en,project,transparent
fr,prolapsus,en,prolapse,transparent
fr,prolifique,en,prolific,transparent
fr,prolifération,en,proliferation,transparent
fr,proliférer,en,proliferate,transparent
fr,prologue,en,prologue,transparent
fr,prolonger,en,prolong,transparent
fr,prolétaire,en,proletarian,altered
fr,prolétariat,en,proletariat,transparent
fr,promenade,en,promenade,transparent
fr,promiscuité,en,promiscuous,altered
fr,promo,en,promo,transparent
fr,promontoire,en,promontory,transparent
fr,promoteur,en,promoter,transparent
fr,promotion,en,promotion,transparent
fr,promotionnel,en,promotional,transparent
fr,promouvoir,en,promote,transparent
fr,prompt,en,prompt,transparent
fr,promulguer,en,promulgate,transparent
fr,prone,en,prone,transparent
fr,pronom,en,pronoun,altered
fr,prononcer,en,pronounce,transparent
fr,prononciation,en,pronunciation,transparent
fr,prononcé,en,pronouncement,altered
fr,pronostic,en,prognosis,altered
fr,pronostique,en,prognostic,altered
fr,propagande,en,propaganda,transparent
fr,propagandiste,en,propagandist,transparent
fr,propagation,en,propagation,transparent
fr,propager,en,propagate,transparent
fr,propane,en,propane,transparent
fr,propension,en,propensity,transparent
fr,prophylactique,en,prophylactic,transparent
fr,prophylaxie,en,prophylaxis,transparent
fr,prophète,en,prophet,altered
fr,prophétie,en,prophecy,altered
fr,prophétique,en,prophetic,transparent
fr,proportion,en,proportion,transparent
fr,proportionnalité,en,proportionality,transparent
fr,proportionnel,en,proportional,transparent
fr,proportionnellement,en,proportionally,transparent
fr,proportionné,en,proportionate,transparent
fr,proposer,en,propose,transparent
fr,proposition,en,proposal,altered
fr,propre,en,proper,altered
fr,proprement,en,properly,altered
fr,propriétaire,en,proprietary,altered
fr,propriété,en,property,transparent
fr,propulser,en,propel,altered
fr,propulseur,en,propellant,altered
fr,propulsion,en,propulsion,transparent
fr,propylène,en,propylene,altered
fr,prosaïque,en,prosaic,altered
fr,prose,en,prose,transparent
fr,prospect,en,prospect,transparent
fr,prospecteur,en,prospector,altered
fr,prospectif,en,prospective,transparent
fr,prospectus,en,prospectus,transparent
fr,prospère,en,prosperous,transparent
fr,prospérer,en,prosper,transparent
fr,prospérité,en,prosperity,transparent
fr,prostate,en,prostate,transparent
fr,prostitution,en,prostitution,transparent
fr,prostituée,en,prostitute,transparent
fr,prostré,en,prostrate,altered
fr,protagoniste,en,protagonist,transparent
fr,protecteur,en,protective,altered
fr,protection,en,protection,transparent
fr,protectionnisme,en,protectionism,transparent
fr,protectionniste,en,protectionist,transparent
fr,protectorat,en,protectorate,transparent
fr,protestant,en,protestant,transparent
fr,protestantisme,en,protestantism,transparent
fr,protestataire,en,protestor,altered
fr,protestation,en,protestation,transparent
fr,protester,en,protest,transparent
fr,prothèse,en,prosthesis,altered
fr,prothétique,en,prosthetic,altered
fr,proto,en,proto,transparent
fr,protocole,en,protocol,altered
fr,proton,en,proton,transparent
fr,prototype,en,prototype,transparent
fr,protéase,en,protease,transparent
fr,protéger,en,protect,transparent
fr,protégé,en,protégé,transparent
fr,protéine,en,protein,altered
fr,prouesse,en,prowess,altered
fr,prouver,en,prove,transparent
fr,provenance,en,provenance,transparent
fr,proverbe,en,proverb,transparent
fr,proverbial,en,proverbial,transparent
fr,providence,en,providence,transparent
fr,province,en,province,transparent
fr,provincial,en,provincial,transparent
fr,provision,en,provision,transparent
fr,provisoire,en,provisional,altered
fr,provisoirement,en,provisionally,altered
fr,provocateur,en,provocateur,transparent
fr,provocation,en,provocation,transparent
fr,provoquer,en,provoke,transparent
fr,proximal,en,proximal,transparent
fr,proximité,en,proximity,transparent
fr,proéminence,en,prominence,transparent
fr,proéminent,en,prominent,altered
fr,prude,en,prude,transparent
fr,prudence,en,prudence,transparent
fr,prudent,en,prudent,transparent
fr,prudentiel,en,prudential,transparent
fr,prusse,en,prussia,altered
fr,prussien,en,prussian,altered
fr,pré,en,pre,transparent
fr,préambule,en,preamble,transparent
fr,précaire,en,precarious,transparent
fr,précaution,en,precaution,transparent
fr,précepte,en,precept,transparent
fr,précieux,en,precious,transparent
fr,précipice,en,precipice,transparent
fr,précipitation,en,precipitation,transparent
fr,précipiter,en,precipitate,transparent
fr,précis,en,precise,transparent
fr,précision,en,precision,transparent
fr,précisément,en,precisely,transparent
fr,préclinique,en,preclinical,altered
fr,précoce,en,precocious,transparent
fr,précommande,en,preorder,altered
fr,précurseur,en,precursor,transparent
fr,précédent,en,precedent,transparent
fr,précéder,en,precede,transparent
fr,prédateur,en,predator,transparent
fr,prédation,en,predation,transparent
fr,prédicat,en,predicate,transparent
fr,prédictif,en,predictive,altered
fr,prédiction,en,prediction,transparent
fr,prédilection,en,predilection,transparent
fr,prédire,en,predict,transparent
fr,prédisposer,en,predispose,transparent
fr,prédisposition,en,predisposition,transparent
fr,prédominant,en,predominant,transparent
fr,prédominer,en,predominate,transparent
fr,prédécesseur,en,predecessor,transparent
fr,prédéterminer,en,predetermine,transparent
fr,préempter,en,preempt,transparent
fr,préface,en,preface,transparent
fr,préfecture,en,prefecture,transparent
fr,préfet,en,prefect,altered
fr,préfixe,en,prefix,transparent
fr,préfrontal,en,prefrontal,transparent
fr,préférence,en,preference,transparent
fr,préférentiel,en,preferential,transparent
fr,préférentiellement,en,preferentially,transparent
fr,préférer,en,prefer,transparent
fr,préhistoire,en,prehistory,transparent
fr,préjugé,en,prejudice,altered
fr,prélat,en,prelate,altered
fr,préliminaire,en,preliminary,transparent
fr,prélude,en,prelude,transparent
fr,prématuré,en,premature,transparent
fr,prématurément,en,prematurely,transparent
fr,prémisse,en,premise,altered
fr,prémonition,en,premonition,transparent
fr,préméditer,en,premeditate,altered
fr,prénatal,en,prenatal,transparent
fr,préoccupation,en,preoccupation,transparent
fr,préoccuper,en,preoccupy,transparent
fr,préparation,en,preparation,transparent
fr,préparer,en,prepare,transparent
fr,prépondérance,en,preponderance,altered
fr,préposition,en,preposition,transparent
fr,préquelle,en,prequel,transparent
fr,prérequis,en,prerequisite,transparent
fr,prérogative,en,prerogative,transparent
fr,présage,en,presage,transparent
fr,présence,en,presence,transparent
fr,présent,en,present,transparent
fr,présentateur,en,presenter,altered
fr,présentation,en,presentation,transparent
fr,préservation,en,preservation,transparent
fr,préserver,en,preserve,transparent
fr,présidence,en,presidency,transparent
fr,président,en,president,transparent
fr,présidentiel,en,presidential,transparent
fr,présider,en,preside,transparent
fr,présomptif,en,presumptive,altered
fr,présomption,en,presumption,transparent
fr,présomptueux,en,presumptuous,altered
fr,présumer,en,presume,transparent
fr,présupposer,en,presuppose,transparent
fr,prétendant,en,pretender,altered
fr,prétentieux,en,pretentious,transparent
fr,prétexte,en,pretext,transparent
fr,prévalence,en,prevalence,transparent
fr,prévaloir,en,prevail,transparent
fr,prévenir,en,prevent,transparent
fr,préventif,en,preventive,transparent
fr,prévention,en,prevention,transparent
fr,prévisibilité,en,predictability,altered
fr,prévisible,en,predictable,altered
fr,prévoyant,en,provident,altered
fr,prévôt,en,provost,altered
fr,prééminent,en,preeminent,transparent
fr,prêcher,en,preach,altered
fr,psaume,en,psalm,transparent
fr,pseudo,en,pseudo,transparent
fr,pseudonyme,en,pseudonym,transparent
fr,psi,en,psi,transparent
fr,psoriasis,en,psoriasis,transparent
fr,psychanalyse,en,psychoanalysis,transparent
fr,psychanalyste,en,psychoanalyst,transparent
fr,psychanalytique,en,psychoanalytic,altered
fr,psychiatre,en,psychiatrist,altered
fr,psychiatrie,en,psychiatry,transparent
fr,psychiatrique,en,psychiatric,transparent
fr,psychique,en,psychic,altered
fr,psycho,en,psycho,transparent
fr,psychologie,en,psychology,transparent
fr,psychologique,en,psychological,transparent
fr,psychologue,en,psychologist,transparent
fr,psychopathe,en,psychopath,transparent
fr,psychose,en,psychosis,transparent
fr,psychosocial,en,psychosocial,transparent
fr,psychothérapeute,en,psychotherapist,transparent
fr,psychothérapie,en,psychotherapy,transparent
fr,psychotique,en,psychotic,transparent
fr,psyché,en,psyche,transparent
fr,psychédélique,en,psychedelic,altered
fr,puberté,en,puberty,transparent
fr,pubescent,en,pubescent,transparent
fr,pubien,en,pubic,altered
fr,pubis,en,pubis,transparent
fr,public,en,public,transparent
fr,publicain,en,publican,transparent
fr,publication,en,publication,transparent
fr,publiciser,en,publicise,transparent
fr,publiciste,en,publicist,transparent
fr,publicité,en,publicity,transparent
fr,publier,en,publish,altered
fr,pudding,en,pudding,transparent
fr,pulmonaire,en,pulmonary,transparent
fr,pulpe,en,pulp,transparent
fr,pulsar,en,pulsar,transparent
fr,pulvériser,en,pulverize,transparent
fr,punir,en,punish,altered
fr,punissable,en,punishable,transparent
fr,punitif,en,punitive,altered
fr,punk,en,punk,transparent
fr,pupe,en,pupa,altered
fr,pupille,en,pupil,transparent
fr,pupitre,en,pulpit,altered
fr,pur,en,pure,transparent
fr,pureté,en,purity,altered
fr,purgatoire,en,purgatory,transparent
fr,purge,en,purge,transparent
fr,purificateur,en,purifier,transparent
fr,purification,en,purification,transparent
fr,purifier,en,purify,altered
fr,puriste,en,purist,transparent
fr,puritain,en,puritan,altered
fr,purée,en,puree,transparent
fr,pus,en,pus,transparent
fr,putatif,en,putative,transparent
fr,putride,en,putrid,transparent
fr,pygmée,en,pygmy,altered
fr,pyjama,en,pajamas,altered
fr,pylône,en,pylon,transparent
fr,pyramidal,en,pyramidal,transparent
fr,pyramide,en,pyramid,transparent
fr,pyrite,en,pyrite,transparent
fr,pyrotechnie,en,pyrotechnics,altered
fr,pyrénées,en,pyrenees,altered
fr,python,en,python,transparent
fr,pâle,en,pale,transparent
fr,pâte,en,paste,altered
fr,pâture,en,pasture,altered
fr,pâté,en,pasty,altered
fr,pèlerin,en,pilgrim,altered
fr,pèlerinage,en,pilgrimage,altered
fr,pédagogie,en,pedagogy,transparent
fr,pédagogique,en,pedagogical,transparent
fr,pédale,en,pedal,altered
fr,pédant,en,pedantic,transparent
fr,pédiatre,en,pediatrician,altered
fr,pédiatrie,en,pediatrics,altered
fr,pédiatrique,en,pediatric,transparent
fr,pédicure,en,pedicure,altered
fr,pédophile,en,pedophile,transparent
fr,pédophilie,en,pedophilia,transparent
fr,pégase,en,pegasus,transparent
fr,péjoratif,en,pejorative,transparent
fr,pélagique,en,pelagic,altered
fr,pélican,en,pelican,transparent
fr,pénal,en,penal,transparent
fr,pénaliser,en,penalize,transparent
fr,pénalité,en,penalty,transparent
fr,pénicilline,en,penicillin,transparent
fr,pénien,en,penile,altered
fr,péninsulaire,en,peninsular,altered
fr,péninsule,en,peninsula,transparent
fr,pénis,en,penis,transparent
fr,pénitence,en,penance,altered
fr,pénitencier,en,penitentiary,altered
fr,pénitent,en,penitent,transparent
fr,pénultième,en,penultimate,transparent
fr,pénétration,en,penetration,transparent
fr,pénétrer,en,penetrate,transparent
fr,pépin,en,pip,altered
fr,pérenne,en,perennial,transparent
fr,péril,en,peril,transparent
fr,périmètre,en,perimeter,transparent
fr,période,en,period,transparent
fr,périodicité,en,periodicity,transparent
fr,périodique,en,periodic,transparent
fr,périodiquement,en,periodically,transparent
fr,périphérie,en,periphery,transparent
fr,périphérique,en,peripheral,altered
fr,périr,en,perish,transparent
fr,périscope,en,periscope,transparent
fr,pétale,en,petal,altered
fr,pétiole,en,petiole,transparent
fr,pétition,en,petition,transparent
fr,pétitionnaire,en,petitioner,altered
fr,pétrifier,en,petrify,transparent
fr,pétrochimique,en,petrochemical,transparent
fr,pétrole,en,petroleum,altered
fr,pétulant,en,petulant,transparent
fr,pétunia,en,petunia,transparent
fr,pôle,en,pole,transparent
fr,quadrangle,en,quadrangle,transparent
fr,quadrant,en,quadrant,transparent
fr,quadruple,en,quadruple,transparent
fr,quai,en,quay,transparent
fr,qualificatif,en,qualifier,altered
fr,qualification,en,qualification,transparent
fr,qualitatif,en,qualitative,transparent
fr,qualité,en,quality,transparent
fr,quantifiable,en,quantifiable,transparent
fr,quantification,en,quantification,transparent
fr,quantifier,en,quantify,transparent
fr,quantitatif,en,quantitative,transparent
fr,quantitativement,en,quantitatively,transparent
fr,quantité,en,quantity,transparent
fr,quantum,en,quantum,transparent
fr,quarantaine,en,quarantine,altered
fr,quark,en,quark,transparent
fr,quart,en,quart,transparent
fr,quartier,en,quarter,altered
fr,quartz,en,quartz,transparent
fr,quasar,en,quasar,transparent
fr,quasi,en,quasi,transparent
fr,quaternaire,en,quaternary,transparent
fr,quatuor,en,quartet,altered
fr,question,en,question,transparent
fr,questionnable,en,questionable,transparent
fr,questionnaire,en,questionnaire,transparent
fr,questionneur,en,questioner,altered
fr,quiche,en,quiche,transparent
fr,quid,en,quid,transparent
fr,quinoa,en,quinoa,transparent
fr,quinte,en,quint,altered
fr,quintet,en,quintet,transparent
fr,quitter,en,quitter,transparent
fr,quiz,en,quiz,transparent
fr,quorum,en,quorum,transparent
fr,quota,en,quota,transparent
fr,quote,en,quote,transparent
fr,quotient,en,quotient,transparent
fr,québec,en,québec,transparent
fr,rabbin,en,rabbi,transparent
fr,rabbinique,en,rabbinic,altered
fr,rabique,en,rabid,altered
fr,race,en,race,transparent
fr,racial,en,racial,transparent
fr,racine,en,racine,transparent
fr,racisme,en,racism,transparent
fr,raciste,en,racist,transparent
fr,radar,en,radar,transparent
fr,radial,en,radial,transparent
fr,radiance,en,radiance,transparent
fr,radiant,en,radiant,transparent
fr,radiateur,en,radiator,altered
fr,radiatif,en,radiative,altered
fr,radiation,en,radiation,transparent
fr,radical,en,radical,transparent
fr,radicalement,en,radically,altered
fr,radicalisation,en,radicalization,transparent
fr,radicaliser,en,radicalize,altered
fr,radicalisme,en,radicalism,transparent
fr,radio,en,radio,transparent
fr,radioactif,en,radioactive,transparent
fr,radioactivité,en,radioactivity,transparent
fr,radiographie,en,radiography,transparent
fr,radiologie,en,radiology,transparent
fr,radiologique,en,radiological,transparent
fr,radiologue,en,radiologist,transparent
fr,radiothérapie,en,radiotherapy,transparent
fr,radium,en,radium,transparent
fr,radon,en,radon,transparent
fr,raffinement,en,refinement,altered
fr,raffineur,en,refiner,altered
fr,raison,en,reason,transparent
fr,raisonnable,en,reasonable,transparent
fr,raisonnablement,en,reasonably,transparent
fr,raja,en,raja,transparent
fr,rajah,en,rajah,transparent
fr,ramadan,en,ramadan,transparent
fr,ramification,en,ramification,transparent
fr,rampage,en,rampage,transparent
fr,rampant,en,rampant,transparent
fr,rampe,en,ramp,transparent
fr,rance,en,rancid,altered
fr,ranimer,en,reanimate,altered
fr,rapace,en,raptor,altered
fr,rapatriement,en,repatriation,altered
fr,rapide,en,rapid,transparent
fr,rapidement,en,rapidly,altered
fr,rapière,en,rapier,altered
fr,rappeler,en,recall,altered
fr,rapport,en,rapport,transparent
fr,rapporteur,en,rapporteur,transparent
fr,rapprochement,en,rapprochement,transparent
fr,raquette,en,racquet,transparent
fr,rare,en,rare,transparent
fr,rarement,en,rarely,transparent
fr,rareté,en,rarity,altered
fr,raser,en,raze,altered
fr,rassurer,en,reassure,altered
fr,raster,en,raster,transparent
fr,ratification,en,ratification,transparent
fr,ratifier,en,ratify,transparent
fr,ratio,en,ratio,transparent
fr,ration,en,ration,transparent
fr,rationalisation,en,rationalization,transparent
fr,rationaliser,en,rationalize,transparent
fr,rationalisme,en,rationalism,altered
fr,rationaliste,en,rationalist,altered
fr,rationalité,en,rationality,transparent
fr,rationnel,en,rational,altered
fr,rauque,en,raucous,altered
fr,ravioli,en,ravioli,transparent
fr,rayon,en,radius,altered
fr,rayonne,en,rayon,altered
fr,rayonner,en,radiate,altered
fr,rebelle,en,rebel,altered
fr,rebond,en,rebound,altered
fr,reboot,en,reboot,transparent
fr,rebuffade,en,rebuff,altered
fr,rebuter,en,rebut,transparent
fr,recalibrer,en,recalibrate,altered
fr,recapture,en,recapture,transparent
fr,recette,en,recipe,altered
fr,recevoir,en,receive,transparent
fr,rechargeable,en,rechargeable,transparent
fr,recharger,en,recharge,transparent
fr,recherche,en,research,transparent
fr,reclus,en,recluse,transparent
fr,recombinaison,en,recombination,transparent
fr,recombiner,en,recombinant,transparent
fr,recommandation,en,recommendation,transparent
fr,recommander,en,recommend,transparent
fr,reconfigurer,en,reconfigure,transparent
fr,reconnaissable,en,recognizable,altered
fr,reconnaissance,en,recognition,transparent
fr,reconnaître,en,recognize,altered
fr,reconnecter,en,reconnect,transparent
fr,reconsidération,en,reconsideration,transparent
fr,reconsidérer,en,reconsider,transparent
fr,reconstituer,en,reconstitute,transparent
fr,reconstruction,en,reconstruction,transparent
fr,reconstruire,en,reconstruct,transparent
fr,recours,en,recourse,transparent
fr,recouvrer,en,recover,altered
fr,recrue,en,recruit,altered
fr,recrutement,en,recruitment,transparent
fr,rectal,en,rectal,transparent
fr,rectangle,en,rectangle,transparent
fr,rectangulaire,en,rectangular,altered
fr,recteur,en,rector,altered
fr,rectifier,en,rectify,transparent
fr,rectum,en,rectum,transparent
fr,recul,en,recoil,transparent
fr,recyclable,en,recyclable,transparent
fr,recyclage,en,recycling,altered
fr,recycler,en,recycle,transparent
fr,rediriger,en,redirect,altered
fr,redistribuer,en,redistribute,transparent
fr,redistribution,en,redistribution,transparent
fr,redondance,en,redundancy,altered
fr,redondant,en,redundant,altered
fr,redoubler,en,redouble,altered
fr,redox,en,redox,transparent
fr,redux,en,redux,transparent
fr,redéfinir,en,redefine,transparent
fr,reflux,en,reflux,transparent
fr,reformation,en,reformation,transparent
fr,reformuler,en,reformulate,transparent
fr,refrain,en,refrain,transparent
fr,refuge,en,refuge,transparent
fr,refuser,en,refuse,transparent
fr,reggae,en,reggae,transparent
fr,registraire,en,registrar,altered
fr,registre,en,register,altered
fr,regrettable,en,regrettable,transparent
fr,regretter,en,regret,transparent
fr,regrouper,en,regroup,transparent
fr,rejet,en,rejection,altered
fr,rejeter,en,reject,transparent
fr,relais,en,relay,altered
fr,relater,en,relate,altered
fr,relatif,en,relative,transparent
fr,relation,en,relation,transparent
fr,relationnel,en,relational,altered
fr,relativement,en,relatively,transparent
fr,relativisme,en,relativism,transparent
fr,relativiste,en,relativistic,altered
fr,relativité,en,relativity,transparent
fr,relaxation,en,relaxation,transparent
fr,relaxer,en,relax,transparent
fr,relief,en,relief,transparent
fr,religieusement,en,religiously,altered
fr,religieux,en,religious,transparent
fr,religion,en,religion,transparent
fr,religiosité,en,religiosity,transparent
fr,relique,en,relic,altered
fr,relish,en,relish,transparent
fr,relocalisation,en,relocation,transparent
fr,relâcher,en,release,altered
fr,relégation,en,relegation,transparent
fr,reléguer,en,relegate,transparent
fr,remarque,en,remark,altered
fr,remembrance,en,remembrance,transparent
fr,remettre,en,remit,altered
fr,remis,en,remiss,transparent
fr,remix,en,remix,transparent
fr,remords,en,remorse,altered
fr,rempart,en,rampart,altered
fr,remplacement,en,replacement,transparent
fr,remplaçable,en,replaceable,transparent
fr,remède,en,remedy,altered
fr,remédiation,en,remediation,transparent
fr,renaissance,en,renaissance,transparent
fr,rendez-vous,en,rendezvous,transparent
fr,rendre,en,render,transparent
fr,rendu,en,render,altered
fr,renforcement,en,reinforcement,transparent
fr,renier,en,renege,altered
fr,renommé,en,renowned,altered
fr,renommée,en,renown,altered
fr,renoncer,en,renounce,altered
fr,renonciation,en,renunciation,transparent
fr,renouvelable,en,renewable,transparent
fr,renouveler,en,renew,altered
fr,renouvellement,en,renewal,altered
fr,renégociation,en,renegotiation,transparent
fr,renégocier,en,renegotiate,altered
fr,repentir,en,repent,transparent
fr,replacer,en,replace,altered
fr,replanter,en,replant,transparent
fr,replet,en,replete,altered
fr,reportage,en,reportage,transparent
fr,reporter,en,report,altered
fr,repos,en,repose,altered
fr,repositionner,en,reposition,transparent
fr,repository,en,repository,transparent
fr,repousser,en,repel,altered
fr,repriser,en,reprise,transparent
fr,reproche,en,reproach,transparent
fr,reproductible,en,reproducible,altered
fr,reproductif,en,reproductive,transparent
fr,reproduction,en,reproduction,transparent
fr,reproduire,en,reproduce,transparent
fr,représaille,en,reprisal,transparent
fr,représentatif,en,representative,transparent
fr,représentation,en,representation,transparent
fr,représenter,en,represent,transparent
fr,reptile,en,reptile,transparent
fr,reptilien,en,reptilian,transparent
fr,requiem,en,requiem,transparent
fr,requirement,en,requirement,transparent
fr,requérir,en,require,transparent
fr,requête,en,request,altered
fr,rescousse,en,rescue,altered
fr,respect,en,respect,transparent
fr,respectabilité,en,respectability,transparent
fr,respectable,en,respectable,transparent
fr,respectif,en,respective,transparent
fr,respectivement,en,respectively,transparent
fr,respectueusement,en,respectfully,altered
fr,respectueux,en,respectful,altered
fr,respirateur,en,respirator,transparent
fr,respiration,en,respiration,transparent
fr,respiratoire,en,respiratory,transparent
fr,resplendissant,en,resplendent,transparent
fr,responsabilité,en,responsibility,transparent
fr,responsable,en,responsible,transparent
fr,ressemblance,en,resemblance,transparent
fr,ressembler,en,resemble,altered
fr,ressentiment,en,resentment,transparent
fr,ressource,en,resource,altered
fr,ressusciter,en,resurrect,transparent
fr,restaurant,en,restaurant,transparent
fr,restaurateur,en,restaurateur,transparent
fr,restauration,en,restoration,transparent
fr,restaurer,en,restore,transparent
fr,reste,en,rest,altered
fr,restitution,en,restitution,transparent
fr,restreindre,en,restrict,altered
fr,restrictif,en,restrictive,altered
fr,restriction,en,restriction,transparent
fr,restructuration,en,restructuring,transparent
fr,restructurer,en,restructure,transparent
fr,retard,en,retard,transparent
fr,retarder,en,retardant,transparent
fr,retenir,en,retain,altered
fr,retester,en,retest,transparent
fr,retirer,en,retire,transparent
fr,retouche,en,retouch,altered
fr,retourner,en,return,transparent
fr,retracer,en,retrace,transparent
fr,retraité,en,retiree,altered
fr,retrancher,en,entrench,altered
fr,retrouver,en,retrieve,altered
fr,revenir,en,revert,altered
fr,revenu,en,revenue,transparent
fr,revers,en,reverse,altered
fr,revitalisation,en,revitalization,transparent
fr,revitaliser,en,revitalize,transparent
fr,revival,en,revival,transparent
fr,revivifier,en,revive,altered
fr,revolver,en,revolver,transparent
fr,rhapsodie,en,rhapsody,transparent
fr,rhinocéros,en,rhinoceros,transparent
fr,rhizome,en,rhizome,transparent
fr,rhododendron,en,rhododendron,transparent
fr,rhubarbe,en,rhubarb,altered
fr,rhum,en,rum,transparent
fr,rhumatisme,en,rheumatism,altered
fr,rhumatoïde,en,rheumatoid,transparent
fr,rhétorique,en,rhetoric,transparent
fr,ribosome,en,ribosome,transparent
fr,richard,en,richard,transparent
fr,riche,en,rich,transparent
fr,ricochet,en,ricochet,transparent
fr,ricotta,en,ricotta,transparent
fr,ridicule,en,ridiculous,transparent
fr,ridiculement,en,ridiculously,altered
fr,rifle,en,rifle,transparent
fr,rigide,en,rigid,transparent
fr,rigoureusement,en,rigorously,transparent
fr,rigoureux,en,rigorous,altered
fr,rigueur,en,rigor,altered
fr,rime,en,rime,transparent
fr,risque,en,risk,transparent
fr,rite,en,rite,transparent
fr,rituel,en,ritual,transparent
fr,rival,en,rival,transparent
fr,rivalité,en,rivalry,transparent
fr,rive,en,rive,transparent
fr,riverain,en,riparian,altered
fr,rivet,en,rivet,transparent
fr,riviera,en,riviera,transparent
fr,robe,en,robe,transparent
fr,rober,en,rob,transparent
fr,robot,en,robot,transparent
fr,robotique,en,robotic,altered
fr,robuste,en,robust,transparent
fr,roche,en,roche,transparent
fr,rockstar,en,rockstar,transparent
fr,rococo,en,rococo,transparent
fr,rogue,en,rogue,transparent
fr,romain,en,roman,transparent
fr,romaine,en,romaine,transparent
fr,roman,en,romance,altered
fr,romantique,en,romantic,transparent
fr,romantiquement,en,romantically,transparent
fr,romantisme,en,romanticism,altered
fr,romulus,en,romulus,transparent
fr,rondeau,en,rondo,altered
fr,rosaire,en,rosary,altered
fr,rose,en,rose,transparent
fr,rosette,en,rosette,transparent
fr,rostre,en,rostrum,altered
fr,rosé,en,rosé,transparent
fr,rotateur,en,rotator,altered
fr,rotatif,en,rotary,altered
fr,rotation,en,rotation,transparent
fr,rotationnel,en,rotational,altered
fr,roter,en,rotate,transparent
fr,rotin,en,rattan,altered
fr,rotonde,en,rotunda,altered
fr,rotor,en,rotor,transparent
fr,rouge,en,rouge,transparent
fr,roulette,en,roulette,transparent
fr,roumain,en,romanian,altered
fr,roupie,en,rupee,altered
fr,route,en,route,transparent
fr,routine,en,routine,transparent
fr,roux,en,roux,transparent
fr,royal,en,royal,transparent
fr,royalement,en,royally,transparent
fr,royaliste,en,royalist,transparent
fr,ruban,en,ribbon,altered
fr,rubicon,en,rubicon,transparent
fr,rubis,en,ruby,transparent
fr,rubrique,en,rubric,transparent
fr,rude,en,rude,transparent
fr,rudement,en,rudely,transparent
fr,rudimentaire,en,rudimentary,transparent
fr,ruine,en,ruin,transparent
fr,ruineux,en,ruinous,altered
fr,rumba,en,rumba,transparent
fr,rumeur,en,rumor,altered
fr,ruminer,en,ruminate,altered
fr,rune,en,rune,transparent
fr,rupture,en,rupture,transparent
fr,rural,en,rural,transparent
fr,ruse,en,ruse,transparent
fr,russe,en,russian,altered
fr,russie,en,russia,altered
fr,rustique,en,rustic,transparent
fr,rwanda,en,rwanda,transparent
fr,rythme,en,rhythm,altered
fr,rythmique,en,rhythmic,altered
fr,rythmiquement,en,rhythmically,transparent
fr,règle,en,ruler,altered
fr,règne,en,reign,altered
fr,réacteur,en,reactor,transparent
fr,réactif,en,reactive,altered
fr,réaction,en,reaction,transparent
fr,réactionnaire,en,reactionary,transparent
fr,réactiver,en,reactivate,transparent
fr,réactivité,en,reactivity,transparent
fr,réaffirmer,en,reaffirm,transparent
fr,réagir,en,react,altered
fr,réalisation,en,realization,transparent
fr,réaliser,en,realise,transparent
fr,réalisme,en,realism,altered
fr,réaliste,en,realistic,transparent
fr,réalité,en,reality,transparent
fr,réapparition,en,reappearance,altered
fr,réassembler,en,reassemble,transparent
fr,réassignation,en,reassignment,transparent
fr,réassurance,en,reassurance,transparent
fr,rébellion,en,rebellion,transparent
fr,récent,en,recent,transparent
fr,réceptacle,en,receptacle,transparent
fr,récepteur,en,receiver,transparent
fr,réceptif,en,receptive,altered
fr,réception,en,reception,transparent
fr,réceptionniste,en,receptionist,transparent
fr,récessif,en,recessive,altered
fr,récession,en,recession,transparent
fr,réciprocité,en,reciprocity,transparent
fr,réciproque,en,reciprocal,transparent
fr,récital,en,recital,transparent
fr,récitation,en,recitation,transparent
fr,réciter,en,recite,transparent
fr,réclamation,en,reclamation,transparent
fr,réclamer,en,reclaim,transparent
fr,récompense,en,recompense,transparent
fr,réconciliation,en,reconciliation,transparent
fr,réconcilier,en,reconcile,altered
fr,réconfortant,en,comforter,altered
fr,récréatif,en,recreational,altered
fr,récréation,en,recreation,transparent
fr,récréer,en,recreate,altered
fr,récupération,en,recuperation,transparent
fr,récupérer,en,recuperate,transparent
fr,récurrence,en,recurrence,transparent
fr,récurrent,en,recurrent,transparent
fr,récursif,en,recursive,transparent
fr,rédemption,en,redemption,transparent
fr,réduction,en,reduction,transparent
fr,réduire,en,reduce,transparent
fr,réel,en,real,transparent
fr,réflecteur,en,reflector,transparent
fr,réflexe,en,reflex,transparent
fr,réflexif,en,reflexive,transparent
fr,réflexion,en,reflection,transparent
fr,réfléchir,en,reflect,transparent
fr,réformateur,en,reformer,transparent
fr,réforme,en,reform,transparent
fr,réformiste,en,reformist,altered
fr,réfractaire,en,refractory,transparent
fr,réfraction,en,refraction,transparent
fr,réfrigérant,en,refrigerant,transparent
fr,réfrigérateur,en,refrigerator,transparent
fr,réfrigération,en,refrigeration,transparent
fr,réfrigérer,en,refrigerate,transparent
fr,réfugié,en,refugee,transparent
fr,réfutation,en,refutation,transparent
fr,réfuter,en,refute,altered
fr,référence,en,reference,transparent
fr,référendum,en,referendum,transparent
fr,référentiel,en,referential,transparent
fr,référer,en,refer,transparent
fr,régate,en,regatta,transparent
fr,régence,en,regency,transparent
fr,régent,en,regent,altered
fr,régime,en,regime,transparent
fr,régiment,en,regiment,transparent
fr,régimentaire,en,regimental,altered
fr,région,en,region,transparent
fr,régional,en,regional,transparent
fr,régionalement,en,regionally,transparent
fr,réglementaire,en,regulatory,altered
fr,régressif,en,regressive,transparent
fr,régression,en,regression,transparent
fr,régularité,en,regularity,transparent
fr,régulateur,en,regulator,transparent
fr,régulation,en,regulation,transparent
fr,réguler,en,regulate,altered
fr,régulier,en,regular,transparent
fr,régulièrement,en,regularly,altered
fr,régurgiter,en,regurgitate,transparent
fr,régénératif,en,regenerative,altered
fr,régénération,en,regeneration,transparent
fr,régénérer,en,regenerate,transparent
fr,réhabilitation,en,rehabilitation,transparent
fr,réhabiliter,en,rehabilitate,transparent
fr,réincarnation,en,reincarnation,transparent
fr,réinterpréter,en,reinterpret,transparent
fr,réintroduction,en,reintroduction,transparent
fr,réintroduire,en,reintroduce,transparent
fr,réintégration,en,reintegration,transparent
fr,réinvention,en,reinvention,transparent
fr,réinvestir,en,reinvest,transparent
fr,réinvestissement,en,reinvestment,transparent
fr,réitérer,en,reiterate,transparent
fr,réminiscence,en,reminiscence,transparent
fr,rémission,en,remission,transparent
fr,rémunération,en,remuneration,transparent
fr,rénovation,en,renovation,transparent
fr,rénover,en,renovate,transparent
fr,réorganisation,en,reorganization,transparent
fr,réorganiser,en,reorganize,transparent
fr,réparation,en,repair,transparent
fr,répertoire,en,repertoire,transparent
fr,répit,en,respite,altered
fr,réplication,en,replication,transparent
fr,réplique,en,replica,transparent
fr,répliquer,en,replicate,transparent
fr,répondant,en,respondent,transparent
fr,répondre,en,respond,transparent
fr,réponse,en,response,altered
fr,répressif,en,repressive,transparent
fr,répression,en,repression,transparent
fr,réprimande,en,reprimand,transparent
fr,réprimer,en,repress,transparent
fr,répréhensible,en,reprehensible,transparent
fr,républicain,en,republican,transparent
fr,républicanisme,en,republicanism,altered
fr,république,en,republic,transparent
fr,répudier,en,repudiate,transparent
fr,répugnant,en,repugnant,transparent
fr,répulsif,en,repulsive,transparent
fr,réputation,en,reputation,transparent
fr,répétable,en,repeatable,transparent
fr,répéter,en,repeat,transparent
fr,répétitif,en,repetitive,transparent
fr,répétition,en,repetition,transparent
fr,réquisition,en,requisition,transparent
fr,résection,en,resection,transparent
fr,réservation,en,reservation,transparent
fr,réserve,en,reserve,transparent
fr,réservoir,en,reservoir,transparent
fr,résidence,en,residence,transparent
fr,résident,en,resident,transparent
fr,résidentiel,en,residential,transparent
fr,résider,en,reside,transparent
fr,résidu,en,residue,altered
fr,résiduel,en,residual,transparent
fr,résignation,en,resignation,altered
fr,résigner,en,resign,altered
fr,résilience,en,resilience,transparent
fr,résine,en,resin,altered
fr,résistance,en,resistance,transparent
fr,résistant,en,resistant,transparent
fr,résister,en,resist,transparent
fr,résistif,en,resistive,altered
fr,résolu,en,resolute,transparent
fr,résolument,en,resolutely,altered
fr,résolution,en,resolution,transparent
fr,résonance,en,resonance,transparent
fr,résonateur,en,resonator,transparent
fr,résonnant,en,resonant,transparent
fr,résonner,en,resonate,transparent
fr,résoudre,en,resolve,altered
fr,résultante,en,resultant,transparent
fr,résultat,en,result,transparent
fr,résumé,en,résumé,transparent
fr,résurgence,en,resurgence,transparent
fr,résurrection,en,resurrection,transparent
fr,rétablir,en,reestablish,altered
fr,rétention,en,retention,transparent
fr,réticence,en,reticence,transparent
fr,réticent,en,reticent,transparent
fr,rétine,en,retina,altered
fr,rétinien,en,retinal,altered
fr,rétractable,en,retractable,transparent
fr,rétracter,en,retract,altered
fr,rétraction,en,retraction,transparent
fr,rétribution,en,retribution,transparent
fr,rétro,en,retro,transparent
fr,rétroactif,en,retroactive,transparent
fr,rétroactivement,en,retroactively,transparent
fr,rétrograde,en,retrograde,transparent
fr,rétrospectif,en,retrospective,transparent
fr,rétrospective,en,retrospect,altered
fr,rétrospectivement,en,retrospectively,transparent
fr,réunification,en,reunification,transparent
fr,réunion,en,reunion,transparent
fr,réunir,en,reunite,transparent
fr,réverbération,en,reverberation,transparent
fr,réversible,en,reversible,transparent
fr,réversion,en,reversal,altered
fr,réviser,en,revise,transparent
fr,révision,en,revision,transparent
fr,révisionnisme,en,revisionism,transparent
fr,révisionniste,en,revisionist,transparent
fr,révocation,en,revocation,transparent
fr,révolte,en,revolt,altered
fr,révolution,en,revolution,transparent
fr,révolutionnaire,en,revolutionary,transparent
fr,révolutionner,en,revolutionize,transparent
fr,révoquer,en,revoke,transparent
fr,révélation,en,revelation,altered
fr,révéler,en,reveal,altered
fr,révérence,en,reverence,transparent
fr,révérend,en,reverend,altered
fr,révérer,en,revere,altered
fr,réélection,en,reelection,transparent
fr,réélire,en,reelect,transparent
fr,réévaluer,en,reevaluate,transparent
fr,rêne,en,rein,altered
fr,rêverie,en,reverie,transparent
fr,rôle,en,role,transparent
fr,sabbat,en,sabbath,transparent
fr,sabbatique,en,sabbatical,altered
fr,sabotage,en,sabotage,transparent
fr,saboteur,en,saboteur,transparent
fr,sabre,en,sabre,transparent
fr,sac,en,sac,transparent
fr,saccharose,en,sucrose,altered
fr,sacrifice,en,sacrifice,transparent
fr,sacrificiel,en,sacrificial,transparent
fr,sacrilège,en,sacrilege,altered
fr,sacrum,en,sacrum,transparent
fr,sadique,en,sadistic,transparent
fr,safari,en,safari,transparent
fr,saga,en,saga,transparent
fr,sage,en,sage,transparent
fr,sagittaire,en,sagittarius,transparent
fr,sahara,en,sahara,transparent
fr,saharien,en,saharan,altered
fr,saillant,en,salient,transparent
fr,saint,en,san,altered
fr,sainte,en,santa,altered
fr,sainteté,en,sanctity,transparent
fr,saisonnier,en,seasonal,altered
fr,salade,en,salad,transparent
fr,salaire,en,salary,transparent
fr,salamandre,en,salamander,altered
fr,salami,en,salami,transparent
fr,saline,en,saline,transparent
fr,salinité,en,salinity,transparent
fr,salivaire,en,salivary,transparent
fr,salive,en,saliva,altered
fr,saliver,en,salivate,transparent
fr,salle,en,sala,altered
fr,salon,en,salon,transparent
fr,salut,en,salute,altered
fr,salutation,en,salutation,transparent
fr,salvation,en,salvation,transparent
fr,salve,en,salve,transparent
fr,samaritain,en,samaritan,transparent
fr,samba,en,samba,transparent
fr,samedi,en,saturday,altered
fr,samouraï,en,samurai,altered
fr,sanatorium,en,sanatorium,transparent
fr,sanctifier,en,sanctify,altered
fr,sanction,en,sanction,transparent
fr,sanctuaire,en,sanctuary,altered
fr,sandale,en,sandal,transparent
fr,sanguin,en,sanguine,transparent
fr,sanitaire,en,sanitary,altered
fr,sanskrit,en,sanskrit,transparent
fr,saphir,en,sapphire,altered
fr,sapiens,en,sapiens,transparent
fr,sarcasme,en,sarcasm,transparent
fr,sarcastique,en,sarcastic,transparent
fr,sarcastiquement,en,sarcastically,transparent
fr,sarcome,en,sarcoma,transparent
fr,sarcophage,en,sarcophagus,altered
fr,sardine,en,sardine,transparent
fr,sari,en,sari,transparent
fr,sarin,en,sarin,transparent
fr,sarrasin,en,saracens,altered
fr,satan,en,satan,transparent
fr,satanique,en,satanic,transparent
fr,sataniste,en,satanist,transparent
fr,satellite,en,satellite,transparent
fr,satin,en,satin,transparent
fr,satire,en,satire,transparent
fr,satirique,en,satirical,transparent
fr,satiriste,en,satirist,transparent
fr,satisfaction,en,satisfaction,transparent
fr,satisfaire,en,satisfy,transparent
fr,sativa,en,sativa,transparent
fr,saturation,en,saturation,transparent
fr,saturer,en,saturate,transparent
fr,saturne,en,saturn,altered
fr,satyre,en,satyr,altered
fr,sauce,en,sauce,transparent
fr,saucisse,en,sausage,transparent
fr,sauf,en,save,altered
fr,saumon,en,salmon,altered
fr,sauna,en,sauna,transparent
fr,sauté,en,sauté,transparent
fr,sauvage,en,savage,transparent
fr,sauvagement,en,savagely,transparent
fr,sauveur,en,savior,altered
fr,sauvignon,en,sauvignon,transparent
fr,savant,en,savant,transparent
fr,saveur,en,savour,altered
fr,savourer,en,savor,altered
fr,savoureux,en,savoury,altered
fr,sax,en,sax,transparent
fr,saxon,en,saxon,transparent
fr,saxophone,en,saxophone,transparent
fr,saxophoniste,en,saxophonist,transparent
fr,scala,en,scala,transparent
fr,scalabilité,en,scalability,transparent
fr,scalable,en,scalable,transparent
fr,scalaire,en,scalar,transparent
fr,scalpel,en,scalpel,transparent
fr,scandale,en,scandal,transparent
fr,scandaleux,en,scandalous,transparent
fr,scandinave,en,scandinavian,altered
fr,scandinavie,en,scandinavia,transparent
fr,scanner,en,scanner,transparent
fr,scarabée,en,scarab,altered
fr,scepticisme,en,skepticism,transparent
fr,sceptique,en,skeptical,transparent
fr,sceptre,en,scepter,transparent
fr,schengen,en,schengen,transparent
fr,schisme,en,schism,transparent
fr,schizophrène,en,schizophrenic,altered
fr,schizophrénie,en,schizophrenia,transparent
fr,schéma,en,scheme,transparent
fr,schématique,en,schematic,transparent
fr,science,en,science,transparent
fr,scientifique,en,scientist,transparent
fr,scientifiquement,en,scientifically,transparent
fr,scintiller,en,scintillate,transparent
fr,sclérose,en,sclerosis,altered
fr,scolastique,en,scholastic,altered
fr,scoliose,en,scoliosis,altered
fr,scooter,en,scooter,transparent
fr,scorpion,en,scorpion,transparent
fr,scribe,en,scribe,transparent
fr,script,en,script,transparent
fr,scrotum,en,scrotum,transparent
fr,scrupule,en,scruple,transparent
fr,scruter,en,scrutinise,transparent
fr,sculpter,en,sculpt,altered
fr,sculpteur,en,sculptor,altered
fr,sculptural,en,sculptural,transparent
fr,sculpture,en,sculpture,transparent
fr,scène,en,scene,transparent
fr,scénario,en,scenario,altered
fr,scénique,en,scenic,transparent
fr,second,en,second,transparent
fr,secondaire,en,secondary,transparent
fr,secret,en,secret,transparent
fr,secrétaire,en,secretary,transparent
fr,secrétariat,en,secretariat,transparent
fr,sectaire,en,sectarian,altered
fr,secte,en,sect,altered
fr,secteur,en,sector,altered
fr,section,en,section,transparent
fr,sectoriel,en,sectoral,altered
fr,segment,en,segment,transparent
fr,segmentation,en,segmentation,transparent
fr,seigneur,en,senior,altered
fr,semblance,en,semblance,transparent
fr,semestre,en,semester,transparent
fr,semi,en,semi,transparent
fr,semiconducteur,en,semiconductor,altered
fr,semper,en,semper,transparent
fr,sens,en,sense,altered
fr,sensation,en,sensation,transparent
fr,sensationnel,en,sensational,transparent
fr,sensibiliser,en,sensitize,altered
fr,sensibilité,en,sensitivity,altered
fr,sensiblement,en,sensibly,altered
fr,sensoriel,en,sensory,altered
fr,sensualité,en,sensuality,transparent
fr,sensuel,en,sensual,altered
fr,sentence,en,sentence,transparent
fr,sentient,en,sentient,transparent
fr,sentiment,en,sentiment,transparent
fr,sentimental,en,sentimental,transparent
fr,sentimentalité,en,sentimentality,transparent
fr,sentinelle,en,sentinel,transparent
fr,septembre,en,september,transparent
fr,septicémie,en,sepsis,altered
fr,septique,en,septic,transparent
fr,septum,en,septum,transparent
fr,sequin,en,sequin,transparent
fr,serbe,en,serbian,altered
fr,serein,en,serene,altered
fr,serf,en,serf,transparent
fr,serge,en,serge,transparent
fr,sergent,en,sergeant,transparent
fr,sermon,en,sermon,transparent
fr,serpent,en,serpent,transparent
fr,serpentin,en,serpentine,altered
fr,servant,en,servant,transparent
fr,serveur,en,server,transparent
fr,service,en,service,transparent
fr,servir,en,serve,transparent
fr,servitude,en,servitude,transparent
fr,servo,en,servo,transparent
fr,session,en,session,transparent
fr,sexe,en,sex,transparent
fr,sexisme,en,sexism,transparent
fr,sexiste,en,sexist,transparent
fr,sexualiser,en,sexualize,transparent
fr,sexualité,en,sexuality,transparent
fr,sexuel,en,sexual,transparent
fr,sexy,en,sexy,transparent
fr,shampooing,en,shampoo,transparent
fr,shape,en,shape,transparent
fr,sherpa,en,sherpa,transparent
fr,shogun,en,shogun,transparent
fr,shooter,en,shooter,transparent
fr,showman,en,showman,transparent
fr,shrapnel,en,shrapnel,transparent
fr,siamois,en,siamese,altered
fr,sibérien,en,siberian,altered
fr,sic,en,sic,transparent
fr,sicilien,en,sicilian,transparent
fr,sigma,en,sigma,transparent
fr,signal,en,signal,transparent
fr,signataire,en,signatory,altered
fr,signature,en,signature,transparent
fr,signer,en,signer,transparent
fr,signet,en,signet,transparent
fr,significatif,en,significant,altered
fr,signification,en,significance,transparent
fr,significativement,en,significantly,transparent
fr,signifier,en,signify,altered
fr,sikh,en,sikh,transparent
fr,silence,en,silence,transparent
fr,silencieusement,en,silently,transparent
fr,silencieux,en,silencer,altered
fr,silhouette,en,silhouette,transparent
fr,silicate,en,silicate,transparent
fr,silice,en,silica,transparent
fr,silicium,en,silicon,altered
fr,silicone,en,silicone,transparent
fr,silo,en,silo,transparent
fr,similaire,en,similar,transparent
fr,similarité,en,similarity,transparent
fr,simile,en,simile,transparent
fr,simple,en,simple,transparent
fr,simplement,en,simply,altered
fr,simplex,en,simplex,transparent
fr,simplicité,en,simplicity,transparent
fr,simplification,en,simplification,transparent
fr,simplifier,en,simplify,transparent
fr,simpliste,en,simplistic,transparent
fr,simulateur,en,simulator,altered
fr,simulation,en,simulation,transparent
fr,simuler,en,simulate,transparent
fr,simultané,en,simultaneous,transparent
fr,simultanément,en,simultaneously,transparent
fr,sincère,en,sincere,transparent
fr,sincèrement,en,sincerely,transparent
fr,sincérité,en,sincerity,transparent
fr,singularité,en,singularity,transparent
fr,singulier,en,singular,altered
fr,singulièrement,en,singularly,altered
fr,sinistre,en,sinister,transparent
fr,sinus,en,sinus,transparent
fr,sionisme,en,zionism,transparent
fr,sioniste,en,zionist,altered
fr,siphon,en,siphon,transparent
fr,sire,en,sire,transparent
fr,sirop,en,syrup,transparent
fr,sirène,en,siren,transparent
fr,sismique,en,seismic,altered
fr,site,en,site,transparent
fr,situ,en,situ,transparent
fr,situation,en,situation,transparent
fr,situationnel,en,situational,transparent
fr,situer,en,situate,transparent
fr,six,en,six,transparent
fr,sixième,en,sixth,altered
fr,sixtine,en,sistine,altered
fr,siège,en,siege,transparent
fr,ski,en,ski,transparent
fr,skieur,en,skier,altered
fr,skin,en,skin,transparent
fr,skipper,en,skipper,transparent
fr,slalom,en,slalom,transparent
fr,slapstick,en,slapstick,transparent
fr,slave,en,slavic,altered
fr,slogan,en,slogan,transparent
fr,slovaquie,en,slovakia,altered
fr,slovène,en,slovenian,altered
fr,smartphone,en,smartphone,transparent
fr,smog,en,smog,transparent
fr,smoking,en,smoking,transparent
fr,smoothie,en,smoothie,transparent
fr,snack,en,snack,transparent
fr,sniper,en,sniper,transparent
fr,snob,en,snob,transparent
fr,snowboard,en,snowboard,transparent
fr,sobriété,en,sobriety,transparent
fr,sociable,en,sociable,transparent
fr,social,en,social,transparent
fr,socialement,en,socially,transparent
fr,socialisation,en,socialization,transparent
fr,socialiser,en,socialize,transparent
fr,socialisme,en,socialism,transparent
fr,socialiste,en,socialist,transparent
fr,sociologie,en,sociology,transparent
fr,sociologique,en,sociological,transparent
fr,sociologue,en,sociologist,transparent
fr,sociopathe,en,sociopath,transparent
fr,socioéconomique,en,socioeconomic,transparent
fr,société,en,society,transparent
fr,sodium,en,sodium,transparent
fr,sodomie,en,sodomy,transparent
fr,sofa,en,sofa,transparent
fr,soja,en,soya,transparent
fr,sol,en,soil,transparent
fr,solace,en,solace,transparent
fr,solaire,en,solar,altered
fr,soldat,en,soldier,altered
fr,soleil,en,soleil,transparent
fr,solennel,en,solemn,altered
fr,solennellement,en,solemnly,transparent
fr,solennité,en,solemnity,altered
fr,solidarité,en,solidarity,transparent
fr,solide,en,solid,transparent
fr,solidement,en,solidly,altered
fr,solidifier,en,solidify,transparent
fr,solidité,en,solidity,transparent
fr,soliste,en,soloist,transparent
fr,solitaire,en,solitary,transparent
fr,solitude,en,solitude,transparent
fr,sollicitation,en,solicitation,transparent
fr,solliciter,en,solicit,transparent
fr,solo,en,solo,transparent
fr,solstice,en,solstice,transparent
fr,solubilité,en,solubility,transparent
fr,solution,en,solution,transparent
fr,soluté,en,solute,transparent
fr,solvabilité,en,solvency,altered
fr,solvant,en,solvent,transparent
fr,solénoïde,en,solenoid,transparent
fr,soma,en,soma,transparent
fr,somalien,en,somali,altered
fr,somatique,en,somatic,transparent
fr,sombre,en,sombre,transparent
fr,sommaire,en,summary,altered
fr,sommation,en,summation,transparent
fr,somptueux,en,sumptuous,altered
fr,son,en,son,transparent
fr,sonar,en,sonar,transparent
fr,sonate,en,sonata,transparent
fr,sonique,en,sonic,transparent
fr,sonnet,en,sonnet,transparent
fr,sophistication,en,sophistication,transparent
fr,sophistiqué,en,sophisticate,altered
fr,soprano,en,soprano,transparent
fr,sorbet,en,sorbet,transparent
fr,sorcellerie,en,sorcery,transparent
fr,sordide,en,sordid,transparent
fr,sorgho,en,sorghum,altered
fr,sororité,en,sorority,transparent
fr,sortie,en,sortie,transparent
fr,sot,en,sot,transparent
fr,soudain,en,sudden,altered
fr,soude,en,soda,altered
fr,souder,en,solder,altered
fr,souffrir,en,suffer,altered
fr,soufi,en,sufi,altered
fr,soumettre,en,submit,altered
fr,soumis,en,submissive,altered
fr,soumission,en,submission,transparent
fr,source,en,source,transparent
fr,souscripteur,en,subscriber,altered
fr,souscription,en,subscription,altered
fr,soustraction,en,subtraction,altered
fr,soustraire,en,subtract,altered
fr,soutenable,en,sustainable,altered
fr,soutenir,en,sustain,altered
fr,souterrain,en,subterranean,altered
fr,soutra,en,sutra,altered
fr,souverain,en,sovereign,altered
fr,souveraineté,en,sovereignty,altered
fr,soviétique,en,soviet,transparent
fr,spa,en,spa,transparent
fr,spaghetti,en,spaghetti,transparent
fr,spam,en,spam,transparent
fr,spartiate,en,spartan,altered
fr,spasme,en,spasm,transparent
fr,spastique,en,spastic,transparent
fr,spatial,en,spatial,transparent
fr,spatialement,en,spatially,transparent
fr,spatule,en,spatula,altered
fr,spectacle,en,spectacle,transparent
fr,spectaculaire,en,spectacular,transparent
fr,spectateur,en,spectator,transparent
fr,spectral,en,spectral,transparent
fr,spectre,en,spectrum,altered
fr,spectromètre,en,spectrometer,transparent
fr,spectrométrie,en,spectrometry,transparent
fr,spectroscopie,en,spectroscopy,transparent
fr,spectroscopique,en,spectroscopic,transparent
fr,sperme,en,sperm,transparent
fr,sphincter,en,sphincter,transparent
fr,sphinx,en,sphinx,transparent
fr,sphère,en,sphere,transparent
fr,sphérique,en,spherical,altered
fr,spiel,en,spiel,transparent
fr,spinal,en,spinal,transparent
fr,spirale,en,spiral,altered
fr,spire,en,spire,transparent
fr,spiritualité,en,spirituality,transparent
fr,spirituel,en,spiritual,transparent
fr,spleen,en,spleen,transparent
fr,splendeur,en,splendor,transparent
fr,splendide,en,splendid,transparent
fr,spoiler,en,spoiler,transparent
fr,spongieux,en,spongy,altered
fr,spontané,en,spontaneous,transparent
fr,spontanéité,en,spontaneity,transparent
fr,spontanément,en,spontaneously,transparent
fr,sporadique,en,sporadic,transparent
fr,sporadiquement,en,sporadically,transparent
fr,spore,en,spore,transparent
fr,sport,en,sport,transparent
fr,spoutnik,en,sputnik,altered
fr,spray,en,spray,transparent
fr,sprint,en,sprint,transparent
fr,sprinter,en,sprinter,transparent
fr,spécial,en,special,transparent
fr,spécialement,en,specially,transparent
fr,spécialisation,en,specialization,transparent
fr,spécialiser,en,specialize,altered
fr,spécialiste,en,specialist,transparent
fr,spécialité,en,specialty,altered
fr,spécification,en,specification,transparent
fr,spécificité,en,specificity,transparent
fr,spécifier,en,specify,transparent
fr,spécifique,en,specific,transparent
fr,spécifiquement,en,specifically,transparent
fr,spécimen,en,specimen,transparent
fr,spéculateur,en,speculator,transparent
fr,spéculatif,en,speculative,altered
fr,spéculation,en,speculation,transparent
fr,spéculer,en,speculate,transparent
fr,squameux,en,squamous,altered
fr,squelette,en,skeleton,altered
fr,squelettique,en,skeletal,altered
fr,stabilisateur,en,stabilizer,transparent
fr,stabilisation,en,stabilization,transparent
fr,stabiliser,en,stabilize,transparent
fr,stabilité,en,stability,transparent
fr,stable,en,stable,transparent
fr,stade,en,stadium,altered
fr,staff,en,staff,transparent
fr,stagnant,en,stagnant,transparent
fr,stagnation,en,stagnation,transparent
fr,stagner,en,stagnate,transparent
fr,staliniste,en,stalinist,transparent
fr,stamina,en,stamina,transparent
fr,stance,en,stance,transparent
fr,standard,en,standard,transparent
fr,standardisation,en,standardization,transparent
fr,standardiser,en,standardize,altered
fr,staple,en,staple,transparent
fr,starter,en,starter,transparent
fr,startup,en,startup,transparent
fr,stase,en,stasis,altered
fr,statine,en,statin,transparent
fr,station,en,station,transparent
fr,stationnaire,en,stationary,transparent
fr,statique,en,static,transparent
fr,statisticien,en,statistician,transparent
fr,statistique,en,statistic,transparent
fr,statistiquement,en,statistically,transparent
fr,stator,en,stator,transparent
fr,statue,en,statue,transparent
fr,statuette,en,statuette,transparent
fr,stature,en,stature,transparent
fr,statut,en,status,altered
fr,statutaire,en,statutory,transparent
fr,stellaire,en,stellar,transparent
fr,steppe,en,steppe,transparent
fr,sternum,en,sternum,transparent
fr,stigmate,en,stigma,transparent
fr,stigmatiser,en,stigmatize,altered
fr,stimulant,en,stimulant,transparent
fr,stimulation,en,stimulation,transparent
fr,stimuler,en,stimulate,transparent
fr,stimulus,en,stimulus,transparent
fr,stipulation,en,stipulation,transparent
fr,stipuler,en,stipulate,transparent
fr,stochastique,en,stochastic,transparent
fr,stock,en,stock,transparent
fr,stoïcisme,en,stoicism,transparent
fr,stoïque,en,stoic,transparent
fr,strangulation,en,strangulation,transparent
fr,strate,en,stratum,altered
fr,stratification,en,stratification,transparent
fr,stratigraphie,en,stratigraphy,transparent
fr,stratigraphique,en,stratigraphic,transparent
fr,stratosphère,en,stratosphere,transparent
fr,stratosphérique,en,stratospheric,altered
fr,stratège,en,strategist,altered
fr,stratégie,en,strategy,transparent
fr,stratégique,en,strategic,transparent
fr,stratégiquement,en,strategically,transparent
fr,streptocoque,en,streptococcus,altered
fr,stress,en,stress,transparent
fr,stressant,en,stressful,transparent
fr,strict,en,strict,transparent
fr,strictement,en,strictly,transparent
fr,strident,en,strident,transparent
fr,strontium,en,strontium,transparent
fr,structural,en,structural,transparent
fr,structure,en,structure,transparent
fr,stuc,en,stucco,transparent
fr,studio,en,studio,transparent
fr,stupeur,en,stupor,altered
fr,stupide,en,stupid,transparent
fr,stupidement,en,stupidly,transparent
fr,stupidité,en,stupidity,transparent
fr,style,en,style,transparent
fr,stylet,en,stiletto,altered
fr,styliser,en,stylize,transparent
fr,styliste,en,stylist,transparent
fr,stylistique,en,stylistic,transparent
fr,stylistiquement,en,stylistically,altered
fr,sténose,en,stenosis,altered
fr,stérile,en,sterile,transparent
fr,stérilisation,en,sterilization,transparent
fr,stériliser,en,sterilize,transparent
fr,stéroïde,en,steroid,transparent
fr,stéréo,en,stereo,transparent
fr,stéréotype,en,stereotype,transparent
fr,stéréotyper,en,stereotypical,altered
fr,stéthoscope,en,stethoscope,transparent
fr,suave,en,suave,transparent
fr,subconscient,en,subconscious,altered
fr,subculture,en,subculture,transparent
fr,subdiviser,en,subdivide,altered
fr,subdivision,en,subdivision,transparent
fr,subduction,en,subduction,transparent
fr,subjectif,en,subjective,transparent
fr,subjectivement,en,subjectively,transparent
fr,subjectivité,en,subjectivity,transparent
fr,subjugation,en,subjugation,transparent
fr,subjuguer,en,subjugate,altered
fr,sublime,en,sublime,transparent
fr,subliminal,en,subliminal,transparent
fr,submerger,en,submerge,transparent
fr,submersible,en,submersible,transparent
fr,subordination,en,subordination,transparent
fr,subordonner,en,subordinate,altered
fr,subprime,en,subprime,transparent
fr,subrepticement,en,surreptitiously,altered
fr,subside,en,subsidy,altered
fr,subsidence,en,subsidence,transparent
fr,subsidiaire,en,subsidiary,transparent
fr,substance,en,substance,transparent
fr,substantiel,en,substantial,transparent
fr,substantiellement,en,substantially,transparent
fr,substantif,en,substantive,transparent
fr,substitut,en,substitute,transparent
fr,substitution,en,substitution,transparent
fr,substrat,en,substrate,altered
fr,subsurface,en,subsurface,transparent
fr,subséquent,en,subsequent,altered
fr,subterfuge,en,subterfuge,transparent
fr,subtil,en,subtle,transparent
fr,subtilité,en,subtlety,transparent
fr,subtropical,en,subtropical,transparent
fr,suburban,en,suburban,transparent
fr,suburbia,en,suburbia,transparent
fr,subversif,en,subversive,transparent
fr,subversion,en,subversion,transparent
fr,subvertir,en,subvert,transparent
fr,successeur,en,successor,altered
fr,successif,en,successive,transparent
fr,succession,en,succession,transparent
fr,successivement,en,successively,transparent
fr,succinct,en,succinct,transparent
fr,succion,en,suction,transparent
fr,succomber,en,succumb,altered
fr,succulent,en,succulent,transparent
fr,succès,en,success,transparent
fr,sudoku,en,sudoku,transparent
fr,suffire,en,suffice,transparent
fr,suffisamment,en,sufficiently,altered
fr,suffisance,en,sufficiency,altered
fr,suffisant,en,sufficient,transparent
fr,suffixe,en,suffix,transparent
fr,suffocation,en,suffocation,transparent
fr,suffoquer,en,suffocate,transparent
fr,suffrage,en,suffrage,transparent
fr,suffragette,en,suffragette,transparent
fr,suggestif,en,suggestive,altered
fr,suggestion,en,suggestion,transparent
fr,suggérer,en,suggest,transparent
fr,suicidaire,en,suicidal,altered
fr,suicide,en,suicide,transparent
fr,suite,en,suite,transparent
fr,sujet,en,subject,altered
fr,sulfate,en,sulfate,transparent
fr,sulfure,en,sulfide,altered
fr,sulfurique,en,sulfuric,transparent
fr,sultan,en,sultan,transparent
fr,sumo,en,sumo,transparent
fr,super,en,super,transparent
fr,super-héros,en,superhero,transparent
fr,superbe,en,superb,transparent
fr,superbement,en,superbly,transparent
fr,supercar,en,supercar,transparent
fr,superfast,en,superfast,transparent
fr,superficiel,en,superficial,altered
fr,superflu,en,superfluous,transparent
fr,superlatif,en,superlative,transparent
fr,supernova,en,supernova,transparent
fr,superordinateur,en,supercomputer,altered
fr,superposer,en,superimpose,transparent
fr,superposition,en,superposition,transparent
fr,superpuissance,en,superpower,altered
fr,supersonique,en,supersonic,transparent
fr,supersport,en,supersport,transparent
fr,superstar,en,superstar,transparent
fr,superstitieux,en,superstitious,transparent
fr,superstition,en,superstition,transparent
fr,superstructure,en,superstructure,transparent
fr,superviser,en,supervise,transparent
fr,superviseur,en,supervisor,altered
fr,supervision,en,supervision,transparent
fr,supplanter,en,supplant,transparent
fr,supplication,en,supplication,transparent
fr,suppléer,en,supply,altered
fr,supplément,en,supplement,altered
fr,supplémentaire,en,supplemental,altered
fr,supplémentation,en,supplementation,transparent
fr,support,en,support,transparent
fr,supposer,en,suppose,transparent
fr,supposition,en,supposition,transparent
fr,supposément,en,supposedly,transparent
fr,suppresseur,en,suppressor,transparent
fr,suppression,en,suppression,transparent
fr,supprimer,en,suppress,transparent
fr,supra,en,supra,transparent
fr,supraconducteur,en,superconductor,altered
fr,suprématie,en,supremacy,altered
fr,suprême,en,supreme,transparent
fr,supérieur,en,superior,transparent
fr,supériorité,en,superiority,transparent
fr,surcharge,en,surcharge,transparent
fr,sureté,en,surety,altered
fr,surf,en,surf,transparent
fr,surface,en,surface,transparent
fr,surfactant,en,surfactant,transparent
fr,surfer,en,surfer,transparent
fr,surhumain,en,superhuman,altered
fr,surintendant,en,superintendent,altered
fr,surmonter,en,surmount,transparent
fr,surnaturel,en,supernatural,altered
fr,surplus,en,surplus,transparent
fr,surpris,en,surprise,transparent
fr,surréalisme,en,surrealism,transparent
fr,surréaliste,en,surrealist,transparent
fr,surréel,en,surreal,transparent
fr,surveillance,en,surveillance,transparent
fr,survie,en,survival,altered
fr,survivant,en,survivor,altered
fr,survivre,en,survive,altered
fr,susceptibilité,en,susceptibility,transparent
fr,susceptible,en,susceptible,transparent
fr,sushi,en,sushi,transparent
fr,suspect,en,suspect,transparent
fr,suspendre,en,suspend,altered
fr,suspense,en,suspense,transparent
fr,suspension,en,suspension,transparent
fr,suspicion,en,suspicion,transparent
fr,suture,en,suture,transparent
fr,sweet,en,sweet,transparent
fr,syllabe,en,syllable,transparent
fr,syllabus,en,syllabus,transparent
fr,sylvain,en,sylvan,altered
fr,symbiose,en,symbiosis,altered
fr,symbiotique,en,symbiotic,transparent
fr,symbole,en,symbol,transparent
fr,symbolique,en,symbolic,transparent
fr,symboliser,en,symbolize,transparent
fr,symbolisme,en,symbolism,transparent
fr,sympathie,en,sympathy,altered
fr,sympathisant,en,sympathizer,altered
fr,sympathiser,en,sympathize,transparent
fr,symphonie,en,symphony,transparent
fr,symphonique,en,symphonic,altered
fr,symposium,en,symposium,transparent
fr,symptomatique,en,symptomatic,transparent
fr,symptôme,en,symptom,transparent
fr,symétrie,en,symmetry,transparent
fr,symétrique,en,symmetrical,altered
fr,synagogue,en,synagogue,transparent
fr,synapse,en,synapse,transparent
fr,synaptique,en,synaptic,transparent
fr,synchro,en,synchro,transparent
fr,synchrone,en,synchronous,altered
fr,synchronisation,en,synchronization,transparent
fr,synchroniser,en,synchronize,transparent
fr,synchrotron,en,synchrotron,transparent
fr,syndicat,en,syndicate,altered
fr,syndication,en,syndication,transparent
fr,syndrome,en,syndrome,transparent
fr,synergie,en,synergy,transparent
fr,synergique,en,synergistic,altered
fr,synode,en,synod,transparent
fr,synonyme,en,synonymous,transparent
fr,synopsis,en,synopsis,transparent
fr,syntaxe,en,syntax,transparent
fr,synthèse,en,synthesis,transparent
fr,synthétique,en,synthetic,transparent
fr,synthétiser,en,synthesize,transparent
fr,synthétiseur,en,synthesizer,altered
fr,syphilis,en,syphilis,transparent
fr,systolique,en,systolic,transparent
fr,système,en,system,transparent
fr,systématique,en,systematic,transparent
fr,systématiquement,en,systematically,transparent
fr,systémique,en,systemic,transparent
fr,sécession,en,secession,transparent
fr,sécréter,en,secrete,transparent
fr,sécrétion,en,secretion,transparent
fr,sécularisme,en,secularism,transparent
fr,séculier,en,secular,altered
fr,sécurité,en,security,transparent
fr,sédatif,en,sedative,transparent
fr,sédation,en,sedation,transparent
fr,sédentaire,en,sedentary,transparent
fr,sédiment,en,sediment,transparent
fr,sédimentaire,en,sedimentary,transparent
fr,sédimentation,en,sedimentation,transparent
fr,sédition,en,sedition,transparent
fr,séducteur,en,seductive,altered
fr,séduction,en,seduction,transparent
fr,séduire,en,seduce,altered
fr,ségrégation,en,segregation,transparent
fr,sélecteur,en,selector,altered
fr,sélectif,en,selective,transparent
fr,sélection,en,selection,transparent
fr,sélectionner,en,select,transparent
fr,sélectivement,en,selectively,transparent
fr,sélénium,en,selenium,transparent
fr,sémantique,en,semantic,transparent
fr,sémaphore,en,semaphore,transparent
fr,séminaire,en,seminar,transparent
fr,séminal,en,seminal,transparent
fr,sémiotique,en,semiotic,transparent
fr,sémite,en,semitic,transparent
fr,sémitisme,en,semitism,transparent
fr,sénat,en,senate,altered
fr,sénateur,en,senator,transparent
fr,sénatorial,en,senatorial,transparent
fr,sénile,en,senile,transparent
fr,séniorité,en,seniority,transparent
fr,sénégalais,en,senegalese,altered
fr,séparateur,en,separator,transparent
fr,séparation,en,separation,transparent
fr,séparatisme,en,separatism,transparent
fr,séparatiste,en,separatist,transparent
fr,séparer,en,separate,altered
fr,sépulcre,en,sepulchre,transparent
fr,séquence,en,sequence,transparent
fr,séquenceur,en,sequencer,transparent
fr,séquentiel,en,sequential,transparent
fr,séquestration,en,sequestration,transparent
fr,sérendipité,en,serendipity,transparent
fr,série,en,series,transparent
fr,sérieusement,en,seriously,transparent
fr,sérieux,en,serious,altered
fr,sérine,en,serine,transparent
fr,sérotonine,en,serotonin,transparent
fr,sérum,en,serum,transparent
fr,sérénade,en,serenade,transparent
fr,sérénité,en,serenity,transparent
fr,sésame,en,sesame,transparent
fr,sévère,en,severe,transparent
fr,sévérité,en,severity,altered
fr,sûr,en,secure,altered
fr,sûrement,en,surely,altered
fr,tabac,en,tobacco,altered
fr,tabernacle,en,tabernacle,transparent
fr,table,en,table,transparent
fr,tableau,en,tableau,transparent
fr,tablette,en,tablet,altered
fr,tabou,en,taboo,transparent
fr,tachycardie,en,tachycardia,altered
fr,tacite,en,tacit,transparent
fr,tact,en,tact,transparent
fr,tacticien,en,tactician,altered
fr,tactile,en,tactile,transparent
fr,tactique,en,tactic,altered
fr,tactiquement,en,tactically,transparent
fr,talent,en,talent,transparent
fr,talisman,en,talisman,transparent
fr,talon,en,talon,transparent
fr,tambourin,en,tambourine,transparent
fr,tampon,en,tampon,transparent
fr,tandem,en,tandem,transparent
fr,tangent,en,tangent,transparent
fr,tangentiel,en,tangential,altered
fr,tangerine,en,tangerine,transparent
fr,tangible,en,tangible,transparent
fr,tango,en,tango,transparent
fr,tanin,en,tannin,transparent
fr,tantra,en,tantra,transparent
fr,tantrique,en,tantric,altered
fr,tanzanie,en,tanzania,altered
fr,tanzanien,en,tanzanian,altered
fr,tapioca,en,tapioca,transparent
fr,tapisserie,en,tapestry,altered
fr,tarentule,en,tarantula,altered
fr,tarif,en,tariff,transparent
fr,tarot,en,tarot,transparent
fr,tartare,en,tartar,altered
fr,tarte,en,tart,transparent
fr,tasmanie,en,tasmania,transparent
fr,tasseau,en,tassel,altered
fr,tatouage,en,tattoo,altered
fr,tau,en,tau,transparent
fr,taureau,en,taurus,altered
fr,taverne,en,tavern,transparent
fr,taxation,en,taxation,transparent
fr,taxe,en,tax,transparent
fr,taxi,en,taxis,transparent
fr,taxon,en,taxon,transparent
fr,taxonomie,en,taxonomy,transparent
fr,taïga,en,taiga,transparent
fr,taïwanais,en,taiwanese,transparent
fr,technicien,en,technician,transparent
fr,technique,en,technique,transparent
fr,techno,en,techno,transparent
fr,technologie,en,technology,transparent
fr,technologique,en,technological,altered
fr,technologiquement,en,technologically,transparent
fr,technologue,en,technologist,transparent
fr,tectonique,en,tectonic,altered
fr,teinture,en,tincture,altered
fr,temple,en,temple,transparent
fr,templier,en,templar,altered
fr,tempo,en,tempo,transparent
fr,temporaire,en,temporary,transparent
fr,temporal,en,temporal,transparent
fr,tempérament,en,temperament,transparent
fr,tempérance,en,temperance,transparent
fr,température,en,temperature,transparent
fr,tempérer,en,temperate,altered
fr,tempête,en,tempest,altered
fr,tenace,en,tenacious,altered
fr,tenant,en,tenant,transparent
fr,tendance,en,tendency,altered
fr,tendon,en,tendon,transparent
fr,tendresse,en,tenderness,altered
fr,teneur,en,tenet,altered
fr,tennis,en,tennis,transparent
fr,tenseur,en,tensor,altered
fr,tension,en,tension,transparent
fr,tentacule,en,tentacle,transparent
fr,tentation,en,temptation,transparent
fr,tentative,en,tentative,transparent
fr,tente,en,tent,transparent
fr,tenter,en,tempt,altered
fr,tequila,en,tequila,transparent
fr,terme,en,term,transparent
fr,terminaison,en,termination,transparent
fr,terminal,en,terminal,transparent
fr,terminateur,en,terminator,transparent
fr,terminer,en,terminate,altered
fr,terminologie,en,terminology,altered
fr,terminus,en,terminus,transparent
fr,termite,en,termite,transparent
fr,terracotta,en,terracotta,transparent
fr,terrain,en,terrain,transparent
fr,terrarium,en,terrarium,transparent
fr,terrestre,en,terrestrial,transparent
fr,terreur,en,terror,altered
fr,terrible,en,terrible,transparent
fr,terrier,en,terrier,transparent
fr,terrifier,en,terrify,transparent
fr,territoire,en,territory,transparent
fr,territorial,en,territorial,transparent
fr,terroriser,en,terrorize,transparent
fr,terrorisme,en,terrorism,transparent
fr,terroriste,en,terrorist,transparent
fr,tertiaire,en,tertiary,transparent
fr,tesla,en,tesla,transparent
fr,test,en,test,transparent
fr,testament,en,testament,transparent
fr,testiculaire,en,testicular,transparent
fr,testicule,en,testicle,transparent
fr,testostérone,en,testosterone,transparent
fr,teutonique,en,teutonic,transparent
fr,texte,en,text,transparent
fr,textile,en,textile,transparent
fr,textuel,en,textual,transparent
fr,texture,en,texture,transparent
fr,thermal,en,thermal,transparent
fr,thermo,en,thermo,transparent
fr,thermodynamique,en,thermodynamics,transparent
fr,thermomètre,en,thermometer,altered
fr,thermonucléaire,en,thermonuclear,transparent
fr,thermoplastique,en,thermoplastic,transparent
fr,thermos,en,thermos,transparent
fr,thermostat,en,thermostat,transparent
fr,thoracique,en,thoracic,transparent
fr,thorax,en,thorax,transparent
fr,thorium,en,thorium,transparent
fr,thrombose,en,thrombosis,altered
fr,thym,en,thyme,altered
fr,thyroïde,en,thyroid,transparent
fr,thème,en,theme,transparent
fr,thèse,en,thesis,altered
fr,théisme,en,theism,altered
fr,thématique,en,thematic,transparent
fr,thématiquement,en,thematically,transparent
fr,théocratie,en,theocracy,transparent
fr,théologie,en,theology,transparent
fr,théologien,en,theologian,altered
fr,théologique,en,theological,transparent
fr,théorie,en,theory,transparent
fr,théorique,en,theoretical,transparent
fr,théoriser,en,theorize,transparent
fr,théorème,en,theorem,transparent
fr,thérapeute,en,therapist,transparent
fr,thérapeutique,en,therapeutic,transparent
fr,thérapie,en,therapy,transparent
fr,théâtral,en,theatrical,altered
fr,théâtre,en,theatre,altered
fr,thêta,en,theta,transparent
fr,tiare,en,tiara,altered
fr,tibet,en,tibet,transparent
fr,tibia,en,tibia,transparent
fr,tic,en,tic,transparent
fr,tidal,en,tidal,transparent
fr,tigre,en,tiger,transparent
fr,tilapia,en,tilapia,transparent
fr,timbre,en,timbre,transparent
fr,timeline,en,timeline,transparent
fr,timide,en,timid,transparent
fr,tirade,en,tirade,transparent
fr,tissu,en,tissue,transparent
fr,titan,en,titan,transparent
fr,titane,en,titanium,altered
fr,titre,en,title,altered
fr,titulaire,en,titular,altered
fr,tiède,en,tepid,altered
fr,tofu,en,tofu,transparent
fr,toge,en,toga,altered
fr,toi,en,toi,transparent
fr,tolède,en,toledo,altered
fr,tolérable,en,tolerable,transparent
fr,tolérance,en,tolerance,transparent
fr,tolérant,en,tolerant,transparent
fr,tolérer,en,tolerate,transparent
fr,tomate,en,tomato,transparent
fr,tombe,en,tomb,transparent
fr,tome,en,tome,transparent
fr,tomographie,en,tomography,transparent
fr,ton,en,tone,altered
fr,tonal,en,tonal,transparent
fr,toner,en,toner,transparent
fr,tonique,en,tonic,transparent
fr,tonnage,en,tonnage,transparent
fr,tonne,en,tonne,transparent
fr,topaze,en,topaz,altered
fr,topique,en,topic,transparent
fr,topless,en,topless,transparent
fr,topographie,en,topography,transparent
fr,topographique,en,topographic,transparent
fr,topologie,en,topology,transparent
fr,topologique,en,topological,transparent
fr,tore,en,torus,transparent
fr,tornado,en,tornado,transparent
fr,torpille,en,torpedo,altered
fr,torrent,en,torrent,transparent
fr,torrentiel,en,torrential,transparent
fr,torride,en,torrid,transparent
fr,torse,en,torso,altered
fr,torsion,en,torsion,transparent
fr,tort,en,tort,transparent
fr,tortilla,en,tortilla,transparent
fr,tortueux,en,tortuous,altered
fr,torturer,en,torture,transparent
fr,toscan,en,tuscan,altered
fr,total,en,total,transparent
fr,totalement,en,totally,transparent
fr,totalitaire,en,totalitarian,transparent
fr,totalitarisme,en,totalitarianism,transparent
fr,totalité,en,totality,transparent
fr,totem,en,totem,transparent
fr,toundra,en,tundra,transparent
fr,tourelle,en,turret,altered
fr,tourisme,en,tourism,transparent
fr,touriste,en,tourist,transparent
fr,tourment,en,torment,transparent
fr,tourniquet,en,tourniquet,transparent
fr,tournoi,en,tournament,altered
fr,tout,en,tout,transparent
fr,toxicité,en,toxicity,transparent
fr,toxicologie,en,toxicology,transparent
fr,toxine,en,toxin,altered
fr,toxique,en,toxic,transparent
fr,trace,en,trace,transparent
fr,traceur,en,tracer,altered
fr,trachée,en,trachea,altered
fr,tract,en,tract,transparent
fr,tracteur,en,tractor,altered
fr,traction,en,traction,transparent
fr,trade,en,trade,transparent
fr,tradition,en,tradition,transparent
fr,traditionaliste,en,traditionalist,transparent
fr,traditionnel,en,traditional,transparent
fr,trafic,en,traffic,transparent
fr,trafiquant,en,trafficker,altered
fr,tragique,en,tragic,altered
fr,tragiquement,en,tragically,transparent
fr,tragédie,en,tragedy,transparent
fr,trahison,en,treason,altered
fr,train,en,train,transparent
fr,training,en,train,transparent
fr,trait,en,trait,transparent
fr,traitement,en,treatment,transparent
fr,traiter,en,treat,altered
fr,traité,en,treaty,transparent
fr,trajectoire,en,trajectory,altered
fr,trampoline,en,trampoline,transparent
fr,tramway,en,tram,transparent
fr,tranquille,en,tranquil,transparent
fr,tranquillisant,en,tranquilizer,altered
fr,tranquillité,en,tranquility,transparent
fr,transaction,en,transaction,transparent
fr,transactionnel,en,transactional,transparent
fr,transatlantique,en,transatlantic,transparent
fr,transcendance,en,transcendence,transparent
fr,transcendant,en,transcendent,transparent
fr,transcendantal,en,transcendental,transparent
fr,transcender,en,transcend,transparent
fr,transcontinental,en,transcontinental,transparent
fr,transcription,en,transcript,transparent
fr,transcrire,en,transcribe,altered
fr,transducteur,en,transducer,transparent
fr,transduction,en,transduction,transparent
fr,transe,en,trance,transparent
fr,transfert,en,transference,altered
fr,transfiguration,en,transfiguration,transparent
fr,transformateur,en,transformer,transparent
fr,transformation,en,transformation,transparent
fr,transformationnel,en,transformational,transparent
fr,transformer,en,transform,transparent
fr,transfusion,en,transfusion,transparent
fr,transférer,en,transfer,transparent
fr,transgenre,en,transgender,transparent
fr,transgresser,en,transgress,transparent
fr,transgression,en,transgression,transparent
fr,transgénique,en,transgenic,transparent
fr,transient,en,transient,transparent
fr,transistor,en,transistor,transparent
fr,transit,en,transit,transparent
fr,transitif,en,transitive,transparent
fr,transition,en,transition,transparent
fr,transitionnel,en,transitional,altered
fr,translocation,en,translocation,transparent
fr,translucide,en,translucent,transparent
fr,transmetteur,en,transmitter,altered
fr,transmettre,en,transmit,altered
fr,transmission,en,transmission,transparent
fr,transmutation,en,transmutation,transparent
fr,transnational,en,transnational,transparent
fr,transparence,en,transparency,transparent
fr,transparent,en,transparent,transparent
fr,transphobie,en,transphobia,altered
fr,transpirer,en,transpire,transparent
fr,transplant,en,transplant,transparent
fr,transplantation,en,transplantation,transparent
fr,transport,en,transport,transparent
fr,transportation,en,transportation,transparent
fr,transporteur,en,transporter,transparent
fr,transposer,en,transpose,transparent
fr,transposition,en,transposition,transparent
fr,transsexuel,en,transsexual,transparent
fr,transverse,en,transverse,transparent
fr,transylvanie,en,transylvania,transparent
fr,trappe,en,trap,altered
fr,trapèze,en,trapeze,transparent
fr,trauma,en,trauma,transparent
fr,traumatique,en,traumatic,transparent
fr,traumatiser,en,traumatize,transparent
fr,travail,en,travail,transparent
fr,traverser,en,traverse,transparent
fr,travestir,en,transvestite,altered
fr,traître,en,traitor,altered
fr,treble,en,treble,transparent
fr,treillis,en,trellis,altered
fr,trembler,en,tremble,transparent
fr,trendy,en,trendy,transparent
fr,trente,en,thirty,altered
fr,triade,en,triad,transparent
fr,triage,en,triage,transparent
fr,trial,en,trial,transparent
fr,triangle,en,triangle,transparent
fr,triangulaire,en,triangular,altered
fr,triangulation,en,triangulation,transparent
fr,trias,en,triassic,altered
fr,triathlon,en,triathlon,transparent
fr,triathlète,en,triathlete,altered
fr,tribal,en,tribal,transparent
fr,tribalisme,en,tribalism,transparent
fr,tribu,en,tribe,transparent
fr,tribulation,en,tribulation,transparent
fr,tribunal,en,tribunal,transparent
fr,tribune,en,tribune,transparent
fr,tribut,en,tribute,altered
fr,tributaire,en,tributary,transparent
fr,triceps,en,triceps,transparent
fr,tricycle,en,tricycle,transparent
fr,trident,en,trident,transparent
fr,trigonométrie,en,trigonometry,transparent
fr,trilogie,en,trilogy,transparent
fr,trimestre,en,trimester,transparent
fr,trinité,en,trinity,transparent
fr,trio,en,trio,transparent
fr,triomphal,en,triumphal,transparent
fr,triomphant,en,triumphant,altered
fr,triomphe,en,triumph,altered
fr,trip,en,trip,transparent
fr,tripartite,en,tripartite,transparent
fr,tripe,en,tripe,transparent
fr,triple,en,triple,transparent
fr,triplet,en,triplet,transparent
fr,tritium,en,tritium,transparent
fr,trivial,en,trivial,transparent
fr,trivium,en,trivium,transparent
fr,trois,en,trois,transparent
fr,trombone,en,trombone,transparent
fr,trompette,en,trumpet,transparent
fr,tronquer,en,truncate,altered
fr,trope,en,trope,transparent
fr,trophée,en,trophy,altered
fr,tropical,en,tropical,transparent
fr,tropique,en,tropic,altered
fr,trot,en,trot,transparent
fr,troubadour,en,troubadour,transparent
fr,trouble,en,trouble,transparent
fr,troupe,en,troop,altered
fr,truc,en,trick,altered
fr,truffe,en,truffle,transparent
fr,truss,en,truss,transparent
fr,tryptophane,en,tryptophan,altered
fr,trépied,en,tripod,altered
fr,trésor,en,treasure,altered
fr,trésorerie,en,treasury,altered
fr,trésorier,en,treasurer,transparent
fr,tréteau,en,trestle,altered
fr,trône,en,throne,transparent
fr,tsunami,en,tsunami,transparent
fr,tuba,en,tuba,transparent
fr,tube,en,tube,transparent
fr,tubercule,en,tubercle,transparent
fr,tuberculose,en,tuberculosis,altered
fr,tubulaire,en,tubular,altered
fr,tulipe,en,tulip,transparent
fr,tulle,en,tulle,transparent
fr,tumeur,en,tumor,altered
fr,tumulte,en,tumult,transparent
fr,tumultueux,en,tumultuous,altered
fr,tunique,en,tunic,transparent
fr,tunisie,en,tunisia,altered
fr,tunisien,en,tunisian,altered
fr,tunnel,en,tunnel,transparent
fr,turban,en,turban,transparent
fr,turbine,en,turbine,transparent
fr,turbo,en,turbo,transparent
fr,turbulence,en,turbulence,transparent
fr,turbulent,en,turbulent,transparent
fr,turc,en,turkish,altered
fr,turquoise,en,turquoise,transparent
fr,tutelle,en,tutelage,altered
fr,tuteur,en,tutor,altered
fr,tutoriel,en,tutorial,transparent
fr,tutu,en,tutu,transparent
fr,tweed,en,tweed,transparent
fr,type,en,type,transparent
fr,typhon,en,typhoon,transparent
fr,typhus,en,typhus,transparent
fr,typique,en,typical,transparent
fr,typiquement,en,typically,transparent
fr,typographie,en,typography,transparent
fr,typographique,en,typographical,transparent
fr,typologie,en,typology,transparent
fr,tyran,en,tyrant,transparent
fr,tyrannie,en,tyranny,transparent
fr,tyrannique,en,tyrannical,transparent
fr,tyrannosaure,en,tyrannosaurus,altered
fr,tyrol,en,tyrol,transparent
fr,tyrosine,en,tyrosine,transparent
fr,téflon,en,teflon,transparent
fr,télescope,en,telescope,transparent
fr,télescopique,en,telescopic,transparent
fr,télé,en,tele,transparent
fr,télécom,en,telecom,transparent
fr,télécommunication,en,telecommunication,transparent
fr,télégramme,en,telegram,transparent
fr,télégraphe,en,telegraph,transparent
fr,télémédecine,en,telemedicine,transparent
fr,télémétrie,en,telemetry,transparent
fr,télépathie,en,telepathy,transparent
fr,télépathique,en,telepathic,transparent
fr,téléphoner,en,telephone,transparent
fr,téléphonie,en,telephony,transparent
fr,téléportation,en,teleport,transparent
fr,télévision,en,television,transparent
fr,télévisé,en,televise,altered
fr,témoignage,en,testimony,altered
fr,ténacité,en,tenacity,transparent
fr,ténor,en,tenor,transparent
fr,ténu,en,tenuous,altered
fr,tétanos,en,tetanus,transparent
fr,tétra,en,tetra,transparent
fr,tête,en,tete,altered
fr,ubiquité,en,ubiquity,transparent
fr,ukulélé,en,ukulele,transparent
fr,ulcère,en,ulcer,transparent
fr,ultimatum,en,ultimatum,transparent
fr,ultime,en,ultimate,transparent
fr,ultimement,en,ultimately,altered
fr,ultra,en,ultra,transparent
fr,ultrasonique,en,ultrasonic,transparent
fr,ultraviolet,en,ultraviolet,transparent
fr,ultérieur,en,ulterior,altered
fr,unanime,en,unanimous,altered
fr,unanimement,en,unanimously,altered
fr,unicode,en,unicode,transparent
fr,unification,en,unification,transparent
fr,unifier,en,unify,altered
fr,uniforme,en,uniform,transparent
fr,uniformité,en,uniformity,transparent
fr,unilatéral,en,unilateral,transparent
fr,unilatéralement,en,unilaterally,transparent
fr,union,en,union,transparent
fr,unionisme,en,unionism,transparent
fr,unioniste,en,unionist,altered
fr,unique,en,unique,transparent
fr,uniquement,en,uniquely,altered
fr,unir,en,unite,altered
fr,unisexe,en,unisex,altered
fr,unisson,en,unison,transparent
fr,unitaire,en,unitary,transparent
fr,unité,en,unit,transparent
fr,univers,en,universe,transparent
fr,universaliste,en,universalist,transparent
fr,universalité,en,universality,transparent
fr,universel,en,universal,transparent
fr,universellement,en,universally,altered
fr,université,en,university,transparent
fr,uranium,en,uranium,transparent
fr,uranus,en,uranus,transparent
fr,urbain,en,urban,altered
fr,urbanisation,en,urbanization,transparent
fr,urbaniser,en,urbanize,transparent
fr,urbanisme,en,urbanism,transparent
fr,urgent,en,urgent,transparent
fr,urinaire,en,urinary,transparent
fr,urine,en,urine,transparent
fr,uriner,en,urinate,transparent
fr,urique,en,uric,transparent
fr,url,en,url,transparent
fr,urologie,en,urology,transparent
fr,urologue,en,urologist,transparent
fr,urètre,en,urethra,altered
fr,urée,en,urea,altered
fr,usage,en,usage,transparent
fr,ustensile,en,utensil,altered
fr,usuel,en,usual,altered
fr,usuellement,en,usually,transparent
fr,usurpateur,en,usurper,altered
fr,usurper,en,usurp,transparent
fr,utilisation,en,utilization,transparent
fr,utiliser,en,utilize,transparent
fr,utilitaire,en,utilitarian,transparent
fr,utilité,en,utility,transparent
fr,utopie,en,utopia,transparent
fr,utopique,en,utopian,transparent
fr,utérin,en,uterine,transparent
fr,utérus,en,uterus,transparent
fr,vacance,en,vacation,transparent
fr,vacant,en,vacant,transparent
fr,vaccin,en,vaccine,altered
fr,vaccination,en,vaccination,transparent
fr,vacciner,en,vaccinate,altered
fr,vagin,en,vagina,altered
fr,vaillamment,en,valiantly,altered
fr,vaillant,en,valiant,altered
fr,vaisseau,en,vessel,altered
fr,valable,en,valuable,altered
fr,valence,en,valence,transparent
fr,valet,en,valet,transparent
fr,valeur,en,valor,altered
fr,validation,en,validation,transparent
fr,valide,en,valid,transparent
fr,valider,en,validate,transparent
fr,validité,en,validity,transparent
fr,valse,en,waltz,altered
fr,valve,en,valve,transparent
fr,vamp,en,vamp,transparent
fr,vampire,en,vampire,transparent
fr,vandale,en,vandal,transparent
fr,vandaliser,en,vandalize,transparent
fr,vandalisme,en,vandalism,transparent
fr,vane,en,vane,transparent
fr,vanille,en,vanilla,transparent
fr,vanité,en,vanity,transparent
fr,vapeur,en,vapor,altered
fr,variabilité,en,variability,transparent
fr,variable,en,variable,transparent
fr,variance,en,variance,transparent
fr,variant,en,variant,transparent
fr,variation,en,variation,transparent
fr,varier,en,various,altered
fr,variété,en,variety,transparent
fr,vasculaire,en,vascular,altered
fr,vasectomie,en,vasectomy,transparent
fr,vaseline,en,vaseline,transparent
fr,vassal,en,vassal,transparent
fr,vaste,en,vast,transparent
fr,vatican,en,vatican,transparent
fr,vaudeville,en,vaudeville,transparent
fr,vautour,en,vulture,altered
fr,veau,en,veal,altered
fr,vecteur,en,vector,altered
fr,velcro,en,velcro,transparent
fr,vendange,en,vintage,altered
fr,vendetta,en,vendetta,transparent
fr,vendre,en,vend,altered
fr,vengeance,en,vengeance,transparent
fr,venin,en,venom,altered
fr,ventilateur,en,ventilator,transparent
fr,ventilation,en,ventilation,transparent
fr,ventiler,en,ventilate,transparent
fr,ventral,en,ventral,transparent
fr,ventricule,en,ventricle,transparent
fr,verbal,en,verbal,transparent
fr,verbatim,en,verbatim,transparent
fr,verbe,en,verb,altered
fr,verdict,en,verdict,transparent
fr,vermine,en,vermin,transparent
fr,vermouth,en,vermouth,transparent
fr,vernaculaire,en,vernacular,transparent
fr,vers,en,verse,altered
fr,versatilité,en,versatility,transparent
fr,version,en,version,transparent
fr,verso,en,verso,transparent
fr,versus,en,versus,transparent
fr,vertex,en,vertex,transparent
fr,vertical,en,vertical,transparent
fr,verticalement,en,vertically,transparent
fr,vertige,en,vertigo,transparent
fr,vertu,en,virtue,altered
fr,vertueux,en,virtuous,altered
fr,vertèbre,en,vertebra,transparent
fr,vertébral,en,vertebral,transparent
fr,vertébré,en,vertebrate,altered
fr,verve,en,verve,transparent
fr,vespa,en,vespa,transparent
fr,vestibule,en,vestibule,transparent
fr,vestige,en,vestige,transparent
fr,veto,en,veto,transparent
fr,vexer,en,vex,transparent
fr,via,en,via,transparent
fr,viable,en,viable,transparent
fr,viaduc,en,viaduct,altered
fr,vial,en,vial,transparent
fr,vibrant,en,vibrant,transparent
fr,vibrateur,en,vibrator,transparent
fr,vibration,en,vibration,transparent
fr,vibratoire,en,vibrational,altered
fr,vibrer,en,vibrate,transparent
fr,vicaire,en,vicar,altered
fr,vicieux,en,vicious,transparent
fr,vicomte,en,viscount,altered
fr,victime,en,victim,transparent
fr,victimisation,en,victimization,transparent
fr,victimiser,en,victimize,transparent
fr,victoire,en,victory,transparent
fr,victor,en,victor,transparent
fr,victorien,en,victorian,altered
fr,victorieux,en,victorious,transparent
fr,vidéo,en,video,transparent
fr,vierge,en,virgin,altered
fr,vigilance,en,vigilance,transparent
fr,vigilant,en,vigilante,altered
fr,vigile,en,vigil,transparent
fr,vignette,en,vignette,transparent
fr,vigoureusement,en,vigorously,altered
fr,vigoureux,en,vigorous,altered
fr,vigueur,en,vigor,altered
fr,viking,en,viking,transparent
fr,vil,en,vile,altered
fr,vilain,en,villain,transparent
fr,vilenie,en,villainy,altered
fr,villa,en,villa,transparent
fr,village,en,village,transparent
fr,villageois,en,villager,altered
fr,vinaigre,en,vinegar,transparent
fr,vinaigrette,en,vinaigrette,transparent
fr,vindicatif,en,vindictive,altered
fr,vinyle,en,vinyl,transparent
fr,violation,en,violation,transparent
fr,violemment,en,violently,altered
fr,violence,en,violence,transparent
fr,violent,en,violent,transparent
fr,violer,en,violate,altered
fr,violet,en,violet,transparent
fr,violon,en,violin,transparent
fr,vipère,en,viper,altered
fr,viral,en,viral,transparent
fr,virginité,en,virginity,transparent
fr,virologie,en,virology,transparent
fr,virtualisation,en,virtualization,transparent
fr,virtuel,en,virtual,transparent
fr,virtuellement,en,virtually,transparent
fr,virtuose,en,virtuoso,transparent
fr,virtuosité,en,virtuosity,transparent
fr,virulence,en,virulence,transparent
fr,virulent,en,virulent,transparent
fr,virus,en,virus,transparent
fr,vis,en,vis,transparent
fr,visa,en,visa,transparent
fr,visage,en,visage,transparent
fr,viscosité,en,viscosity,transparent
fr,viscéral,en,visceral,transparent
fr,visibilité,en,visibility,transparent
fr,visible,en,visible,transparent
fr,vision,en,vision,transparent
fr,visionnaire,en,visionary,transparent
fr,visitation,en,visitation,transparent
fr,visiter,en,visit,transparent
fr,visiteur,en,visitor,transparent
fr,visqueux,en,viscous,altered
fr,visualisation,en,visualization,transparent
fr,visualiser,en,visualize,transparent
fr,visuel,en,visual,altered
fr,visuellement,en,visually,altered
fr,vital,en,vital,transparent
fr,vitalité,en,vitality,transparent
fr,vitamine,en,vitamin,transparent
fr,vitriol,en,vitriol,transparent
fr,vitro,en,vitro,transparent
fr,vivace,en,vivacious,altered
fr,vizir,en,vizier,transparent
fr,vocabulaire,en,vocabulary,transparent
fr,vocal,en,vocal,transparent
fr,vocalisation,en,vocalization,transparent
fr,vocaliser,en,vocalize,transparent
fr,vocaliste,en,vocalist,transparent
fr,vocation,en,vocation,transparent
fr,vodka,en,vodka,transparent
fr,vogue,en,vogue,transparent
fr,voile,en,veil,altered
fr,voilà,en,voila,transparent
fr,voix,en,voice,altered
fr,volatile,en,volatile,transparent
fr,volatilité,en,volatility,transparent
fr,volcanique,en,volcanic,transparent
fr,volition,en,volition,transparent
fr,volontaire,en,volunteer,altered
fr,volontairement,en,voluntarily,transparent
fr,volt,en,volt,transparent
fr,voltage,en,voltage,transparent
fr,volume,en,volume,transparent
fr,volumineux,en,voluminous,transparent
fr,volumétrique,en,volumetric,transparent
fr,voluptueux,en,voluptuous,altered
fr,volée,en,volley,altered
fr,vomir,en,vomit,transparent
fr,vortex,en,vortex,transparent
fr,votant,en,voter,transparent
fr,vote,en,vote,transparent
fr,voyage,en,voyage,transparent
fr,voyelle,en,vowel,altered
fr,voyeur,en,voyeur,transparent
fr,vulgaire,en,vulgar,altered
fr,vulgarité,en,vulgarity,transparent
fr,vulnérabilité,en,vulnerability,transparent
fr,vulnérable,en,vulnerable,transparent
fr,vulve,en,vulva,transparent
fr,védique,en,vedic,altered
fr,végan,en,vegan,transparent
fr,véganisme,en,veganism,transparent
fr,végétal,en,vegetable,altered
fr,végétarien,en,vegetarian,transparent
fr,végétatif,en,vegetative,transparent
fr,végétation,en,vegetation,transparent
fr,véhiculaire,en,vehicular,altered
fr,véhicule,en,vehicle,altered
fr,véhément,en,vehement,transparent
fr,vélocité,en,velocity,transparent
fr,vélodrome,en,velodrome,transparent
fr,vénitien,en,venetian,altered
fr,vénus,en,venus,transparent
fr,vénérable,en,venerable,transparent
fr,vénération,en,veneration,transparent
fr,vénérer,en,venerate,altered
fr,véracité,en,veracity,transparent
fr,véranda,en,veranda,transparent
fr,vérifiable,en,verifiable,transparent
fr,vérification,en,verification,altered
fr,vérifier,en,verify,transparent
fr,véritable,en,veritable,transparent
fr,vérité,en,verity,altered
fr,vésicule,en,vesicle,transparent
fr,vétéran,en,veteran,transparent
fr,vétérinaire,en,veterinary,altered
fr,wagon,en,wagon,transparent
fr,wake,en,wake,transparent
fr,warehouse,en,warehouse,transparent
fr,warfarine,en,warfarin,transparent
fr,waterloo,en,waterloo,transparent
fr,webcam,en,webcam,transparent
fr,webinaire,en,webinar,transparent
fr,website,en,website,transparent
fr,weekend,en,weekend,transparent
fr,whisky,en,whiskey,transparent
fr,wikipedia,en,wikipedia,transparent
fr,wok,en,wok,transparent
fr,workaholic,en,workaholic,transparent
fr,xi,en,xi,transparent
fr,xénon,en,xenon,transparent
fr,xénophobe,en,xenophobic,altered
fr,xénophobie,en,xenophobia,altered
fr,yakuza,en,yakuza,transparent
fr,yankee,en,yankee,transparent
fr,yaourt,en,yogurt,transparent
fr,yoga,en,yoga,transparent
fr,yogi,en,yogi,transparent
fr,youtubeur,en,youtuber,altered
fr,zed,en,zed,transparent
fr,zen,en,zen,transparent
fr,zeppelin,en,zeppelin,transparent
fr,zeus,en,zeus,transparent
fr,zigzag,en,zigzag,transparent
fr,zinc,en,zinc,transparent
fr,zircon,en,zircon,transparent
fr,zirconium,en,zirconium,transparent
fr,zodiaque,en,zodiac,altered
fr,zonal,en,zonal,transparent
fr,zone,en,zone,transparent
fr,zoo,en,zoo,transparent
fr,zoologie,en,zoology,transparent
fr,zoologique,en,zoological,transparent
fr,zoologiste,en,zoologist,altered
fr,zoom,en,zoom,transparent
fr,zoulou,en,zulu,altered
fr,zèbre,en,zebra,transparent
fr,zèle,en,zeal,altered
fr,zélote,en,zealot,transparent
fr,zénith,en,zenith,transparent
fr,zéphyr,en,zephyr,transparent
fr,zéro,en,zero,transparent
fr,zêta,en,zeta,transparent
fr,âge,en,age,altered
fr,ère,en,era,altered
fr,écarlate,en,scarlet,altered
fr,échalote,en,shallot,altered
fr,échangeur,en,exchanger,altered
fr,échapper,en,escape,altered
fr,échappé,en,escapee,altered
fr,échec,en,chess,altered
fr,échelle,en,scale,altered
fr,échelon,en,echelon,transparent
fr,écho,en,echo,altered
fr,éclectique,en,eclectic,transparent
fr,écluse,en,sluice,altered
fr,école,en,school,altered
fr,écologie,en,ecology,transparent
fr,écologique,en,ecological,transparent
fr,écologiquement,en,ecologically,transparent
fr,écologiste,en,ecologist,transparent
fr,économie,en,economy,transparent
fr,économique,en,economic,transparent
fr,économiste,en,economist,altered
fr,écosystème,en,ecosystem,transparent
fr,écriture,en,scripture,altered
fr,écu,en,ecu,transparent
fr,écuyer,en,esquire,altered
fr,édifice,en,edifice,transparent
fr,édifier,en,edify,altered
fr,édit,en,edict,altered
fr,éditeur,en,editor,transparent
fr,édition,en,edition,transparent
fr,éditorial,en,editorial,transparent
fr,éducateur,en,educator,transparent
fr,éducation,en,education,transparent
fr,éducationnel,en,educational,transparent
fr,éduquer,en,educate,transparent
fr,égal,en,equal,altered
fr,égalisation,en,equalization,transparent
fr,égaliser,en,equalize,altered
fr,égaliseur,en,equalizer,altered
fr,égalitaire,en,egalitarian,transparent
fr,égalité,en,equality,transparent
fr,égoïste,en,egotistical,altered
fr,égyptien,en,egyptian,altered
fr,égéen,en,aegean,altered
fr,éjaculer,en,ejaculate,transparent
fr,éjecter,en,eject,transparent
fr,éjection,en,ejection,transparent
fr,élaboration,en,elaboration,transparent
fr,élaborer,en,elaborate,transparent
fr,élan,en,elan,transparent
fr,élasticité,en,elasticity,transparent
fr,élastique,en,elastic,transparent
fr,électeur,en,elector,altered
fr,électif,en,elective,transparent
fr,élection,en,election,transparent
fr,électoral,en,electoral,altered
fr,électorat,en,electorate,transparent
fr,électricien,en,electrician,transparent
fr,électricité,en,electricity,transparent
fr,électrification,en,electrification,transparent
fr,électrifier,en,electrify,transparent
fr,électrique,en,electric,transparent
fr,électro,en,electro,transparent
fr,électrochimique,en,electrochemical,altered
fr,électrocuter,en,electrocute,transparent
fr,électrocution,en,electrocution,transparent
fr,électrode,en,electrode,transparent
fr,électrolyse,en,electrolysis,altered
fr,électrolyte,en,electrolyte,transparent
fr,électromagnétique,en,electromagnetic,transparent
fr,électron,en,electron,transparent
fr,électronique,en,electronic,transparent
fr,électroniquement,en,electronically,transparent
fr,électrostatique,en,electrostatic,transparent
fr,élever,en,elevate,transparent
fr,éligibilité,en,eligibility,transparent
fr,éligible,en,eligible,transparent
fr,élimination,en,elimination,transparent
fr,éliminer,en,eliminate,transparent
fr,élire,en,elect,altered
fr,élite,en,elite,transparent
fr,élitisme,en,elitism,transparent
fr,élitiste,en,elitist,transparent
fr,élixir,en,elixir,transparent
fr,éloge,en,eulogy,altered
fr,éloquence,en,eloquence,transparent
fr,éloquent,en,eloquent,transparent
fr,élucider,en,elucidate,transparent
fr,éluder,en,elude,altered
fr,élysée,en,elysium,altered
fr,élégamment,en,elegantly,altered
fr,élégance,en,elegance,transparent
fr,élégant,en,elegant,transparent
fr,élégie,en,elegy,transparent
fr,élément,en,element,transparent
fr,élémentaire,en,elementary,transparent
fr,éléphant,en,elephant,transparent
fr,élévateur,en,elevator,altered
fr,élévation,en,elevation,transparent
fr,émail,en,enamel,altered
fr,émancipation,en,emancipation,transparent
fr,émanciper,en,emancipate,transparent
fr,émaner,en,emanate,altered
fr,émasculer,en,emasculate,transparent
fr,émeraude,en,emerald,altered
fr,émergence,en,emergence,transparent
fr,émergent,en,emergent,transparent
fr,émerger,en,emerge,transparent
fr,émetteur,en,emitter,transparent
fr,émettre,en,emit,altered
fr,émigrant,en,emigrant,transparent
fr,émigration,en,emigration,transparent
fr,émigrer,en,emigrate,transparent
fr,éminence,en,eminence,transparent
fr,éminent,en,eminent,transparent
fr,émir,en,emir,transparent
fr,émirat,en,emirate,transparent
fr,émissaire,en,emissary,transparent
fr,émission,en,emission,transparent
fr,émolument,en,emolument,transparent
fr,émotif,en,emotive,altered
fr,émotion,en,emotion,transparent
fr,émotionnel,en,emotional,transparent
fr,émotionnellement,en,emotionally,altered
fr,émulateur,en,emulator,transparent
fr,émulation,en,emulation,transparent
fr,émuler,en,emulate,transparent
fr,émulsion,en,emulsion,transparent
fr,émérite,en,emeritus,altered
fr,énergie,en,energy,transparent
fr,énergiquement,en,energetically,transparent
fr,énergétique,en,energetic,altered
fr,énigmatique,en,enigmatic,transparent
fr,énigme,en,enigma,transparent
fr,énoncer,en,enunciate,altered
fr,énorme,en,enormous,transparent
fr,énormité,en,enormity,transparent
fr,énumération,en,enumeration,transparent
fr,énumérer,en,enumerate,transparent
fr,éon,en,eon,transparent
fr,épagneul,en,spaniel,altered
fr,éphémère,en,ephemeral,altered
fr,épicentre,en,epicenter,transparent
fr,épiderme,en,epidermis,altered
fr,épidermique,en,epidermal,altered
fr,épidémie,en,epidemic,altered
fr,épidémiologie,en,epidemiology,transparent
fr,épidémiologique,en,epidemiological,transparent
fr,épidémiologiste,en,epidemiologist,altered
fr,épilepsie,en,epilepsy,altered
fr,épileptique,en,epileptic,transparent
fr,épilogue,en,epilogue,transparent
fr,épine,en,spine,altered
fr,épinéphrine,en,epinephrine,altered
fr,épiphanie,en,epiphany,transparent
fr,épique,en,epic,altered
fr,épiscopal,en,episcopalian,transparent
fr,épisode,en,episode,transparent
fr,épisodique,en,episodic,transparent
fr,épistémologie,en,epistemology,transparent
fr,épistémologique,en,epistemological,transparent
fr,épitaphe,en,epitaph,altered
fr,épithète,en,epithet,altered
fr,épithélial,en,epithelial,transparent
fr,épithélium,en,epithelium,transparent
fr,éponyme,en,eponymous,altered
fr,époque,en,epoch,transparent
fr,époxy,en,epoxy,transparent
fr,épître,en,epistle,altered
fr,équateur,en,equator,altered
fr,équation,en,equation,transparent
fr,équatorial,en,equatorial,transparent
fr,équestre,en,equestrian,altered
fr,équilibre,en,equilibrium,altered
fr,équin,en,equine,transparent
fr,équinoxe,en,equinox,transparent
fr,équipement,en,equipment,transparent
fr,équiper,en,equip,altered
fr,équitable,en,equitable,transparent
fr,équité,en,equity,altered
fr,équivalence,en,equivalence,transparent
fr,équivalent,en,equivalent,transparent
fr,éradication,en,eradication,transparent
fr,éradiquer,en,eradicate,transparent
fr,érectile,en,erectile,transparent
fr,érection,en,erection,transparent
fr,éroder,en,erode,transparent
fr,érosion,en,erosion,transparent
fr,érotique,en,erotic,transparent
fr,érudit,en,erudite,transparent
fr,éruption,en,eruption,transparent
fr,ésotérique,en,esoteric,transparent
fr,établir,en,establish,altered
fr,établissement,en,establishment,transparent
fr,étamine,en,stamen,altered
fr,état,en,state,altered
fr,éteint,en,extinct,altered
fr,étendre,en,extend,transparent
fr,étendue,en,extent,altered
fr,éternel,en,eternal,altered
fr,éternité,en,eternity,transparent
fr,éthanol,en,ethanol,transparent
fr,éther,en,ether,transparent
fr,éthique,en,ethics,altered
fr,éthiquement,en,ethically,transparent
fr,éthyle,en,ethyl,altered
fr,éthéré,en,ethereal,transparent
fr,étiologie,en,etiology,transparent
fr,étiquette,en,etiquette,transparent
fr,étrange,en,extraneous,altered
fr,étrangement,en,strangely,altered
fr,étrangeté,en,strangeness,altered
fr,étrangler,en,strangle,transparent
fr,étude,en,study,transparent
fr,étudiant,en,student,transparent
fr,étymologie,en,etymology,transparent
fr,évacuation,en,evacuation,transparent
fr,évacuer,en,evacuate,transparent
fr,évacué,en,evacuee,altered
fr,évader,en,evade,transparent
fr,évaluation,en,evaluation,transparent
fr,évaluer,en,evaluate,altered
fr,évangélique,en,evangelical,transparent
fr,évangéliser,en,evangelize,transparent
fr,évangélisme,en,evangelism,altered
fr,évangéliste,en,evangelist,transparent
fr,évaporation,en,evaporation,transparent
fr,évaporer,en,evaporate,transparent
fr,évasif,en,evasive,transparent
fr,évasion,en,evasion,transparent
fr,éventualité,en,eventuality,transparent
fr,éventuellement,en,eventually,transparent
fr,éviction,en,eviction,transparent
fr,évidemment,en,evidently,transparent
fr,évidence,en,evidence,transparent
fr,évident,en,evident,transparent
fr,évocation,en,evocation,transparent
fr,évoluer,en,evolve,transparent
fr,évolutif,en,evolutionary,altered
fr,évolution,en,evolution,transparent
fr,évoquer,en,evoke,altered
fr,événement,en,event,altered
fr,île,en,isle,altered
fr,îlot,en,islet,altered
fr,œcuménique,en,ecumenical,altered
fr,œsophage,en,esophagus,altered
fr,œuvre,en,oeuvre,transparent
