receiver_lang,receiver_word,donor_lang,donor_word,class
pt,abandono,en,abandon,transparent
pt,abater,en,abate,altered
pt,abcesso,en,abscess,transparent
pt,abdicação,en,abdication,transparent
pt,abdome,en,abdomen,altered
pt,abdominal,en,abdominal,transparent
pt,abdutor,en,abductor,altered
pt,abduzir,en,abduct,transparent
pt,abdução,en,abduction,altered
pt,aberração,en,aberration,transparent
pt,abertura,en,aperture,altered
pt,abismal,en,abysmal,transparent
pt,abismo,en,abyss,altered
pt,ablação,en,ablation,transparent
pt,abolicionista,en,abolitionist,transparent
pt,abolir,en,abolish,transparent
pt,abolição,en,abolition,transparent
pt,abominação,en,abomination,transparent
pt,abominável,en,abominable,altered
pt,abortar,en,abort,transparent
pt,abortivo,en,abortive,transparent
pt,aborto,en,abortion,transparent
pt,aborígine,en,aboriginal,transparent
pt,abrasivo,en,abrasive,transparent
pt,abrasão,en,abrasion,transparent
pt,abraçar,en,embrace,altered
pt,abreviar,en,abbreviate,transparent
pt,abreviação,en,abbreviation,transparent
pt,abril,en,april,transparent
pt,abruptamente,en,abruptly,transparent
pt,abrupto,en,abrupt,transparent
pt,absinto,en,absinthe,altered
pt,absoluto,en,absolute,transparent
pt,absolver,en,absolve,transparent
pt,absolvição,en,absolution,altered
pt,absorvedor,en,absorber,altered
pt,absorver,en,absorb,altered
pt,absorção,en,absorption,transparent
pt,abstenção,en,abstention,transparent
pt,abster,en,abstain,altered
pt,abstinência,en,abstinence,transparent
pt,abstrato,en,abstract,altered
pt,absurdidade,en,absurdity,transparent
pt,absurdo,en,absurd,transparent
pt,abundante,en,abundant,transparent
pt,abundantemente,en,abundantly,transparent
pt,abundância,en,abundance,transparent
pt,abusivo,en,abusive,transparent
pt,abuso,en,abuse,transparent
pt,abutre,en,vulture,altered
pt,academiar,en,academy,transparent
pt,académico,en,academic,transparent
pt,aceder,en,accede,transparent
pt,aceitabilidade,en,acceptability,altered
pt,aceitar,en,accept,altered
pt,aceitação,en,acceptance,transparent
pt,aceitável,en,acceptable,transparent
pt,acelerador,en,accelerator,transparent
pt,acelerar,en,accelerate,transparent
pt,aceleração,en,acceleration,transparent
pt,acento,en,accent,transparent
pt,acentuar,en,accentuate,transparent
pt,acessibilidade,en,accessibility,altered
pt,acesso,en,access,transparent
pt,acessão,en,accession,altered
pt,acessível,en,accessible,transparent
pt,acessório,en,accessory,transparent
pt,acetato,en,acetate,transparent
pt,acetona,en,acetone,altered
pt,acidental,en,accidental,transparent
pt,acidentalmente,en,accidentally,altered
pt,acidente,en,accident,transparent
pt,acidez,en,acidity,altered
pt,acidificação,en,acidification,transparent
pt,acionável,en,actionable,transparent
pt,aclamar,en,acclaim,transparent
pt,acne,en,acne,transparent
pt,acomodar,en,accommodate,altered
pt,acomodação,en,accommodation,transparent
pt,acompanhamento,en,accompaniment,transparent
pt,acompanhar,en,accompany,altered
pt,acoplamento,en,coupling,altered
pt,acordeão,en,accordion,transparent
pt,acordo,en,accordance,altered
pt,acostumar,en,accustom,altered
pt,acreditar,en,accredit,transparent
pt,acreditação,en,accreditation,transparent
pt,acrobático,en,acrobatic,transparent
pt,acrílico,en,acrylic,transparent
pt,acrópole,en,acropolis,transparent
pt,acrônimo,en,acronym,transparent
pt,acta,en,acta,transparent
pt,acumular,en,accumulate,transparent
pt,acumulação,en,accumulation,transparent
pt,acuradamente,en,accurately,altered
pt,acurácia,en,accuracy,transparent
pt,acusar,en,accuse,transparent
pt,acusação,en,accusation,altered
pt,acácia,en,acacia,altered
pt,acético,en,acetic,transparent
pt,acólito,en,acolyte,transparent
pt,acústico,en,acoustic,transparent
pt,adaptador,en,adapter,transparent
pt,adaptar,en,adapt,transparent
pt,adaptativo,en,adaptive,transparent
pt,adaptação,en,adaptation,transparent
pt,adaptável,en,adaptable,transparent
pt,adenosina,en,adenosine,transparent
pt,adepto,en,adept,altered
pt,adequadamente,en,adequately,transparent
pt,adequar,en,adequate,altered
pt,adequação,en,adequacy,transparent
pt,aderente,en,adherent,transparent
pt,aderir,en,adhere,altered
pt,aderência,en,adherence,transparent
pt,adesivo,en,adhesive,transparent
pt,adesão,en,adhesion,altered
pt,adicional,en,additional,transparent
pt,adicionalmente,en,additionally,transparent
pt,adicto,en,addict,transparent
pt,aditivo,en,additive,transparent
pt,adição,en,addition,transparent
pt,adjacente,en,adjacent,transparent
pt,adjetivo,en,adjective,transparent
pt,adjudicação,en,adjudication,transparent
pt,adjunto,en,adjunct,transparent
pt,adjuvante,en,adjuvant,transparent
pt,administrador,en,administrator,transparent
pt,administrar,en,administer,transparent
pt,administrativo,en,administrative,transparent
pt,administração,en,administration,transparent
pt,admirador,en,admirer,transparent
pt,admirar,en,admire,transparent
pt,admiração,en,admiration,transparent
pt,admirável,en,admirable,altered
pt,admissão,en,admission,transparent
pt,admissível,en,admissible,altered
pt,admitir,en,admit,transparent
pt,admoestar,en,admonish,altered
pt,adobe,en,adobe,transparent
pt,adolescente,en,adolescent,transparent
pt,adolescência,en,adolescence,transparent
pt,adorar,en,adore,transparent
pt,adoração,en,adoration,transparent
pt,adornar,en,adorn,transparent
pt,adorável,en,adorable,transparent
pt,adotar,en,adopt,transparent
pt,adotivo,en,adoptive,transparent
pt,adoção,en,adoption,transparent
pt,adquirir,en,acquire,transparent
pt,adrenal,en,adrenal,transparent
pt,adrenalina,en,adrenaline,transparent
pt,adriático,en,adriatic,transparent
pt,adulação,en,adulation,transparent
pt,adulto,en,adult,altered
pt,adventista,en,adventist,transparent
pt,advento,en,advent,transparent
pt,adverso,en,adverse,transparent
pt,adversário,en,adversary,transparent
pt,advocacia,en,advocacy,altered
pt,advogar,en,advocate,altered
pt,advérbio,en,adverb,transparent
pt,adágio,en,adage,transparent
pt,adónis,en,adonis,altered
pt,adúltero,en,adulterer,altered
pt,aero,en,aero,transparent
pt,aerodinâmico,en,aerodynamic,transparent
pt,aeronáutico,en,aeronautics,transparent
pt,aeroplano,en,aeroplane,transparent
pt,aeroporto,en,airport,altered
pt,aerossol,en,aerosol,transparent
pt,aeróbico,en,aerobic,transparent
pt,aeródromo,en,aerodrome,transparent
pt,afasia,en,aphasia,altered
pt,afectivo,en,affective,transparent
pt,afectuoso,en,affectionate,altered
pt,afegão,en,afghan,altered
pt,afetar,en,affect,transparent
pt,afiliar,en,affiliate,altered
pt,afiliação,en,affiliation,transparent
pt,afinidade,en,affinity,transparent
pt,afirmar,en,affirm,transparent
pt,afirmativo,en,affirmative,transparent
pt,afirmação,en,affirmation,transparent
pt,afixo,en,affix,transparent
pt,afligir,en,afflict,transparent
pt,aflição,en,affliction,transparent
pt,afluente,en,affluent,transparent
pt,afortunadamente,en,fortunately,altered
pt,africa,en,africa,transparent
pt,africano,en,african,transparent
pt,afrodisíaco,en,aphrodisiac,altered
pt,afrontar,en,affront,altered
pt,aga,en,aga,transparent
pt,agave,en,agave,transparent
pt,agendar,en,agendum,transparent
pt,agente,en,agent,transparent
pt,agilidade,en,agility,transparent
pt,agitador,en,agitator,transparent
pt,agitar,en,agitate,altered
pt,agitação,en,agitation,transparent
pt,aglomeração,en,agglomeration,transparent
pt,agnóstico,en,agnostic,transparent
pt,agoniar,en,agony,altered
pt,agonista,en,agonist,transparent
pt,agonizar,en,agonize,transparent
pt,agostinho,en,augustin,altered
pt,agosto,en,august,transparent
pt,agradável,en,agreeable,altered
pt,agravar,en,aggravate,altered
pt,agravação,en,aggravation,transparent
pt,agregador,en,aggregator,transparent
pt,agregar,en,aggregate,transparent
pt,agregação,en,aggregation,transparent
pt,agressivo,en,aggressive,transparent
pt,agressor,en,aggressor,transparent
pt,agressão,en,aggression,transparent
pt,agricultura,en,agriculture,transparent
pt,agro,en,agro,transparent
pt,agrário,en,agrarian,transparent
pt,agrícola,en,agricultural,transparent
pt,agência,en,agency,transparent
pt,aha,en,aha,transparent
pt,ahoy,en,ahoy,transparent
pt,aiatolá,en,ayatollah,altered
pt,aikido,en,aikido,transparent
pt,ajudante,en,adjutant,altered
pt,ajustar,en,adjust,transparent
pt,ajustável,en,adjustable,transparent
pt,alar,en,ala,transparent
pt,alarmar,en,alarm,transparent
pt,alarmista,en,alarmist,transparent
pt,alaúde,en,lute,altered
pt,albanês,en,albanian,altered
pt,albedo,en,albedo,transparent
pt,albino,en,albino,transparent
pt,albânia,en,albania,altered
pt,alcalino,en,alkaline,transparent
pt,alcaloide,en,alkaloid,altered
pt,alce,en,elk,altered
pt,alcoolismo,en,alcoholism,transparent
pt,alcoólico,en,alcoholic,transparent
pt,aldeído,en,aldehyde,altered
pt,alegar,en,allege,transparent
pt,alegação,en,allegation,transparent
pt,alegoria,en,allegory,transparent
pt,alelo,en,allele,transparent
pt,aleluia,en,hallelujah,altered
pt,alergia,en,allergy,transparent
pt,alertar,en,alert,transparent
pt,alfabeto,en,alphabet,transparent
pt,alfabético,en,alphabetical,transparent
pt,alfafa,en,alfalfa,transparent
pt,alga,en,alga,transparent
pt,algoritmo,en,algorithm,transparent
pt,algorítmico,en,algorithmic,transparent
pt,algébrico,en,algebraic,altered
pt,aliançar,en,alliance,transparent
pt,alibi,en,alibi,transparent
pt,alienar,en,alienate,transparent
pt,alienação,en,alienation,transparent
pt,alienígena,en,alien,transparent
pt,aligátor,en,alligator,transparent
pt,alinhamento,en,alignment,transparent
pt,alistar,en,enlist,transparent
pt,aliviar,en,alleviate,transparent
pt,allegro,en,allegro,transparent
pt,almanaque,en,almanac,altered
pt,almirante,en,admiral,transparent
pt,almo,en,alma,transparent
pt,alocar,en,allocate,transparent
pt,alocação,en,allocation,altered
pt,alongar,en,elongate,altered
pt,alopecia,en,alopecia,transparent
pt,aloé,en,aloe,transparent
pt,alpaca,en,alpaca,transparent
pt,alpes,en,alps,transparent
pt,alpino,en,alpine,transparent
pt,alquimista,en,alchemist,altered
pt,altar,en,altar,transparent
pt,alterar,en,alter,transparent
pt,alteração,en,alteration,transparent
pt,alternador,en,alternator,transparent
pt,alternar,en,alternate,transparent
pt,alternativamente,en,alternately,transparent
pt,alternativo,en,alternative,transparent
pt,alternação,en,alternation,transparent
pt,altitude,en,altitude,transparent
pt,alto,en,alto,transparent
pt,altruísmo,en,altruism,transparent
pt,alucinar,en,hallucinate,transparent
pt,alucinação,en,hallucination,altered
pt,aludir,en,allude,transparent
pt,alumínio,en,aluminum,transparent
pt,aluno,en,alumnus,altered
pt,alusão,en,allusion,transparent
pt,aluvial,en,alluvial,transparent
pt,alveolar,en,alveolar,transparent
pt,alvo,en,alba,altered
pt,alérgico,en,allergic,transparent
pt,alívio,en,alleviation,altered
pt,alô,en,hallo,altered
pt,alúmen,en,alum,altered
pt,amador,en,amateur,transparent
pt,amalgamar,en,amalgamate,transparent
pt,amalgamação,en,amalgamation,transparent
pt,amazônico,en,amazonian,transparent
pt,ambicioso,en,ambitious,transparent
pt,ambientalismo,en,environmentalism,transparent
pt,ambientalista,en,environmentalist,altered
pt,ambiente,en,ambient,transparent
pt,ambiguidade,en,ambiguity,altered
pt,ambivalência,en,ambivalence,transparent
pt,ambição,en,ambition,transparent
pt,ambrosia,en,ambrosia,transparent
pt,ambulatório,en,ambulatory,transparent
pt,ambulância,en,ambulance,transparent
pt,ambíguo,en,ambiguous,transparent
pt,ameaçar,en,menace,altered
pt,ameba,en,amoeba,altered
pt,amenidade,en,amenity,transparent
pt,americano,en,american,transparent
pt,ametista,en,amethyst,altered
pt,amigável,en,amicable,transparent
pt,amiloide,en,amyloid,altered
pt,amino,en,amino,transparent
pt,amniótico,en,amniotic,transparent
pt,amnésia,en,amnesia,transparent
pt,amor,en,amour,altered
pt,amoral,en,amoral,transparent
pt,amoroso,en,amorous,transparent
pt,amortização,en,amortization,transparent
pt,amplificador,en,amplifier,transparent
pt,amplificar,en,amplify,transparent
pt,amplificação,en,amplification,transparent
pt,amplitude,en,amplitude,transparent
pt,amplo,en,ample,altered
pt,amputar,en,amputate,transparent
pt,amputação,en,amputation,transparent
pt,amuleto,en,amulet,transparent
pt,amálgama,en,amalgam,transparent
pt,amém,en,amen,transparent
pt,amígdala,en,amygdala,altered
pt,amônia,en,ammonia,transparent
pt,amônio,en,ammonium,altered
pt,anabólico,en,anabolic,transparent
pt,anaconda,en,anaconda,transparent
pt,anacronismo,en,anachronism,transparent
pt,anaeróbico,en,anaerobic,transparent
pt,anagrama,en,anagram,transparent
pt,anal,en,anal,transparent
pt,analisador,en,analyzer,transparent
pt,analisar,en,analyze,transparent
pt,analista,en,analyst,transparent
pt,analogia,en,analogy,transparent
pt,analítico,en,analytic,transparent
pt,anarquia,en,anarchy,transparent
pt,anarquismo,en,anarchism,altered
pt,anarquista,en,anarchist,transparent
pt,anatomia,en,anatomy,transparent
pt,anatômico,en,anatomical,transparent
pt,ancestral,en,ancestral,transparent
pt,ancestralidade,en,ancestry,altered
pt,ancoragem,en,anchorage,altered
pt,androide,en,android,transparent
pt,andrógino,en,androgynous,altered
pt,andrômeda,en,andromeda,transparent
pt,anedota,en,anecdote,transparent
pt,anedótico,en,anecdotal,altered
pt,anemia,en,anemia,transparent
pt,anestesiar,en,anesthesia,transparent
pt,anestesiologista,en,anesthesiologist,altered
pt,anestésico,en,anesthetic,transparent
pt,aneurisma,en,aneurysm,transparent
pt,anexação,en,annexation,altered
pt,anexo,en,annexe,altered
pt,anfetamina,en,amphetamine,altered
pt,anfiteatro,en,amphitheatre,altered
pt,anfíbio,en,amphibian,altered
pt,angina,en,angina,transparent
pt,anglicano,en,anglican,transparent
pt,angular,en,angular,transparent
pt,angélico,en,angelic,transparent
pt,angústia,en,anguish,altered
pt,animador,en,animator,transparent
pt,animal,en,animal,transparent
pt,animar,en,animate,transparent
pt,animação,en,animation,transparent
pt,animosidade,en,animosity,transparent
pt,aniquilar,en,annihilate,transparent
pt,aniquilação,en,annihilation,transparent
pt,anistiar,en,amnesty,altered
pt,aniversário,en,anniversary,transparent
pt,anodo,en,anode,transparent
pt,anomalia,en,anomaly,transparent
pt,anonimato,en,anonymity,altered
pt,anorexia,en,anorexia,transparent
pt,anormal,en,abnormal,transparent
pt,anormalidade,en,abnormality,transparent
pt,anotar,en,annotate,transparent
pt,anotação,en,annotation,transparent
pt,ansiedade,en,anxiety,transparent
pt,antagonismo,en,antagonism,transparent
pt,antagonista,en,antagonist,transparent
pt,antagonizar,en,antagonize,transparent
pt,antagônico,en,antagonistic,altered
pt,ante,en,ante,transparent
pt,antecedente,en,antecedent,transparent
pt,antecipar,en,anticipate,altered
pt,antecipação,en,anticipation,altered
pt,antena,en,antenna,transparent
pt,anterior,en,anterior,transparent
pt,anti,en,anti,transparent
pt,antibacteriano,en,antibacterial,altered
pt,antibiótico,en,antibiotic,transparent
pt,anticoagulante,en,anticoagulant,transparent
pt,anticorpo,en,antibody,transparent
pt,antidepressivo,en,antidepressant,transparent
pt,antigo,en,antique,altered
pt,antiguidade,en,antiquity,altered
pt,antimatéria,en,antimatter,transparent
pt,antioxidante,en,antioxidant,transparent
pt,antipatia,en,antipathy,transparent
pt,antirretroviral,en,antiretroviral,altered
pt,antisocial,en,antisocial,transparent
pt,antissemitismo,en,antisemitism,transparent
pt,antisséptico,en,antiseptic,altered
pt,antiviral,en,antiviral,transparent
pt,antivírus,en,antivirus,altered
pt,antologia,en,anthology,altered
pt,antropologia,en,anthropology,transparent
pt,antropológico,en,anthropological,transparent
pt,antropomórfico,en,anthropomorphic,altered
pt,antropólogo,en,anthropologist,transparent
pt,antártico,en,antarctic,transparent
pt,antártida,en,antarctica,altered
pt,antídoto,en,antidote,transparent
pt,antígeno,en,antigen,transparent
pt,antílope,en,antelope,altered
pt,antítese,en,antithesis,transparent
pt,anual,en,annual,transparent
pt,anualmente,en,annually,transparent
pt,anuidade,en,annuity,altered
pt,anular,en,annul,altered
pt,anulação,en,annulment,altered
pt,anunciador,en,announcer,transparent
pt,anunciar,en,announce,transparent
pt,análise,en,analysis,altered
pt,análogo,en,analog,transparent
pt,anêmico,en,anemic,transparent
pt,anónimo,en,anonymous,transparent
pt,anômalo,en,anomalous,transparent
pt,aorta,en,aorta,transparent
pt,apache,en,apache,transparent
pt,apaixonadamente,en,passionately,altered
pt,apaixonar,en,passionate,altered
pt,apalache,en,appalachian,transparent
pt,aparato,en,apparatus,transparent
pt,aparecer,en,appear,transparent
pt,aparente,en,apparent,transparent
pt,aparentemente,en,apparently,transparent
pt,aparição,en,apparition,transparent
pt,apartamento,en,apartment,transparent
pt,aparência,en,appearance,transparent
pt,apatia,en,apathy,transparent
pt,apaziguar,en,appease,altered
pt,apelante,en,appellant,transparent
pt,apelar,en,appeal,transparent
pt,apelação,en,appellation,transparent
pt,apendicite,en,appendicitis,altered
pt,apetite,en,appetite,transparent
pt,apical,en,apical,transparent
pt,aplaudir,en,applaud,transparent
pt,aplauso,en,applause,transparent
pt,aplicabilidade,en,applicability,transparent
pt,aplicador,en,applicator,transparent
pt,aplicar,en,apply,altered
pt,aplicação,en,application,transparent
pt,aplicável,en,applicable,transparent
pt,apneia,en,apnea,altered
pt,apocalipse,en,apocalypse,altered
pt,apocalíptico,en,apocalyptic,transparent
pt,apolo,en,apollo,transparent
pt,apologia,en,apology,transparent
pt,apologético,en,apologetic,transparent
pt,apolítico,en,apolitical,transparent
pt,apoptose,en,apoptosis,altered
pt,apostasia,en,apostasy,transparent
pt,apostólico,en,apostolic,transparent
pt,app,en,app,transparent
pt,apreciar,en,appreciate,transparent
pt,apreciação,en,appreciation,transparent
pt,apreciável,en,appreciable,transparent
pt,apreender,en,apprehend,transparent
pt,apreensivo,en,apprehensive,transparent
pt,apreensão,en,apprehension,transparent
pt,apresentador,en,presenter,altered
pt,apresentação,en,presentation,transparent
pt,aprisionar,en,imprison,altered
pt,apropriadamente,en,appropriately,transparent
pt,apropriar,en,appropriate,transparent
pt,apropriação,en,appropriation,transparent
pt,aprovar,en,approve,transparent
pt,aproximadamente,en,approximately,transparent
pt,aproximar,en,approach,transparent
pt,aproximação,en,approximation,transparent
pt,aptidão,en,aptitude,transparent
pt,apêndice,en,appendix,transparent
pt,apóstata,en,apostate,transparent
pt,apóstolo,en,apostle,transparent
pt,apóstrofo,en,apostrophe,transparent
pt,aquacultura,en,aquaculture,transparent
pt,aqueduto,en,aqueduct,altered
pt,aquisição,en,acquisition,altered
pt,aquário,en,aquarium,transparent
pt,aquático,en,aquatic,transparent
pt,aquífero,en,aquifer,transparent
pt,ar,en,air,altered
pt,arbitrariamente,en,arbitrarily,transparent
pt,arbitrário,en,arbitrary,transparent
pt,arboreto,en,arboretum,altered
pt,arcade,en,arcade,transparent
pt,arcaico,en,archaic,transparent
pt,arcanjo,en,archangel,altered
pt,arcano,en,arcane,altered
pt,arcebispo,en,archbishop,altered
pt,arco,en,arc,transparent
pt,arcádio,en,arcadia,transparent
pt,ardente,en,ardent,transparent
pt,areia,en,arena,altered
pt,argentino,en,argentine,transparent
pt,arginina,en,arginine,transparent
pt,argumentativo,en,argumentative,transparent
pt,argumentação,en,argumentation,transparent
pt,argumento,en,argument,transparent
pt,aristocracia,en,aristocracy,transparent
pt,aristocrata,en,aristocrat,transparent
pt,aristocrático,en,aristocratic,transparent
pt,aristotélico,en,aristotelian,transparent
pt,aritmético,en,arithmetic,transparent
pt,armadura,en,armor,altered
pt,armamento,en,armament,transparent
pt,armar,en,army,altered
pt,armaria,en,armory,altered
pt,armistício,en,armistice,transparent
pt,armênia,en,armenia,altered
pt,aromar,en,aroma,transparent
pt,aromático,en,aromatic,transparent
pt,arpão,en,harpoon,altered
pt,arqueiro,en,archer,altered
pt,arqueologia,en,archaeology,altered
pt,arqueológico,en,archaeological,transparent
pt,arquetípico,en,archetypal,altered
pt,arqueólogo,en,archaeologist,transparent
pt,arquidiocese,en,archdiocese,altered
pt,arquipélago,en,archipelago,altered
pt,arquiteto,en,architect,altered
pt,arquitetura,en,architecture,transparent
pt,arquitetônico,en,architectural,transparent
pt,arquivista,en,archivist,altered
pt,arquivo,en,archive,transparent
pt,arquétipo,en,archetype,altered
pt,arranjar,en,arrange,altered
pt,arranjo,en,arrangement,altered
pt,arrepender,en,repent,altered
pt,arrependimento,en,repentance,altered
pt,arriscar,en,risky,altered
pt,arritmia,en,arrhythmia,altered
pt,arrogante,en,arrogant,transparent
pt,arrogância,en,arrogance,transparent
pt,arsenal,en,arsenal,transparent
pt,arsênico,en,arsenic,transparent
pt,arte,en,art,transparent
pt,artefato,en,artifact,transparent
pt,arterial,en,arterial,transparent
pt,artesanal,en,artisanal,altered
pt,artesão,en,artisan,altered
pt,articular,en,articulate,transparent
pt,articulação,en,articulation,transparent
pt,artificial,en,artificial,transparent
pt,artifício,en,artifice,transparent
pt,artigo,en,article,transparent
pt,artilharia,en,artillery,altered
pt,artista,en,artist,transparent
pt,artrite,en,arthritis,altered
pt,artéria,en,artery,transparent
pt,artístico,en,artistic,transparent
pt,arável,en,arable,altered
pt,ascendente,en,ascendant,altered
pt,ascender,en,ascend,transparent
pt,ascendência,en,ascendancy,transparent
pt,ascensão,en,ascent,altered
pt,asfalto,en,asphalt,transparent
pt,asfixiar,en,asphyxiation,altered
pt,ashram,en,ashram,transparent
pt,asilo,en,asylum,transparent
pt,asiático,en,asian,transparent
pt,asma,en,asthma,altered
pt,asmático,en,asthmatic,transparent
pt,aspecto,en,aspect,transparent
pt,aspiracional,en,aspirational,transparent
pt,aspirar,en,aspire,transparent
pt,aspiração,en,aspiration,transparent
pt,aspirina,en,aspirin,transparent
pt,assalto,en,assault,transparent
pt,assassinar,en,assassinate,transparent
pt,assassinato,en,assassination,transparent
pt,assassino,en,assassin,transparent
pt,assegurar,en,assure,transparent
pt,assembleia,en,assembly,altered
pt,assembler,en,assembler,transparent
pt,assentimento,en,assent,altered
pt,assertivo,en,assertive,transparent
pt,asserção,en,assertion,transparent
pt,assessor,en,assess,altered
pt,assexual,en,asexual,transparent
pt,assimilar,en,assimilate,transparent
pt,assimilação,en,assimilation,transparent
pt,assimétrico,en,asymmetric,altered
pt,assinatura,en,signature,altered
pt,assintomático,en,asymptomatic,altered
pt,assistente,en,assistant,transparent
pt,assistência,en,assistance,transparent
pt,associar,en,associate,transparent
pt,associativo,en,associative,transparent
pt,associação,en,association,transparent
pt,assumir,en,assume,transparent
pt,assunção,en,assumption,transparent
pt,asterisco,en,asterisk,transparent
pt,asteroide,en,asteroid,transparent
pt,astral,en,astral,transparent
pt,astro,en,astro,transparent
pt,astrofísico,en,astrophysics,altered
pt,astrologia,en,astrology,transparent
pt,astrológico,en,astrological,transparent
pt,astronauta,en,astronaut,transparent
pt,astronomia,en,astronomy,transparent
pt,astronômico,en,astronomical,transparent
pt,astrólogo,en,astrologer,altered
pt,astrônomo,en,astronomer,transparent
pt,astuto,en,astute,transparent
pt,atacante,en,attacker,transparent
pt,ataque,en,attack,transparent
pt,atelier,en,atelier,transparent
pt,atendente,en,attendant,transparent
pt,atentar,en,attempt,altered
pt,atento,en,attentive,altered
pt,atenuar,en,attenuate,transparent
pt,atenuação,en,attenuation,transparent
pt,atenção,en,attention,transparent
pt,aterrar,en,terrify,transparent
pt,aterrorizar,en,terrorize,transparent
pt,atestar,en,attest,transparent
pt,atestação,en,attestation,transparent
pt,ateu,en,atheist,transparent
pt,ateísmo,en,atheism,transparent
pt,atitude,en,attitude,transparent
pt,ativador,en,activator,altered
pt,ativamente,en,actively,transparent
pt,ativar,en,activate,altered
pt,ativação,en,activation,altered
pt,atividade,en,activity,altered
pt,ativismo,en,activism,transparent
pt,ativista,en,activist,transparent
pt,ativo,en,active,transparent
pt,atlas,en,atlas,transparent
pt,atleta,en,athlete,transparent
pt,atletismo,en,athletics,altered
pt,atlântico,en,atlantic,transparent
pt,atlântida,en,atlantis,altered
pt,atmosfera,en,atmosphere,transparent
pt,atmosférico,en,atmospheric,transparent
pt,ato,en,act,altered
pt,atol,en,atoll,transparent
pt,ator,en,actor,altered
pt,atrair,en,attract,altered
pt,atrativo,en,attractive,altered
pt,atração,en,attraction,transparent
pt,atrial,en,atrial,transparent
pt,atribuição,en,attribution,transparent
pt,atributo,en,attribute,transparent
pt,atribuível,en,attributable,transparent
pt,atrito,en,attrition,altered
pt,atrocidade,en,atrocity,transparent
pt,atrofiar,en,atrophy,transparent
pt,atroz,en,atrocious,altered
pt,atualidade,en,actuality,altered
pt,atuar,en,actuate,altered
pt,atuarial,en,actuarial,altered
pt,atum,en,tuna,altered
pt,atípico,en,atypical,transparent
pt,atômico,en,atomic,transparent
pt,audiovisual,en,audiovisual,transparent
pt,auditivo,en,auditory,transparent
pt,auditor,en,auditor,transparent
pt,auditoria,en,audit,altered
pt,auditório,en,auditorium,transparent
pt,audição,en,audition,transparent
pt,audiência,en,audience,transparent
pt,audácia,en,audacity,transparent
pt,audível,en,audible,transparent
pt,augur,en,augur,transparent
pt,augusto,en,augustus,transparent
pt,aumentar,en,augment,altered
pt,aura,en,aura,transparent
pt,auricular,en,aural,altered
pt,aurora,en,aurora,transparent
pt,ausente,en,absent,transparent
pt,auspicioso,en,auspicious,transparent
pt,auspício,en,auspice,transparent
pt,aussie,en,aussie,transparent
pt,austeridade,en,austerity,transparent
pt,austero,en,austere,transparent
pt,australiano,en,australian,transparent
pt,austria,en,austria,transparent
pt,austríaco,en,austrian,transparent
pt,ausência,en,absence,altered
pt,autenticamente,en,authentically,transparent
pt,autenticar,en,authenticate,transparent
pt,autenticação,en,authentication,transparent
pt,autenticidade,en,authenticity,transparent
pt,autismo,en,autism,transparent
pt,autista,en,autistic,altered
pt,auto,en,auto,transparent
pt,autobiografia,en,autobiography,transparent
pt,autobiográfico,en,autobiographical,transparent
pt,autocorreção,en,autocorrect,transparent
pt,autocracia,en,autocracy,transparent
pt,autocrático,en,autocratic,transparent
pt,autoimune,en,autoimmune,transparent
pt,automaticamente,en,automatically,transparent
pt,automatizar,en,automate,altered
pt,automação,en,automation,transparent
pt,automotivo,en,automotive,transparent
pt,automático,en,automatic,transparent
pt,automóvel,en,automobile,transparent
pt,autonomamente,en,autonomously,transparent
pt,autonomia,en,autonomy,transparent
pt,autor,en,author,transparent
pt,autoria,en,authorship,altered
pt,autoridade,en,authority,transparent
pt,autoritarismo,en,authoritarianism,transparent
pt,autoritário,en,authoritarian,transparent
pt,autorizar,en,authorize,transparent
pt,autorização,en,authorization,transparent
pt,autêntico,en,authentic,transparent
pt,autógrafo,en,autograph,altered
pt,autópsia,en,autopsy,transparent
pt,autômato,en,automaton,transparent
pt,autônomo,en,autonomous,transparent
pt,auxiliar,en,auxiliary,transparent
pt,avaliador,en,evaluator,altered
pt,avaliar,en,evaluate,altered
pt,avaliação,en,evaluation,transparent
pt,avanço,en,advance,altered
pt,avatar,en,avatar,transparent
pt,avenida,en,avenue,transparent
pt,aventurar,en,adventure,transparent
pt,aventureiro,en,adventurer,altered
pt,aversão,en,aversion,transparent
pt,aviador,en,aviator,transparent
pt,aviação,en,aviation,transparent
pt,avisar,en,advise,altered
pt,aviso,en,advice,altered
pt,axial,en,axial,transparent
pt,axioma,en,axiom,transparent
pt,azaléia,en,azalea,transparent
pt,azar,en,hazard,altered
pt,azul,en,azul,transparent
pt,azur,en,azure,altered
pt,açor,en,azores,transparent
pt,ação,en,action,altered
pt,aéreo,en,aerial,transparent
pt,aórtico,en,aortic,transparent
pt,babel,en,babel,transparent
pt,bacharel,en,bachelor,altered
pt,bacharelar,en,baccalaureate,altered
pt,bacilo,en,bacillus,transparent
pt,bacteriano,en,bacterial,transparent
pt,badminton,en,badminton,transparent
pt,bagagem,en,baggage,transparent
pt,baguete,en,baguette,altered
pt,bahamas,en,bahamas,transparent
pt,bailarino,en,ballerina,transparent
pt,baioneta,en,bayonet,altered
pt,bairro,en,barrio,altered
pt,balaclava,en,balaclava,transparent
pt,balanço,en,balance,altered
pt,balcão,en,balcony,altered
pt,baluarte,en,bulwark,altered
pt,balão,en,balloon,altered
pt,balé,en,ballet,altered
pt,balístico,en,ballistic,transparent
pt,bambu,en,bamboo,transparent
pt,banal,en,banal,transparent
pt,banana,en,banana,transparent
pt,bancar,en,banking,transparent
pt,bandido,en,bandit,altered
pt,bandolim,en,mandolin,altered
pt,bang,en,bang,transparent
pt,bangalô,en,bungalow,altered
pt,banjo,en,banjo,transparent
pt,banqueiro,en,banker,altered
pt,banquete,en,banquet,altered
pt,bar,en,bar,transparent
pt,barbarismo,en,barbarism,transparent
pt,barbeiro,en,barber,altered
pt,barista,en,barista,transparent
pt,barman,en,bartender,transparent
pt,barraca,en,barracks,altered
pt,barracuda,en,barracuda,transparent
pt,barricar,en,barricade,transparent
pt,barroco,en,baroque,altered
pt,barão,en,baron,transparent
pt,barítono,en,baritone,transparent
pt,barômetro,en,barometer,transparent
pt,basal,en,basal,transparent
pt,basalto,en,basalt,transparent
pt,basco,en,basque,altered
pt,base,en,base,transparent
pt,basicamente,en,basically,transparent
pt,bastardo,en,bastard,transparent
pt,bastião,en,bastion,transparent
pt,bastão,en,baton,altered
pt,basílica,en,basilica,transparent
pt,batalhar,en,battle,transparent
pt,batalhão,en,battalion,altered
pt,batata,en,potato,altered
pt,bateria,en,battery,altered
pt,batismal,en,baptismal,altered
pt,batismo,en,baptism,altered
pt,batista,en,baptist,altered
pt,batizar,en,baptize,altered
pt,bauhaus,en,bauhaus,transparent
pt,baunilha,en,vanilla,altered
pt,bauxita,en,bauxite,altered
pt,baviera,en,bavaria,altered
pt,bazar,en,bazaar,transparent
pt,bazuca,en,bazooka,altered
pt,beduíno,en,bedouin,transparent
pt,bege,en,beige,altered
pt,bei,en,bey,altered
pt,beisebol,en,baseball,altered
pt,belga,en,belgian,transparent
pt,beligerante,en,belligerent,transparent
pt,belo,en,belle,transparent
pt,beluga,en,beluga,transparent
pt,beneditino,en,benedictine,altered
pt,beneficiário,en,beneficiary,transparent
pt,benefício,en,benefit,transparent
pt,benevolente,en,benevolent,transparent
pt,benevolência,en,benevolence,transparent
pt,benfeitor,en,benefactor,altered
pt,bengala,en,bengal,transparent
pt,bento,en,bento,transparent
pt,benzeno,en,benzene,altered
pt,benéfico,en,beneficial,altered
pt,berbere,en,berber,altered
pt,beretta,en,beretta,transparent
pt,berilo,en,beryl,altered
pt,bermuda,en,bermuda,transparent
pt,betar,en,beta,transparent
pt,biathlon,en,biathlon,transparent
pt,bibliografia,en,bibliography,transparent
pt,bibliográfico,en,bibliographic,transparent
pt,bicarbonato,en,bicarbonate,altered
pt,bicicleta,en,bike,altered
pt,bielorrusso,en,belarusian,altered
pt,bienal,en,biennial,altered
pt,bilateral,en,bilateral,transparent
pt,bile,en,bile,transparent
pt,bilhar,en,billiard,altered
pt,bilinguismo,en,bilingualism,transparent
pt,bilionário,en,billionaire,transparent
pt,bilíngue,en,bilingual,altered
pt,bimbo,en,bimbo,transparent
pt,binge,en,binge,transparent
pt,bingo,en,bingo,transparent
pt,binocular,en,binoculars,transparent
pt,binário,en,binary,transparent
pt,binômio,en,binomial,altered
pt,bio,en,bio,transparent
pt,biocombustível,en,biofuel,altered
pt,biodiesel,en,biodiesel,transparent
pt,biodiversidade,en,biodiversity,transparent
pt,biofilme,en,biofilm,transparent
pt,biografia,en,biography,transparent
pt,biográfico,en,biographical,transparent
pt,bioinformática,en,bioinformatics,transparent
pt,biologia,en,biology,transparent
pt,biológico,en,biological,transparent
pt,bioma,en,biome,altered
pt,biomassa,en,biomass,transparent
pt,biometria,en,biometrics,altered
pt,biomédico,en,biomedical,transparent
pt,biométrico,en,biometric,transparent
pt,bioquímico,en,biochemistry,transparent
pt,biosfera,en,biosphere,altered
pt,biotecnologia,en,biotechnology,transparent
pt,bioética,en,bioethics,transparent
pt,bip,en,beep,transparent
pt,bipartidário,en,bipartisan,altered
pt,bipolar,en,bipolar,transparent
pt,biquíni,en,bikini,altered
pt,biscoito,en,biscuit,transparent
pt,bispo,en,bishop,altered
pt,bissexual,en,bisexual,transparent
pt,bistrô,en,bistro,transparent
pt,bisão,en,bison,transparent
pt,bizantino,en,byzantine,transparent
pt,biógrafo,en,biographer,transparent
pt,biólogo,en,biologist,transparent
pt,biópsia,en,biopsy,transparent
pt,biônico,en,bionic,transparent
pt,blasfêmia,en,blasphemy,altered
pt,blazer,en,blazer,transparent
pt,blender,en,blender,transparent
pt,blockbuster,en,blockbuster,transparent
pt,bloco,en,bloc,transparent
pt,blog,en,blog,transparent
pt,blogger,en,blogger,transparent
pt,bloqueio,en,blockade,altered
pt,blues,en,blues,transparent
pt,bodega,en,bodega,transparent
pt,boia,en,buoy,altered
pt,bolchevique,en,bolshevik,transparent
pt,boletim,en,bulletin,transparent
pt,bolonha,en,bologna,altered
pt,bolívia,en,bolivia,transparent
pt,bombar,en,bomb,transparent
pt,bombardear,en,bombardment,altered
pt,bombástico,en,bombastic,transparent
pt,bongo,en,bong,altered
pt,bonobo,en,bonobo,transparent
pt,bonsai,en,bonsai,transparent
pt,boogie,en,boogie,transparent
pt,booker,en,booker,transparent
pt,booster,en,booster,transparent
pt,booze,en,booze,transparent
pt,boreal,en,boreal,transparent
pt,boro,en,boron,altered
pt,botox,en,botox,transparent
pt,botânico,en,botanical,altered
pt,boudoir,en,boudoir,transparent
pt,bourbon,en,bourbon,transparent
pt,bovino,en,bovine,transparent
pt,boémio,en,bohemian,altered
pt,bracelete,en,bracelet,transparent
pt,brand,en,brand,transparent
pt,brandy,en,brandy,transparent
pt,branquear,en,blanch,altered
pt,braseiro,en,brazier,altered
pt,brasileiro,en,brazilian,transparent
pt,bravata,en,bravado,altered
pt,bravo,en,bravo,transparent
pt,breve,en,brief,altered
pt,brexit,en,brexit,transparent
pt,brie,en,brie,transparent
pt,brigadeiro,en,brigadier,altered
pt,brilhante,en,brilliant,altered
pt,brilhantemente,en,brilliantly,altered
pt,brilho,en,brilliance,altered
pt,britânia,en,britannia,transparent
pt,britânico,en,british,altered
pt,broadway,en,broadway,transparent
pt,brometo,en,bromide,altered
pt,bronquite,en,bronchitis,transparent
pt,bronze,en,bronze,transparent
pt,brunch,en,brunch,transparent
pt,brutal,en,brutal,transparent
pt,brutalidade,en,brutality,transparent
pt,brutalmente,en,brutally,transparent
pt,bruto,en,brute,transparent
pt,brócolis,en,broccoli,transparent
pt,buda,en,buddha,altered
pt,budismo,en,buddhism,transparent
pt,budista,en,buddhist,transparent
pt,buffer,en,buffer,transparent
pt,bufão,en,buffoon,transparent
pt,bufê,en,buffet,transparent
pt,bulevar,en,boulevard,altered
pt,bulimia,en,bulimia,transparent
pt,bumerangue,en,boomerang,altered
pt,bunker,en,bunker,transparent
pt,buquê,en,bouquet,transparent
pt,burca,en,burka,altered
pt,burguesia,en,bourgeoisie,altered
pt,burlesco,en,burlesque,transparent
pt,burocracia,en,bureaucracy,transparent
pt,burocrata,en,bureaucrat,transparent
pt,burocrático,en,bureaucratic,transparent
pt,butano,en,butane,transparent
pt,byron,en,byron,transparent
pt,byte,en,byte,transparent
pt,bálsamo,en,balsam,transparent
pt,báltico,en,baltic,transparent
pt,bário,en,barium,altered
pt,básico,en,basic,transparent
pt,bávaro,en,bavarian,transparent
pt,bíblia,en,bible,transparent
pt,bíblico,en,biblical,transparent
pt,bíceps,en,biceps,transparent
pt,bósnio,en,bosnia,altered
pt,bóson,en,boson,transparent
pt,bônus,en,bonus,transparent
pt,búfalo,en,buffalo,transparent
pt,cabal,en,cabal,transparent
pt,cabaret,en,cabaret,transparent
pt,cabo,en,cable,altered
pt,cacatua,en,cockatoo,altered
pt,cacau,en,cacao,altered
pt,cache,en,cache,transparent
pt,cacto,en,cactus,transparent
pt,cadáver,en,cadaver,transparent
pt,cadência,en,cadence,transparent
pt,cafeteria,en,cafeteria,transparent
pt,cafeína,en,caffeine,transparent
pt,café,en,coffee,altered
pt,caiaque,en,kayak,altered
pt,caiman,en,cayman,transparent
pt,calamidade,en,calamity,transparent
pt,calculador,en,calculator,transparent
pt,calcular,en,calculate,transparent
pt,caldeirar,en,caldera,altered
pt,caldeirão,en,cauldron,altered
pt,caleidoscópio,en,kaleidoscope,altered
pt,calendário,en,calendar,transparent
pt,calibrar,en,calibrate,transparent
pt,calibração,en,calibration,transparent
pt,calibre,en,calibre,transparent
pt,califa,en,calif,transparent
pt,califado,en,caliphate,altered
pt,california,en,california,transparent
pt,californiano,en,californian,transparent
pt,calmamente,en,calmly,transparent
pt,calmar,en,calm,transparent
pt,calo,en,callus,altered
pt,caloria,en,calorie,transparent
pt,calvinista,en,calvinist,transparent
pt,calvário,en,calvary,transparent
pt,calórico,en,caloric,transparent
pt,camafeu,en,cameo,altered
pt,camaleão,en,chameleon,altered
pt,camarada,en,comrade,transparent
pt,camaradagem,en,camaraderie,altered
pt,camarão,en,cameroon,altered
pt,camelia,en,camellia,transparent
pt,camelo,en,camel,transparent
pt,camomila,en,chamomile,transparent
pt,campanha,en,campaign,transparent
pt,campeonato,en,championship,altered
pt,camper,en,camper,transparent
pt,campeão,en,champion,altered
pt,campo,en,camp,altered
pt,campus,en,campus,transparent
pt,camuflagem,en,camouflage,transparent
pt,canadense,en,canadians,transparent
pt,canadá,en,canada,transparent
pt,canal,en,channel,altered
pt,cancelamento,en,cancellation,transparent
pt,cancelar,en,cancel,transparent
pt,canceroso,en,cancerous,transparent
pt,candeia,en,candle,altered
pt,candidato,en,candidate,transparent
pt,candidatura,en,candidacy,altered
pt,candor,en,candor,transparent
pt,canhão,en,cannon,altered
pt,canibal,en,cannibal,transparent
pt,canino,en,canine,transparent
pt,cannabis,en,cannabis,transparent
pt,canoa,en,canoe,transparent
pt,canonizar,en,canonize,transparent
pt,cantata,en,cantata,transparent
pt,cantina,en,canteen,transparent
pt,canto,en,chant,altered
pt,cantor,en,cantor,transparent
pt,cantão,en,canton,altered
pt,canário,en,canary,transparent
pt,canônico,en,canonical,transparent
pt,caos,en,chaos,transparent
pt,capacidade,en,capacity,transparent
pt,capacitivo,en,capacitive,transparent
pt,capacitor,en,capacitor,transparent
pt,capaz,en,capable,transparent
pt,capela,en,chapel,altered
pt,capelão,en,chaplain,altered
pt,capilar,en,capillary,transparent
pt,capital,en,capital,transparent
pt,capitalismo,en,capitalism,transparent
pt,capitalista,en,capitalist,transparent
pt,capitalizar,en,capitalize,transparent
pt,capitalização,en,capitalization,transparent
pt,capitania,en,captaincy,transparent
pt,capitular,en,capitulate,transparent
pt,capitulação,en,capitulation,transparent
pt,capitão,en,captain,altered
pt,capitólio,en,capitol,transparent
pt,cappuccino,en,cappuccino,transparent
pt,capricho,en,caprice,altered
pt,caprichoso,en,capricious,altered
pt,captor,en,captor,transparent
pt,capturar,en,capture,transparent
pt,capítulo,en,chapter,transparent
pt,caracterizar,en,characterize,transparent
pt,caracterização,en,characterization,transparent
pt,característico,en,characteristic,transparent
pt,caramelo,en,caramel,transparent
pt,carapaça,en,carapace,altered
pt,caratê,en,karate,altered
pt,caravana,en,caravan,transparent
pt,carbeto,en,carbide,altered
pt,carboidrato,en,carbohydrate,transparent
pt,carbono,en,carbon,altered
pt,carburador,en,carburetor,transparent
pt,carcinogênico,en,carcinogenic,transparent
pt,carcinoma,en,carcinoma,transparent
pt,cardamomo,en,cardamom,altered
pt,cardeal,en,cardinal,altered
pt,cardigan,en,cardigan,transparent
pt,cardiologia,en,cardiology,transparent
pt,cardiovascular,en,cardiovascular,transparent
pt,cardíaco,en,cardiac,transparent
pt,cargo,en,cargo,transparent
pt,caricaturar,en,caricature,transparent
pt,caridade,en,charity,transparent
pt,carisma,en,charisma,transparent
pt,carismático,en,charismatic,altered
pt,carlos,en,charles,altered
pt,carmesim,en,crimson,transparent
pt,carmim,en,carmine,altered
pt,carnal,en,carnal,transparent
pt,carnaval,en,carnival,transparent
pt,carniça,en,carrion,altered
pt,carnívoro,en,carnivore,transparent
pt,carpintaria,en,carpentry,altered
pt,carpinteiro,en,carpenter,transparent
pt,carreira,en,career,transparent
pt,carro,en,chariot,altered
pt,carrossel,en,carousel,altered
pt,cartel,en,cartel,transparent
pt,cartesiano,en,cartesian,transparent
pt,cartilagem,en,cartilage,transparent
pt,cartografia,en,cartography,transparent
pt,cartucho,en,cartridge,transparent
pt,cartão,en,cartoon,transparent
pt,carácter,en,character,transparent
pt,carícia,en,caress,altered
pt,carótida,en,carotid,altered
pt,cascata,en,cascade,altered
pt,caso,en,case,transparent
pt,cassete,en,cassette,transparent
pt,cassino,en,casino,transparent
pt,castelo,en,castle,transparent
pt,casto,en,caste,transparent
pt,castor,en,castor,transparent
pt,castrar,en,castrate,transparent
pt,castração,en,castration,transparent
pt,cataclismo,en,cataclysm,transparent
pt,catacumba,en,catacomb,altered
pt,catalisador,en,catalyst,transparent
pt,catalisar,en,catalyze,transparent
pt,catalunha,en,catalonia,altered
pt,catalão,en,catalan,altered
pt,catalítico,en,catalytic,transparent
pt,catamarã,en,catamaran,transparent
pt,catapultar,en,catapult,transparent
pt,catarata,en,cataract,transparent
pt,catarse,en,catharsis,altered
pt,catastrófico,en,catastrophic,transparent
pt,catedral,en,cathedral,transparent
pt,categoria,en,category,transparent
pt,categorizar,en,categorize,transparent
pt,categórico,en,categorical,altered
pt,cativar,en,captivate,altered
pt,cativeiro,en,captivity,altered
pt,cativo,en,captive,altered
pt,catolicismo,en,catholicism,transparent
pt,catálise,en,catalysis,transparent
pt,catálogo,en,catalogue,transparent
pt,catártico,en,cathartic,transparent
pt,catástrofe,en,catastrophe,transparent
pt,católico,en,catholic,transparent
pt,caudal,en,caudal,transparent
pt,causal,en,causal,transparent
pt,causalidade,en,causality,transparent
pt,causar,en,cause,transparent
pt,causação,en,causation,transparent
pt,cautelar,en,caution,altered
pt,cavalaria,en,cavalry,altered
pt,cavaleiro,en,cavalier,altered
pt,caverna,en,cavern,transparent
pt,caviar,en,caviar,transparent
pt,cavidade,en,cavity,transparent
pt,cazaquistão,en,kazakhstan,altered
pt,caçarola,en,casserole,transparent
pt,caótico,en,chaotic,transparent
pt,ceder,en,cede,transparent
pt,cedro,en,cedar,altered
pt,celebrar,en,celebrate,transparent
pt,celebração,en,celebration,transparent
pt,celebridade,en,celebrity,transparent
pt,celeste,en,celeste,transparent
pt,celestial,en,celestial,transparent
pt,celibato,en,celibacy,transparent
pt,celofane,en,cellophane,transparent
pt,celsius,en,celsius,transparent
pt,celular,en,cellular,transparent
pt,celulite,en,cellulite,transparent
pt,celuloide,en,celluloid,transparent
pt,celulose,en,cellulose,transparent
pt,celíaco,en,celiac,transparent
pt,cemitério,en,cemetery,altered
pt,cena,en,scene,altered
pt,censo,en,census,altered
pt,censor,en,censor,transparent
pt,censurar,en,censure,transparent
pt,centenário,en,centenary,transparent
pt,cento,en,cent,transparent
pt,central,en,central,transparent
pt,centralidade,en,centrality,transparent
pt,centralizar,en,centralize,transparent
pt,centralização,en,centralization,transparent
pt,centralmente,en,centrally,transparent
pt,centrista,en,centrist,transparent
pt,centro,en,centre,altered
pt,centrífugo,en,centrifuge,transparent
pt,centurião,en,centurion,transparent
pt,centímetro,en,centimeter,transparent
pt,centúria,en,century,altered
pt,cenário,en,scenario,altered
pt,cereal,en,cereal,transparent
pt,cerebelo,en,cerebellum,altered
pt,cerebral,en,cerebral,transparent
pt,cereja,en,cherry,altered
pt,cerimônia,en,ceremony,transparent
pt,certeza,en,certainty,altered
pt,certificar,en,certificate,transparent
pt,certificação,en,certification,altered
pt,certo,en,certain,altered
pt,cervical,en,cervical,transparent
pt,cerâmico,en,ceramic,transparent
pt,cesariano,en,caesarean,altered
pt,cessação,en,cessation,transparent
pt,ceticismo,en,skepticism,altered
pt,ceto,en,keto,altered
pt,cetona,en,ketone,altered
pt,cetro,en,scepter,altered
pt,chacal,en,jackal,altered
pt,chagrin,en,chagrin,transparent
pt,chakra,en,chakra,transparent
pt,chalé,en,chalet,transparent
pt,champanhe,en,champagne,altered
pt,chancelaria,en,chancery,altered
pt,chanceler,en,chancellor,transparent
pt,chantilly,en,chantilly,transparent
pt,chardonnay,en,chardonnay,transparent
pt,charlatão,en,charlatan,altered
pt,chassi,en,chassis,transparent
pt,chauffeur,en,chauffeur,transparent
pt,checklist,en,checklist,transparent
pt,cheddar,en,cheddar,transparent
pt,chef,en,chef,transparent
pt,chefe,en,chief,altered
pt,cheque,en,cheque,transparent
pt,chevron,en,chevron,transparent
pt,chic,en,chic,transparent
pt,chinchila,en,chinchilla,altered
pt,chinês,en,chinese,altered
pt,chip,en,chip,transparent
pt,chipotle,en,chipotle,transparent
pt,chocolate,en,chocolate,transparent
pt,choque,en,shock,altered
pt,chorizo,en,chorizo,transparent
pt,cianeto,en,cyanide,altered
pt,ciano,en,cyan,altered
pt,ciao,en,ciao,transparent
pt,ciberataque,en,cyberattack,transparent
pt,ciberespaço,en,cyberspace,altered
pt,cibernético,en,cybernetic,transparent
pt,ciclista,en,cyclist,transparent
pt,ciclo,en,cycle,transparent
pt,ciclone,en,cyclone,transparent
pt,ciclope,en,cyclops,transparent
pt,cidadela,en,citadel,altered
pt,cientificamente,en,scientifically,transparent
pt,científico,en,scientist,transparent
pt,cifrar,en,cipher,altered
pt,cigarro,en,cigarette,altered
pt,cilindro,en,cylinder,transparent
pt,cilíndrico,en,cylindrical,transparent
pt,cimento,en,cement,altered
pt,cine,en,cine,transparent
pt,cinema,en,cinema,transparent
pt,cinematografia,en,cinematography,transparent
pt,cinemático,en,cinematic,transparent
pt,cinismo,en,cynicism,altered
pt,cintilar,en,scintillate,altered
pt,cinético,en,kinetics,altered
pt,cipreste,en,cypress,altered
pt,cipriota,en,cypriot,altered
pt,circa,en,circa,transparent
pt,circadiano,en,circadian,transparent
pt,circo,en,circus,transparent
pt,circuito,en,circuit,transparent
pt,circular,en,circulate,transparent
pt,circulatório,en,circulatory,altered
pt,circulação,en,circulation,transparent
pt,circuncidar,en,circumcise,transparent
pt,circuncisão,en,circumcision,transparent
pt,circunferência,en,circumference,transparent
pt,circunscrever,en,circumscribe,altered
pt,circunstância,en,circumstance,transparent
pt,cirrose,en,cirrhosis,altered
pt,cirurgia,en,surgery,altered
pt,cirílico,en,cyrillic,altered
pt,cirúrgico,en,surgical,altered
pt,cismar,en,schism,altered
pt,cisterna,en,cistern,transparent
pt,cisteína,en,cysteine,transparent
pt,citação,en,citation,transparent
pt,citocina,en,cytokine,transparent
pt,citocromo,en,cytochrome,altered
pt,citoplasma,en,cytoplasm,altered
pt,citrato,en,citrate,transparent
pt,civil,en,civil,transparent
pt,civilidade,en,civility,transparent
pt,civilizar,en,civilize,transparent
pt,civilização,en,civilization,transparent
pt,ciência,en,science,altered
pt,clamor,en,clamor,transparent
pt,clamídia,en,chlamydia,altered
pt,clandestino,en,clandestine,transparent
pt,clarete,en,claret,altered
pt,claridade,en,clarity,transparent
pt,clarificar,en,clarify,transparent
pt,clarificação,en,clarification,transparent
pt,clarinete,en,clarinet,transparent
pt,classe,en,class,transparent
pt,classicamente,en,classically,transparent
pt,classificar,en,classify,transparent
pt,classificação,en,classification,transparent
pt,claustrofóbico,en,claustrophobic,transparent
pt,clemente,en,clement,transparent
pt,clementina,en,clementine,transparent
pt,clemência,en,clemency,transparent
pt,clerical,en,clerical,transparent
pt,clero,en,clergy,altered
pt,clichê,en,cliché,transparent
pt,cliente,en,client,transparent
pt,clientela,en,clientele,transparent
pt,clima,en,climate,transparent
pt,climático,en,climatic,transparent
pt,clipe,en,clip,transparent
pt,clique,en,clique,transparent
pt,clone,en,clone,transparent
pt,cloreto,en,chloride,altered
pt,cloro,en,chlorine,altered
pt,clorofórmio,en,chloroform,altered
pt,cloroplasto,en,chloroplast,altered
pt,closet,en,closet,transparent
pt,clube,en,club,altered
pt,clássico,en,classic,transparent
pt,cláusula,en,clause,transparent
pt,clã,en,clan,transparent
pt,clérigo,en,cleric,altered
pt,clímax,en,climax,transparent
pt,clínico,en,clinical,transparent
pt,coabitação,en,cohabitation,transparent
pt,coagulação,en,coagulation,transparent
pt,coala,en,koala,altered
pt,coautor,en,coauthor,transparent
pt,coaxial,en,coaxial,transparent
pt,cobalto,en,cobalt,transparent
pt,cobertura,en,coverage,transparent
pt,cocar,en,coca,transparent
pt,cocaína,en,cocaine,transparent
pt,coclear,en,cochlear,transparent
pt,coco,en,coconut,altered
pt,coda,en,coda,transparent
pt,codec,en,codec,transparent
pt,codeína,en,codeine,transparent
pt,coeficiente,en,coefficient,transparent
pt,coentro,en,cilantro,altered
pt,coercitivo,en,coercive,transparent
pt,coerente,en,coherent,altered
pt,coerção,en,coercion,transparent
pt,coerência,en,coherence,transparent
pt,coesivo,en,cohesive,altered
pt,coesão,en,cohesion,altered
pt,coexistir,en,coexist,transparent
pt,coexistência,en,coexistence,transparent
pt,cognato,en,cognate,altered
pt,cognitivo,en,cognitive,transparent
pt,cognição,en,cognition,transparent
pt,coincidentemente,en,coincidentally,transparent
pt,coincidir,en,coincide,transparent
pt,coincidência,en,coincidence,transparent
pt,colaborador,en,collaborator,transparent
pt,colaborar,en,collaborate,transparent
pt,colaborativamente,en,collaboratively,transparent
pt,colaborativo,en,collaborative,transparent
pt,colaboração,en,collaboration,transparent
pt,colagem,en,collage,altered
pt,colapso,en,collapse,transparent
pt,colateral,en,collateral,transparent
pt,colação,en,collation,transparent
pt,colega,en,colleague,transparent
pt,colesterol,en,cholesterol,altered
pt,coletivamente,en,collectively,transparent
pt,coletivo,en,collective,altered
pt,coletor,en,collector,altered
pt,coleção,en,collection,transparent
pt,colidir,en,collide,altered
pt,coligação,en,coalition,altered
pt,coliseu,en,coliseum,altered
pt,colisão,en,collision,transparent
pt,colite,en,colitis,altered
pt,colombiano,en,colombian,transparent
pt,colonial,en,colonial,transparent
pt,colonialismo,en,colonialism,transparent
pt,colonialista,en,colonialist,transparent
pt,colonizador,en,colonizer,transparent
pt,colonizar,en,colonize,transparent
pt,colonização,en,colonization,transparent
pt,colonoscopia,en,colonoscopy,transparent
pt,coloquial,en,colloquial,transparent
pt,coloquialmente,en,colloquially,transparent
pt,coloração,en,coloration,transparent
pt,colossal,en,colossal,transparent
pt,colosso,en,colossus,transparent
pt,coluna,en,column,transparent
pt,colunista,en,columnist,altered
pt,colóquio,en,colloquium,transparent
pt,colônia,en,colony,transparent
pt,comandante,en,commander,transparent
pt,comando,en,command,transparent
pt,comatoso,en,comatose,transparent
pt,combatente,en,combatant,altered
pt,combater,en,combat,transparent
pt,combinação,en,combination,transparent
pt,combo,en,combo,transparent
pt,combustão,en,combustion,altered
pt,combustível,en,combustible,transparent
pt,comediante,en,comedian,transparent
pt,comemorativo,en,commemorative,altered
pt,comemoração,en,commemoration,transparent
pt,comentador,en,commentator,transparent
pt,comentarista,en,commenter,altered
pt,comentário,en,comment,altered
pt,comercial,en,commercial,transparent
pt,comercialização,en,commercialization,transparent
pt,comercialmente,en,commercially,transparent
pt,cometer,en,commit,transparent
pt,comicamente,en,comically,transparent
pt,cominho,en,cummin,altered
pt,comissário,en,commissar,altered
pt,comissão,en,commission,transparent
pt,comitê,en,committee,transparent
pt,comoção,en,commotion,transparent
pt,compacto,en,compact,transparent
pt,compaixão,en,compassion,transparent
pt,companheiro,en,companion,altered
pt,companhia,en,company,transparent
pt,comparador,en,comparator,transparent
pt,comparar,en,compare,transparent
pt,comparativamente,en,comparatively,transparent
pt,comparativo,en,comparative,transparent
pt,comparação,en,comparison,transparent
pt,compartimento,en,compartment,transparent
pt,comparável,en,comparable,altered
pt,compassivo,en,compassionate,altered
pt,compatibilidade,en,compatibility,transparent
pt,compatriota,en,compatriot,transparent
pt,compatível,en,compatible,transparent
pt,compelir,en,compel,transparent
pt,compensar,en,compensate,transparent
pt,compensatório,en,compensatory,transparent
pt,compensação,en,compensation,transparent
pt,competente,en,competent,transparent
pt,competidor,en,competitor,transparent
pt,competir,en,compete,altered
pt,competitivamente,en,competitively,transparent
pt,competitividade,en,competitiveness,transparent
pt,competitivo,en,competitive,transparent
pt,competição,en,competition,transparent
pt,competência,en,competence,altered
pt,compilador,en,compiler,transparent
pt,compilar,en,compile,transparent
pt,compilação,en,compilation,transparent
pt,complacência,en,complacency,transparent
pt,compleição,en,complexion,altered
pt,complementar,en,complementary,transparent
pt,complemento,en,complement,transparent
pt,completo,en,complete,transparent
pt,complexidade,en,complexity,transparent
pt,complexo,en,complex,transparent
pt,complicar,en,complicate,transparent
pt,complicação,en,complication,transparent
pt,componente,en,component,transparent
pt,compor,en,compose,transparent
pt,compositor,en,composer,transparent
pt,composição,en,composition,transparent
pt,composto,en,compound,transparent
pt,compostura,en,composure,transparent
pt,compreender,en,comprehend,transparent
pt,compreensão,en,comprehension,transparent
pt,compreensível,en,comprehensible,transparent
pt,compressor,en,compressor,transparent
pt,compressão,en,compression,transparent
pt,compromisso,en,compromise,transparent
pt,compulsivo,en,compulsive,transparent
pt,compulsão,en,compulsion,altered
pt,compulsório,en,compulsory,transparent
pt,computacional,en,computational,transparent
pt,computador,en,computer,transparent
pt,computação,en,computation,transparent
pt,compêndio,en,compendium,transparent
pt,comumente,en,commonly,transparent
pt,comuna,en,commune,transparent
pt,comunal,en,communal,transparent
pt,comunhão,en,communion,transparent
pt,comunicador,en,communicator,transparent
pt,comunicar,en,communicate,transparent
pt,comunicativo,en,communicative,transparent
pt,comunicação,en,communication,transparent
pt,comunicável,en,communicable,transparent
pt,comunidade,en,community,transparent
pt,comunismo,en,communism,transparent
pt,comunista,en,communist,transparent
pt,comutar,en,commute,altered
pt,comédia,en,comedy,transparent
pt,comércio,en,commerce,altered
pt,conceber,en,conceive,transparent
pt,concebível,en,conceivable,transparent
pt,conceder,en,concede,transparent
pt,conceito,en,concept,altered
pt,conceitual,en,conceptual,transparent
pt,conceição,en,conception,altered
pt,concentrar,en,concentrate,transparent
pt,concentração,en,concentration,transparent
pt,concernir,en,concern,altered
pt,concertar,en,concerted,transparent
pt,concerto,en,concert,altered
pt,concessão,en,concession,transparent
pt,conciliatório,en,conciliatory,transparent
pt,conciso,en,concise,transparent
pt,concluir,en,conclude,transparent
pt,conclusivamente,en,conclusively,transparent
pt,conclusivo,en,conclusive,transparent
pt,conclusão,en,conclusion,transparent
pt,concreto,en,concrete,transparent
pt,concurso,en,concourse,altered
pt,concussão,en,concussion,transparent
pt,condenar,en,condemn,transparent
pt,condenação,en,condemnation,transparent
pt,condensar,en,condense,transparent
pt,condensação,en,condensation,transparent
pt,condescender,en,condescend,transparent
pt,condescendência,en,condescension,transparent
pt,condestável,en,constable,altered
pt,condicionador,en,conditioner,transparent
pt,condicional,en,conditional,transparent
pt,condimento,en,condiment,transparent
pt,condição,en,condition,transparent
pt,condolência,en,condolence,transparent
pt,condom,en,condom,transparent
pt,condomínio,en,condominium,transparent
pt,condor,en,condor,transparent
pt,conducente,en,conducive,transparent
pt,conduta,en,conduct,altered
pt,condutividade,en,conductivity,transparent
pt,conduto,en,conduit,altered
pt,condutor,en,conductor,transparent
pt,condução,en,conduction,transparent
pt,cone,en,cone,transparent
pt,conectar,en,connect,transparent
pt,conectividade,en,connectivity,transparent
pt,conectivo,en,connective,transparent
pt,conector,en,connector,transparent
pt,conexão,en,connection,transparent
pt,confecção,en,confection,transparent
pt,confederação,en,confederation,transparent
pt,confeitaria,en,confectionery,transparent
pt,conferir,en,confer,transparent
pt,conferência,en,conference,transparent
pt,confessar,en,confess,transparent
pt,confessional,en,confessional,transparent
pt,confete,en,confetti,altered
pt,confiante,en,confident,transparent
pt,confiança,en,confidence,altered
pt,confiar,en,confide,altered
pt,confidencial,en,confidential,transparent
pt,confidencialidade,en,confidentiality,transparent
pt,confidente,en,confidant,transparent
pt,configurar,en,configure,transparent
pt,configuração,en,configuration,transparent
pt,confinar,en,confine,transparent
pt,confirmar,en,confirm,transparent
pt,confirmação,en,confirmation,transparent
pt,confiscar,en,confiscate,transparent
pt,confiscação,en,confiscation,transparent
pt,confissão,en,confession,altered
pt,conflagração,en,conflagration,transparent
pt,conflito,en,conflict,transparent
pt,confluência,en,confluence,transparent
pt,conformar,en,conform,transparent
pt,conformação,en,conformation,transparent
pt,conformidade,en,conformity,transparent
pt,conformista,en,conformist,transparent
pt,confortador,en,comforter,altered
pt,confortavelmente,en,comfortably,altered
pt,conforto,en,comfort,altered
pt,confortável,en,comfortable,altered
pt,confrontação,en,confront,altered
pt,confundir,en,confuse,altered
pt,confusão,en,confusion,transparent
pt,conga,en,conga,transparent
pt,congestionar,en,congest,transparent
pt,congestão,en,congestion,transparent
pt,conglomerar,en,conglomerate,altered
pt,congratular,en,congratulate,transparent
pt,congratulação,en,congratulation,altered
pt,congregar,en,congregate,transparent
pt,congregação,en,congregation,transparent
pt,congressional,en,congressional,transparent
pt,congresso,en,congress,transparent
pt,congruente,en,congruent,transparent
pt,congênito,en,congenital,transparent
pt,conhaque,en,cognac,altered
pt,conjugal,en,conjugal,transparent
pt,conjugar,en,conjugate,transparent
pt,conjugação,en,conjugation,transparent
pt,conjunção,en,conjunction,transparent
pt,conotação,en,connotation,transparent
pt,conquistador,en,conqueror,altered
pt,conquistar,en,conquer,altered
pt,consagrar,en,consecrate,altered
pt,consagração,en,consecration,transparent
pt,consciencioso,en,conscientious,transparent
pt,consciente,en,conscious,transparent
pt,consciência,en,consciousness,transparent
pt,consecutivamente,en,consecutively,transparent
pt,consecutivo,en,consecutive,transparent
pt,conselheiro,en,counselor,altered
pt,consensual,en,consensual,transparent
pt,consentimento,en,consent,transparent
pt,consequente,en,consequent,transparent
pt,consequentemente,en,consequently,transparent
pt,consequência,en,consequence,transparent
pt,conservacionista,en,conservationist,transparent
pt,conservador,en,conservative,transparent
pt,conservar,en,conserve,transparent
pt,conservatório,en,conservatory,transparent
pt,conservação,en,conservation,transparent
pt,considerar,en,consider,transparent
pt,consideravelmente,en,considerably,transparent
pt,consideração,en,consideration,transparent
pt,considerável,en,considerable,transparent
pt,consignar,en,consign,transparent
pt,consistente,en,consistent,transparent
pt,consistentemente,en,consistently,transparent
pt,consistir,en,consist,altered
pt,consistência,en,consistency,transparent
pt,consolar,en,console,transparent
pt,consolação,en,consolation,transparent
pt,consolidar,en,consolidate,transparent
pt,consolidação,en,consolidation,transparent
pt,consonante,en,consonant,transparent
pt,consorte,en,consort,transparent
pt,conspirador,en,conspirator,transparent
pt,conspirar,en,conspire,transparent
pt,conspiração,en,conspiracy,transparent
pt,conspícuo,en,conspicuous,transparent
pt,constante,en,constant,transparent
pt,constantemente,en,constantly,transparent
pt,constelação,en,constellation,transparent
pt,consternação,en,consternation,transparent
pt,constitucional,en,constitutional,transparent
pt,constitucionalidade,en,constitutionality,transparent
pt,constitucionalmente,en,constitutionally,transparent
pt,constituinte,en,constituent,transparent
pt,constituir,en,constitute,transparent
pt,constituição,en,constitution,transparent
pt,constranger,en,constrain,altered
pt,constrangimento,en,constraint,altered
pt,construir,en,construct,altered
pt,construtivamente,en,constructively,altered
pt,construtivo,en,constructive,altered
pt,construtor,en,constructor,transparent
pt,construção,en,construction,altered
pt,consulado,en,consulate,transparent
pt,consular,en,consular,transparent
pt,consultar,en,consult,altered
pt,consultivo,en,consultative,transparent
pt,consultor,en,consultant,transparent
pt,consultoria,en,consultancy,altered
pt,consumar,en,consummate,transparent
pt,consumidor,en,consumer,transparent
pt,consumir,en,consume,transparent
pt,consórcio,en,consortium,transparent
pt,contador,en,counter,altered
pt,contagioso,en,contagious,transparent
pt,contaminante,en,contaminant,transparent
pt,contaminar,en,contaminate,transparent
pt,contaminação,en,contamination,transparent
pt,contato,en,contact,transparent
pt,contemplar,en,contemplate,transparent
pt,contemplativo,en,contemplative,transparent
pt,contemplação,en,contemplation,transparent
pt,contemporâneo,en,contemporary,transparent
pt,contencioso,en,contentious,transparent
pt,contender,en,contest,altered
pt,contentor,en,container,transparent
pt,contenção,en,contention,transparent
pt,conter,en,contain,altered
pt,contexto,en,context,transparent
pt,conteúdo,en,content,transparent
pt,continental,en,continental,transparent
pt,continente,en,continent,transparent
pt,contingente,en,contingent,transparent
pt,contingência,en,contingency,altered
pt,continuamente,en,continuously,transparent
pt,continuar,en,continue,transparent
pt,continuação,en,continuation,transparent
pt,continuidade,en,continuity,transparent
pt,contorcer,en,contort,altered
pt,contorno,en,contour,transparent
pt,contra,en,contra,transparent
pt,contrabando,en,contraband,transparent
pt,contraceptivo,en,contraceptive,transparent
pt,contracepção,en,contraception,transparent
pt,contraditório,en,contradictory,transparent
pt,contradizer,en,contradict,transparent
pt,contradição,en,contradiction,transparent
pt,contraintuitivo,en,counterintuitive,transparent
pt,contraparte,en,counterpart,transparent
pt,contraponto,en,counterpoint,transparent
pt,contraproducente,en,counterproductive,transparent
pt,contrariar,en,counteract,altered
pt,contraste,en,contrast,transparent
pt,contratante,en,contractor,transparent
pt,contrato,en,contract,transparent
pt,contratual,en,contractual,altered
pt,contração,en,contraction,transparent
pt,contribuidor,en,contributor,transparent
pt,contribuir,en,contribute,transparent
pt,contribuição,en,contribution,transparent
pt,contrição,en,contrition,transparent
pt,controlador,en,controller,transparent
pt,controlo,en,control,transparent
pt,controlável,en,controllable,transparent
pt,controverso,en,controversial,transparent
pt,controvérsia,en,controversy,transparent
pt,contrário,en,contrary,transparent
pt,contusão,en,contusion,transparent
pt,contágio,en,contagion,transparent
pt,contíguo,en,contiguous,transparent
pt,contínuo,en,continuous,transparent
pt,convalescente,en,convalescent,transparent
pt,convecção,en,convection,transparent
pt,convencer,en,convince,transparent
pt,convencional,en,conventional,transparent
pt,convencionalmente,en,conventionally,transparent
pt,conveniente,en,convenient,transparent
pt,convenientemente,en,conveniently,transparent
pt,conveniência,en,convenience,transparent
pt,convento,en,convent,transparent
pt,convenção,en,convention,transparent
pt,convergente,en,convergent,transparent
pt,convergir,en,converge,altered
pt,convergência,en,convergence,transparent
pt,conversacional,en,conversational,transparent
pt,conversar,en,conversation,altered
pt,conversor,en,converter,altered
pt,conversão,en,conversion,transparent
pt,conversível,en,convertible,altered
pt,converter,en,convert,transparent
pt,convexo,en,convex,altered
pt,convicção,en,conviction,transparent
pt,convincentemente,en,convincingly,transparent
pt,convir,en,convene,altered
pt,convocação,en,convocation,transparent
pt,convulsionar,en,convulse,altered
pt,convulsão,en,convulsion,transparent
pt,convênio,en,covenant,altered
pt,cooperar,en,cooperate,transparent
pt,cooperativo,en,cooperative,transparent
pt,cooperação,en,cooperation,transparent
pt,coordenador,en,coordinator,altered
pt,coordenar,en,coordinate,altered
pt,coordenação,en,coordination,altered
pt,coorte,en,cohort,transparent
pt,copioso,en,copious,transparent
pt,copolímero,en,copolymer,altered
pt,copyright,en,copyright,transparent
pt,cor,en,color,altered
pt,coragem,en,courage,altered
pt,coral,en,coral,transparent
pt,cordial,en,cordial,transparent
pt,cordo,en,cord,altered
pt,cordão,en,cordon,transparent
pt,coreano,en,korean,altered
pt,coreografar,en,choreograph,transparent
pt,coreografia,en,choreography,altered
pt,coreógrafo,en,choreographer,altered
pt,corneal,en,corneal,transparent
pt,corneta,en,cornet,altered
pt,cornija,en,cornice,altered
pt,coro,en,chorus,altered
pt,coroar,en,crown,altered
pt,coroação,en,coronation,altered
pt,corola,en,corolla,altered
pt,corolário,en,corollary,transparent
pt,coronal,en,coronal,transparent
pt,coronavirus,en,coronavirus,transparent
pt,coronel,en,colonel,transparent
pt,corporal,en,corporal,transparent
pt,corporativo,en,corporate,altered
pt,corporação,en,corporation,transparent
pt,corpus,en,corpus,transparent
pt,corral,en,corral,transparent
pt,correcional,en,correctional,altered
pt,correio,en,courier,altered
pt,correlacionar,en,correlate,transparent
pt,correlação,en,correlation,transparent
pt,corrente,en,current,altered
pt,correspondente,en,correspondent,transparent
pt,correspondentemente,en,correspondingly,transparent
pt,corresponder,en,correspond,transparent
pt,correspondência,en,correspondence,transparent
pt,corretamente,en,correctly,altered
pt,corretivo,en,corrective,transparent
pt,correção,en,correction,transparent
pt,corroborar,en,corroborate,transparent
pt,corroboração,en,corroboration,transparent
pt,corroer,en,corrode,transparent
pt,corrosivo,en,corrosive,transparent
pt,corrosão,en,corrosion,transparent
pt,corrupto,en,corrupt,transparent
pt,corrupção,en,corruption,transparent
pt,corte,en,court,transparent
pt,cortesia,en,courtesy,transparent
pt,cortesão,en,courtier,altered
pt,cortical,en,cortical,transparent
pt,cortinar,en,curtain,transparent
pt,cortisol,en,cortisol,transparent
pt,cortês,en,courteous,altered
pt,corão,en,quran,altered
pt,coríntio,en,corinthian,transparent
pt,cosmologia,en,cosmology,transparent
pt,cosmológico,en,cosmological,transparent
pt,cosmonauta,en,cosmonaut,transparent
pt,cosmopolita,en,cosmopolitan,transparent
pt,cosmos,en,cosmos,transparent
pt,cosmético,en,cosmetic,transparent
pt,cosplay,en,cosplay,transparent
pt,costa,en,coast,altered
pt,costal,en,costal,transparent
pt,costume,en,custom,transparent
pt,costurar,en,couture,altered
pt,cotação,en,quotation,altered
pt,cova,en,cave,altered
pt,covalente,en,covalent,transparent
pt,covardia,en,cowardice,transparent
pt,covariância,en,covariance,transparent
pt,covid,en,covid,transparent
pt,craniano,en,cranial,altered
pt,cratera,en,crater,altered
pt,creatina,en,creatine,transparent
pt,credencial,en,credential,transparent
pt,credibilidade,en,credibility,transparent
pt,credo,en,credo,transparent
pt,credor,en,creditor,altered
pt,credível,en,credible,transparent
pt,cremar,en,cremate,altered
pt,cremação,en,cremation,transparent
pt,creme,en,cream,altered
pt,crepe,en,crepe,transparent
pt,crescente,en,crescent,altered
pt,cretino,en,cretin,transparent
pt,cretáceo,en,cretaceous,transparent
pt,criacionismo,en,creationism,altered
pt,criacionista,en,creationist,altered
pt,criador,en,creator,altered
pt,criar,en,create,altered
pt,criativamente,en,creatively,transparent
pt,criatividade,en,creativity,transparent
pt,criativo,en,creative,transparent
pt,criatura,en,creature,transparent
pt,criação,en,creation,transparent
pt,crime,en,crime,transparent
pt,criminal,en,criminal,transparent
pt,criminalidade,en,criminality,transparent
pt,criminalizar,en,criminalize,transparent
pt,criminalmente,en,criminally,transparent
pt,criminologia,en,criminology,transparent
pt,criogênico,en,cryogenic,transparent
pt,crioulo,en,creole,altered
pt,cripta,en,crypt,transparent
pt,cripto,en,crypto,transparent
pt,criptografia,en,cryptography,transparent
pt,criptográfico,en,cryptographic,altered
pt,criptomoeda,en,cryptocurrency,altered
pt,crise,en,crisis,altered
pt,crista,en,crest,altered
pt,cristal,en,crystal,transparent
pt,cristalino,en,crystalline,transparent
pt,cristalizar,en,crystallize,transparent
pt,cristalografia,en,crystallography,altered
pt,cristianismo,en,christianity,transparent
pt,cristo,en,christ,altered
pt,cristão,en,christian,altered
pt,crisálida,en,chrysalis,altered
pt,crisântemo,en,chrysanthemum,altered
pt,criticamente,en,critically,transparent
pt,criticar,en,criticize,transparent
pt,criticismo,en,criticism,transparent
pt,critério,en,criterion,transparent
pt,crochê,en,crochet,transparent
pt,crocodilo,en,crocodile,transparent
pt,croissant,en,croissant,transparent
pt,cromatina,en,chromatin,altered
pt,cromo,en,chrome,altered
pt,cromossomo,en,chromosome,transparent
pt,cromático,en,chromatic,transparent
pt,cronicamente,en,chronically,transparent
pt,crono,en,chrono,transparent
pt,cronologia,en,chronology,transparent
pt,cronologicamente,en,chronologically,transparent
pt,cronológico,en,chronological,transparent
pt,cronógrafo,en,chronograph,altered
pt,croque,en,croquet,altered
pt,crucial,en,crucial,transparent
pt,crucificar,en,crucify,transparent
pt,crucifixo,en,crucifix,transparent
pt,crucifixão,en,crucifixion,altered
pt,cruel,en,cruel,transparent
pt,crueldade,en,cruelty,transparent
pt,crustáceo,en,crustacean,transparent
pt,cruz,en,crux,altered
pt,cruzeiro,en,cruise,altered
pt,crânio,en,cranium,altered
pt,crédito,en,credit,transparent
pt,críquete,en,cricket,transparent
pt,crítico,en,critical,transparent
pt,crônico,en,chronic,transparent
pt,cubano,en,cuban,transparent
pt,cubo,en,cube,altered
pt,cubículo,en,cubicle,transparent
pt,culinário,en,culinary,transparent
pt,culminar,en,culminate,transparent
pt,culminação,en,culmination,transparent
pt,culpabilidade,en,culpability,transparent
pt,culpável,en,culpable,transparent
pt,cultivador,en,cultivator,transparent
pt,cultivar,en,cultivate,transparent
pt,cultivação,en,cultivation,transparent
pt,culto,en,cult,transparent
pt,cultura,en,culture,transparent
pt,cultural,en,cultural,transparent
pt,culturalmente,en,culturally,transparent
pt,cumplicidade,en,complicity,altered
pt,cumprir,en,accomplish,altered
pt,cumulativo,en,cumulative,transparent
pt,cupom,en,coupon,altered
pt,curador,en,curator,transparent
pt,curadoria,en,curation,altered
pt,curar,en,cure,transparent
pt,curativo,en,curative,altered
pt,curio,en,curio,transparent
pt,curiosidade,en,curiosity,transparent
pt,curioso,en,curious,transparent
pt,curricular,en,curricular,transparent
pt,currículo,en,curriculum,transparent
pt,curso,en,course,transparent
pt,cursor,en,cursor,transparent
pt,curvar,en,curve,transparent
pt,curvatura,en,curvature,transparent
pt,curável,en,curable,altered
pt,cuscuz,en,couscous,altered
pt,customizar,en,customize,transparent
pt,customização,en,customization,transparent
pt,cutícula,en,cuticle,transparent
pt,cyber,en,cyber,transparent
pt,cádmio,en,cadmium,transparent
pt,cálcio,en,calcium,transparent
pt,cálculo,en,calculation,altered
pt,cápsula,en,capsule,transparent
pt,cátodo,en,cathode,transparent
pt,cáucaso,en,caucasus,altered
pt,cáustico,en,caustic,transparent
pt,câmara,en,camera,transparent
pt,câmbrico,en,cambrian,transparent
pt,câncer,en,cancer,transparent
pt,cândido,en,candid,transparent
pt,cânion,en,canyon,transparent
pt,cânon,en,canon,transparent
pt,césar,en,césar,transparent
pt,cético,en,skeptical,altered
pt,cênico,en,scenic,altered
pt,cíclico,en,cyclic,transparent
pt,cílio,en,cilium,altered
pt,címbalo,en,cymbal,altered
pt,cínico,en,cynical,transparent
pt,círculo,en,circle,transparent
pt,cístico,en,cystic,transparent
pt,cítrico,en,citrus,altered
pt,cívico,en,civic,transparent
pt,códice,en,codex,altered
pt,código,en,code,transparent
pt,códon,en,codon,transparent
pt,cólera,en,cholera,altered
pt,cólico,en,colic,transparent
pt,cólon,en,colon,transparent
pt,cómico,en,comic,transparent
pt,cópia,en,copy,transparent
pt,córneo,en,horny,altered
pt,córtex,en,cortex,transparent
pt,cósmico,en,cosmic,transparent
pt,cômico,en,comedic,altered
pt,côncavo,en,concave,altered
pt,cônico,en,conical,transparent
pt,cônsul,en,consul,transparent
pt,cúbico,en,cubic,transparent
pt,cúmplice,en,accomplice,altered
pt,cúpula,en,cupola,transparent
pt,cúria,en,curia,transparent
pt,dama,en,dame,transparent
pt,dançador,en,dancer,altered
pt,dançar,en,dance,altered
pt,dar,en,datum,altered
pt,darwiniano,en,darwinian,transparent
pt,darwinismo,en,darwinism,altered
pt,database,en,database,transparent
pt,datar,en,date,transparent
pt,deadline,en,deadline,transparent
pt,debater,en,debate,transparent
pt,debilitar,en,debilitate,transparent
pt,debut,en,debut,transparent
pt,debutante,en,debutante,transparent
pt,decadente,en,decadent,transparent
pt,decadência,en,decadence,transparent
pt,decaimento,en,decay,altered
pt,decantador,en,decanter,transparent
pt,decapitar,en,decapitate,transparent
pt,decapitação,en,decapitation,transparent
pt,decente,en,decent,transparent
pt,decentemente,en,decently,transparent
pt,decibel,en,decibel,transparent
pt,decididamente,en,decidedly,transparent
pt,decidir,en,decide,transparent
pt,decimal,en,decimal,transparent
pt,decisivamente,en,decisively,transparent
pt,decisivo,en,decisive,transparent
pt,decisão,en,decision,transparent
pt,declarar,en,declare,transparent
pt,declarativo,en,declarative,transparent
pt,declaração,en,declaration,transparent
pt,declinar,en,decline,transparent
pt,decodificar,en,decode,transparent
pt,decomposição,en,decomposition,transparent
pt,decorador,en,decorator,transparent
pt,decorar,en,decorate,transparent
pt,decorativo,en,decorative,transparent
pt,decoração,en,decoration,transparent
pt,decoro,en,decorum,altered
pt,decrescer,en,decrease,altered
pt,decreto,en,decree,transparent
pt,decência,en,decency,altered
pt,dedicar,en,dedicate,transparent
pt,dedicação,en,dedication,transparent
pt,dedutivo,en,deductive,altered
pt,dedutível,en,deductible,altered
pt,deduzir,en,deduct,altered
pt,dedução,en,deduction,transparent
pt,defecar,en,defecate,altered
pt,defecção,en,defection,transparent
pt,defeito,en,defect,altered
pt,defender,en,defend,transparent
pt,defensivo,en,defensive,transparent
pt,defensor,en,defender,transparent
pt,deferência,en,deference,transparent
pt,defeso,en,defense,altered
pt,deficiente,en,deficient,transparent
pt,deficiência,en,deficiency,transparent
pt,definir,en,define,transparent
pt,definitivamente,en,definitely,transparent
pt,definitivo,en,definitive,transparent
pt,definição,en,definition,transparent
pt,deflação,en,deflation,transparent
pt,deflexão,en,deflection,transparent
pt,deformar,en,deform,transparent
pt,deformação,en,deformation,transparent
pt,deformidade,en,deformity,transparent
pt,defraudar,en,defraud,transparent
pt,defunto,en,defunct,transparent
pt,degenerar,en,degenerate,transparent
pt,degeneração,en,degeneration,transparent
pt,degradar,en,degrade,transparent
pt,degradação,en,degradation,transparent
pt,delegar,en,delegate,transparent
pt,delegação,en,delegation,transparent
pt,deleite,en,delight,transparent
pt,deliberar,en,deliberate,transparent
pt,deliberação,en,deliberation,transparent
pt,delicado,en,delicate,transparent
pt,delicioso,en,delicious,transparent
pt,delimitar,en,delimit,transparent
pt,delinear,en,delineate,transparent
pt,delineação,en,delineation,transparent
pt,delinquente,en,delinquent,transparent
pt,delinquência,en,delinquency,transparent
pt,delta,en,delta,transparent
pt,delusão,en,delusion,transparent
pt,delírio,en,delirium,altered
pt,demagogo,en,demagogue,transparent
pt,demarcar,en,demarcate,transparent
pt,demarcação,en,demarcation,transparent
pt,democracia,en,democracy,transparent
pt,democrata,en,democrat,transparent
pt,democraticamente,en,democratically,transparent
pt,democratização,en,democratization,transparent
pt,democrático,en,democratic,transparent
pt,demografia,en,demographics,transparent
pt,demográfico,en,demographic,transparent
pt,demolir,en,demolish,transparent
pt,demolição,en,demolition,transparent
pt,demonizar,en,demonize,transparent
pt,demonstrador,en,demonstrator,transparent
pt,demonstrar,en,demonstrate,altered
pt,demonstrativo,en,demonstrative,transparent
pt,demonstração,en,demonstration,transparent
pt,demonstrável,en,demonstrable,transparent
pt,demoníaco,en,demonic,altered
pt,demérito,en,demerit,transparent
pt,demência,en,dementia,transparent
pt,demónio,en,demon's,altered
pt,demônio,en,demon,transparent
pt,dengue,en,dengue,transparent
pt,denominacional,en,denominational,transparent
pt,denominador,en,denominator,transparent
pt,denominação,en,denomination,transparent
pt,denotar,en,denote,transparent
pt,densidade,en,density,altered
pt,denso,en,dense,transparent
pt,dental,en,dental,transparent
pt,dentista,en,dentist,transparent
pt,dentística,en,dentistry,altered
pt,denunciar,en,denounce,transparent
pt,denunciação,en,denunciation,transparent
pt,departamental,en,departmental,transparent
pt,departamento,en,department,transparent
pt,dependente,en,dependent,transparent
pt,depender,en,depend,transparent
pt,dependência,en,dependency,transparent
pt,deplorável,en,deplorable,transparent
pt,depor,en,depose,altered
pt,deportar,en,deport,transparent
pt,deportação,en,deportation,transparent
pt,depositante,en,deposite,altered
pt,depositário,en,depository,altered
pt,deposição,en,deposition,transparent
pt,depravação,en,depravity,transparent
pt,depreciação,en,depreciation,transparent
pt,depressivo,en,depressive,altered
pt,depressão,en,depression,transparent
pt,deprimir,en,depress,transparent
pt,deputar,en,deputy,transparent
pt,depósito,en,deposit,transparent
pt,derivar,en,derive,transparent
pt,derivativo,en,derivative,transparent
pt,derivação,en,derivation,transparent
pt,dermal,en,dermal,transparent
pt,dermatite,en,dermatitis,altered
pt,dermatologia,en,dermatology,transparent
pt,dermatologista,en,dermatologist,transparent
pt,desabilitar,en,disable,transparent
pt,desaceleração,en,deceleration,transparent
pt,desacreditar,en,discredit,altered
pt,desafiar,en,defy,altered
pt,desafio,en,defiance,altered
pt,desafortunadamente,en,unfortunately,altered
pt,desafortunado,en,unfortunate,altered
pt,desagradável,en,disagreeable,altered
pt,desaparecer,en,disappear,transparent
pt,desaparição,en,disappearance,transparent
pt,desarmamento,en,disarmament,transparent
pt,desarmar,en,disarm,transparent
pt,desastre,en,disaster,transparent
pt,desastroso,en,disastrous,transparent
pt,descarga,en,discharge,transparent
pt,descendente,en,descendant,transparent
pt,descender,en,descend,transparent
pt,descenso,en,descent,altered
pt,descentralizar,en,decentralize,altered
pt,descentralização,en,decentralization,transparent
pt,descobridor,en,discoverer,transparent
pt,descobrir,en,discover,transparent
pt,descoloração,en,discoloration,altered
pt,descolorir,en,discolor,transparent
pt,descompressão,en,decompression,transparent
pt,descomprimir,en,decompress,transparent
pt,desconectar,en,disconnect,transparent
pt,desconforto,en,discomfort,altered
pt,desconfortável,en,uncomfortable,altered
pt,desconstrução,en,deconstruction,altered
pt,descontaminação,en,decontamination,transparent
pt,descontentamento,en,discontent,altered
pt,descontinuação,en,discontinuation,transparent
pt,descontinuidade,en,discontinuity,transparent
pt,desconto,en,discount,altered
pt,descritivo,en,descriptive,altered
pt,descritor,en,descriptor,altered
pt,descrição,en,description,transparent
pt,desejo,en,desire,altered
pt,desembarcar,en,disembark,transparent
pt,desenho,en,design,altered
pt,deserto,en,desert,transparent
pt,desertor,en,deserter,transparent
pt,deserção,en,desertion,transparent
pt,desesperadamente,en,desperately,transparent
pt,desesperar,en,desperate,transparent
pt,desespero,en,desperation,altered
pt,desestabilizar,en,destabilize,transparent
pt,desfavorável,en,unfavorable,altered
pt,desfibrilador,en,defibrillator,altered
pt,desflorestação,en,deforestation,altered
pt,desgosto,en,disgust,altered
pt,desidratação,en,dehydrate,altered
pt,designar,en,designate,transparent
pt,designação,en,designation,transparent
pt,designer,en,designer,transparent
pt,desilusão,en,disillusion,transparent
pt,desinfectar,en,disinfect,altered
pt,desinfecção,en,disinfection,altered
pt,desinformação,en,disinformation,transparent
pt,desintegrar,en,disintegrate,altered
pt,desintegração,en,disintegration,transparent
pt,desintoxicação,en,detox,transparent
pt,desistir,en,desist,transparent
pt,desleal,en,disloyal,altered
pt,deslocamento,en,displacement,transparent
pt,desmembramento,en,dismemberment,altered
pt,desmontar,en,dismount,transparent
pt,desmoralizar,en,demoralize,transparent
pt,desnecessário,en,unnecessary,altered
pt,desnudo,en,nude,altered
pt,desnutrição,en,malnutrition,altered
pt,desobedecer,en,disobey,altered
pt,desobediente,en,disobedient,altered
pt,desobediência,en,disobedience,transparent
pt,desolação,en,desolation,transparent
pt,desonesto,en,dishonest,transparent
pt,desonrar,en,dishonor,altered
pt,desonroso,en,dishonorable,altered
pt,desordem,en,disorder,altered
pt,desorientar,en,disorient,transparent
pt,desorientação,en,disorientation,transparent
pt,despacho,en,despatch,altered
pt,despeito,en,despite,altered
pt,despir,en,undress,transparent
pt,desqualificar,en,disqualify,transparent
pt,desqualificação,en,disqualification,transparent
pt,desregulação,en,deregulation,transparent
pt,desrespeito,en,disrespect,transparent
pt,desrespeitoso,en,disrespectful,altered
pt,dessalinização,en,desalination,transparent
pt,destacamento,en,detachment,transparent
pt,destilar,en,distill,altered
pt,destilaria,en,distillery,transparent
pt,destilação,en,distillation,altered
pt,destinar,en,destine,transparent
pt,destinação,en,destination,transparent
pt,destino,en,destiny,altered
pt,destituir,en,destitute,transparent
pt,destreza,en,dexterity,altered
pt,destro,en,dexter,altered
pt,destronar,en,dethrone,altered
pt,destruidor,en,destroyer,altered
pt,destruir,en,destroy,transparent
pt,destruição,en,destruction,altered
pt,destrutivo,en,destructive,transparent
pt,desumanizar,en,dehumanize,altered
pt,desuso,en,disuse,altered
pt,desviante,en,deviant,altered
pt,desviar,en,deviate,altered
pt,desvio,en,deviation,altered
pt,detalhe,en,detail,transparent
pt,detectar,en,detect,transparent
pt,detector,en,detector,transparent
pt,detectável,en,detectable,altered
pt,detecção,en,detection,transparent
pt,detenção,en,detention,transparent
pt,deter,en,detain,transparent
pt,detergente,en,detergent,transparent
pt,deteriorar,en,deteriorate,transparent
pt,deterioração,en,deterioration,altered
pt,determinante,en,determinant,transparent
pt,determinar,en,determine,transparent
pt,determinação,en,determination,transparent
pt,determinismo,en,determinism,transparent
pt,determinístico,en,deterministic,transparent
pt,detestar,en,detest,transparent
pt,detetive,en,detective,transparent
pt,detonador,en,detonator,transparent
pt,detonar,en,detonate,transparent
pt,detonação,en,detonation,transparent
pt,detrator,en,detractor,altered
pt,detrimento,en,detriment,transparent
pt,detrito,en,detritus,transparent
pt,deuteronômio,en,deuteronomy,transparent
pt,deutério,en,deuterium,altered
pt,devastar,en,devastate,transparent
pt,devastação,en,devastation,transparent
pt,devedor,en,debtor,altered
pt,devocional,en,devotional,transparent
pt,devolução,en,devolution,transparent
pt,devorar,en,devour,transparent
pt,devoto,en,devotee,altered
pt,devoção,en,devotion,transparent
pt,dezembro,en,december,altered
pt,dharma,en,dharma,transparent
pt,diabetes,en,diabetes,transparent
pt,diabético,en,diabetic,transparent
pt,diabólico,en,diabolical,transparent
pt,diagnosticar,en,diagnose,altered
pt,diagnóstica,en,diagnostics,transparent
pt,diagnóstico,en,diagnosis,altered
pt,diagonal,en,diagonal,transparent
pt,diagrama,en,diagram,transparent
pt,dialeto,en,dialect,altered
pt,dialética,en,dialectic,transparent
pt,dialético,en,dialectical,altered
pt,diarreia,en,diarrhea,altered
pt,diatribe,en,diatribe,transparent
pt,diazepam,en,diazepam,transparent
pt,dicionário,en,dictionary,transparent
pt,dictum,en,dictum,transparent
pt,dicção,en,diction,transparent
pt,dielétrico,en,dielectric,transparent
pt,diesel,en,diesel,transparent
pt,dieta,en,diet,transparent
pt,difamatório,en,defamatory,altered
pt,diferencial,en,differential,transparent
pt,diferenciar,en,differentiate,transparent
pt,diferenciação,en,differentiation,transparent
pt,diferente,en,different,transparent
pt,diferentemente,en,differently,transparent
pt,diferençar,en,difference,transparent
pt,diferir,en,differ,transparent
pt,dificuldade,en,difficulty,transparent
pt,difração,en,diffraction,transparent
pt,difteria,en,diphtheria,altered
pt,difuso,en,diffuse,transparent
pt,difusão,en,diffusion,transparent
pt,difícil,en,difficult,transparent
pt,digerir,en,digest,altered
pt,digerível,en,digestible,altered
pt,digestivo,en,digestive,transparent
pt,digestão,en,digestion,altered
pt,digital,en,digital,transparent
pt,digitalizar,en,digitize,altered
pt,digitalmente,en,digitally,transparent
pt,dignidade,en,dignity,transparent
pt,dignificar,en,dignify,transparent
pt,dignitário,en,dignitary,transparent
pt,digressão,en,digress,altered
pt,dilatar,en,dilate,transparent
pt,dilatação,en,dilation,transparent
pt,dilema,en,dilemma,transparent
pt,diligente,en,diligent,transparent
pt,diligentemente,en,diligently,transparent
pt,diligência,en,diligence,transparent
pt,diluir,en,dilute,altered
pt,diluição,en,dilution,transparent
pt,dimensional,en,dimensional,transparent
pt,dimensão,en,dimension,transparent
pt,diminuir,en,diminish,transparent
pt,diminutivo,en,diminutive,transparent
pt,dinamismo,en,dynamism,transparent
pt,dinamite,en,dynamite,transparent
pt,dinastia,en,dynasty,transparent
pt,dingo,en,dingo,transparent
pt,dinossauro,en,dinosaur,altered
pt,dinâmico,en,dynamic,transparent
pt,diocesano,en,diocesan,transparent
pt,diocese,en,diocese,transparent
pt,diodo,en,diode,transparent
pt,diorama,en,diorama,transparent
pt,diplomacia,en,diplomacy,transparent
pt,diplomar,en,diploma,transparent
pt,diplomata,en,diplomat,transparent
pt,diplomático,en,diplomatic,transparent
pt,direcional,en,directional,transparent
pt,diretamente,en,directly,transparent
pt,diretiva,en,directive,transparent
pt,direto,en,direct,transparent
pt,diretor,en,director,transparent
pt,diretoria,en,directorate,altered
pt,diretório,en,directory,transparent
pt,direção,en,direction,altered
pt,discernível,en,discernible,altered
pt,disciplinar,en,discipline,transparent
pt,disco,en,disc,transparent
pt,discografia,en,discography,transparent
pt,discordante,en,discordant,transparent
pt,discrepância,en,discrepancy,transparent
pt,discreto,en,discrete,transparent
pt,discriminar,en,discriminate,transparent
pt,discriminatório,en,discriminatory,transparent
pt,discriminação,en,discrimination,transparent
pt,discrição,en,discretion,altered
pt,discurso,en,discourse,transparent
pt,discussão,en,discussion,transparent
pt,discutir,en,discuss,transparent
pt,discípulo,en,disciple,altered
pt,discórdia,en,discord,transparent
pt,disenteria,en,dysentery,transparent
pt,disfuncional,en,dysfunctional,transparent
pt,disfunção,en,dysfunction,transparent
pt,dislexia,en,dyslexia,transparent
pt,disparidade,en,disparity,transparent
pt,dispensador,en,dispenser,altered
pt,dispensar,en,dispense,transparent
pt,dispensação,en,dispensation,transparent
pt,dispensário,en,dispensary,transparent
pt,disperso,en,disperse,transparent
pt,dispersão,en,dispersion,altered
pt,displasia,en,dysplasia,altered
pt,disponível,en,disposable,altered
pt,dispor,en,dispose,transparent
pt,disposição,en,disposal,altered
pt,disputar,en,dispute,transparent
pt,disruptivo,en,disrupt,altered
pt,disruptor,en,disruptor,transparent
pt,disrupção,en,disruption,transparent
pt,dissecção,en,dissection,transparent
pt,disseminar,en,disseminate,transparent
pt,disseminação,en,dissemination,transparent
pt,dissensão,en,dissension,transparent
pt,dissertação,en,dissertation,transparent
pt,dissidente,en,dissident,transparent
pt,dissipar,en,dissipate,transparent
pt,dissipação,en,dissipation,transparent
pt,dissociar,en,dissociate,transparent
pt,dissociativo,en,dissociative,transparent
pt,dissociação,en,dissociation,transparent
pt,dissolução,en,dissolution,transparent
pt,dissolver,en,dissolve,transparent
pt,dissonância,en,dissonance,transparent
pt,dissuadir,en,dissuade,transparent
pt,distal,en,distal,transparent
pt,distante,en,distant,transparent
pt,distinguir,en,distinguish,transparent
pt,distinguível,en,distinguishable,altered
pt,distintivo,en,distinctive,transparent
pt,distinto,en,distinct,transparent
pt,distinção,en,distinction,transparent
pt,distopia,en,dystopia,altered
pt,distorcer,en,distort,transparent
pt,distorção,en,distortion,transparent
pt,distrair,en,distract,altered
pt,distração,en,distraction,transparent
pt,distribuidor,en,distributor,transparent
pt,distribuir,en,distribute,transparent
pt,distribuição,en,distribution,transparent
pt,distrito,en,district,transparent
pt,distrofia,en,dystrophy,altered
pt,distância,en,distance,transparent
pt,distópico,en,dystopian,altered
pt,ditador,en,dictator,altered
pt,ditadura,en,dictatorship,transparent
pt,ditar,en,dictate,altered
pt,ditatorial,en,dictatorial,altered
pt,diurno,en,diurnal,transparent
pt,diurético,en,diuretic,transparent
pt,divergente,en,divergent,transparent
pt,divergir,en,diverge,transparent
pt,divergência,en,divergence,transparent
pt,diversidade,en,diversity,transparent
pt,diversificar,en,diversify,transparent
pt,diversificação,en,diversification,transparent
pt,diverso,en,diverse,transparent
pt,divertir,en,divert,transparent
pt,dividendo,en,dividend,transparent
pt,dividir,en,divide,transparent
pt,divindade,en,divinity,altered
pt,divino,en,divine,transparent
pt,divisional,en,divisional,transparent
pt,divisor,en,divider,transparent
pt,divisão,en,division,transparent
pt,divisível,en,divisible,transparent
pt,divo,en,diva,transparent
pt,divulgar,en,divulge,transparent
pt,divórcio,en,divorce,altered
pt,dizimar,en,decimate,altered
pt,diácono,en,deacon,altered
pt,diálise,en,dialysis,transparent
pt,diálogo,en,dialogue,transparent
pt,diário,en,daily,altered
pt,diáspora,en,diaspora,transparent
pt,diâmetro,en,diameter,transparent
pt,dióxido,en,dioxide,transparent
pt,doador,en,donor,altered
pt,doar,en,donate,transparent
pt,doação,en,donation,altered
pt,dobro,en,double,altered
pt,documentação,en,documentation,transparent
pt,documento,en,document,transparent
pt,documentário,en,documentary,altered
pt,dodo,en,dodo,transparent
pt,dogma,en,dogma,transparent
pt,dogmático,en,dogmatic,transparent
pt,dogue,en,doge,altered
pt,dojo,en,dojo,transparent
pt,domesticar,en,domesticate,transparent
pt,domicílio,en,domicile,transparent
pt,dominante,en,dominant,transparent
pt,dominar,en,dominate,transparent
pt,dominação,en,domination,transparent
pt,dominicano,en,dominican,transparent
pt,dominância,en,dominance,transparent
pt,dominó,en,domino,transparent
pt,doméstico,en,domestic,transparent
pt,domínio,en,domain,transparent
pt,dopamina,en,dopamine,transparent
pt,dormitório,en,dormitory,transparent
pt,dorsal,en,dorsal,transparent
pt,dosagem,en,dosage,transparent
pt,dose,en,dose,transparent
pt,dossiê,en,dossier,altered
pt,doutor,en,doctor,altered
pt,doutoral,en,doctoral,altered
pt,doutorar,en,doctorate,altered
pt,doutrinar,en,doctrine,altered
pt,doutrinário,en,doctrinal,altered
pt,dragão,en,dragon,transparent
pt,drama,en,drama,transparent
pt,dramaticamente,en,dramatically,transparent
pt,dramatizar,en,dramatize,transparent
pt,dramático,en,dramatic,transparent
pt,drasticamente,en,drastically,transparent
pt,dress,en,dress,transparent
pt,dressing,en,dressing,transparent
pt,druida,en,druid,transparent
pt,drástico,en,drastic,transparent
pt,dual,en,dual,transparent
pt,dualidade,en,duality,transparent
pt,dualismo,en,dualism,transparent
pt,dubai,en,dubai,transparent
pt,dublin,en,dublin,transparent
pt,ducto,en,duct,transparent
pt,duelo,en,duel,transparent
pt,dueto,en,duet,transparent
pt,duna,en,dune,altered
pt,duo,en,duo,transparent
pt,duplicar,en,duplicate,transparent
pt,duplicação,en,duplication,transparent
pt,duque,en,duke,transparent
pt,durabilidade,en,durability,transparent
pt,duração,en,duration,transparent
pt,dureza,en,duress,altered
pt,durável,en,durable,altered
pt,duvidoso,en,dubious,altered
pt,dálmata,en,dalmatian,altered
pt,débito,en,debit,altered
pt,década,en,decade,transparent
pt,défice,en,deficit,altered
pt,déspota,en,despot,transparent
pt,dígito,en,digit,transparent
pt,dínamo,en,dynamo,altered
pt,dócil,en,docile,transparent
pt,dólar,en,dollar,transparent
pt,dúplex,en,duplex,transparent
pt,eclesiástico,en,ecclesiastical,transparent
pt,eclipse,en,eclipse,transparent
pt,eclético,en,eclectic,transparent
pt,eco,en,echo,transparent
pt,ecologia,en,ecology,transparent
pt,ecologicamente,en,ecologically,transparent
pt,ecológico,en,ecological,transparent
pt,economia,en,economy,transparent
pt,economista,en,economist,transparent
pt,econômico,en,economic,transparent
pt,ecossistema,en,ecosystem,transparent
pt,ecuménico,en,ecumenical,transparent
pt,eczema,en,eczema,transparent
pt,edifício,en,edifice,altered
pt,editor,en,editor,transparent
pt,editorial,en,editorial,transparent
pt,edição,en,edition,transparent
pt,educacional,en,educational,transparent
pt,educador,en,educator,transparent
pt,educar,en,educate,transparent
pt,educação,en,education,transparent
pt,efectividade,en,effectiveness,altered
pt,efeito,en,effect,transparent
pt,efetivamente,en,effectively,transparent
pt,efetivo,en,effective,altered
pt,eficiente,en,efficient,transparent
pt,eficientemente,en,efficiently,transparent
pt,eficiência,en,efficiency,transparent
pt,eficácia,en,efficacy,transparent
pt,efêmero,en,ephemeral,altered
pt,efígie,en,effigy,transparent
pt,egeu,en,aegean,altered
pt,ego,en,ego,transparent
pt,egípcio,en,egyptian,altered
pt,ejacular,en,ejaculate,transparent
pt,ejetar,en,eject,transparent
pt,ejeção,en,ejection,transparent
pt,elaboradamente,en,elaborately,transparent
pt,elaborar,en,elaborate,transparent
pt,elaboração,en,elaboration,transparent
pt,elasticidade,en,elasticity,transparent
pt,elefante,en,elephant,transparent
pt,elegante,en,elegant,transparent
pt,elegantemente,en,elegantly,transparent
pt,eleger,en,elect,altered
pt,elegia,en,elegy,transparent
pt,elegibilidade,en,eligibility,transparent
pt,elegância,en,elegance,transparent
pt,elegível,en,eligible,transparent
pt,eleitor,en,elector,altered
pt,eleitorado,en,electorate,altered
pt,eleitoral,en,electoral,altered
pt,eleição,en,election,transparent
pt,elemental,en,elemental,transparent
pt,elementar,en,elementary,transparent
pt,elemento,en,element,transparent
pt,eletivo,en,elective,transparent
pt,eletricidade,en,electricity,transparent
pt,eletricista,en,electrician,altered
pt,eletrificar,en,electrify,transparent
pt,eletrificação,en,electrification,altered
pt,eletro,en,electro,transparent
pt,eletrocução,en,electrocution,altered
pt,eletrodo,en,electrode,altered
pt,eletromagnético,en,electromagnetic,transparent
pt,eletronicamente,en,electronically,altered
pt,eletroquímico,en,electrochemical,altered
pt,eletrostático,en,electrostatic,altered
pt,eletrão,en,electron,transparent
pt,eletrólise,en,electrolysis,altered
pt,eletrônico,en,electronic,altered
pt,elevador,en,elevator,transparent
pt,elevar,en,elevate,transparent
pt,elevação,en,elevation,transparent
pt,eliminar,en,eliminate,transparent
pt,eliminação,en,elimination,transparent
pt,elipse,en,ellipse,transparent
pt,elite,en,elite,transparent
pt,elitismo,en,elitism,transparent
pt,elixir,en,elixir,transparent
pt,elogio,en,eulogy,altered
pt,eloquente,en,eloquent,transparent
pt,elucidar,en,elucidate,transparent
pt,elusivo,en,elusive,transparent
pt,elástico,en,elastic,transparent
pt,elétrico,en,electric,transparent
pt,elíptico,en,elliptical,transparent
pt,emanar,en,emanate,transparent
pt,emancipar,en,emancipate,transparent
pt,emancipação,en,emancipation,transparent
pt,embaixador,en,ambassador,transparent
pt,embaixar,en,embassy,altered
pt,embalsamar,en,embalm,transparent
pt,embarcar,en,embark,transparent
pt,embargo,en,embargo,transparent
pt,emblemar,en,emblem,transparent
pt,emblemático,en,emblematic,transparent
pt,embolismo,en,embolism,transparent
pt,embrionário,en,embryonic,altered
pt,embrião,en,embryo,altered
pt,emendar,en,amendment,transparent
pt,emergente,en,emergent,transparent
pt,emergir,en,emerge,transparent
pt,emergência,en,emergency,transparent
pt,emigrante,en,emigrant,transparent
pt,emigrar,en,emigrate,transparent
pt,emigração,en,emigration,transparent
pt,eminente,en,eminent,transparent
pt,eminência,en,eminence,transparent
pt,emir,en,emir,transparent
pt,emirado,en,emirate,transparent
pt,emissão,en,emission,transparent
pt,emitir,en,emit,transparent
pt,emocional,en,emotional,transparent
pt,emocionalmente,en,emotionally,transparent
pt,emojis,en,emojis,transparent
pt,emotivo,en,emotive,transparent
pt,emoção,en,emotion,transparent
pt,empatia,en,empathy,altered
pt,empobrecer,en,impoverish,altered
pt,empregar,en,employee,altered
pt,empresário,en,impresario,altered
pt,empírico,en,empirical,transparent
pt,emulador,en,emulator,transparent
pt,emular,en,emulate,transparent
pt,emulação,en,emulation,transparent
pt,emulsão,en,emulsion,altered
pt,emérito,en,emeritus,transparent
pt,encantamento,en,enchantment,transparent
pt,encantar,en,enchant,transparent
pt,encapsular,en,encapsulate,transparent
pt,encarnação,en,incarnation,altered
pt,encefalite,en,encephalitis,transparent
pt,encefalopatia,en,encephalopathy,transparent
pt,enciclopédia,en,encyclopedia,transparent
pt,enclave,en,enclave,transparent
pt,encontro,en,encounter,transparent
pt,encriptação,en,encryption,transparent
pt,endocrinologia,en,endocrinology,transparent
pt,endometriose,en,endometriosis,transparent
pt,endorfina,en,endorphin,transparent
pt,endoscopia,en,endoscopy,altered
pt,endosso,en,endorsement,transparent
pt,endotelial,en,endothelial,transparent
pt,endurecer,en,endure,altered
pt,endêmico,en,endemic,transparent
pt,endócrino,en,endocrine,transparent
pt,endógeno,en,endogenous,altered
pt,enema,en,enema,transparent
pt,energia,en,energy,transparent
pt,energicamente,en,energetically,transparent
pt,energizar,en,energize,transparent
pt,energético,en,energetic,transparent
pt,enfaticamente,en,emphatically,transparent
pt,enfatizar,en,emphasize,transparent
pt,enfermaria,en,infirmary,altered
pt,enfisema,en,emphysema,altered
pt,enfático,en,emphatic,transparent
pt,engenharia,en,engineering,altered
pt,engenheiro,en,engineer,altered
pt,engenho,en,engine,altered
pt,engenhoso,en,ingenious,altered
pt,enigmar,en,enigma,transparent
pt,enigmático,en,enigmatic,transparent
pt,enorme,en,enormous,transparent
pt,enormidade,en,enormity,transparent
pt,enriquecer,en,enrich,transparent
pt,enriquecimento,en,enrichment,transparent
pt,enrolamento,en,enrollment,transparent
pt,enrolar,en,enrol,transparent
pt,ensaio,en,essay,altered
pt,entente,en,entente,transparent
pt,enterramento,en,interment,altered
pt,entidade,en,entity,transparent
pt,entomologia,en,entomology,transparent
pt,entonação,en,intonation,altered
pt,entrante,en,entrant,transparent
pt,entrar,en,enter,altered
pt,entretenimento,en,entertainment,transparent
pt,entreter,en,entertain,transparent
pt,entrevistador,en,interviewer,altered
pt,entrevistar,en,interview,altered
pt,entropia,en,entropy,transparent
pt,entusiasmo,en,enthusiasm,transparent
pt,entusiasta,en,enthusiastic,transparent
pt,enumerar,en,enumerate,transparent
pt,enumeração,en,enumeration,transparent
pt,enunciar,en,enunciate,transparent
pt,enviar,en,envoy,altered
pt,envolvente,en,envelope,altered
pt,enzima,en,enzyme,transparent
pt,epicentro,en,epicenter,transparent
pt,epidemiar,en,epidemic,altered
pt,epidemiologia,en,epidemiology,transparent
pt,epidemiologista,en,epidemiologist,altered
pt,epidemiológico,en,epidemiological,transparent
pt,epiderme,en,epidermis,altered
pt,epidural,en,epidural,transparent
pt,epidérmico,en,epidermal,altered
pt,epifania,en,epiphany,altered
pt,epilepsia,en,epilepsy,altered
pt,epinefrina,en,epinephrine,altered
pt,episcopal,en,episcopalian,transparent
pt,episódico,en,episodic,transparent
pt,episódio,en,episode,transparent
pt,epitelial,en,epithelial,transparent
pt,epitáfio,en,epitaph,altered
pt,epitélio,en,epithelium,altered
pt,epílogo,en,epilogue,transparent
pt,epíteto,en,epithet,transparent
pt,epítome,en,epitome,transparent
pt,epóxi,en,epoxy,altered
pt,equador,en,equator,altered
pt,equalizador,en,equalizer,transparent
pt,equalização,en,equalization,transparent
pt,equatorial,en,equatorial,transparent
pt,equação,en,equation,transparent
pt,equestre,en,equestrian,altered
pt,equidade,en,equity,transparent
pt,equilíbrio,en,equilibrium,transparent
pt,equino,en,equine,transparent
pt,equinócio,en,equinox,transparent
pt,equipamento,en,equipment,transparent
pt,equipar,en,equip,transparent
pt,equitativo,en,equitable,altered
pt,equivalente,en,equivalent,transparent
pt,equivalência,en,equivalence,transparent
pt,ereto,en,erect,altered
pt,ereção,en,erection,transparent
pt,ergonomia,en,ergonomics,transparent
pt,ergonômico,en,ergonomic,altered
pt,erin,en,erin,transparent
pt,erodir,en,erode,transparent
pt,eros,en,eros,transparent
pt,erosão,en,erosion,transparent
pt,erradicar,en,eradicate,transparent
pt,erradicação,en,eradication,transparent
pt,errante,en,errant,transparent
pt,errar,en,err,transparent
pt,erro,en,error,altered
pt,errático,en,erratic,transparent
pt,erróneo,en,erroneous,transparent
pt,erudito,en,erudite,transparent
pt,erupção,en,eruption,transparent
pt,erva,en,herb,altered
pt,erétil,en,erectile,transparent
pt,erótico,en,erotic,transparent
pt,escalabilidade,en,scalability,transparent
pt,escalar,en,scale,altered
pt,escamoso,en,squamous,altered
pt,escandinavo,en,scandinavian,altered
pt,escandinávia,en,scandinavia,transparent
pt,escapar,en,escape,transparent
pt,escavador,en,excavator,altered
pt,escavar,en,excavate,altered
pt,escavação,en,excavation,transparent
pt,esclerose,en,sclerosis,altered
pt,escola,en,school,altered
pt,escoltar,en,escort,altered
pt,escolástico,en,scholastic,transparent
pt,escorpião,en,scorpion,transparent
pt,escoteiro,en,scout,altered
pt,escriba,en,scribe,altered
pt,escritor,en,writer,transparent
pt,escriturar,en,scripture,transparent
pt,escroto,en,scrotum,transparent
pt,escrutinar,en,scrutinize,transparent
pt,escrutínio,en,scrutiny,altered
pt,escrúpulo,en,scruple,altered
pt,esculpir,en,sculpt,altered
pt,escultor,en,sculptor,altered
pt,escultural,en,sculptural,transparent
pt,esculturar,en,sculpture,altered
pt,escândalo,en,scandal,transparent
pt,esfera,en,sphere,transparent
pt,esfinge,en,sphinx,altered
pt,esforço,en,effort,altered
pt,esférico,en,spherical,altered
pt,esfíncter,en,sphincter,altered
pt,eslavo,en,slavic,altered
pt,eslováquia,en,slovakia,altered
pt,esmeralda,en,emerald,altered
pt,esnobe,en,snob,altered
pt,esotérico,en,esoteric,transparent
pt,espacial,en,spatial,transparent
pt,espacialmente,en,spatially,transparent
pt,espaguete,en,spaghetti,altered
pt,espanhol,en,spanish,altered
pt,espargo,en,asparagus,altered
pt,espartano,en,spartan,altered
pt,espasmo,en,spasm,transparent
pt,espaçador,en,spacer,altered
pt,espaço,en,space,transparent
pt,especial,en,special,transparent
pt,especialidade,en,specialty,altered
pt,especialista,en,specialist,transparent
pt,especializar,en,specialize,altered
pt,especialização,en,specialization,transparent
pt,especialmente,en,specially,altered
pt,especificamente,en,specifically,transparent
pt,especificar,en,specify,transparent
pt,especificação,en,specification,transparent
pt,especificidade,en,specificity,transparent
pt,espectador,en,spectator,transparent
pt,espectral,en,spectral,transparent
pt,espectro,en,spectrum,altered
pt,espectroscopia,en,spectroscopy,transparent
pt,espectrômetro,en,spectrometer,transparent
pt,especulador,en,speculator,transparent
pt,especular,en,speculate,transparent
pt,especulativo,en,speculative,transparent
pt,especulação,en,speculation,transparent
pt,específico,en,specific,transparent
pt,esperanto,en,esperanto,transparent
pt,esperma,en,sperm,transparent
pt,espetacular,en,spectacular,altered
pt,espetáculo,en,spectacle,altered
pt,espinafre,en,spinach,altered
pt,espinal,en,spinal,transparent
pt,espinhar,en,spine,transparent
pt,espionagem,en,espionage,altered
pt,espiral,en,spiral,transparent
pt,espiritual,en,spiritual,transparent
pt,espiritualidade,en,spirituality,transparent
pt,esplanada,en,esplanade,transparent
pt,esplendor,en,splendor,transparent
pt,esplêndido,en,splendid,transparent
pt,esponjoso,en,spongy,altered
pt,espontaneamente,en,spontaneously,transparent
pt,espontaneidade,en,spontaneity,transparent
pt,espontâneo,en,spontaneous,transparent
pt,esporo,en,spore,altered
pt,esporádico,en,sporadic,altered
pt,esposar,en,espouse,altered
pt,espresso,en,espresso,transparent
pt,espátula,en,spatula,altered
pt,espécie,en,species,transparent
pt,espécime,en,specimen,altered
pt,espírito,en,spirit,altered
pt,esquadrar,en,square,altered
pt,esquadrão,en,squadron,transparent
pt,esqueleto,en,skeleton,transparent
pt,esquelético,en,skeletal,altered
pt,esquema,en,scheme,transparent
pt,esquemático,en,schematic,altered
pt,esqui,en,ski,transparent
pt,esquizofrenia,en,schizophrenia,transparent
pt,esquizofrênico,en,schizophrenic,altered
pt,essencial,en,essential,transparent
pt,essencialmente,en,essentially,transparent
pt,essência,en,essence,transparent
pt,estabelecer,en,establish,altered
pt,estabelecimento,en,establishment,transparent
pt,estabilidade,en,stability,transparent
pt,estabilizador,en,stabilizer,transparent
pt,estabilizar,en,stabilize,transparent
pt,estabilização,en,stabilization,transparent
pt,estacionário,en,stationary,transparent
pt,estagnar,en,stagnant,altered
pt,estagnação,en,stagnation,transparent
pt,estalar,en,stale,transparent
pt,estalinista,en,stalinist,altered
pt,estame,en,stamen,altered
pt,estampar,en,stamp,transparent
pt,estase,en,stasis,altered
pt,estatal,en,stately,altered
pt,estatina,en,statin,altered
pt,estatista,en,statist,transparent
pt,estatisticamente,en,statistically,transparent
pt,estator,en,stator,altered
pt,estatueta,en,statuette,altered
pt,estatura,en,stature,transparent
pt,estatuto,en,statute,transparent
pt,estatutário,en,statutory,transparent
pt,estatístico,en,statistic,transparent
pt,estação,en,station,transparent
pt,estelar,en,stellar,transparent
pt,estender,en,extend,altered
pt,estenose,en,stenosis,altered
pt,estepe,en,steppe,altered
pt,estereótipo,en,stereotype,transparent
pt,esterilizar,en,sterilize,transparent
pt,esterilização,en,sterilization,transparent
pt,esterno,en,sternum,altered
pt,esteroide,en,steroid,transparent
pt,esteticamente,en,aesthetically,altered
pt,estetoscópio,en,stethoscope,altered
pt,estigma,en,stigma,transparent
pt,estigmatizar,en,stigmatize,altered
pt,estilete,en,stiletto,altered
pt,estilista,en,stylist,transparent
pt,estilisticamente,en,stylistically,altered
pt,estilizar,en,stylize,transparent
pt,estilo,en,style,transparent
pt,estilístico,en,stylistic,transparent
pt,estimador,en,estimator,transparent
pt,estimar,en,estimate,transparent
pt,estimação,en,estimation,transparent
pt,estimulante,en,stimulant,transparent
pt,estimular,en,stimulate,transparent
pt,estimulação,en,stimulation,transparent
pt,estipular,en,stipulate,altered
pt,estipulação,en,stipulation,transparent
pt,estipêndio,en,stipend,transparent
pt,estocástico,en,stochastic,transparent
pt,estoicismo,en,stoicism,transparent
pt,estoico,en,stoic,transparent
pt,estradiol,en,estradiol,transparent
pt,estrangular,en,strangle,transparent
pt,estrangulação,en,strangulation,transparent
pt,estranhamente,en,strangely,altered
pt,estranhar,en,estrange,altered
pt,estranheza,en,strangeness,altered
pt,estranho,en,extraneous,altered
pt,estrategicamente,en,strategically,transparent
pt,estratego,en,strategist,altered
pt,estratificação,en,stratification,transparent
pt,estratigrafia,en,stratigraphy,transparent
pt,estrato,en,stratum,altered
pt,estratosfera,en,stratosphere,transparent
pt,estratosférico,en,stratospheric,altered
pt,estratégia,en,strategy,transparent
pt,estratégico,en,strategic,transparent
pt,estreito,en,strait,altered
pt,estreptococo,en,streptococcus,altered
pt,estressante,en,stressful,altered
pt,estresse,en,stress,transparent
pt,estressor,en,stressor,transparent
pt,estritamente,en,strictly,transparent
pt,estrito,en,strict,altered
pt,estrogênio,en,estrogen,altered
pt,estrutural,en,structural,transparent
pt,estruturar,en,structure,transparent
pt,estrôncio,en,strontium,altered
pt,estudante,en,student,transparent
pt,estudo,en,study,transparent
pt,estupendo,en,stupendous,transparent
pt,estupidamente,en,stupidly,transparent
pt,estupidez,en,stupidity,transparent
pt,estupor,en,stupor,altered
pt,estuque,en,stucco,altered
pt,estuário,en,estuary,transparent
pt,estádio,en,stadium,altered
pt,estático,en,static,transparent
pt,estátua,en,statue,transparent
pt,estável,en,stable,transparent
pt,estância,en,stanza,altered
pt,estéreo,en,stereo,altered
pt,estéril,en,sterile,transparent
pt,estético,en,aesthetic,transparent
pt,estêncil,en,stencil,altered
pt,estímulo,en,stimulus,transparent
pt,estômago,en,stomach,transparent
pt,estúdio,en,studio,transparent
pt,estúpido,en,stupid,transparent
pt,esôfago,en,esophagus,altered
pt,etanol,en,ethanol,transparent
pt,etc,en,etcetera,altered
pt,eternidade,en,eternity,transparent
pt,eterno,en,eternal,transparent
pt,ethernet,en,ethernet,transparent
pt,ethos,en,ethos,transparent
pt,eticamente,en,ethically,transparent
pt,etilo,en,ethyl,altered
pt,etimologia,en,etymology,transparent
pt,etiologia,en,etiology,transparent
pt,etiquetar,en,etiquette,transparent
pt,etnicamente,en,ethnically,transparent
pt,etnicidade,en,ethnicity,transparent
pt,etno,en,ethno,transparent
pt,etnográfico,en,ethnographic,transparent
pt,etéreo,en,ethereal,transparent
pt,eucaristia,en,eucharist,transparent
pt,eucariótico,en,eukaryotic,transparent
pt,euclidiano,en,euclidean,transparent
pt,eufemismo,en,euphemism,transparent
pt,euforia,en,euphoria,transparent
pt,eufórico,en,euphoric,transparent
pt,eugenia,en,eugenics,altered
pt,eunuco,en,eunuch,transparent
pt,eureka,en,eureka,transparent
pt,euro,en,euro,transparent
pt,europeu,en,european,altered
pt,eurovisão,en,eurovision,transparent
pt,eurozona,en,eurozone,transparent
pt,eutanásia,en,euthanasia,altered
pt,evacuar,en,evacuate,transparent
pt,evacuação,en,evacuation,transparent
pt,evadir,en,evade,transparent
pt,evangelismo,en,evangelism,transparent
pt,evangelista,en,evangelist,transparent
pt,evangelizar,en,evangelize,transparent
pt,evangélico,en,evangelical,transparent
pt,evaporar,en,evaporate,transparent
pt,evaporação,en,evaporation,transparent
pt,evasivo,en,evasive,transparent
pt,evasão,en,evasion,transparent
pt,evento,en,event,transparent
pt,eventualidade,en,eventuality,transparent
pt,eventualmente,en,eventually,transparent
pt,evidente,en,evident,transparent
pt,evidentemente,en,evidently,transparent
pt,evidência,en,evidence,transparent
pt,evocar,en,evoke,altered
pt,evocação,en,evocation,transparent
pt,evoluir,en,evolve,transparent
pt,evolutivo,en,evolutionary,altered
pt,evolução,en,evolution,transparent
pt,exacerbar,en,exacerbate,altered
pt,exagerar,en,exaggerate,transparent
pt,exageração,en,exaggeration,transparent
pt,exalar,en,exhale,transparent
pt,exaltar,en,exalt,transparent
pt,exame,en,exam,transparent
pt,examinador,en,examiner,transparent
pt,examinar,en,examine,transparent
pt,examinação,en,examination,transparent
pt,exatamente,en,exactly,altered
pt,exato,en,exact,altered
pt,exaurir,en,exhaust,altered
pt,exaustão,en,exhaustion,altered
pt,exceder,en,exceed,transparent
pt,excelente,en,excellent,transparent
pt,excelência,en,excellence,transparent
pt,excentricidade,en,eccentricity,altered
pt,excepcional,en,exceptional,transparent
pt,excepcionalmente,en,exceptionally,transparent
pt,excerto,en,excerpt,altered
pt,excessivamente,en,excessively,transparent
pt,excessivo,en,excessive,transparent
pt,excesso,en,excess,transparent
pt,exceto,en,except,transparent
pt,exceção,en,exception,transparent
pt,excisão,en,excise,altered
pt,excitar,en,excite,transparent
pt,excitação,en,excitation,transparent
pt,excitável,en,excitable,transparent
pt,exclamar,en,exclaim,altered
pt,exclamação,en,exclamation,transparent
pt,excludente,en,exclusionary,altered
pt,excluir,en,exclude,transparent
pt,exclusivamente,en,exclusively,transparent
pt,exclusividade,en,exclusivity,transparent
pt,exclusivo,en,exclusive,transparent
pt,exclusão,en,exclusion,transparent
pt,excomungar,en,excommunicate,altered
pt,excomunhão,en,excommunication,altered
pt,excremento,en,excrement,transparent
pt,excretar,en,excrete,transparent
pt,excreção,en,excretion,altered
pt,excursão,en,excursion,transparent
pt,excêntrico,en,eccentric,transparent
pt,executar,en,execute,transparent
pt,executivo,en,executive,transparent
pt,executor,en,executor,transparent
pt,executável,en,executable,altered
pt,execução,en,execution,transparent
pt,exegese,en,exegesis,altered
pt,exemplar,en,exemplary,transparent
pt,exemplificar,en,exemplify,altered
pt,exemplo,en,example,altered
pt,exercício,en,exercise,altered
pt,exibidor,en,exhibitor,altered
pt,exibir,en,exhibit,transparent
pt,exibição,en,exhibition,transparent
pt,existencial,en,existential,transparent
pt,existencialismo,en,existentialism,transparent
pt,existente,en,existent,transparent
pt,existir,en,exist,transparent
pt,existência,en,existence,transparent
pt,exonerar,en,exonerate,transparent
pt,exorcismo,en,exorcism,transparent
pt,exorcista,en,exorcist,transparent
pt,exorcizar,en,exorcise,altered
pt,exortar,en,exhort,altered
pt,exortação,en,exhortation,altered
pt,expandir,en,expand,transparent
pt,expansivo,en,expansive,transparent
pt,expansão,en,expansion,transparent
pt,expectativa,en,expectation,altered
pt,expedicionário,en,expeditionary,transparent
pt,expediente,en,expedient,transparent
pt,expedir,en,expedite,altered
pt,expedição,en,expedition,transparent
pt,experiencial,en,experiential,transparent
pt,experimentador,en,experimenter,transparent
pt,experimental,en,experimental,transparent
pt,experimentação,en,experimentation,transparent
pt,experimento,en,experiment,altered
pt,experiência,en,experience,transparent
pt,experto,en,expert,transparent
pt,expirar,en,expire,transparent
pt,expiração,en,expiration,transparent
pt,explicação,en,explanation,transparent
pt,explicitamente,en,explicitly,transparent
pt,explodir,en,explode,altered
pt,explorador,en,explorer,transparent
pt,explorar,en,explore,altered
pt,exploratório,en,exploratory,transparent
pt,exploração,en,exploit,altered
pt,explosivo,en,explosive,transparent
pt,explosão,en,explosion,transparent
pt,explícito,en,explicit,transparent
pt,expo,en,expo,transparent
pt,expoente,en,exponent,transparent
pt,exponencial,en,exponential,transparent
pt,exponencialmente,en,exponentially,transparent
pt,expor,en,expose,transparent
pt,exportador,en,exporter,transparent
pt,exportar,en,export,transparent
pt,exposição,en,exposure,transparent
pt,expressar,en,express,transparent
pt,expressionista,en,expressionist,transparent
pt,expressivo,en,expressive,transparent
pt,expressão,en,expression,transparent
pt,expropriação,en,expropriation,transparent
pt,expulsar,en,expel,altered
pt,expulsão,en,expulsion,transparent
pt,extenso,en,extensive,transparent
pt,extensão,en,extension,transparent
pt,exterior,en,exterior,transparent
pt,exterminador,en,exterminator,transparent
pt,exterminar,en,exterminate,transparent
pt,exterminação,en,extermination,transparent
pt,externalidade,en,externality,transparent
pt,externamente,en,externally,transparent
pt,externo,en,external,altered
pt,extinguir,en,extinguish,transparent
pt,extinto,en,extinct,transparent
pt,extinção,en,extinction,transparent
pt,extorsão,en,extortion,transparent
pt,extra,en,extra,transparent
pt,extracelular,en,extracellular,transparent
pt,extracurricular,en,extracurricular,transparent
pt,extraditar,en,extradite,transparent
pt,extradição,en,extradition,transparent
pt,extrajudicial,en,extrajudicial,transparent
pt,extraordinário,en,extraordinary,altered
pt,extrapolar,en,extrapolate,transparent
pt,extrapolação,en,extrapolation,transparent
pt,extratar,en,extract,altered
pt,extraterrestre,en,extraterrestrial,transparent
pt,extravagante,en,extravagant,transparent
pt,extravagância,en,extravaganza,transparent
pt,extração,en,extraction,transparent
pt,extremamente,en,extremely,transparent
pt,extremidade,en,extremity,transparent
pt,extremismo,en,extremism,transparent
pt,extremista,en,extremist,transparent
pt,extremo,en,extreme,transparent
pt,extrovertido,en,extrovert,altered
pt,extrínseco,en,extrinsic,transparent
pt,extático,en,ecstatic,altered
pt,exuberante,en,exuberant,transparent
pt,exuberância,en,exuberance,transparent
pt,exumar,en,exhume,altered
pt,exílio,en,exile,transparent
pt,exógeno,en,exogenous,transparent
pt,exótico,en,exotic,transparent
pt,eyeliner,en,eyeliner,transparent
pt,fabricar,en,fabricate,transparent
pt,fabricação,en,fabrication,transparent
pt,fabulosamente,en,fabulously,transparent
pt,fabuloso,en,fabulous,transparent
pt,fachada,en,facade,altered
pt,facial,en,facial,transparent
pt,facilidade,en,facility,transparent
pt,facilitador,en,facilitator,transparent
pt,facilitar,en,facilitate,transparent
pt,facilitação,en,facilitation,transparent
pt,factual,en,factual,transparent
pt,faculdade,en,faculty,altered
pt,facção,en,faction,transparent
pt,fadigar,en,fatigue,altered
pt,fado,en,fate,altered
pt,falange,en,phalanx,altered
pt,falcão,en,falcon,altered
pt,falhar,en,fail,transparent
pt,falsamente,en,falsely,altered
pt,falsete,en,falsetto,altered
pt,falsificar,en,falsify,transparent
pt,falso,en,false,transparent
pt,falácia,en,fallacy,transparent
pt,fama,en,fame,transparent
pt,familiar,en,familiar,transparent
pt,familiaridade,en,familiarity,transparent
pt,famoso,en,famous,transparent
pt,família,en,family,transparent
pt,fanatismo,en,fanaticism,altered
pt,fandango,en,fandango,transparent
pt,fandom,en,fandom,transparent
pt,fanfarra,en,fanfare,transparent
pt,fantasiar,en,fantasy,transparent
pt,fantasma,en,phantom,altered
pt,fantasticamente,en,fantastically,transparent
pt,fantástico,en,fantastic,transparent
pt,fanático,en,fanatic,transparent
pt,faraó,en,pharaoh,altered
pt,farinha,en,farina,altered
pt,fariseu,en,pharisee,altered
pt,farma,en,pharma,altered
pt,farmacologia,en,pharmacology,altered
pt,farmacêutico,en,pharmaceutical,altered
pt,farmácia,en,pharmacy,transparent
pt,farsa,en,farce,altered
pt,fascinar,en,fascinate,transparent
pt,fascinação,en,fascination,transparent
pt,fascismo,en,fascism,transparent
pt,fascista,en,fascist,transparent
pt,fase,en,phase,transparent
pt,fatal,en,fatal,transparent
pt,fatalidade,en,fatality,transparent
pt,fatalmente,en,fatally,transparent
pt,fato,en,fact,transparent
pt,fator,en,factor,altered
pt,fauna,en,fauna,transparent
pt,favor,en,favor,transparent
pt,favoravelmente,en,favorably,transparent
pt,favoritismo,en,favoritism,transparent
pt,favorito,en,favourite,transparent
pt,favorável,en,favourable,transparent
pt,fax,en,fax,transparent
pt,febre,en,fever,altered
pt,federal,en,federal,transparent
pt,federalismo,en,federalism,transparent
pt,federalista,en,federalist,transparent
pt,federação,en,federation,transparent
pt,feedback,en,feedback,transparent
pt,felicidade,en,felicity,altered
pt,felino,en,feline,transparent
pt,feminilidade,en,femininity,transparent
pt,feminino,en,feminine,altered
pt,feminismo,en,feminism,transparent
pt,feminista,en,feminist,transparent
pt,fenomenal,en,phenomenal,transparent
pt,fenomenalmente,en,phenomenally,altered
pt,fenomenologia,en,phenomenology,altered
pt,fenótipo,en,phenotype,transparent
pt,fenômeno,en,phenomenon,transparent
pt,feral,en,feral,transparent
pt,fermentação,en,fermentation,transparent
pt,fermento,en,ferment,transparent
pt,ferocidade,en,ferocity,transparent
pt,feromona,en,pheromone,altered
pt,feroz,en,ferocious,altered
pt,ferrari,en,ferrari,transparent
pt,ferro,en,ferro,transparent
pt,fertilidade,en,fertility,transparent
pt,fertilizar,en,fertilize,transparent
pt,fertilização,en,fertilization,transparent
pt,fervente,en,fervent,transparent
pt,fervor,en,fervor,transparent
pt,festar,en,fiesta,altered
pt,festival,en,festival,transparent
pt,festividade,en,festivity,altered
pt,festivo,en,festive,transparent
pt,feta,en,feta,transparent
pt,fetal,en,fetal,transparent
pt,fetiche,en,fetish,transparent
pt,feto,en,fetus,transparent
pt,feudal,en,feudal,transparent
pt,feudalismo,en,feudalism,transparent
pt,feudo,en,feud,altered
pt,fiasco,en,fiasco,transparent
pt,fibra,en,fiber,altered
pt,fibrilação,en,fibrillation,transparent
pt,fibroblasto,en,fibroblast,transparent
pt,fibromialgia,en,fibromyalgia,altered
pt,fibrose,en,fibrosis,altered
pt,fibroso,en,fibrous,transparent
pt,ficcional,en,fictional,transparent
pt,fictício,en,fictitious,transparent
pt,ficção,en,fiction,transparent
pt,fidelidade,en,fidelity,transparent
pt,fiduciário,en,fiduciary,transparent
pt,figurar,en,figure,transparent
pt,figurativamente,en,figuratively,transparent
pt,figurativo,en,figurative,transparent
pt,filamento,en,filament,transparent
pt,filantropia,en,philanthropy,transparent
pt,filantropo,en,philanthropist,transparent
pt,filantrópico,en,philanthropic,altered
pt,filete,en,filet,transparent
pt,filial,en,filial,transparent
pt,filipino,en,filipino,transparent
pt,filme,en,film,altered
pt,filogenético,en,phylogenetic,altered
pt,filologia,en,philology,altered
pt,filosofia,en,philosophy,transparent
pt,filosoficamente,en,philosophically,transparent
pt,filosófico,en,philosophical,transparent
pt,filtração,en,filtration,altered
pt,filtro,en,filter,transparent
pt,filé,en,fillet,altered
pt,filósofo,en,philosopher,altered
pt,fim,en,fin,transparent
pt,final,en,final,transparent
pt,finalidade,en,finality,transparent
pt,finalista,en,finalist,transparent
pt,finalizar,en,finalize,transparent
pt,finalmente,en,finally,transparent
pt,financeiramente,en,financially,transparent
pt,financeiro,en,financial,transparent
pt,financiamento,en,financing,transparent
pt,finança,en,finance,transparent
pt,fineza,en,finesse,altered
pt,fingimento,en,feint,altered
pt,fiorde,en,fjord,altered
pt,firme,en,firm,transparent
pt,firmware,en,firmware,transparent
pt,fiscal,en,fiscal,transparent
pt,fisicamente,en,physically,altered
pt,fisio,en,physio,transparent
pt,fisiologia,en,physiology,transparent
pt,fisiologicamente,en,physiologically,altered
pt,fisiologista,en,physiologist,transparent
pt,fisiológico,en,physiological,transparent
pt,fisioterapia,en,physiotherapy,altered
pt,fissão,en,fission,transparent
pt,fixar,en,fixate,transparent
pt,fixação,en,fixture,altered
pt,flake,en,flake,transparent
pt,flamboyant,en,flamboyant,transparent
pt,flamengo,en,flamenco,altered
pt,flamingo,en,flamingo,transparent
pt,flanela,en,flannel,altered
pt,flexibilidade,en,flexibility,transparent
pt,flexor,en,flexor,transparent
pt,flexão,en,flexion,transparent
pt,flexível,en,flexible,transparent
pt,floral,en,floral,transparent
pt,florentino,en,florentine,transparent
pt,florescer,en,flourish,altered
pt,florestar,en,forest,altered
pt,florir,en,flora,transparent
pt,florista,en,florist,transparent
pt,flotação,en,flotation,transparent
pt,flotilha,en,flotilla,altered
pt,fluente,en,fluent,transparent
pt,fluidez,en,fluidity,transparent
pt,fluido,en,fluid,transparent
pt,fluorescente,en,fluorescent,transparent
pt,fluorescência,en,fluorescence,transparent
pt,fluoreto,en,fluoride,transparent
pt,flutuação,en,fluctuation,altered
pt,fluxo,en,flux,altered
pt,fluência,en,fluency,transparent
pt,flúor,en,fluorine,altered
pt,fobia,en,phobia,altered
pt,focal,en,focal,transparent
pt,foco,en,focus,altered
pt,foguete,en,rocket,transparent
pt,folato,en,folate,transparent
pt,folclore,en,folklore,transparent
pt,folder,en,folder,transparent
pt,folículo,en,follicle,transparent
pt,fomentar,en,foment,transparent
pt,fone,en,phone,altered
pt,fonema,en,phoneme,transparent
pt,fonologia,en,phonology,transparent
pt,fonológico,en,phonological,altered
pt,fonte,en,fountain,altered
pt,fonético,en,phonetic,transparent
pt,fonógrafo,en,phonograph,transparent
pt,forense,en,forensic,transparent
pt,forex,en,forex,transparent
pt,forjar,en,forge,altered
pt,formal,en,formal,transparent
pt,formaldeído,en,formaldehyde,transparent
pt,formalidade,en,formality,transparent
pt,formalismo,en,formalism,altered
pt,formalizar,en,formalize,transparent
pt,formar,en,form,transparent
pt,formativo,en,formative,transparent
pt,formato,en,format,transparent
pt,formação,en,formation,transparent
pt,formular,en,formulate,transparent
pt,formulação,en,formulation,transparent
pt,formulário,en,formulaic,altered
pt,fornicação,en,fornication,transparent
pt,forquilha,en,fork,altered
pt,forragem,en,forage,transparent
pt,forte,en,fort,transparent
pt,fortificação,en,fortification,transparent
pt,fortuito,en,fortuitous,transparent
pt,fortuna,en,fortune,transparent
pt,forçar,en,force,altered
pt,fosfatase,en,phosphatase,altered
pt,fosfato,en,phosphate,transparent
pt,fosforilação,en,phosphorylation,altered
pt,foto,en,photo,transparent
pt,fotocópia,en,photocopy,transparent
pt,fotografia,en,photograph,altered
pt,fotográfico,en,photographic,transparent
pt,fotogênico,en,photogenic,transparent
pt,fotossintético,en,photosynthetic,altered
pt,fotossíntese,en,photosynthesis,altered
pt,fotógrafo,en,photographer,transparent
pt,fracionário,en,fractional,altered
pt,fractal,en,fractal,transparent
pt,frade,en,friar,altered
pt,fragata,en,frigate,altered
pt,fragilidade,en,fragility,transparent
pt,fragmentação,en,fragmentation,transparent
pt,fragmento,en,fragment,transparent
pt,fragrante,en,fragrant,transparent
pt,fragrância,en,fragrance,transparent
pt,franciscano,en,franciscan,transparent
pt,franco,en,franc,transparent
pt,frankfurter,en,frankfurter,transparent
pt,franquiar,en,franchise,transparent
pt,frança,en,france,altered
pt,frase,en,phrase,transparent
pt,fraternal,en,fraternal,transparent
pt,fraternidade,en,fraternity,transparent
pt,fraturar,en,fracture,altered
pt,fraude,en,fraud,transparent
pt,fraudulento,en,fraudulent,transparent
pt,fração,en,fraction,altered
pt,freelancer,en,freelance,altered
pt,freezer,en,freezer,transparent
pt,frenético,en,frantic,altered
pt,frequente,en,frequent,transparent
pt,frequentemente,en,frequently,transparent
pt,frequência,en,frequency,transparent
pt,fresco,en,fresco,transparent
pt,fricção,en,friction,transparent
pt,friso,en,frieze,altered
pt,frontal,en,frontal,transparent
pt,frugal,en,frugal,transparent
pt,fruição,en,fruition,transparent
pt,frustrar,en,frustrate,transparent
pt,frustração,en,frustration,altered
pt,frutar,en,fruit,transparent
pt,frutose,en,fructose,altered
pt,frágil,en,fragile,transparent
pt,frígido,en,frigid,transparent
pt,frívolo,en,frivolous,transparent
pt,fuga,en,fugue,altered
pt,fugitivo,en,fugitive,transparent
pt,fumo,en,fume,transparent
pt,funcional,en,functional,transparent
pt,funcionalidade,en,functionality,transparent
pt,fundacional,en,foundational,altered
pt,fundador,en,founder,altered
pt,fundamental,en,fundamental,transparent
pt,fundamentalismo,en,fundamentalism,transparent
pt,fundamentalista,en,fundamentalist,transparent
pt,fundamentalmente,en,fundamentally,transparent
pt,fundação,en,foundation,transparent
pt,fundição,en,foundry,altered
pt,fundos,en,funding,altered
pt,funeral,en,funeral,transparent
pt,fungicida,en,fungicide,transparent
pt,fungo,en,fungus,transparent
pt,função,en,function,altered
pt,furacão,en,hurricane,altered
pt,furioso,en,furious,transparent
pt,fuselagem,en,fuselage,transparent
pt,fusão,en,fusion,transparent
pt,futilidade,en,futility,transparent
pt,futsal,en,futsal,transparent
pt,futurista,en,futuristic,altered
pt,futuro,en,future,transparent
pt,fuzileiro,en,fusilier,altered
pt,fábrica,en,factory,altered
pt,fácil,en,facile,transparent
pt,fálico,en,phallic,altered
pt,fáscia,en,fascia,transparent
pt,fã,en,fan,altered
pt,férreo,en,ferrous,altered
pt,fértil,en,fertile,transparent
pt,fêmur,en,femur,transparent
pt,fíbula,en,fibula,transparent
pt,físico,en,physical,transparent
pt,fístula,en,fistula,transparent
pt,fólico,en,folic,transparent
pt,fólio,en,folio,transparent
pt,fórceps,en,forceps,transparent
pt,fórmula,en,formula,transparent
pt,fórum,en,forum,transparent
pt,fósforo,en,phosphorus,altered
pt,fóssil,en,fossil,transparent
pt,fóton,en,photon,transparent
pt,fúcsia,en,fuchsia,altered
pt,fúria,en,fury,transparent
pt,fútil,en,futile,transparent
pt,gabinete,en,cabinet,transparent
pt,galante,en,gallant,transparent
pt,galanteria,en,gallantry,transparent
pt,galar,en,gala,transparent
pt,galena,en,galena,transparent
pt,galera,en,galley,altered
pt,galeria,en,gallery,transparent
pt,galeão,en,galleon,altered
pt,galope,en,gallop,transparent
pt,galvanizar,en,galvanize,transparent
pt,galáctico,en,galactic,transparent
pt,galáxia,en,galaxy,altered
pt,galão,en,gallon,transparent
pt,gambito,en,gambit,transparent
pt,gameplay,en,gameplay,transparent
pt,ganja,en,ganja,transparent
pt,garagem,en,garage,altered
pt,garantir,en,guarantee,transparent
pt,gargarejo,en,gargle,altered
pt,gasolina,en,gasoline,transparent
pt,gasoso,en,gaseous,altered
pt,gastro,en,gastro,transparent
pt,gastroenterologia,en,gastroenterology,transparent
pt,gastrointestinal,en,gastrointestinal,transparent
pt,gay,en,gay,transparent
pt,gazebo,en,gazebo,transparent
pt,gazela,en,gazelle,transparent
pt,gazeta,en,gazette,transparent
pt,gel,en,gel,transparent
pt,gelatina,en,gelatin,transparent
pt,geleia,en,jelly,altered
pt,gendarme,en,gendarme,transparent
pt,genealogia,en,genealogy,transparent
pt,genealógico,en,genealogical,transparent
pt,general,en,general,transparent
pt,generalidade,en,generality,transparent
pt,generalizar,en,generalize,transparent
pt,generalização,en,generalization,transparent
pt,generosidade,en,generosity,transparent
pt,generoso,en,generous,transparent
pt,geneticamente,en,genetically,transparent
pt,genial,en,genial,transparent
pt,genital,en,genital,transparent
pt,genocida,en,genocidal,transparent
pt,genocídio,en,genocide,transparent
pt,genoma,en,genome,transparent
pt,gentil,en,gentle,transparent
pt,genuíno,en,genuine,transparent
pt,genérico,en,generic,transparent
pt,genético,en,genetic,transparent
pt,genótipo,en,genotype,transparent
pt,genômica,en,genomics,transparent
pt,genômico,en,genomic,transparent
pt,geofísico,en,geophysical,transparent
pt,geografia,en,geography,transparent
pt,geograficamente,en,geographically,transparent
pt,geográfico,en,geographic,transparent
pt,geologia,en,geology,transparent
pt,geológico,en,geological,transparent
pt,geometria,en,geometry,transparent
pt,geométrico,en,geometric,transparent
pt,geopolítico,en,geopolitical,transparent
pt,geotérmico,en,geothermal,transparent
pt,geracional,en,generational,altered
pt,gerador,en,generator,altered
pt,geralmente,en,generally,altered
pt,gerar,en,generate,altered
pt,gerard,en,gerard,transparent
pt,geração,en,generation,transparent
pt,geriátrico,en,geriatric,transparent
pt,germe,en,germ,transparent
pt,germinar,en,germinate,transparent
pt,germinação,en,germination,altered
pt,germânico,en,germanic,transparent
pt,gerânio,en,geranium,transparent
pt,gestacional,en,gestational,transparent
pt,gestalt,en,gestalt,transparent
pt,gestação,en,gestation,transparent
pt,gesto,en,gesture,transparent
pt,geógrafo,en,geographer,transparent
pt,geólogo,en,geologist,transparent
pt,gibraltar,en,gibraltar,transparent
pt,gigante,en,giant,transparent
pt,gigantesco,en,gigantic,altered
pt,gim,en,gin,transparent
pt,ginasta,en,gymnast,altered
pt,ginecologia,en,gynecology,transparent
pt,ginecologista,en,gynecologist,transparent
pt,ginseng,en,ginseng,transparent
pt,ginásio,en,gymnasium,altered
pt,ginástico,en,gymnastics,altered
pt,girafa,en,giraffe,altered
pt,giro,en,giro,transparent
pt,giroscópio,en,gyroscope,altered
pt,glacial,en,glacial,transparent
pt,gladiador,en,gladiator,transparent
pt,glamour,en,glamour,transparent
pt,glandular,en,glandular,transparent
pt,glicerina,en,glycerin,transparent
pt,glicogênio,en,glycogen,transparent
pt,glicol,en,glycol,altered
pt,glicose,en,glucose,altered
pt,glifosato,en,glyphosate,altered
pt,global,en,global,transparent
pt,globalista,en,globalist,transparent
pt,globalização,en,globalization,transparent
pt,globalmente,en,globally,transparent
pt,globo,en,globe,transparent
pt,globular,en,globular,transparent
pt,glorioso,en,glorious,transparent
pt,glossário,en,glossary,transparent
pt,glutamato,en,glutamate,transparent
pt,glutationa,en,glutathione,altered
pt,glória,en,glory,altered
pt,glúten,en,gluten,transparent
pt,gnóstico,en,gnostic,transparent
pt,goiaba,en,guava,altered
pt,golfe,en,golf,altered
pt,golfista,en,golfer,transparent
pt,golias,en,goliath,transparent
pt,gongo,en,gong,altered
pt,gonorreia,en,gonorrhea,altered
pt,gorila,en,gorilla,transparent
pt,gosto,en,gusto,altered
pt,gota,en,gout,transparent
pt,gourmet,en,gourmet,transparent
pt,governador,en,governor,transparent
pt,governamental,en,governmental,transparent
pt,governanta,en,governess,altered
pt,governar,en,govern,transparent
pt,governo,en,government,transparent
pt,graal,en,grail,altered
pt,gracioso,en,graceful,altered
pt,gradação,en,gradation,transparent
pt,gradiente,en,gradient,transparent
pt,gradual,en,gradual,transparent
pt,gradualmente,en,gradually,transparent
pt,graduar,en,graduate,transparent
pt,graduação,en,graduation,transparent
pt,grafeno,en,graphene,altered
pt,graficamente,en,graphically,transparent
pt,grafite,en,graphite,transparent
pt,gramatical,en,grammatical,transparent
pt,gramaticalmente,en,grammatically,transparent
pt,gramofone,en,gramophone,altered
pt,gramático,en,grammar,transparent
pt,granadeiro,en,grenadier,altered
pt,granar,en,grenade,altered
pt,grande,en,grand,altered
pt,grandeza,en,grandeur,altered
pt,grandioso,en,grandiose,transparent
pt,granito,en,granite,transparent
pt,granola,en,granola,transparent
pt,gratidão,en,gratitude,transparent
pt,gratificar,en,gratify,transparent
pt,gratificação,en,gratification,transparent
pt,gratis,en,gratis,transparent
pt,gratuidade,en,gratuity,transparent
pt,gratuito,en,gratuitous,transparent
pt,grau,en,grade,altered
pt,grave,en,grave,transparent
pt,gravidade,en,gravity,altered
pt,gravitacional,en,gravitational,transparent
pt,gravitar,en,gravitate,transparent
pt,gravitação,en,gravitation,transparent
pt,gravura,en,engraving,altered
pt,graxo,en,grease,altered
pt,graça,en,grace,transparent
pt,greenpeace,en,greenpeace,transparent
pt,gregoriano,en,gregorian,transparent
pt,gregário,en,gregarious,transparent
pt,grelhar,en,grille,altered
pt,gripe,en,gripe,transparent
pt,groselha,en,gooseberry,altered
pt,grosseiramente,en,grossly,altered
pt,grota,en,grotto,altered
pt,grotesco,en,grotesque,altered
pt,grunge,en,grunge,transparent
pt,grupo,en,group,transparent
pt,gráfico,en,graphic,transparent
pt,guacamole,en,guacamole,transparent
pt,guano,en,guano,transparent
pt,guardião,en,guardian,transparent
pt,gueixa,en,geisha,altered
pt,guerrilhar,en,guerrilla,altered
pt,gueto,en,ghetto,altered
pt,guiar,en,guide,altered
pt,guitarra,en,guitar,transparent
pt,guitarrista,en,guitarist,transparent
pt,gumbo,en,gumbo,transparent
pt,guru,en,guru,transparent
pt,gália,en,gaul,altered
pt,gálico,en,gallic,transparent
pt,gálio,en,gallium,altered
pt,gás,en,gas,transparent
pt,gástrico,en,gastric,transparent
pt,gâmbia,en,gambia,altered
pt,gânglio,en,ganglion,altered
pt,gângster,en,gangster,transparent
pt,género,en,gender,transparent
pt,gêiser,en,geyser,altered
pt,gênero,en,genre,altered
pt,gênese,en,genesis,altered
pt,gênio,en,genius,altered
pt,gótico,en,gothic,transparent
pt,gôndola,en,gondola,altered
pt,habeas,en,habeas,transparent
pt,habilidade,en,ability,transparent
pt,habitante,en,inhabitant,transparent
pt,habitar,en,inhabit,altered
pt,habitat,en,habitat,transparent
pt,habitação,en,habitation,transparent
pt,habitual,en,habitual,transparent
pt,habitualmente,en,habitually,transparent
pt,habitável,en,habitable,transparent
pt,hacker,en,hacker,transparent
pt,haiku,en,haiku,transparent
pt,haiti,en,haiti,transparent
pt,halal,en,halal,transparent
pt,halo,en,halo,transparent
pt,halogênio,en,halogen,altered
pt,hambúrguer,en,hamburger,transparent
pt,hamster,en,hamster,transparent
pt,handicap,en,handicap,transparent
pt,hangar,en,hangar,transparent
pt,hardware,en,hardware,transparent
pt,harmonia,en,harmony,transparent
pt,harmonioso,en,harmonious,transparent
pt,harmonizar,en,harmonize,transparent
pt,harmônica,en,harmonica,transparent
pt,harmônico,en,harmonic,transparent
pt,harém,en,harem,transparent
pt,havaiano,en,hawaiian,altered
pt,havano,en,havana,transparent
pt,haxixe,en,hashish,altered
pt,hectare,en,hectare,transparent
pt,hegemonia,en,hegemony,transparent
pt,helenístico,en,hellenistic,transparent
pt,helicoidal,en,helical,transparent
pt,helicóptero,en,helicopter,transparent
pt,helénico,en,hellenic,transparent
pt,hematologia,en,hematology,transparent
pt,hematoma,en,hematoma,transparent
pt,hemisfério,en,hemisphere,transparent
pt,hemorragia,en,hemorrhage,transparent
pt,hemorroida,en,hemorrhoid,altered
pt,hena,en,henna,altered
pt,heparina,en,heparin,transparent
pt,hepatite,en,hepatitis,altered
pt,hepático,en,hepatic,transparent
pt,herança,en,inheritance,altered
pt,herbicida,en,herbicide,transparent
pt,herbáceo,en,herbaceous,transparent
pt,herbário,en,herbarium,altered
pt,hereditário,en,hereditary,transparent
pt,herege,en,heretic,altered
pt,heresia,en,heresy,transparent
pt,hermes,en,hermes,transparent
pt,heroicamente,en,heroically,transparent
pt,heroico,en,heroic,transparent
pt,heroína,en,heroin,transparent
pt,heroísmo,en,heroism,transparent
pt,hertz,en,hertz,transparent
pt,herético,en,heretical,transparent
pt,herói,en,hero,altered
pt,hesitar,en,hesitate,transparent
pt,hesitação,en,hesitation,transparent
pt,hetero,en,hetero,transparent
pt,heterogeneidade,en,heterogeneity,transparent
pt,heterogêneo,en,heterogeneous,transparent
pt,heurístico,en,heuristic,transparent
pt,hexagonal,en,hexagonal,transparent
pt,hexágono,en,hexagon,transparent
pt,hiato,en,hiatus,transparent
pt,hibernar,en,hibernate,transparent
pt,hibisco,en,hibiscus,transparent
pt,hidra,en,hydra,transparent
pt,hidrante,en,hydrant,transparent
pt,hidratar,en,hydrate,transparent
pt,hidratação,en,hydration,transparent
pt,hidro,en,hydro,transparent
pt,hidrocarboneto,en,hydrocarbon,altered
pt,hidroelétrico,en,hydroelectric,transparent
pt,hidrogênio,en,hydrogen,transparent
pt,hidrotermal,en,hydrothermal,transparent
pt,hidroxi,en,hydroxy,transparent
pt,hidroxila,en,hydroxyl,altered
pt,hidráulico,en,hydraulic,altered
pt,hidrólise,en,hydrolysis,transparent
pt,hidróxido,en,hydroxide,transparent
pt,hiena,en,hyena,altered
pt,hierarquia,en,hierarchy,transparent
pt,hierárquico,en,hierarchical,altered
pt,higiene,en,hygiene,transparent
pt,higienista,en,hygienist,transparent
pt,higiênico,en,hygienic,altered
pt,hijab,en,hijab,transparent
pt,hilariante,en,hilarious,transparent
pt,hilaridade,en,hilarity,transparent
pt,hindi,en,hindi,transparent
pt,hindu,en,hindu,transparent
pt,hino,en,hymn,altered
pt,hinterland,en,hinterland,transparent
pt,hiper,en,hyper,transparent
pt,hiperatividade,en,hyperactivity,altered
pt,hiperativo,en,hyperactive,transparent
pt,hiperbólico,en,hyperbolic,transparent
pt,hiperespaço,en,hyperspace,altered
pt,hipnose,en,hypnosis,altered
pt,hipnotizar,en,hypnotize,transparent
pt,hipnótico,en,hypnotic,transparent
pt,hipocampo,en,hippocampus,transparent
pt,hipocrisia,en,hypocrisy,transparent
pt,hipopótamo,en,hippopotamus,transparent
pt,hipotermia,en,hypothermia,transparent
pt,hipoteticamente,en,hypothetically,transparent
pt,hipotireoidismo,en,hypothyroidism,altered
pt,hipotálamo,en,hypothalamus,altered
pt,hipotético,en,hypothetical,transparent
pt,hippie,en,hippy,transparent
pt,hipsters,en,hipsters,transparent
pt,hipérbole,en,hyperbole,altered
pt,hipócrita,en,hypocrite,transparent
pt,hipótese,en,hypothesis,transparent
pt,hispânico,en,hispanic,transparent
pt,histamina,en,histamine,transparent
pt,histeria,en,hysteria,transparent
pt,histograma,en,histogram,transparent
pt,historiador,en,historian,transparent
pt,histérico,en,hysterical,altered
pt,história,en,history,transparent
pt,histórico,en,historical,transparent
pt,holandês,en,hollander,altered
pt,holding,en,holding,transparent
pt,holocausto,en,holocaust,transparent
pt,holograma,en,hologram,transparent
pt,holográfico,en,holographic,transparent
pt,holstein,en,holstein,transparent
pt,holístico,en,holistic,transparent
pt,homenagem,en,homage,altered
pt,homeopatia,en,homeopathy,transparent
pt,homeostase,en,homeostasis,altered
pt,homicida,en,homicidal,altered
pt,homicídio,en,homicide,transparent
pt,homo,en,homo,transparent
pt,homofobia,en,homophobia,transparent
pt,homogêneo,en,homogeneous,transparent
pt,homologia,en,homology,transparent
pt,homossexual,en,homosexual,transparent
pt,homossexualidade,en,homosexuality,transparent
pt,homólogo,en,homologous,transparent
pt,hondurenho,en,honduran,altered
pt,honesto,en,honest,transparent
pt,honrar,en,honor,altered
pt,hoodie,en,hoodie,transparent
pt,horda,en,horde,transparent
pt,horizontal,en,horizontal,transparent
pt,horizontalmente,en,horizontally,transparent
pt,horizonte,en,horizon,transparent
pt,hormona,en,hormone,transparent
pt,hormonal,en,hormonal,transparent
pt,horrendo,en,horrendous,altered
pt,horror,en,horror,transparent
pt,horrível,en,horrible,transparent
pt,horticultura,en,horticulture,transparent
pt,horticultural,en,horticultural,transparent
pt,horóscopo,en,horoscope,transparent
pt,hospital,en,hospital,transparent
pt,hospitalidade,en,hospitality,transparent
pt,hospitalização,en,hospitalization,transparent
pt,hospício,en,hospice,transparent
pt,hostel,en,hostel,transparent
pt,hostil,en,hostile,transparent
pt,hostilidade,en,hostility,transparent
pt,hotel,en,hotel,transparent
pt,humanamente,en,humanly,transparent
pt,humanidade,en,humanity,transparent
pt,humanismo,en,humanism,transparent
pt,humanista,en,humanist,transparent
pt,humanitário,en,humanitarian,transparent
pt,humanizar,en,humanize,transparent
pt,humano,en,human,transparent
pt,humanístico,en,humanistic,altered
pt,humanóide,en,humanoid,transparent
pt,humidade,en,humidity,altered
pt,humildade,en,humility,altered
pt,humilde,en,humble,transparent
pt,humilhação,en,humiliation,altered
pt,hummus,en,hummus,transparent
pt,humorístico,en,humorous,altered
pt,hábil,en,able,altered
pt,hábito,en,habit,transparent
pt,hélio,en,helium,altered
pt,hélix,en,helix,transparent
pt,hérnia,en,hernia,transparent
pt,híbrido,en,hybrid,transparent
pt,hífen,en,hyphen,altered
pt,húmido,en,humid,altered
pt,húngaro,en,hungarian,transparent
pt,ianque,en,yankee,altered
pt,ibuprofeno,en,ibuprofen,transparent
pt,ibérico,en,iberian,transparent
pt,iceberg,en,iceberg,transparent
pt,iconografia,en,iconography,transparent
pt,icônico,en,iconic,transparent
pt,idade,en,age,altered
pt,ideal,en,ideal,transparent
pt,idealismo,en,idealism,transparent
pt,idealista,en,idealist,transparent
pt,idealizar,en,idealize,transparent
pt,idealmente,en,ideally,transparent
pt,ideação,en,ideation,transparent
pt,ideia,en,idea,transparent
pt,identidade,en,identity,transparent
pt,identificador,en,identifier,transparent
pt,identificar,en,identify,transparent
pt,identificação,en,identification,transparent
pt,identificável,en,identifiable,transparent
pt,ideologia,en,ideology,transparent
pt,ideologicamente,en,ideologically,transparent
pt,ideológico,en,ideological,transparent
pt,idiota,en,idiot,transparent
pt,idolatrar,en,idolize,altered
pt,idêntico,en,identical,transparent
pt,idílico,en,idyllic,transparent
pt,ignição,en,ignition,transparent
pt,ignorante,en,ignorant,transparent
pt,ignorar,en,ignore,transparent
pt,ignorância,en,ignorance,transparent
pt,igualitário,en,egalitarian,altered
pt,iguana,en,iguana,transparent
pt,ilegal,en,illegal,transparent
pt,ilegalidade,en,illegality,transparent
pt,ilegítimo,en,illegitimate,transparent
pt,iletrado,en,illiterate,altered
pt,ilimitado,en,unlimited,altered
pt,iluminar,en,illuminate,transparent
pt,iluminati,en,illuminati,transparent
pt,iluminação,en,illumination,transparent
pt,ilustrador,en,illustrator,transparent
pt,ilustrar,en,illustrate,transparent
pt,ilustrativo,en,illustrative,transparent
pt,ilustração,en,illustration,transparent
pt,ilustre,en,illustrious,altered
pt,ilusão,en,illusion,transparent
pt,ilusório,en,illusory,transparent
pt,ilícito,en,illicit,transparent
pt,ilógico,en,illogical,transparent
pt,imaculado,en,immaculate,altered
pt,imagem,en,image,transparent
pt,imaginar,en,imagine,transparent
pt,imaginativo,en,imaginative,transparent
pt,imaginação,en,imagination,transparent
pt,imaginário,en,imaginary,transparent
pt,imaginável,en,imaginable,transparent
pt,imaterial,en,immaterial,transparent
pt,imaturidade,en,immaturity,transparent
pt,imaturo,en,immature,transparent
pt,imbecil,en,imbecile,transparent
pt,imediato,en,immediate,transparent
pt,imenso,en,immense,transparent
pt,imergir,en,immerse,transparent
pt,imersão,en,immersion,altered
pt,imigrante,en,immigrant,transparent
pt,imigrar,en,immigrate,transparent
pt,imigração,en,immigration,transparent
pt,iminente,en,imminent,transparent
pt,imitador,en,imitator,transparent
pt,imitar,en,imitate,transparent
pt,imitação,en,imitation,altered
pt,imobilizar,en,immobilize,transparent
pt,imoral,en,immoral,transparent
pt,imoralidade,en,immorality,transparent
pt,imortal,en,immortal,transparent
pt,imortalizar,en,immortalize,transparent
pt,impaciente,en,impatient,transparent
pt,impaciência,en,impatience,transparent
pt,impacto,en,impact,transparent
pt,impala,en,impala,transparent
pt,imparcial,en,impartial,transparent
pt,impasse,en,impasse,transparent
pt,impecável,en,impeccable,transparent
pt,impedimento,en,impediment,transparent
pt,impedir,en,impede,transparent
pt,impedância,en,impedance,transparent
pt,impelir,en,impel,altered
pt,impenetrável,en,impenetrable,transparent
pt,imperador,en,emperor,altered
pt,imperativo,en,imperative,transparent
pt,imperfeito,en,imperfect,altered
pt,imperfeição,en,imperfection,altered
pt,imperial,en,imperial,transparent
pt,imperialismo,en,imperialism,transparent
pt,imperialista,en,imperialist,transparent
pt,impessoal,en,impersonal,altered
pt,impetuoso,en,impetuous,transparent
pt,implantação,en,implantation,transparent
pt,implante,en,implant,transparent
pt,implausível,en,implausible,transparent
pt,implementação,en,implementation,transparent
pt,implemento,en,implement,transparent
pt,implicar,en,implicate,transparent
pt,implicação,en,implication,transparent
pt,implicitamente,en,implicitly,transparent
pt,implodir,en,implode,altered
pt,implorar,en,implore,transparent
pt,implosão,en,implosion,transparent
pt,implícito,en,implicit,transparent
pt,impopular,en,unpopular,transparent
pt,impopularidade,en,unpopularity,altered
pt,impor,en,impose,transparent
pt,importador,en,importer,altered
pt,importante,en,important,transparent
pt,importar,en,import,transparent
pt,importação,en,importation,transparent
pt,importância,en,importance,transparent
pt,imposição,en,imposition,transparent
pt,impossibilidade,en,impossibility,transparent
pt,impossível,en,impossible,transparent
pt,impostor,en,imposter,transparent
pt,impotente,en,impotent,transparent
pt,impotência,en,impotence,transparent
pt,impraticável,en,impractical,altered
pt,impreciso,en,imprecise,transparent
pt,impregnar,en,impregnate,transparent
pt,impressionismo,en,impressionism,transparent
pt,impressionista,en,impressionist,transparent
pt,impressivo,en,impressive,transparent
pt,impressão,en,impression,transparent
pt,improvisar,en,improvise,transparent
pt,improvisação,en,improvisation,transparent
pt,improvável,en,improbable,altered
pt,impróprio,en,improper,transparent
pt,impulsivo,en,impulsive,transparent
pt,impulso,en,impulse,transparent
pt,impunidade,en,impunity,transparent
pt,impureza,en,impurity,transparent
pt,impuro,en,impure,transparent
pt,império,en,imperium,altered
pt,imune,en,immune,transparent
pt,imunidade,en,immunity,transparent
pt,imunizar,en,immunize,transparent
pt,imunização,en,immunization,transparent
pt,imunodeficiência,en,immunodeficiency,transparent
pt,imunoglobulina,en,immunoglobulin,transparent
pt,imunologia,en,immunology,transparent
pt,imutável,en,immutable,altered
pt,imóvel,en,immobile,altered
pt,inabitável,en,uninhabitable,altered
pt,inacessível,en,inaccessible,altered
pt,inadequado,en,inadequate,transparent
pt,inadmissível,en,inadmissible,transparent
pt,inadvertido,en,inadvertent,transparent
pt,inalador,en,inhaler,altered
pt,inalar,en,inhale,altered
pt,inalação,en,inhalation,transparent
pt,inalienável,en,inalienable,transparent
pt,inapropriadamente,en,inappropriately,transparent
pt,inapropriado,en,inappropriate,transparent
pt,inativar,en,inactivate,altered
pt,inativação,en,inactivation,transparent
pt,inativo,en,inactive,altered
pt,inato,en,innate,altered
pt,inaudível,en,inaudible,transparent
pt,inaugural,en,inaugural,transparent
pt,inaugurar,en,inaugurate,transparent
pt,inauguração,en,inauguration,transparent
pt,inação,en,inaction,transparent
pt,incandescente,en,incandescent,transparent
pt,incapacidade,en,incapacity,transparent
pt,incapacitar,en,incapacitate,transparent
pt,incapaz,en,incapable,altered
pt,incendiário,en,incendiary,transparent
pt,incenso,en,incense,transparent
pt,incentivo,en,incentive,transparent
pt,incerteza,en,uncertainty,altered
pt,incerto,en,uncertain,altered
pt,incessante,en,incessant,transparent
pt,incesto,en,incest,transparent
pt,incestuoso,en,incestuous,transparent
pt,incidental,en,incidental,transparent
pt,incidentalmente,en,incidentally,transparent
pt,incidente,en,incident,transparent
pt,incidência,en,incidence,transparent
pt,incinerador,en,incinerator,transparent
pt,incisivo,en,incisive,transparent
pt,incisão,en,incision,transparent
pt,incitamento,en,incitement,transparent
pt,incitar,en,incite,transparent
pt,inclemente,en,inclement,transparent
pt,inclinar,en,incline,transparent
pt,inclinação,en,inclination,transparent
pt,incluir,en,include,transparent
pt,inclusivo,en,inclusive,transparent
pt,inclusão,en,inclusion,altered
pt,incoerente,en,incoherent,transparent
pt,incompatível,en,incompatible,transparent
pt,incompetente,en,incompetent,transparent
pt,incompetência,en,incompetence,transparent
pt,incompleto,en,incomplete,transparent
pt,incompreensível,en,incomprehensible,altered
pt,inconcebível,en,inconceivable,transparent
pt,inconclusivo,en,inconclusive,transparent
pt,incondicional,en,unconditional,transparent
pt,incondicionalmente,en,unconditionally,transparent
pt,incongruente,en,incongruous,altered
pt,inconsciente,en,unconscious,transparent
pt,inconsciência,en,unconsciousness,altered
pt,inconsistente,en,inconsistent,transparent
pt,inconsistência,en,inconsistency,transparent
pt,incontinência,en,incontinence,transparent
pt,incontrolado,en,uncontrolled,altered
pt,incontrolavelmente,en,uncontrollably,transparent
pt,incontrolável,en,uncontrollable,transparent
pt,inconveniente,en,inconvenient,transparent
pt,inconveniência,en,inconvenience,transparent
pt,incorporar,en,incorporate,transparent
pt,incorrecto,en,incorrect,transparent
pt,incorrer,en,incur,altered
pt,incremental,en,incremental,transparent
pt,incremento,en,increment,transparent
pt,incriminar,en,incriminate,transparent
pt,incrivelmente,en,incredibly,transparent
pt,incrível,en,incredible,transparent
pt,incubador,en,incubator,transparent
pt,incubar,en,incubate,transparent
pt,incubação,en,incubation,transparent
pt,inculcar,en,inculcate,transparent
pt,incumbente,en,incumbent,transparent
pt,incursão,en,incursion,transparent
pt,incurável,en,incurable,transparent
pt,incógnito,en,incognito,transparent
pt,indecente,en,indecent,transparent
pt,indecisão,en,indecision,transparent
pt,indecência,en,indecency,transparent
pt,indefinidamente,en,indefinitely,transparent
pt,indenizar,en,indemnify,transparent
pt,indentação,en,indentation,transparent
pt,independente,en,independent,transparent
pt,independência,en,independence,transparent
pt,indeterminar,en,undetermined,altered
pt,indexação,en,indexing,transparent
pt,indiano,en,indian,altered
pt,indicador,en,indicator,transparent
pt,indicar,en,indicate,transparent
pt,indicativo,en,indicative,transparent
pt,indicação,en,indication,transparent
pt,indiferença,en,indifference,transparent
pt,indigente,en,indigent,transparent
pt,indigestão,en,indigestion,transparent
pt,indignar,en,indignant,transparent
pt,indignação,en,indignation,transparent
pt,indignidade,en,indignity,transparent
pt,indireto,en,indirect,transparent
pt,indiscriminadamente,en,indiscriminately,transparent
pt,indiscriminado,en,indiscriminate,transparent
pt,indiscrição,en,indiscretion,transparent
pt,indispensável,en,indispensable,transparent
pt,indisputável,en,undisputed,transparent
pt,indistinto,en,indistinct,transparent
pt,individual,en,individual,transparent
pt,individualidade,en,individuality,transparent
pt,individualismo,en,individualism,transparent
pt,individualista,en,individualistic,transparent
pt,individualizar,en,individualize,transparent
pt,individualmente,en,individually,transparent
pt,indomável,en,indomitable,altered
pt,indonésio,en,indonesians,altered
pt,indulgente,en,indulgent,transparent
pt,indulgência,en,indulgence,transparent
pt,industrial,en,industrial,transparent
pt,industrialista,en,industrialist,transparent
pt,industrializar,en,industrialize,transparent
pt,industrialização,en,industrialization,transparent
pt,induzir,en,induce,transparent
pt,indução,en,induction,transparent
pt,indígena,en,indigenous,transparent
pt,indústria,en,industry,transparent
pt,inebriante,en,inebriate,transparent
pt,ineficiente,en,inefficient,transparent
pt,ineficiência,en,inefficiency,transparent
pt,inelegível,en,ineligible,altered
pt,inerente,en,inherent,altered
pt,inerentemente,en,inherently,transparent
pt,inerte,en,inert,transparent
pt,inesperado,en,unexpected,transparent
pt,inevitavelmente,en,inevitably,transparent
pt,inevitável,en,inevitable,altered
pt,inexoravelmente,en,inexorably,transparent
pt,inexplicado,en,unexplained,altered
pt,inexplicável,en,inexplicable,transparent
pt,infalível,en,infallible,transparent
pt,infame,en,infamous,transparent
pt,infantaria,en,infantry,altered
pt,infante,en,infant,altered
pt,infeccioso,en,infectious,transparent
pt,infectar,en,infect,transparent
pt,infecção,en,infection,transparent
pt,inferior,en,inferior,transparent
pt,inferioridade,en,inferiority,transparent
pt,inferir,en,infer,transparent
pt,infernal,en,infernal,transparent
pt,inferno,en,inferno,transparent
pt,infertilidade,en,infertility,transparent
pt,inferência,en,inference,transparent
pt,infestar,en,infest,transparent
pt,infestação,en,infestation,transparent
pt,infidelidade,en,infidelity,transparent
pt,infiel,en,infidel,transparent
pt,infiltrar,en,infiltrate,transparent
pt,infiltração,en,infiltration,transparent
pt,infinidade,en,infinity,altered
pt,infinitamente,en,infinitely,transparent
pt,infinitesimal,en,infinitesimal,transparent
pt,infinito,en,infinite,transparent
pt,inflacionário,en,inflationary,transparent
pt,inflamar,en,inflame,transparent
pt,inflamatório,en,inflammatory,transparent
pt,inflamação,en,inflammation,transparent
pt,inflar,en,inflate,altered
pt,inflação,en,inflation,transparent
pt,inflexão,en,inflection,transparent
pt,inflexível,en,inflexible,transparent
pt,infligir,en,inflict,transparent
pt,inflorescência,en,inflorescence,transparent
pt,influenciador,en,influencer,transparent
pt,influente,en,influential,altered
pt,influenza,en,influenza,transparent
pt,influxo,en,influx,transparent
pt,influência,en,influence,transparent
pt,info,en,info,transparent
pt,infografia,en,infographic,altered
pt,informacional,en,informational,transparent
pt,informador,en,informer,transparent
pt,informal,en,informal,transparent
pt,informalmente,en,informally,transparent
pt,informante,en,informant,transparent
pt,informar,en,inform,transparent
pt,informativo,en,informative,transparent
pt,informação,en,information,transparent
pt,informático,en,informatics,transparent
pt,infra,en,infra,transparent
pt,infraestrutura,en,infrastructure,transparent
pt,infravermelho,en,infrared,altered
pt,infração,en,infraction,transparent
pt,infrequente,en,infrequent,transparent
pt,infringir,en,infringe,transparent
pt,infundir,en,infuse,altered
pt,infusão,en,infusion,transparent
pt,infâmia,en,infamy,transparent
pt,infância,en,infancy,transparent
pt,infértil,en,infertile,transparent
pt,ingerir,en,ingest,transparent
pt,ingestão,en,ingestion,altered
pt,inglês,en,english,altered
pt,ingrediente,en,ingredient,transparent
pt,ingresso,en,ingress,transparent
pt,inibidor,en,inhibitor,altered
pt,inibir,en,inhibit,transparent
pt,inibição,en,inhibition,transparent
pt,inicial,en,initial,transparent
pt,inicializar,en,initialize,transparent
pt,inicialmente,en,initially,transparent
pt,iniciar,en,initiate,transparent
pt,iniciativo,en,initiative,transparent
pt,iniciação,en,initiation,altered
pt,inimaginável,en,unimaginable,altered
pt,inimigo,en,enemy,altered
pt,inimitável,en,inimitable,altered
pt,ininteligível,en,unintelligible,transparent
pt,ininterrupto,en,uninterrupted,altered
pt,iniquidade,en,iniquity,transparent
pt,injetar,en,inject,altered
pt,injetor,en,injector,transparent
pt,injeção,en,injection,altered
pt,injustiçar,en,injustice,transparent
pt,injusto,en,unjust,altered
pt,inocente,en,innocent,transparent
pt,inocular,en,inoculate,transparent
pt,inoculação,en,inoculation,transparent
pt,inocência,en,innocence,transparent
pt,inoperável,en,inoperable,transparent
pt,inorgânico,en,inorganic,transparent
pt,inovador,en,innovative,altered
pt,inovar,en,innovate,transparent
pt,inovação,en,innovation,transparent
pt,inquestionável,en,unquestionable,altered
pt,inquirir,en,inquire,transparent
pt,inquisidor,en,inquisitor,transparent
pt,inquisitivo,en,inquisitive,transparent
pt,inquisição,en,inquisition,transparent
pt,insaciável,en,insatiable,transparent
pt,insanidade,en,insanity,transparent
pt,insano,en,insane,altered
pt,insatisfeito,en,unsatisfied,transparent
pt,insaturado,en,unsaturated,altered
pt,inscrever,en,inscribe,altered
pt,inscrição,en,inscription,transparent
pt,insegurança,en,insecurity,altered
pt,inseguro,en,insecure,transparent
pt,inseminação,en,insemination,transparent
pt,inseparável,en,inseparable,transparent
pt,inserir,en,insert,transparent
pt,inserção,en,insertion,transparent
pt,inseticida,en,insecticide,transparent
pt,inseto,en,insect,altered
pt,insidioso,en,insidious,transparent
pt,insignificante,en,insignificant,transparent
pt,insinuar,en,insinuate,transparent
pt,insinuação,en,insinuation,transparent
pt,insistente,en,insistent,transparent
pt,insistir,en,insist,transparent
pt,insolente,en,insolent,transparent
pt,insolvente,en,insolvent,transparent
pt,insolvência,en,insolvency,transparent
pt,insolência,en,insolence,transparent
pt,insone,en,insomniac,altered
pt,inspecionar,en,inspect,transparent
pt,inspetor,en,inspector,transparent
pt,inspetoria,en,inspectorate,altered
pt,inspeção,en,inspection,transparent
pt,inspiracional,en,inspirational,transparent
pt,inspirar,en,inspire,transparent
pt,inspiração,en,inspiration,transparent
pt,instabilidade,en,instability,transparent
pt,instalar,en,install,altered
pt,instalação,en,installation,transparent
pt,instantaneamente,en,instantly,transparent
pt,instante,en,instant,transparent
pt,instantâneo,en,instantaneous,transparent
pt,instigador,en,instigator,transparent
pt,instigar,en,instigate,transparent
pt,instigação,en,instigation,transparent
pt,instintivo,en,instinctive,transparent
pt,instinto,en,instinct,transparent
pt,institucional,en,institutional,transparent
pt,institucionalizar,en,institutionalize,transparent
pt,instituição,en,institution,transparent
pt,instituto,en,institute,transparent
pt,instruir,en,instruct,altered
pt,instrumental,en,instrumental,transparent
pt,instrumentação,en,instrumentation,transparent
pt,instrumentista,en,instrumentalist,transparent
pt,instrumento,en,instrument,transparent
pt,instrutivo,en,instructive,altered
pt,instrutor,en,instructor,altered
pt,instrução,en,instruction,transparent
pt,instância,en,instance,transparent
pt,insuficiente,en,insufficient,transparent
pt,insuficiência,en,insufficiency,transparent
pt,insular,en,insular,transparent
pt,insulina,en,insulin,transparent
pt,insulto,en,insult,transparent
pt,insuportável,en,insufferable,altered
pt,insurgente,en,insurgent,transparent
pt,insurgência,en,insurgency,transparent
pt,insurreição,en,insurrection,altered
pt,insígnia,en,insignia,transparent
pt,insípido,en,insipid,transparent
pt,insônia,en,insomnia,altered
pt,intacto,en,intact,transparent
pt,intangível,en,intangible,altered
pt,integrador,en,integrator,transparent
pt,integral,en,integral,transparent
pt,integrar,en,integrate,transparent
pt,integração,en,integration,transparent
pt,integridade,en,integrity,transparent
pt,inteiro,en,entire,altered
pt,intelecto,en,intellect,transparent
pt,intelectual,en,intellectual,transparent
pt,inteligente,en,intelligent,transparent
pt,inteligência,en,intelligence,transparent
pt,inteligível,en,intelligible,transparent
pt,intencional,en,intentional,transparent
pt,intencionalmente,en,intentionally,transparent
pt,intensamente,en,intensely,transparent
pt,intensidade,en,intensity,transparent
pt,intensificar,en,intensify,transparent
pt,intensivamente,en,intensively,transparent
pt,intensivo,en,intensive,transparent
pt,intenso,en,intense,transparent
pt,intento,en,intent,transparent
pt,intenção,en,intention,transparent
pt,interagir,en,interact,transparent
pt,interativo,en,interactive,altered
pt,interação,en,interaction,transparent
pt,intercambiável,en,interchangeable,transparent
pt,interceder,en,intercede,transparent
pt,interceptar,en,intercept,transparent
pt,interceptor,en,interceptor,transparent
pt,intercessão,en,intercession,transparent
pt,interceção,en,interception,altered
pt,intercolegial,en,intercollegiate,transparent
pt,interconectar,en,interconnect,transparent
pt,interconexão,en,interconnection,transparent
pt,intercontinental,en,intercontinental,transparent
pt,intercultural,en,intercultural,transparent
pt,intercâmbio,en,interchange,transparent
pt,interdependente,en,interdependent,transparent
pt,interdependência,en,interdependence,transparent
pt,interdisciplinar,en,interdisciplinary,altered
pt,interdição,en,interdiction,transparent
pt,interesse,en,interest,transparent
pt,interestadual,en,interstate,altered
pt,interestelar,en,interstellar,transparent
pt,interface,en,interface,transparent
pt,interferir,en,interfere,transparent
pt,interferência,en,interference,transparent
pt,intergaláctico,en,intergalactic,transparent
pt,intergeracional,en,intergenerational,transparent
pt,interino,en,interim,transparent
pt,interior,en,interior,transparent
pt,interleucina,en,interleukin,transparent
pt,interlocutor,en,interlocutor,transparent
pt,interlúdio,en,interlude,transparent
pt,intermediário,en,intermediate,altered
pt,intermitente,en,intermittent,transparent
pt,internacional,en,international,transparent
pt,internacionalista,en,internationalist,transparent
pt,internacionalmente,en,internationally,transparent
pt,internalizar,en,internalize,transparent
pt,internamente,en,internally,transparent
pt,internamento,en,internment,transparent
pt,internet,en,internet,transparent
pt,interno,en,internal,transparent
pt,interpessoal,en,interpersonal,altered
pt,interpol,en,interpol,transparent
pt,interpolar,en,interpolate,transparent
pt,interpolação,en,interpolation,transparent
pt,interpretar,en,interpret,transparent
pt,interpretativo,en,interpretive,transparent
pt,interpretação,en,interpretation,transparent
pt,interrogador,en,interrogator,transparent
pt,interrogar,en,interrogate,altered
pt,interrogação,en,interrogation,transparent
pt,interromper,en,interrupt,altered
pt,interrupção,en,interruption,transparent
pt,interseção,en,intersection,transparent
pt,intervalo,en,interval,transparent
pt,intervencionista,en,interventionist,transparent
pt,intervenção,en,intervention,altered
pt,intervir,en,intervene,transparent
pt,intestinal,en,intestinal,transparent
pt,intestino,en,intestine,transparent
pt,intifada,en,intifada,transparent
pt,intimamente,en,intimately,transparent
pt,intimidade,en,intimacy,altered
pt,intimidar,en,intimidate,transparent
pt,intimidação,en,intimidation,transparent
pt,intitular,en,entitle,altered
pt,intocável,en,untouchable,altered
pt,intolerante,en,intolerant,transparent
pt,intolerável,en,intolerable,altered
pt,intolerância,en,intolerance,transparent
pt,intoxicar,en,intoxicate,transparent
pt,intoxicação,en,intoxication,transparent
pt,intra,en,intra,transparent
pt,intracelular,en,intracellular,transparent
pt,intracraniano,en,intracranial,altered
pt,intratável,en,intractable,transparent
pt,intravenoso,en,intravenous,transparent
pt,intrigar,en,intrigue,transparent
pt,intrinsecamente,en,intrinsically,transparent
pt,introdutório,en,introductory,altered
pt,introduzir,en,introduce,transparent
pt,introdução,en,introduction,transparent
pt,introspecção,en,introspection,transparent
pt,introvertido,en,introvert,transparent
pt,intrusivo,en,intrusive,transparent
pt,intruso,en,intruder,transparent
pt,intrusão,en,intrusion,transparent
pt,intrépido,en,intrepid,transparent
pt,intrínseco,en,intrinsic,transparent
pt,intuitivamente,en,intuitively,transparent
pt,intuitivo,en,intuitive,transparent
pt,intuição,en,intuition,transparent
pt,intérprete,en,interpreter,transparent
pt,inumano,en,inhuman,transparent
pt,inumerável,en,innumerable,altered
pt,inundar,en,inundate,altered
pt,invadir,en,invade,transparent
pt,invalidar,en,invalidate,transparent
pt,invariante,en,invariant,transparent
pt,invasivo,en,invasive,transparent
pt,invasor,en,invader,transparent
pt,invasão,en,invasion,transparent
pt,invejoso,en,envious,altered
pt,inventar,en,invent,transparent
pt,inventivo,en,inventive,transparent
pt,inventor,en,inventor,transparent
pt,inventário,en,inventory,transparent
pt,invenção,en,invention,transparent
pt,inversamente,en,inversely,transparent
pt,inverso,en,inverse,transparent
pt,inversão,en,inversion,transparent
pt,invertebrado,en,invertebrate,transparent
pt,inverter,en,invert,transparent
pt,investidor,en,investor,transparent
pt,investigador,en,investigator,transparent
pt,investigar,en,investigate,transparent
pt,investigativo,en,investigative,transparent
pt,investigação,en,investigation,transparent
pt,investimento,en,investment,transparent
pt,investir,en,invest,transparent
pt,invisível,en,invisible,altered
pt,invocar,en,invoke,transparent
pt,invocação,en,invocation,transparent
pt,involuntário,en,involuntary,transparent
pt,invulnerável,en,invulnerable,transparent
pt,inválido,en,invalid,transparent
pt,inépcia,en,inept,altered
pt,inércia,en,inertia,transparent
pt,iodeto,en,iodide,altered
pt,iodo,en,iodine,transparent
pt,ioga,en,yoga,altered
pt,iogue,en,yogi,altered
pt,iogurte,en,yogurt,altered
pt,ionização,en,ionization,transparent
pt,iota,en,iota,transparent
pt,iraniano,en,iranian,altered
pt,iridescente,en,iridescent,transparent
pt,ironia,en,irony,transparent
pt,ironicamente,en,ironically,transparent
pt,irracional,en,irrational,transparent
pt,irracionalidade,en,irrationality,transparent
pt,irradiar,en,irradiate,transparent
pt,irradiação,en,irradiation,transparent
pt,irreal,en,unreal,altered
pt,irrealista,en,unrealistic,transparent
pt,irreconciliável,en,irreconcilable,transparent
pt,irredutível,en,irreducible,transparent
pt,irrefutável,en,irrefutable,transparent
pt,irregular,en,irregular,transparent
pt,irregularidade,en,irregularity,transparent
pt,irregularmente,en,irregularly,transparent
pt,irrelevante,en,irrelevant,transparent
pt,irresistível,en,irresistible,transparent
pt,irresponsável,en,irresponsible,transparent
pt,irreversível,en,irreversible,transparent
pt,irrevogável,en,irrevocable,altered
pt,irrigar,en,irrigate,transparent
pt,irrigação,en,irrigation,transparent
pt,irritabilidade,en,irritability,transparent
pt,irritante,en,irritant,transparent
pt,irritar,en,irritate,transparent
pt,irritação,en,irritation,transparent
pt,irritável,en,irritable,transparent
pt,irídio,en,iridium,transparent
pt,irônico,en,ironic,transparent
pt,islamismo,en,islam,altered
pt,islamista,en,islamist,transparent
pt,islamofobia,en,islamophobia,transparent
pt,islâmico,en,islamic,transparent
pt,islândia,en,iceland,altered
pt,isolacionista,en,isolationist,transparent
pt,isolamento,en,insulation,altered
pt,isolar,en,isolate,transparent
pt,isolação,en,isolation,transparent
pt,isquemia,en,ischemia,transparent
pt,isquêmico,en,ischemic,transparent
pt,israel,en,israel,transparent
pt,israelita,en,israelite,transparent
pt,istmo,en,isthmus,altered
pt,isótopo,en,isotope,transparent
pt,isômero,en,isomer,transparent
pt,italiano,en,italian,transparent
pt,item,en,item,transparent
pt,iterativo,en,iterative,transparent
pt,iteração,en,iteration,transparent
pt,itinerante,en,itinerant,transparent
pt,itinerário,en,itinerary,transparent
pt,itália,en,italy,transparent
pt,itálico,en,italic,transparent
pt,iônico,en,ionic,transparent
pt,jackpot,en,jackpot,transparent
pt,jade,en,jade,transparent
pt,jaguar,en,jaguar,transparent
pt,jamaicano,en,jamaican,transparent
pt,janeiro,en,january,transparent
pt,jano,en,janus,altered
pt,japão,en,japan,transparent
pt,jaqueta,en,jacket,transparent
pt,jasmim,en,jasmine,altered
pt,jazz,en,jazz,transparent
pt,jeová,en,jehovah,altered
pt,jersey,en,jersey,transparent
pt,jesus,en,jesus,transparent
pt,jesuíta,en,jesuit,altered
pt,jihadista,en,jihadi,altered
pt,joker,en,joker,transparent
pt,jornal,en,journal,altered
pt,jornalismo,en,journalism,transparent
pt,jornalista,en,journalist,altered
pt,jornalístico,en,journalistic,transparent
pt,joule,en,joule,transparent
pt,jubileu,en,jubilee,altered
pt,judas,en,judas,transparent
pt,judaísmo,en,judaism,transparent
pt,judeu,en,judeo,altered
pt,judicial,en,judicial,transparent
pt,judiciário,en,judiciary,transparent
pt,judô,en,judo,transparent
pt,jugular,en,jugular,transparent
pt,jukebox,en,jukebox,transparent
pt,julgamento,en,judgement,altered
pt,julho,en,july,altered
pt,jumbo,en,jumbo,transparent
pt,jumper,en,jumper,transparent
pt,junho,en,june,altered
pt,juntar,en,junta,transparent
pt,junção,en,junction,transparent
pt,jurisdicional,en,jurisdictional,transparent
pt,jurisdição,en,jurisdiction,transparent
pt,jurisprudência,en,jurisprudence,transparent
pt,jurista,en,jurist,transparent
pt,jurássico,en,jurassic,altered
pt,justamente,en,justly,transparent
pt,justificar,en,justify,transparent
pt,justificação,en,justification,transparent
pt,justificável,en,justifiable,altered
pt,justiçar,en,justice,altered
pt,juto,en,jute,altered
pt,juvenil,en,juvenile,transparent
pt,jóquei,en,jockey,altered
pt,júnior,en,junior,transparent
pt,júpiter,en,jupiter,transparent
pt,kamikaze,en,kamikaze,transparent
pt,kappa,en,kappa,transparent
pt,karaokê,en,karaoke,transparent
pt,karma,en,karma,transparent
pt,kata,en,kata,transparent
pt,katana,en,katana,transparent
pt,kebab,en,kebab,transparent
pt,kelvin,en,kelvin,transparent
pt,kernel,en,kernel,transparent
pt,ketchup,en,ketchup,transparent
pt,kevlar,en,kevlar,transparent
pt,keynesiano,en,keynesian,transparent
pt,kibbutz,en,kibbutz,transparent
pt,kitsch,en,kitsch,transparent
pt,kiwi,en,kiwi,transparent
pt,kleenex,en,kleenex,transparent
pt,koi,en,koi,transparent
pt,komodo,en,komodo,transparent
pt,kosher,en,kosher,transparent
pt,kraken,en,kraken,transparent
pt,kriptonita,en,kryptonite,altered
pt,kudo,en,kudo,transparent
pt,labirinto,en,labyrinth,transparent
pt,labor,en,labor,transparent
pt,laboratório,en,laboratory,transparent
pt,laborioso,en,laborious,transparent
pt,lactato,en,lactate,transparent
pt,lactação,en,lactation,transparent
pt,lactose,en,lactose,transparent
pt,lagoa,en,lagoon,altered
pt,lagosta,en,locust,altered
pt,laguna,en,laguna,transparent
pt,lambda,en,lambda,transparent
pt,lame,en,lame,transparent
pt,lamentação,en,lamentation,transparent
pt,lamento,en,lament,transparent
pt,laminar,en,laminate,altered
pt,lanche,en,luncheon,transparent
pt,land,en,land,transparent
pt,lanterna,en,lantern,transparent
pt,lançador,en,launcher,altered
pt,lançar,en,launch,altered
pt,laptop,en,laptop,transparent
pt,lar,en,lar,transparent
pt,lardo,en,lard,transparent
pt,largo,en,largo,transparent
pt,laringe,en,larynx,altered
pt,larva,en,larva,transparent
pt,lasanha,en,lasagna,altered
pt,laser,en,laser,transparent
pt,latente,en,latent,transparent
pt,lateral,en,lateral,transparent
pt,latino,en,latin,transparent
pt,latitude,en,latitude,transparent
pt,latte,en,latte,transparent
pt,latência,en,latency,transparent
pt,laurear,en,laureate,transparent
pt,lavanda,en,lavender,altered
pt,lavatório,en,lavatory,transparent
pt,lavrador,en,labourer,altered
pt,laxante,en,laxative,transparent
pt,leal,en,loyal,altered
pt,leasing,en,leasing,transparent
pt,legal,en,legal,transparent
pt,legalidade,en,legality,transparent
pt,legalizar,en,legalize,transparent
pt,legalização,en,legalization,transparent
pt,legalmente,en,legally,transparent
pt,legar,en,legacy,altered
pt,legação,en,legation,transparent
pt,legendar,en,legend,transparent
pt,legendário,en,legendary,transparent
pt,legionário,en,legionnaire,altered
pt,legislador,en,legislator,transparent
pt,legislar,en,legislate,transparent
pt,legislativo,en,legislative,transparent
pt,legislatura,en,legislature,transparent
pt,legislação,en,legislation,transparent
pt,legitimamente,en,legitimately,transparent
pt,legitimar,en,legitimize,altered
pt,legitimidade,en,legitimacy,transparent
pt,legião,en,legion,transparent
pt,legume,en,legume,transparent
pt,legítimo,en,legitimate,transparent
pt,legível,en,legible,transparent
pt,leitura,en,lecture,altered
pt,lema,en,lemma,transparent
pt,leniente,en,lenient,transparent
pt,lentilha,en,lentil,altered
pt,leonardo,en,leonardo,transparent
pt,leopardo,en,leopard,transparent
pt,lepra,en,leprosy,altered
pt,leproso,en,leper,altered
pt,lesão,en,lesion,transparent
pt,letal,en,lethal,transparent
pt,letárgico,en,lethargic,transparent
pt,leucemia,en,leukemia,transparent
pt,lev,en,lev,transparent
pt,levitar,en,levitate,transparent
pt,levítico,en,leviticus,transparent
pt,lexical,en,lexical,transparent
pt,leão,en,lion,altered
pt,lhama,en,llama,altered
pt,liana,en,liana,transparent
pt,libanês,en,lebanese,altered
pt,libelo,en,libel,transparent
pt,liberal,en,liberal,transparent
pt,liberalismo,en,liberalism,altered
pt,liberalizar,en,liberalize,transparent
pt,liberalização,en,liberalization,transparent
pt,liberar,en,liberate,transparent
pt,liberdade,en,liberty,altered
pt,libertarianismo,en,libertarianism,transparent
pt,libertação,en,liberation,altered
pt,libertino,en,libertine,transparent
pt,libertário,en,libertarian,transparent
pt,libido,en,libido,transparent
pt,libreto,en,libretto,altered
pt,licenciar,en,licensee,altered
pt,licença,en,license,transparent
pt,liceu,en,lyceum,altered
pt,licor,en,liquor,transparent
pt,lido,en,lido,transparent
pt,ligadura,en,ligature,altered
pt,ligamento,en,ligament,transparent
pt,ligante,en,ligand,altered
pt,lilo,en,lilo,transparent
pt,lilás,en,lilac,altered
pt,limbo,en,limbo,transparent
pt,limitação,en,limitation,transparent
pt,limite,en,limit,transparent
pt,limonada,en,lemonade,transparent
pt,limão,en,lemon,altered
pt,lince,en,lynx,altered
pt,linear,en,linear,transparent
pt,linfoma,en,lymphoma,transparent
pt,linfático,en,lymphatic,transparent
pt,linfócito,en,lymphocyte,transparent
pt,lingerie,en,lingerie,transparent
pt,linguagem,en,language,altered
pt,lingual,en,lingual,transparent
pt,linguista,en,linguist,transparent
pt,linguisticamente,en,linguistically,transparent
pt,linguístico,en,linguistic,transparent
pt,linho,en,lino,altered
pt,linux,en,linux,transparent
pt,linóleo,en,linoleum,altered
pt,lipoaspiração,en,liposuction,altered
pt,lipoproteína,en,lipoprotein,transparent
pt,lipídio,en,lipid,altered
pt,liquefazer,en,liquefy,altered
pt,liquidar,en,liquidate,transparent
pt,liquidação,en,liquidation,transparent
pt,liquidez,en,liquidity,altered
pt,lira,en,lira,transparent
pt,lisina,en,lysine,altered
pt,literacia,en,literacy,transparent
pt,literal,en,literal,transparent
pt,literato,en,literate,altered
pt,literatura,en,literature,transparent
pt,literário,en,literary,transparent
pt,litigante,en,litigant,transparent
pt,litigar,en,litigate,transparent
pt,litografia,en,lithograph,transparent
pt,litoral,en,littoral,transparent
pt,litro,en,litre,transparent
pt,liturgia,en,liturgy,transparent
pt,litúrgico,en,liturgical,transparent
pt,lobby,en,lobby,transparent
pt,lobista,en,lobbyist,transparent
pt,local,en,local,transparent
pt,localidade,en,locality,transparent
pt,localizador,en,locator,altered
pt,localizar,en,locate,transparent
pt,localização,en,localization,transparent
pt,localmente,en,locally,transparent
pt,locação,en,location,transparent
pt,locomoção,en,locomotion,transparent
pt,locus,en,locus,transparent
pt,logaritmo,en,logarithm,transparent
pt,logicamente,en,logically,transparent
pt,login,en,login,transparent
pt,logo,en,logo,transparent
pt,logístico,en,logistics,transparent
pt,lombar,en,lumbar,transparent
pt,lombardo,en,lombard,transparent
pt,longevidade,en,longevity,transparent
pt,longitude,en,longitude,transparent
pt,longitudinal,en,longitudinal,transparent
pt,louco,en,loco,altered
pt,louro,en,laurel,altered
pt,loção,en,lotion,transparent
pt,lubrificante,en,lubricant,altered
pt,lubrificar,en,lubricate,altered
pt,lubrificação,en,lubrication,altered
pt,lucrativo,en,lucrative,transparent
pt,luge,en,luge,transparent
pt,luminosidade,en,luminosity,transparent
pt,luminoso,en,luminous,transparent
pt,luminária,en,luminary,altered
pt,lunar,en,lunar,transparent
pt,lunático,en,lunatic,altered
pt,lustre,en,lustre,transparent
pt,luterano,en,lutheran,altered
pt,lux,en,lux,transparent
pt,luxemburgo,en,luxembourg,altered
pt,luxo,en,luxury,altered
pt,luz,en,luz,transparent
pt,luzerna,en,lucerne,altered
pt,lábio,en,labium,altered
pt,lápis,en,lapis,altered
pt,látex,en,latex,transparent
pt,lésbico,en,lesbian,altered
pt,léxico,en,lexicon,altered
pt,lêmure,en,lemur,transparent
pt,líder,en,leader,altered
pt,líquen,en,lichen,transparent
pt,líquido,en,liquid,transparent
pt,lírico,en,lyric,transparent
pt,lítio,en,lithium,transparent
pt,lívido,en,livid,transparent
pt,lóbulo,en,lobe,altered
pt,lógico,en,logic,transparent
pt,lúcido,en,lucid,transparent
pt,lúcifer,en,lucifer,altered
pt,lúmen,en,lumen,transparent
pt,lúpus,en,lupus,altered
pt,macaco,en,macaque,altered
pt,macarrão,en,macaroni,altered
pt,macedónio,en,macedonia,altered
pt,macedônio,en,macedonian,transparent
pt,mach,en,mach,transparent
pt,machete,en,machete,transparent
pt,macho,en,macho,transparent
pt,macro,en,macro,transparent
pt,macroeconomia,en,macroeconomics,transparent
pt,macroeconômico,en,macroeconomic,transparent
pt,macroscópico,en,macroscopic,transparent
pt,macular,en,macular,transparent
pt,madama,en,madame,transparent
pt,madame,en,madam,transparent
pt,madrigal,en,madrigal,transparent
pt,maduro,en,mature,altered
pt,maelstrom,en,maelstrom,transparent
pt,maestro,en,maestro,transparent
pt,magenta,en,magenta,transparent
pt,magia,en,magic,transparent
pt,magicamente,en,magically,transparent
pt,magistrado,en,magistrate,transparent
pt,magma,en,magma,transparent
pt,magnata,en,magnate,altered
pt,magnetismo,en,magnetism,transparent
pt,magnetizar,en,magnetize,altered
pt,magneto,en,magneto,transparent
pt,magnificar,en,magnify,transparent
pt,magnificência,en,magnificence,transparent
pt,magnitude,en,magnitude,transparent
pt,magno,en,magnum,transparent
pt,magnânimo,en,magnanimous,altered
pt,magnésio,en,magnesium,transparent
pt,magnético,en,magnetic,transparent
pt,magnífico,en,magnificent,transparent
pt,magnólia,en,magnolia,transparent
pt,mago,en,magician,altered
pt,mahatma,en,mahatma,transparent
pt,mainframe,en,mainframe,transparent
pt,maionese,en,mayonnaise,altered
pt,maioria,en,majority,altered
pt,mais,en,mais,transparent
pt,majestade,en,majesty,altered
pt,majestoso,en,majestic,altered
pt,mal,en,mal,transparent
pt,malevolente,en,malevolent,transparent
pt,maleável,en,malleable,transparent
pt,malformação,en,malformation,transparent
pt,mali,en,mali,transparent
pt,malicioso,en,malicious,transparent
pt,maligno,en,malignant,altered
pt,malte,en,malt,altered
pt,maltratar,en,mistreat,altered
pt,malva,en,mauve,altered
pt,malware,en,malware,transparent
pt,malária,en,malaria,transparent
pt,maléfico,en,maleficent,altered
pt,malícia,en,malice,transparent
pt,mamografia,en,mammogram,altered
pt,mamário,en,mammary,transparent
pt,mamã,en,mama,transparent
pt,mamífero,en,mammalian,altered
pt,management,en,management,transparent
pt,mandamento,en,commandment,transparent
pt,mandarim,en,mandarin,altered
pt,mandato,en,mandate,altered
pt,maneiro,en,manner,transparent
pt,manequim,en,mannequin,altered
pt,manganês,en,manganese,transparent
pt,manifestamente,en,manifestly,transparent
pt,manifestação,en,manifestation,transparent
pt,manifesto,en,manifest,transparent
pt,manila,en,manila,transparent
pt,manipulador,en,manipulator,transparent
pt,manipular,en,manipulate,transparent
pt,manipulação,en,manipulation,transparent
pt,manly,en,manly,transparent
pt,manobrar,en,manoeuvre,altered
pt,mansão,en,mansion,transparent
pt,mantar,en,manta,transparent
pt,mantenedor,en,maintainer,altered
pt,manter,en,maintain,altered
pt,manto,en,mantle,transparent
pt,mantra,en,mantra,transparent
pt,manual,en,manual,transparent
pt,manualmente,en,manually,transparent
pt,manufaturar,en,manufacturing,altered
pt,manuscrito,en,manuscript,transparent
pt,manutenção,en,maintenance,altered
pt,maníaco,en,maniac,transparent
pt,maoísta,en,maoist,transparent
pt,mapa,en,map,transparent
pt,maquiagem,en,makeup,altered
pt,maquinar,en,machinery,transparent
pt,maquinação,en,machination,transparent
pt,maquinista,en,machinist,transparent
pt,maratona,en,marathon,altered
pt,maravilhar,en,marvel,altered
pt,maravilhoso,en,marvelous,altered
pt,marcador,en,marker,transparent
pt,marcação,en,mark,altered
pt,marcial,en,martial,transparent
pt,marco,en,landmark,altered
pt,margarina,en,margarine,transparent
pt,margem,en,margin,transparent
pt,marginal,en,marginal,transparent
pt,marginalizar,en,marginalize,transparent
pt,maria,en,mary,altered
pt,marinar,en,marinate,transparent
pt,marinheiro,en,mariner,altered
pt,marinho,en,marine,transparent
pt,marionete,en,marionette,transparent
pt,marital,en,marital,transparent
pt,marmelada,en,marmalade,transparent
pt,marquise,en,marquee,altered
pt,marquês,en,marquis,altered
pt,marrocos,en,morocco,altered
pt,marrom,en,maroon,transparent
pt,marroquino,en,moroccan,altered
pt,marsupial,en,marsupial,transparent
pt,martini,en,martini,transparent
pt,martírio,en,martyrdom,altered
pt,marx,en,marx,transparent
pt,marxismo,en,marxism,transparent
pt,marxista,en,marxist,transparent
pt,marítimo,en,maritime,transparent
pt,masala,en,masala,transparent
pt,mascarar,en,masquerade,transparent
pt,mascote,en,mascot,transparent
pt,masculinidade,en,masculinity,transparent
pt,masculino,en,masculine,transparent
pt,massa,en,mass,altered
pt,massacre,en,massacre,transparent
pt,massagem,en,massage,altered
pt,massivamente,en,massively,transparent
pt,massivo,en,massive,altered
pt,mastectomia,en,mastectomy,transparent
pt,mastodonte,en,mastodon,transparent
pt,mastro,en,mast,altered
pt,masturbar,en,masturbate,transparent
pt,masturbação,en,masturbation,transparent
pt,matador,en,matador,transparent
pt,mate,en,matte,altered
pt,matematicamente,en,mathematically,transparent
pt,matemático,en,mathematics,transparent
pt,material,en,material,transparent
pt,materialismo,en,materialism,transparent
pt,materialista,en,materialistic,transparent
pt,materializar,en,materialize,transparent
pt,materialmente,en,materially,transparent
pt,maternal,en,maternal,transparent
pt,maternidade,en,maternity,transparent
pt,matinê,en,matinee,altered
pt,matriarca,en,matriarch,transparent
pt,matrimonial,en,matrimonial,transparent
pt,matrimônio,en,matrimony,transparent
pt,matriz,en,matrix,transparent
pt,matrona,en,matron,altered
pt,maturação,en,maturation,altered
pt,maturidade,en,maturity,transparent
pt,mausoléu,en,mausoleum,transparent
pt,maxi,en,maxi,transparent
pt,maximal,en,maximal,transparent
pt,maximizar,en,maximize,transparent
pt,mayoral,en,mayoral,transparent
pt,maçonaria,en,masonry,altered
pt,maçônico,en,masonic,altered
pt,meandro,en,meander,transparent
pt,mecanismo,en,mechanism,transparent
pt,mecanizar,en,mechanize,transparent
pt,mecânico,en,mechanical,transparent
pt,medalhar,en,medal,transparent
pt,medalhista,en,medalist,altered
pt,medalhão,en,medallion,transparent
pt,medalista,en,medallist,transparent
pt,mediador,en,mediator,transparent
pt,medial,en,medial,transparent
pt,mediano,en,median,transparent
pt,mediar,en,mediate,altered
pt,mediação,en,mediation,transparent
pt,medicar,en,medicate,transparent
pt,medicação,en,medication,transparent
pt,medicinal,en,medicinal,transparent
pt,medicinar,en,medicine,transparent
pt,medieval,en,medieval,transparent
pt,mediocridade,en,mediocrity,transparent
pt,medir,en,measure,altered
pt,meditar,en,meditate,transparent
pt,meditativo,en,meditative,transparent
pt,meditação,en,meditation,transparent
pt,mediterrâneo,en,mediterranean,altered
pt,medusa,en,medusa,transparent
pt,medíocre,en,mediocre,transparent
pt,mega,en,mega,transparent
pt,megabyte,en,megabyte,transparent
pt,megafone,en,megaphone,altered
pt,megawatt,en,megawatt,transparent
pt,melancolia,en,melancholy,altered
pt,melancólico,en,melancholic,transparent
pt,melanoma,en,melanoma,transparent
pt,melatonina,en,melatonin,transparent
pt,mellitus,en,mellitus,transparent
pt,melodiar,en,melody,transparent
pt,melodrama,en,melodrama,transparent
pt,melodramático,en,melodramatic,transparent
pt,melão,en,melon,transparent
pt,melódico,en,melodic,transparent
pt,membrana,en,membrane,transparent
pt,membro,en,member,transparent
pt,meme,en,meme,transparent
pt,memento,en,memento,transparent
pt,memo,en,memo,transparent
pt,memorar,en,memorandum,altered
pt,memorial,en,memorial,transparent
pt,memorizar,en,memorize,transparent
pt,memorização,en,memorization,transparent
pt,memorável,en,memorable,transparent
pt,memória,en,memory,transparent
pt,meningite,en,meningitis,altered
pt,menisco,en,meniscus,transparent
pt,menopausa,en,menopause,transparent
pt,menor,en,minor,transparent
pt,menos,en,minus,altered
pt,mensagem,en,message,transparent
pt,menstrual,en,menstrual,transparent
pt,menstruação,en,menstruation,transparent
pt,mensurável,en,measurable,altered
pt,menta,en,mint,transparent
pt,mental,en,mental,transparent
pt,mentalidade,en,mentality,transparent
pt,mentalmente,en,mentally,transparent
pt,mentor,en,mentor,transparent
pt,menu,en,menu,transparent
pt,menção,en,mention,transparent
pt,mercador,en,merchant,altered
pt,mercadoria,en,merchandise,altered
pt,mercantil,en,mercantile,transparent
pt,mercenário,en,mercenary,transparent
pt,merchandising,en,merchandising,transparent
pt,mercurial,en,mercurial,transparent
pt,mercê,en,mercy,altered
pt,mercúrio,en,mercury,transparent
pt,merengue,en,meringue,transparent
pt,meridiano,en,meridian,transparent
pt,merino,en,merino,transparent
pt,meritório,en,meritorious,transparent
pt,mesotelioma,en,mesothelioma,transparent
pt,mesquita,en,mosque,altered
pt,messias,en,messiah,transparent
pt,messiânico,en,messianic,transparent
pt,mestre,en,master,altered
pt,metabolismo,en,metabolism,transparent
pt,metabolizar,en,metabolize,transparent
pt,metadados,en,metadata,transparent
pt,metadona,en,methadone,transparent
pt,metafísico,en,metaphysical,transparent
pt,metafórico,en,metaphorical,transparent
pt,metal,en,metal,transparent
pt,metalurgia,en,metallurgy,transparent
pt,metalúrgico,en,metallurgical,transparent
pt,metamorfose,en,metamorphosis,transparent
pt,metamórfico,en,metamorphic,transparent
pt,metanfetamina,en,methamphetamine,transparent
pt,metano,en,methane,transparent
pt,metanol,en,methanol,transparent
pt,metastático,en,metastatic,transparent
pt,meteoro,en,meteor,transparent
pt,meteorologia,en,meteorology,transparent
pt,meteorologista,en,meteorologist,transparent
pt,meteorológico,en,meteorological,transparent
pt,meteórico,en,meteoric,transparent
pt,meticuloso,en,meticulous,transparent
pt,metodista,en,methodist,transparent
pt,metodologia,en,methodology,transparent
pt,metodológico,en,methodological,transparent
pt,metro,en,meter,transparent
pt,metropolitano,en,metropolitan,transparent
pt,metrópole,en,metropolis,transparent
pt,metrônomo,en,metronome,transparent
pt,metáfora,en,metaphor,transparent
pt,metálico,en,metallic,transparent
pt,metástase,en,metastasis,altered
pt,metódico,en,methodical,transparent
pt,mexicano,en,mexican,transparent
pt,mica,en,mica,transparent
pt,micro,en,micro,transparent
pt,microbiano,en,microbial,transparent
pt,microbiologia,en,microbiology,transparent
pt,microbioma,en,microbiome,transparent
pt,microchip,en,microchip,transparent
pt,microcosmo,en,microcosm,transparent
pt,microfone,en,mic,altered
pt,micrograma,en,microgram,transparent
pt,microprocessador,en,microprocessor,transparent
pt,microrganismo,en,microorganism,transparent
pt,microscopia,en,microscopy,transparent
pt,microscópico,en,microscopic,altered
pt,microscópio,en,microscope,transparent
pt,micróbio,en,microbe,transparent
pt,micrômetro,en,micrometer,transparent
pt,midi,en,midi,transparent
pt,mieloma,en,myeloma,transparent
pt,migrante,en,migrant,transparent
pt,migrar,en,migrate,transparent
pt,migratório,en,migratory,transparent
pt,migração,en,migration,transparent
pt,migrânea,en,migraine,transparent
pt,milagre,en,miracle,altered
pt,milagroso,en,miraculous,altered
pt,milhão,en,million,altered
pt,miligrama,en,milligram,transparent
pt,milionário,en,millionaire,transparent
pt,milionésimo,en,millionth,altered
pt,milissegundo,en,millisecond,transparent
pt,militante,en,militant,transparent
pt,militar,en,military,transparent
pt,militarismo,en,militarism,transparent
pt,militarista,en,militaristic,altered
pt,militarizar,en,militarize,transparent
pt,militarmente,en,militarily,transparent
pt,militância,en,militancy,transparent
pt,milénio,en,millennium,altered
pt,milícia,en,militia,transparent
pt,milímetro,en,millimeter,transparent
pt,mimo,en,mime,transparent
pt,mimoso,en,mimosa,transparent
pt,minarete,en,minaret,transparent
pt,mineral,en,mineral,transparent
pt,mineralogia,en,mineralogy,transparent
pt,mini,en,mini,transparent
pt,miniaturar,en,miniature,transparent
pt,minibus,en,minibus,transparent
pt,minimal,en,minimal,transparent
pt,minimalismo,en,minimalism,transparent
pt,minimalista,en,minimalist,transparent
pt,minimamente,en,minimally,transparent
pt,minimizar,en,minimize,transparent
pt,minion,en,minion,transparent
pt,minissérie,en,miniseries,transparent
pt,ministerial,en,ministerial,transparent
pt,ministro,en,minister,altered
pt,ministério,en,ministry,altered
pt,minivan,en,minivan,transparent
pt,minoria,en,minority,transparent
pt,minotauro,en,minotaur,transparent
pt,minuto,en,minute,transparent
pt,minúcia,en,minutia,transparent
pt,minúsculo,en,minuscule,transparent
pt,mioceno,en,miocene,altered
pt,miragem,en,mirage,altered
pt,mirza,en,mirza,transparent
pt,miríade,en,myriad,altered
pt,miseravelmente,en,miserably,altered
pt,miserável,en,miserable,transparent
pt,misoginia,en,misogyny,transparent
pt,missionário,en,missionary,transparent
pt,missão,en,mission,transparent
pt,mister,en,mister,transparent
pt,misterioso,en,mysterious,transparent
pt,misticismo,en,mysticism,transparent
pt,mistificar,en,mystify,altered
pt,mistério,en,mystery,transparent
pt,miséria,en,misery,transparent
pt,misógino,en,misogynist,altered
pt,mitigar,en,mitigate,transparent
pt,mitigação,en,mitigation,transparent
pt,mito,en,mythos,altered
pt,mitologia,en,mythology,transparent
pt,mitológico,en,mythological,altered
pt,mitose,en,mitosis,altered
pt,mnemônico,en,mnemonic,transparent
pt,mobilidade,en,mobility,transparent
pt,mobilizar,en,mobilize,transparent
pt,mobilização,en,mobilization,transparent
pt,mockup,en,mockup,transparent
pt,moda,en,moda,transparent
pt,modal,en,modal,transparent
pt,modalidade,en,modality,transparent
pt,modelo,en,model,transparent
pt,modem,en,modem,transparent
pt,moderadamente,en,moderately,transparent
pt,moderador,en,moderator,transparent
pt,moderar,en,moderate,transparent
pt,moderação,en,moderation,transparent
pt,modernidade,en,modernity,transparent
pt,modernismo,en,modernism,transparent
pt,modernista,en,modernist,transparent
pt,modernizar,en,modernize,transparent
pt,modernização,en,modernization,transparent
pt,moderno,en,modern,transparent
pt,modesto,en,modest,transparent
pt,modificador,en,modifier,transparent
pt,modificar,en,modify,transparent
pt,modificação,en,modification,transparent
pt,modo,en,mode,transparent
pt,modulador,en,modulator,transparent
pt,modular,en,modular,transparent
pt,modulação,en,modulation,transparent
pt,modéstia,en,modesty,transparent
pt,mogol,en,mogul,altered
pt,moinho,en,mill,altered
pt,molar,en,molar,transparent
pt,molde,en,mold,transparent
pt,molecular,en,molecular,transparent
pt,molestar,en,molest,transparent
pt,molibdênio,en,molybdenum,altered
pt,molusco,en,mollusk,altered
pt,molécula,en,molecule,transparent
pt,momentaneamente,en,momentarily,transparent
pt,momento,en,moment,transparent
pt,momentum,en,momentum,transparent
pt,momentâneo,en,momentary,transparent
pt,monarca,en,monarch,transparent
pt,monarquia,en,monarchy,altered
pt,monetizar,en,monetize,transparent
pt,monetização,en,monetization,transparent
pt,monetário,en,monetary,altered
pt,monge,en,monk,altered
pt,mongol,en,mongolian,altered
pt,monitor,en,monitor,transparent
pt,monoclonal,en,monoclonal,transparent
pt,monocromático,en,monochrome,altered
pt,monogamia,en,monogamy,transparent
pt,monografia,en,monograph,transparent
pt,monolito,en,monolith,transparent
pt,monolítico,en,monolithic,transparent
pt,monopolizar,en,monopolize,transparent
pt,monopólio,en,monopoly,transparent
pt,monotonia,en,monotony,transparent
pt,monsenhor,en,monsignor,altered
pt,monstro,en,monster,altered
pt,monstruosidade,en,monstrosity,transparent
pt,montanha,en,mountain,transparent
pt,montanhoso,en,mountainous,altered
pt,montanhês,en,mountaineer,altered
pt,montenegro,en,montenegro,transparent
pt,montreal,en,montreal,transparent
pt,monumental,en,monumental,transparent
pt,monumento,en,monument,transparent
pt,monástico,en,monastic,transparent
pt,monção,en,monsoon,altered
pt,monólogo,en,monologue,transparent
pt,monótono,en,monotone,altered
pt,monóxido,en,monoxide,transparent
pt,monômero,en,monomer,transparent
pt,moral,en,moral,transparent
pt,moralidade,en,morality,transparent
pt,morbidade,en,morbidity,transparent
pt,morfeu,en,morpheus,altered
pt,morfina,en,morphine,altered
pt,morfologia,en,morphology,transparent
pt,morfológico,en,morphological,transparent
pt,morgue,en,morgue,transparent
pt,mortal,en,mortal,transparent
pt,mortalidade,en,mortality,transparent
pt,mortalmente,en,mortally,transparent
pt,morte,en,mort,altered
pt,morteiro,en,mortar,altered
pt,mortificar,en,mortify,transparent
pt,mosquete,en,musket,altered
pt,mosqueteiro,en,musketeer,altered
pt,mosquito,en,mosquito,transparent
pt,mosteiro,en,monastery,altered
pt,mota,en,mote,altered
pt,motel,en,motel,transparent
pt,motilidade,en,motility,transparent
pt,motim,en,mutiny,altered
pt,motivacional,en,motivational,transparent
pt,motivador,en,motivator,transparent
pt,motivar,en,motivate,transparent
pt,motivação,en,motivation,transparent
pt,motivo,en,motive,transparent
pt,motocicleta,en,motorcycle,transparent
pt,motociclista,en,motorcyclist,transparent
pt,motocross,en,motocross,transparent
pt,motor,en,motor,transparent
pt,motorista,en,motorist,transparent
pt,mousse,en,mousse,transparent
pt,mover,en,mover,transparent
pt,movimento,en,movement,transparent
pt,mozzarella,en,mozzarella,transparent
pt,moção,en,motion,transparent
pt,muco,en,mucus,altered
pt,mucoso,en,mucous,transparent
pt,mudo,en,mute,transparent
pt,muffin,en,muffin,transparent
pt,mufti,en,mufti,transparent
pt,mulato,en,mulatto,transparent
pt,mulo,en,mules,altered
pt,multicultural,en,multicultural,transparent
pt,multiculturalismo,en,multiculturalism,transparent
pt,multidisciplinar,en,multidisciplinary,transparent
pt,multidão,en,multitude,altered
pt,multijogador,en,multiplayer,altered
pt,multilateral,en,multilateral,transparent
pt,multilíngue,en,multilingual,altered
pt,multimídia,en,multimedia,transparent
pt,multinacional,en,multinational,transparent
pt,multiplex,en,multiplex,transparent
pt,multiplicar,en,multiply,transparent
pt,multiplicação,en,multiplication,transparent
pt,multitarefa,en,multitask,transparent
pt,multivariado,en,multivariate,altered
pt,multiverso,en,multiverse,transparent
pt,mundano,en,mundane,transparent
pt,municipal,en,municipal,transparent
pt,municipalidade,en,municipality,transparent
pt,munição,en,ammunition,altered
pt,mural,en,mural,transparent
pt,murmúrio,en,murmur,altered
pt,musa,en,muse,transparent
pt,muscular,en,muscular,transparent
pt,musculoesquelético,en,musculoskeletal,transparent
pt,museu,en,museum,altered
pt,musical,en,musical,transparent
pt,musselina,en,muslin,transparent
pt,mustang,en,mustang,transparent
pt,mutante,en,mutant,transparent
pt,mutar,en,mutate,transparent
pt,mutação,en,mutation,transparent
pt,mutilar,en,mutilate,transparent
pt,mutilação,en,mutilation,transparent
pt,mutuamente,en,mutually,transparent
pt,muçulmano,en,muslim,altered
pt,máfia,en,mafia,transparent
pt,mágico,en,magical,transparent
pt,máquina,en,machine,transparent
pt,mármore,en,marble,altered
pt,mártir,en,martyr,transparent
pt,máscara,en,mask,transparent
pt,máximo,en,max,altered
pt,mão,en,manus,altered
pt,médico,en,medical,altered
pt,médio,en,medium,transparent
pt,mérito,en,merit,transparent
pt,método,en,method,transparent
pt,métrico,en,metric,transparent
pt,mícron,en,micron,transparent
pt,mímico,en,mimic,transparent
pt,mínimo,en,minimum,transparent
pt,míope,en,myopic,altered
pt,míssil,en,missile,altered
pt,místico,en,mystic,transparent
pt,mítico,en,mythic,transparent
pt,módico,en,modicum,altered
pt,módulo,en,module,transparent
pt,mórbido,en,morbid,transparent
pt,mórmon,en,mormon,transparent
pt,móvel,en,mobile,altered
pt,múltiplo,en,multiple,altered
pt,múmia,en,mummy,altered
pt,músculo,en,muscle,transparent
pt,músico,en,music,transparent
pt,mútuo,en,mutual,transparent
pt,nacional,en,national,transparent
pt,nacionalidade,en,nationality,transparent
pt,nacionalismo,en,nationalism,transparent
pt,nacionalista,en,nationalist,transparent
pt,nacionalizar,en,nationalise,transparent
pt,nacionalização,en,nationalization,transparent
pt,nacionalmente,en,nationally,transparent
pt,nadir,en,nadir,transparent
pt,nanar,en,nano,transparent
pt,nanotecnologia,en,nanotechnology,transparent
pt,napoleão,en,napoleon,altered
pt,napoleônico,en,napoleonic,transparent
pt,napolitano,en,neapolitan,altered
pt,narcisismo,en,narcissism,transparent
pt,narcisista,en,narcissistic,transparent
pt,narciso,en,narcissus,altered
pt,narcótico,en,narcotic,transparent
pt,narrador,en,narrator,transparent
pt,narrar,en,narrate,transparent
pt,narrativo,en,narrative,transparent
pt,narração,en,narration,transparent
pt,nasal,en,nasal,transparent
pt,nascente,en,nascent,transparent
pt,natal,en,natal,transparent
pt,natividade,en,nativity,transparent
pt,nativo,en,native,transparent
pt,natura,en,natura,transparent
pt,natural,en,natural,transparent
pt,naturalismo,en,naturalism,transparent
pt,naturalista,en,naturalist,transparent
pt,naturalizar,en,naturalize,transparent
pt,naturalização,en,naturalization,transparent
pt,naturalmente,en,naturally,transparent
pt,nauseabundo,en,nauseous,altered
pt,naval,en,naval,transparent
pt,nave,en,nave,transparent
pt,navegador,en,navigator,altered
pt,navegar,en,navigate,transparent
pt,navegação,en,navigation,transparent
pt,navegável,en,navigable,transparent
pt,nazi,en,nazi,transparent
pt,nazismo,en,nazism,transparent
pt,nação,en,nation,transparent
pt,nebuloso,en,nebula,altered
pt,necessariamente,en,necessarily,transparent
pt,necessidade,en,necessity,transparent
pt,necessitar,en,necessitate,transparent
pt,necessário,en,necessary,transparent
pt,necrose,en,necrosis,altered
pt,negar,en,negate,altered
pt,negatividade,en,negativity,transparent
pt,negativo,en,negative,transparent
pt,negação,en,negation,altered
pt,negligente,en,negligent,transparent
pt,negligência,en,negligence,transparent
pt,negociador,en,negotiator,transparent
pt,negociar,en,negotiate,transparent
pt,negociação,en,negotiation,transparent
pt,negociável,en,negotiable,transparent
pt,negro,en,negro,transparent
pt,nemesis,en,nemesis,transparent
pt,neo,en,neo,transparent
pt,neoliberal,en,neoliberal,transparent
pt,neoliberalismo,en,neoliberalism,transparent
pt,neolítico,en,neolithic,transparent
pt,neonatal,en,neonatal,transparent
pt,neoplasia,en,neoplasm,altered
pt,nepal,en,nepal,transparent
pt,nepotismo,en,nepotism,transparent
pt,nervo,en,nerve,transparent
pt,nervosismo,en,nervousness,transparent
pt,nervoso,en,nervous,transparent
pt,netuno,en,neptune,altered
pt,network,en,network,transparent
pt,neural,en,neural,transparent
pt,neuro,en,neuro,transparent
pt,neurobiologia,en,neurobiology,altered
pt,neurociência,en,neuroscience,transparent
pt,neurologia,en,neurology,transparent
pt,neurologista,en,neurologist,transparent
pt,neurológico,en,neurological,transparent
pt,neuromuscular,en,neuromuscular,transparent
pt,neuronal,en,neuronal,transparent
pt,neuropatia,en,neuropathy,transparent
pt,neurose,en,neurosis,altered
pt,neurotransmissor,en,neurotransmitter,transparent
pt,neurótico,en,neurotic,transparent
pt,neurônio,en,neuron,altered
pt,neutral,en,neutral,transparent
pt,neutralidade,en,neutrality,transparent
pt,neutralizar,en,neutralize,transparent
pt,neutrino,en,neutrino,transparent
pt,neutro,en,neuter,altered
pt,neutrão,en,neutron,altered
pt,neve,en,neve,transparent
pt,newtoniano,en,newtonian,transparent
pt,nexo,en,nexus,transparent
pt,neônio,en,neon,altered
pt,nicho,en,niche,transparent
pt,nigeriano,en,nigerian,transparent
pt,niilismo,en,nihilism,altered
pt,nil,en,nil,transparent
pt,nimbo,en,nimbus,altered
pt,ninja,en,ninja,transparent
pt,nintendo,en,nintendo,transparent
pt,nirvana,en,nirvana,transparent
pt,nitrato,en,nitrate,transparent
pt,nitro,en,nitro,transparent
pt,nitrogênio,en,nitrogen,transparent
pt,nitroso,en,nitrous,transparent
pt,nobre,en,noble,altered
pt,noel,en,noel,transparent
pt,nome,en,name,altered
pt,nomeação,en,nomination,altered
pt,nomenclatura,en,nomenclature,transparent
pt,nominado,en,nominee,altered
pt,nominal,en,nominal,transparent
pt,nominar,en,nominate,transparent
pt,nonstop,en,nonstop,transparent
pt,nordeste,en,northeastern,altered
pt,norma,en,norm,transparent
pt,normal,en,normal,transparent
pt,normalidade,en,normality,transparent
pt,normalizar,en,normalize,transparent
pt,normalização,en,normalization,altered
pt,normalmente,en,normally,transparent
pt,normativo,en,normative,transparent
pt,norte,en,north,altered
pt,nostalgia,en,nostalgia,transparent
pt,nostálgico,en,nostalgic,transparent
pt,notar,en,note,transparent
pt,notação,en,notation,transparent
pt,notebook,en,notebook,transparent
pt,notificar,en,notify,transparent
pt,notificação,en,notification,transparent
pt,notoriedade,en,notoriety,transparent
pt,noturno,en,nocturnal,altered
pt,notário,en,notary,transparent
pt,notável,en,notable,transparent
pt,notícia,en,notice,transparent
pt,notório,en,notorious,transparent
pt,nove,en,nine,altered
pt,novelar,en,novel,altered
pt,novelista,en,novelist,transparent
pt,novembro,en,november,transparent
pt,novidade,en,novelty,transparent
pt,noviço,en,novice,altered
pt,noção,en,notion,transparent
pt,nu,en,nu,transparent
pt,nuance,en,nuance,transparent
pt,nuclear,en,nuclear,transparent
pt,nudez,en,nudity,altered
pt,nudista,en,nudist,transparent
pt,nulo,en,null,altered
pt,numeral,en,numeral,transparent
pt,numericamente,en,numerically,transparent
pt,numeroso,en,numerous,transparent
pt,numérico,en,numerical,altered
pt,nutricional,en,nutritional,transparent
pt,nutriente,en,nutrient,transparent
pt,nutrir,en,nurture,altered
pt,nutritivo,en,nutritious,altered
pt,nutrição,en,nutrition,transparent
pt,nylon,en,nylon,transparent
pt,náusea,en,nausea,transparent
pt,náutico,en,nautical,transparent
pt,néctar,en,nectar,transparent
pt,níquel,en,nickel,transparent
pt,nítrico,en,nitric,transparent
pt,nível,en,level,transparent
pt,nó,en,node,altered
pt,nódulo,en,nodule,transparent
pt,nórdico,en,nordic,transparent
pt,nômade,en,nomadic,transparent
pt,núcleo,en,nucleus,transparent
pt,número,en,number,transparent
pt,obedecer,en,obey,transparent
pt,obediente,en,obedient,transparent
pt,obediência,en,obedience,altered
pt,obelisco,en,obelisk,transparent
pt,obesidade,en,obesity,transparent
pt,obeso,en,obese,altered
pt,obituário,en,obituary,transparent
pt,objetificação,en,objectification,transparent
pt,objetivamente,en,objectively,transparent
pt,objetividade,en,objectivity,transparent
pt,objetivo,en,objective,transparent
pt,objeto,en,object,transparent
pt,objeção,en,objection,transparent
pt,obliquamente,en,obliquely,transparent
pt,obliterar,en,obliterate,transparent
pt,oblongo,en,oblong,transparent
pt,oblíquo,en,oblique,transparent
pt,oboe,en,oboe,transparent
pt,obrigar,en,oblige,altered
pt,obrigatório,en,obligatory,altered
pt,obrigação,en,obligation,transparent
pt,obscenidade,en,obscenity,transparent
pt,obsceno,en,obscene,transparent
pt,obscuridade,en,obscurity,transparent
pt,obscuro,en,obscure,transparent
pt,observacional,en,observational,transparent
pt,observador,en,observer,transparent
pt,observar,en,observe,altered
pt,observatório,en,observatory,transparent
pt,observação,en,observation,transparent
pt,observável,en,observable,transparent
pt,observância,en,observance,transparent
pt,obsessão,en,obsession,transparent
pt,obsidiana,en,obsidian,transparent
pt,obsolescência,en,obsolescence,transparent
pt,obstruir,en,obstruct,altered
pt,obstrutivo,en,obstructive,altered
pt,obstrução,en,obstruction,altered
pt,obstáculo,en,obstacle,transparent
pt,obter,en,obtain,altered
pt,obtuso,en,obtuse,transparent
pt,ocasional,en,occasional,transparent
pt,ocasionalmente,en,occasionally,transparent
pt,ocasião,en,occasion,transparent
pt,occipital,en,occipital,transparent
pt,oceania,en,oceania,transparent
pt,oceano,en,ocean,transparent
pt,oceanografia,en,oceanography,transparent
pt,oceanográfico,en,oceanographic,transparent
pt,oceânico,en,oceanic,altered
pt,ocidental,en,occidental,transparent
pt,ocitocina,en,oxytocin,altered
pt,oclusão,en,occlusion,transparent
pt,ocorrência,en,occurrence,transparent
pt,octano,en,octane,transparent
pt,ocular,en,ocular,transparent
pt,oculto,en,occult,transparent
pt,ocupacional,en,occupational,transparent
pt,ocupante,en,occupant,transparent
pt,ocupar,en,occupy,altered
pt,ocupação,en,occupation,transparent
pt,ode,en,ode,transparent
pt,odisseia,en,odyssey,altered
pt,odor,en,odor,transparent
pt,ofender,en,offend,transparent
pt,ofensivo,en,offensive,transparent
pt,ofenso,en,offense,transparent
pt,ofensor,en,offender,altered
pt,ofertar,en,offer,altered
pt,offshore,en,offshore,transparent
pt,oficial,en,official,transparent
pt,oficialmente,en,officially,transparent
pt,oficiar,en,officiate,altered
pt,oftalmologia,en,ophthalmology,altered
pt,ofuscar,en,obfuscate,altered
pt,ogro,en,ogre,transparent
pt,ohm,en,ohm,transparent
pt,oitavar,en,octave,altered
pt,ok,en,ok,transparent
pt,oktoberfest,en,oktoberfest,transparent
pt,olfatório,en,olfactory,altered
pt,oligarca,en,oligarch,transparent
pt,oligarquia,en,oligarchy,transparent
pt,olimpo,en,olympus,altered
pt,olimpíada,en,olympiad,altered
pt,oliva,en,olive,transparent
pt,olímpico,en,olympic,transparent
pt,ombudsman,en,ombudsman,transparent
pt,omelete,en,omelette,altered
pt,omen,en,omen,transparent
pt,omissão,en,omission,transparent
pt,omni,en,omni,transparent
pt,oncologia,en,oncology,transparent
pt,oncologista,en,oncologist,altered
pt,onipotente,en,omnipotent,transparent
pt,onisciente,en,omniscient,altered
pt,online,en,online,transparent
pt,ontologia,en,ontology,transparent
pt,ontológico,en,ontological,transparent
pt,ooze,en,ooze,transparent
pt,opacidade,en,opacity,transparent
pt,opaco,en,opaque,altered
pt,opala,en,opal,transparent
pt,opcional,en,optional,transparent
pt,opcionalmente,en,optionally,transparent
pt,opel,en,opel,transparent
pt,opep,en,opec,altered
pt,operacional,en,operational,transparent
pt,operacionalmente,en,operationally,transparent
pt,operador,en,operator,transparent
pt,operar,en,operate,transparent
pt,operativo,en,operative,transparent
pt,operação,en,operation,transparent
pt,operático,en,operatic,transparent
pt,opinar,en,opine,transparent
pt,opinião,en,opinion,transparent
pt,opioide,en,opioid,transparent
pt,opiáceo,en,opiate,altered
pt,oponente,en,opponent,transparent
pt,opor,en,oppose,transparent
pt,oportunidade,en,opportunity,transparent
pt,oportunista,en,opportunistic,altered
pt,oportuno,en,opportune,transparent
pt,oposição,en,opposition,transparent
pt,opossum,en,opossum,transparent
pt,oposto,en,opposite,altered
pt,opressivo,en,oppressive,altered
pt,opressor,en,oppressor,transparent
pt,opressão,en,oppression,transparent
pt,oprimir,en,oppress,altered
pt,optometria,en,optometry,altered
pt,optometrista,en,optometrist,transparent
pt,opulento,en,opulent,transparent
pt,opção,en,option,transparent
pt,orador,en,orator,transparent
pt,oral,en,oral,transparent
pt,oralmente,en,orally,transparent
pt,orangotango,en,orangutan,altered
pt,oratório,en,oratorio,transparent
pt,orbital,en,orbital,transparent
pt,orca,en,orca,transparent
pt,ordenança,en,ordinance,altered
pt,ordenar,en,ordinate,altered
pt,ordenação,en,ordination,transparent
pt,ordinal,en,ordinal,transparent
pt,ordinário,en,ordinary,transparent
pt,oreo,en,oreo,transparent
pt,organela,en,organelle,altered
pt,organicamente,en,organically,transparent
pt,organismo,en,organism,transparent
pt,organista,en,organist,transparent
pt,organizacional,en,organizational,transparent
pt,organizador,en,organizer,transparent
pt,organizar,en,organize,transparent
pt,organização,en,organization,transparent
pt,orgasmo,en,orgasm,transparent
pt,orgia,en,orgy,transparent
pt,orgânico,en,organic,transparent
pt,oriental,en,oriental,transparent
pt,orientar,en,orientate,altered
pt,orientação,en,orientation,transparent
pt,oriente,en,orient,transparent
pt,origami,en,origami,transparent
pt,origem,en,origin,altered
pt,originador,en,originator,transparent
pt,original,en,original,transparent
pt,originalidade,en,originality,transparent
pt,originar,en,originate,transparent
pt,originação,en,origination,transparent
pt,ornamental,en,ornamental,transparent
pt,ornamentação,en,ornamentation,transparent
pt,ornamento,en,ornament,transparent
pt,ornar,en,ornate,transparent
pt,orquestral,en,orchestral,transparent
pt,orquestrar,en,orchestra,transparent
pt,orquestração,en,orchestration,altered
pt,orquídea,en,orchid,altered
pt,ortodontista,en,orthodontist,altered
pt,ortodoxo,en,orthodox,transparent
pt,ortogonal,en,orthogonal,transparent
pt,ortopédico,en,orthopedic,transparent
pt,oráculo,en,oracle,transparent
pt,orégano,en,oregano,transparent
pt,oscilador,en,oscillator,transparent
pt,oscilar,en,oscillate,altered
pt,oscilação,en,oscillation,transparent
pt,osmose,en,osmosis,altered
pt,osteoartrite,en,osteoarthritis,altered
pt,osteoporose,en,osteoporosis,altered
pt,ostra,en,oyster,altered
pt,osíris,en,osiris,altered
pt,otimamente,en,optimally,transparent
pt,otimismo,en,optimism,transparent
pt,otimista,en,optimistic,altered
pt,otimizar,en,optimize,altered
pt,otimização,en,optimization,altered
pt,outfit,en,outfit,transparent
pt,outono,en,autumn,altered
pt,outro,en,outro,transparent
pt,outsider,en,outsider,transparent
pt,oval,en,oval,transparent
pt,ovação,en,ovation,transparent
pt,ovular,en,ovulate,altered
pt,ovulação,en,ovulation,transparent
pt,ovário,en,ovary,altered
pt,oxicodona,en,oxycodone,altered
pt,oxidar,en,oxidize,transparent
pt,oxidase,en,oxidase,transparent
pt,oxidativo,en,oxidative,transparent
pt,oxidação,en,oxidation,transparent
pt,oxigenar,en,oxygenate,transparent
pt,oxigénio,en,oxygen,transparent
pt,oxímoro,en,oxymoron,altered
pt,ozono,en,ozone,transparent
pt,oásis,en,oasis,transparent
pt,paciente,en,patient,transparent
pt,pacificador,en,pacifier,transparent
pt,pacificar,en,pacify,transparent
pt,pacifismo,en,pacifism,transparent
pt,pacifista,en,pacifist,transparent
pt,paciência,en,patience,transparent
pt,pacote,en,pack,altered
pt,pacto,en,pact,transparent
pt,pacífico,en,pacific,transparent
pt,padre,en,padre,transparent
pt,pagamento,en,payment,transparent
pt,paganismo,en,paganism,transparent
pt,pagode,en,pagoda,altered
pt,pagável,en,payable,altered
pt,pagão,en,pagan,transparent
pt,painel,en,panel,altered
pt,paixão,en,passion,altered
pt,palaciano,en,palatial,altered
pt,paladino,en,paladin,transparent
pt,palato,en,palate,altered
pt,paleolítico,en,paleolithic,transparent
pt,paleontologia,en,paleontology,transparent
pt,palestino,en,palestinian,transparent
pt,paleta,en,palette,transparent
pt,palete,en,pallet,altered
pt,paliativo,en,palliative,transparent
pt,paliçada,en,palisade,altered
pt,palmar,en,palm,transparent
pt,palpitação,en,palpitation,transparent
pt,palpável,en,palpable,transparent
pt,palácio,en,palace,transparent
pt,paládio,en,palladium,transparent
pt,panaceia,en,panacea,altered
pt,panache,en,panache,transparent
pt,panamenho,en,panamanian,altered
pt,panamá,en,panama,transparent
pt,pancreatite,en,pancreatitis,altered
pt,pancreático,en,pancreatic,transparent
pt,pandemia,en,pandemic,transparent
pt,pando,en,panda,transparent
pt,pandora,en,pandora,transparent
pt,panfleto,en,pamphlet,altered
pt,panorama,en,panorama,transparent
pt,panorâmico,en,panoramic,transparent
pt,pantera,en,panther,altered
pt,panteão,en,pantheon,transparent
pt,panty,en,panty,transparent
pt,papaia,en,papaya,altered
pt,papal,en,papal,transparent
pt,paparazzi,en,paparazzi,transparent
pt,papiro,en,papyrus,transparent
pt,par,en,pair,altered
pt,parabólico,en,parabolic,transparent
pt,paracetamol,en,paracetamol,transparent
pt,paradigma,en,paradigm,transparent
pt,paradoxal,en,paradoxical,transparent
pt,paradoxo,en,paradox,transparent
pt,parafernália,en,paraphernalia,transparent
pt,paraguai,en,paraguay,altered
pt,paralaxe,en,parallax,transparent
pt,paralelo,en,parallel,altered
pt,paralisar,en,paralyze,transparent
pt,paralisia,en,paralysis,transparent
pt,paralímpico,en,paralympic,transparent
pt,paramilitar,en,paramilitary,transparent
pt,paramétrico,en,parametric,transparent
pt,paranoia,en,paranoia,transparent
pt,paranormal,en,paranormal,transparent
pt,paranóide,en,paranoid,transparent
pt,paraolímpicos,en,paralympics,transparent
pt,parapeito,en,parapet,altered
pt,paraplégico,en,paraplegic,altered
pt,paraquedas,en,parachute,transparent
pt,parasitar,en,parasite,transparent
pt,parasitário,en,parasitic,altered
pt,parasol,en,parasol,transparent
pt,paraíso,en,paradise,transparent
pt,parceiro,en,partner,altered
pt,parcial,en,partial,transparent
pt,parcialmente,en,partially,altered
pt,parental,en,parental,transparent
pt,paridade,en,parity,altered
pt,parietal,en,parietal,transparent
pt,parisiense,en,parisian,altered
pt,parlamentar,en,parliamentary,transparent
pt,parlamento,en,parliament,transparent
pt,parlor,en,parlor,transparent
pt,parmesão,en,parmesan,transparent
pt,paroquial,en,parochial,altered
pt,parque,en,park,transparent
pt,participante,en,participant,transparent
pt,participar,en,participate,transparent
pt,participação,en,participation,transparent
pt,particulado,en,particulate,transparent
pt,particular,en,particular,transparent
pt,particularmente,en,particularly,transparent
pt,particípio,en,participle,altered
pt,partidarismo,en,partisanship,altered
pt,partidário,en,partisan,altered
pt,partir,en,part,transparent
pt,partição,en,partition,transparent
pt,partícula,en,particle,altered
pt,parábola,en,parable,transparent
pt,paráfrase,en,paraphrase,altered
pt,parágrafo,en,paragraph,transparent
pt,parâmetro,en,parameter,transparent
pt,parêntese,en,parenthesis,altered
pt,paródia,en,parody,transparent
pt,pascal,en,pascal,transparent
pt,passagem,en,passage,altered
pt,passaporte,en,passport,transparent
pt,passivamente,en,passively,transparent
pt,passividade,en,passivity,altered
pt,passivo,en,passive,transparent
pt,passo,en,pass,altered
pt,pastel,en,pastel,transparent
pt,pastor,en,pastor,transparent
pt,pastoral,en,pastoral,transparent
pt,patagônia,en,patagonia,transparent
pt,patente,en,patent,transparent
pt,paternal,en,paternal,transparent
pt,paternidade,en,paternity,transparent
pt,patogênico,en,pathogenic,transparent
pt,patologia,en,pathology,transparent
pt,patologista,en,pathologist,altered
pt,patológico,en,pathological,transparent
pt,patriarca,en,patriarch,transparent
pt,patriarcado,en,patriarchy,altered
pt,patriarcal,en,patriarchal,transparent
pt,patriota,en,patriot,transparent
pt,patriotismo,en,patriotism,transparent
pt,patriótico,en,patriotic,transparent
pt,patrocinar,en,patronize,transparent
pt,patronato,en,patronage,altered
pt,patrulhar,en,patrol,altered
pt,patrão,en,patron,transparent
pt,patrício,en,patrician,transparent
pt,paté,en,pate,transparent
pt,patético,en,pathetic,transparent
pt,pausar,en,pause,transparent
pt,pavilhão,en,pavilion,altered
pt,pavimento,en,pavement,transparent
pt,pavão,en,peacock,altered
pt,paz,en,peace,altered
pt,peculiar,en,peculiar,transparent
pt,peculiarmente,en,peculiarly,altered
pt,pecíolo,en,petiole,altered
pt,pedagogia,en,pedagogy,transparent
pt,pedagógico,en,pedagogical,transparent
pt,pedal,en,pedal,transparent
pt,pedante,en,pedantic,transparent
pt,pedestal,en,pedestal,transparent
pt,pediatria,en,pediatrics,altered
pt,pedigree,en,pedigree,transparent
pt,pediátrico,en,pediatric,transparent
pt,pedofilia,en,pedophilia,transparent
pt,pedófilo,en,pedophile,transparent
pt,peitoral,en,pectoral,altered
pt,peixe,en,pisces,altered
pt,pejorativo,en,pejorative,transparent
pt,pelicano,en,pelican,transparent
pt,pelotão,en,peloton,transparent
pt,pelve,en,pelvis,altered
pt,penalidade,en,penalty,transparent
pt,penalizar,en,penalize,transparent
pt,pendente,en,pendant,transparent
pt,pender,en,pend,altered
pt,penetrar,en,penetrate,transparent
pt,penetração,en,penetration,transparent
pt,peniano,en,penile,altered
pt,penicilina,en,penicillin,transparent
pt,peninsular,en,peninsular,transparent
pt,penitenciário,en,penitentiary,transparent
pt,penitente,en,penitent,transparent
pt,penitência,en,penance,altered
pt,pensionista,en,pensioner,transparent
pt,pensão,en,pension,altered
pt,pentagrama,en,pentagram,transparent
pt,pentecostal,en,pentecostal,transparent
pt,pentágono,en,pentagon,transparent
pt,península,en,peninsula,transparent
pt,penúltimo,en,penultimate,transparent
pt,pepperoni,en,pepperoni,transparent
pt,per,en,per,transparent
pt,pera,en,pear,transparent
pt,perceber,en,perceive,altered
pt,percentagem,en,percentage,transparent
pt,percentil,en,percentile,transparent
pt,perceptivo,en,perceptive,transparent
pt,percepção,en,perception,transparent
pt,percussivo,en,percussive,transparent
pt,percussão,en,percussion,transparent
pt,perdão,en,pardon,altered
pt,perecer,en,perish,altered
pt,peregrino,en,pilgrim,altered
pt,perene,en,perennial,transparent
pt,perfeccionista,en,perfectionist,transparent
pt,perfeitamente,en,perfectly,transparent
pt,perfeito,en,perfect,transparent
pt,perfeição,en,perfection,altered
pt,perfil,en,profile,altered
pt,performativo,en,performative,transparent
pt,perfume,en,perfume,transparent
pt,perfurar,en,perforate,altered
pt,perfuração,en,perforation,altered
pt,perfusão,en,perfusion,transparent
pt,periferia,en,periphery,transparent
pt,periférico,en,peripheral,altered
pt,perigoso,en,perilous,altered
pt,periodicamente,en,periodically,transparent
pt,periodicidade,en,periodicity,transparent
pt,periodontal,en,periodontal,transparent
pt,periscópio,en,periscope,transparent
pt,periódico,en,periodic,transparent
pt,perjúrio,en,perjury,transparent
pt,permanente,en,permanent,transparent
pt,permanência,en,permanence,transparent
pt,permear,en,permeate,transparent
pt,permeável,en,permeable,transparent
pt,permissivo,en,permissive,transparent
pt,permissão,en,permission,transparent
pt,permissível,en,permissible,transparent
pt,permitir,en,permit,transparent
pt,permutação,en,permutation,transparent
pt,pernicioso,en,pernicious,transparent
pt,perpendicular,en,perpendicular,transparent
pt,perpetrador,en,perpetrator,transparent
pt,perpetrar,en,perpetrate,transparent
pt,perpetuamente,en,perpetually,transparent
pt,perpetuar,en,perpetuate,altered
pt,perpetuidade,en,perpetuity,transparent
pt,perplexo,en,perplex,altered
pt,perpétuo,en,perpetual,transparent
pt,perseguir,en,persecute,altered
pt,perseverança,en,perseverance,transparent
pt,perseverar,en,persevere,transparent
pt,persia,en,persia,transparent
pt,persistente,en,persistent,transparent
pt,persistir,en,persist,transparent
pt,persistência,en,persistence,transparent
pt,personagem,en,personage,altered
pt,personalidade,en,personality,transparent
pt,personalizar,en,personalize,transparent
pt,personificar,en,impersonate,altered
pt,personificação,en,personification,altered
pt,perspectivar,en,perspective,transparent
pt,persuadir,en,persuade,transparent
pt,persuasão,en,persuasion,transparent
pt,pertencer,en,pertain,altered
pt,pertinente,en,pertinent,transparent
pt,perturbar,en,perturb,transparent
pt,perturbação,en,perturbation,transparent
pt,perverso,en,perverse,transparent
pt,perversão,en,perversion,transparent
pt,perverter,en,pervert,transparent
pt,perímetro,en,perimeter,transparent
pt,período,en,period,transparent
pt,peróxido,en,peroxide,transparent
pt,peso,en,peso,transparent
pt,pessimismo,en,pessimism,transparent
pt,pessimista,en,pessimistic,transparent
pt,pessoa,en,person,altered
pt,pessoal,en,personnel,altered
pt,pessoalmente,en,personally,altered
pt,peste,en,pest,transparent
pt,pesticida,en,pesticide,transparent
pt,pestilência,en,pestilence,transparent
pt,pesto,en,pesto,transparent
pt,peticionário,en,petitioner,altered
pt,petição,en,petition,transparent
pt,petrificar,en,petrify,transparent
pt,petroquímico,en,petrochemical,transparent
pt,petróleo,en,petroleum,transparent
pt,petulante,en,petulant,transparent
pt,petúnia,en,petunia,transparent
pt,peão,en,pawn,altered
pt,pi,en,pi,transparent
pt,pianista,en,pianist,transparent
pt,piano,en,piano,transparent
pt,piche,en,pitch,altered
pt,pico,en,peak,altered
pt,pictórico,en,pictorial,altered
pt,pidgin,en,pidgin,transparent
pt,piedade,en,piety,altered
pt,piezoelétrico,en,piezoelectric,transparent
pt,pigmentação,en,pigmentation,transparent
pt,pigmento,en,pigment,transparent
pt,pigmeu,en,pygmy,altered
pt,pijama,en,pajamas,transparent
pt,pilar,en,pillar,transparent
pt,pilates,en,pilates,transparent
pt,pilhagem,en,pillage,altered
pt,piloto,en,pilot,transparent
pt,pilão,en,pylon,altered
pt,pinguim,en,penguin,transparent
pt,pinhão,en,pinion,altered
pt,pinot,en,pinot,transparent
pt,pintar,en,paint,transparent
pt,pintor,en,painter,altered
pt,pintura,en,paint,altered
pt,pináculo,en,pinnacle,transparent
pt,pio,en,pious,altered
pt,pioneiro,en,pioneer,transparent
pt,piramidal,en,pyramidal,transparent
pt,piranha,en,piranha,transparent
pt,pirata,en,pirate,transparent
pt,pirataria,en,piracy,transparent
pt,pirita,en,pyrite,altered
pt,pirotecnia,en,pyrotechnics,altered
pt,pirâmide,en,pyramid,transparent
pt,pistola,en,pistol,transparent
pt,pistácio,en,pistachio,altered
pt,pistão,en,piston,altered
pt,pitoresco,en,picturesque,altered
pt,pivotal,en,pivotal,transparent
pt,pixel,en,pixel,transparent
pt,pizza,en,pizza,transparent
pt,pizzaria,en,pizzeria,transparent
pt,placar,en,plaque,transparent
pt,placebo,en,placebo,transparent
pt,placenta,en,placenta,transparent
pt,placentário,en,placental,altered
pt,plagiar,en,plagiarize,altered
pt,planar,en,planar,transparent
pt,planeta,en,planet,transparent
pt,planetário,en,planetary,transparent
pt,plano,en,plan,altered
pt,plantador,en,planter,altered
pt,plantar,en,plant,transparent
pt,plantação,en,plantation,transparent
pt,plaqueta,en,platelet,altered
pt,plasmar,en,plasma,transparent
pt,plasticidade,en,plasticity,transparent
pt,plataforma,en,platform,transparent
pt,plateia,en,plateau,altered
pt,platinar,en,platinum,transparent
pt,platônico,en,platonic,transparent
pt,plausível,en,plausible,transparent
pt,playback,en,playback,transparent
pt,playboy,en,playboy,transparent
pt,playoff,en,playoff,transparent
pt,plebeu,en,plebeian,altered
pt,plebiscito,en,plebiscite,transparent
pt,pleistoceno,en,pleistocene,transparent
pt,pleitear,en,plead,altered
pt,plenipotenciário,en,plenipotentiary,transparent
pt,plenário,en,plenary,transparent
pt,plexo,en,plexus,altered
pt,plioceno,en,pliocene,altered
pt,plugin,en,plugin,transparent
pt,pluma,en,plume,altered
pt,plumagem,en,plumage,altered
pt,plural,en,plural,transparent
pt,pluralidade,en,plurality,transparent
pt,pluralismo,en,pluralism,transparent
pt,plutônio,en,plutonium,transparent
pt,plácido,en,placid,altered
pt,plágio,en,plagiarism,altered
pt,plástico,en,plastic,transparent
pt,plâncton,en,plankton,transparent
pt,pneumonia,en,pneumonia,transparent
pt,pneumático,en,pneumatic,transparent
pt,podcast,en,podcast,transparent
pt,poder,en,power,altered
pt,poema,en,poem,transparent
pt,poesia,en,poetry,transparent
pt,poetar,en,poet,transparent
pt,pointer,en,pointer,transparent
pt,polar,en,polar,transparent
pt,polaridade,en,polarity,transparent
pt,polaris,en,polaris,transparent
pt,polarizar,en,polarize,transparent
pt,polarização,en,polarization,transparent
pt,polietileno,en,polyethylene,transparent
pt,poligamia,en,polygamy,transparent
pt,polimerase,en,polymerase,transparent
pt,polimerização,en,polymerization,transparent
pt,polimérico,en,polymeric,transparent
pt,polinizador,en,pollinator,transparent
pt,polinização,en,pollination,transparent
pt,polinésio,en,polynesian,transparent
pt,polinômio,en,polynomial,transparent
pt,poliomielite,en,polio,transparent
pt,polipeptídeo,en,polypeptide,transparent
pt,polipropileno,en,polypropylene,transparent
pt,polir,en,polish,altered
pt,politécnico,en,polytechnic,transparent
pt,poliéster,en,polyester,transparent
pt,polo,en,polo,transparent
pt,polos,en,poles,transparent
pt,polpa,en,pulp,altered
pt,poltergeist,en,poltergeist,transparent
pt,poluente,en,pollutant,altered
pt,poluição,en,pollution,transparent
pt,polêmica,en,polemic,altered
pt,polícia,en,police,transparent
pt,polígono,en,polygon,transparent
pt,polígrafo,en,polygraph,transparent
pt,polímero,en,polymer,transparent
pt,político,en,political,transparent
pt,pomposo,en,pompous,transparent
pt,poncho,en,poncho,transparent
pt,ponderar,en,ponder,altered
pt,pontifical,en,pontifical,transparent
pt,ponto,en,point,altered
pt,pontual,en,punctual,altered
pt,pontualidade,en,punctuality,transparent
pt,pontuar,en,punctuate,altered
pt,pontuação,en,punctuation,altered
pt,pontão,en,pontoon,altered
pt,pontífice,en,pontiff,altered
pt,poodle,en,poodle,transparent
pt,pop,en,pop,transparent
pt,popular,en,popular,transparent
pt,popularidade,en,popularity,transparent
pt,popularizar,en,popularize,transparent
pt,popularmente,en,popularly,transparent
pt,populaça,en,populace,altered
pt,população,en,population,transparent
pt,populismo,en,populism,transparent
pt,populista,en,populist,transparent
pt,popup,en,popup,transparent
pt,porcelana,en,porcelain,transparent
pt,porco,en,pork,transparent
pt,porno,en,porn,transparent
pt,pornografia,en,pornography,transparent
pt,pornográfico,en,pornographic,transparent
pt,poro,en,pore,transparent
pt,porosidade,en,porosity,transparent
pt,poroso,en,porous,altered
pt,portal,en,portal,transparent
pt,portar,en,porte,altered
pt,portfólio,en,portfolio,transparent
pt,porto,en,port,transparent
pt,português,en,portuguese,transparent
pt,portátil,en,portable,altered
pt,porção,en,portion,transparent
pt,posicional,en,positional,transparent
pt,positivamente,en,positively,transparent
pt,positividade,en,positivity,transparent
pt,positivo,en,positive,altered
pt,posição,en,position,transparent
pt,posse,en,posse,transparent
pt,possessivo,en,possessive,transparent
pt,possessão,en,possession,transparent
pt,possibilidade,en,possibility,transparent
pt,possivelmente,en,possibly,transparent
pt,possuidor,en,possessor,altered
pt,possuir,en,possess,transparent
pt,possível,en,possible,transparent
pt,postal,en,postal,transparent
pt,poste,en,post,altered
pt,poster,en,poster,transparent
pt,posteridade,en,posterity,transparent
pt,posterior,en,posterior,transparent
pt,postmortem,en,postmortem,transparent
pt,postular,en,postulate,transparent
pt,posturar,en,pose,transparent
pt,potencial,en,potential,transparent
pt,potencialmente,en,potentially,transparent
pt,potente,en,potent,transparent
pt,potássio,en,potassium,transparent
pt,potável,en,potable,altered
pt,potência,en,potency,transparent
pt,poção,en,potion,transparent
pt,poético,en,poetic,transparent
pt,pradaria,en,prairie,altered
pt,praga,en,plague,altered
pt,pragmatismo,en,pragmatism,transparent
pt,pragmatista,en,pragmatist,transparent
pt,pragmático,en,pragmatic,transparent
pt,praticamente,en,practically,transparent
pt,praticante,en,practitioner,transparent
pt,praticar,en,practise,altered
pt,praticável,en,practicable,altered
pt,prato,en,platter,altered
pt,prazer,en,pleasure,altered
pt,praça,en,plaza,altered
pt,pre,en,pre,transparent
pt,precaução,en,precaution,transparent
pt,prece,en,prayer,altered
pt,precedente,en,precedent,transparent
pt,preceder,en,precede,transparent
pt,precedência,en,precedence,transparent
pt,preceito,en,precept,altered
pt,precioso,en,precious,transparent
pt,precipitar,en,precipitate,transparent
pt,precipitação,en,precipitation,transparent
pt,precipício,en,precipice,transparent
pt,precisamente,en,precisely,transparent
pt,preciso,en,precise,transparent
pt,precisão,en,precision,transparent
pt,precoce,en,precocious,transparent
pt,precursor,en,precursor,transparent
pt,precário,en,precarious,transparent
pt,predador,en,predator,transparent
pt,predação,en,predation,transparent
pt,predecessor,en,predecessor,transparent
pt,predicamento,en,predicament,transparent
pt,predileção,en,predilection,transparent
pt,predispor,en,predispose,altered
pt,predisposição,en,predisposition,transparent
pt,preditivo,en,predictive,altered
pt,predizer,en,predict,transparent
pt,predição,en,prediction,transparent
pt,predominante,en,predominant,transparent
pt,predominantemente,en,predominantly,transparent
pt,prefeito,en,prefect,altered
pt,prefeitura,en,prefecture,altered
pt,preferencial,en,preferential,transparent
pt,preferencialmente,en,preferentially,transparent
pt,preferir,en,prefer,transparent
pt,preferência,en,preference,transparent
pt,prefixo,en,prefix,transparent
pt,prefácio,en,preface,transparent
pt,pregador,en,preacher,altered
pt,pregar,en,preach,altered
pt,prejuízo,en,prejudice,altered
pt,prelado,en,prelate,altered
pt,preliminar,en,preliminary,transparent
pt,prelúdio,en,prelude,transparent
pt,prematuramente,en,prematurely,transparent
pt,prematuro,en,premature,transparent
pt,premiere,en,premiere,transparent
pt,premissa,en,premise,transparent
pt,premonição,en,premonition,transparent
pt,prenhe,en,pregnant,altered
pt,preocupar,en,preoccupy,transparent
pt,preocupação,en,preoccupation,transparent
pt,preparar,en,prepare,transparent
pt,preparação,en,preparation,transparent
pt,preposição,en,preposition,transparent
pt,prerrogativa,en,prerogative,transparent
pt,presbiteriano,en,presbyterian,transparent
pt,presbitério,en,presbytery,transparent
pt,presciente,en,prescient,transparent
pt,prescrever,en,prescribe,altered
pt,prescritivo,en,prescriptive,altered
pt,prescrição,en,prescription,transparent
pt,presente,en,present,transparent
pt,presença,en,presence,transparent
pt,preservar,en,preserve,transparent
pt,preservação,en,preservation,transparent
pt,presidencial,en,presidential,transparent
pt,presidente,en,president,transparent
pt,presidir,en,preside,transparent
pt,presidência,en,presidency,transparent
pt,pressurizar,en,pressurize,transparent
pt,presságio,en,presage,altered
pt,pressão,en,pressure,transparent
pt,prestigioso,en,prestigious,transparent
pt,presto,en,presto,transparent
pt,prestígio,en,prestige,transparent
pt,presunção,en,presumption,transparent
pt,pretendente,en,pretender,altered
pt,pretensioso,en,pretentious,altered
pt,pretexto,en,pretext,transparent
pt,prevalecer,en,prevail,transparent
pt,prevalente,en,prevalent,transparent
pt,prevalência,en,prevalence,transparent
pt,prevenir,en,prevent,transparent
pt,preventivo,en,preventive,altered
pt,prevenção,en,prevention,transparent
pt,preview,en,preview,transparent
pt,previsibilidade,en,predictability,altered
pt,preâmbulo,en,preamble,transparent
pt,preço,en,price,altered
pt,primal,en,primal,transparent
pt,primariamente,en,primarily,transparent
pt,primata,en,primate,altered
pt,primazia,en,primacy,transparent
pt,primeiro,en,primer,altered
pt,primitivo,en,primitive,transparent
pt,primo,en,primo,transparent
pt,primordial,en,primordial,transparent
pt,primário,en,primary,transparent
pt,principal,en,principal,transparent
pt,principalmente,en,principally,transparent
pt,principesco,en,princely,altered
pt,princípio,en,principle,transparent
pt,print,en,print,transparent
pt,priori,en,priori,transparent
pt,prioridade,en,priority,transparent
pt,priorizar,en,prioritize,transparent
pt,prisioneiro,en,prisoner,transparent
pt,prisma,en,prism,transparent
pt,prismático,en,prismatic,transparent
pt,prisão,en,prison,transparent
pt,privar,en,private,altered
pt,privatizar,en,privatize,transparent
pt,privatização,en,privatization,transparent
pt,privilégio,en,privilege,transparent
pt,pro,en,pro,transparent
pt,proativamente,en,proactively,altered
pt,probabilidade,en,probability,transparent
pt,probabilístico,en,probabilistic,transparent
pt,probatório,en,probationary,altered
pt,problema,en,problem,transparent
pt,problemático,en,problematic,transparent
pt,proceder,en,proceed,transparent
pt,procedimento,en,procedure,altered
pt,processador,en,processor,transparent
pt,processo,en,process,transparent
pt,procissão,en,procession,transparent
pt,proclamar,en,proclaim,transparent
pt,proclamação,en,proclamation,altered
pt,procrastinar,en,procrastinate,transparent
pt,procrastinação,en,procrastination,transparent
pt,procriar,en,procreate,transparent
pt,procriação,en,procreation,transparent
pt,procurador,en,procurator,transparent
pt,produtivamente,en,productively,altered
pt,produtividade,en,productivity,transparent
pt,produtivo,en,productive,transparent
pt,produto,en,product,transparent
pt,produtor,en,producer,transparent
pt,produzir,en,produce,altered
pt,produção,en,production,transparent
pt,prodígio,en,prodigy,transparent
pt,proeminente,en,prominent,altered
pt,proeminência,en,prominence,transparent
pt,profanidade,en,profanity,transparent
pt,profano,en,profane,transparent
pt,profecia,en,prophecy,altered
pt,professar,en,profess,transparent
pt,professor,en,professor,transparent
pt,profeta,en,prophet,transparent
pt,proficiente,en,proficient,transparent
pt,proficiência,en,proficiency,transparent
pt,profilaxia,en,prophylaxis,altered
pt,profilático,en,prophylactic,altered
pt,profissional,en,professional,transparent
pt,profissionalismo,en,professionalism,altered
pt,profissão,en,profession,transparent
pt,profundamente,en,profoundly,transparent
pt,profundo,en,profound,transparent
pt,profusamente,en,profusely,transparent
pt,profético,en,prophetic,transparent
pt,progenitor,en,progenitor,transparent
pt,progesterona,en,progesterone,transparent
pt,prognóstico,en,prognosis,transparent
pt,programador,en,programmer,transparent
pt,programar,en,program,transparent
pt,programático,en,programmatic,transparent
pt,programável,en,programmable,altered
pt,progressivo,en,progressive,transparent
pt,progresso,en,progress,altered
pt,progressão,en,progression,transparent
pt,proibir,en,prohibit,altered
pt,proibitivo,en,prohibitive,transparent
pt,proibição,en,prohibition,transparent
pt,projetivo,en,projective,transparent
pt,projeto,en,project,transparent
pt,projetor,en,projector,transparent
pt,projeção,en,projection,transparent
pt,projétil,en,projectile,altered
pt,prolapso,en,prolapse,transparent
pt,proletariado,en,proletariat,altered
pt,proletário,en,proletarian,transparent
pt,proliferar,en,proliferate,transparent
pt,proliferação,en,proliferation,transparent
pt,prolongar,en,prolong,transparent
pt,prolífico,en,prolific,transparent
pt,promiscuidade,en,promiscuity,transparent
pt,promo,en,promo,transparent
pt,promocional,en,promotional,transparent
pt,promontório,en,promontory,transparent
pt,promotor,en,prosecutor,altered
pt,promover,en,promote,transparent
pt,promoção,en,promotion,transparent
pt,promulgar,en,promulgate,transparent
pt,promíscuo,en,promiscuous,transparent
pt,prono,en,prone,transparent
pt,pronome,en,pronoun,transparent
pt,pronto,en,pronto,transparent
pt,pronunciamento,en,pronouncement,transparent
pt,pronunciar,en,pronounce,transparent
pt,pronúncia,en,pronunciation,altered
pt,propaganda,en,propaganda,transparent
pt,propagandista,en,propagandist,transparent
pt,propagar,en,propagate,transparent
pt,propagação,en,propagation,transparent
pt,propano,en,propane,transparent
pt,propensão,en,propensity,transparent
pt,propileno,en,propylene,transparent
pt,proponente,en,proponent,transparent
pt,propor,en,propose,altered
pt,proporcional,en,proportional,transparent
pt,proporcionalidade,en,proportionality,transparent
pt,proporcionalmente,en,proportionately,transparent
pt,proporcionar,en,proportionate,transparent
pt,proporção,en,proportion,transparent
pt,proposição,en,proposition,transparent
pt,proposto,en,proposal,altered
pt,propriamente,en,properly,altered
pt,propriedade,en,property,transparent
pt,proprietário,en,proprietary,altered
pt,propulsão,en,propulsion,transparent
pt,prosaico,en,prosaic,transparent
pt,prosar,en,prose,altered
pt,prosecco,en,prosecco,transparent
pt,prospectivo,en,prospective,transparent
pt,prospecto,en,prospect,transparent
pt,prospector,en,prospector,transparent
pt,prosperar,en,prosper,transparent
pt,prosperidade,en,prosperity,transparent
pt,prostituição,en,prostitution,transparent
pt,prostituto,en,prostitute,transparent
pt,prostrar,en,prostrate,transparent
pt,protagonista,en,protagonist,transparent
pt,protecionismo,en,protectionism,transparent
pt,proteger,en,protect,altered
pt,protegido,en,protégé,altered
pt,protestante,en,protestant,transparent
pt,protestantismo,en,protestantism,transparent
pt,protesto,en,protest,altered
pt,protetor,en,protective,altered
pt,protetorado,en,protectorate,altered
pt,proteção,en,protection,transparent
pt,proteína,en,protein,altered
pt,proto,en,proto,transparent
pt,protocolo,en,protocol,transparent
pt,protético,en,prosthetic,altered
pt,protótipo,en,prototype,transparent
pt,provar,en,prove,transparent
pt,provedor,en,provider,transparent
pt,prover,en,provide,transparent
pt,proverbial,en,proverbial,transparent
pt,providência,en,providence,transparent
pt,provincial,en,provincial,transparent
pt,provisoriamente,en,provisionally,altered
pt,provisão,en,provision,transparent
pt,provisório,en,provisional,altered
pt,provocador,en,provocateur,altered
pt,provocar,en,provoke,transparent
pt,provocação,en,provocation,transparent
pt,provável,en,probable,altered
pt,provérbio,en,proverb,transparent
pt,província,en,province,transparent
pt,proximal,en,proximal,transparent
pt,proximidade,en,proximity,transparent
pt,prudencial,en,prudential,transparent
pt,prudência,en,prudence,transparent
pt,prussiano,en,prussian,transparent
pt,prático,en,practical,transparent
pt,práxis,en,praxis,transparent
pt,pré-história,en,prehistory,transparent
pt,prévio,en,previous,transparent
pt,príncipe,en,prince,transparent
pt,pródigo,en,prodigal,transparent
pt,prólogo,en,prologue,transparent
pt,próprio,en,proper,transparent
pt,próspero,en,prosperous,transparent
pt,próstata,en,prostate,transparent
pt,prótese,en,prosthesis,altered
pt,próton,en,proton,transparent
pt,próximo,en,proximate,altered
pt,prússia,en,prussia,transparent
pt,pseudo,en,pseudo,transparent
pt,pseudônimo,en,pseudonym,altered
pt,psicanalista,en,psychoanalyst,altered
pt,psicanalítico,en,psychoanalytic,altered
pt,psicanálise,en,psychoanalysis,transparent
pt,psico,en,psycho,transparent
pt,psicodélico,en,psychedelic,transparent
pt,psicologia,en,psychology,transparent
pt,psicológico,en,psychological,transparent
pt,psicose,en,psychosis,altered
pt,psicossocial,en,psychosocial,transparent
pt,psicoterapeuta,en,psychotherapist,transparent
pt,psicoterapia,en,psychotherapy,transparent
pt,psicólogo,en,psychologist,transparent
pt,psicótico,en,psychotic,transparent
pt,psique,en,psyche,transparent
pt,psiquiatria,en,psychiatry,transparent
pt,psiquiatro,en,psychiatrist,altered
pt,psiquiátrico,en,psychiatric,transparent
pt,psoríase,en,psoriasis,altered
pt,psíquico,en,psychic,altered
pt,puberdade,en,puberty,altered
pt,publicano,en,publican,transparent
pt,publicar,en,publish,altered
pt,publicação,en,publication,transparent
pt,publicidade,en,publicity,transparent
pt,publicista,en,publicist,transparent
pt,pudim,en,pudding,altered
pt,pulmonar,en,pulmonary,altered
pt,pulso,en,pulse,transparent
pt,pulverizar,en,pulverize,transparent
pt,pulôver,en,pullover,transparent
pt,puma,en,puma,transparent
pt,pungente,en,poignant,altered
pt,punir,en,punish,altered
pt,punitivo,en,punitive,transparent
pt,punk,en,punk,transparent
pt,punível,en,punishable,transparent
pt,pupa,en,pupa,transparent
pt,pupilar,en,pupil,transparent
pt,pureza,en,purity,altered
pt,purgar,en,purge,transparent
pt,purgatório,en,purgatory,transparent
pt,purificador,en,purifier,transparent
pt,purificar,en,purify,transparent
pt,purificação,en,purification,transparent
pt,purista,en,purist,transparent
pt,puritano,en,puritan,transparent
pt,puro,en,pure,transparent
pt,purê,en,puree,transparent
pt,pus,en,pus,transparent
pt,putativo,en,putative,transparent
pt,página,en,page,transparent
pt,pálido,en,pale,altered
pt,pálio,en,pall,altered
pt,páprica,en,paprika,transparent
pt,pária,en,pariah,transparent
pt,pároco,en,parson,altered
pt,pátio,en,patio,transparent
pt,pâncreas,en,pancreas,transparent
pt,pânico,en,panic,transparent
pt,pégaso,en,pegasus,transparent
pt,pélvico,en,pelvic,altered
pt,pérola,en,pearl,altered
pt,pétala,en,petal,altered
pt,pêndulo,en,pendulum,transparent
pt,pênis,en,penis,transparent
pt,pílula,en,pill,altered
pt,píton,en,python,transparent
pt,pódio,en,podium,transparent
pt,pólen,en,pollen,transparent
pt,pólipo,en,polyp,altered
pt,pólo,en,pole,altered
pt,pórtico,en,portico,transparent
pt,pósitron,en,positron,transparent
pt,póstumo,en,posthumous,transparent
pt,púbico,en,pubic,transparent
pt,púbis,en,pubis,transparent
pt,público,en,public,transparent
pt,púlpito,en,pulpit,transparent
pt,púrpura,en,purple,transparent
pt,quad,en,quad,transparent
pt,quadrante,en,quadrant,transparent
pt,quadro,en,cadre,altered
pt,qualidade,en,quality,altered
pt,qualificador,en,qualifier,transparent
pt,qualificação,en,qualification,transparent
pt,qualitativo,en,qualitative,transparent
pt,quantidade,en,quantity,transparent
pt,quantificar,en,quantify,transparent
pt,quantificação,en,quantification,altered
pt,quantificável,en,quantifiable,transparent
pt,quantitativamente,en,quantitatively,transparent
pt,quantitativo,en,quantitative,transparent
pt,quantum,en,quantum,transparent
pt,quarentenar,en,quarantine,transparent
pt,quark,en,quark,transparent
pt,quartel,en,quarter,altered
pt,quarteto,en,quartet,transparent
pt,quarto,en,quart,altered
pt,quartzo,en,quartz,transparent
pt,quasar,en,quasar,transparent
pt,quase,en,quasi,altered
pt,quaternário,en,quaternary,transparent
pt,queniano,en,kenyan,altered
pt,querosene,en,kerosene,altered
pt,questionador,en,questioner,transparent
pt,questionável,en,questionable,transparent
pt,questão,en,question,transparent
pt,quieto,en,quiet,transparent
pt,quilate,en,karat,altered
pt,quilo,en,kilo,altered
pt,quilograma,en,kilogram,altered
pt,quilowatt,en,kilowatt,altered
pt,quilómetro,en,kilometer,altered
pt,quilômetro,en,kilometer,altered
pt,quimera,en,chimera,altered
pt,quimicamente,en,chemically,transparent
pt,quimioterapia,en,chemotherapy,transparent
pt,quimono,en,kimono,altered
pt,quinase,en,kinase,altered
pt,quinteto,en,quintet,transparent
pt,quiosque,en,kiosk,altered
pt,quiral,en,chiral,altered
pt,quiroprático,en,chiropractor,altered
pt,quisto,en,cyst,altered
pt,quiz,en,quiz,transparent
pt,quociente,en,quotient,transparent
pt,quota,en,quota,transparent
pt,quádruplo,en,quadruple,altered
pt,químico,en,chemical,transparent
pt,quórum,en,quorum,transparent
pt,rabino,en,rabbi,transparent
pt,rabínico,en,rabbinic,transparent
pt,racial,en,racial,transparent
pt,racional,en,rational,transparent
pt,racionalidade,en,rationality,transparent
pt,racionalismo,en,rationalism,transparent
pt,racionalista,en,rationalist,transparent
pt,racionalizar,en,rationalize,transparent
pt,racionalização,en,rationalization,transparent
pt,racismo,en,racism,transparent
pt,racista,en,racist,transparent
pt,radar,en,radar,transparent
pt,radiador,en,radiator,transparent
pt,radial,en,radial,transparent
pt,radiante,en,radiant,transparent
pt,radiativo,en,radiative,transparent
pt,radiação,en,radiation,transparent
pt,radical,en,radical,transparent
pt,radicalismo,en,radicalism,transparent
pt,radicalizar,en,radicalize,transparent
pt,radicalização,en,radicalization,transparent
pt,radicalmente,en,radically,transparent
pt,radioatividade,en,radioactivity,transparent
pt,radioativo,en,radioactive,transparent
pt,radiologia,en,radiology,transparent
pt,radiologista,en,radiologist,altered
pt,radiológico,en,radiological,transparent
pt,radioterapia,en,radiotherapy,transparent
pt,radiância,en,radiance,transparent
pt,radônio,en,radon,altered
pt,raio,en,radius,altered
pt,raivar,en,rabies,altered
pt,ramadã,en,ramadan,altered
pt,ramificação,en,ramification,altered
pt,rampa,en,ramp,transparent
pt,rancho,en,ranch,transparent
pt,ranking,en,rank,transparent
pt,rapidamente,en,rapidly,transparent
pt,rapsódia,en,rhapsody,altered
pt,raptor,en,raptor,transparent
pt,raquete,en,racquet,altered
pt,raramente,en,rarely,transparent
pt,raridade,en,rarity,altered
pt,raro,en,rare,transparent
pt,raster,en,raster,transparent
pt,ratificar,en,ratify,transparent
pt,ratificação,en,ratification,transparent
pt,ratio,en,ratio,transparent
pt,ravina,en,ravine,transparent
pt,ravioli,en,ravioli,transparent
pt,razoável,en,reasonable,transparent
pt,razão,en,reason,altered
pt,raça,en,race,transparent
pt,ração,en,ration,transparent
pt,reabilitar,en,rehabilitate,transparent
pt,reabilitação,en,rehabilitation,transparent
pt,reacionário,en,reactionary,transparent
pt,reafirmar,en,reaffirm,transparent
pt,reagente,en,reagent,transparent
pt,reagir,en,react,altered
pt,reagrupar,en,regroup,transparent
pt,real,en,real,transparent
pt,realidade,en,reality,transparent
pt,realismo,en,realism,transparent
pt,realisticamente,en,realistically,transparent
pt,realizar,en,realise,transparent
pt,realização,en,realization,transparent
pt,realocação,en,relocation,transparent
pt,reanimar,en,reanimate,transparent
pt,reaparição,en,reappearance,altered
pt,reativar,en,reactivate,altered
pt,reatividade,en,reactivity,altered
pt,reativo,en,reactive,altered
pt,reator,en,reactor,transparent
pt,reavaliar,en,reevaluate,transparent
pt,reação,en,reaction,transparent
pt,rebater,en,rebate,transparent
pt,rebelde,en,rebel,altered
pt,rebelião,en,rebellion,transparent
pt,reboot,en,reboot,transparent
pt,recalibrar,en,recalibrate,transparent
pt,recapturar,en,recapture,transparent
pt,recarregar,en,recharge,transparent
pt,receber,en,receive,altered
pt,receitar,en,recipe,altered
pt,recente,en,recent,transparent
pt,recepcionista,en,receptionist,transparent
pt,receptivo,en,receptive,transparent
pt,receptor,en,receiver,transparent
pt,receptáculo,en,receptacle,transparent
pt,recepção,en,reception,transparent
pt,recessivo,en,recessive,transparent
pt,recesso,en,recess,transparent
pt,recessão,en,recession,transparent
pt,reciclagem,en,recycling,altered
pt,reciclar,en,recycle,transparent
pt,reciclável,en,recyclable,transparent
pt,reciprocidade,en,reciprocity,transparent
pt,recital,en,recital,transparent
pt,recitação,en,recitation,transparent
pt,reclamar,en,reclaim,transparent
pt,reclamação,en,reclamation,transparent
pt,reclinar,en,recline,transparent
pt,recombinação,en,recombination,transparent
pt,recomendar,en,recommend,transparent
pt,recomendação,en,recommendation,transparent
pt,recompensar,en,recompense,transparent
pt,reconciliar,en,reconcile,altered
pt,reconciliação,en,reconciliation,transparent
pt,reconectar,en,reconnect,transparent
pt,reconfigurar,en,reconfigure,transparent
pt,reconhecer,en,recognize,altered
pt,reconhecimento,en,recognition,transparent
pt,reconhecível,en,recognizable,altered
pt,reconsiderar,en,reconsider,transparent
pt,reconsideração,en,reconsideration,transparent
pt,reconstituir,en,reconstitute,transparent
pt,reconstruir,en,reconstruct,transparent
pt,reconstrução,en,reconstruction,transparent
pt,recorde,en,record,transparent
pt,recorrente,en,recurrent,altered
pt,recorrer,en,recur,altered
pt,recorrência,en,recurrence,transparent
pt,recrear,en,recreate,transparent
pt,recreativo,en,recreational,altered
pt,recreação,en,recreation,transparent
pt,recrutador,en,recruiter,transparent
pt,recrutamento,en,recruitment,transparent
pt,recrutar,en,recruit,transparent
pt,rectal,en,rectal,transparent
pt,recuo,en,recoil,transparent
pt,recuperar,en,recover,altered
pt,recuperação,en,recovery,transparent
pt,recursivo,en,recursive,transparent
pt,recursão,en,recursion,transparent
pt,recusar,en,refuse,altered
pt,recíproco,en,reciprocal,transparent
pt,redefinir,en,redefine,transparent
pt,redenção,en,redemption,transparent
pt,redimir,en,redeem,altered
pt,redirecionar,en,redirect,altered
pt,redistribuir,en,redistribute,transparent
pt,redistribuição,en,redistribution,transparent
pt,redobrar,en,redouble,altered
pt,redox,en,redox,transparent
pt,redundante,en,redundant,transparent
pt,redundância,en,redundancy,transparent
pt,redux,en,redux,transparent
pt,reduzir,en,reduce,transparent
pt,redução,en,reduction,transparent
pt,reeleger,en,reelect,transparent
pt,reeleição,en,reelection,altered
pt,reencarnação,en,reincarnation,altered
pt,reestabelecer,en,reestablish,altered
pt,reestruturar,en,restructure,altered
pt,reestruturação,en,restructuring,transparent
pt,referencial,en,referential,transparent
pt,referendo,en,referendum,transparent
pt,referir,en,refer,transparent
pt,referência,en,reference,transparent
pt,refinamento,en,refinement,transparent
pt,refinar,en,refinery,altered
pt,refletir,en,reflect,transparent
pt,refletor,en,reflector,transparent
pt,reflexivo,en,reflective,altered
pt,reflexo,en,reflex,altered
pt,reflexão,en,reflection,transparent
pt,refluxo,en,reflux,transparent
pt,reformador,en,reformer,transparent
pt,reformar,en,reform,transparent
pt,reformista,en,reformist,transparent
pt,reformular,en,reformulate,transparent
pt,reforço,en,reinforcement,altered
pt,refratário,en,refractory,transparent
pt,refração,en,refraction,transparent
pt,refrescar,en,refresh,transparent
pt,refresco,en,refreshment,altered
pt,refrigerador,en,refrigerator,transparent
pt,refrigerante,en,refrigerant,transparent
pt,refrigerar,en,refrigerate,transparent
pt,refrigeração,en,refrigeration,transparent
pt,refrão,en,refrain,altered
pt,refugiar,en,refugee,transparent
pt,refutar,en,refute,transparent
pt,refutação,en,refutation,transparent
pt,refúgio,en,refuge,transparent
pt,regal,en,regal,transparent
pt,regatar,en,regatta,transparent
pt,regenerar,en,regenerate,transparent
pt,regenerativo,en,regenerative,transparent
pt,regeneração,en,regeneration,transparent
pt,regente,en,regent,transparent
pt,reggae,en,reggae,transparent
pt,regime,en,regime,transparent
pt,regimental,en,regimental,transparent
pt,regimento,en,regiment,transparent
pt,regional,en,regional,transparent
pt,regionalmente,en,regionally,transparent
pt,registrador,en,registrar,altered
pt,registro,en,register,altered
pt,região,en,region,transparent
pt,regressão,en,regression,transparent
pt,regulador,en,regulator,transparent
pt,regular,en,regular,transparent
pt,regularidade,en,regularity,transparent
pt,regularmente,en,regularly,transparent
pt,regulatório,en,regulatory,transparent
pt,regulação,en,regulation,transparent
pt,regurgitar,en,regurgitate,transparent
pt,regência,en,regency,transparent
pt,reincidência,en,recidivism,altered
pt,reintegração,en,reintegration,transparent
pt,reinterpretar,en,reinterpret,transparent
pt,reintroduzir,en,reintroduce,altered
pt,reintrodução,en,reintroduction,transparent
pt,reinvenção,en,reinvention,transparent
pt,reinvestimento,en,reinvestment,transparent
pt,reinvestir,en,reinvest,transparent
pt,reiterar,en,reiterate,transparent
pt,reitor,en,rector,altered
pt,rejeitar,en,reject,transparent
pt,rejeição,en,rejection,altered
pt,rejuvenescer,en,rejuvenate,transparent
pt,rejuvenescimento,en,rejuvenation,transparent
pt,relacional,en,relational,transparent
pt,relatar,en,relate,altered
pt,relativamente,en,relatively,transparent
pt,relatividade,en,relativity,transparent
pt,relativismo,en,relativism,transparent
pt,relativo,en,relative,transparent
pt,relaxar,en,relax,transparent
pt,relaxação,en,relaxation,transparent
pt,relação,en,relation,transparent
pt,relegar,en,relegate,transparent
pt,relevante,en,relevant,transparent
pt,relevo,en,relief,altered
pt,relevância,en,relevance,transparent
pt,religiosamente,en,religiously,transparent
pt,religiosidade,en,religiosity,transparent
pt,religioso,en,religious,transparent
pt,religião,en,religion,transparent
pt,relocar,en,relocate,transparent
pt,relíquia,en,relic,altered
pt,remediação,en,remediation,transparent
pt,reminiscente,en,reminiscent,transparent
pt,reminiscência,en,reminiscence,transparent
pt,remissão,en,remission,transparent
pt,remix,en,remix,transparent
pt,remorso,en,remorse,altered
pt,remotamente,en,remotely,transparent
pt,remoto,en,remote,transparent
pt,removedor,en,remover,transparent
pt,remoção,en,removal,transparent
pt,remuneração,en,remuneration,transparent
pt,remédio,en,remedy,transparent
pt,rena,en,reindeer,altered
pt,renascimento,en,renaissance,altered
pt,render,en,surrender,altered
pt,rendezvous,en,rendezvous,transparent
pt,rendição,en,rendition,transparent
pt,renegar,en,renegade,transparent
pt,renegociação,en,renegotiation,transparent
pt,renome,en,renown,altered
pt,renovar,en,renew,transparent
pt,renovação,en,renovation,transparent
pt,renovável,en,renewable,transparent
pt,renunciar,en,renounce,altered
pt,reorganizar,en,reorganize,transparent
pt,reorganização,en,reorganization,transparent
pt,reparação,en,repair,transparent
pt,repatriar,en,repatriate,transparent
pt,repatriação,en,repatriation,transparent
pt,repelente,en,repellent,transparent
pt,repelir,en,repel,altered
pt,repercussão,en,repercussion,transparent
pt,repertório,en,repertoire,transparent
pt,repetidamente,en,repeatedly,transparent
pt,repetir,en,repeat,transparent
pt,repetitivo,en,repetitive,transparent
pt,repetição,en,repetition,transparent
pt,repetível,en,repeatable,transparent
pt,replantar,en,replant,transparent
pt,repleto,en,replete,transparent
pt,replicar,en,replicate,transparent
pt,replicação,en,replication,transparent
pt,reportar,en,report,transparent
pt,reposicionar,en,reposition,transparent
pt,repositório,en,repository,transparent
pt,repouso,en,repose,altered
pt,repreensível,en,reprehensible,altered
pt,representacional,en,representational,transparent
pt,representar,en,represent,transparent
pt,representativo,en,representative,transparent
pt,representação,en,representation,transparent
pt,repressivo,en,repressive,transparent
pt,repressão,en,repression,transparent
pt,represália,en,reprisal,transparent
pt,reprimir,en,repress,transparent
pt,reprisar,en,reprise,transparent
pt,reprodutivo,en,reproductive,altered
pt,reproduzir,en,reproduce,transparent
pt,reprodução,en,reproduction,transparent
pt,reptiliano,en,reptilian,transparent
pt,republicanismo,en,republicanism,transparent
pt,republicano,en,republican,transparent
pt,repudiar,en,repudiate,transparent
pt,repugnante,en,repugnant,transparent
pt,repulsivo,en,repulsive,transparent
pt,reputação,en,reputation,transparent
pt,repórter,en,reporter,transparent
pt,requerer,en,require,transparent
pt,requerimento,en,requirement,transparent
pt,requisito,en,requisite,transparent
pt,requisição,en,requisition,transparent
pt,rescindir,en,rescind,transparent
pt,reservar,en,reserve,transparent
pt,reservatório,en,reservoir,transparent
pt,residencial,en,residential,transparent
pt,residente,en,resident,transparent
pt,residir,en,reside,transparent
pt,residual,en,residual,transparent
pt,residência,en,residence,transparent
pt,resignar,en,resign,transparent
pt,resignação,en,resignation,altered
pt,resiliente,en,resilient,transparent
pt,resiliência,en,resilience,transparent
pt,resinar,en,resin,transparent
pt,resistente,en,resistant,transparent
pt,resistir,en,resist,transparent
pt,resistivo,en,resistive,transparent
pt,resistência,en,resistance,transparent
pt,resolutamente,en,resolutely,transparent
pt,resoluto,en,resolute,transparent
pt,resolução,en,resolution,transparent
pt,resolver,en,resolve,transparent
pt,respectivamente,en,respectively,transparent
pt,respectivo,en,respective,transparent
pt,respeitabilidade,en,respectability,altered
pt,respeito,en,respect,altered
pt,respeitoso,en,respectful,altered
pt,respeitável,en,respectable,altered
pt,respirador,en,respirator,transparent
pt,respiratório,en,respiratory,transparent
pt,respiração,en,respiration,transparent
pt,respondente,en,respondent,transparent
pt,responder,en,respond,transparent
pt,responsabilidade,en,responsibility,transparent
pt,responsavelmente,en,responsibly,altered
pt,responsividade,en,responsiveness,transparent
pt,responsivo,en,responsive,transparent
pt,responsável,en,responsible,transparent
pt,ressecção,en,resection,transparent
pt,resseguro,en,reinsurance,altered
pt,ressentimento,en,resentment,transparent
pt,ressoar,en,resonate,transparent
pt,ressonante,en,resonant,transparent
pt,ressonância,en,resonance,transparent
pt,ressurgência,en,resurgence,transparent
pt,ressurreição,en,resurrection,altered
pt,ressuscitar,en,resuscitate,altered
pt,restaurador,en,restaurateur,transparent
pt,restaurante,en,restaurant,transparent
pt,restaurar,en,restore,transparent
pt,restauração,en,restoration,transparent
pt,restituição,en,restitution,transparent
pt,resto,en,rest,altered
pt,restringir,en,restrict,transparent
pt,restritivo,en,restrictive,altered
pt,restrição,en,restriction,transparent
pt,resultante,en,resultant,transparent
pt,resultar,en,result,transparent
pt,resíduo,en,residue,altered
pt,retaliar,en,retaliate,transparent
pt,retaliação,en,retaliation,transparent
pt,retangular,en,rectangular,altered
pt,retardante,en,retardant,transparent
pt,retardar,en,retard,transparent
pt,retentor,en,retainer,transparent
pt,retenção,en,retention,transparent
pt,reter,en,retain,altered
pt,reticente,en,reticent,transparent
pt,reticência,en,reticence,transparent
pt,retificador,en,rectifier,altered
pt,retificar,en,rectify,altered
pt,retirar,en,retire,transparent
pt,reto,en,rectum,altered
pt,retoque,en,retouch,altered
pt,retração,en,retraction,altered
pt,retribuição,en,retribution,transparent
pt,retro,en,retro,transparent
pt,retrospectivamente,en,retrospectively,transparent
pt,retrospectivo,en,retrospective,altered
pt,retrátil,en,retractable,altered
pt,retrógrado,en,retrograde,transparent
pt,retângulo,en,rectangle,altered
pt,retórico,en,rhetoric,transparent
pt,reumatismo,en,rheumatism,transparent
pt,reumatoide,en,rheumatoid,transparent
pt,reunificação,en,reunification,transparent
pt,reunir,en,reunite,transparent
pt,reunião,en,reunion,transparent
pt,reutilizável,en,reusable,altered
pt,revelar,en,reveal,transparent
pt,revelação,en,revelation,transparent
pt,reverberar,en,reverberate,transparent
pt,reverberação,en,reverberation,transparent
pt,reverendo,en,reverend,transparent
pt,reverso,en,reverse,altered
pt,reversão,en,reversal,altered
pt,reversível,en,reversible,altered
pt,reverter,en,revert,transparent
pt,reverência,en,reverence,transparent
pt,revisar,en,revise,transparent
pt,revisionismo,en,revisionism,transparent
pt,revisionista,en,revisionist,transparent
pt,revisor,en,reviewer,transparent
pt,revisão,en,revision,transparent
pt,revitalizar,en,revitalize,transparent
pt,revitalização,en,revitalization,transparent
pt,revival,en,revival,transparent
pt,reviver,en,revive,transparent
pt,revogar,en,revoke,altered
pt,revoltar,en,revolt,altered
pt,revolucionar,en,revolutionize,transparent
pt,revolucionário,en,revolutionary,transparent
pt,revolução,en,revolution,transparent
pt,revolver,en,revolve,transparent
pt,revólver,en,revolver,transparent
pt,rework,en,rework,transparent
pt,ricardo,en,richard,altered
pt,rico,en,rich,transparent
pt,ricochete,en,ricochet,transparent
pt,ricota,en,ricotta,altered
pt,ridiculamente,en,ridiculously,transparent
pt,ridículo,en,ridiculous,transparent
pt,rifle,en,rifle,transparent
pt,rigor,en,rigor,transparent
pt,rigorosamente,en,rigorously,transparent
pt,rigoroso,en,rigorous,transparent
pt,ring,en,ring,transparent
pt,rinoceronte,en,rhinoceros,altered
pt,riqueza,en,richness,altered
pt,risco,en,risk,altered
pt,risoto,en,risotto,altered
pt,ritmicamente,en,rhythmically,transparent
pt,ritmo,en,rhythm,altered
pt,rito,en,rite,transparent
pt,ritual,en,ritual,transparent
pt,rival,en,rival,transparent
pt,rivalidade,en,rivalry,transparent
pt,riviera,en,riviera,transparent
pt,rizoma,en,rhizome,altered
pt,robusto,en,robust,transparent
pt,robótico,en,robotic,transparent
pt,robô,en,robot,transparent
pt,rockstar,en,rockstar,transparent
pt,rodeio,en,rodeo,altered
pt,rododendro,en,rhododendron,altered
pt,roedor,en,rodent,transparent
pt,rol,en,role,transparent
pt,roleta,en,roulette,altered
pt,rolo,en,roll,altered
pt,romano,en,roman,transparent
pt,romanticamente,en,romantically,transparent
pt,romantismo,en,romanticism,altered
pt,romeno,en,romanian,altered
pt,rompedor,en,romper,altered
pt,romântico,en,romantic,transparent
pt,rondó,en,rondo,transparent
pt,rosar,en,rose,transparent
pt,rosário,en,rosary,transparent
pt,rotacional,en,rotational,transparent
pt,rotador,en,rotator,transparent
pt,rotatório,en,rotary,altered
pt,rotação,en,rotation,transparent
pt,rotina,en,routine,transparent
pt,rotor,en,rotor,transparent
pt,rotundo,en,rotunda,transparent
pt,roubar,en,rob,altered
pt,roubo,en,robbery,altered
pt,ruanda,en,rwanda,transparent
pt,rubi,en,ruby,transparent
pt,rubicão,en,rubicon,altered
pt,rublo,en,ruble,altered
pt,rubrica,en,rubric,transparent
pt,rude,en,rude,transparent
pt,rudemente,en,rudely,altered
pt,rudimentar,en,rudimentary,transparent
pt,ruibarbo,en,rhubarb,altered
pt,ruinoso,en,ruinous,transparent
pt,rum,en,rum,transparent
pt,rumba,en,rumba,transparent
pt,ruminar,en,ruminate,altered
pt,rumor,en,rumor,transparent
pt,runa,en,rune,transparent
pt,ruptura,en,rupture,transparent
pt,rural,en,rural,transparent
pt,russo,en,russian,altered
pt,ruína,en,ruin,transparent
pt,rápido,en,rapid,transparent
pt,réplica,en,replica,transparent
pt,réptil,en,reptile,transparent
pt,réquiem,en,requiem,transparent
pt,rígido,en,rigid,transparent
pt,rítmico,en,rhythmic,altered
pt,rômulo,en,romulus,transparent
pt,rússia,en,russia,altered
pt,rústico,en,rustic,transparent
pt,saara,en,sahara,altered
pt,sabino,en,sabina,transparent
pt,sable,en,sable,transparent
pt,saborear,en,savor,altered
pt,saboroso,en,savory,altered
pt,sabotagem,en,sabotage,transparent
pt,sabre,en,sabre,transparent
pt,sabático,en,sabbatical,altered
pt,sacarose,en,sucrose,altered
pt,saco,en,sac,altered
pt,sacramento,en,sacramento,transparent
pt,sacrificial,en,sacrificial,transparent
pt,sacrifício,en,sacrifice,transparent
pt,sacrilégio,en,sacrilege,altered
pt,sadista,en,sadist,transparent
pt,safira,en,sapphire,altered
pt,safári,en,safari,transparent
pt,saga,en,saga,transparent
pt,sagitário,en,sagittarius,transparent
pt,sal,en,sale,transparent
pt,sala,en,sala,altered
pt,salada,en,salad,transparent
pt,salamandra,en,salamander,transparent
pt,salame,en,salami,altered
pt,salinidade,en,salinity,transparent
pt,salino,en,saline,transparent
pt,saliva,en,saliva,transparent
pt,salivar,en,salivate,transparent
pt,salmo,en,psalm,altered
pt,salmonelose,en,salmonella,altered
pt,salmão,en,salmon,transparent
pt,salsicha,en,sausage,altered
pt,salso,en,salsa,transparent
pt,salvador,en,savior,altered
pt,salvação,en,salvation,transparent
pt,salve,en,salve,transparent
pt,salvo,en,save,altered
pt,salário,en,salary,transparent
pt,salão,en,salon,transparent
pt,samaritano,en,samaritan,transparent
pt,samba,en,samba,transparent
pt,samurai,en,samurai,transparent
pt,sandália,en,sandal,transparent
pt,saneamento,en,sanitation,altered
pt,sanguíneo,en,sanguine,transparent
pt,sanidade,en,sanity,altered
pt,sanitário,en,sanitary,altered
pt,santidade,en,sanctity,transparent
pt,santificar,en,sanctify,altered
pt,santo,en,saint,transparent
pt,santuário,en,sanctuary,transparent
pt,sanção,en,sanction,transparent
pt,sapiens,en,sapiens,transparent
pt,sarcasmo,en,sarcasm,transparent
pt,sarcoma,en,sarcoma,transparent
pt,sarcástico,en,sarcastic,transparent
pt,sarcófago,en,sarcophagus,altered
pt,sardinha,en,sardine,altered
pt,sargento,en,sergeant,transparent
pt,sari,en,sari,transparent
pt,sarraceno,en,saracens,altered
pt,satanista,en,satanist,transparent
pt,satisfatório,en,satisfactory,transparent
pt,satisfazer,en,satisfy,transparent
pt,satisfação,en,satisfaction,transparent
pt,sativa,en,sativa,transparent
pt,saturar,en,saturate,transparent
pt,saturação,en,saturation,transparent
pt,saturno,en,saturn,transparent
pt,satânico,en,satanic,transparent
pt,satã,en,satan,transparent
pt,satélite,en,satellite,transparent
pt,satírico,en,satirical,transparent
pt,saudação,en,salutation,altered
pt,sauna,en,sauna,transparent
pt,sauvignon,en,sauvignon,transparent
pt,savana,en,savannah,altered
pt,sax,en,sax,transparent
pt,saxofone,en,saxophone,transparent
pt,saxofonista,en,saxophonist,transparent
pt,saxão,en,saxon,transparent
pt,sazonal,en,seasonal,altered
pt,scanner,en,scanner,transparent
pt,scooter,en,scooter,transparent
pt,screen,en,screen,transparent
pt,script,en,script,transparent
pt,secessionista,en,secessionist,transparent
pt,secessão,en,secession,transparent
pt,secretar,en,secrete,transparent
pt,secretarial,en,secretarial,transparent
pt,secretariar,en,secretariat,altered
pt,secreto,en,secret,altered
pt,secretário,en,secretary,transparent
pt,secreção,en,secretion,transparent
pt,sector,en,sector,transparent
pt,sectário,en,sectarian,transparent
pt,secular,en,secular,transparent
pt,secundário,en,secondary,transparent
pt,sedan,en,sedan,transparent
pt,sedar,en,sedate,altered
pt,sedativo,en,sedative,transparent
pt,sedação,en,sedation,transparent
pt,sedentário,en,sedentary,transparent
pt,sedimentar,en,sedimentary,altered
pt,sedimento,en,sediment,transparent
pt,sedição,en,sedition,transparent
pt,sedutor,en,seductive,altered
pt,seduzir,en,seduce,altered
pt,sedução,en,seduction,transparent
pt,segmentação,en,segmentation,transparent
pt,segmento,en,segment,transparent
pt,segregar,en,segregate,transparent
pt,segregação,en,segregation,transparent
pt,segundo,en,second,transparent
pt,seguramente,en,securely,altered
pt,seguro,en,secure,transparent
pt,seis,en,six,altered
pt,seita,en,sect,altered
pt,selecionar,en,select,transparent
pt,seletivamente,en,selectively,altered
pt,seletivo,en,selective,transparent
pt,seletor,en,selector,altered
pt,seleção,en,selection,transparent
pt,selo,en,seal,altered
pt,selvagem,en,savage,altered
pt,selvagemente,en,savagely,altered
pt,semelhança,en,resemblance,altered
pt,semestre,en,semester,transparent
pt,semi,en,semi,transparent
pt,semicondutor,en,semiconductor,transparent
pt,semifinal,en,semifinal,transparent
pt,seminal,en,seminal,transparent
pt,seminário,en,seminar,transparent
pt,semita,en,semitic,transparent
pt,semitismo,en,semitism,transparent
pt,semiótico,en,semiotic,transparent
pt,semântico,en,semantic,transparent
pt,senado,en,senate,altered
pt,senador,en,senator,transparent
pt,senatorial,en,senatorial,transparent
pt,senegalês,en,senegalese,transparent
pt,senhor,en,senior,altered
pt,senil,en,senile,transparent
pt,senioridade,en,seniority,transparent
pt,seno,en,sine,altered
pt,sensacional,en,sensational,transparent
pt,sensação,en,sensation,transparent
pt,sensibilidade,en,sensitivity,altered
pt,sensibilizar,en,sensitize,transparent
pt,sensor,en,sensor,transparent
pt,sensual,en,sensual,transparent
pt,sensualidade,en,sensuality,transparent
pt,sentença,en,sentence,altered
pt,sentimental,en,sentimental,transparent
pt,sentimentalidade,en,sentimentality,transparent
pt,sentimento,en,sentiment,transparent
pt,sentinela,en,sentinel,transparent
pt,sentir,en,sense,altered
pt,separador,en,separator,transparent
pt,separar,en,separate,altered
pt,separatista,en,separatist,transparent
pt,separação,en,separation,transparent
pt,sepse,en,sepsis,altered
pt,septo,en,septum,transparent
pt,sepulcro,en,sepulchre,altered
pt,sequenciador,en,sequencer,transparent
pt,sequencial,en,sequential,transparent
pt,sequestro,en,sequestration,transparent
pt,sequência,en,sequence,transparent
pt,sereia,en,siren,altered
pt,serenata,en,serenade,transparent
pt,serendipidade,en,serendipity,transparent
pt,serenidade,en,serenity,transparent
pt,sereno,en,serene,altered
pt,serial,en,serial,transparent
pt,seriedade,en,seriousness,altered
pt,serina,en,serine,transparent
pt,seringa,en,syringe,altered
pt,sermão,en,sermon,altered
pt,serotonina,en,serotonin,transparent
pt,serpente,en,serpent,transparent
pt,serra,en,sierra,altered
pt,servidor,en,server,transparent
pt,servidão,en,servitude,altered
pt,servir,en,serve,transparent
pt,serviço,en,service,altered
pt,servo,en,servant,altered
pt,sessão,en,session,transparent
pt,sesta,en,siesta,altered
pt,setembro,en,september,transparent
pt,setorial,en,sectoral,altered
pt,severidade,en,severity,transparent
pt,severo,en,severe,transparent
pt,sexismo,en,sexism,transparent
pt,sexista,en,sexist,transparent
pt,sexo,en,sex,transparent
pt,sexto,en,sixth,altered
pt,sexual,en,sexual,transparent
pt,sexualidade,en,sexuality,transparent
pt,sexualizar,en,sexualize,transparent
pt,sexy,en,sexy,transparent
pt,seção,en,section,transparent
pt,sharia,en,sharia,transparent
pt,shooter,en,shooter,transparent
pt,showman,en,showman,transparent
pt,siamês,en,siamese,transparent
pt,siberiano,en,siberian,transparent
pt,sic,en,sic,transparent
pt,siciliano,en,sicilian,transparent
pt,sidra,en,cider,altered
pt,siena,en,sienna,altered
pt,sifão,en,siphon,altered
pt,sigma,en,sigma,transparent
pt,signatário,en,signatory,transparent
pt,significante,en,significant,transparent
pt,significar,en,signify,altered
pt,significativamente,en,significantly,transparent
pt,significação,en,significance,transparent
pt,sikh,en,sikh,transparent
pt,silenciador,en,silencer,transparent
pt,silenciosamente,en,silently,transparent
pt,silencioso,en,silent,altered
pt,silhueta,en,silhouette,altered
pt,silicato,en,silicate,transparent
pt,silicone,en,silicone,transparent
pt,silo,en,silo,transparent
pt,silvano,en,sylvan,altered
pt,silêncio,en,silence,transparent
pt,silício,en,silicon,altered
pt,simbiose,en,symbiosis,altered
pt,simbiótico,en,symbiotic,transparent
pt,simbolismo,en,symbolism,transparent
pt,simbolizar,en,symbolize,transparent
pt,simbólico,en,symbolic,transparent
pt,simetria,en,symmetry,transparent
pt,similar,en,similar,transparent
pt,similaridade,en,similarity,transparent
pt,simpatizante,en,sympathizer,transparent
pt,simpatizar,en,sympathize,transparent
pt,simples,en,simple,transparent
pt,simplesmente,en,simply,altered
pt,simplex,en,simplex,transparent
pt,simplicidade,en,simplicity,transparent
pt,simplificar,en,simplify,transparent
pt,simplificação,en,simplification,transparent
pt,simplista,en,simplistic,transparent
pt,simpósio,en,symposium,altered
pt,simulador,en,simulator,transparent
pt,simular,en,simulate,transparent
pt,simulação,en,simulation,transparent
pt,simultaneamente,en,simultaneously,transparent
pt,simultâneo,en,simultaneous,transparent
pt,simétrico,en,symmetrical,altered
pt,sinagoga,en,synagogue,altered
pt,sinal,en,signal,altered
pt,sinapse,en,synapse,transparent
pt,sinceramente,en,sincerely,transparent
pt,sinceridade,en,sincerity,transparent
pt,sincero,en,sincere,transparent
pt,sincronizar,en,synchronize,transparent
pt,sincronização,en,synchronization,altered
pt,sindicato,en,syndicate,altered
pt,sinergia,en,synergy,transparent
pt,sinfonia,en,symphony,altered
pt,sinfônico,en,symphonic,altered
pt,singular,en,singular,transparent
pt,singularidade,en,singularity,transparent
pt,singularmente,en,singularly,transparent
pt,sinistro,en,sinister,transparent
pt,sinopse,en,synopsis,transparent
pt,sintaxe,en,syntax,altered
pt,sintetizador,en,synthesizer,altered
pt,sintetizar,en,synthesize,transparent
pt,sintoma,en,symptom,transparent
pt,sintático,en,syntactic,transparent
pt,sintético,en,synthetic,transparent
pt,sináptico,en,synaptic,transparent
pt,sinónimo,en,synonymous,altered
pt,sinônimo,en,synonym,transparent
pt,sionismo,en,zionism,transparent
pt,sionista,en,zionist,transparent
pt,sistema,en,system,transparent
pt,sistematicamente,en,systematically,transparent
pt,sistemático,en,systematic,transparent
pt,sistêmico,en,systemic,transparent
pt,sistólico,en,systolic,altered
pt,situ,en,situ,transparent
pt,situacional,en,situational,transparent
pt,situar,en,situate,transparent
pt,situação,en,situation,transparent
pt,skin,en,skin,transparent
pt,slalom,en,slalom,transparent
pt,slogan,en,slogan,transparent
pt,smartphone,en,smartphone,transparent
pt,smoking,en,smoking,transparent
pt,smoothie,en,smoothie,transparent
pt,snack,en,snack,transparent
pt,sniper,en,sniper,transparent
pt,snowboard,en,snowboard,transparent
pt,soberania,en,sovereignty,altered
pt,soberano,en,sovereign,altered
pt,sobrecarga,en,surcharge,altered
pt,sobrenatural,en,supernatural,transparent
pt,sobreviver,en,survive,altered
pt,sobriedade,en,sobriety,transparent
pt,social,en,social,transparent
pt,socialismo,en,socialism,transparent
pt,socialista,en,socialist,transparent
pt,socializar,en,socialize,altered
pt,socialização,en,socialization,transparent
pt,socialmente,en,socially,transparent
pt,sociedade,en,society,transparent
pt,societário,en,societal,altered
pt,socioeconômico,en,socioeconomic,transparent
pt,sociologia,en,sociology,transparent
pt,sociológico,en,sociological,transparent
pt,sociopata,en,sociopath,transparent
pt,sociável,en,sociable,transparent
pt,sociólogo,en,sociologist,transparent
pt,soda,en,soda,transparent
pt,sofisticar,en,sophisticate,altered
pt,sofisticação,en,sophistication,transparent
pt,sofrer,en,suffer,altered
pt,software,en,software,transparent
pt,sofá,en,sofa,transparent
pt,soja,en,soya,transparent
pt,sola,en,sole,altered
pt,solar,en,solar,transparent
pt,solenidade,en,solemnity,transparent
pt,solenóide,en,solenoid,transparent
pt,solicitador,en,solicitor,transparent
pt,solicitar,en,solicit,transparent
pt,solicitação,en,solicitation,transparent
pt,solidariedade,en,solidarity,transparent
pt,solidificar,en,solidify,transparent
pt,solista,en,soloist,transparent
pt,solitário,en,solitary,transparent
pt,solo,en,solo,transparent
pt,solstício,en,solstice,transparent
pt,solubilidade,en,solubility,transparent
pt,soluto,en,solute,transparent
pt,solução,en,solution,altered
pt,solvente,en,solvent,transparent
pt,solvência,en,solvency,transparent
pt,soma,en,sum,altered
pt,somali,en,somali,transparent
pt,sombrio,en,sombre,transparent
pt,somático,en,somatic,transparent
pt,sonar,en,sonar,transparent
pt,sonata,en,sonata,transparent
pt,soneto,en,sonnet,transparent
pt,soprano,en,soprano,transparent
pt,sorgo,en,sorghum,transparent
pt,sororidade,en,sorority,transparent
pt,sortir,en,sort,transparent
pt,sorvete,en,sorbet,altered
pt,souvenir,en,souvenir,transparent
pt,soviético,en,soviet,transparent
pt,spa,en,spa,transparent
pt,spam,en,spam,transparent
pt,spammers,en,spammers,transparent
pt,spoiler,en,spoiler,transparent
pt,sport,en,sport,transparent
pt,spray,en,spray,transparent
pt,sprint,en,sprint,transparent
pt,sprinter,en,sprinter,transparent
pt,sputnik,en,sputnik,transparent
pt,stamina,en,stamina,transparent
pt,starter,en,starter,transparent
pt,startup,en,startup,transparent
pt,status,en,status,transparent
pt,suave,en,suave,transparent
pt,subcategoria,en,subcategory,transparent
pt,subconsciente,en,subconscious,transparent
pt,subcontinente,en,subcontinent,transparent
pt,subcontratar,en,subcontract,transparent
pt,subcultura,en,subculture,transparent
pt,subcutâneo,en,subcutaneous,transparent
pt,subdividir,en,subdivide,transparent
pt,subdivisão,en,subdivision,transparent
pt,subducção,en,subduction,transparent
pt,subestação,en,substation,transparent
pt,subjetivamente,en,subjectively,transparent
pt,subjetivar,en,subjective,transparent
pt,subjetividade,en,subjectivity,transparent
pt,subjugar,en,subjugate,altered
pt,subjugação,en,subjugation,altered
pt,sublime,en,sublime,transparent
pt,subliminal,en,subliminal,transparent
pt,submarino,en,submarine,transparent
pt,submergir,en,submerge,transparent
pt,submersível,en,submersible,transparent
pt,submeter,en,submit,altered
pt,submisso,en,submissive,transparent
pt,submissão,en,submission,transparent
pt,subordinar,en,subordinate,transparent
pt,subordinação,en,subordination,altered
pt,subprime,en,subprime,transparent
pt,subscrever,en,subscribe,altered
pt,subscritor,en,subscriber,transparent
pt,subscrição,en,subscription,transparent
pt,subsecção,en,subsection,altered
pt,subsequente,en,subsequent,transparent
pt,subsequentemente,en,subsequently,transparent
pt,subserviente,en,subservient,transparent
pt,subsidiar,en,subsidize,transparent
pt,subsidiário,en,subsidiary,transparent
pt,subsidência,en,subsidence,transparent
pt,subsistema,en,subsystem,transparent
pt,subsistir,en,subside,altered
pt,subsistência,en,subsistence,transparent
pt,substancial,en,substantial,transparent
pt,substancialmente,en,substantially,transparent
pt,substanciar,en,substantiate,transparent
pt,substituição,en,substitution,transparent
pt,substituto,en,substitute,transparent
pt,substrato,en,substrate,transparent
pt,substância,en,substance,transparent
pt,subsuperficial,en,subsurface,transparent
pt,subsídio,en,subsidy,transparent
pt,subterfúgio,en,subterfuge,transparent
pt,subterrâneo,en,subterranean,transparent
pt,subtítulo,en,subtitle,transparent
pt,suburbano,en,suburban,transparent
pt,suburbia,en,suburbia,transparent
pt,subversivo,en,subversive,transparent
pt,subversão,en,subversion,transparent
pt,subway,en,subway,transparent
pt,subúrbio,en,suburb,transparent
pt,sucessivamente,en,successively,transparent
pt,sucessivo,en,successive,altered
pt,sucesso,en,success,transparent
pt,sucessor,en,successor,altered
pt,sucessão,en,succession,transparent
pt,suculento,en,succulent,transparent
pt,sucumbir,en,succumb,transparent
pt,sucção,en,suction,transparent
pt,sudoku,en,sudoku,transparent
pt,sufi,en,sufi,transparent
pt,suficiente,en,sufficient,transparent
pt,suficientemente,en,sufficiently,transparent
pt,suficiência,en,suffice,altered
pt,sufixo,en,suffix,transparent
pt,sufocar,en,suffocate,transparent
pt,sufocação,en,suffocation,transparent
pt,sufrágio,en,suffrage,transparent
pt,sugerir,en,suggest,altered
pt,sugestivo,en,suggestive,transparent
pt,sugestão,en,suggestion,transparent
pt,suicida,en,suicidal,transparent
pt,suicídio,en,suicide,altered
pt,suite,en,suite,transparent
pt,sujeito,en,subject,altered
pt,sulfato,en,sulfate,transparent
pt,sulfeto,en,sulfide,altered
pt,sulfúrico,en,sulfuric,transparent
pt,sultão,en,sultan,altered
pt,sumariamente,en,summarily,transparent
pt,sumo,en,sumo,transparent
pt,sumário,en,summary,transparent
pt,suntuoso,en,sumptuous,altered
pt,super,en,super,transparent
pt,supercarro,en,supercar,transparent
pt,supercomputador,en,supercomputer,transparent
pt,supercondutor,en,superconductor,altered
pt,superficial,en,superficial,transparent
pt,superfície,en,surface,altered
pt,superhomem,en,superman,altered
pt,superintendente,en,superintendent,transparent
pt,superior,en,superior,transparent
pt,superioridade,en,superiority,transparent
pt,supermercado,en,supermarket,transparent
pt,supermodelo,en,supermodel,transparent
pt,supernova,en,supernova,transparent
pt,superposição,en,superposition,transparent
pt,superpotência,en,superpower,transparent
pt,superstar,en,superstar,transparent
pt,supersticioso,en,superstitious,transparent
pt,superstição,en,superstition,transparent
pt,supersônico,en,supersonic,transparent
pt,supervisionar,en,supervise,transparent
pt,supervisor,en,supervisor,transparent
pt,supervisão,en,supervision,transparent
pt,suplementar,en,supplemental,altered
pt,suplementação,en,supplementation,transparent
pt,suplemento,en,supplement,transparent
pt,supor,en,suppose,transparent
pt,suporte,en,support,transparent
pt,suposição,en,supposition,transparent
pt,supremacia,en,supremacy,transparent
pt,supremo,en,supreme,transparent
pt,supressor,en,suppressor,transparent
pt,supressão,en,suppression,transparent
pt,suprimir,en,suppress,transparent
pt,suprir,en,supply,altered
pt,supérfluo,en,superfluous,transparent
pt,surf,en,surf,transparent
pt,surfactante,en,surfactant,transparent
pt,surfer,en,surfer,transparent
pt,surpreso,en,surprise,transparent
pt,surreal,en,surreal,transparent
pt,surrealismo,en,surrealism,transparent
pt,susceptibilidade,en,susceptibility,transparent
pt,suscetível,en,susceptible,altered
pt,sushi,en,sushi,transparent
pt,suspeito,en,suspect,altered
pt,suspender,en,suspend,transparent
pt,suspense,en,suspense,transparent
pt,suspensão,en,suspension,transparent
pt,sustentabilidade,en,sustainability,transparent
pt,sustentar,en,sustain,transparent
pt,sutileza,en,subtlety,altered
pt,sutra,en,sutra,transparent
pt,sutura,en,suture,transparent
pt,suéter,en,sweater,altered
pt,sábado,en,sabbath,altered
pt,sádico,en,sadistic,altered
pt,sálvia,en,salvia,transparent
pt,sátira,en,satire,transparent
pt,sátiro,en,satyr,transparent
pt,sânscrito,en,sanskrit,altered
pt,séptico,en,septic,transparent
pt,série,en,series,transparent
pt,sério,en,serious,transparent
pt,sésamo,en,sesame,altered
pt,sêmen,en,semen,transparent
pt,sífilis,en,syphilis,altered
pt,sílaba,en,syllable,transparent
pt,sílabo,en,syllabus,altered
pt,sílica,en,silica,transparent
pt,símbolo,en,symbol,transparent
pt,síncrono,en,synchronous,altered
pt,síndrome,en,syndrome,transparent
pt,síntese,en,synthesis,altered
pt,sísmico,en,seismic,transparent
pt,sítio,en,site,altered
pt,sódio,en,sodium,transparent
pt,sólido,en,solid,transparent
pt,sórdido,en,sordid,transparent
pt,sônico,en,sonic,transparent
pt,tabaco,en,tobacco,transparent
pt,taberna,en,tavern,transparent
pt,tabernáculo,en,tabernacle,transparent
pt,tablete,en,tablet,altered
pt,tabu,en,taboo,transparent
pt,tabular,en,tabulate,transparent
pt,taiga,en,taiga,transparent
pt,taiwanês,en,taiwanese,transparent
pt,talento,en,talent,transparent
pt,talismã,en,talisman,transparent
pt,talão,en,talon,transparent
pt,tampão,en,tampon,transparent
pt,tangencial,en,tangential,transparent
pt,tangente,en,tangent,transparent
pt,tango,en,tango,transparent
pt,tangível,en,tangible,transparent
pt,tanino,en,tannin,transparent
pt,tantra,en,tantra,transparent
pt,tanzânia,en,tanzania,altered
pt,tapioca,en,tapioca,transparent
pt,taquicardia,en,tachycardia,altered
pt,tara,en,tara,transparent
pt,tarifa,en,tariff,transparent
pt,tarot,en,tarot,transparent
pt,tarso,en,tarsus,altered
pt,tarte,en,tart,transparent
pt,tarântula,en,tarantula,transparent
pt,taticamente,en,tactically,transparent
pt,tato,en,tact,altered
pt,tatuagem,en,tattoo,altered
pt,tau,en,tau,transparent
pt,taxa,en,tax,altered
pt,taxação,en,taxation,transparent
pt,taxonomia,en,taxonomy,transparent
pt,teatral,en,theatrical,transparent
pt,teatro,en,theatre,altered
pt,tecno,en,techno,transparent
pt,tecnologia,en,technology,transparent
pt,tecnologicamente,en,technologically,transparent
pt,tecnológico,en,technological,transparent
pt,tecnólogo,en,technologist,transparent
pt,tectônica,en,tectonics,transparent
pt,tectônico,en,tectonic,transparent
pt,tedioso,en,tedious,altered
pt,teflon,en,teflon,transparent
pt,tele,en,tele,transparent
pt,telecom,en,telecom,transparent
pt,telecomunicação,en,telecommunication,transparent
pt,telefone,en,telephone,transparent
pt,telefonia,en,telephony,transparent
pt,telegrama,en,telegram,transparent
pt,telemedicina,en,telemedicine,transparent
pt,telemetria,en,telemetry,transparent
pt,telepatia,en,telepathy,transparent
pt,teleportação,en,teleportation,transparent
pt,telescópico,en,telescopic,transparent
pt,telescópio,en,telescope,transparent
pt,teletransportar,en,teleport,transparent
pt,televisão,en,television,transparent
pt,telégrafo,en,telegraph,transparent
pt,tematicamente,en,thematically,transparent
pt,temperamental,en,temperamental,transparent
pt,temperamento,en,temperament,transparent
pt,temperança,en,temperance,transparent
pt,temperar,en,temperate,altered
pt,temperatura,en,temperature,transparent
pt,tempestade,en,tempest,altered
pt,template,en,template,transparent
pt,templo,en,temple,transparent
pt,tempo,en,tempo,transparent
pt,temporal,en,temporal,transparent
pt,temporário,en,temporary,transparent
pt,temático,en,thematic,transparent
pt,tenacidade,en,tenacity,transparent
pt,tenaz,en,tenacious,altered
pt,tendão,en,tendon,transparent
pt,tendência,en,tendency,transparent
pt,tenente,en,tenant,altered
pt,tenor,en,tenor,transparent
pt,tenso,en,tense,transparent
pt,tensor,en,tensor,transparent
pt,tensão,en,tension,altered
pt,tentar,en,tempt,altered
pt,tentativo,en,tentative,transparent
pt,tentação,en,temptation,transparent
pt,tentáculo,en,tentacle,transparent
pt,tenência,en,tenancy,altered
pt,teocracia,en,theocracy,transparent
pt,teologia,en,theology,transparent
pt,teológico,en,theological,transparent
pt,teorema,en,theorem,transparent
pt,teoria,en,theory,transparent
pt,teorizar,en,theorize,transparent
pt,tequila,en,tequila,transparent
pt,terapeuta,en,therapist,transparent
pt,terapia,en,therapy,transparent
pt,terapêutico,en,therapeutic,transparent
pt,terciário,en,tertiary,transparent
pt,termal,en,thermal,transparent
pt,terminador,en,terminator,transparent
pt,terminal,en,terminal,transparent
pt,terminar,en,terminate,transparent
pt,terminação,en,termination,transparent
pt,terminologia,en,terminology,transparent
pt,termodinâmico,en,thermodynamics,transparent
pt,termonuclear,en,thermonuclear,transparent
pt,termostato,en,thermostat,transparent
pt,termômetro,en,thermometer,transparent
pt,ternura,en,tenderness,altered
pt,terra,en,terra,transparent
pt,terracota,en,terracotta,transparent
pt,terraço,en,terrace,transparent
pt,terreno,en,terrain,altered
pt,terrestre,en,terrestrial,transparent
pt,terrier,en,terrier,transparent
pt,territorial,en,territorial,transparent
pt,território,en,territory,transparent
pt,terror,en,terror,transparent
pt,terrorismo,en,terrorism,transparent
pt,terrorista,en,terrorist,transparent
pt,terrário,en,terrarium,altered
pt,terrível,en,terrible,transparent
pt,tese,en,thesis,altered
pt,tesla,en,tesla,transparent
pt,tesoureiro,en,treasurer,transparent
pt,tesouro,en,treasure,altered
pt,testamento,en,testament,transparent
pt,teste,en,test,transparent
pt,testemunho,en,testimony,altered
pt,testicular,en,testicular,transparent
pt,testificar,en,testify,transparent
pt,testosterona,en,testosterone,transparent
pt,testículo,en,testicle,transparent
pt,teutônico,en,teutonic,transparent
pt,texto,en,text,transparent
pt,textual,en,textual,transparent
pt,textura,en,texture,transparent
pt,teólogo,en,theologian,altered
pt,teórico,en,theoretical,altered
pt,tiara,en,tiara,transparent
pt,tibete,en,tibet,altered
pt,tidal,en,tidal,transparent
pt,tifo,en,typhus,altered
pt,tigre,en,tiger,transparent
pt,tilápia,en,tilapia,transparent
pt,timbre,en,timbre,transparent
pt,timeline,en,timeline,transparent
pt,tinnitus,en,tinnitus,transparent
pt,tinto,en,tint,altered
pt,tipicamente,en,typically,transparent
pt,tipo,en,type,transparent
pt,tipografia,en,typography,altered
pt,tipográfico,en,typographical,altered
pt,tipologia,en,typology,transparent
pt,tique,en,tic,altered
pt,tirania,en,tyranny,transparent
pt,tirano,en,tyrant,transparent
pt,tirol,en,tyrol,altered
pt,tirosina,en,tyrosine,altered
pt,tiróide,en,thyroid,altered
pt,titular,en,titular,transparent
pt,titânico,en,titanic,transparent
pt,titânio,en,titanium,transparent
pt,titã,en,titan,transparent
pt,tofu,en,tofu,transparent
pt,toga,en,toga,transparent
pt,toledo,en,toledo,transparent
pt,tolerante,en,tolerant,transparent
pt,tolerar,en,tolerate,transparent
pt,tolerável,en,tolerable,altered
pt,tolerância,en,tolerance,transparent
pt,tom,en,tone,altered
pt,tomate,en,tomato,transparent
pt,tomo,en,tome,transparent
pt,tomografia,en,tomography,transparent
pt,tonal,en,tonal,transparent
pt,tonelada,en,ton,altered
pt,tonelagem,en,tonnage,altered
pt,toner,en,toner,transparent
pt,topografia,en,topography,transparent
pt,topográfico,en,topographic,transparent
pt,topologia,en,topology,transparent
pt,topológico,en,topological,transparent
pt,topping,en,top,transparent
pt,topázio,en,topaz,altered
pt,tormento,en,torment,transparent
pt,torneio,en,tournament,transparent
pt,torniquete,en,tourniquet,transparent
pt,torpedo,en,torpedo,transparent
pt,torque,en,torque,transparent
pt,torre,en,tower,altered
pt,torrencial,en,torrential,transparent
pt,torrente,en,torrent,transparent
pt,torreta,en,turret,transparent
pt,torso,en,torso,transparent
pt,tortilha,en,tortilla,transparent
pt,tortuoso,en,tortuous,transparent
pt,tortura,en,torture,transparent
pt,torácico,en,thoracic,transparent
pt,torção,en,torsion,altered
pt,toscano,en,tuscan,altered
pt,total,en,total,transparent
pt,totalidade,en,totality,transparent
pt,totalitarismo,en,totalitarianism,transparent
pt,totalitário,en,totalitarian,transparent
pt,totalmente,en,totally,transparent
pt,totem,en,totem,transparent
pt,tour,en,tour,transparent
pt,touro,en,taurus,altered
pt,toxicidade,en,toxicity,transparent
pt,toxicologia,en,toxicology,transparent
pt,toxina,en,toxin,transparent
pt,trabalho,en,travail,altered
pt,trade,en,trade,transparent
pt,tradicional,en,traditional,transparent
pt,tradição,en,tradition,transparent
pt,tradutor,en,translator,altered
pt,tradução,en,translation,transparent
pt,tragicamente,en,tragically,transparent
pt,tragédia,en,tragedy,transparent
pt,traidor,en,traitor,transparent
pt,trailer,en,trailer,transparent
pt,trair,en,betray,altered
pt,traição,en,treason,altered
pt,trajetória,en,trajectory,altered
pt,trampa,en,trap,altered
pt,trampolim,en,trampoline,transparent
pt,tranquilidade,en,tranquility,transparent
pt,tranquilizador,en,tranquilizer,transparent
pt,tranquilo,en,tranquil,transparent
pt,transacional,en,transactional,transparent
pt,transatlântico,en,transatlantic,transparent
pt,transação,en,transaction,transparent
pt,transcendental,en,transcendental,transparent
pt,transcendente,en,transcendent,transparent
pt,transcender,en,transcend,transparent
pt,transcendência,en,transcendence,transparent
pt,transcontinental,en,transcontinental,transparent
pt,transcrever,en,transcribe,altered
pt,transcrição,en,transcript,transparent
pt,transdutor,en,transducer,transparent
pt,transexual,en,transsexual,transparent
pt,transferir,en,transfer,transparent
pt,transferência,en,transference,transparent
pt,transferível,en,transferable,altered
pt,transformacional,en,transformational,transparent
pt,transformador,en,transformer,transparent
pt,transformar,en,transform,transparent
pt,transformativo,en,transformative,transparent
pt,transformação,en,transformation,transparent
pt,transfusão,en,transfusion,transparent
pt,transgredir,en,transgress,transparent
pt,transgressão,en,transgression,altered
pt,transgénico,en,transgenic,transparent
pt,transgênero,en,transgender,transparent
pt,transicional,en,transitional,transparent
pt,transistor,en,transistor,transparent
pt,transitivo,en,transitive,transparent
pt,transição,en,transition,transparent
pt,translacional,en,translational,transparent
pt,translocação,en,translocation,transparent
pt,translúcido,en,translucent,transparent
pt,transmissor,en,transmitter,altered
pt,transmissão,en,transmission,altered
pt,transmitir,en,transmit,transparent
pt,transmutação,en,transmutation,transparent
pt,transnacional,en,transnational,transparent
pt,transparente,en,transparent,transparent
pt,transparência,en,transparency,transparent
pt,transpirar,en,transpire,transparent
pt,transplantar,en,transplant,transparent
pt,transplantação,en,transplantation,transparent
pt,transpor,en,transpose,altered
pt,transportador,en,transporter,transparent
pt,transportação,en,transportation,transparent
pt,transporte,en,transport,transparent
pt,transposição,en,transposition,transparent
pt,transversal,en,transverse,altered
pt,trapézio,en,trapeze,altered
pt,traqueia,en,trachea,altered
pt,tratamento,en,treatment,transparent
pt,tratar,en,treat,altered
pt,trato,en,tract,altered
pt,trator,en,tractor,altered
pt,tratável,en,treatable,transparent
pt,trauma,en,trauma,transparent
pt,traumatizar,en,traumatize,transparent
pt,traumático,en,traumatic,transparent
pt,travesti,en,transvestite,altered
pt,traço,en,trace,transparent
pt,tração,en,traction,altered
pt,treinador,en,trainer,altered
pt,tremer,en,tremble,altered
pt,tremor,en,tremor,transparent
pt,trepidação,en,trepidation,transparent
pt,trial,en,trial,transparent
pt,triangular,en,triangular,transparent
pt,triangulação,en,triangulation,transparent
pt,triathlon,en,triathlon,transparent
pt,triatleta,en,triathlete,transparent
pt,tribal,en,tribal,transparent
pt,tribalismo,en,tribalism,transparent
pt,tribo,en,tribe,transparent
pt,tribulação,en,tribulation,transparent
pt,tribuna,en,tribune,transparent
pt,tribunal,en,tribunal,transparent
pt,tributo,en,tribute,transparent
pt,tributário,en,tributary,transparent
pt,triciclo,en,tricycle,transparent
pt,tridente,en,trident,transparent
pt,trigonometria,en,trigonometry,transparent
pt,trilhão,en,trillion,altered
pt,trilogia,en,trilogy,transparent
pt,trimestre,en,trimester,transparent
pt,trio,en,trio,transparent
pt,trip,en,trip,transparent
pt,tripa,en,tripe,transparent
pt,triplete,en,triplet,transparent
pt,triplo,en,triple,altered
pt,triunfal,en,triumphal,transparent
pt,triunfante,en,triumphant,transparent
pt,triunfo,en,triumph,altered
pt,trivial,en,trivial,transparent
pt,triássico,en,triassic,transparent
pt,triângulo,en,triangle,transparent
pt,troféu,en,trophy,altered
pt,trombeta,en,trumpet,altered
pt,trombone,en,trombone,transparent
pt,trombose,en,thrombosis,altered
pt,trompetista,en,trumpeter,altered
pt,trono,en,throne,transparent
pt,tropa,en,troop,transparent
pt,tropical,en,tropical,transparent
pt,trovador,en,troubadour,altered
pt,trufa,en,truffle,altered
pt,truque,en,trick,transparent
pt,tráfego,en,traffic,altered
pt,trágico,en,tragic,transparent
pt,trânsito,en,transit,transparent
pt,tríade,en,triad,transparent
pt,tríceps,en,triceps,transparent
pt,trópico,en,tropic,transparent
pt,tsunami,en,tsunami,transparent
pt,tuba,en,tuba,transparent
pt,tuberculose,en,tuberculosis,altered
pt,tubo,en,tube,transparent
pt,tubular,en,tubular,transparent
pt,tufão,en,typhoon,altered
pt,tule,en,tulle,transparent
pt,tumba,en,tomb,transparent
pt,tumor,en,tumor,transparent
pt,tumulto,en,tumult,transparent
pt,tumultuoso,en,tumultuous,transparent
pt,tundra,en,tundra,transparent
pt,tunisiano,en,tunisian,altered
pt,tunísia,en,tunisia,transparent
pt,turbante,en,turban,transparent
pt,turbina,en,turbine,transparent
pt,turbulento,en,turbulent,transparent
pt,turbulência,en,turbulence,transparent
pt,turco,en,turkish,altered
pt,turismo,en,tourism,transparent
pt,turista,en,tourist,transparent
pt,tutor,en,tutor,transparent
pt,tutoria,en,tutelage,altered
pt,tutorial,en,tutorial,transparent
pt,tweed,en,tweed,transparent
pt,tábua,en,table,altered
pt,tácito,en,tacit,transparent
pt,tártaro,en,tartar,transparent
pt,tática,en,tactic,altered
pt,tático,en,tactical,transparent
pt,tátil,en,tactile,transparent
pt,táxi,en,taxis,transparent
pt,táxon,en,taxon,transparent
pt,tântrico,en,tantric,altered
pt,técnico,en,technique,transparent
pt,ténis,en,tennis,transparent
pt,tépido,en,tepid,transparent
pt,término,en,terminus,transparent
pt,tétano,en,tetanus,altered
pt,tênue,en,tenuous,transparent
pt,têxtil,en,textile,transparent
pt,tíbio,en,tibia,transparent
pt,tímido,en,timid,transparent
pt,típico,en,typical,transparent
pt,título,en,title,transparent
pt,tónico,en,tonic,transparent
pt,tópico,en,topic,transparent
pt,tórax,en,thorax,transparent
pt,tório,en,thorium,altered
pt,tórrido,en,torrid,transparent
pt,tóxico,en,toxic,transparent
pt,túlipa,en,tulip,altered
pt,túnel,en,tunnel,transparent
pt,túnica,en,tunic,transparent
pt,ugandense,en,ugandan,altered
pt,ukulele,en,ukulele,transparent
pt,ulterior,en,ulterior,transparent
pt,ultimatum,en,ultimatum,transparent
pt,ultra,en,ultra,transparent
pt,ultrassônico,en,ultrasonic,altered
pt,ultravioleta,en,ultraviolet,transparent
pt,umbilical,en,umbilical,transparent
pt,unanimemente,en,unanimously,altered
pt,unicamente,en,uniquely,altered
pt,unicode,en,unicode,transparent
pt,unicórnio,en,unicorn,transparent
pt,unidade,en,unit,altered
pt,unificar,en,unify,altered
pt,unificação,en,unification,transparent
pt,uniforme,en,uniform,transparent
pt,uniformidade,en,uniformity,transparent
pt,unilateral,en,unilateral,transparent
pt,unilateralmente,en,unilaterally,transparent
pt,unionista,en,unionist,transparent
pt,unir,en,unite,altered
pt,unissex,en,unisex,altered
pt,unitário,en,unitary,transparent
pt,universal,en,universal,transparent
pt,universalidade,en,universality,transparent
pt,universalista,en,universalist,transparent
pt,universalmente,en,universally,transparent
pt,universidade,en,university,transparent
pt,universo,en,universe,transparent
pt,união,en,union,transparent
pt,unânime,en,unanimous,altered
pt,uníssono,en,unison,transparent
pt,upload,en,upload,transparent
pt,urano,en,uranus,transparent
pt,urbanizar,en,urbanize,transparent
pt,urbanização,en,urbanization,transparent
pt,urbano,en,urban,transparent
pt,urdu,en,urdu,transparent
pt,urgente,en,urgent,transparent
pt,urgência,en,urgency,transparent
pt,urina,en,urine,transparent
pt,urinar,en,urinate,transparent
pt,url,en,url,transparent
pt,urologista,en,urologist,transparent
pt,urânio,en,uranium,altered
pt,uréia,en,urea,altered
pt,uso,en,usage,altered
pt,usual,en,usual,transparent
pt,usualmente,en,usually,transparent
pt,usurpador,en,usurper,altered
pt,usurpar,en,usurp,transparent
pt,utensílio,en,utensil,transparent
pt,uterino,en,uterine,transparent
pt,utilidade,en,utility,transparent
pt,utilitário,en,utilitarian,transparent
pt,utilizar,en,utilize,transparent
pt,utilização,en,utilization,altered
pt,utopia,en,utopia,transparent
pt,utópico,en,utopian,altered
pt,uzbequistão,en,uzbekistan,altered
pt,uísque,en,whiskey,transparent
pt,vacante,en,vacant,transparent
pt,vacina,en,vaccine,altered
pt,vacinar,en,vaccinate,altered
pt,vacinação,en,vaccination,altered
pt,vacância,en,vacancy,transparent
pt,vagabundo,en,vagabond,altered
pt,vagina,en,vagina,transparent
pt,vago,en,vague,transparent
pt,vagão,en,wagon,transparent
pt,vale,en,vale,transparent
pt,valentim,en,valentine,altered
pt,valet,en,valet,transparent
pt,validade,en,validity,transparent
pt,validar,en,validate,transparent
pt,validação,en,validation,transparent
pt,valor,en,valour,transparent
pt,valsa,en,waltz,altered
pt,vampiro,en,vampire,transparent
pt,vandalismo,en,vandalism,transparent
pt,vandalizar,en,vandalize,transparent
pt,vanguarda,en,vanguard,altered
pt,vantajoso,en,advantageous,altered
pt,vapor,en,vapor,transparent
pt,varanda,en,verandah,altered
pt,variabilidade,en,variability,transparent
pt,variante,en,variant,transparent
pt,variar,en,vary,altered
pt,variação,en,variation,transparent
pt,variedade,en,variety,transparent
pt,variável,en,variable,transparent
pt,variância,en,variance,transparent
pt,vascular,en,vascular,transparent
pt,vasectomia,en,vasectomy,transparent
pt,vassalo,en,vassal,transparent
pt,vasto,en,vast,transparent
pt,vaticano,en,vatican,transparent
pt,veemente,en,vehement,transparent
pt,veementemente,en,vehemently,altered
pt,vegano,en,vegan,transparent
pt,vegetal,en,vegetable,altered
pt,vegetariano,en,vegetarian,transparent
pt,vegetação,en,vegetation,transparent
pt,veicular,en,vehicular,transparent
pt,velocidade,en,velocity,transparent
pt,vendedor,en,vendor,altered
pt,vender,en,vend,altered
pt,vendetta,en,vendetta,transparent
pt,veneno,en,venom,altered
pt,venerar,en,venerate,transparent
pt,veneração,en,veneration,transparent
pt,venerável,en,venerable,transparent
pt,veneziano,en,venetian,transparent
pt,venezuelano,en,venezuelan,transparent
pt,ventilador,en,ventilator,transparent
pt,ventilar,en,ventilate,transparent
pt,ventilação,en,ventilation,transparent
pt,ventral,en,ventral,transparent
pt,ventrículo,en,ventricle,transparent
pt,venturo,en,ventura,transparent
pt,verbal,en,verbal,transparent
pt,verbatim,en,verbatim,transparent
pt,verbo,en,verb,transparent
pt,veredicto,en,verdict,transparent
pt,verificar,en,verify,transparent
pt,verificação,en,verification,transparent
pt,vernáculo,en,vernacular,transparent
pt,versa,en,versa,transparent
pt,versatilidade,en,versatility,transparent
pt,verso,en,verse,altered
pt,versus,en,versus,transparent
pt,versátil,en,versatile,transparent
pt,versão,en,version,transparent
pt,vertical,en,vertical,transparent
pt,verticalmente,en,vertically,transparent
pt,vertigem,en,vertigo,altered
pt,vespa,en,vespa,transparent
pt,vestíbulo,en,vestibule,transparent
pt,vestígio,en,vestige,transparent
pt,vesícula,en,vesicle,transparent
pt,veterano,en,veteran,transparent
pt,veterinário,en,veterinary,transparent
pt,veto,en,veto,transparent
pt,vetor,en,vector,altered
pt,veículo,en,vehicle,altered
pt,via,en,via,transparent
pt,vial,en,vial,transparent
pt,vibracional,en,vibrational,transparent
pt,vibrador,en,vibrator,transparent
pt,vibrante,en,vibrant,transparent
pt,vibrar,en,vibrate,transparent
pt,vibração,en,vibration,transparent
pt,vicioso,en,vicious,transparent
pt,vida,en,vita,altered
pt,vigilante,en,vigilante,transparent
pt,vigor,en,vigor,transparent
pt,vigorosamente,en,vigorously,transparent
pt,vigoroso,en,vigorous,transparent
pt,vigário,en,vicar,altered
pt,vigília,en,vigil,transparent
pt,viking,en,viking,transparent
pt,vil,en,vile,altered
pt,vila,en,villa,altered
pt,vilão,en,villain,altered
pt,vinagre,en,vinegar,transparent
pt,vinagrete,en,vinaigrette,transparent
pt,vingança,en,vengeance,altered
pt,vinheta,en,vignette,transparent
pt,vinho,en,wine,altered
pt,vinil,en,vinyl,transparent
pt,viola,en,viola,transparent
pt,violador,en,violator,transparent
pt,violar,en,violate,transparent
pt,violação,en,violation,transparent
pt,violentamente,en,violently,altered
pt,violento,en,violent,transparent
pt,violeta,en,violet,transparent
pt,violinista,en,violinist,transparent
pt,violino,en,violin,transparent
pt,violoncelo,en,cello,altered
pt,violência,en,violence,transparent
pt,viral,en,viral,transparent
pt,virgem,en,virgin,transparent
pt,virgindade,en,virginity,transparent
pt,virologia,en,virology,transparent
pt,virtual,en,virtual,transparent
pt,virtualização,en,virtualization,transparent
pt,virtualmente,en,virtually,transparent
pt,virtude,en,virtue,transparent
pt,virtuoso,en,virtuous,transparent
pt,virulento,en,virulent,altered
pt,visagem,en,visage,altered
pt,visceral,en,visceral,transparent
pt,visconde,en,viscount,altered
pt,viscosidade,en,viscosity,transparent
pt,visibilidade,en,visibility,transparent
pt,visionário,en,visionary,transparent
pt,visita,en,visit,transparent
pt,visitante,en,visitor,transparent
pt,visitação,en,visitation,transparent
pt,visivelmente,en,visibly,altered
pt,visto,en,vista,transparent
pt,visual,en,visual,transparent
pt,visualizar,en,visualize,transparent
pt,visualização,en,visualization,transparent
pt,visualmente,en,visually,transparent
pt,visão,en,vision,transparent
pt,visível,en,visible,transparent
pt,vital,en,vital,transparent
pt,vitamina,en,vitamin,transparent
pt,vitelo,en,veal,altered
pt,vitimização,en,victimization,altered
pt,vitoriano,en,victorian,altered
pt,vitorioso,en,victorious,altered
pt,vitro,en,vitro,transparent
pt,vitríolo,en,vitriol,altered
pt,vitória,en,victory,altered
pt,vivaz,en,vivacious,altered
pt,vividamente,en,vividly,transparent
pt,vivo,en,vivo,transparent
pt,vizir,en,vizier,transparent
pt,viável,en,viable,transparent
pt,vocabulário,en,vocabulary,transparent
pt,vocacional,en,vocational,transparent
pt,vocal,en,vocal,transparent
pt,vocalista,en,vocalist,altered
pt,vocalização,en,vocalization,transparent
pt,vocação,en,vocation,transparent
pt,vodka,en,vodka,transparent
pt,voga,en,vogue,altered
pt,vogal,en,vowel,altered
pt,volatilidade,en,volatility,transparent
pt,voleibol,en,volleyball,altered
pt,volição,en,volition,transparent
pt,volt,en,volt,transparent
pt,voltagem,en,voltage,transparent
pt,volume,en,volume,transparent
pt,volumoso,en,voluminous,transparent
pt,volumétrico,en,volumetric,transparent
pt,voluntariamente,en,voluntarily,transparent
pt,voluntário,en,volunteer,altered
pt,voluptuoso,en,voluptuous,transparent
pt,volátil,en,volatile,transparent
pt,vomitar,en,vomit,transparent
pt,votante,en,voter,transparent
pt,voto,en,vote,transparent
pt,voyeur,en,voyeur,transparent
pt,voz,en,voice,altered
pt,vulcânico,en,volcanic,altered
pt,vulcão,en,volcano,altered
pt,vulgar,en,vulgar,transparent
pt,vulgaridade,en,vulgarity,transparent
pt,vulnerabilidade,en,vulnerability,transparent
pt,vulnerável,en,vulnerable,transparent
pt,vulva,en,vulva,transparent
pt,válido,en,valid,transparent
pt,válvula,en,valve,transparent
pt,vário,en,various,altered
pt,vândalo,en,vandal,transparent
pt,védico,en,vedic,transparent
pt,vértebra,en,vertebra,transparent
pt,vértice,en,vertex,transparent
pt,véspera,en,vesper,altered
pt,véu,en,veil,altered
pt,vênus,en,venus,transparent
pt,vídeo,en,video,transparent
pt,vírus,en,virus,transparent
pt,vítima,en,victim,transparent
pt,vítor,en,victor,altered
pt,vívido,en,vivid,transparent
pt,vórtice,en,vortex,transparent
pt,wafer,en,wafer,transparent
pt,waffle,en,waffle,transparent
pt,wake,en,wake,transparent
pt,warfarina,en,warfarin,transparent
pt,waterloo,en,waterloo,transparent
pt,webcam,en,webcam,transparent
pt,website,en,website,transparent
pt,wedge,en,wedge,transparent
pt,weekend,en,weekend,transparent
pt,western,en,western,transparent
pt,wikipedia,en,wikipedia,transparent
pt,wok,en,wok,transparent
pt,wood,en,wood,transparent
pt,xale,en,shawl,altered
pt,xamã,en,shaman,altered
pt,xarope,en,syrup,altered
pt,xenofobia,en,xenophobia,transparent
pt,xenófobo,en,xenophobic,transparent
pt,xenônio,en,xenon,altered
pt,xeque,en,sheik,altered
pt,xi,en,xi,transparent
pt,xogum,en,shogun,altered
pt,xá,en,shah,altered
pt,yakuza,en,yakuza,transparent
pt,youtuber,en,youtuber,transparent
pt,zebra,en,zebra,transparent
pt,zeloso,en,zealous,altered
pt,zen,en,zen,transparent
pt,zeppelin,en,zeppelin,transparent
pt,zero,en,zero,transparent
pt,zeta,en,zeta,transparent
pt,zeus,en,zeus,transparent
pt,zigzag,en,zigzag,transparent
pt,zinco,en,zinc,altered
pt,zircão,en,zircon,altered
pt,zodíaco,en,zodiac,transparent
pt,zona,en,zone,transparent
pt,zonal,en,zonal,transparent
pt,zoologia,en,zoology,transparent
pt,zoológico,en,zoological,transparent
pt,zoom,en,zoom,transparent
pt,zoólogo,en,zoologist,altered
pt,zulu,en,zulu,transparent
pt,zéfiro,en,zephyr,altered
pt,zênite,en,zenith,transparent
pt,ábaco,en,abacus,altered
pt,ácido,en,acid,transparent
pt,ágar,en,agar,altered
pt,ágora,en,agora,transparent
pt,álbum,en,album,transparent
pt,álcali,en,alkali,transparent
pt,álcool,en,alcohol,transparent
pt,álgebra,en,algebra,transparent
pt,árabe,en,arab,transparent
pt,árbitro,en,arbitrator,altered
pt,árduo,en,arduous,transparent
pt,área,en,area,transparent
pt,ária,en,aria,transparent
pt,árido,en,arid,transparent
pt,ártico,en,arctic,transparent
pt,ásia,en,asia,transparent
pt,áspide,en,asp,altered
pt,átomo,en,atom,transparent
pt,átrio,en,atrium,altered
pt,áudio,en,audio,transparent
pt,âmbar,en,amber,transparent
pt,âncora,en,anchor,altered
pt,ângulo,en,angle,altered
pt,ânimo,en,animus,altered
pt,ânion,en,anion,altered
pt,ânus,en,anus,transparent
pt,ébano,en,ebony,altered
pt,éon,en,eon,transparent
pt,épico,en,epic,transparent
pt,época,en,epoch,transparent
pt,épsilon,en,epsilon,transparent
pt,éster,en,ester,transparent
pt,éter,en,ether,transparent
pt,ético,en,ethics,altered
pt,étnico,en,ethnic,transparent
pt,ênfase,en,emphasis,altered
pt,êxodo,en,exodus,altered
pt,êxtase,en,ecstasy,transparent
pt,ícone,en,icon,altered
pt,ídolo,en,idol,transparent
pt,ímpeto,en,impetus,transparent
pt,índice,en,index,altered
pt,índigo,en,indigo,transparent
pt,íntimo,en,intimate,transparent
pt,íon,en,ion,transparent
pt,íris,en,iris,transparent
pt,óbvio,en,obvious,transparent
pt,óleo,en,oil,altered
pt,ópio,en,opium,altered
pt,óptico,en,optical,transparent
pt,órbita,en,orbit,transparent
pt,órfão,en,orphan,altered
pt,órgão,en,organ,altered
pt,ótimo,en,optimal,altered
pt,óvulo,en,ovum,altered
pt,óxido,en,oxide,transparent
pt,ômega,en,omega,transparent
pt,ônibus,en,bus,altered
pt,ônix,en,onyx,altered
pt,úlcera,en,ulcer,transparent
pt,último,en,ultimate,altered
pt,úmero,en,humerus,altered
pt,único,en,unique,transparent
pt,úrico,en,uric,transparent
pt,útero,en,uterus,transparent
