receiver_lang,receiver_word,donor_lang,donor_word,class
es,abadía,fr,abbaye,altered
es,abandonar,fr,abandonner,transparent
es,abandono,fr,abandon,transparent
es,abatir,fr,abattu,transparent
es,abdomen,fr,abdomen,transparent
es,abeja,fr,abeille,altered
es,abertura,fr,ouverture,altered
es,abiertamente,fr,ouvertement,altered
es,abismo,fr,abîme,altered
es,abolición,fr,abolition,transparent
es,abolir,fr,abolir,transparent
es,abonado,fr,abonné,altered
es,abonar,fr,abonner,transparent
es,abordable,fr,abordable,transparent
es,abordar,fr,aborder,transparent
es,abortar,fr,avorter,altered
es,aborto,fr,avortement,altered
es,abrazar,fr,embrasser,transparent
es,abrazo,fr,embrasse,altered
es,abreviar,fr,abrégé,transparent
es,abrigar,fr,abriter,altered
es,abril,fr,avril,altered
es,absolutamente,fr,absolument,transparent
es,absoluto,fr,absolu,transparent
es,absorber,fr,absorber,transparent
es,absorción,fr,absorption,transparent
es,abstención,fr,abstention,transparent
es,abstener,fr,abstenir,transparent
es,abstracción,fr,abstraction,transparent
es,abstracto,fr,abstrait,transparent
es,absurdidad,fr,absurdité,transparent
es,absurdo,fr,absurde,transparent
es,abundancia,fr,abondance,altered
es,abundante,fr,abondant,transparent
es,abundantemente,fr,abondamment,transparent
es,abusar,fr,abusé,transparent
es,abusivo,fr,abusif,transparent
es,abuso,fr,abus,altered
es,acabar,fr,achever,altered
es,academia,fr,académie,altered
es,académico,fr,académique,transparent
es,acariciar,fr,caresser,altered
es,acceder,fr,accéder,transparent
es,accesibilidad,fr,accessibilité,transparent
es,accesible,fr,accessible,transparent
es,accesión,fr,accession,transparent
es,acceso,fr,accès,transparent
es,accesorio,fr,accessoire,transparent
es,accidental,fr,accidentel,transparent
es,accidentalmente,fr,accidentellement,transparent
es,accidente,fr,accident,transparent
es,accion,fr,action,transparent
es,accionista,fr,actionnaire,altered
es,acción,fr,action,transparent
es,aceleración,fr,accélération,transparent
es,acelerada,fr,accélérer,altered
es,acelerador,fr,accélérateur,altered
es,acelerar,fr,accélérer,altered
es,acento,fr,accent,transparent
es,acentuar,fr,accentuer,transparent
es,aceptable,fr,acceptable,transparent
es,aceptación,fr,acceptation,transparent
es,aceptar,fr,accepter,transparent
es,acepto,fr,accepter,transparent
es,acercamiento,fr,rapprochement,altered
es,acercar,fr,approcher,transparent
es,acero,fr,acier,altered
es,acidez,fr,acidité,altered
es,aclarar,fr,clarifier,altered
es,acoger,fr,accueillir,altered
es,acompañamiento,fr,accompagnement,altered
es,acompañante,fr,compagnon,transparent
es,acompañar,fr,accompagné,transparent
es,acondicionamiento,fr,conditionnement,transparent
es,aconsejar,fr,conseiller,altered
es,acontecimiento,fr,événement,altered
es,acordar,fr,accordé,altered
es,acrecentamiento,fr,accroissement,altered
es,acrecer,fr,accrue,altered
es,acreedor,fr,créancier,altered
es,acta,fr,acte,altered
es,actitud,fr,attitude,transparent
es,activación,fr,activation,transparent
es,activamente,fr,activement,altered
es,activar,fr,activer,altered
es,actividad,fr,activité,transparent
es,activista,fr,activiste,transparent
es,activo,fr,actif,transparent
es,acto,fr,acte,altered
es,actor,fr,acteur,altered
es,actriz,fr,acteur,altered
es,actualidad,fr,actualité,transparent
es,acuarela,fr,aquarelle,altered
es,acuario,fr,aquarium,altered
es,acudir,fr,accourir,altered
es,acuerdo,fr,accord,altered
es,acumulación,fr,accumulation,transparent
es,acumular,fr,accumuler,transparent
es,acusación,fr,accusation,transparent
es,acusado,fr,accusé,transparent
es,acusar,fr,accuser,altered
es,acuático,fr,aquatique,transparent
es,acá,fr,çà,altered
es,acústica,fr,acoustique,transparent
es,acústico,fr,acoustique,transparent
es,adaptación,fr,adaptation,transparent
es,adaptar,fr,adapter,transparent
es,adecuar,fr,adéquat,altered
es,adepto,fr,adepte,transparent
es,adherente,fr,adhérent,transparent
es,adherir,fr,adhérer,transparent
es,adhesión,fr,adhésion,transparent
es,adicción,fr,addiction,transparent
es,adicional,fr,additionnel,altered
es,adición,fr,addition,transparent
es,adivinar,fr,deviner,altered
es,adiós,fr,adieu,altered
es,adjetivo,fr,adjectif,transparent
es,adjunto,fr,adjoint,altered
es,administracion,fr,administration,transparent
es,administración,fr,administration,transparent
es,administrador,fr,administrateur,transparent
es,administrar,fr,administré,transparent
es,administrativo,fr,administratif,altered
es,admirable,fr,admirable,transparent
es,admiración,fr,admiration,transparent
es,admirar,fr,admirer,transparent
es,admisión,fr,admission,transparent
es,admitir,fr,admettre,altered
es,adolescencia,fr,adolescence,transparent
es,adolescente,fr,adolescent,transparent
es,adopción,fr,adoption,transparent
es,adoptado,fr,adopté,altered
es,adoptando,fr,adoptant,transparent
es,adoptante,fr,adoptant,transparent
es,adoptar,fr,adopter,transparent
es,adorable,fr,adorable,transparent
es,adoración,fr,adoration,transparent
es,adorar,fr,adorer,altered
es,adormecer,fr,endormi,altered
es,adquirir,fr,acquis,altered
es,adquisición,fr,acquisition,transparent
es,adrenalina,fr,adrénaline,altered
es,aduana,fr,douane,altered
es,adulterio,fr,adultère,altered
es,adulto,fr,adulte,transparent
es,advenimiento,fr,avènement,altered
es,adversario,fr,adversaire,altered
es,adverso,fr,adverse,altered
es,advertencia,fr,avertissement,altered
es,advertir,fr,avertir,transparent
es,aeronáutica,fr,aéronautique,transparent
es,aeronáutico,fr,aéronautique,altered
es,aeropuerto,fr,aéroport,altered
es,afección,fr,affection,transparent
es,afectación,fr,affectation,transparent
es,afectado,fr,affecté,transparent
es,afectivo,fr,affectif,altered
es,afiche,fr,affiche,altered
es,afición,fr,affection,transparent
es,afilado,fr,affilé,altered
es,afiliación,fr,affiliation,transparent
es,afiliado,fr,affilié,transparent
es,afinidad,fr,affinité,transparent
es,afirmación,fr,affirmation,transparent
es,afirmado,fr,affirmer,altered
es,afirmar,fr,affirmer,transparent
es,afluencia,fr,affluence,altered
es,afluente,fr,affluent,altered
es,africano,fr,africain,transparent
es,afro,fr,afro,transparent
es,afrontar,fr,affronter,altered
es,afín,fr,afin,transparent
es,agencia,fr,agence,transparent
es,agenda,fr,agenda,transparent
es,agente,fr,agent,transparent
es,agir,fr,agir,transparent
es,agitación,fr,agitation,transparent
es,agitar,fr,agité,transparent
es,aglomeración,fr,agglomération,transparent
es,agonía,fr,agonie,altered
es,agosto,fr,août,altered
es,agradable,fr,agréable,transparent
es,agradablemente,fr,agréablement,transparent
es,agrandamiento,fr,agrandissement,transparent
es,agrandar,fr,agrandir,altered
es,agravar,fr,aggraver,transparent
es,agredir,fr,agressé,transparent
es,agresividad,fr,agressivité,transparent
es,agresivo,fr,agressif,transparent
es,agresión,fr,agression,transparent
es,agresor,fr,agresseur,altered
es,agricultor,fr,agriculteur,altered
es,agricultura,fr,agriculture,transparent
es,agro,fr,agro,transparent
es,agroalimentario,fr,agroalimentaire,transparent
es,agrícola,fr,agricole,transparent
es,agua,fr,eau,altered
es,agudo,fr,aigu,altered
es,aguja,fr,aiguille,altered
es,ah,fr,ah,transparent
es,air,fr,air,transparent
es,airbus,fr,airbus,transparent
es,aire,fr,air,transparent
es,aislamiento,fr,isolement,altered
es,aislar,fr,isolé,altered
es,ajustar,fr,ajuster,transparent
es,ajuste,fr,ajustement,altered
es,ala,fr,aile,altered
es,alargamiento,fr,allongement,altered
es,alarma,fr,alarme,transparent
es,alaska,fr,alaska,transparent
es,albania,fr,albanie,transparent
es,albanés,fr,albanais,altered
es,albergar,fr,héberger,altered
es,albergue,fr,auberge,altered
es,alberto,fr,albert,altered
es,album,fr,album,transparent
es,alcohol,fr,alcool,transparent
es,alcoholismo,fr,alcoolisme,transparent
es,alcohólico,fr,alcoolique,transparent
es,aleatorio,fr,aléatoire,transparent
es,alegación,fr,allégation,transparent
es,alegoría,fr,allégorie,altered
es,alejamiento,fr,éloignement,altered
es,alejandro,fr,alexander,altered
es,alejandría,fr,alexandrie,altered
es,aleman,fr,allemand,altered
es,alemania,fr,allemagne,altered
es,alemán,fr,allemand,altered
es,alergia,fr,allergie,altered
es,alerta,fr,alerte,altered
es,alertar,fr,alerter,transparent
es,alfa,fr,alpha,altered
es,alfabeto,fr,alphabet,altered
es,alfabético,fr,alphabétique,transparent
es,alga,fr,algue,altered
es,algoritmo,fr,algorithme,transparent
es,aliado,fr,allié,altered
es,alianza,fr,alliance,transparent
es,aliar,fr,allier,transparent
es,alias,fr,alias,transparent
es,aligerar,fr,alléger,transparent
es,alimentación,fr,alimentation,transparent
es,alimentar,fr,alimenter,altered
es,alimentario,fr,alimentaire,transparent
es,alimenticio,fr,alimentaire,altered
es,alimento,fr,aliment,transparent
es,alineación,fr,alignement,altered
es,alineamiento,fr,alignement,transparent
es,allure,fr,allure,transparent
es,alma,fr,âme,altered
es,almendra,fr,amande,altered
es,almirante,fr,amiral,altered
es,alocución,fr,allocution,transparent
es,alojar,fr,loger,altered
es,alonso,fr,alphonse,altered
es,alpe,fr,alpe,transparent
es,alpes,fr,alpe,transparent
es,alpha,fr,alpha,transparent
es,alpino,fr,alpin,transparent
es,alquimia,fr,alchimie,altered
es,alsaciano,fr,alsacien,transparent
es,altamente,fr,hautement,altered
es,alteración,fr,altération,transparent
es,alternancia,fr,alternance,altered
es,alternativa,fr,alternative,transparent
es,alternativo,fr,alternatif,transparent
es,alteza,fr,altesse,altered
es,altitud,fr,altitude,transparent
es,alto,fr,haut,altered
es,altura,fr,hauteur,altered
es,alucinante,fr,hallucinant,altered
es,alumbrar,fr,allumer,altered
es,aluminio,fr,aluminium,altered
es,alusión,fr,allusion,transparent
es,alza,fr,hausse,altered
es,alá,fr,allah,transparent
es,alérgico,fr,allergique,altered
es,amable,fr,aimable,transparent
es,amalgama,fr,amalgame,transparent
es,amante,fr,amant,altered
es,amar,fr,aimer,altered
es,amargo,fr,amer,altered
es,amargura,fr,amertume,altered
es,amateur,fr,amateur,transparent
es,amazona,fr,amazon,transparent
es,amazonia,fr,amazonie,altered
es,amazonía,fr,amazonie,transparent
es,ambicioso,fr,ambitieux,altered
es,ambición,fr,ambition,transparent
es,ambientar,fr,ambiance,altered
es,ambiente,fr,ambiance,transparent
es,ambiguo,fr,ambigu,transparent
es,ambigüedad,fr,ambiguïté,altered
es,ambulancia,fr,ambulance,transparent
es,amelia,fr,amélie,altered
es,amenaza,fr,menace,altered
es,amenazante,fr,menaçant,altered
es,amenazar,fr,menacé,transparent
es,ameno,fr,amène,transparent
es,america,fr,amérique,transparent
es,americana,fr,américaine,transparent
es,americano,fr,américain,altered
es,amerindio,fr,amérindien,transparent
es,amianto,fr,amiante,transparent
es,amigable,fr,amical,altered
es,amigar,fr,amie,transparent
es,amigo,fr,ami,altered
es,amistad,fr,amitié,altered
es,amnistía,fr,amnistie,transparent
es,amor,fr,amour,transparent
es,amoroso,fr,amoureux,altered
es,ampliamente,fr,amplement,transparent
es,amplio,fr,ample,transparent
es,amplitud,fr,amplitude,altered
es,ampolla,fr,ampoule,transparent
es,amén,fr,amen,transparent
es,américa,fr,amérique,transparent
es,américas,fr,amériques,altered
es,ana,fr,ana,transparent
es,anal,fr,annales,transparent
es,analisis,fr,analyse,transparent
es,analista,fr,analyste,altered
es,analizar,fr,analyser,transparent
es,analogía,fr,analogie,transparent
es,analítica,fr,analytique,transparent
es,analítico,fr,analytique,transparent
es,anarquista,fr,anarchiste,altered
es,anarquía,fr,anarchie,altered
es,anatomía,fr,anatomie,transparent
es,ancestro,fr,ancêtre,altered
es,ancla,fr,ancre,altered
es,anclaje,fr,ancrage,altered
es,anclar,fr,ancré,transparent
es,android,fr,android,transparent
es,anestesia,fr,anesthésie,altered
es,anexión,fr,annexion,transparent
es,anexo,fr,annexe,transparent
es,anfiteatro,fr,amphithéâtre,altered
es,angel,fr,ange,altered
es,angelical,fr,angélique,altered
es,angelo,fr,ange,altered
es,anglo,fr,anglo,transparent
es,anglófono,fr,anglophone,transparent
es,angola,fr,angola,transparent
es,angustia,fr,angoisse,altered
es,angélica,fr,angélique,altered
es,angélico,fr,angélique,transparent
es,animación,fr,animation,transparent
es,animador,fr,animateur,transparent
es,animal,fr,animal,transparent
es,animar,fr,animé,transparent
es,aniquilar,fr,anéantir,altered
es,aniversario,fr,anniversaire,altered
es,ano,fr,anus,altered
es,anodino,fr,anodin,transparent
es,anomalía,fr,anomalie,transparent
es,anonimato,fr,anonymat,transparent
es,anormal,fr,anormal,transparent
es,ansiedad,fr,anxiété,altered
es,ansioso,fr,anxieux,altered
es,antecedente,fr,antécédent,transparent
es,antecesor,fr,ancêtre,altered
es,antena,fr,antenne,transparent
es,anterior,fr,antérieur,transparent
es,anti,fr,anti,transparent
es,antibiótico,fr,antibiotique,transparent
es,anticipación,fr,anticipation,transparent
es,anticipar,fr,anticipé,transparent
es,anticipo,fr,anticipation,altered
es,anticuerpo,fr,anticorps,altered
es,antiguamente,fr,anciennement,altered
es,antiguo,fr,antique,altered
es,antigüedad,fr,antiquité,transparent
es,antillas,fr,antilles,altered
es,antisemita,fr,antisémite,altered
es,antisemitismo,fr,antisémitisme,transparent
es,antología,fr,anthologie,transparent
es,antorcha,fr,torche,altered
es,antropología,fr,anthropologie,altered
es,antártico,fr,antarctique,transparent
es,antártida,fr,antarctique,altered
es,anual,fr,annuel,altered
es,anualmente,fr,annuellement,transparent
es,anuario,fr,annuaire,altered
es,anulación,fr,annulation,transparent
es,anular,fr,annuler,transparent
es,anunciador,fr,annonceur,transparent
es,anunciante,fr,annonceur,altered
es,anunciar,fr,annoncer,altered
es,anuncio,fr,annonce,altered
es,análisis,fr,analyse,altered
es,análogo,fr,analogue,transparent
es,anécdota,fr,anecdote,transparent
es,anónimo,fr,anonyme,altered
es,apacible,fr,paisible,altered
es,aparato,fr,appareil,altered
es,aparecer,fr,apparaître,altered
es,aparente,fr,apparent,altered
es,aparentemente,fr,apparemment,altered
es,aparición,fr,apparition,transparent
es,apariencia,fr,apparence,transparent
es,apartamento,fr,appartement,altered
es,apartheid,fr,apartheid,transparent
es,apasionante,fr,passionnant,altered
es,apasionar,fr,passionné,altered
es,apelación,fr,appel,altered
es,apelante,fr,appelant,transparent
es,apercibimiento,fr,aperçu,altered
es,apetito,fr,appétit,altered
es,aplaudir,fr,applaudir,transparent
es,aplicable,fr,applicable,transparent
es,aplicacion,fr,application,transparent
es,aplicación,fr,application,transparent
es,aplicar,fr,appliquer,transparent
es,aplique,fr,applique,transparent
es,apocalipsis,fr,apocalypse,altered
es,apogeo,fr,apogée,altered
es,apolo,fr,apollo,transparent
es,apología,fr,apologie,transparent
es,aporte,fr,apport,transparent
es,apostólico,fr,apostolique,altered
es,apoyar,fr,appuyer,altered
es,apoyo,fr,appui,altered
es,app,fr,app,transparent
es,apps,fr,apps,transparent
es,apreciable,fr,appréciable,transparent
es,apreciación,fr,appréciation,transparent
es,apreciar,fr,apprécier,transparent
es,aprehender,fr,appréhender,transparent
es,aprender,fr,apprendre,transparent
es,aprendiz,fr,apprenti,altered
es,aprendizaje,fr,apprentissage,altered
es,aprobación,fr,approbation,transparent
es,aprobado,fr,approuvé,altered
es,aprobar,fr,approuver,altered
es,apropiación,fr,appropriation,transparent
es,apropiar,fr,approprié,transparent
es,aprovisionamiento,fr,approvisionnement,transparent
es,aproximadamente,fr,approximativement,altered
es,aptitud,fr,aptitude,transparent
es,apto,fr,apte,transparent
es,apuntar,fr,pointer,altered
es,apóstol,fr,apôtre,altered
es,aquel,fr,celui,altered
es,aqui,fr,ici,altered
es,aquiles,fr,achille,altered
es,arabia,fr,arabie,altered
es,araña,fr,araignée,altered
es,arbitraje,fr,arbitrage,transparent
es,arbitrariedad,fr,arbitraire,transparent
es,arbitrario,fr,arbitraire,transparent
es,arbol,fr,arbre,altered
es,arca,fr,arche,altered
es,arcada,fr,arcade,altered
es,arcade,fr,arcade,transparent
es,arcaico,fr,archaïque,altered
es,archipiélago,fr,archipel,altered
es,arcilla,fr,argile,altered
es,arco,fr,arc,transparent
es,ardiente,fr,ardent,altered
es,ardor,fr,ardeur,altered
es,arena,fr,arène,altered
es,argelino,fr,algérien,altered
es,argentar,fr,argent,transparent
es,argentino,fr,argentin,transparent
es,argumentación,fr,argumentation,transparent
es,argumento,fr,argument,transparent
es,arista,fr,arête,altered
es,aristocracia,fr,aristocratie,altered
es,arma,fr,arme,altered
es,armada,fr,armée,altered
es,armadura,fr,armure,altered
es,armamento,fr,armement,transparent
es,armar,fr,armé,transparent
es,armario,fr,armoire,altered
es,armenio,fr,arménien,altered
es,armisticio,fr,armistice,transparent
es,armonía,fr,harmonie,altered
es,aroma,fr,arôme,transparent
es,arpa,fr,harpe,altered
es,arqueología,fr,archéologie,transparent
es,arqueológico,fr,archéologique,altered
es,arquero,fr,archer,altered
es,arqueólogo,fr,archéologue,altered
es,arquitecto,fr,architecte,altered
es,arquitectura,fr,architecture,transparent
es,arquitectónico,fr,architectural,altered
es,arrancar,fr,arracher,altered
es,arreglar,fr,arranger,transparent
es,arrestar,fr,arrêter,transparent
es,arresto,fr,arrêt,altered
es,arribar,fr,arriver,altered
es,arriesgar,fr,risquer,altered
es,arrogancia,fr,arrogance,transparent
es,arrogante,fr,arrogant,transparent
es,arruinar,fr,ruiner,altered
es,arsenal,fr,arsenal,transparent
es,arte,fr,art,transparent
es,arteria,fr,artère,altered
es,arterial,fr,artériel,transparent
es,artesanal,fr,artisanal,altered
es,artesano,fr,artisan,altered
es,artesanía,fr,artisanat,altered
es,articulación,fr,articulation,transparent
es,articulos,fr,article,altered
es,artificial,fr,artificiel,altered
es,artificialmente,fr,artificiellement,transparent
es,artificio,fr,artifice,transparent
es,artillería,fr,artillerie,altered
es,artista,fr,artiste,transparent
es,artículo,fr,article,transparent
es,artístico,fr,artistique,altered
es,as,fr,as,transparent
es,asalariado,fr,salarier,altered
es,asalto,fr,assaut,altered
es,asamblea,fr,assemblée,transparent
es,asaz,fr,assez,altered
es,ascendente,fr,ascendant,altered
es,ascensión,fr,ascension,transparent
es,ascenso,fr,ascension,altered
es,ascensor,fr,ascenseur,transparent
es,asegurado,fr,assuré,altered
es,asegurador,fr,assureur,transparent
es,aseguradora,fr,assureur,altered
es,asegurar,fr,assurer,altered
es,asesinar,fr,assassiné,altered
es,asesinato,fr,assassinat,altered
es,asesino,fr,assassin,altered
es,asi,fr,ainsi,altered
es,asia,fr,asie,transparent
es,asiento,fr,siège,altered
es,asignación,fr,allocation,transparent
es,asignado,fr,assigner,altered
es,asignar,fr,assigner,transparent
es,asilo,fr,asile,altered
es,asimilación,fr,assimilation,transparent
es,asimilar,fr,assimilé,transparent
es,asistencia,fr,assistance,altered
es,asistente,fr,assistant,transparent
es,asistir,fr,assisté,altered
es,asiático,fr,asiatique,altered
es,asma,fr,asthme,altered
es,asno,fr,âne,altered
es,asociación,fr,association,transparent
es,asociado,fr,associé,transparent
es,asociar,fr,associer,altered
es,asociativo,fr,associatif,transparent
es,aspecto,fr,aspect,transparent
es,aspiración,fr,aspiration,transparent
es,aspirador,fr,aspirateur,transparent
es,aspirar,fr,aspirer,transparent
es,astrología,fr,astrologie,transparent
es,astronauta,fr,astronaute,transparent
es,astronomía,fr,astronomie,transparent
es,astronómico,fr,astronomique,transparent
es,astucia,fr,astuce,altered
es,asumir,fr,assumer,transparent
es,asunción,fr,assomption,transparent
es,atacante,fr,attaquant,altered
es,atacar,fr,attaquer,altered
es,atado,fr,attaché,altered
es,atadura,fr,attache,altered
es,ataque,fr,attaque,transparent
es,atar,fr,attacher,altered
es,atañer,fr,atteint,altered
es,atenas,fr,athènes,altered
es,atencion,fr,attention,transparent
es,atención,fr,attention,transparent
es,atentado,fr,attentat,transparent
es,atentamente,fr,attentivement,altered
es,atento,fr,attentif,altered
es,atenuar,fr,atténuer,altered
es,ateo,fr,athée,altered
es,aterrar,fr,terrasser,altered
es,aterrizaje,fr,atterrissage,altered
es,aterrizar,fr,atterrir,altered
es,atestar,fr,attester,transparent
es,atestiguar,fr,attester,altered
es,atlas,fr,atlas,transparent
es,atleta,fr,athlète,altered
es,atletismo,fr,athlétisme,transparent
es,atlántico,fr,atlantique,transparent
es,atlético,fr,atlético,transparent
es,atmosfera,fr,atmosphère,altered
es,atmosférico,fr,atmosphérique,altered
es,atmósfera,fr,atmosphère,altered
es,atracción,fr,attraction,transparent
es,atractivo,fr,attrait,altered
es,atraer,fr,attirer,altered
es,atrapar,fr,rattraper,altered
es,atravesar,fr,traverser,altered
es,atrayente,fr,attirant,altered
es,atribución,fr,attribution,transparent
es,atribuir,fr,attribué,transparent
es,atributo,fr,attribut,transparent
es,atrocidad,fr,atrocité,altered
es,atípico,fr,atypique,altered
es,atómico,fr,atomique,transparent
es,atún,fr,thon,altered
es,audacia,fr,audace,altered
es,audi,fr,audi,transparent
es,audición,fr,audition,transparent
es,audiencia,fr,audience,altered
es,audio,fr,audio,transparent
es,audiovisual,fr,audiovisuel,transparent
es,auditor,fr,auditeur,transparent
es,auditorio,fr,auditoire,altered
es,auditoría,fr,audit,altered
es,augur,fr,augure,transparent
es,augusto,fr,auguste,transparent
es,aullar,fr,hurler,altered
es,aumentar,fr,augmenter,transparent
es,aumento,fr,augmentation,altered
es,aura,fr,aura,transparent
es,aurora,fr,aurore,altered
es,ausencia,fr,absence,altered
es,ausente,fr,absent,altered
es,austeridad,fr,austérité,transparent
es,australiano,fr,australien,altered
es,austriaco,fr,autrichien,altered
es,austríaco,fr,autrichien,altered
es,autenticidad,fr,authenticité,transparent
es,autismo,fr,autisme,transparent
es,autista,fr,autiste,transparent
es,auto,fr,auto,transparent
es,autobiografía,fr,autobiographie,transparent
es,autobús,fr,autobus,transparent
es,automatización,fr,automatisation,transparent
es,automovilista,fr,automobiliste,transparent
es,automovilístico,fr,automobile,altered
es,automática,fr,automatique,transparent
es,automáticamente,fr,automatiquement,transparent
es,automático,fr,automatique,altered
es,automóvil,fr,automobile,altered
es,autonomía,fr,autonomie,altered
es,autopista,fr,autoroute,altered
es,autopsia,fr,autopsie,transparent
es,autor,fr,auteur,transparent
es,autoridad,fr,autorité,altered
es,autoritario,fr,autoritaire,transparent
es,autorización,fr,autorisation,transparent
es,autorizar,fr,autorisé,transparent
es,autoría,fr,auteur,transparent
es,auténtico,fr,authentique,transparent
es,autóctono,fr,autochtone,transparent
es,autógrafo,fr,autographe,altered
es,autónomo,fr,autonome,altered
es,auxiliar,fr,auxiliaire,altered
es,auxilio,fr,auxiliaire,altered
es,aval,fr,aval,transparent
es,avalancha,fr,avalanche,altered
es,avance,fr,avance,transparent
es,avante,fr,avant,transparent
es,avanzada,fr,avancer,transparent
es,avanzar,fr,avancer,altered
es,avatar,fr,avatar,transparent
es,ave,fr,ave,transparent
es,avena,fr,avoine,altered
es,avenida,fr,avenue,transparent
es,avenir,fr,avenir,transparent
es,aventura,fr,aventure,altered
es,aventurero,fr,aventurier,altered
es,aver,fr,avoir,altered
es,aviación,fr,aviation,transparent
es,avion,fr,avion,transparent
es,avisar,fr,avisé,transparent
es,aviso,fr,avis,altered
es,avituallamiento,fr,ravitaillement,altered
es,avión,fr,avion,transparent
es,axel,fr,axel,transparent
es,axial,fr,axer,altered
es,ayer,fr,hier,altered
es,ayuda,fr,aide,altered
es,ayudante,fr,adjudant,altered
es,ayudar,fr,aider,transparent
es,azafrán,fr,safran,altered
es,azar,fr,hasard,altered
es,azote,fr,azote,transparent
es,azucar,fr,sucre,altered
es,azucarar,fr,sucrer,altered
es,azufre,fr,soufre,altered
es,azul,fr,azur,altered
es,azur,fr,azur,transparent
es,aéreo,fr,aérien,altered
es,año,fr,an,altered
es,baba,fr,baba,transparent
es,baca,fr,bac,transparent
es,bachillerato,fr,baccalauréat,altered
es,bacinilla,fr,bassin,altered
es,bacon,fr,bacon,transparent
es,bacteria,fr,bactérie,altered
es,bagdad,fr,bagdad,transparent
es,baja,fr,basse,transparent
es,bajar,fr,baisser,altered
es,bajo,fr,bas,altered
es,bal,fr,bal,transparent
es,bala,fr,balle,altered
es,balada,fr,ballade,transparent
es,balancear,fr,balancer,altered
es,balanza,fr,balance,transparent
es,balcón,fr,balcon,transparent
es,baliza,fr,balise,altered
es,ballena,fr,baleine,altered
es,ballet,fr,ballet,transparent
es,balneario,fr,balnéaire,altered
es,balón,fr,ballon,transparent
es,bambú,fr,bambou,altered
es,banal,fr,banal,transparent
es,banana,fr,banane,transparent
es,banca,fr,banque,altered
es,bancario,fr,bancaire,transparent
es,banco,fr,banc,altered
es,banda,fr,bande,transparent
es,bandera,fr,bander,transparent
es,bandido,fr,bandit,altered
es,bando,fr,bande,altered
es,banner,fr,bannière,altered
es,banquero,fr,banquier,altered
es,banqueta,fr,banquette,altered
es,banquete,fr,banquet,altered
es,bar,fr,bar,transparent
es,barba,fr,barbe,transparent
es,barbacoa,fr,barbecue,altered
es,barbaridad,fr,barbarie,altered
es,barbarie,fr,barbarie,transparent
es,barbero,fr,barbier,altered
es,barbudo,fr,barbu,transparent
es,barca,fr,barque,altered
es,barco,fr,barque,altered
es,baremo,fr,barème,transparent
es,barniz,fr,vernis,altered
es,baron,fr,baron,transparent
es,barra,fr,barre,transparent
es,barraca,fr,baraque,transparent
es,barrar,fr,barré,transparent
es,barrer,fr,barrer,transparent
es,barrera,fr,barrage,altered
es,barril,fr,baril,transparent
es,barroco,fr,baroque,altered
es,barómetro,fr,baromètre,transparent
es,barón,fr,baron,transparent
es,basa,fr,base,transparent
es,basada,fr,basé,transparent
es,basar,fr,basé,transparent
es,bascular,fr,basculer,transparent
es,base,fr,base,transparent
es,bastardo,fr,bâtard,altered
es,bastión,fr,bastion,transparent
es,bastón,fr,bâton,altered
es,basílica,fr,basilique,altered
es,batalla,fr,bataille,altered
es,batallón,fr,bataillon,transparent
es,batata,fr,patate,altered
es,bateador,fr,batteur,altered
es,bateria,fr,batterie,altered
es,batería,fr,batterie,transparent
es,batido,fr,battu,transparent
es,batiente,fr,battant,altered
es,batir,fr,battre,altered
es,bautismo,fr,baptême,altered
es,bautista,fr,baptiste,altered
es,bautizar,fr,baptiser,altered
es,bazar,fr,bazar,transparent
es,bañar,fr,baigner,altered
es,bañera,fr,baignoire,altered
es,baño,fr,bain,altered
es,bebé,fr,bébé,transparent
es,beige,fr,beige,transparent
es,belga,fr,belge,altered
es,belgrado,fr,belgrade,altered
es,belleza,fr,beauté,altered
es,bello,fr,beau,altered
es,bemol,fr,bémol,transparent
es,bendecir,fr,bénir,altered
es,bendición,fr,bénédiction,altered
es,beneficiado,fr,bénéficiaire,transparent
es,beneficiar,fr,bénéficier,altered
es,beneficiario,fr,bénéficiaire,transparent
es,beneficio,fr,bénéfice,transparent
es,beneficioso,fr,bénéfique,altered
es,benevolencia,fr,bienveillance,altered
es,benevolente,fr,bienveillant,altered
es,benigno,fr,bénin,altered
es,benjamín,fr,benjamin,transparent
es,benéfico,fr,bénéfique,altered
es,benévolo,fr,bienveillant,altered
es,berlina,fr,berline,transparent
es,berlín,fr,berlin,transparent
es,bestia,fr,bête,altered
es,beta,fr,bêta,transparent
es,betún,fr,bitume,altered
es,biblia,fr,bible,altered
es,bibliografía,fr,bibliographie,altered
es,biblioteca,fr,bibliothèque,altered
es,bibliotecario,fr,bibliothécaire,altered
es,bicicleta,fr,bicyclette,transparent
es,bidé,fr,bide,transparent
es,bidón,fr,bidon,transparent
es,bien,fr,bien,transparent
es,bienaventurado,fr,bienheureux,transparent
es,bienvenido,fr,bienvenu,altered
es,bijou,fr,bijou,transparent
es,bikini,fr,bikini,transparent
es,bilingüe,fr,bilingue,transparent
es,billar,fr,billard,transparent
es,billete,fr,billet,transparent
es,binario,fr,binaire,transparent
es,bingo,fr,bingo,transparent
es,bio,fr,bio,transparent
es,biodiversidad,fr,biodiversité,altered
es,biografía,fr,biographie,altered
es,biología,fr,biologie,transparent
es,biológico,fr,biologique,transparent
es,bios,fr,bio,transparent
es,bip,fr,bip,transparent
es,birmania,fr,birmanie,altered
es,birra,fr,bière,altered
es,bis,fr,bis,transparent
es,bisutería,fr,bijouterie,altered
es,bitcoin,fr,bitcoin,transparent
es,bizcocho,fr,biscuit,altered
es,black,fr,black,transparent
es,blanco,fr,blanc,altered
es,blanqueamiento,fr,blanchiment,altered
es,blasfemia,fr,blasphème,altered
es,blasón,fr,blason,transparent
es,blindado,fr,blindé,altered
es,block,fr,bloc,altered
es,blog,fr,blog,transparent
es,bloque,fr,bloc,altered
es,bloqueado,fr,bloqué,altered
es,bloquear,fr,bloquer,altered
es,bloqueo,fr,blocage,transparent
es,blues,fr,blues,transparent
es,bluf,fr,bluff,transparent
es,blusa,fr,blouse,transparent
es,bobo,fr,bobo,transparent
es,boca,fr,bouche,altered
es,bohemio,fr,bohème,altered
es,boicot,fr,boycott,altered
es,bol,fr,bol,transparent
es,bola,fr,boule,altered
es,boletín,fr,bulletin,transparent
es,bolivia,fr,bolivie,transparent
es,bomba,fr,bombe,transparent
es,bombardeo,fr,bombardement,altered
es,bombardero,fr,bombardier,transparent
es,bombón,fr,bonbon,altered
es,bonachón,fr,bonhomme,altered
es,bondad,fr,bonté,altered
es,bonito,fr,bon,altered
es,bono,fr,bon,altered
es,bonus,fr,bonus,transparent
es,boom,fr,boom,transparent
es,booster,fr,booster,transparent
es,borbón,fr,bourbon,altered
es,borda,fr,bord,altered
es,bordada,fr,bordée,transparent
es,borde,fr,bord,altered
es,bordelés,fr,bordelais,altered
es,bordo,fr,bord,altered
es,bordón,fr,bourdon,altered
es,borra,fr,bourre,transparent
es,bota,fr,botte,transparent
es,botella,fr,bouteille,altered
es,botones,fr,bouton,transparent
es,botánica,fr,botanique,transparent
es,botánico,fr,botanique,transparent
es,botín,fr,butin,altered
es,botón,fr,bouton,altered
es,boulevard,fr,boulevard,transparent
es,boutique,fr,boutique,transparent
es,bovino,fr,bovin,transparent
es,boxeador,fr,boxeur,altered
es,boxeo,fr,boxe,altered
es,boy,fr,boy,transparent
es,brasil,fr,brésil,transparent
es,brasileño,fr,brésilien,altered
es,bravo,fr,bravo,transparent
es,bravura,fr,bravoure,transparent
es,brazalete,fr,bracelet,altered
es,brazo,fr,bras,altered
es,brecha,fr,brèche,altered
es,bretón,fr,breton,transparent
es,breve,fr,bref,transparent
es,brevemente,fr,brièvement,transparent
es,bricolaje,fr,bricolage,transparent
es,brida,fr,bride,transparent
es,brigada,fr,brigade,transparent
es,brigante,fr,brigand,transparent
es,brillante,fr,brillant,transparent
es,brillar,fr,briller,transparent
es,brillo,fr,briller,altered
es,brisa,fr,brise,altered
es,británico,fr,britannique,altered
es,brizna,fr,brin,altered
es,broadway,fr,broadway,transparent
es,broche,fr,broche,transparent
es,bronce,fr,bronze,altered
es,broza,fr,brosse,altered
es,bruma,fr,brume,transparent
es,bruno,fr,brun,altered
es,brusca,fr,brusque,altered
es,bruscamente,fr,brusquement,transparent
es,brusco,fr,brusque,transparent
es,brutal,fr,brutal,transparent
es,brutalidad,fr,brutalité,altered
es,brutalmente,fr,brutalement,transparent
es,bruto,fr,brut,transparent
es,buda,fr,bouddha,altered
es,budin,fr,boudin,transparent
es,budismo,fr,bouddhisme,altered
es,bueno,fr,bon,altered
es,bufar,fr,bouffer,altered
es,bufete,fr,buffet,altered
es,buffet,fr,buffet,transparent
es,bufé,fr,buffet,transparent
es,bufón,fr,bouffon,transparent
es,bug,fr,bug,transparent
es,bujía,fr,bougie,altered
es,bula,fr,bulle,transparent
es,bulevar,fr,boulevard,altered
es,bulgaria,fr,bulgarie,transparent
es,bulla,fr,bulle,transparent
es,bullir,fr,bouillir,altered
es,bullón,fr,bouillon,transparent
es,bum,fr,boum,transparent
es,bunker,fr,bunker,transparent
es,burdel,fr,bordel,altered
es,burgo,fr,bourg,altered
es,burgomaestre,fr,bourgmestre,altered
es,burguesía,fr,bourgeoisie,transparent
es,burgués,fr,bourgeois,altered
es,burocracia,fr,bureaucratie,transparent
es,bursátil,fr,boursier,altered
es,buró,fr,bureau,altered
es,bus,fr,bus,transparent
es,busto,fr,buste,transparent
es,butte,fr,butte,transparent
es,bálsamo,fr,baume,altered
es,bárbaro,fr,barbare,altered
es,báscula,fr,bascule,altered
es,básico,fr,basique,transparent
es,básquet,fr,basket,altered
es,bávaro,fr,bavarois,transparent
es,béisbol,fr,baseball,altered
es,bíblico,fr,biblique,altered
es,búfalo,fr,buffalo,altered
es,búlgaro,fr,bulgare,altered
es,búnker,fr,bunker,transparent
es,caballero,fr,chevalier,altered
es,caballería,fr,cavalerie,altered
es,caballo,fr,cheval,altered
es,cabaret,fr,cabaret,transparent
es,cabaña,fr,cabane,transparent
es,cabellera,fr,chevelure,altered
es,cabina,fr,cabine,altered
es,cable,fr,câble,altered
es,cabo,fr,cap,altered
es,caca,fr,caca,transparent
es,cacao,fr,cacao,transparent
es,cacerola,fr,casserole,transparent
es,cachet,fr,cachet,transparent
es,caché,fr,cachet,transparent
es,cactus,fr,cactus,transparent
es,cadena,fr,chaîne,altered
es,cadencia,fr,cadence,transparent
es,cadete,fr,cadet,altered
es,cadáver,fr,cadavre,transparent
es,caer,fr,choir,altered
es,cafe,fr,café,altered
es,café,fr,café,transparent
es,cal,fr,cal,transparent
es,calcio,fr,calcium,transparent
es,calcular,fr,calculer,transparent
es,calcáreo,fr,calcaire,transparent
es,caldera,fr,chaudière,altered
es,calendario,fr,calendrier,altered
es,calentar,fr,chauffer,altered
es,calibre,fr,calibre,transparent
es,calidad,fr,qualité,altered
es,calificación,fr,qualification,altered
es,calificar,fr,qualifié,altered
es,calificativo,fr,qualificatif,altered
es,calma,fr,calme,altered
es,calmadamente,fr,calmement,altered
es,calmar,fr,calmer,transparent
es,calor,fr,chaleur,altered
es,caloría,fr,calorie,transparent
es,calvario,fr,calvaire,altered
es,calvo,fr,chauve,altered
es,camara,fr,chambre,altered
es,camarada,fr,camarade,transparent
es,cambiante,fr,changeant,transparent
es,camerunés,fr,camerounais,altered
es,camino,fr,chemin,altered
es,camioneta,fr,camionnette,altered
es,camión,fr,camion,transparent
es,campamento,fr,campement,altered
es,campaña,fr,campagne,transparent
es,campeon,fr,champion,altered
es,campeonato,fr,championnat,transparent
es,campeón,fr,champion,altered
es,camping,fr,camping,transparent
es,campo,fr,champ,altered
es,campus,fr,campus,transparent
es,camuflar,fr,camoufler,transparent
es,canada,fr,canada,transparent
es,canadiense,fr,canadien,altered
es,canadá,fr,canada,transparent
es,canal,fr,canal,transparent
es,canapé,fr,canapé,transparent
es,cancer,fr,cancer,transparent
es,canciller,fr,chancelier,altered
es,cancillería,fr,chancellerie,altered
es,cancion,fr,chanson,altered
es,canción,fr,chanson,altered
es,candado,fr,cadenas,altered
es,candela,fr,chandelle,transparent
es,candidato,fr,candidat,transparent
es,candidatura,fr,candidature,transparent
es,canje,fr,change,altered
es,cannabis,fr,cannabis,transparent
es,canoa,fr,canot,altered
es,canon,fr,canon,transparent
es,cantador,fr,chanteur,altered
es,cantante,fr,chantant,altered
es,cantar,fr,chanter,altered
es,cantidad,fr,quantité,altered
es,cantina,fr,cantine,transparent
es,canto,fr,chant,altered
es,cantón,fr,canton,transparent
es,canyon,fr,canyon,transparent
es,canícula,fr,canicule,transparent
es,canónigo,fr,chanoine,altered
es,caos,fr,chaos,transparent
es,capacidad,fr,capacité,altered
es,capaz,fr,capable,transparent
es,capilla,fr,chapelle,altered
es,capital,fr,capital,transparent
es,capitalismo,fr,capitalisme,transparent
es,capitalista,fr,capitaliste,transparent
es,capitalización,fr,capitalisation,transparent
es,capitan,fr,capitaine,transparent
es,capitana,fr,capitaine,altered
es,capitel,fr,chapiteau,altered
es,capitolio,fr,capitole,transparent
es,capitulación,fr,capitulation,transparent
es,capitán,fr,capitaine,transparent
es,capote,fr,capote,transparent
es,capricho,fr,caprice,altered
es,captar,fr,capter,transparent
es,captura,fr,capture,transparent
es,capturar,fr,capturer,transparent
es,capucha,fr,capuche,altered
es,capítulo,fr,chapitre,altered
es,capó,fr,capot,transparent
es,caracter,fr,caractère,transparent
es,caracterizar,fr,caractériser,transparent
es,característica,fr,caractéristique,altered
es,característico,fr,caractéristique,altered
es,caramelo,fr,caramel,altered
es,caravana,fr,caravane,transparent
es,carbon,fr,charbon,altered
es,carbono,fr,carbone,altered
es,carburante,fr,carburant,transparent
es,carbón,fr,charbon,altered
es,cardenal,fr,cardinal,transparent
es,cardiaco,fr,cardiaque,altered
es,cardinal,fr,cardinal,transparent
es,cardiología,fr,cardio,transparent
es,cardíaco,fr,cardiaque,transparent
es,carencia,fr,carence,transparent
es,carga,fr,charge,altered
es,cargador,fr,chargeur,altered
es,cargamento,fr,chargement,altered
es,cargar,fr,chargé,altered
es,cargo,fr,charge,altered
es,caribe,fr,caraïbe,altered
es,caribeño,fr,caraïbe,altered
es,caricatura,fr,caricature,transparent
es,caridad,fr,charité,altered
es,carisma,fr,charisme,altered
es,carismático,fr,charismatique,altered
es,carnaval,fr,carnaval,transparent
es,carnet,fr,carnet,transparent
es,carnicería,fr,carnage,altered
es,carné,fr,carnet,transparent
es,caro,fr,cher,altered
es,carpintero,fr,charpentier,altered
es,carrefour,fr,carrefour,transparent
es,carrito,fr,chariot,altered
es,carro,fr,chariot,altered
es,carrocería,fr,carrosserie,altered
es,carroza,fr,carrosse,transparent
es,carta,fr,carte,altered
es,cartel,fr,cartel,transparent
es,cartografía,fr,cartographie,altered
es,cartucho,fr,cartouche,altered
es,cartón,fr,carton,transparent
es,carácter,fr,caractère,altered
es,casación,fr,cassation,transparent
es,casar,fr,caser,transparent
es,cascada,fr,cascade,altered
es,cascar,fr,casser,transparent
es,casco,fr,casque,altered
es,casete,fr,cassette,altered
es,cash,fr,cash,transparent
es,casino,fr,casino,transparent
es,caso,fr,cas,transparent
es,casquete,fr,casquette,altered
es,casta,fr,caste,transparent
es,castilla,fr,castille,transparent
es,casting,fr,casting,transparent
es,castor,fr,castor,transparent
es,castrar,fr,castrer,transparent
es,catalán,fr,catalan,transparent
es,catastrófico,fr,catastrophique,altered
es,catedral,fr,cathédrale,altered
es,categoria,fr,catégorie,transparent
es,categoría,fr,catégorie,altered
es,categórico,fr,catégorique,transparent
es,catolicismo,fr,catholicisme,transparent
es,catorce,fr,quatorze,altered
es,catálogo,fr,catalogue,altered
es,catástrofe,fr,catastrophe,altered
es,católico,fr,catholique,altered
es,caucho,fr,caoutchouc,altered
es,causa,fr,cause,transparent
es,causalidad,fr,causalité,transparent
es,causante,fr,causant,transparent
es,causar,fr,causer,transparent
es,cautiverio,fr,captivité,altered
es,cautividad,fr,captivité,altered
es,cava,fr,cave,transparent
es,caverna,fr,caverne,altered
es,caviar,fr,caviar,transparent
es,cavidad,fr,cavité,altered
es,caza,fr,chasse,altered
es,cazador,fr,chasseur,altered
es,cazar,fr,chasser,altered
es,caña,fr,canne,altered
es,cañón,fr,canon,transparent
es,caótico,fr,chaotique,altered
es,ceder,fr,céder,transparent
es,celebración,fr,célébration,altered
es,celebrar,fr,célébrer,transparent
es,celebridad,fr,célébrité,transparent
es,celeste,fr,céleste,altered
es,celestial,fr,céleste,altered
es,celibato,fr,célibat,transparent
es,celo,fr,zèle,altered
es,celular,fr,cellulaire,altered
es,cementerio,fr,cimetière,altered
es,cemento,fr,ciment,altered
es,cenit,fr,zénith,altered
es,ceniza,fr,cendre,altered
es,censar,fr,recenser,altered
es,censura,fr,censure,transparent
es,censurar,fr,censurer,altered
es,centena,fr,centaine,transparent
es,centenar,fr,centaine,altered
es,centenario,fr,centenaire,altered
es,centinela,fr,sentinelle,altered
es,centrado,fr,centré,transparent
es,central,fr,centrale,transparent
es,centrista,fr,centriste,transparent
es,centro,fr,centre,transparent
es,centímetro,fr,centimètre,altered
es,cera,fr,cire,altered
es,cereal,fr,céréale,transparent
es,cerebral,fr,cérébral,altered
es,cerebro,fr,cerveau,altered
es,ceremonia,fr,cérémonie,transparent
es,cereza,fr,cerise,altered
es,cero,fr,zéro,altered
es,cerradura,fr,serrure,altered
es,certificación,fr,certification,transparent
es,certificado,fr,certificat,altered
es,cerámica,fr,céramique,transparent
es,cesación,fr,cessation,transparent
es,cese,fr,cesse,altered
es,cesión,fr,cession,transparent
es,chalet,fr,chalet,transparent
es,chalé,fr,chalet,transparent
es,champagne,fr,champagne,transparent
es,champiñón,fr,champignon,transparent
es,chance,fr,chance,transparent
es,chantaje,fr,chantage,transparent
es,charcutería,fr,charcuterie,transparent
es,chasis,fr,châssis,altered
es,checo,fr,tchèque,altered
es,chef,fr,chef,transparent
es,cheque,fr,chèque,altered
es,chic,fr,chic,transparent
es,chicago,fr,chicago,transparent
es,chile,fr,chili,altered
es,chimenea,fr,cheminée,transparent
es,chino,fr,chinois,altered
es,chip,fr,chips,transparent
es,chipre,fr,chypre,altered
es,chocante,fr,choquant,transparent
es,chocar,fr,choqué,altered
es,chocolate,fr,chocolat,altered
es,chofer,fr,chauffeur,altered
es,choque,fr,choc,transparent
es,chrome,fr,chrome,transparent
es,chófer,fr,chauffeur,altered
es,ciber,fr,cyber,altered
es,cicatriz,fr,cicatrice,altered
es,ciclismo,fr,cyclisme,transparent
es,ciclista,fr,cycliste,altered
es,ciclo,fr,cycle,altered
es,ciclón,fr,cyclone,altered
es,cielo,fr,ciel,altered
es,ciencia,fr,science,altered
es,ciento,fr,cent,altered
es,científicamente,fr,scientifiquement,altered
es,científico,fr,scientifique,transparent
es,ciertamente,fr,certainement,altered
es,cierto,fr,certes,altered
es,ciervo,fr,cerf,altered
es,cifra,fr,chiffre,altered
es,cigarrillo,fr,cigarette,altered
es,cilindro,fr,cylindre,altered
es,cilio,fr,cil,altered
es,cinc,fr,zinc,altered
es,cincel,fr,ciseau,altered
es,cinco,fr,cinq,altered
es,cincuenta,fr,cinquante,transparent
es,cincuentena,fr,cinquantaine,altered
es,cine,fr,cinéma,altered
es,cineasta,fr,cinéaste,transparent
es,cinema,fr,cinéma,transparent
es,cinematográfico,fr,cinématographique,altered
es,cinismo,fr,cynisme,altered
es,cinta,fr,ceinture,altered
es,cintura,fr,ceinture,altered
es,cinturón,fr,ceinture,altered
es,circo,fr,cirque,altered
es,circuito,fr,circuit,transparent
es,circulación,fr,circulation,transparent
es,circulante,fr,circulant,transparent
es,circular,fr,circuler,altered
es,circunscripción,fr,circonscription,transparent
es,circunstancia,fr,circonstance,transparent
es,ciro,fr,cyrus,altered
es,cirugía,fr,chirurgie,altered
es,cirujano,fr,chirurgien,altered
es,cisne,fr,cygne,altered
es,cita,fr,citation,altered
es,citación,fr,citation,transparent
es,citar,fr,citer,transparent
es,ciudadela,fr,citadelle,altered
es,civil,fr,civil,transparent
es,civilización,fr,civilisation,altered
es,civilizar,fr,civilisé,transparent
es,clan,fr,clan,transparent
es,clandestino,fr,clandestin,transparent
es,claque,fr,claque,transparent
es,clara,fr,claire,altered
es,claramente,fr,clairement,transparent
es,claridad,fr,clarté,altered
es,clarificar,fr,clarifier,transparent
es,claro,fr,clair,transparent
es,clase,fr,classe,transparent
es,clasificación,fr,classification,transparent
es,clasificar,fr,classé,transparent
es,claustro,fr,cloître,altered
es,clausura,fr,clôture,altered
es,clave,fr,clé,altered
es,clavo,fr,clou,altered
es,clemencia,fr,clémence,transparent
es,clemente,fr,clément,transparent
es,clero,fr,clergé,altered
es,cleveland,fr,cleveland,transparent
es,clic,fr,clic,transparent
es,clica,fr,clique,transparent
es,clicar,fr,cliquer,altered
es,cliché,fr,cliché,transparent
es,click,fr,clic,altered
es,cliente,fr,client,transparent
es,clientela,fr,clientèle,altered
es,clima,fr,climat,altered
es,climatización,fr,climatisation,transparent
es,climático,fr,climatique,transparent
es,clip,fr,clip,transparent
es,clon,fr,clone,altered
es,cloro,fr,chlore,altered
es,club,fr,club,transparent
es,clásico,fr,classique,transparent
es,cláusula,fr,clause,altered
es,clérigo,fr,clerc,altered
es,clínica,fr,clinique,transparent
es,clínico,fr,clinique,altered
es,coalición,fr,coalition,transparent
es,cobertura,fr,couverture,altered
es,cobre,fr,cuivre,altered
es,coca,fr,coca,transparent
es,cocaína,fr,cocaïne,transparent
es,cocción,fr,cuisson,altered
es,cocha,fr,couche,altered
es,cochero,fr,cocher,altered
es,cochino,fr,cochon,transparent
es,cocinar,fr,cuisiner,altered
es,cocinero,fr,cuisinier,altered
es,coco,fr,coco,transparent
es,cocodrilo,fr,crocodile,altered
es,codigo,fr,code,altered
es,codo,fr,coude,altered
es,coeficiente,fr,coefficient,transparent
es,cofia,fr,coiffe,altered
es,cofradía,fr,confrérie,altered
es,cofre,fr,coffre,altered
es,cofundador,fr,cofondateur,transparent
es,cognitivo,fr,cognitif,altered
es,cohabitación,fr,cohabitation,transparent
es,coherencia,fr,cohérence,altered
es,coherente,fr,cohérent,altered
es,cohesión,fr,cohésion,transparent
es,coincidencia,fr,coïncidence,transparent
es,coincidir,fr,coïncider,transparent
es,cojín,fr,coussin,altered
es,col,fr,col,transparent
es,cola,fr,cola,transparent
es,colaboración,fr,collaboration,transparent
es,colaborador,fr,collaborateur,transparent
es,colaborar,fr,collaborer,altered
es,colado,fr,coulé,transparent
es,colar,fr,couler,altered
es,coleccionista,fr,collectionneur,altered
es,colección,fr,collection,transparent
es,colecta,fr,collecte,transparent
es,colectar,fr,collecter,transparent
es,colectivamente,fr,collectivement,altered
es,colectividad,fr,collectivité,transparent
es,colectivo,fr,collectif,altered
es,colega,fr,collègue,transparent
es,colegial,fr,collégien,altered
es,colegiata,fr,collégiale,altered
es,colegio,fr,college,transparent
es,colina,fr,colline,altered
es,colisión,fr,collision,transparent
es,collar,fr,collier,altered
es,collarín,fr,collet,altered
es,colmar,fr,combler,altered
es,colmo,fr,comble,altered
es,colombia,fr,colombie,altered
es,colombiano,fr,colombien,altered
es,colonia,fr,colonie,transparent
es,colonial,fr,colonial,transparent
es,colonización,fr,colonisation,transparent
es,colono,fr,colon,altered
es,coloquio,fr,colloque,altered
es,color,fr,couleur,altered
es,coloración,fr,coloration,altered
es,colorear,fr,coloré,transparent
es,colorido,fr,coloré,altered
es,columna,fr,colonne,altered
es,colón,fr,colon,transparent
es,coma,fr,coma,transparent
es,comandancia,fr,commandement,altered
es,comandante,fr,commandant,transparent
es,comandar,fr,commander,altered
es,comando,fr,commando,transparent
es,combate,fr,combat,altered
es,combatiente,fr,combattant,altered
es,combatir,fr,combattre,altered
es,combinación,fr,combinaison,transparent
es,combinado,fr,combiné,altered
es,combinar,fr,combiner,transparent
es,combo,fr,combo,transparent
es,combustible,fr,combustible,transparent
es,combustión,fr,combustion,transparent
es,comedia,fr,comédie,transparent
es,comediante,fr,comédien,altered
es,comendador,fr,commandeur,altered
es,comentar,fr,commenter,transparent
es,comentario,fr,commentaire,transparent
es,comentarista,fr,commentateur,transparent
es,comenzar,fr,commencer,altered
es,comercial,fr,commercial,transparent
es,comercialización,fr,commercialisation,transparent
es,comercializar,fr,commercialiser,transparent
es,comerciante,fr,commerçant,transparent
es,comercio,fr,commerce,altered
es,cometa,fr,comète,transparent
es,cometer,fr,commettre,transparent
es,comic,fr,comics,transparent
es,comienzo,fr,commencement,altered
es,comisaria,fr,commissariat,altered
es,comisario,fr,commissaire,altered
es,comisaría,fr,commissariat,altered
es,comision,fr,commission,transparent
es,comisión,fr,commission,transparent
es,comité,fr,comité,transparent
es,como,fr,comme,altered
es,compacto,fr,compact,altered
es,comparable,fr,comparable,transparent
es,comparación,fr,comparaison,altered
es,comparar,fr,comparer,altered
es,comparativa,fr,comparatif,transparent
es,comparativamente,fr,comparativement,transparent
es,comparativo,fr,comparatif,transparent
es,comparecer,fr,comparaître,altered
es,compartimento,fr,compartiment,transparent
es,compartimiento,fr,compartiment,transparent
es,compasión,fr,compassion,transparent
es,compatibilidad,fr,compatibilité,transparent
es,compatible,fr,compatible,transparent
es,compatriota,fr,compatriote,altered
es,compañero,fr,copain,altered
es,compañia,fr,compagnie,transparent
es,compañía,fr,compagnie,altered
es,compensación,fr,compensation,altered
es,compensar,fr,compenser,transparent
es,competencia,fr,compétence,altered
es,competente,fr,compétent,altered
es,competición,fr,compétition,transparent
es,competitividad,fr,compétitivité,altered
es,competitivo,fr,compétitif,transparent
es,compilación,fr,compilation,transparent
es,complacencia,fr,complaisance,transparent
es,complejidad,fr,complexité,altered
es,complejo,fr,complexe,transparent
es,complementar,fr,compléter,altered
es,complementario,fr,complémentaire,transparent
es,complemento,fr,complément,transparent
es,completamente,fr,complètement,transparent
es,completar,fr,compléter,altered
es,completo,fr,complet,transparent
es,complicación,fr,complication,transparent
es,complicar,fr,compliqué,transparent
es,complicidad,fr,complicité,altered
es,complot,fr,complot,transparent
es,componente,fr,composant,altered
es,componer,fr,composer,transparent
es,comporta,fr,comporte,transparent
es,comportamiento,fr,comportement,transparent
es,comportar,fr,comporter,transparent
es,composición,fr,composition,transparent
es,compositor,fr,compositeur,transparent
es,comprender,fr,comprendre,transparent
es,comprensible,fr,compréhensible,altered
es,comprensión,fr,compréhension,altered
es,compresión,fr,compression,transparent
es,comprimido,fr,comprimé,transparent
es,comprometer,fr,compromettre,transparent
es,compromiso,fr,compromis,transparent
es,compuesto,fr,composé,altered
es,comun,fr,commun,transparent
es,comuna,fr,commune,altered
es,comunal,fr,communal,transparent
es,comunicacion,fr,communication,transparent
es,comunicación,fr,communication,transparent
es,comunicado,fr,communiqué,transparent
es,comunicar,fr,communiquer,transparent
es,comunidad,fr,communauté,altered
es,comunismo,fr,communisme,transparent
es,comunista,fr,communiste,altered
es,comunitario,fr,communautaire,transparent
es,comunión,fr,communion,transparent
es,común,fr,commun,transparent
es,comúnmente,fr,communément,transparent
es,con,fr,con,transparent
es,concebir,fr,concevoir,transparent
es,conceder,fr,concéder,transparent
es,concentración,fr,concentration,transparent
es,concentrado,fr,concentré,transparent
es,concentrar,fr,concentrer,altered
es,concepción,fr,conception,transparent
es,concepto,fr,concept,transparent
es,concerniente,fr,concernant,transparent
es,concernir,fr,concerner,altered
es,concertación,fr,concertation,transparent
es,concesionario,fr,concessionnaire,transparent
es,concesión,fr,concession,transparent
es,conciencia,fr,conscience,transparent
es,concierto,fr,concert,altered
es,conciliación,fr,conciliation,transparent
es,conciliar,fr,concilier,transparent
es,concilio,fr,concile,altered
es,conciudadano,fr,concitoyen,altered
es,concluir,fr,conclure,transparent
es,conclusión,fr,conclusion,transparent
es,concluyente,fr,concluant,altered
es,concordia,fr,concorde,altered
es,concretamente,fr,concrètement,altered
es,concretar,fr,concrétiser,altered
es,concreto,fr,concret,transparent
es,concurrencia,fr,concurrence,altered
es,concurrente,fr,concurrent,transparent
es,concurso,fr,concours,transparent
es,conde,fr,comte,altered
es,condena,fr,condamnation,altered
es,condenación,fr,condamnation,transparent
es,condenado,fr,condamné,transparent
es,condenar,fr,condamner,altered
es,condesa,fr,comtesse,altered
es,condicionado,fr,conditionné,transparent
es,condicional,fr,conditionnel,transparent
es,condición,fr,condition,transparent
es,condolencia,fr,condoléances,transparent
es,conducción,fr,conduite,transparent
es,conducir,fr,conduire,altered
es,conducta,fr,conduite,altered
es,conducto,fr,conduit,altered
es,conductor,fr,conducteur,altered
es,conectar,fr,connecter,transparent
es,conexión,fr,connexion,transparent
es,conexo,fr,connexe,altered
es,confección,fr,confection,transparent
es,confederación,fr,confédération,transparent
es,conferencia,fr,conférence,transparent
es,conferir,fr,conférer,altered
es,confesión,fr,confession,transparent
es,confianza,fr,confiance,altered
es,confiar,fr,confier,altered
es,confidencial,fr,confidentiel,transparent
es,confidencialidad,fr,confidentialité,altered
es,configuración,fr,configuration,transparent
es,confinamiento,fr,confinement,transparent
es,confinar,fr,confins,transparent
es,confirmación,fr,confirmation,transparent
es,confirmar,fr,confirmer,transparent
es,confitura,fr,confiture,transparent
es,conflicto,fr,conflit,altered
es,conformar,fr,conformer,transparent
es,conforme,fr,conforme,transparent
es,conformidad,fr,conformité,transparent
es,confort,fr,confort,transparent
es,confortable,fr,confortable,transparent
es,confrontación,fr,confrontation,transparent
es,confrontar,fr,confronté,transparent
es,confundir,fr,confondre,altered
es,confusión,fr,confusion,transparent
es,confuso,fr,confus,transparent
es,congelador,fr,congélateur,transparent
es,congoleño,fr,congolais,altered
es,congregación,fr,congrégation,transparent
es,congreso,fr,congrès,transparent
es,conjugación,fr,conjugaison,transparent
es,conjuntamente,fr,conjointement,altered
es,conmemoración,fr,commémoration,transparent
es,connotación,fr,connotation,transparent
es,cono,fr,cône,altered
es,conocedor,fr,connaisseur,altered
es,conocer,fr,connaître,altered
es,conocido,fr,connu,altered
es,conquista,fr,conquête,altered
es,conquistador,fr,conquérant,altered
es,conquistar,fr,conquérir,altered
es,consagración,fr,consécration,altered
es,consagrar,fr,consacré,transparent
es,consciencia,fr,conscience,transparent
es,consciente,fr,conscient,altered
es,consecuencia,fr,conséquence,transparent
es,consecuente,fr,conséquent,altered
es,consecutiva,fr,consécutif,transparent
es,consecutivo,fr,consécutif,altered
es,consejero,fr,conseiller,altered
es,consejería,fr,conseil,altered
es,consejo,fr,conseil,altered
es,consenso,fr,consensus,altered
es,consentido,fr,consentir,altered
es,consentimiento,fr,consentement,transparent
es,consentir,fr,consentir,transparent
es,conserje,fr,concierge,altered
es,conservación,fr,conservation,transparent
es,conservador,fr,conservateur,transparent
es,conservar,fr,conserver,altered
es,conservatorio,fr,conservatoire,transparent
es,considerable,fr,considérable,transparent
es,considerablemente,fr,considérablement,altered
es,consideración,fr,considération,transparent
es,considerando,fr,considérant,transparent
es,considerar,fr,considérer,transparent
es,consigna,fr,consigne,transparent
es,consiguiente,fr,conséquent,altered
es,consistencia,fr,consistance,transparent
es,consistente,fr,consistant,altered
es,consistir,fr,consister,transparent
es,consola,fr,console,transparent
es,consolación,fr,consolation,transparent
es,consolar,fr,consoler,transparent
es,consolidación,fr,consolidation,altered
es,consolidar,fr,consolider,altered
es,consorcio,fr,consortium,altered
es,conspiración,fr,conspiration,transparent
es,constancia,fr,constance,altered
es,constante,fr,constante,transparent
es,constantemente,fr,constamment,transparent
es,constatación,fr,constat,altered
es,constatar,fr,constater,transparent
es,constelación,fr,constellation,transparent
es,constitucion,fr,constitution,altered
es,constitucional,fr,constitutionnel,altered
es,constitución,fr,constitution,transparent
es,constituir,fr,constituer,transparent
es,constituyente,fr,constituant,transparent
es,constreñir,fr,contraindre,altered
es,construccion,fr,construction,transparent
es,construcción,fr,construction,transparent
es,constructivo,fr,constructif,transparent
es,constructor,fr,constructeur,altered
es,construir,fr,construire,transparent
es,consuelo,fr,consolation,altered
es,consulado,fr,consulat,altered
es,consulta,fr,consultation,altered
es,consultar,fr,consulter,transparent
es,consultivo,fr,consultatif,altered
es,consultor,fr,consultant,altered
es,consumar,fr,consommer,altered
es,consumidor,fr,consommateur,altered
es,consumir,fr,consommer,transparent
es,contabilidad,fr,comptabilité,altered
es,contable,fr,comptable,altered
es,contactar,fr,contacter,transparent
es,contacto,fr,contact,transparent
es,contador,fr,compteur,altered
es,contaminación,fr,contamination,transparent
es,contaminar,fr,contaminer,transparent
es,contante,fr,comptant,altered
es,contar,fr,raconter,altered
es,contemplar,fr,contempler,transparent
es,contemporáneo,fr,contemporain,altered
es,contencioso,fr,contentieux,altered
es,contenedor,fr,contenant,altered
es,contener,fr,contenir,altered
es,contenido,fr,contenu,altered
es,contentar,fr,contenter,transparent
es,contento,fr,content,transparent
es,contestación,fr,contestation,transparent
es,contestar,fr,contester,altered
es,contexto,fr,contexte,transparent
es,continental,fr,continental,transparent
es,continente,fr,continent,transparent
es,contingente,fr,contingent,transparent
es,continuación,fr,continuation,transparent
es,continuamente,fr,continuellement,altered
es,continuar,fr,continuer,transparent
es,continuidad,fr,continuité,altered
es,continuo,fr,continu,transparent
es,contorno,fr,contour,transparent
es,contra,fr,contre,transparent
es,contrabando,fr,contrebande,altered
es,contracción,fr,contraction,transparent
es,contradecir,fr,contredit,altered
es,contradicción,fr,contradiction,altered
es,contradictorio,fr,contradictoire,transparent
es,contraer,fr,contracter,altered
es,contraparte,fr,contrepartie,altered
es,contrariamente,fr,contrairement,transparent
es,contrario,fr,contraire,transparent
es,contrarrestar,fr,contrer,altered
es,contraste,fr,contraste,transparent
es,contrata,fr,contrat,altered
es,contratar,fr,contracter,altered
es,contrato,fr,contrat,transparent
es,contravención,fr,contravention,transparent
es,contraído,fr,contracté,transparent
es,contribución,fr,contribution,transparent
es,contribuir,fr,contribuer,transparent
es,contribuyente,fr,contribuable,altered
es,control,fr,contrôle,transparent
es,controlador,fr,contrôleur,altered
es,controlar,fr,contrôler,transparent
es,controversia,fr,controverse,altered
es,controversial,fr,controversé,altered
es,convalecencia,fr,convalescence,transparent
es,convencer,fr,convaincre,altered
es,convencional,fr,conventionnel,transparent
es,convención,fr,convention,transparent
es,convenientemente,fr,convenablement,altered
es,convenio,fr,convention,altered
es,convenir,fr,convenir,transparent
es,convento,fr,couvent,altered
es,convergencia,fr,convergence,transparent
es,conversacion,fr,conversation,transparent
es,conversación,fr,conversation,transparent
es,conversión,fr,conversion,transparent
es,convertir,fr,converti,transparent
es,convicción,fr,conviction,transparent
es,convidar,fr,convier,transparent
es,convincente,fr,convaincant,altered
es,convivir,fr,convive,transparent
es,convocación,fr,convocation,transparent
es,convocar,fr,convoquer,transparent
es,convocatoria,fr,convocation,altered
es,convoy,fr,convoi,transparent
es,conyugal,fr,conjugal,altered
es,cool,fr,cool,transparent
es,cooperación,fr,coopération,transparent
es,cooperar,fr,coopérer,transparent
es,cooperativa,fr,coopérative,altered
es,cooperativo,fr,coopératif,transparent
es,coordenada,fr,coordonnée,transparent
es,coordinación,fr,coordination,altered
es,coordinador,fr,coordinateur,transparent
es,coordinar,fr,coordonnée,transparent
es,copa,fr,coupe,altered
es,copia,fr,copie,altered
es,copiar,fr,copier,transparent
es,copla,fr,couple,altered
es,copropiedad,fr,copropriété,transparent
es,coraje,fr,courage,altered
es,corajudo,fr,courageux,altered
es,coral,fr,chorale,altered
es,corazon,fr,cœur,altered
es,corazón,fr,cœurs,altered
es,corbata,fr,cravate,altered
es,cordialmente,fr,cordialement,transparent
es,cordón,fr,cordon,transparent
es,corea,fr,corée,altered
es,coreano,fr,coréen,altered
es,coreografía,fr,chorégraphie,altered
es,coreógrafo,fr,chorégraphe,altered
es,corneta,fr,cornet,altered
es,coro,fr,chœur,altered
es,corona,fr,couronne,altered
es,coronación,fr,couronnement,altered
es,coronamiento,fr,couronnement,transparent
es,coronar,fr,couronné,transparent
es,coronel,fr,colonel,altered
es,corporación,fr,corporation,transparent
es,corporal,fr,corporel,transparent
es,corpus,fr,corpus,transparent
es,correccional,fr,correctionnel,transparent
es,corrección,fr,correction,transparent
es,correctamente,fr,correctement,transparent
es,correcto,fr,correct,transparent
es,corrector,fr,correcteur,transparent
es,corredor,fr,coureur,transparent
es,corregir,fr,corriger,altered
es,correlación,fr,corrélation,altered
es,correo,fr,courrier,altered
es,correr,fr,courir,transparent
es,correspondencia,fr,correspondance,transparent
es,corresponder,fr,correspondre,transparent
es,correspondiente,fr,correspondant,altered
es,corresponsal,fr,correspondant,altered
es,corriente,fr,courant,altered
es,corrientemente,fr,couramment,altered
es,corrupcion,fr,corruption,transparent
es,corrupción,fr,corruption,transparent
es,corrupto,fr,corrompu,transparent
es,corso,fr,corse,altered
es,corta,fr,court,altered
es,cortadura,fr,coupure,altered
es,cortante,fr,coupant,altered
es,cortar,fr,couper,altered
es,corte,fr,cour,altered
es,cortejo,fr,cortège,altered
es,cortesía,fr,courtoisie,altered
es,corteza,fr,cortex,altered
es,corto,fr,court,altered
es,cortés,fr,courtois,altered
es,corán,fr,coran,transparent
es,cosa,fr,chose,altered
es,coser,fr,coudre,altered
es,cosmos,fr,cosmos,transparent
es,cosmético,fr,cosmétique,transparent
es,cost,fr,coût,altered
es,costa,fr,costa,transparent
es,costado,fr,côté,altered
es,costar,fr,coûter,altered
es,coste,fr,coût,transparent
es,costero,fr,côtière,altered
es,costilla,fr,côte,altered
es,costo,fr,coût,altered
es,costra,fr,croûte,altered
es,costumbre,fr,coutume,altered
es,costura,fr,couture,altered
es,cota,fr,cote,transparent
es,cotidianamente,fr,quotidiennement,altered
es,cotidiano,fr,quotidien,altered
es,cotizar,fr,coté,altered
es,coyuntura,fr,conjoncture,altered
es,crack,fr,crack,transparent
es,creación,fr,création,altered
es,creador,fr,créateur,altered
es,crear,fr,créer,transparent
es,creatividad,fr,créativité,transparent
es,creativo,fr,créatif,altered
es,crecida,fr,crue,altered
es,creciente,fr,croissant,altered
es,credibilidad,fr,crédibilité,transparent
es,credito,fr,crédit,altered
es,creer,fr,croire,altered
es,crema,fr,crème,altered
es,crepe,fr,crêpe,transparent
es,crepúsculo,fr,crépuscule,transparent
es,cresta,fr,crête,altered
es,cretino,fr,crétin,transparent
es,creyente,fr,croyant,transparent
es,creíble,fr,crédible,altered
es,criatura,fr,créature,altered
es,crimen,fr,crime,transparent
es,criminal,fr,criminel,transparent
es,criminalidad,fr,criminalité,transparent
es,criollo,fr,créole,altered
es,crisis,fr,crise,transparent
es,cristal,fr,cristal,transparent
es,cristianismo,fr,christianisme,transparent
es,cristiano,fr,chrétien,altered
es,cristo,fr,christ,transparent
es,criterio,fr,critère,altered
es,criticar,fr,critiquer,altered
es,croacia,fr,croatie,altered
es,croata,fr,croate,altered
es,cromo,fr,chrome,altered
es,cronista,fr,chroniqueur,altered
es,crono,fr,chrono,transparent
es,cronología,fr,chronologie,transparent
es,cronológico,fr,chronologique,altered
es,croqueta,fr,croquer,altered
es,croquis,fr,croquis,transparent
es,crucero,fr,croisière,altered
es,crucial,fr,crucial,transparent
es,crucifijo,fr,crucifix,transparent
es,crudo,fr,cru,transparent
es,cruel,fr,cruel,transparent
es,crueldad,fr,cruauté,altered
es,cruelmente,fr,cruellement,transparent
es,cruz,fr,croix,altered
es,cruzada,fr,croisade,altered
es,cruzamiento,fr,croisement,transparent
es,cruzar,fr,croiser,altered
es,cráneo,fr,crâne,altered
es,cráter,fr,cratère,altered
es,crédito,fr,crédit,altered
es,crítica,fr,critique,transparent
es,crítico,fr,critique,transparent
es,crónica,fr,chronique,altered
es,crónico,fr,chronique,altered
es,cuaderno,fr,cahier,altered
es,cuadra,fr,carré,altered
es,cuadrado,fr,carré,altered
es,cuadro,fr,cadre,altered
es,cual,fr,quel,transparent
es,cualidad,fr,qualité,altered
es,cualificar,fr,qualifier,altered
es,cuando,fr,quand,transparent
es,cuarentena,fr,quarantaine,altered
es,cuaresma,fr,carême,altered
es,cuartel,fr,quartier,altered
es,cuarto,fr,quart,altered
es,cuarzo,fr,quartz,altered
es,cuasi,fr,quasi,transparent
es,cuatro,fr,quatre,altered
es,cuba,fr,cuve,altered
es,cubano,fr,cubain,altered
es,cubierta,fr,couverture,altered
es,cubierto,fr,couvert,altered
es,cubo,fr,cube,altered
es,cubrir,fr,couvrir,altered
es,cuco,fr,coucou,altered
es,cuello,fr,col,altered
es,cuento,fr,conte,altered
es,cuerda,fr,corde,altered
es,cuerno,fr,corne,altered
es,cuero,fr,cuir,altered
es,cuerpo,fr,corps,altered
es,cuestion,fr,question,altered
es,cuestionamiento,fr,questionnement,altered
es,cuestionar,fr,questionner,altered
es,cuestionario,fr,questionnaire,altered
es,cuestión,fr,question,transparent
es,culinario,fr,culinaire,altered
es,culo,fr,cul,transparent
es,culote,fr,culotte,transparent
es,culpabilidad,fr,culpabilité,transparent
es,culpable,fr,coupable,altered
es,cultivar,fr,cultivé,transparent
es,cultivo,fr,culture,altered
es,culto,fr,culte,altered
es,cultura,fr,culture,transparent
es,cultural,fr,culturel,transparent
es,cumplido,fr,accompli,altered
es,cumplimiento,fr,accomplissement,altered
es,cuota,fr,quota,altered
es,cupo,fr,quota,altered
es,cupé,fr,coupé,transparent
es,cura,fr,curé,transparent
es,curiosamente,fr,curieusement,transparent
es,curiosidad,fr,curiosité,transparent
es,curioso,fr,curieux,altered
es,curry,fr,curry,transparent
es,curso,fr,cours,transparent
es,cursus,fr,cursus,transparent
es,curva,fr,courbe,altered
es,cutáneo,fr,cutané,altered
es,cuándo,fr,quand,altered
es,cuántico,fr,quantique,transparent
es,cyber,fr,cyber,transparent
es,cálculo,fr,calcul,transparent
es,cálido,fr,chaud,altered
es,cáliz,fr,calice,altered
es,cámara,fr,chambre,altered
es,cáncer,fr,cancer,transparent
es,cápsula,fr,capsule,transparent
es,cártel,fr,cartel,transparent
es,cátedra,fr,chaire,altered
es,cáucaso,fr,caucase,altered
es,célebre,fr,célèbre,altered
es,céltico,fr,celtique,transparent
es,célula,fr,cellule,altered
es,céntimo,fr,centime,transparent
es,césar,fr,césar,transparent
es,cínico,fr,cynique,transparent
es,círculo,fr,cercle,altered
es,cívico,fr,civique,transparent
es,cóctel,fr,cocktail,altered
es,código,fr,code,altered
es,cólera,fr,colère,transparent
es,cómic,fr,comique,altered
es,cómico,fr,comique,transparent
es,cómo,fr,comment,altered
es,cómplice,fr,complice,transparent
es,cónsul,fr,consul,transparent
es,cónyuge,fr,conjoint,altered
es,córner,fr,corner,transparent
es,cósmico,fr,cosmique,altered
es,cúmulo,fr,cumul,altered
es,dado,fr,donné,transparent
es,dakar,fr,dakar,transparent
es,dama,fr,dame,altered
es,damasco,fr,damas,altered
es,damisela,fr,demoiselle,altered
es,damián,fr,damien,altered
es,danubio,fr,danube,altered
es,danza,fr,danse,transparent
es,danzante,fr,dansant,altered
es,danzar,fr,danser,altered
es,danés,fr,danois,altered
es,data,fr,date,altered
es,datar,fr,dater,transparent
es,dealer,fr,dealer,transparent
es,debate,fr,débat,transparent
es,debatir,fr,débattre,altered
es,deber,fr,devoir,altered
es,debidamente,fr,dûment,altered
es,debut,fr,début,altered
es,debutante,fr,débutant,transparent
es,debutar,fr,débuter,altered
es,decano,fr,doyen,altered
es,decapitar,fr,décapiter,transparent
es,decencia,fr,décence,altered
es,decepcionante,fr,décevant,altered
es,deceso,fr,décès,altered
es,decididamente,fr,décidément,transparent
es,decidir,fr,décider,transparent
es,decir,fr,dire,altered
es,decision,fr,décision,transparent
es,decisivo,fr,décisif,altered
es,decisión,fr,décision,transparent
es,declaración,fr,déclaration,transparent
es,declarante,fr,déclarant,transparent
es,declarar,fr,déclarer,transparent
es,declinación,fr,déclinaison,transparent
es,declinar,fr,décliner,transparent
es,declive,fr,déclin,altered
es,deco,fr,déco,transparent
es,decoración,fr,décor,altered
es,decorado,fr,décor,altered
es,decorar,fr,décorer,transparent
es,decorativo,fr,décoratif,transparent
es,decretar,fr,décréter,transparent
es,decreto,fr,décret,altered
es,dedicar,fr,dédié,transparent
es,dedicatoria,fr,dédicace,altered
es,deducción,fr,déduction,transparent
es,deducir,fr,déduire,transparent
es,defectuoso,fr,défectueux,altered
es,defender,fr,défendre,transparent
es,defendido,fr,défendu,altered
es,defensa,fr,défense,transparent
es,defensiva,fr,défensive,transparent
es,defensivo,fr,défensif,transparent
es,defensor,fr,défenseur,altered
es,definición,fr,définition,altered
es,definido,fr,défini,transparent
es,definir,fr,définir,transparent
es,definitivamente,fr,définitivement,transparent
es,definitivo,fr,définitif,altered
es,deforestación,fr,déforestation,transparent
es,deformación,fr,déformation,transparent
es,degenerado,fr,dégénéré,altered
es,degradación,fr,dégradation,altered
es,degradado,fr,dégradé,transparent
es,degradar,fr,dégrader,transparent
es,degustación,fr,dégustation,transparent
es,degustar,fr,déguster,transparent
es,delegación,fr,délégation,transparent
es,delegado,fr,délégué,altered
es,deleite,fr,délice,altered
es,deliberación,fr,délibération,transparent
es,deliberadamente,fr,délibérément,altered
es,deliberar,fr,délibéré,transparent
es,delicadeza,fr,délicatesse,altered
es,delicado,fr,délicat,altered
es,delicia,fr,délice,altered
es,delicioso,fr,délicieux,altered
es,delincuencia,fr,délinquance,transparent
es,delincuente,fr,délinquant,altered
es,delirio,fr,délire,altered
es,delito,fr,délit,altered
es,delta,fr,delta,transparent
es,demandado,fr,demandé,transparent
es,demandante,fr,demandeur,altered
es,demencia,fr,démence,altered
es,demente,fr,dément,altered
es,demi,fr,demi,transparent
es,demo,fr,démo,transparent
es,democracia,fr,démocratie,transparent
es,democratización,fr,démocratisation,transparent
es,democrático,fr,démocratique,transparent
es,demografía,fr,démographie,transparent
es,demográfico,fr,démographique,transparent
es,demoler,fr,démolir,altered
es,demolición,fr,démolition,transparent
es,demonio,fr,démon,altered
es,demorar,fr,demeuré,altered
es,demostración,fr,démonstration,transparent
es,demostrar,fr,démontrer,altered
es,demócrata,fr,démocrate,transparent
es,denominación,fr,dénomination,transparent
es,denominar,fr,dénommé,altered
es,densidad,fr,densité,altered
es,denso,fr,dense,altered
es,dental,fr,dentaire,altered
es,dentario,fr,dentaire,transparent
es,dentista,fr,dentiste,transparent
es,denuncia,fr,dénonciation,altered
es,denunciado,fr,dénoncer,transparent
es,denunciante,fr,dénoncer,altered
es,denunciar,fr,dénoncer,altered
es,deontología,fr,déontologie,transparent
es,departamental,fr,départementale,transparent
es,departamento,fr,département,transparent
es,dependencia,fr,dépendance,transparent
es,depender,fr,dépendre,altered
es,deplorar,fr,déplorer,transparent
es,deportación,fr,déportation,transparent
es,deportar,fr,déporté,transparent
es,deporte,fr,sport,altered
es,deportista,fr,sportif,altered
es,deportivo,fr,sportif,altered
es,deposición,fr,déposition,transparent
es,depositar,fr,déposer,transparent
es,depredador,fr,prédateur,altered
es,depresivo,fr,dépressif,altered
es,depresión,fr,dépression,transparent
es,deprimente,fr,déprimant,altered
es,deprimir,fr,déprimé,transparent
es,depuración,fr,épuration,altered
es,depósito,fr,dépôt,altered
es,deriva,fr,dérive,altered
es,derivado,fr,dérivé,transparent
es,derogación,fr,dérogation,transparent
es,derrota,fr,déroute,altered
es,desactivar,fr,désactiver,altered
es,desacuerdo,fr,désaccord,transparent
es,desafío,fr,défi,altered
es,desagradable,fr,désagréable,altered
es,desaparecer,fr,disparaître,altered
es,desaparecido,fr,disparu,altered
es,desaparición,fr,disparition,altered
es,desastre,fr,désastre,transparent
es,desastroso,fr,désastreux,transparent
es,desbloquear,fr,débloquer,transparent
es,desbordamiento,fr,débordement,transparent
es,desbordante,fr,dépassant,altered
es,desbordar,fr,déborder,altered
es,descarga,fr,décharge,transparent
es,descartar,fr,écarter,altered
es,descendencia,fr,descendance,altered
es,descendente,fr,descendant,transparent
es,descender,fr,descendre,transparent
es,descendiente,fr,descendant,altered
es,descentralización,fr,décentralisation,transparent
es,descifrar,fr,déchiffrer,altered
es,descomposición,fr,décomposition,transparent
es,describir,fr,décrire,altered
es,descripción,fr,description,transparent
es,descubierto,fr,découvert,altered
es,descubrimiento,fr,découvrir,altered
es,descubrir,fr,découvrir,altered
es,desear,fr,désirer,altered
es,desecho,fr,déchet,altered
es,desembarazar,fr,débarrasser,altered
es,desembarcar,fr,débarquer,altered
es,desembarco,fr,débarquement,altered
es,desembocar,fr,débouché,altered
es,desenrollar,fr,dérouler,altered
es,deseo,fr,désir,altered
es,deseoso,fr,désireux,transparent
es,desequilibrio,fr,déséquilibre,transparent
es,desesperación,fr,désespoir,altered
es,desesperadamente,fr,désespérément,altered
es,desesperado,fr,désespéré,altered
es,desestabilizar,fr,déstabiliser,altered
es,desfavorable,fr,défavorable,altered
es,desfavorecer,fr,défavorisé,transparent
es,desfilar,fr,défiler,transparent
es,desfile,fr,défilé,transparent
es,deshacer,fr,défaire,altered
es,desierto,fr,désert,altered
es,designación,fr,désignation,transparent
es,designar,fr,désigner,transparent
es,designio,fr,dessein,altered
es,desinformación,fr,désinformation,transparent
es,desmantelamiento,fr,démantèlement,transparent
es,desmarcar,fr,démarquer,transparent
es,desmentida,fr,démenti,altered
es,desmontar,fr,démonter,altered
es,desnudez,fr,nudité,altered
es,desolar,fr,désolé,altered
es,desorden,fr,désordre,transparent
es,despachar,fr,dépêcher,altered
es,despacho,fr,dépêche,altered
es,despistaje,fr,dépistage,altered
es,desplazamiento,fr,déplacement,transparent
es,desplazar,fr,déplacer,transparent
es,desplegar,fr,déployer,altered
es,despliegue,fr,déploiement,transparent
es,desproveer,fr,dépourvu,altered
es,destacamento,fr,détachement,altered
es,destacar,fr,détacher,altered
es,destinación,fr,destination,transparent
es,destinar,fr,destiné,transparent
es,destinatario,fr,destinataire,altered
es,destino,fr,destin,transparent
es,destitución,fr,destitution,altered
es,destrucción,fr,destruction,transparent
es,destructor,fr,destructeur,altered
es,destruir,fr,détruire,transparent
es,desvelar,fr,dévoiler,altered
es,desviación,fr,déviation,altered
es,detallar,fr,détaillé,transparent
es,detalle,fr,détail,transparent
es,detección,fr,détection,transparent
es,detectar,fr,détecter,transparent
es,detective,fr,détective,transparent
es,detector,fr,détecteur,altered
es,detención,fr,détention,transparent
es,detener,fr,détenir,altered
es,detenido,fr,détenu,transparent
es,determinación,fr,détermination,transparent
es,determinante,fr,déterminant,transparent
es,determinar,fr,déterminer,transparent
es,detestable,fr,détestable,transparent
es,detestar,fr,détester,transparent
es,detractor,fr,détracteur,altered
es,detrimento,fr,détriment,altered
es,devenir,fr,devenir,transparent
es,devoción,fr,dévotion,transparent
es,devorar,fr,dévorer,transparent
es,devoto,fr,dévoué,altered
es,diabetes,fr,diabète,altered
es,diablo,fr,diable,altered
es,diabólico,fr,diabolique,transparent
es,diagnóstico,fr,diagnostic,altered
es,diagonal,fr,diagonale,transparent
es,diagrama,fr,diagramme,transparent
es,dialecto,fr,dialecte,transparent
es,dialogar,fr,dialoguer,altered
es,diamante,fr,diamant,transparent
es,diarrea,fr,diarrhée,altered
es,diccionario,fr,dictionnaire,altered
es,dicho,fr,dit,altered
es,diciembre,fr,décembre,altered
es,dictado,fr,dictée,altered
es,dictador,fr,dictateur,transparent
es,dictadura,fr,dictature,transparent
es,didáctica,fr,didactique,transparent
es,didáctico,fr,didactique,transparent
es,diente,fr,dent,altered
es,diesel,fr,diesel,transparent
es,dieta,fr,diète,transparent
es,diez,fr,dix,altered
es,difamación,fr,diffamation,transparent
es,diferencia,fr,différence,transparent
es,diferenciación,fr,différenciation,transparent
es,diferencial,fr,différentiel,transparent
es,diferenciar,fr,différencier,transparent
es,diferendo,fr,différend,transparent
es,diferente,fr,différent,transparent
es,diferentemente,fr,différemment,transparent
es,diferir,fr,différer,altered
es,dificil,fr,difficile,transparent
es,dificultad,fr,difficulté,transparent
es,difundir,fr,diffuser,altered
es,difunto,fr,défunt,altered
es,difusión,fr,diffusion,transparent
es,difuso,fr,diffus,transparent
es,difusor,fr,diffuseur,transparent
es,difícil,fr,difficile,transparent
es,difícilmente,fr,difficilement,transparent
es,digerir,fr,digérer,transparent
es,digestivo,fr,digestif,altered
es,digestión,fr,digestion,transparent
es,digital,fr,digital,transparent
es,dignamente,fr,dignement,transparent
es,dignatario,fr,dignitaire,transparent
es,dignidad,fr,dignité,altered
es,digno,fr,digne,altered
es,dilación,fr,délai,altered
es,dilema,fr,dilemme,altered
es,diligencia,fr,diligence,transparent
es,dimensión,fr,dimension,transparent
es,diminuto,fr,diminué,altered
es,dimisión,fr,démission,altered
es,dinamarca,fr,danemark,altered
es,dinamismo,fr,dynamisme,altered
es,dinastía,fr,dynastie,transparent
es,dinosaurio,fr,dinosaure,altered
es,dinámica,fr,dynamique,transparent
es,dinámico,fr,dynamique,altered
es,dios,fr,dieu,altered
es,diploma,fr,diplôme,altered
es,diplomacia,fr,diplomatie,transparent
es,diplomado,fr,diplômé,altered
es,diplomático,fr,diplomatique,transparent
es,diputado,fr,député,transparent
es,dique,fr,digue,altered
es,direccion,fr,direction,transparent
es,dirección,fr,direction,transparent
es,directamente,fr,directement,transparent
es,directiva,fr,directive,transparent
es,directo,fr,direct,transparent
es,director,fr,directeur,transparent
es,directorio,fr,directoire,altered
es,directriz,fr,directrice,transparent
es,dirigente,fr,dirigeant,altered
es,dirigir,fr,diriger,transparent
es,discernimiento,fr,discernement,altered
es,disciplina,fr,discipline,transparent
es,disciplinario,fr,disciplinaire,transparent
es,disco,fr,disque,altered
es,discreción,fr,discrétion,altered
es,discretamente,fr,discrètement,transparent
es,discreto,fr,discret,altered
es,discriminación,fr,discrimination,transparent
es,discurso,fr,discours,altered
es,discusion,fr,discussion,transparent
es,discusión,fr,discussion,transparent
es,discutir,fr,discuter,transparent
es,discípulo,fr,disciple,altered
es,disertación,fr,dissertation,transparent
es,diseñador,fr,designer,altered
es,diseñar,fr,dessiner,altered
es,diseño,fr,dessin,altered
es,disgusto,fr,dégoût,altered
es,disimulado,fr,dissimulé,transparent
es,disimular,fr,dissimuler,altered
es,disminución,fr,diminution,transparent
es,disminuir,fr,diminuer,altered
es,disolución,fr,dissolution,transparent
es,disolver,fr,dissoudre,altered
es,dispensa,fr,dispense,transparent
es,dispersar,fr,disperser,transparent
es,dispersión,fr,dispersion,transparent
es,disperso,fr,dispersé,altered
es,disponibilidad,fr,disponibilité,transparent
es,disponible,fr,disponible,transparent
es,disposición,fr,disposition,transparent
es,dispositivo,fr,dispositif,altered
es,disputar,fr,disputé,transparent
es,distancia,fr,distance,transparent
es,distante,fr,distant,transparent
es,distender,fr,détendu,altered
es,distinción,fr,distinction,transparent
es,distinguido,fr,distingué,transparent
es,distinguir,fr,distinguer,transparent
es,distinto,fr,distinct,transparent
es,distracción,fr,distraction,transparent
es,distraer,fr,distraire,transparent
es,distribución,fr,distribution,transparent
es,distribuidor,fr,distributeur,altered
es,distribuidora,fr,distributeur,altered
es,distribuir,fr,distribué,transparent
es,distrito,fr,district,transparent
es,disuadir,fr,dissuader,transparent
es,diva,fr,diva,transparent
es,divergencia,fr,divergence,transparent
es,diversidad,fr,diversité,transparent
es,diversificación,fr,diversification,transparent
es,diversificar,fr,diversifier,transparent
es,diverso,fr,divers,transparent
es,divertir,fr,divertir,transparent
es,dividendo,fr,dividende,altered
es,dividir,fr,divisé,transparent
es,divinar,fr,deviner,altered
es,divinidad,fr,divinité,altered
es,divino,fr,divin,altered
es,division,fr,division,transparent
es,división,fr,division,transparent
es,divorciado,fr,divorcé,altered
es,divorcio,fr,divorce,transparent
es,diván,fr,divan,transparent
es,diálogo,fr,dialogue,altered
es,diámetro,fr,diamètre,altered
es,diáspora,fr,diaspora,transparent
es,diésel,fr,diesel,altered
es,diócesis,fr,diocèse,altered
es,doblado,fr,doublé,transparent
es,doblaje,fr,doublage,altered
es,doblar,fr,doubler,altered
es,doble,fr,double,transparent
es,doblemente,fr,doublement,transparent
es,doctor,fr,docteur,altered
es,doctorado,fr,doctorat,altered
es,doctrina,fr,doctrine,altered
es,documentación,fr,documentation,transparent
es,documental,fr,documentaire,altered
es,documentar,fr,documenté,transparent
es,documento,fr,document,transparent
es,dogma,fr,dogme,altered
es,dolar,fr,dollar,altered
es,dolor,fr,douleur,altered
es,dolorosa,fr,douloureuse,altered
es,doloroso,fr,douloureux,altered
es,domicilio,fr,domicile,transparent
es,dominación,fr,domination,transparent
es,dominado,fr,dominer,altered
es,dominante,fr,dominant,altered
es,dominar,fr,dominer,transparent
es,dominicano,fr,dominicain,altered
es,dominio,fr,domaine,altered
es,domo,fr,dôme,transparent
es,doméstico,fr,domestique,transparent
es,don,fr,don,transparent
es,donación,fr,donation,transparent
es,donador,fr,donateur,transparent
es,donante,fr,donneur,altered
es,doncella,fr,demoiselle,altered
es,dopaje,fr,dopage,altered
es,dorada,fr,dorer,altered
es,dorado,fr,doré,altered
es,dorar,fr,dorer,transparent
es,dormir,fr,dormir,transparent
es,dorso,fr,dos,altered
es,dos,fr,deux,altered
es,dosis,fr,dose,altered
es,dotación,fr,dotation,altered
es,dotar,fr,doté,transparent
es,dote,fr,dot,transparent
es,draga,fr,drague,altered
es,dragon,fr,dragon,transparent
es,dragón,fr,dragon,altered
es,drama,fr,drame,altered
es,dramática,fr,dramatique,transparent
es,dramático,fr,dramatique,transparent
es,drive,fr,drive,transparent
es,driver,fr,driver,transparent
es,droga,fr,drogue,transparent
es,dron,fr,drone,altered
es,drone,fr,drone,transparent
es,dublín,fr,dublin,transparent
es,ducado,fr,duché,altered
es,ducha,fr,douche,transparent
es,dudar,fr,douter,altered
es,duelo,fr,deuil,transparent
es,dulce,fr,doux,altered
es,dulcemente,fr,doucement,altered
es,duna,fr,dune,transparent
es,duo,fr,duo,transparent
es,duplo,fr,double,altered
es,duque,fr,duc,altered
es,durable,fr,durable,transparent
es,duración,fr,durée,altered
es,duradero,fr,durable,altered
es,duramente,fr,durement,altered
es,durante,fr,durant,altered
es,durar,fr,durer,transparent
es,dureza,fr,dureté,altered
es,durmiente,fr,dormant,altered
es,duro,fr,dur,altered
es,débil,fr,débile,transparent
es,débilmente,fr,faiblement,altered
es,déficit,fr,déficit,transparent
es,díez,fr,dix,altered
es,dólar,fr,dollar,transparent
es,dúo,fr,duo,transparent
es,ebullición,fr,ébullition,transparent
es,eclesiástico,fr,ecclésiastique,transparent
es,eclipse,fr,éclipse,altered
es,eco,fr,écho,altered
es,ecologista,fr,écologiste,transparent
es,ecología,fr,écologie,transparent
es,ecológico,fr,écologique,altered
es,economia,fr,économie,altered
es,economica,fr,économique,transparent
es,economista,fr,économiste,transparent
es,economizar,fr,économiser,altered
es,economía,fr,économie,transparent
es,económicamente,fr,économiquement,altered
es,económico,fr,économique,transparent
es,ecosistema,fr,écosystème,transparent
es,ecuación,fr,équation,altered
es,ecuador,fr,équateur,altered
es,ecuestre,fr,équestre,transparent
es,ecólogo,fr,écolo,altered
es,edicion,fr,édition,transparent
es,edición,fr,édition,transparent
es,edicto,fr,édit,altered
es,edificio,fr,édifice,altered
es,editar,fr,éditer,transparent
es,editor,fr,éditeur,transparent
es,editorial,fr,éditorial,transparent
es,educacion,fr,éducation,transparent
es,educación,fr,éducation,altered
es,educar,fr,éduquer,altered
es,educativo,fr,éducatif,transparent
es,efectivamente,fr,effectivement,transparent
es,efectivo,fr,effectif,altered
es,efecto,fr,effet,altered
es,efectuar,fr,effectuer,altered
es,efervescencia,fr,effervescence,transparent
es,eficacia,fr,efficacité,altered
es,eficaz,fr,efficace,altered
es,eficazmente,fr,efficacement,altered
es,eficiente,fr,efficace,altered
es,efigie,fr,effigie,transparent
es,efímera,fr,éphémère,transparent
es,efímero,fr,éphémère,altered
es,egipcio,fr,égyptien,altered
es,egipto,fr,égypte,altered
es,ego,fr,ego,transparent
es,egoísmo,fr,égoïsme,altered
es,egoísta,fr,égoïste,transparent
es,ejecución,fr,exécution,transparent
es,ejecutar,fr,exécuter,transparent
es,ejecutivo,fr,exécutif,altered
es,ejemplar,fr,exemplaire,altered
es,ejemplo,fr,exemple,transparent
es,ejercer,fr,exercer,altered
es,ejercicio,fr,exercice,transparent
es,ejercitar,fr,exercer,altered
es,elaboración,fr,élaboration,transparent
es,elaborar,fr,élaboré,transparent
es,eleccion,fr,élection,transparent
es,elección,fr,élection,altered
es,elector,fr,électeur,altered
es,electorado,fr,électorat,altered
es,electoral,fr,électoral,transparent
es,electric,fr,électrique,altered
es,electricidad,fr,électricité,transparent
es,electro,fr,électro,transparent
es,electrón,fr,électron,transparent
es,electrónica,fr,électronique,altered
es,electrónico,fr,électronique,transparent
es,elefante,fr,éléphant,altered
es,elegancia,fr,élégance,altered
es,elegante,fr,élégant,transparent
es,elegible,fr,éligible,transparent
es,elegir,fr,élire,altered
es,elemental,fr,élémentaire,altered
es,elemento,fr,élément,transparent
es,elena,fr,hélène,altered
es,elevación,fr,élévation,transparent
es,elevar,fr,élevé,transparent
es,elfo,fr,elfe,altered
es,eligir,fr,élire,altered
es,eliminación,fr,élimination,transparent
es,eliminar,fr,éliminer,transparent
es,eliminatoria,fr,éliminatoire,transparent
es,elite,fr,élite,transparent
es,elogio,fr,éloge,altered
es,elástico,fr,élastique,altered
es,eléctrico,fr,électrique,altered
es,email,fr,email,transparent
es,emails,fr,email,transparent
es,emanar,fr,émaner,altered
es,emancipación,fr,émancipation,altered
es,embajada,fr,ambassade,altered
es,embajador,fr,ambassadeur,altered
es,embalaje,fr,emballage,altered
es,embalar,fr,emballé,altered
es,embarcar,fr,embarquer,transparent
es,embargo,fr,embargo,transparent
es,embarque,fr,embarquement,altered
es,emblema,fr,emblème,altered
es,emblemático,fr,emblématique,altered
es,embocadura,fr,embouchure,transparent
es,emboscada,fr,embuscade,altered
es,embrión,fr,embryon,altered
es,emergente,fr,émergent,transparent
es,emerger,fr,émerger,transparent
es,emigración,fr,émigration,altered
es,emisario,fr,émissaire,transparent
es,emisión,fr,émission,transparent
es,emitir,fr,émettre,altered
es,emocional,fr,émotionnel,altered
es,emocionante,fr,émouvant,altered
es,emoción,fr,émotion,transparent
es,empatía,fr,empathie,altered
es,emperador,fr,empereur,altered
es,emplazamiento,fr,emplacement,transparent
es,emplazar,fr,emplacement,altered
es,empleado,fr,employé,transparent
es,empleador,fr,employeur,transparent
es,emplear,fr,employer,transparent
es,empleo,fr,emploi,altered
es,emprendedor,fr,entrepreneur,altered
es,emprender,fr,entreprendre,altered
es,enano,fr,nain,altered
es,encadenado,fr,enchaîné,altered
es,encadenamiento,fr,enchaînement,transparent
es,encadenar,fr,enchaîner,altered
es,encaminamiento,fr,cheminement,altered
es,encantar,fr,enchanté,transparent
es,encarcelamiento,fr,emprisonnement,altered
es,encarcelar,fr,incarcéré,altered
es,encargar,fr,charger,altered
es,encarnación,fr,incarnation,transparent
es,encarnado,fr,incarné,altered
es,encarnar,fr,incarner,altered
es,encarnizar,fr,acharné,altered
es,encerrar,fr,enfermé,altered
es,enciclopedia,fr,encyclopédie,transparent
es,encierro,fr,enclos,altered
es,encinta,fr,enceinte,transparent
es,encontrar,fr,rencontrer,altered
es,encuadramiento,fr,encadrement,transparent
es,encuadrar,fr,encadrer,altered
es,encubrir,fr,couvrir,altered
es,encuesta,fr,enquête,altered
es,encuestador,fr,enquêteur,altered
es,encuestar,fr,enquêter,altered
es,enderezamiento,fr,redressement,altered
es,endeudamiento,fr,endettement,transparent
es,endurance,fr,endurance,transparent
es,enemigo,fr,ennemi,altered
es,energia,fr,énergie,altered
es,energética,fr,énergétique,altered
es,energético,fr,énergétique,altered
es,energía,fr,énergie,transparent
es,enero,fr,janvier,altered
es,enervar,fr,énerver,transparent
es,enfermería,fr,infirmerie,altered
es,enfilar,fr,enfiler,transparent
es,enfoque,fr,approche,altered
es,enfrentar,fr,affronter,altered
es,enfriar,fr,refroidir,altered
es,enfurecer,fr,furieux,altered
es,engagement,fr,engagement,transparent
es,engendrar,fr,engendrer,transparent
es,englobar,fr,englober,transparent
es,enigma,fr,énigme,altered
es,enjuiciamiento,fr,jugement,altered
es,enmarcar,fr,encadrer,altered
es,enmascarar,fr,masquer,altered
es,enorme,fr,énorme,transparent
es,enormemente,fr,énormément,transparent
es,enriquecer,fr,enrichir,altered
es,enriquecimiento,fr,enrichissement,transparent
es,ensalada,fr,salade,transparent
es,ensamblaje,fr,assemblage,altered
es,ensamblar,fr,assembler,transparent
es,ensamble,fr,ensemble,transparent
es,ensayar,fr,essayer,altered
es,ensayo,fr,essai,altered
es,ensenada,fr,anse,altered
es,enseñante,fr,enseignant,transparent
es,enseñanza,fr,enseignement,altered
es,enseñar,fr,enseigner,altered
es,ente,fr,entité,altered
es,entender,fr,entendre,altered
es,entendible,fr,entendu,altered
es,entendido,fr,entendu,transparent
es,entendimiento,fr,entente,altered
es,enteramente,fr,entièrement,transparent
es,entero,fr,entier,transparent
es,enterramiento,fr,enterrement,altered
es,enterrar,fr,enterré,transparent
es,entidad,fr,entité,transparent
es,entorchado,fr,entouré,altered
es,entorno,fr,entourage,altered
es,entrada,fr,entrée,altered
es,entrante,fr,rentrant,transparent
es,entrar,fr,entrer,transparent
es,entraña,fr,entrailles,transparent
es,entre,fr,entre,transparent
es,entrenador,fr,entraîneur,altered
es,entrenamiento,fr,entraînement,transparent
es,entrenar,fr,entraîner,altered
es,entretener,fr,entretenir,transparent
es,entrever,fr,entrevoir,altered
es,entusiasmo,fr,enthousiasme,transparent
es,entusiasta,fr,enthousiaste,transparent
es,enunciado,fr,énoncé,transparent
es,envenenamiento,fr,empoisonnement,altered
es,envergadura,fr,envergure,transparent
es,enviado,fr,envoyé,transparent
es,enviar,fr,envoyer,altered
es,envidia,fr,envie,transparent
es,envidiar,fr,envier,transparent
es,envés,fr,envers,altered
es,envío,fr,envoi,transparent
es,enérgico,fr,énergique,transparent
es,enésimo,fr,énième,altered
es,epidemia,fr,épidémie,transparent
es,episodio,fr,épisode,altered
es,epoca,fr,époque,altered
es,epopeya,fr,épopée,transparent
es,epónimo,fr,éponyme,altered
es,equidad,fr,équité,transparent
es,equilibrado,fr,équilibré,transparent
es,equilibrar,fr,équilibrer,transparent
es,equilibrio,fr,équilibre,transparent
es,equipado,fr,équipé,transparent
es,equipamiento,fr,équipement,altered
es,equipar,fr,équiper,transparent
es,equipo,fr,équipe,transparent
es,equitación,fr,équitation,altered
es,equitativo,fr,équitable,altered
es,equivalencia,fr,équivalence,transparent
es,equivalente,fr,équivalent,transparent
es,equivaler,fr,équivaloir,altered
es,equivocación,fr,équivoque,altered
es,equívoco,fr,équivoque,transparent
es,erección,fr,érection,altered
es,erigir,fr,ériger,transparent
es,erosión,fr,érosion,transparent
es,erradicar,fr,éradiquer,altered
es,error,fr,erreur,transparent
es,erróneo,fr,erroné,transparent
es,erupción,fr,éruption,transparent
es,erótico,fr,érotique,transparent
es,escala,fr,escale,transparent
es,escalada,fr,escalade,transparent
es,escalera,fr,escalier,altered
es,escalón,fr,échelon,altered
es,escandaloso,fr,scandaleux,altered
es,escandinavo,fr,scandinave,altered
es,escaneo,fr,scan,altered
es,escapar,fr,échapper,altered
es,escape,fr,échappement,altered
es,escena,fr,scène,altered
es,escenario,fr,scénario,transparent
es,escepticismo,fr,scepticisme,altered
es,escisión,fr,scission,altered
es,esclarecer,fr,éclairer,altered
es,esclavitud,fr,esclavage,altered
es,esclavo,fr,esclave,altered
es,escocés,fr,écossais,altered
es,escolar,fr,scolaire,transparent
es,escolaridad,fr,scolarité,altered
es,escolta,fr,escorte,altered
es,escorpión,fr,scorpion,altered
es,escribir,fr,écrire,altered
es,escrito,fr,écrit,altered
es,escritura,fr,écriture,transparent
es,escrutinio,fr,scrutin,altered
es,escuadra,fr,escadre,transparent
es,escuadrón,fr,escadron,transparent
es,escucha,fr,écoute,altered
es,escuchar,fr,écouter,altered
es,escudero,fr,écuyer,altered
es,escuela,fr,école,altered
es,escultor,fr,sculpteur,altered
es,escultura,fr,sculpture,altered
es,escurrimiento,fr,écoulement,altered
es,escurrir,fr,écouler,altered
es,escándalo,fr,scandale,altered
es,escáner,fr,scanner,altered
es,escéptico,fr,sceptique,altered
es,esencia,fr,essence,transparent
es,esencial,fr,essentiel,transparent
es,esencialmente,fr,essentiellement,transparent
es,esfera,fr,sphère,altered
es,esforzar,fr,efforcer,altered
es,esgrima,fr,escrime,transparent
es,eslavo,fr,slave,altered
es,eslogan,fr,slogan,altered
es,eslovaco,fr,slovaque,altered
es,eslovenia,fr,slovénie,transparent
es,espacial,fr,spatial,transparent
es,espacio,fr,espace,altered
es,espalda,fr,épaule,altered
es,españa,fr,espagne,transparent
es,español,fr,espagnol,altered
es,especial,fr,spécial,transparent
es,especialidad,fr,spécialité,transparent
es,especialista,fr,spécialiste,altered
es,especialización,fr,spécialisation,transparent
es,especializar,fr,spécialisé,transparent
es,especialmente,fr,spécialement,transparent
es,especie,fr,espèce,transparent
es,especificidad,fr,spécificité,transparent
es,espectacular,fr,spectaculaire,transparent
es,espectador,fr,spectateur,transparent
es,espectro,fr,spectre,altered
es,espectáculo,fr,spectacle,transparent
es,especulación,fr,spéculation,transparent
es,específicamente,fr,spécifiquement,transparent
es,específico,fr,spécifique,transparent
es,espera,fr,espoir,altered
es,esperanza,fr,espérance,altered
es,esperar,fr,espérer,altered
es,esperma,fr,sperme,altered
es,espesor,fr,épaisseur,altered
es,espiar,fr,espionner,altered
es,espina,fr,épine,altered
es,espionaje,fr,espionnage,altered
es,espiral,fr,spirale,altered
es,espiritu,fr,esprit,altered
es,espiritual,fr,spirituel,altered
es,espiritualidad,fr,spiritualité,transparent
es,esplendor,fr,splendeur,altered
es,espléndido,fr,splendide,altered
es,esponja,fr,éponge,altered
es,espontáneamente,fr,spontanément,altered
es,espontáneo,fr,spontané,altered
es,esposar,fr,épouse,transparent
es,esposo,fr,époux,altered
es,espécimen,fr,spécimen,transparent
es,espía,fr,espion,altered
es,espíritu,fr,esprit,altered
es,esqueleto,fr,squelette,altered
es,esquema,fr,schéma,altered
es,esquisto,fr,schiste,altered
es,esquizofrenia,fr,schizophrénie,altered
es,esquí,fr,ski,altered
es,estabilidad,fr,stabilité,altered
es,estabilización,fr,stabilisation,transparent
es,estabilizar,fr,stabiliser,transparent
es,estable,fr,stable,transparent
es,establecer,fr,établi,transparent
es,establecimiento,fr,établissement,altered
es,estacion,fr,station,transparent
es,estacionamiento,fr,stationnement,altered
es,estación,fr,station,transparent
es,estadio,fr,stade,altered
es,estado,fr,état,altered
es,estadística,fr,statistique,transparent
es,estadístico,fr,statistique,altered
es,estallar,fr,éclater,altered
es,estambul,fr,istanbul,altered
es,estamento,fr,état,altered
es,estandarte,fr,étendard,altered
es,estanque,fr,étang,transparent
es,estatal,fr,étatique,altered
es,estatua,fr,statue,transparent
es,estatus,fr,statut,altered
es,estatuto,fr,statut,transparent
es,estay,fr,étai,transparent
es,estereotipar,fr,stéréotyper,transparent
es,esterlina,fr,sterling,altered
es,estilo,fr,style,altered
es,estima,fr,estime,transparent
es,estimación,fr,estimation,transparent
es,estimar,fr,estimer,altered
es,estimulación,fr,stimulation,altered
es,estimulante,fr,stimulant,altered
es,estimular,fr,stimuler,transparent
es,estival,fr,estival,transparent
es,estrategia,fr,stratégie,transparent
es,estratégico,fr,stratégique,transparent
es,estrechamente,fr,étroitement,altered
es,estrecho,fr,étroit,altered
es,estresante,fr,stressant,transparent
es,estresar,fr,stresser,transparent
es,estrictamente,fr,strictement,transparent
es,estricto,fr,strict,altered
es,estructura,fr,structure,transparent
es,estructural,fr,structurel,altered
es,estructurar,fr,structurer,transparent
es,estrés,fr,stress,transparent
es,estudiante,fr,étudiant,altered
es,estudiar,fr,étudier,transparent
es,estudio,fr,étude,transparent
es,estupefaciente,fr,stupéfiant,altered
es,estupida,fr,stupide,altered
es,estupidez,fr,stupidité,altered
es,estupido,fr,stupide,altered
es,estándar,fr,standard,transparent
es,estática,fr,statique,transparent
es,estático,fr,statique,altered
es,estéreo,fr,stéréo,transparent
es,estéril,fr,stérile,altered
es,estética,fr,esthétique,transparent
es,estético,fr,esthétique,altered
es,estípula,fr,stipule,transparent
es,estómago,fr,estomac,altered
es,estúpido,fr,stupide,altered
es,etapa,fr,étape,transparent
es,etcétera,fr,etc,transparent
es,eternamente,fr,éternellement,altered
es,eternidad,fr,éternité,altered
es,eterno,fr,éternel,transparent
es,etimología,fr,étymologie,transparent
es,etiqueta,fr,étiquette,altered
es,etnia,fr,ethnie,transparent
es,euro,fr,euro,transparent
es,europa,fr,europe,transparent
es,europeo,fr,européen,transparent
es,eutanasia,fr,euthanasie,altered
es,evacuación,fr,évacuation,transparent
es,evacuado,fr,évacué,altered
es,evacuar,fr,évacuer,transparent
es,evadir,fr,évader,altered
es,evaluación,fr,évaluation,transparent
es,evaluar,fr,évaluer,transparent
es,evangelio,fr,évangile,altered
es,evangélico,fr,évangélique,altered
es,evasión,fr,évasion,transparent
es,evento,fr,événement,altered
es,eventualidad,fr,éventualité,transparent
es,evidencia,fr,évidence,transparent
es,evidente,fr,évident,transparent
es,evidentemente,fr,évidemment,altered
es,evitar,fr,éviter,transparent
es,evocación,fr,évocation,transparent
es,evocar,fr,évoquer,transparent
es,evolucionar,fr,évoluer,transparent
es,evolución,fr,évolution,altered
es,ex,fr,ex,transparent
es,exacción,fr,exaction,transparent
es,exactamente,fr,exactement,transparent
es,exactitud,fr,exactitude,transparent
es,exacto,fr,exact,transparent
es,exagerar,fr,exagérer,transparent
es,examen,fr,examen,transparent
es,examinar,fr,examiner,transparent
es,excedente,fr,excédent,altered
es,excelencia,fr,excellence,transparent
es,excelente,fr,excellent,transparent
es,excepcional,fr,exceptionnel,altered
es,excepcionalmente,fr,exceptionnellement,transparent
es,excepción,fr,exception,transparent
es,excepto,fr,excepté,altered
es,excesivamente,fr,excessivement,transparent
es,excesivo,fr,excessif,transparent
es,exceso,fr,excès,transparent
es,excitación,fr,excitation,transparent
es,excitante,fr,excitant,transparent
es,excitar,fr,excité,transparent
es,excluir,fr,exclu,transparent
es,exclusiva,fr,exclusive,transparent
es,exclusivamente,fr,exclusivement,transparent
es,exclusividad,fr,exclusivité,transparent
es,exclusivo,fr,exclusif,transparent
es,exclusión,fr,exclusion,altered
es,excluyente,fr,excluant,transparent
es,excursión,fr,excursion,transparent
es,excusa,fr,excuse,transparent
es,excusar,fr,excuser,altered
es,excéntrico,fr,excentrique,transparent
es,exhaustivo,fr,exhaustif,transparent
es,exigencia,fr,exigence,altered
es,exigente,fr,exigeant,altered
es,exigir,fr,exiger,transparent
es,exiliado,fr,exilé,altered
es,exilio,fr,exil,altered
es,existencia,fr,existence,transparent
es,existente,fr,existant,transparent
es,existir,fr,exister,transparent
es,exoneración,fr,exonération,transparent
es,expansión,fr,expansion,transparent
es,expatriado,fr,expatrié,transparent
es,expedición,fr,expédition,altered
es,expedir,fr,expédier,altered
es,experiencia,fr,expérience,transparent
es,experimentación,fr,expérimentation,transparent
es,experimental,fr,expérimental,transparent
es,experimentar,fr,expérimenté,transparent
es,experto,fr,expert,altered
es,expiración,fr,expiration,transparent
es,explanada,fr,esplanade,transparent
es,explicación,fr,explication,transparent
es,explicar,fr,expliquer,transparent
es,exploración,fr,exploration,altered
es,explorador,fr,explorateur,altered
es,explorar,fr,explorer,transparent
es,explosivo,fr,explosif,altered
es,explosión,fr,explosion,transparent
es,explotación,fr,exploitation,transparent
es,explotar,fr,exploité,transparent
es,explícitamente,fr,explicitement,transparent
es,explícito,fr,explicite,transparent
es,expo,fr,expo,transparent
es,exponente,fr,exposant,altered
es,exponer,fr,exposé,transparent
es,exportación,fr,exportation,transparent
es,exportar,fr,exporter,transparent
es,exposición,fr,exposition,transparent
es,expositor,fr,exposant,altered
es,expresamente,fr,expressément,transparent
es,expresar,fr,exprimer,altered
es,expresion,fr,expression,transparent
es,expresión,fr,expression,transparent
es,expreso,fr,express,transparent
es,exprimir,fr,exprimer,transparent
es,expulsar,fr,expulsé,transparent
es,expulsión,fr,expulsion,transparent
es,extender,fr,étendre,altered
es,extensión,fr,extension,transparent
es,extenso,fr,étendu,altered
es,exterior,fr,extérieur,transparent
es,exterminación,fr,extermination,transparent
es,exterminar,fr,exterminer,transparent
es,exterminio,fr,extermination,altered
es,externo,fr,externe,altered
es,extinción,fr,extinction,altered
es,extinguir,fr,éteint,altered
es,extinto,fr,éteint,altered
es,extra,fr,extra,transparent
es,extracción,fr,extraction,transparent
es,extracto,fr,extrait,altered
es,extradición,fr,extradition,transparent
es,extraer,fr,extraire,altered
es,extranjero,fr,étranger,altered
es,extraordinario,fr,extraordinaire,transparent
es,extraterrestre,fr,extraterrestre,transparent
es,extrañamente,fr,étrangement,altered
es,extraño,fr,étrange,altered
es,extremadamente,fr,extrêmement,altered
es,extremidad,fr,extrémité,transparent
es,extremista,fr,extrémiste,altered
es,extremo,fr,extrême,altered
es,exótico,fr,exotique,transparent
es,eólico,fr,éolienne,altered
es,fabricación,fr,fabrication,transparent
es,fabricante,fr,fabricant,transparent
es,fabricar,fr,fabriquer,altered
es,fabuloso,fr,fabuleux,altered
es,faceta,fr,facette,altered
es,fachada,fr,façade,transparent
es,facial,fr,facial,transparent
es,facil,fr,facile,transparent
es,facilidad,fr,facilité,transparent
es,facilitar,fr,faciliter,transparent
es,facilmente,fr,facilement,transparent
es,factible,fr,faisable,altered
es,facto,fr,facto,transparent
es,factor,fr,facteur,altered
es,facultad,fr,faculté,transparent
es,falla,fr,faille,transparent
es,fallar,fr,faillir,altered
es,falsamente,fr,faussement,altered
es,falsear,fr,fausser,altered
es,falso,fr,faux,altered
es,falta,fr,faute,altered
es,familia,fr,famille,transparent
es,familiar,fr,familiale,transparent
es,famoso,fr,fameux,transparent
es,fan,fr,fan,transparent
es,fanfarria,fr,fanfare,transparent
es,fantasma,fr,fantôme,altered
es,fantasía,fr,fantaisie,altered
es,fantástico,fr,fantastique,transparent
es,fanático,fr,fanatique,transparent
es,faraón,fr,pharaon,altered
es,fardo,fr,fardeau,altered
es,farmacia,fr,pharmacie,altered
es,farmacéutico,fr,pharmaceutique,altered
es,faro,fr,phare,altered
es,farsa,fr,farce,altered
es,fascinación,fr,fascination,transparent
es,fascinante,fr,fascinant,transparent
es,fascinar,fr,fasciner,transparent
es,fascismo,fr,fascisme,transparent
es,fascista,fr,fasciste,altered
es,fase,fr,phase,transparent
es,fatal,fr,fatal,transparent
es,fatalidad,fr,fatalité,transparent
es,fatiga,fr,fatigue,transparent
es,fatigar,fr,fatigué,altered
es,fauna,fr,faune,altered
es,fauvismo,fr,fauve,altered
es,favor,fr,faveur,transparent
es,favorable,fr,favorable,transparent
es,favorablemente,fr,favorablement,transparent
es,favorecer,fr,favoriser,altered
es,favorito,fr,favori,altered
es,fax,fr,fax,transparent
es,faz,fr,face,transparent
es,febrero,fr,février,altered
es,fecundidad,fr,fécondité,transparent
es,federación,fr,fédération,transparent
es,federal,fr,fédéral,transparent
es,feeling,fr,feeling,transparent
es,felación,fr,fellation,transparent
es,felicidad,fr,félicité,altered
es,felicitación,fr,félicitation,transparent
es,felicitar,fr,féliciter,altered
es,femenino,fr,féminin,altered
es,feminismo,fr,féminisme,transparent
es,feminista,fr,féministe,altered
es,fenómeno,fr,phénomène,altered
es,fermentación,fr,fermentation,altered
es,fermento,fr,ferment,transparent
es,feroz,fr,féroce,altered
es,ferroviario,fr,ferroviaire,transparent
es,ferry,fr,ferry,transparent
es,fertilidad,fr,fertilité,transparent
es,ferviente,fr,fervent,altered
es,fervor,fr,ferveur,altered
es,festejar,fr,fêter,altered
es,festival,fr,festival,transparent
es,festividad,fr,festivité,transparent
es,festín,fr,festin,transparent
es,feto,fr,fœtus,altered
es,fiabilidad,fr,fiabilité,transparent
es,fiable,fr,fiable,transparent
es,fiasco,fr,fiasco,transparent
es,fibra,fr,fibre,transparent
es,ficción,fr,fiction,altered
es,ficha,fr,fiche,transparent
es,fichero,fr,fichier,altered
es,ficticio,fr,fictif,altered
es,fidelidad,fr,fidélité,transparent
es,fiebre,fr,fièvre,transparent
es,fiel,fr,fidèle,altered
es,fieramente,fr,fièrement,transparent
es,fiesta,fr,fête,altered
es,figura,fr,figure,transparent
es,figurante,fr,figurant,transparent
es,figurar,fr,figurer,transparent
es,fijación,fr,fixation,transparent
es,fijar,fr,fixer,altered
es,fila,fr,file,altered
es,filete,fr,filet,altered
es,filiación,fr,filiation,altered
es,filial,fr,filiale,altered
es,filipino,fr,philippin,altered
es,film,fr,film,transparent
es,filmar,fr,filmer,transparent
es,filme,fr,film,transparent
es,filo,fr,fil,altered
es,filosofia,fr,philosophie,altered
es,filosofía,fr,philosophie,altered
es,filosófico,fr,philosophique,transparent
es,filtrado,fr,filtrer,transparent
es,filtrar,fr,filtrer,altered
es,filtro,fr,filtre,transparent
es,filósofo,fr,philosophe,altered
es,fin,fr,fin,transparent
es,final,fr,finale,transparent
es,finalidad,fr,finalité,transparent
es,finalista,fr,finaliste,transparent
es,finalmente,fr,finalement,transparent
es,finamente,fr,finement,transparent
es,financiación,fr,financement,altered
es,financiamiento,fr,financement,altered
es,financiar,fr,financer,transparent
es,financiera,fr,financière,altered
es,financieramente,fr,financièrement,transparent
es,financiero,fr,financier,transparent
es,finanza,fr,finance,transparent
es,finanzas,fr,finance,transparent
es,finito,fr,fini,altered
es,finlandia,fr,finlande,altered
es,finlandés,fr,finlandais,altered
es,fino,fr,fin,altered
es,finura,fr,finesse,altered
es,firme,fr,ferme,transparent
es,firmemente,fr,fermement,altered
es,firmeza,fr,fermeté,altered
es,fiscal,fr,fiscal,transparent
es,fiscalidad,fr,fiscalité,transparent
es,fisico,fr,physique,altered
es,fisiología,fr,physiologie,altered
es,fisura,fr,fissure,altered
es,fitness,fr,fitness,transparent
es,flagelo,fr,fléau,altered
es,flagrante,fr,flagrant,transparent
es,flama,fr,flambeau,altered
es,flamenco,fr,flamand,altered
es,flanco,fr,flanc,altered
es,flaqueza,fr,faiblesse,altered
es,flash,fr,flash,transparent
es,flauta,fr,flûte,altered
es,flecha,fr,flèche,transparent
es,flete,fr,fret,altered
es,flexibilidad,fr,flexibilité,altered
es,flexible,fr,flexible,transparent
es,flor,fr,fleur,altered
es,flora,fr,flore,altered
es,floración,fr,floraison,transparent
es,florencia,fr,florence,altered
es,flota,fr,flotte,altered
es,flotante,fr,flottant,altered
es,fluctuación,fr,fluctuation,altered
es,fluidez,fr,fluidité,altered
es,fluido,fr,fluide,transparent
es,flujo,fr,flux,transparent
es,fobia,fr,phobie,altered
es,focalizar,fr,focaliser,transparent
es,foco,fr,focus,transparent
es,folclore,fr,folklore,transparent
es,folio,fr,folio,transparent
es,folk,fr,folk,transparent
es,folklore,fr,folklore,transparent
es,follaje,fr,feuillage,altered
es,folletín,fr,feuilleton,altered
es,fondant,fr,fondant,transparent
es,fondo,fr,fond,altered
es,fondue,fr,fondue,transparent
es,fontana,fr,fontaine,altered
es,forestal,fr,forestier,altered
es,forja,fr,forge,altered
es,forjado,fr,forgé,altered
es,forjar,fr,forger,transparent
es,forma,fr,forme,transparent
es,formacion,fr,formation,altered
es,formación,fr,formation,transparent
es,formador,fr,formateur,altered
es,formal,fr,formel,transparent
es,formalidad,fr,formalité,altered
es,formalmente,fr,formellement,transparent
es,formante,fr,formant,transparent
es,formar,fr,former,transparent
es,formato,fr,format,transparent
es,formidable,fr,formidable,transparent
es,formulación,fr,formulation,transparent
es,formular,fr,formulé,transparent
es,formulario,fr,formulaire,transparent
es,foro,fr,forum,transparent
es,fortaleza,fr,forteresse,altered
es,fortificación,fr,fortification,transparent
es,fortuna,fr,fortune,transparent
es,forum,fr,forum,transparent
es,forzar,fr,forcé,altered
es,forzosamente,fr,forcément,altered
es,fosa,fr,fosse,altered
es,foso,fr,fossé,transparent
es,foto,fr,photo,transparent
es,fotografiar,fr,photographier,altered
es,fotografía,fr,photographie,altered
es,fotográfico,fr,photographique,altered
es,fotógrafo,fr,photographe,altered
es,fracción,fr,fraction,transparent
es,fractura,fr,fracture,transparent
es,fragilidad,fr,fragilité,altered
es,fragmento,fr,fragment,altered
es,fraile,fr,frère,altered
es,francamente,fr,franchement,altered
es,frances,fr,français,transparent
es,francia,fr,france,transparent
es,francisco,fr,françois,altered
es,franco,fr,franco,transparent
es,francofonía,fr,francophonie,transparent
es,francés,fr,français,altered
es,francófono,fr,francophone,transparent
es,franja,fr,frange,altered
es,franquear,fr,franchir,altered
es,frasco,fr,flacon,altered
es,frase,fr,phrase,altered
es,fraternidad,fr,fraternité,altered
es,fraude,fr,fraude,transparent
es,frecuencia,fr,fréquence,transparent
es,frecuentación,fr,fréquentation,transparent
es,frecuentar,fr,fréquenter,altered
es,frecuente,fr,fréquent,transparent
es,frecuentemente,fr,fréquemment,transparent
es,frenar,fr,freiner,transparent
es,freno,fr,frein,transparent
es,frente,fr,front,altered
es,fresco,fr,frais,altered
es,frescura,fr,fraîcheur,altered
es,frigorífico,fr,frigo,altered
es,friso,fr,frise,altered
es,fritar,fr,frit,transparent
es,frontal,fr,frontal,transparent
es,frontera,fr,frontière,altered
es,frotar,fr,frotter,altered
es,frustración,fr,frustration,transparent
es,frustrante,fr,frustrant,transparent
es,frustrar,fr,frustré,transparent
es,fruto,fr,fruit,altered
es,frágil,fr,fragile,altered
es,frío,fr,froid,altered
es,fuego,fr,feu,altered
es,fuente,fr,fonte,altered
es,fuerte,fr,fort,altered
es,fuertemente,fr,fortement,altered
es,fugitivo,fr,fuyant,altered
es,fumador,fr,fumeur,altered
es,fumar,fr,fumer,transparent
es,funcion,fr,fonction,altered
es,funcional,fr,fonctionnel,transparent
es,funcionalidad,fr,fonctionnalité,altered
es,funcionamiento,fr,fonctionnement,altered
es,funcionar,fr,fonctionner,transparent
es,funcionario,fr,fonctionnaire,transparent
es,función,fr,fonction,altered
es,fundación,fr,fondation,transparent
es,fundador,fr,fondateur,altered
es,fundamental,fr,fondamental,transparent
es,fundamentalmente,fr,fondamentalement,altered
es,fundamento,fr,fondement,altered
es,fundar,fr,fondé,transparent
es,fundido,fr,fondu,altered
es,funeral,fr,funérailles,transparent
es,funeraria,fr,funéraire,altered
es,funerario,fr,funéraire,transparent
es,funk,fr,funk,transparent
es,furioso,fr,furieux,altered
es,furor,fr,fureur,altered
es,fusil,fr,fusil,transparent
es,fusionar,fr,fusionner,altered
es,fusión,fr,fusion,altered
es,futbol,fr,football,transparent
es,futuro,fr,futur,transparent
es,fábrica,fr,fabrique,altered
es,fábula,fr,fable,transparent
es,fácil,fr,facile,transparent
es,fácilmente,fr,facilement,altered
es,fármaco,fr,pharmacie,altered
es,fénix,fr,phoenix,altered
es,férreo,fr,ferré,transparent
es,fértil,fr,fertile,transparent
es,física,fr,physique,altered
es,físicamente,fr,physiquement,altered
es,físico,fr,physique,transparent
es,fórmula,fr,formule,transparent
es,fósil,fr,fossile,transparent
es,fúnebre,fr,funèbre,transparent
es,fútbol,fr,football,altered
es,gabinete,fr,cabinet,altered
es,gaceta,fr,gazette,altered
es,gadget,fr,gadget,transparent
es,gafe,fr,gaffe,transparent
es,gag,fr,gag,transparent
es,gaga,fr,gaga,transparent
es,gaje,fr,gage,transparent
es,gala,fr,gala,transparent
es,galaxia,fr,galaxie,transparent
es,galera,fr,galère,transparent
es,galería,fr,galerie,altered
es,gales,fr,gallois,altered
es,galleta,fr,galette,altered
es,gallo,fr,gallo,transparent
es,galo,fr,gaulois,altered
es,galope,fr,galop,transparent
es,galés,fr,gallois,altered
es,gama,fr,gamme,altered
es,gameplay,fr,gameplay,transparent
es,gaming,fr,gaming,transparent
es,ganado,fr,gagné,transparent
es,ganador,fr,gagnant,altered
es,ganancia,fr,gain,altered
es,ganar,fr,gagner,transparent
es,garage,fr,garage,transparent
es,garaje,fr,garage,transparent
es,garante,fr,garant,altered
es,garantizar,fr,garantir,transparent
es,garantía,fr,garantie,altered
es,gas,fr,gaz,transparent
es,gaseosa,fr,gazeux,altered
es,gaseoso,fr,gazeux,transparent
es,gastar,fr,gaspiller,altered
es,gastro,fr,gastro,transparent
es,gastronomía,fr,gastronomie,altered
es,gastronómico,fr,gastronomique,altered
es,gato,fr,chat,altered
es,gay,fr,gay,transparent
es,gañán,fr,gaillard,altered
es,gel,fr,gel,transparent
es,gelatina,fr,gelée,altered
es,gemelo,fr,jumelle,altered
es,gen,fr,gène,transparent
es,gendarme,fr,gendarme,transparent
es,gendarmería,fr,gendarmerie,transparent
es,gene,fr,gène,transparent
es,genealogía,fr,généalogie,transparent
es,generación,fr,génération,transparent
es,generador,fr,générateur,altered
es,general,fr,général,transparent
es,generalidad,fr,généralité,altered
es,generalista,fr,généraliste,transparent
es,generalización,fr,généralisation,transparent
es,generalizar,fr,généralisé,transparent
es,generalmente,fr,généralement,altered
es,generar,fr,générer,transparent
es,generosidad,fr,générosité,transparent
es,generoso,fr,généreux,transparent
es,genial,fr,génial,transparent
es,genio,fr,génie,altered
es,genocidio,fr,génocide,altered
es,genoma,fr,génome,altered
es,gente,fr,gens,transparent
es,gentil,fr,gentil,transparent
es,gentileza,fr,gentillesse,altered
es,gentilhombre,fr,gentilhomme,transparent
es,gentilmente,fr,gentiment,altered
es,genérico,fr,générique,altered
es,genética,fr,génétique,altered
es,genéticamente,fr,génétiquement,altered
es,genético,fr,génétique,transparent
es,geografía,fr,géographie,transparent
es,geográfico,fr,géographique,transparent
es,geología,fr,géologie,transparent
es,geológico,fr,géologique,transparent
es,geometría,fr,géométrie,transparent
es,geométrico,fr,géométrique,altered
es,geopolítica,fr,géopolitique,transparent
es,geopolítico,fr,géopolitique,altered
es,gerente,fr,gérant,altered
es,germano,fr,germain,altered
es,germán,fr,germain,altered
es,germánico,fr,germanique,altered
es,gesta,fr,geste,altered
es,gestación,fr,gestation,transparent
es,gestión,fr,gestion,transparent
es,gesto,fr,geste,transparent
es,gestor,fr,gestionnaire,altered
es,gigante,fr,géant,altered
es,gigantesco,fr,gigantesque,altered
es,gilda,fr,guilde,transparent
es,gimnasia,fr,gymnastique,altered
es,gimnasio,fr,gymnase,altered
es,glacial,fr,glacial,transparent
es,glaciar,fr,glacier,transparent
es,glamur,fr,glamour,transparent
es,glande,fr,gland,transparent
es,glasear,fr,glacé,altered
es,global,fr,global,transparent
es,globalmente,fr,globalement,transparent
es,globo,fr,globe,transparent
es,gloria,fr,gloire,altered
es,glorioso,fr,glorieux,altered
es,glucosa,fr,glucose,transparent
es,gluten,fr,gluten,transparent
es,glándula,fr,glande,altered
es,gobernador,fr,gouverneur,altered
es,gobernante,fr,gouvernant,altered
es,gobernanza,fr,gouvernance,transparent
es,gobernar,fr,gouverner,altered
es,gobierna,fr,gouverne,altered
es,gobierno,fr,gouvernement,altered
es,golf,fr,golf,transparent
es,golfo,fr,golfe,altered
es,goma,fr,gomme,altered
es,gota,fr,goutte,altered
es,grabado,fr,gravé,altered
es,gracia,fr,grâce,transparent
es,graderío,fr,gradin,altered
es,grado,fr,grade,transparent
es,gradualmente,fr,graduellement,transparent
es,grafismo,fr,graphisme,transparent
es,gramo,fr,gramme,transparent
es,gramática,fr,grammaire,altered
es,gran,fr,grand,transparent
es,granada,fr,grenade,altered
es,grande,fr,grand,transparent
es,grandemente,fr,grandement,transparent
es,grandeza,fr,grandeur,altered
es,grandioso,fr,grandiose,altered
es,granero,fr,grenier,altered
es,granito,fr,granit,altered
es,granja,fr,grange,altered
es,grano,fr,grain,altered
es,grasa,fr,graisse,altered
es,graso,fr,gras,altered
es,gratitud,fr,gratitude,transparent
es,gratuidad,fr,gratuité,transparent
es,gratuitamente,fr,gratuitement,altered
es,gratuito,fr,gratuit,transparent
es,grava,fr,gravier,altered
es,grave,fr,grave,transparent
es,gravedad,fr,gravité,altered
es,gravemente,fr,gravement,transparent
es,grecia,fr,grèce,altered
es,green,fr,green,transparent
es,gres,fr,grès,transparent
es,grial,fr,graal,altered
es,griego,fr,grec,altered
es,grillar,fr,grille,transparent
es,gripe,fr,grippe,transparent
es,gris,fr,gris,transparent
es,gritar,fr,crier,altered
es,grito,fr,cri,altered
es,groseramente,fr,grossièrement,transparent
es,grosero,fr,grossier,transparent
es,grotesco,fr,grotesque,altered
es,grueso,fr,gros,altered
es,grupo,fr,groupe,transparent
es,gruta,fr,grotte,altered
es,gráfica,fr,graphique,altered
es,gráfico,fr,graphique,transparent
es,grúa,fr,grue,transparent
es,guante,fr,gant,altered
es,guarda,fr,garde,altered
es,guardar,fr,garder,altered
es,guardia,fr,garde,altered
es,guardián,fr,gardien,altered
es,guarnición,fr,garnison,transparent
es,guatemala,fr,guatemala,transparent
es,gubernamental,fr,gouvernemental,altered
es,guerra,fr,guerre,transparent
es,guerrera,fr,guerrier,altered
es,guerrero,fr,guerrier,altered
es,guerrilla,fr,guérilla,transparent
es,gueto,fr,ghetto,altered
es,guiado,fr,guider,transparent
es,guiar,fr,guider,altered
es,guillermo,fr,guillaume,altered
es,guitarra,fr,guitare,altered
es,guitarrista,fr,guitariste,altered
es,gurú,fr,gourou,altered
es,gustar,fr,goûter,altered
es,gustavo,fr,gustave,altered
es,gusto,fr,goût,altered
es,guyana,fr,guyane,transparent
es,guía,fr,guide,transparent
es,género,fr,genre,transparent
es,génesis,fr,genèse,altered
es,gótico,fr,gothique,altered
es,habano,fr,havane,altered
es,habilidad,fr,habileté,transparent
es,habitacion,fr,habitation,transparent
es,habitación,fr,habitation,transparent
es,habitante,fr,habitant,altered
es,habitar,fr,habiter,transparent
es,habitual,fr,habituel,transparent
es,habitualmente,fr,habituellement,transparent
es,habituar,fr,habitué,transparent
es,hacha,fr,hache,altered
es,hacker,fr,hacker,transparent
es,haitiano,fr,haïtien,altered
es,halal,fr,halal,transparent
es,halar,fr,héler,altered
es,halcón,fr,faucon,altered
es,hall,fr,hall,transparent
es,halloween,fr,halloween,transparent
es,halo,fr,halo,transparent
es,hamburgo,fr,hambourg,altered
es,handicap,fr,handicap,transparent
es,hangar,fr,hangar,transparent
es,harina,fr,farine,altered
es,hashtag,fr,hashtag,transparent
es,hawaii,fr,hawaï,transparent
es,hawái,fr,hawaï,transparent
es,hebreo,fr,hébreu,altered
es,hectárea,fr,hectare,altered
es,hegemonía,fr,hégémonie,transparent
es,helicóptero,fr,hélicoptère,transparent
es,hemisferio,fr,hémisphère,altered
es,hemorragia,fr,hémorragie,transparent
es,henry,fr,henri,altered
es,hepatitis,fr,hépatite,altered
es,heredar,fr,hériter,altered
es,heredero,fr,héritier,altered
es,hereditario,fr,héréditaire,altered
es,herejía,fr,hérésie,altered
es,heroico,fr,héroïque,transparent
es,heroína,fr,héroïne,altered
es,herrar,fr,ferré,altered
es,hetero,fr,hétéro,transparent
es,hexágono,fr,hexagone,transparent
es,hidalgo,fr,hidalgo,transparent
es,hidrocarburo,fr,hydrocarbure,transparent
es,hidráulica,fr,hydraulique,altered
es,hidráulico,fr,hydraulique,transparent
es,hidrógeno,fr,hydrogène,altered
es,hierba,fr,herbe,altered
es,hierro,fr,fer,altered
es,higiene,fr,hygiène,altered
es,hilarante,fr,hilarant,transparent
es,hilo,fr,fil,altered
es,himno,fr,hymne,altered
es,hipnosis,fr,hypnose,altered
es,hipocresía,fr,hypocrisie,transparent
es,hipoteca,fr,hypothèque,altered
es,hipotético,fr,hypothétique,altered
es,hipócrita,fr,hypocrite,altered
es,hipótesis,fr,hypothèse,transparent
es,histeria,fr,hystérie,altered
es,historia,fr,histoire,transparent
es,historiador,fr,historien,altered
es,histérico,fr,hystérique,altered
es,históricamente,fr,historiquement,altered
es,histórico,fr,historique,transparent
es,históricos,fr,historique,transparent
es,hit,fr,hit,transparent
es,hockey,fr,hockey,transparent
es,holandés,fr,hollandais,altered
es,hollywood,fr,hollywood,transparent
es,holocausto,fr,holocauste,transparent
es,hombre,fr,homme,altered
es,home,fr,home,transparent
es,homenaje,fr,hommage,altered
es,homicida,fr,homicide,altered
es,homicidio,fr,homicide,transparent
es,homo,fr,homo,transparent
es,homofobia,fr,homophobie,transparent
es,homogéneo,fr,homogène,altered
es,homosexual,fr,homosexuel,transparent
es,homosexualidad,fr,homosexualité,transparent
es,homófobo,fr,homophobe,transparent
es,homólogo,fr,homologue,transparent
es,hondo,fr,fond,altered
es,honestamente,fr,honnêtement,transparent
es,honestidad,fr,honnêteté,altered
es,honesto,fr,honnête,altered
es,honor,fr,honneur,altered
es,honorable,fr,honorable,transparent
es,honorar,fr,honoré,altered
es,honorario,fr,honoraire,transparent
es,honra,fr,honneur,altered
es,honrar,fr,honorer,altered
es,horario,fr,horaire,transparent
es,horda,fr,horde,transparent
es,horizontal,fr,horizontale,transparent
es,horizonte,fr,horizon,altered
es,hormiga,fr,fourmi,altered
es,hormona,fr,hormone,altered
es,horno,fr,four,altered
es,horqueta,fr,fourchette,altered
es,horrendo,fr,horrible,altered
es,horrible,fr,horrible,transparent
es,horror,fr,horreur,altered
es,hospicio,fr,hospice,transparent
es,hospital,fr,hôpital,transparent
es,hospitalario,fr,hospitalier,transparent
es,hospitalidad,fr,hospitalité,altered
es,hospitalización,fr,hospitalisation,transparent
es,hospitalizar,fr,hospitaliser,altered
es,hostelería,fr,hôtellerie,transparent
es,hostil,fr,hostile,transparent
es,hostilidad,fr,hostilité,altered
es,hot,fr,hot,transparent
es,hotel,fr,hôtel,transparent
es,hub,fr,hub,transparent
es,hugo,fr,hugues,altered
es,huir,fr,fuir,altered
es,humanidad,fr,humanité,altered
es,humanismo,fr,humanisme,transparent
es,humanista,fr,humaniste,transparent
es,humanitario,fr,humanitaire,altered
es,humano,fr,humain,altered
es,humar,fr,fumé,altered
es,humildad,fr,humilité,altered
es,humilde,fr,humble,transparent
es,humillación,fr,humiliation,transparent
es,humillar,fr,humilier,transparent
es,humo,fr,fumer,altered
es,humor,fr,humour,transparent
es,humorista,fr,humoriste,transparent
es,humorístico,fr,humoristique,transparent
es,hundimiento,fr,effondrement,transparent
es,hungría,fr,hongrie,altered
es,huracán,fr,ouragan,altered
es,hábil,fr,habile,transparent
es,hábitat,fr,habitat,altered
es,hércules,fr,hercule,altered
es,héroe,fr,héros,altered
es,híbrido,fr,hybride,transparent
es,híper,fr,hyper,transparent
es,húmedo,fr,humide,altered
es,húngaro,fr,hongrois,altered
es,icono,fr,icône,altered
es,idea,fr,idée,transparent
es,ideal,fr,idéal,transparent
es,idealmente,fr,idéalement,altered
es,identidad,fr,identité,transparent
es,identificación,fr,identification,transparent
es,identificador,fr,identifiant,altered
es,identificar,fr,identifier,transparent
es,identitario,fr,identitaire,transparent
es,ideología,fr,idéologie,altered
es,ideológico,fr,idéologique,transparent
es,idiota,fr,idiot,altered
es,idéntico,fr,identique,transparent
es,ignorancia,fr,ignorance,altered
es,ignorante,fr,ignorant,transparent
es,ignorar,fr,ignorer,transparent
es,igual,fr,égal,transparent
es,igualar,fr,égaler,altered
es,igualmente,fr,également,transparent
es,ilegal,fr,illégal,transparent
es,ilegalmente,fr,illégalement,transparent
es,ilegítimo,fr,illégitime,altered
es,ilimitado,fr,illimité,transparent
es,ilusion,fr,illusion,transparent
es,ilusión,fr,illusion,transparent
es,ilustración,fr,illustration,transparent
es,ilustrar,fr,illustré,altered
es,ilustre,fr,illustre,altered
es,ilícito,fr,illicite,transparent
es,imagen,fr,image,transparent
es,imagenes,fr,image,altered
es,imaginación,fr,imagination,transparent
es,imaginar,fr,imaginer,transparent
es,imaginaria,fr,imaginaire,transparent
es,imaginario,fr,imaginaire,transparent
es,imaginería,fr,imagerie,transparent
es,imbecil,fr,imbécile,transparent
es,imbécil,fr,imbécile,transparent
es,imitación,fr,imitation,transparent
es,imitar,fr,imiter,transparent
es,impaciencia,fr,impatience,altered
es,impaciente,fr,impatient,transparent
es,impacto,fr,impact,transparent
es,impecable,fr,impeccable,transparent
es,impedir,fr,empêcher,altered
es,impensable,fr,impensable,transparent
es,imperativamente,fr,impérativement,transparent
es,imperativo,fr,impératif,altered
es,imperfecto,fr,imparfait,altered
es,imperial,fr,impériale,transparent
es,imperialismo,fr,impérialisme,transparent
es,implantación,fr,implantation,transparent
es,implantar,fr,implanté,transparent
es,implicación,fr,implication,transparent
es,implicado,fr,impliquer,altered
es,implicar,fr,impliquer,transparent
es,implícitamente,fr,implicitement,transparent
es,implícito,fr,implicite,transparent
es,imponente,fr,imposant,altered
es,imponer,fr,imposer,transparent
es,imponible,fr,imposable,altered
es,importación,fr,importation,transparent
es,importancia,fr,importance,transparent
es,importante,fr,important,transparent
es,importar,fr,importer,transparent
es,imposibilidad,fr,impossibilité,transparent
es,imposible,fr,impossible,transparent
es,imposición,fr,imposition,transparent
es,impotencia,fr,impuissance,altered
es,impotente,fr,impuissant,altered
es,imprenta,fr,imprimerie,altered
es,impresion,fr,impression,transparent
es,impresionante,fr,impressionnant,altered
es,impresionar,fr,impressionner,transparent
es,impresión,fr,impression,transparent
es,impreso,fr,imprimé,altered
es,impresor,fr,imprimeur,transparent
es,imprevisible,fr,imprévisible,transparent
es,imprevisto,fr,imprévu,altered
es,imprimir,fr,imprimer,transparent
es,improbable,fr,improbable,transparent
es,improvisación,fr,improvisation,transparent
es,impuesto,fr,impôt,altered
es,impulsión,fr,impulsion,transparent
es,impulso,fr,impulsion,transparent
es,impunidad,fr,impunité,altered
es,imágen,fr,image,altered
es,imán,fr,aimant,altered
es,inaccesible,fr,inaccessible,transparent
es,inacción,fr,inaction,transparent
es,inaceptable,fr,inacceptable,transparent
es,inadmisible,fr,inadmissible,transparent
es,inauguración,fr,inauguration,transparent
es,inaugurar,fr,inaugurer,transparent
es,incapacidad,fr,incapacité,transparent
es,incapacitado,fr,incapacité,altered
es,incapaz,fr,incapable,transparent
es,incendio,fr,incendie,transparent
es,incertidumbre,fr,incertitude,transparent
es,incidencia,fr,incidence,transparent
es,incidente,fr,incident,transparent
es,incierto,fr,incertain,transparent
es,incitación,fr,incitation,transparent
es,incitar,fr,inciter,transparent
es,inclinación,fr,inclinaison,transparent
es,inclinar,fr,incliner,transparent
es,incluir,fr,inclure,transparent
es,inclusión,fr,inclusion,transparent
es,incluso,fr,inclus,transparent
es,incomparable,fr,incomparable,transparent
es,incompatible,fr,incompatible,transparent
es,incompetencia,fr,incompétence,transparent
es,incompleto,fr,incomplet,transparent
es,incomprensible,fr,incompréhensible,transparent
es,incomprensión,fr,incompréhension,transparent
es,inconsciente,fr,inconscient,altered
es,inconscientemente,fr,inconsciemment,transparent
es,incontestable,fr,incontestable,transparent
es,inconveniente,fr,inconvénient,altered
es,increible,fr,incroyable,altered
es,increíble,fr,incroyable,altered
es,increíblemente,fr,incroyablement,altered
es,inculpado,fr,inculpé,transparent
es,incumbir,fr,incomber,transparent
es,incógnita,fr,inconnu,altered
es,indeciso,fr,indécis,altered
es,indefinidamente,fr,indéfiniment,transparent
es,indemnidad,fr,indemnité,altered
es,indemnización,fr,indemnisation,transparent
es,independencia,fr,indépendance,transparent
es,independentista,fr,indépendantiste,transparent
es,independiente,fr,indépendant,altered
es,independientemente,fr,indépendamment,altered
es,indeseable,fr,indésirable,altered
es,indeterminado,fr,indéterminé,transparent
es,indiano,fr,indien,altered
es,indicación,fr,indication,transparent
es,indicador,fr,indicateur,altered
es,indicar,fr,indique,transparent
es,indicativo,fr,indicatif,transparent
es,indicio,fr,indice,altered
es,indiferencia,fr,indifférence,transparent
es,indiferente,fr,indifférent,transparent
es,indignación,fr,indignation,transparent
es,indigno,fr,indigne,transparent
es,indio,fr,indien,transparent
es,indirecta,fr,indirect,transparent
es,indirectamente,fr,indirectement,altered
es,indirecto,fr,indirect,transparent
es,indiscutible,fr,indiscutable,transparent
es,indispensable,fr,indispensable,transparent
es,individual,fr,individuel,transparent
es,individualismo,fr,individualisme,transparent
es,individualmente,fr,individuellement,transparent
es,individuo,fr,individu,altered
es,inducción,fr,induction,transparent
es,inducido,fr,induit,altered
es,industria,fr,industrie,transparent
es,industrial,fr,industriel,altered
es,industrialización,fr,industrialisation,transparent
es,indígena,fr,indigène,altered
es,ineficaz,fr,inefficace,altered
es,inercia,fr,inertie,altered
es,inestabilidad,fr,instabilité,altered
es,inestable,fr,instable,altered
es,inevitablemente,fr,inévitablement,transparent
es,inexistente,fr,inexistant,altered
es,infame,fr,infâme,transparent
es,infancia,fr,enfance,altered
es,infante,fr,enfant,altered
es,infantería,fr,infanterie,altered
es,infantil,fr,infantile,transparent
es,infarto,fr,infarctus,altered
es,infección,fr,infection,transparent
es,infectar,fr,infecté,transparent
es,inferior,fr,inférieur,altered
es,inferioridad,fr,infériorité,transparent
es,infernal,fr,infernal,transparent
es,infidelidad,fr,infidélité,transparent
es,infiel,fr,infidèle,altered
es,infierno,fr,enfer,altered
es,infiltración,fr,infiltration,transparent
es,infinitamente,fr,infiniment,altered
es,infinito,fr,infini,altered
es,inflación,fr,inflation,transparent
es,inflamación,fr,inflammation,transparent
es,infligir,fr,infliger,altered
es,influencer,fr,influencer,transparent
es,influencia,fr,influence,transparent
es,influenciar,fr,influencer,transparent
es,influyente,fr,influent,altered
es,info,fr,info,transparent
es,infografía,fr,infographie,altered
es,informacion,fr,information,transparent
es,información,fr,information,transparent
es,informar,fr,informé,transparent
es,informática,fr,informatique,transparent
es,informático,fr,informatique,altered
es,infracción,fr,infraction,transparent
es,infraestructura,fr,infrastructure,altered
es,infrarrojo,fr,infrarouge,altered
es,infringir,fr,enfreindre,altered
es,ingeniero,fr,ingénieur,altered
es,ingeniería,fr,ingénierie,altered
es,inglés,fr,anglais,altered
es,ingrediente,fr,ingrédient,altered
es,iniciación,fr,initiation,transparent
es,iniciado,fr,initié,altered
es,inicial,fr,initiale,transparent
es,inicialmente,fr,initialement,altered
es,iniciar,fr,initier,altered
es,iniciativa,fr,initiative,transparent
es,injerencia,fr,ingérence,transparent
es,injuria,fr,injure,transparent
es,injustamente,fr,injustement,altered
es,injusticia,fr,injustice,transparent
es,injusto,fr,injuste,altered
es,inmediatamente,fr,immédiatement,altered
es,inmediato,fr,immédiat,transparent
es,inmenso,fr,immense,transparent
es,inmersión,fr,immersion,transparent
es,inmigración,fr,immigration,transparent
es,inmigrante,fr,immigré,altered
es,inminente,fr,imminent,transparent
es,inmobiliaria,fr,immobilier,altered
es,inmobiliario,fr,immobilier,transparent
es,inmortal,fr,immortel,transparent
es,inmortalidad,fr,immortalité,altered
es,inmueble,fr,immeuble,transparent
es,inmundo,fr,immonde,altered
es,inmunidad,fr,immunité,transparent
es,inmunitario,fr,immunitaire,transparent
es,inmóvil,fr,immobile,transparent
es,innovación,fr,innovation,transparent
es,innovador,fr,innovant,altered
es,innovar,fr,innover,transparent
es,innumerable,fr,innombrable,altered
es,inocencia,fr,innocence,transparent
es,inocente,fr,innocent,transparent
es,inolvidable,fr,inoubliable,altered
es,inquietante,fr,inquiétant,transparent
es,inquietar,fr,inquiéter,transparent
es,inquieto,fr,inquiet,altered
es,inquietud,fr,inquiétude,altered
es,inquisición,fr,inquisition,transparent
es,inscribir,fr,inscrit,transparent
es,inscripción,fr,inscription,transparent
es,insecto,fr,insecte,altered
es,inseguridad,fr,insécurité,transparent
es,insensato,fr,insensé,altered
es,insensible,fr,insensible,transparent
es,inserción,fr,insertion,transparent
es,insertar,fr,insérer,transparent
es,insigne,fr,insigne,transparent
es,insignia,fr,insigne,altered
es,insistencia,fr,insistance,transparent
es,insistente,fr,insistant,altered
es,insistir,fr,insister,transparent
es,insoportable,fr,insupportable,altered
es,inspección,fr,inspection,altered
es,inspector,fr,inspecteur,altered
es,inspiración,fr,inspiration,transparent
es,inspirador,fr,inspirant,altered
es,inspirar,fr,inspiré,transparent
es,instalación,fr,installation,transparent
es,instalar,fr,installer,transparent
es,instancia,fr,instance,transparent
es,instante,fr,instant,transparent
es,instantánea,fr,instantané,transparent
es,instantáneamente,fr,instantanément,altered
es,instantáneo,fr,instantané,transparent
es,instauración,fr,instauration,transparent
es,instaurar,fr,instaurer,transparent
es,instinto,fr,instinct,transparent
es,institucional,fr,institutionnel,altered
es,institución,fr,institution,transparent
es,instituto,fr,institut,transparent
es,instrucción,fr,instruction,altered
es,instructor,fr,instructeur,altered
es,instruir,fr,instruire,transparent
es,instrumento,fr,instrument,transparent
es,insuficiencia,fr,insuffisance,transparent
es,insuficiente,fr,insuffisant,transparent
es,insulina,fr,insuline,transparent
es,insultante,fr,insultant,altered
es,insultar,fr,insulter,transparent
es,insulto,fr,insulte,altered
es,insurgente,fr,insurgé,altered
es,insurrección,fr,insurrection,transparent
es,insólito,fr,insolite,transparent
es,intacto,fr,intact,transparent
es,integración,fr,intégration,transparent
es,integral,fr,intégrale,transparent
es,integralidad,fr,intégralité,transparent
es,integrante,fr,intégrant,transparent
es,integrar,fr,intégré,transparent
es,integridad,fr,intégrité,transparent
es,intelectual,fr,intellectuel,transparent
es,inteligencia,fr,intelligence,transparent
es,inteligente,fr,intelligent,transparent
es,intemperie,fr,intempérie,transparent
es,intencion,fr,intention,transparent
es,intención,fr,intention,transparent
es,intendente,fr,intendant,altered
es,intensidad,fr,intensité,transparent
es,intensivo,fr,intensif,transparent
es,intenso,fr,intense,altered
es,intento,fr,intention,altered
es,interaccionar,fr,interagir,altered
es,interacción,fr,interaction,altered
es,interactivo,fr,interactif,transparent
es,interactuar,fr,interagir,altered
es,interdicción,fr,interdiction,transparent
es,interes,fr,intérêt,altered
es,interesado,fr,intéressé,transparent
es,interesante,fr,intéressant,transparent
es,interesar,fr,intéresser,transparent
es,interfaz,fr,interface,transparent
es,interino,fr,intérim,altered
es,interior,fr,intérieur,transparent
es,interiormente,fr,intérieurement,altered
es,interlocutor,fr,interlocuteur,transparent
es,intermediar,fr,intermédiaire,altered
es,intermediario,fr,intermédiaire,transparent
es,intermedio,fr,intermédiaire,altered
es,interminable,fr,interminable,transparent
es,internacional,fr,international,transparent
es,internado,fr,internat,altered
es,internamente,fr,intérieurement,altered
es,internauta,fr,internaute,transparent
es,internet,fr,internet,transparent
es,interno,fr,interne,transparent
es,interpelación,fr,interpellation,transparent
es,interpelar,fr,interpeller,transparent
es,interpretación,fr,interprétation,altered
es,interpretar,fr,interpréter,transparent
es,interrogación,fr,interrogation,transparent
es,interrogante,fr,interrogation,altered
es,interrogar,fr,interroger,transparent
es,interrogatorio,fr,interrogatoire,altered
es,interrumpir,fr,interrompre,altered
es,interrupción,fr,interruption,transparent
es,intersección,fr,intersection,transparent
es,intervalo,fr,intervalle,transparent
es,intervención,fr,intervention,transparent
es,intervenir,fr,intervenir,transparent
es,interventor,fr,intervenant,transparent
es,interviniente,fr,intervenant,transparent
es,interés,fr,intérêt,transparent
es,intestino,fr,intestin,transparent
es,intimidación,fr,intimidation,transparent
es,intimidad,fr,intimité,altered
es,intimidar,fr,intimider,transparent
es,intitular,fr,intitulé,transparent
es,intolerable,fr,intolérable,transparent
es,intolerancia,fr,intolérance,transparent
es,intoxicación,fr,intoxication,transparent
es,intra,fr,intra,transparent
es,intriga,fr,intrigue,transparent
es,intro,fr,intro,transparent
es,introducción,fr,introduction,transparent
es,introducir,fr,introduire,altered
es,intromisión,fr,intrusion,transparent
es,intrusión,fr,intrusion,transparent
es,intuición,fr,intuition,transparent
es,intérprete,fr,interprète,transparent
es,inundación,fr,inondation,transparent
es,invadir,fr,envahir,altered
es,invalidez,fr,invalidité,transparent
es,invasión,fr,invasion,transparent
es,invencible,fr,invincible,altered
es,invención,fr,invention,transparent
es,inventar,fr,inventer,transparent
es,inventario,fr,inventaire,transparent
es,invento,fr,invention,altered
es,inventor,fr,inventeur,altered
es,invernal,fr,hivernale,altered
es,inversa,fr,inverse,transparent
es,inversamente,fr,inversement,transparent
es,inversión,fr,inversion,transparent
es,inverso,fr,inverse,transparent
es,inversor,fr,investisseur,altered
es,investidura,fr,investiture,transparent
es,investigacion,fr,investigation,transparent
es,investigación,fr,investigation,transparent
es,investir,fr,investi,transparent
es,invierno,fr,hiver,altered
es,invisible,fr,invisible,transparent
es,invitación,fr,invitation,transparent
es,invitado,fr,invité,transparent
es,invitar,fr,inviter,transparent
es,invocar,fr,invoquer,transparent
es,involuntario,fr,involontaire,transparent
es,inválido,fr,invalide,transparent
es,inyección,fr,injection,altered
es,inyectar,fr,injecter,altered
es,inédito,fr,inédit,transparent
es,inútil,fr,inutile,transparent
es,inútilmente,fr,inutilement,transparent
es,ion,fr,ion,transparent
es,ipad,fr,ipad,transparent
es,ir,fr,ir,transparent
es,iraní,fr,iranien,altered
es,iraquí,fr,irakien,altered
es,iris,fr,iris,transparent
es,irlanda,fr,irlande,transparent
es,irlandés,fr,irlandais,altered
es,ironía,fr,ironie,transparent
es,irregular,fr,irrégulier,altered
es,irregularidad,fr,irrégularité,transparent
es,irreprochable,fr,irréprochable,transparent
es,irresistible,fr,irrésistible,transparent
es,irresponsable,fr,irresponsable,transparent
es,irreversible,fr,irréversible,transparent
es,irrigación,fr,irrigation,transparent
es,irrumpir,fr,irruption,altered
es,irrupción,fr,irruption,transparent
es,irónico,fr,ironique,transparent
es,isabel,fr,isabelle,altered
es,isla,fr,île,altered
es,islam,fr,islam,transparent
es,islamismo,fr,islamisme,transparent
es,islamista,fr,islamiste,transparent
es,islamofobia,fr,islamophobie,transparent
es,islote,fr,îlot,altered
es,islámico,fr,islamique,altered
es,israel,fr,israël,transparent
es,israelí,fr,israélien,altered
es,italia,fr,italie,altered
es,italiano,fr,italien,altered
es,item,fr,item,transparent
es,itinerario,fr,itinéraire,altered
es,jabón,fr,savon,altered
es,jade,fr,jade,transparent
es,jaguar,fr,jaguar,transparent
es,jamaica,fr,jamaïque,transparent
es,jamás,fr,jamais,transparent
es,jamón,fr,jambon,transparent
es,janeiro,fr,janvier,altered
es,japonés,fr,japonais,altered
es,jaque,fr,échec,altered
es,jardin,fr,jardin,transparent
es,jardinero,fr,jardinier,altered
es,jardinería,fr,jardinage,altered
es,jardín,fr,jardin,transparent
es,jazz,fr,jazz,transparent
es,jean,fr,jean,transparent
es,jefe,fr,chef,altered
es,jengibre,fr,gingembre,altered
es,jeque,fr,cheikh,altered
es,jerarquía,fr,hiérarchie,altered
es,jerga,fr,jargon,altered
es,jersey,fr,jersey,transparent
es,jerusalén,fr,jérusalem,altered
es,jerárquico,fr,hiérarchique,altered
es,jesuita,fr,jésuite,altered
es,jogging,fr,jogging,transparent
es,joker,fr,joker,transparent
es,jornada,fr,journée,transparent
es,joven,fr,jeune,altered
es,juan,fr,juan,transparent
es,judaísmo,fr,judaïsme,transparent
es,judicial,fr,judiciaire,transparent
es,judo,fr,judo,transparent
es,judío,fr,juif,altered
es,juego,fr,jeu,altered
es,juez,fr,juge,altered
es,jugable,fr,jouable,altered
es,jugar,fr,jouer,altered
es,jugo,fr,jus,altered
es,juguete,fr,jouet,altered
es,juicioso,fr,judicieux,transparent
es,juliano,fr,julien,altered
es,julio,fr,juillet,altered
es,jungla,fr,jungle,transparent
es,junio,fr,juin,altered
es,junior,fr,junior,transparent
es,junta,fr,joint,altered
es,junto,fr,joint,transparent
es,jura,fr,jurer,transparent
es,jurado,fr,jury,altered
es,jurar,fr,jurer,transparent
es,jurisdicción,fr,juridiction,transparent
es,jurisprudencia,fr,jurisprudence,altered
es,jurista,fr,juriste,transparent
es,jurídicamente,fr,juridiquement,transparent
es,jurídico,fr,juridique,transparent
es,justamente,fr,justement,transparent
es,justeza,fr,justesse,transparent
es,justicia,fr,justice,transparent
es,justificación,fr,justification,transparent
es,justificar,fr,justifier,transparent
es,justo,fr,juste,altered
es,juvenil,fr,juvénile,transparent
es,juzgado,fr,jugé,altered
es,juzgamiento,fr,jugement,altered
es,juzgar,fr,juger,altered
es,júnior,fr,junior,transparent
es,júpiter,fr,jupiter,transparent
es,karate,fr,karaté,transparent
es,karma,fr,karma,transparent
es,kayak,fr,kayak,transparent
es,kazajistán,fr,kazakhstan,altered
es,kebab,fr,kebab,transparent
es,ketchup,fr,ketchup,transparent
es,kilo,fr,kilo,transparent
es,kilómetro,fr,kilomètre,altered
es,kiosco,fr,kiosque,transparent
es,kit,fr,kit,transparent
es,kosovo,fr,kosovo,transparent
es,kremlin,fr,kremlin,transparent
es,kurdo,fr,kurde,altered
es,laberinto,fr,labyrinthe,altered
es,laboratorio,fr,laboratoire,altered
es,labrador,fr,labrador,transparent
es,lago,fr,lac,altered
es,laguna,fr,lacune,altered
es,laicidad,fr,laïcité,transparent
es,laico,fr,laïque,altered
es,lama,fr,lama,transparent
es,lambda,fr,lambda,transparent
es,lamentable,fr,lamentable,transparent
es,lamer,fr,lécher,altered
es,lana,fr,laine,transparent
es,lance,fr,lance,transparent
es,lanza,fr,lance,altered
es,lanzador,fr,lanceur,altered
es,lanzamiento,fr,lancement,altered
es,lanzar,fr,lancer,altered
es,lapso,fr,laps,transparent
es,lapsus,fr,laps,transparent
es,lardo,fr,lard,transparent
es,largamente,fr,largement,transparent
es,largar,fr,larguer,transparent
es,largura,fr,largeur,altered
es,larva,fr,larve,transparent
es,laser,fr,laser,transparent
es,lateral,fr,latéral,altered
es,latin,fr,latin,transparent
es,latino,fr,latin,altered
es,latitud,fr,latitude,altered
es,latín,fr,latin,transparent
es,laura,fr,laure,altered
es,laureado,fr,lauréat,transparent
es,laurel,fr,laurier,altered
es,lava,fr,lave,altered
es,lavado,fr,lavage,altered
es,lavar,fr,laver,transparent
es,leal,fr,loyal,altered
es,lección,fr,leçon,altered
es,lector,fr,lecteur,altered
es,lectura,fr,lecture,transparent
es,leer,fr,lire,altered
es,legado,fr,legs,altered
es,legal,fr,légal,transparent
es,legalidad,fr,légalité,transparent
es,legalización,fr,légalisation,altered
es,legalmente,fr,légalement,transparent
es,legendario,fr,légendaire,transparent
es,legible,fr,lisible,altered
es,legislación,fr,législation,transparent
es,legislador,fr,législateur,altered
es,legislativo,fr,législatif,transparent
es,legislatura,fr,législature,altered
es,legitimidad,fr,légitimité,altered
es,legión,fr,légion,altered
es,legumbre,fr,légume,altered
es,legítima,fr,légitime,altered
es,legítimamente,fr,légitimement,transparent
es,legítimo,fr,légitime,altered
es,lejía,fr,lessive,altered
es,lencería,fr,lingerie,altered
es,lengua,fr,langue,altered
es,lenguaje,fr,langage,altered
es,lentamente,fr,lentement,transparent
es,lentitud,fr,lenteur,altered
es,lento,fr,lent,transparent
es,leopardo,fr,léopard,altered
es,lesbiana,fr,lesbien,altered
es,lesbiano,fr,lesbien,transparent
es,lesión,fr,lésion,transparent
es,letra,fr,lettre,altered
es,levadura,fr,levure,altered
es,levantar,fr,lever,altered
es,levante,fr,levant,transparent
es,leve,fr,léger,altered
es,levemente,fr,légèrement,altered
es,ley,fr,loi,altered
es,leyenda,fr,légende,altered
es,león,fr,lion,altered
es,liar,fr,lier,altered
es,libanés,fr,libanais,transparent
es,liberación,fr,libération,transparent
es,liberado,fr,libéré,transparent
es,liberal,fr,libéral,transparent
es,liberalismo,fr,libéralisme,altered
es,liberalización,fr,libéralisation,transparent
es,liberar,fr,libérer,altered
es,libertad,fr,liberté,transparent
es,libertario,fr,libertaire,altered
es,librado,fr,libéré,altered
es,librar,fr,délivrer,altered
es,libre,fr,libre,transparent
es,libremente,fr,librement,transparent
es,librero,fr,libraire,altered
es,libreto,fr,livret,altered
es,libro,fr,livre,transparent
es,licencia,fr,licence,transparent
es,licenciado,fr,licencié,altered
es,licenciamiento,fr,licenciement,transparent
es,licenciatura,fr,licence,altered
es,liceo,fr,lycée,altered
es,lider,fr,leader,transparent
es,liderazgo,fr,leadership,transparent
es,liebre,fr,lièvre,transparent
es,lienzo,fr,lin,altered
es,liga,fr,ligue,altered
es,ligante,fr,liant,altered
es,ligar,fr,lier,altered
es,ligereza,fr,légèreté,altered
es,ligero,fr,léger,altered
es,limar,fr,limer,altered
es,limitación,fr,limitation,transparent
es,limitar,fr,limité,transparent
es,linaje,fr,lignée,altered
es,lineal,fr,linéaire,transparent
es,lineamiento,fr,ligne,altered
es,linear,fr,linéaire,transparent
es,lingüística,fr,linguistique,altered
es,lingüístico,fr,linguistique,transparent
es,lino,fr,lin,altered
es,linterna,fr,lanterne,altered
es,liquidación,fr,liquidation,transparent
es,lisa,fr,lisse,altered
es,lisboa,fr,lisbonne,altered
es,liso,fr,lisse,altered
es,lista,fr,liste,transparent
es,literalmente,fr,littéralement,transparent
es,literario,fr,littéraire,altered
es,literatura,fr,littérature,altered
es,litigio,fr,litige,altered
es,litio,fr,lithium,altered
es,litoral,fr,littoral,transparent
es,litro,fr,litre,transparent
es,lituania,fr,lituanie,transparent
es,liturgia,fr,liturgie,transparent
es,liza,fr,lice,altered
es,llena,fr,plein,altered
es,lleno,fr,plein,altered
es,lluvia,fr,pluie,altered
es,loar,fr,louer,altered
es,lobby,fr,lobby,transparent
es,lobo,fr,loup,altered
es,locación,fr,location,transparent
es,local,fr,local,transparent
es,localidad,fr,localité,altered
es,localización,fr,localisation,transparent
es,localizar,fr,localiser,transparent
es,localmente,fr,localement,transparent
es,locatario,fr,locataire,altered
es,locativo,fr,locatif,transparent
es,locomotora,fr,locomotive,altered
es,logo,fr,logo,transparent
es,logos,fr,logo,transparent
es,logística,fr,logistique,transparent
es,logístico,fr,logistique,transparent
es,londinense,fr,londonien,altered
es,londres,fr,londres,transparent
es,longevidad,fr,longévité,transparent
es,longitud,fr,longueur,altered
es,lonja,fr,longe,altered
es,look,fr,look,transparent
es,lord,fr,lord,transparent
es,lote,fr,lot,altered
es,lotería,fr,loterie,transparent
es,loto,fr,loto,transparent
es,louis,fr,louis,transparent
es,lucha,fr,lutte,altered
es,luchar,fr,lutter,altered
es,luciano,fr,lucien,altered
es,lucidez,fr,lucidité,altered
es,lucir,fr,luire,altered
es,lucrativo,fr,lucratif,transparent
es,luis,fr,louis,transparent
es,luminosidad,fr,luminosité,transparent
es,luminoso,fr,lumineux,altered
es,luna,fr,lune,altered
es,lunar,fr,lunaire,altered
es,lunes,fr,lundi,altered
es,lustre,fr,lustre,transparent
es,lux,fr,lux,transparent
es,luxemburgués,fr,luxembourgeois,transparent
es,lámina,fr,lame,altered
es,lámpara,fr,lampe,altered
es,láser,fr,laser,altered
es,látex,fr,latex,transparent
es,léxico,fr,lexique,altered
es,líder,fr,leader,transparent
es,límite,fr,limite,altered
es,línea,fr,ligne,altered
es,líquido,fr,liquide,transparent
es,lírica,fr,lyrique,altered
es,lírico,fr,lyrique,transparent
es,lógica,fr,logique,altered
es,lógicamente,fr,logiquement,altered
es,lógico,fr,logique,altered
es,lúcido,fr,lucide,transparent
es,lúdico,fr,ludique,transparent
es,macedonia,fr,macédoine,transparent
es,macizo,fr,massif,altered
es,macro,fr,macro,transparent
es,madame,fr,madame,transparent
es,madera,fr,matière,altered
es,madre,fr,mère,altered
es,madrina,fr,marraine,altered
es,maduro,fr,mûr,altered
es,maestre,fr,maître,altered
es,maestro,fr,maître,altered
es,maestría,fr,maîtrise,altered
es,mafia,fr,mafia,transparent
es,mafioso,fr,mafieux,altered
es,magazine,fr,magazine,transparent
es,magia,fr,magie,altered
es,magistrado,fr,magistrat,altered
es,magistratura,fr,magistrature,transparent
es,magnesio,fr,magnésium,transparent
es,magnitud,fr,magnitude,transparent
es,magnético,fr,magnétique,transparent
es,magníficamente,fr,magnifiquement,transparent
es,magnífico,fr,magnifique,transparent
es,mago,fr,magicien,altered
es,magreb,fr,maghreb,transparent
es,magrebí,fr,maghrébin,transparent
es,magro,fr,maigre,altered
es,maiz,fr,maïs,transparent
es,majestad,fr,majesté,altered
es,mal,fr,mal,transparent
es,malasio,fr,malaisie,altered
es,maldecir,fr,maudire,altered
es,maldición,fr,malédiction,transparent
es,maldito,fr,maudire,altered
es,malentendido,fr,malentendu,altered
es,malestar,fr,malaise,altered
es,malgache,fr,malgache,transparent
es,maliense,fr,malien,altered
es,maligno,fr,malin,altered
es,malla,fr,maillot,altered
es,malo,fr,mal,transparent
es,malsano,fr,malsain,transparent
es,malta,fr,malte,altered
es,maltratar,fr,maltraiter,transparent
es,maltrato,fr,maltraitance,altered
es,maléfico,fr,maléfique,transparent
es,mamá,fr,maman,transparent
es,mamífero,fr,mammifère,transparent
es,management,fr,management,transparent
es,manager,fr,manager,transparent
es,mancar,fr,manqué,altered
es,mandado,fr,mandat,altered
es,mandarín,fr,mandarin,transparent
es,mandatario,fr,mandataire,transparent
es,mandato,fr,mandat,transparent
es,manejar,fr,manier,altered
es,manejo,fr,manège,altered
es,manera,fr,manière,transparent
es,maneta,fr,manette,transparent
es,manga,fr,manga,transparent
es,manifestación,fr,manifestation,transparent
es,manifestante,fr,manifestant,transparent
es,manifestar,fr,manifester,altered
es,manifiesto,fr,manifeste,altered
es,maniobra,fr,manœuvre,altered
es,manipulación,fr,manipulation,transparent
es,manipular,fr,manipuler,transparent
es,maniquí,fr,mannequin,transparent
es,mano,fr,main,altered
es,manor,fr,manoir,transparent
es,mantener,fr,maintenir,transparent
es,mantenimiento,fr,maintien,altered
es,manual,fr,manuel,transparent
es,manufactura,fr,manufacture,transparent
es,manuscrito,fr,manuscrit,altered
es,manía,fr,manie,altered
es,maqueta,fr,maquette,altered
es,maquillaje,fr,maquillage,altered
es,maquillar,fr,maquiller,transparent
es,mar,fr,mer,altered
es,maratón,fr,marathon,transparent
es,maravilla,fr,merveille,altered
es,maravilloso,fr,merveilleux,altered
es,marc,fr,marc,transparent
es,marca,fr,marque,altered
es,marcador,fr,marqueur,altered
es,marcaje,fr,marquage,altered
es,marcar,fr,marqué,transparent
es,marcha,fr,marche,transparent
es,marchar,fr,marcher,altered
es,marcial,fr,martial,transparent
es,marea,fr,marée,transparent
es,margarita,fr,marguerite,altered
es,margen,fr,marge,transparent
es,marginal,fr,marginal,transparent
es,marido,fr,mari,altered
es,marihuana,fr,marijuana,transparent
es,marina,fr,marine,altered
es,marine,fr,marine,transparent
es,marinero,fr,marin,altered
es,marino,fr,marin,transparent
es,marioneta,fr,marionnette,altered
es,mariscal,fr,maréchal,altered
es,marisma,fr,marais,altered
es,marketing,fr,marketing,transparent
es,marqués,fr,marquis,altered
es,marroquí,fr,marocain,altered
es,marrón,fr,marron,transparent
es,marsellés,fr,marseillais,altered
es,marte,fr,mars,altered
es,martes,fr,mardi,altered
es,martillo,fr,marteau,altered
es,martirio,fr,martyre,altered
es,marxismo,fr,marxisme,altered
es,marxista,fr,marxiste,altered
es,marzo,fr,mars,altered
es,marítimo,fr,maritime,transparent
es,masa,fr,masse,transparent
es,masacrar,fr,massacrer,transparent
es,masacre,fr,massacre,altered
es,masaje,fr,massage,altered
es,mascota,fr,mascotte,altered
es,masculino,fr,masculin,transparent
es,masivamente,fr,massivement,transparent
es,masivo,fr,massif,altered
es,masturbación,fr,masturbation,transparent
es,match,fr,match,transparent
es,matemática,fr,mathématique,transparent
es,matemático,fr,mathématique,altered
es,materia,fr,matière,transparent
es,material,fr,matériel,transparent
es,maternal,fr,maternelle,altered
es,maternidad,fr,maternité,transparent
es,materno,fr,maternel,altered
es,matinal,fr,matinal,transparent
es,matrix,fr,matrice,altered
es,matriz,fr,matrice,transparent
es,mauritania,fr,mauritanie,transparent
es,maxi,fr,maxi,transparent
es,maximal,fr,maximal,transparent
es,maximizar,fr,maximiser,altered
es,maximo,fr,maximum,transparent
es,maya,fr,maya,transparent
es,mayo,fr,mai,altered
es,mayor,fr,majeur,altered
es,mayoria,fr,majorité,altered
es,mayoritariamente,fr,majoritairement,transparent
es,mayoritario,fr,majoritaire,transparent
es,mayoría,fr,majorité,altered
es,mayúscula,fr,majuscule,altered
es,maza,fr,masse,altered
es,maíz,fr,maïs,transparent
es,mañana,fr,matin,altered
es,mecanismo,fr,mécanisme,transparent
es,mecha,fr,mèche,transparent
es,mecánica,fr,mécanique,transparent
es,mecánico,fr,mécanique,transparent
es,medalla,fr,médaille,altered
es,mediación,fr,médiation,transparent
es,mediador,fr,médiateur,altered
es,mediana,fr,médiane,transparent
es,mediano,fr,médian,altered
es,mediateca,fr,médiathèque,transparent
es,medical,fr,médical,transparent
es,medicamento,fr,médicament,transparent
es,medicina,fr,médecine,altered
es,medieval,fr,médiéval,transparent
es,medio,fr,média,altered
es,mediocre,fr,médiocre,transparent
es,mediocridad,fr,médiocrité,transparent
es,meditación,fr,méditation,altered
es,meditar,fr,méditer,transparent
es,mediterráneo,fr,méditerranée,altered
es,mediático,fr,médiatique,transparent
es,mega,fr,méga,altered
es,mejicano,fr,mexicain,altered
es,mejor,fr,meilleur,altered
es,mejora,fr,amélioration,altered
es,mejoramiento,fr,amélioration,altered
es,mejorar,fr,améliorer,altered
es,melancolía,fr,mélancolie,transparent
es,melancólico,fr,mélancolique,transparent
es,melee,fr,mêlée,transparent
es,melodía,fr,mélodie,altered
es,melón,fr,melon,transparent
es,membrana,fr,membrane,transparent
es,memorable,fr,mémorable,altered
es,memoria,fr,mémoire,transparent
es,memorial,fr,mémorial,transparent
es,menaje,fr,ménage,transparent
es,mencionar,fr,mentionner,transparent
es,mención,fr,mention,transparent
es,menor,fr,mineure,altered
es,menos,fr,moins,altered
es,menospreciar,fr,mépriser,altered
es,menosprecio,fr,mépris,altered
es,mensaje,fr,message,transparent
es,mensajero,fr,messager,altered
es,mensajería,fr,messagerie,transparent
es,mensual,fr,mensuel,transparent
es,menta,fr,menthe,altered
es,mental,fr,mental,transparent
es,mentalidad,fr,mentalité,transparent
es,mentalmente,fr,mentalement,transparent
es,mentir,fr,mentir,transparent
es,mentiroso,fr,menteur,altered
es,mentor,fr,mentor,transparent
es,mentón,fr,menton,transparent
es,menudo,fr,menu,altered
es,menú,fr,menu,transparent
es,mercader,fr,mercier,altered
es,mercadería,fr,marchandise,altered
es,mercado,fr,marché,altered
es,mercancía,fr,marchandise,altered
es,mercante,fr,marchand,altered
es,merced,fr,merci,altered
es,mercenario,fr,mercenaire,transparent
es,mercurio,fr,mercure,altered
es,merecer,fr,mériter,altered
es,merecido,fr,mérité,altered
es,meridional,fr,méridional,transparent
es,mestizo,fr,métis,altered
es,mesías,fr,messie,altered
es,metabolismo,fr,métabolisme,transparent
es,metafísica,fr,métaphysique,transparent
es,metal,fr,métal,altered
es,metalurgia,fr,métallurgie,transparent
es,metamorfosis,fr,métamorphose,altered
es,metano,fr,méthane,altered
es,meteorología,fr,météo,altered
es,meteorológico,fr,météorologique,transparent
es,meter,fr,mettre,altered
es,metodología,fr,méthodologie,altered
es,metraje,fr,métrage,altered
es,metro,fr,mètre,altered
es,metropolitano,fr,métropolitain,transparent
es,metrópoli,fr,métropole,transparent
es,metrópolis,fr,métropole,altered
es,metáfora,fr,métaphore,transparent
es,metálico,fr,métallique,transparent
es,mexicano,fr,mexicain,altered
es,mezclar,fr,mêler,altered
es,mezquita,fr,mosquée,altered
es,mi,fr,mi,transparent
es,micro,fr,micro,transparent
es,miel,fr,miel,transparent
es,miembro,fr,membre,transparent
es,mierda,fr,merde,transparent
es,migración,fr,migration,transparent
es,migrante,fr,migrant,altered
es,migratorio,fr,migratoire,transparent
es,migraña,fr,migraine,transparent
es,mil,fr,mille,altered
es,milan,fr,milan,transparent
es,milano,fr,milan,transparent
es,milenario,fr,millénaire,altered
es,milenio,fr,millénaire,altered
es,milicia,fr,milice,altered
es,militante,fr,militant,altered
es,militar,fr,militaire,transparent
es,milla,fr,mille,altered
es,millar,fr,millier,altered
es,millon,fr,million,transparent
es,millonario,fr,millionnaire,altered
es,millón,fr,million,transparent
es,milímetro,fr,millimètre,transparent
es,mina,fr,mine,transparent
es,minar,fr,miner,transparent
es,mineral,fr,minéral,altered
es,minero,fr,minier,altered
es,minería,fr,minière,altered
es,mini,fr,mini,transparent
es,miniatura,fr,miniature,transparent
es,minimal,fr,minimal,transparent
es,minimizar,fr,minimiser,transparent
es,minimo,fr,minimum,transparent
es,ministerial,fr,ministériel,transparent
es,ministerio,fr,ministère,altered
es,ministro,fr,ministre,altered
es,minoritario,fr,minoritaire,transparent
es,minoría,fr,minorité,transparent
es,minuto,fr,minute,transparent
es,minúscula,fr,minuscule,transparent
es,minúsculo,fr,minuscule,transparent
es,mio,fr,mien,altered
es,misa,fr,messe,altered
es,miserable,fr,misérable,altered
es,miseria,fr,misère,altered
es,misericordia,fr,miséricorde,transparent
es,misericordioso,fr,miséricordieux,altered
es,misil,fr,missile,altered
es,mision,fr,mission,transparent
es,misionero,fr,missionnaire,altered
es,misión,fr,mission,transparent
es,miss,fr,miss,transparent
es,misterio,fr,mystère,altered
es,misterioso,fr,mystérieux,transparent
es,mistral,fr,mistral,transparent
es,mitad,fr,moitié,altered
es,mitigar,fr,mitigé,transparent
es,mito,fr,mythe,altered
es,mitología,fr,mythologie,altered
es,mix,fr,mix,transparent
es,mixto,fr,mixte,transparent
es,miércoles,fr,mercredi,transparent
es,mobiliario,fr,mobilier,transparent
es,moción,fr,motion,transparent
es,moda,fr,mode,transparent
es,modalidad,fr,modalité,altered
es,modelización,fr,modélisation,transparent
es,modelo,fr,modèle,transparent
es,moderación,fr,modération,transparent
es,moderado,fr,modéré,altered
es,modernidad,fr,modernité,altered
es,modernización,fr,modernisation,transparent
es,modernizar,fr,moderniser,altered
es,moderno,fr,moderne,transparent
es,modestia,fr,modestie,transparent
es,modesto,fr,modeste,transparent
es,modificación,fr,modification,transparent
es,modificar,fr,modifier,transparent
es,modo,fr,mode,altered
es,mojar,fr,mouiller,altered
es,molde,fr,mouler,altered
es,moldear,fr,mouler,altered
es,molecular,fr,moléculaire,altered
es,moler,fr,moudre,altered
es,molinero,fr,meunier,altered
es,molino,fr,moulin,altered
es,molécula,fr,molécule,transparent
es,momento,fr,moment,transparent
es,monarca,fr,monarque,altered
es,monarquía,fr,monarchie,altered
es,monasterio,fr,monastère,altered
es,moneda,fr,monnaie,altered
es,monetario,fr,monétaire,transparent
es,monitor,fr,moniteur,altered
es,monje,fr,moine,altered
es,mono,fr,mono,transparent
es,monopolio,fr,monopole,altered
es,monseñor,fr,monseigneur,altered
es,monstruo,fr,monstre,altered
es,monstruoso,fr,monstrueux,altered
es,montada,fr,montée,transparent
es,montado,fr,monté,transparent
es,montaje,fr,montage,altered
es,montar,fr,monter,altered
es,montaña,fr,montagne,altered
es,monte,fr,monte,transparent
es,monto,fr,montant,transparent
es,montura,fr,monture,transparent
es,monument,fr,monument,transparent
es,monumental,fr,monumental,transparent
es,monumento,fr,monument,transparent
es,moral,fr,morale,transparent
es,moralidad,fr,moralité,transparent
es,moralmente,fr,moralement,transparent
es,morder,fr,mordre,altered
es,morfología,fr,morphologie,transparent
es,moribundo,fr,mourant,altered
es,morir,fr,mourir,altered
es,mortal,fr,mortel,transparent
es,mortalidad,fr,mortalité,transparent
es,mortero,fr,mortier,altered
es,mosaico,fr,mosaïque,altered
es,mosca,fr,mouche,altered
es,moscú,fr,moscou,altered
es,mosquito,fr,moustique,altered
es,mostaza,fr,moutarde,altered
es,mostrar,fr,montrer,altered
es,mota,fr,motte,altered
es,motivación,fr,motivation,altered
es,motivar,fr,motivé,transparent
es,motivo,fr,motif,altered
es,moto,fr,moto,transparent
es,motor,fr,moteur,altered
es,motorista,fr,motard,altered
es,motriz,fr,motrice,altered
es,mousse,fr,mousse,transparent
es,movil,fr,mobile,transparent
es,movilidad,fr,mobilité,altered
es,movilización,fr,mobilisation,altered
es,movilizar,fr,mobiliser,altered
es,movimiento,fr,mouvement,altered
es,mozambique,fr,mozambique,transparent
es,mu,fr,mu,transparent
es,mudanza,fr,mutation,altered
es,mudo,fr,muet,altered
es,mueble,fr,meuble,transparent
es,muerta,fr,mort,altered
es,muerte,fr,mort,altered
es,multi,fr,multi,transparent
es,multimedia,fr,multimédia,altered
es,multinacional,fr,multinationale,altered
es,multiplicación,fr,multiplication,transparent
es,multiplicar,fr,multiplier,altered
es,multitud,fr,multitude,transparent
es,mundial,fr,mondial,transparent
es,mundialización,fr,mondialisation,transparent
es,mundialmente,fr,mondialement,altered
es,mundo,fr,monde,altered
es,municipal,fr,municipal,transparent
es,municipalidad,fr,municipalité,transparent
es,municipio,fr,municipalité,altered
es,munición,fr,munition,transparent
es,muralla,fr,muraille,altered
es,murmullo,fr,murmure,altered
es,muro,fr,mur,transparent
es,musa,fr,muse,altered
es,musculado,fr,musclé,altered
es,muscular,fr,musculaire,transparent
es,museo,fr,musée,transparent
es,museum,fr,musée,altered
es,musical,fr,musical,transparent
es,musulmán,fr,musulman,transparent
es,mutación,fr,mutation,transparent
es,mutuamente,fr,mutuellement,transparent
es,mutuo,fr,mutuelle,transparent
es,mágico,fr,magique,altered
es,mánager,fr,manager,transparent
es,máquina,fr,machine,transparent
es,mármol,fr,marbre,altered
es,mártir,fr,martyr,transparent
es,máscara,fr,masque,altered
es,mástil,fr,mât,altered
es,máxima,fr,maxime,altered
es,máximo,fr,maximum,transparent
es,médico,fr,médecin,altered
es,médium,fr,médium,transparent
es,médula,fr,moelle,altered
es,mérito,fr,mérite,altered
es,método,fr,méthode,altered
es,métrica,fr,métrique,altered
es,métrico,fr,métrique,transparent
es,méxico,fr,mexique,transparent
es,mínima,fr,minime,altered
es,mínimo,fr,minimum,transparent
es,mío,fr,mien,altered
es,mística,fr,mystique,transparent
es,místico,fr,mystique,altered
es,mítico,fr,mythique,altered
es,módem,fr,modem,transparent
es,módulo,fr,module,altered
es,mónaco,fr,monaco,transparent
es,móvil,fr,mobile,altered
es,múltiple,fr,multiple,transparent
es,músculo,fr,muscle,altered
es,música,fr,musique,transparent
es,músico,fr,musicien,altered
es,nacer,fr,naître,altered
es,nacion,fr,nation,transparent
es,nacional,fr,nationale,transparent
es,nacionalidad,fr,nationalité,altered
es,nacionalismo,fr,nationalisme,transparent
es,nacionalista,fr,nationaliste,transparent
es,nación,fr,nation,transparent
es,nadar,fr,nager,altered
es,nana,fr,nana,transparent
es,napa,fr,nappe,transparent
es,narración,fr,narration,transparent
es,narrador,fr,narrateur,altered
es,narrativa,fr,narratif,transparent
es,narrativo,fr,narratif,transparent
es,natación,fr,natation,transparent
es,natal,fr,natal,transparent
es,nativo,fr,natif,altered
es,nato,fr,naître,altered
es,natural,fr,naturel,transparent
es,naturaleza,fr,nature,altered
es,naturalista,fr,naturaliste,transparent
es,naturalmente,fr,naturellement,transparent
es,naufragio,fr,naufrage,altered
es,naval,fr,navale,transparent
es,navegación,fr,navigation,transparent
es,navegador,fr,navigateur,altered
es,navegar,fr,naviguer,transparent
es,navío,fr,navire,altered
es,nazi,fr,nazi,transparent
es,nazismo,fr,nazisme,altered
es,necesariamente,fr,nécessairement,transparent
es,necesario,fr,nécessaire,transparent
es,necesidad,fr,nécessité,transparent
es,necesitar,fr,nécessiter,altered
es,neerlandés,fr,néerlandais,transparent
es,nefasto,fr,néfaste,transparent
es,negación,fr,négation,transparent
es,negativa,fr,négative,transparent
es,negativamente,fr,négativement,altered
es,negativo,fr,négatif,transparent
es,negligencia,fr,négligence,altered
es,negociación,fr,négociation,transparent
es,negociante,fr,négociant,transparent
es,negociar,fr,négocier,transparent
es,negro,fr,nègre,altered
es,neptuno,fr,neptune,transparent
es,nervio,fr,nerf,altered
es,nervioso,fr,nerveux,altered
es,netamente,fr,nettement,transparent
es,neto,fr,net,transparent
es,neumonía,fr,pneumonie,altered
es,neurona,fr,neurone,altered
es,neutral,fr,neutre,altered
es,neutralidad,fr,neutralité,transparent
es,neutralizar,fr,neutraliser,altered
es,neutro,fr,neutre,transparent
es,ni,fr,ni,transparent
es,nicho,fr,niche,altered
es,nicotina,fr,nicotine,transparent
es,nido,fr,nid,altered
es,nieve,fr,neige,altered
es,ninja,fr,ninja,transparent
es,nivel,fr,niveau,transparent
es,no,fr,non,altered
es,nobel,fr,nobel,transparent
es,noble,fr,noble,transparent
es,nobleza,fr,noblesse,transparent
es,noción,fr,notion,transparent
es,nocturno,fr,nocturne,altered
es,nodo,fr,nœud,altered
es,nombrar,fr,nommé,transparent
es,nombre,fr,nom,altered
es,nomenclatura,fr,nomenclature,transparent
es,nominación,fr,nomination,transparent
es,nominar,fr,nommer,altered
es,norma,fr,norme,transparent
es,normal,fr,normal,transparent
es,normalización,fr,normalisation,transparent
es,normalmente,fr,normalement,transparent
es,normando,fr,normand,transparent
es,norte,fr,nord,altered
es,noruego,fr,norvège,altered
es,nosotros,fr,nous,transparent
es,nostalgia,fr,nostalgie,altered
es,nostálgico,fr,nostalgique,transparent
es,nota,fr,note,transparent
es,notable,fr,notable,transparent
es,notación,fr,notation,transparent
es,notar,fr,noter,transparent
es,notario,fr,notaire,altered
es,notificación,fr,notification,transparent
es,notoriedad,fr,notoriété,transparent
es,notorio,fr,notoire,transparent
es,nova,fr,nova,transparent
es,novato,fr,novice,altered
es,novicio,fr,novice,transparent
es,noviembre,fr,novembre,altered
es,nube,fr,nuage,altered
es,nuca,fr,nuque,altered
es,nuclear,fr,nucléaire,altered
es,nudo,fr,nœud,transparent
es,nuestro,fr,nôtre,altered
es,nueva,fr,nouveau,altered
es,nuevamente,fr,nouvellement,altered
es,nuevo,fr,nouveau,altered
es,nulidad,fr,nullité,transparent
es,nulo,fr,nul,altered
es,numérico,fr,numérique,transparent
es,nutrición,fr,nutrition,transparent
es,nutrir,fr,nourrir,altered
es,náutica,fr,nautique,transparent
es,náutico,fr,nautique,altered
es,níquel,fr,nickel,transparent
es,nómada,fr,nomade,transparent
es,nórdico,fr,nordique,transparent
es,número,fr,numéro,transparent
es,o,fr,ou,altered
es,oasis,fr,oasis,transparent
es,obedecer,fr,obéir,altered
es,obediencia,fr,obéissance,altered
es,obertura,fr,ouverture,altered
es,obesidad,fr,obésité,transparent
es,obeso,fr,obèse,altered
es,objeción,fr,objection,transparent
es,objetivar,fr,objectiver,transparent
es,objetividad,fr,objectivité,transparent
es,objetivo,fr,objectif,transparent
es,objeto,fr,objet,transparent
es,obligación,fr,obligation,transparent
es,obligado,fr,obligé,transparent
es,obligar,fr,obliger,altered
es,obligatoriamente,fr,obligatoirement,transparent
es,obligatorio,fr,obligatoire,transparent
es,obra,fr,ouvrage,altered
es,obrar,fr,ouvrer,altered
es,obrero,fr,ouvrier,altered
es,obscuridad,fr,obscurité,transparent
es,obscuro,fr,obscur,altered
es,observación,fr,observation,transparent
es,observador,fr,observateur,altered
es,observante,fr,observant,transparent
es,observar,fr,observer,transparent
es,observatorio,fr,observatoire,transparent
es,obsesionar,fr,obsédé,transparent
es,obsesión,fr,obsession,transparent
es,obsoleto,fr,obsolète,transparent
es,obstrucción,fr,obstruction,transparent
es,obstáculo,fr,obstacle,transparent
es,obtención,fr,obtention,transparent
es,obtener,fr,obtenir,transparent
es,obús,fr,obus,transparent
es,ocasión,fr,occasion,transparent
es,occidental,fr,occidental,transparent
es,occidente,fr,occident,transparent
es,octava,fr,octave,transparent
es,octubre,fr,octobre,altered
es,oculto,fr,occulte,altered
es,ocupación,fr,occupation,altered
es,ocupante,fr,occupant,transparent
es,ocupar,fr,occuper,transparent
es,ocurrencia,fr,occurrence,altered
es,océano,fr,océan,transparent
es,oda,fr,ode,transparent
es,odioso,fr,odieux,altered
es,odisea,fr,odyssée,altered
es,oeste,fr,ouest,transparent
es,ofensa,fr,offense,transparent
es,ofensiva,fr,offensive,altered
es,ofensivo,fr,offensif,transparent
es,oferta,fr,offre,altered
es,oficial,fr,officiel,altered
es,oficialmente,fr,officiellement,transparent
es,ofrecer,fr,offrir,altered
es,oh,fr,oh,transparent
es,ok,fr,ok,transparent
es,okey,fr,okay,transparent
es,olimpia,fr,olympia,transparent
es,olimpo,fr,olympe,altered
es,oliva,fr,olive,transparent
es,olivera,fr,olivier,altered
es,olvidar,fr,oublier,altered
es,olvido,fr,oubli,altered
es,olímpico,fr,olympique,altered
es,ombligo,fr,nombril,altered
es,omega,fr,omega,transparent
es,omitir,fr,omis,altered
es,once,fr,onze,altered
es,onda,fr,onde,transparent
es,oneroso,fr,onéreux,altered
es,online,fr,online,transparent
es,onu,fr,onu,transparent
es,opaco,fr,opaque,transparent
es,opcion,fr,option,transparent
es,opción,fr,option,transparent
es,operacion,fr,opération,transparent
es,operacional,fr,opérationnel,altered
es,operación,fr,opération,transparent
es,operador,fr,opérateur,transparent
es,operante,fr,opérant,transparent
es,operar,fr,opérer,altered
es,operativo,fr,opérationnel,altered
es,operatorio,fr,opératoire,transparent
es,opinion,fr,opinion,transparent
es,opinión,fr,opinion,transparent
es,opio,fr,opium,altered
es,oponente,fr,opposant,altered
es,oponer,fr,opposé,altered
es,oportunidad,fr,opportunité,transparent
es,oportuno,fr,opportun,altered
es,oposicion,fr,opposition,transparent
es,oposición,fr,opposition,transparent
es,opositor,fr,opposant,altered
es,opresión,fr,oppression,altered
es,optar,fr,opter,transparent
es,optimismo,fr,optimisme,transparent
es,optimista,fr,optimiste,transparent
es,optimización,fr,optimisation,transparent
es,optimizar,fr,optimiser,altered
es,opus,fr,opus,transparent
es,orador,fr,orateur,altered
es,oral,fr,oral,transparent
es,oratorio,fr,oratoire,transparent
es,orden,fr,ordre,altered
es,ordenada,fr,ordonné,transparent
es,ordenando,fr,ordonner,transparent
es,ordenanza,fr,ordonnance,transparent
es,ordenar,fr,ordonné,altered
es,ordinario,fr,ordinaire,transparent
es,oreja,fr,oreille,altered
es,organismo,fr,organisme,transparent
es,organizacion,fr,organisation,transparent
es,organización,fr,organisation,transparent
es,organizador,fr,organisateur,transparent
es,organizar,fr,organisé,transparent
es,orgasmo,fr,orgasme,transparent
es,orgullo,fr,orgueil,altered
es,orgánico,fr,organique,transparent
es,orientación,fr,orientation,transparent
es,oriental,fr,oriental,transparent
es,orientar,fr,orienté,transparent
es,oriente,fr,orient,altered
es,origen,fr,origine,transparent
es,original,fr,original,transparent
es,originalidad,fr,originalité,transparent
es,originario,fr,originaire,transparent
es,orilla,fr,oreiller,altered
es,orina,fr,urine,altered
es,ornamento,fr,ornement,transparent
es,ornar,fr,orné,transparent
es,oro,fr,or,altered
es,orquesta,fr,orchestre,altered
es,ortodoxo,fr,orthodoxe,transparent
es,ortografía,fr,orthographe,transparent
es,oráculo,fr,oracle,transparent
es,osado,fr,osé,altered
es,osar,fr,oser,transparent
es,oscuridad,fr,obscurité,altered
es,oscuro,fr,obscur,altered
es,otomano,fr,ottoman,altered
es,otoño,fr,automne,altered
es,ovalar,fr,ovale,altered
es,oxígeno,fr,oxygène,transparent
es,pabellón,fr,pavillon,altered
es,pachá,fr,pacha,transparent
es,paciencia,fr,patience,transparent
es,paciente,fr,patient,altered
es,pacto,fr,pacte,transparent
es,pacífico,fr,pacifique,altered
es,padre,fr,père,altered
es,padrinazgo,fr,parrainage,altered
es,padrino,fr,parrain,altered
es,paga,fr,paye,altered
es,pagar,fr,payer,altered
es,paisaje,fr,paysage,altered
es,paisano,fr,paysan,altered
es,paises,fr,pays,transparent
es,pakistaní,fr,pakistanais,transparent
es,pakistán,fr,pakistan,transparent
es,palacio,fr,palais,altered
es,paladar,fr,palais,altered
es,palestino,fr,palestinien,altered
es,paleta,fr,palette,altered
es,paliar,fr,pallier,altered
es,paliativo,fr,pallier,altered
es,palma,fr,palme,transparent
es,palmarés,fr,palmarès,transparent
es,palmera,fr,palmier,transparent
es,pan,fr,pain,altered
es,panama,fr,panama,transparent
es,panamá,fr,panama,transparent
es,pancarta,fr,pancarte,transparent
es,panda,fr,panda,transparent
es,pandemia,fr,pandémie,transparent
es,panel,fr,panneau,altered
es,panera,fr,panier,altered
es,panorama,fr,panorama,transparent
es,pantalón,fr,pantalon,transparent
es,pantera,fr,panthère,altered
es,panteón,fr,panthéon,transparent
es,pantufla,fr,pantoufle,transparent
es,papa,fr,pape,altered
es,papel,fr,papier,altered
es,papi,fr,papi,transparent
es,papá,fr,papa,transparent
es,paquete,fr,paquet,transparent
es,paracaídas,fr,parachute,altered
es,parada,fr,parade,altered
es,paradigma,fr,paradigme,transparent
es,paradoja,fr,paradoxe,altered
es,paradójicamente,fr,paradoxalement,altered
es,paradójico,fr,paradoxal,altered
es,paraguas,fr,parapluie,altered
es,paraiso,fr,paradis,altered
es,paraje,fr,parage,altered
es,paralela,fr,parallèle,altered
es,paralelamente,fr,parallèlement,altered
es,paralelo,fr,parallèle,transparent
es,paralizar,fr,paralysé,transparent
es,paralímpico,fr,paralympique,altered
es,paranoia,fr,paranoïa,transparent
es,parar,fr,parer,altered
es,paraíso,fr,paradis,altered
es,parcela,fr,parcelle,altered
es,parcial,fr,partielle,altered
es,parcialmente,fr,partiellement,altered
es,parecer,fr,paraître,transparent
es,parecido,fr,pareil,altered
es,pared,fr,paroi,altered
es,pareja,fr,pareil,altered
es,parejo,fr,pareil,altered
es,parental,fr,parental,transparent
es,paridad,fr,parité,transparent
es,parisino,fr,parisien,altered
es,parking,fr,parking,transparent
es,parlamentario,fr,parlementaire,transparent
es,parlamento,fr,parlement,altered
es,parlante,fr,parlant,transparent
es,parlar,fr,parler,transparent
es,parodia,fr,parodie,altered
es,parque,fr,parc,altered
es,parqué,fr,parquet,transparent
es,parroquia,fr,paroisse,altered
es,parte,fr,partie,transparent
es,partenaire,fr,partenaire,transparent
es,participación,fr,participation,transparent
es,participante,fr,participant,transparent
es,participar,fr,participer,transparent
es,participativo,fr,participatif,transparent
es,participio,fr,participe,altered
es,partición,fr,partition,transparent
es,particular,fr,particulier,transparent
es,particularidad,fr,particularité,transparent
es,particularmente,fr,particulièrement,transparent
es,partidario,fr,partisan,altered
es,partidista,fr,partisan,altered
es,partido,fr,parti,altered
es,partir,fr,partir,transparent
es,partitura,fr,partition,altered
es,partícipe,fr,participe,transparent
es,partícula,fr,particule,altered
es,parálisis,fr,paralysie,altered
es,parámetro,fr,paramètre,altered
es,parásito,fr,parasite,altered
es,paréntesis,fr,parenthèse,altered
es,pasa,fr,passe,transparent
es,pasada,fr,passée,transparent
es,pasadizo,fr,passage,altered
es,pasado,fr,passé,altered
es,pasador,fr,passeur,altered
es,pasaje,fr,passage,transparent
es,pasajero,fr,passager,transparent
es,pasante,fr,passant,transparent
es,pasaporte,fr,passeport,altered
es,pasar,fr,passer,transparent
es,pasarela,fr,passerelle,altered
es,pascua,fr,pâques,altered
es,pase,fr,passe,transparent
es,pasion,fr,passion,altered
es,pasivo,fr,passif,altered
es,pasión,fr,passion,transparent
es,paso,fr,pas,altered
es,pasta,fr,pâte,altered
es,pastelería,fr,pâtisserie,altered
es,pastor,fr,pasteur,altered
es,pastoril,fr,pastorale,altered
es,pata,fr,patte,transparent
es,patata,fr,patate,transparent
es,paternal,fr,paternel,transparent
es,paternidad,fr,paternité,transparent
es,paterno,fr,paternel,altered
es,patinaje,fr,patinage,transparent
es,patología,fr,pathologie,altered
es,patria,fr,patrie,transparent
es,patriarca,fr,patriarche,altered
es,patriarcado,fr,patriarcat,altered
es,patrimonio,fr,patrimoine,altered
es,patriota,fr,patriote,altered
es,patriotismo,fr,patriotisme,transparent
es,patriótico,fr,patriotique,altered
es,patronato,fr,patronat,transparent
es,patronazgo,fr,patronage,transparent
es,patrono,fr,patron,altered
es,patrulla,fr,patrouille,altered
es,patrón,fr,patron,transparent
es,paté,fr,pâté,transparent
es,patético,fr,pathétique,transparent
es,pausa,fr,pause,transparent
es,pavés,fr,pavé,transparent
es,paz,fr,paix,altered
es,país,fr,pays,altered
es,paño,fr,pan,altered
es,peaje,fr,péage,transparent
es,peatón,fr,piéton,altered
es,pecado,fr,péché,altered
es,pedagogía,fr,pédagogie,transparent
es,pedagógico,fr,pédagogique,transparent
es,pedal,fr,pédale,altered
es,pedofilia,fr,pédophilie,transparent
es,pedro,fr,pierre,altered
es,pedófilo,fr,pédophile,transparent
es,pelicula,fr,pellicule,altered
es,peligro,fr,péril,altered
es,pelo,fr,poil,altered
es,pelotón,fr,peloton,transparent
es,peluca,fr,perruque,altered
es,peluche,fr,peluche,transparent
es,peluquero,fr,perruque,altered
es,película,fr,pellicule,altered
es,pena,fr,peine,altered
es,penal,fr,pénal,transparent
es,penalidad,fr,pénalité,transparent
es,penalti,fr,penalty,altered
es,pender,fr,pencher,altered
es,pendiente,fr,pente,altered
es,pene,fr,pénis,altered
es,penetración,fr,pénétration,transparent
es,penetrar,fr,pénétrer,transparent
es,penitenciario,fr,pénitentiaire,transparent
es,pensador,fr,penseur,altered
es,pensar,fr,penser,transparent
es,pensión,fr,pension,altered
es,pentágono,fr,pentagone,transparent
es,penuria,fr,pénurie,transparent
es,península,fr,péninsule,altered
es,people,fr,people,transparent
es,peor,fr,pire,altered
es,pepita,fr,pépin,transparent
es,peral,fr,poirier,altered
es,percepción,fr,perception,transparent
es,percha,fr,perche,transparent
es,percibir,fr,percevoir,altered
es,perdedor,fr,perdant,altered
es,perder,fr,perdre,altered
es,perdido,fr,perdu,transparent
es,perdon,fr,pardon,transparent
es,perdonar,fr,pardonner,altered
es,perdón,fr,pardon,altered
es,peregrinación,fr,pèlerinage,altered
es,peregrino,fr,pèlerin,altered
es,perennidad,fr,pérennité,transparent
es,pereza,fr,paresse,altered
es,perezoso,fr,paresseux,altered
es,perfeccionamiento,fr,perfectionnement,transparent
es,perfeccionar,fr,perfectionner,transparent
es,perfección,fr,perfection,transparent
es,perfectamente,fr,parfaitement,altered
es,perfil,fr,profil,altered
es,performance,fr,performance,transparent
es,perfume,fr,parfum,transparent
es,periferia,fr,périphérie,altered
es,periférico,fr,périphérique,altered
es,peril,fr,péril,transparent
es,periodo,fr,période,transparent
es,peripecia,fr,péripétie,transparent
es,periódico,fr,périodique,transparent
es,perjuicio,fr,préjudice,transparent
es,perla,fr,perle,transparent
es,permanencia,fr,permanence,transparent
es,permanente,fr,permanente,transparent
es,permisión,fr,permission,transparent
es,permiso,fr,permis,transparent
es,permitir,fr,permettre,altered
es,perpetuidad,fr,perpétuité,transparent
es,perpetuo,fr,perpétuel,altered
es,perplejo,fr,perplexe,transparent
es,persecución,fr,persécution,transparent
es,perseverancia,fr,persévérance,transparent
es,persia,fr,perse,altered
es,persistencia,fr,persistance,transparent
es,persistente,fr,persistent,transparent
es,persistir,fr,persister,transparent
es,persona,fr,personne,altered
es,personaje,fr,personnage,transparent
es,personal,fr,personnel,transparent
es,personalidad,fr,personnalité,transparent
es,personalizar,fr,personnalisé,transparent
es,personalmente,fr,personnellement,transparent
es,perspectiva,fr,perspective,transparent
es,persuadir,fr,persuadé,transparent
es,pertenecer,fr,appartenir,altered
es,pertenencia,fr,appartenance,altered
es,pertinencia,fr,pertinence,transparent
es,pertinente,fr,pertinent,transparent
es,perturbación,fr,perturbation,transparent
es,perturbar,fr,perturbé,transparent
es,perverso,fr,pervers,altered
es,perímetro,fr,périmètre,transparent
es,período,fr,période,altered
es,perú,fr,pérou,altered
es,pesada,fr,pesant,altered
es,pesado,fr,pesant,altered
es,pesca,fr,pêche,altered
es,pescador,fr,pêcheur,altered
es,pescar,fr,pêcher,altered
es,pesimista,fr,pessimiste,altered
es,peste,fr,peste,transparent
es,pesticida,fr,pesticide,transparent
es,petanca,fr,pétanque,altered
es,petición,fr,pétition,altered
es,petit,fr,petit,transparent
es,petrolero,fr,pétrolier,altered
es,petrolífero,fr,pétrolier,altered
es,petróleo,fr,pétrole,transparent
es,peón,fr,pion,altered
es,piamonte,fr,piémont,transparent
es,pianista,fr,pianiste,transparent
es,piano,fr,piano,transparent
es,picadura,fr,piqûre,altered
es,pico,fr,pic,transparent
es,pie,fr,pied,altered
es,piedad,fr,piété,altered
es,piedra,fr,pierre,altered
es,piel,fr,peau,altered
es,pienso,fr,penser,altered
es,pieza,fr,pièce,altered
es,pijama,fr,pyjama,altered
es,pila,fr,pile,transparent
es,pilar,fr,pilier,altered
es,pillaje,fr,pillage,altered
es,pilotaje,fr,pilotage,transparent
es,pilotar,fr,piloter,transparent
es,piloto,fr,pilote,altered
es,pimiento,fr,piment,transparent
es,pin,fr,pin,transparent
es,pincel,fr,pinceau,altered
es,pino,fr,pin,altered
es,pintar,fr,peindre,altered
es,pintor,fr,peintre,altered
es,pintoresco,fr,pittoresque,altered
es,pintura,fr,peinture,altered
es,pinza,fr,pince,altered
es,piojo,fr,pou,altered
es,pionero,fr,pionnier,altered
es,pipí,fr,pipi,transparent
es,pique,fr,pique,transparent
es,piqué,fr,piqué,transparent
es,pirata,fr,pirate,transparent
es,piratear,fr,pirater,transparent
es,piratería,fr,piratage,altered
es,pirámide,fr,pyramide,altered
es,piscina,fr,piscine,transparent
es,pista,fr,piste,transparent
es,pistola,fr,pistolet,altered
es,pistolero,fr,pistolet,altered
es,pistón,fr,piston,transparent
es,pivote,fr,pivot,altered
es,pizza,fr,pizza,transparent
es,piñón,fr,pignon,transparent
es,placa,fr,plaque,altered
es,placement,fr,placement,transparent
es,placentero,fr,plaisant,altered
es,placer,fr,plaisir,altered
es,plafón,fr,plafond,altered
es,plaga,fr,plaie,altered
es,plagio,fr,plagiat,altered
es,plan,fr,plan,transparent
es,plana,fr,plane,transparent
es,planar,fr,planer,transparent
es,plancha,fr,planche,altered
es,planeación,fr,planification,altered
es,planeta,fr,planète,altered
es,planetario,fr,planétaire,transparent
es,planificación,fr,planification,transparent
es,planificar,fr,planifier,transparent
es,plano,fr,plan,altered
es,planta,fr,plante,altered
es,plantación,fr,plantation,transparent
es,plantar,fr,planté,altered
es,plantear,fr,planter,altered
es,plantío,fr,plant,transparent
es,plasma,fr,plasma,transparent
es,plataforma,fr,plateforme,altered
es,platino,fr,platine,altered
es,plato,fr,plat,altered
es,plató,fr,plateau,altered
es,plausible,fr,plausible,transparent
es,playa,fr,plage,altered
es,playero,fr,plage,altered
es,plaza,fr,place,altered
es,plegar,fr,plier,altered
es,plegaria,fr,prie,altered
es,plenamente,fr,pleinement,altered
es,plenario,fr,plénier,altered
es,pleno,fr,plein,altered
es,pliego,fr,plie,altered
es,pliegue,fr,pli,altered
es,plomero,fr,plombier,transparent
es,plomo,fr,plomb,altered
es,pluma,fr,plume,altered
es,plural,fr,pluriel,altered
es,pluralidad,fr,pluralité,transparent
es,plástica,fr,plastique,altered
es,plástico,fr,plastique,transparent
es,poblacion,fr,population,altered
es,población,fr,population,altered
es,pobre,fr,pauvre,altered
es,podcast,fr,podcast,transparent
es,poder,fr,pouvoir,altered
es,podio,fr,podium,transparent
es,podrir,fr,pourri,altered
es,poema,fr,poème,altered
es,poesía,fr,poésie,altered
es,poeta,fr,poète,altered
es,poker,fr,poker,transparent
es,polaco,fr,polonais,altered
es,polar,fr,polaire,altered
es,polen,fr,pollen,transparent
es,policia,fr,police,transparent
es,policial,fr,policier,transparent
es,policía,fr,policier,transparent
es,policíaco,fr,policier,altered
es,polinesio,fr,polynésie,transparent
es,politica,fr,politique,transparent
es,politico,fr,politique,transparent
es,politicos,fr,politique,altered
es,politécnico,fr,polytechnique,transparent
es,polivalente,fr,polyvalent,transparent
es,pollo,fr,poule,altered
es,polo,fr,pôle,altered
es,polonia,fr,pologne,altered
es,polución,fr,pollution,transparent
es,polémica,fr,polémique,altered
es,polémico,fr,polémique,altered
es,política,fr,politique,transparent
es,políticamente,fr,politiquement,altered
es,político,fr,politique,transparent
es,poner,fr,poser,altered
es,poni,fr,poney,transparent
es,pony,fr,poney,transparent
es,pool,fr,pool,transparent
es,pop,fr,pop,transparent
es,popular,fr,populaire,transparent
es,popularidad,fr,popularité,transparent
es,populista,fr,populiste,transparent
es,por,fr,pour,altered
es,porcelana,fr,porcelaine,transparent
es,porcentaje,fr,pourcentage,altered
es,porche,fr,porche,transparent
es,porción,fr,portion,transparent
es,porno,fr,porno,transparent
es,pornografía,fr,pornographie,transparent
es,porridge,fr,porridge,transparent
es,porta,fr,porte,transparent
es,portador,fr,porteur,altered
es,portafolio,fr,portefeuille,altered
es,portal,fr,portail,transparent
es,portante,fr,portant,transparent
es,portar,fr,porté,altered
es,porte,fr,port,altered
es,porter,fr,portier,altered
es,portero,fr,portier,altered
es,portuario,fr,portuaire,altered
es,portugal,fr,portugal,transparent
es,portugués,fr,portugais,transparent
es,posar,fr,poser,transparent
es,pose,fr,pose,transparent
es,poseer,fr,posséder,altered
es,posesión,fr,possession,transparent
es,poseso,fr,possédé,altered
es,poseído,fr,possédé,transparent
es,posibilidad,fr,possibilité,altered
es,posible,fr,possible,transparent
es,posiblemente,fr,possiblement,transparent
es,posicion,fr,position,transparent
es,posicionado,fr,positionner,transparent
es,posicionamiento,fr,positionnement,transparent
es,posicionar,fr,positionner,transparent
es,posición,fr,position,transparent
es,positivamente,fr,positivement,transparent
es,positivo,fr,positif,transparent
es,post,fr,post,transparent
es,postal,fr,postal,transparent
es,poste,fr,poste,transparent
es,poster,fr,poster,transparent
es,posteridad,fr,postérité,transparent
es,posts,fr,posts,transparent
es,postular,fr,postuler,altered
es,postura,fr,posture,transparent
es,potable,fr,potable,transparent
es,potasio,fr,potassium,transparent
es,pote,fr,pote,transparent
es,potencial,fr,potentiel,altered
es,potencialmente,fr,potentiellement,transparent
es,poética,fr,poétique,transparent
es,poético,fr,poétique,altered
es,practicante,fr,pratiquant,transparent
es,practicar,fr,pratiquer,transparent
es,pradera,fr,prairie,altered
es,prado,fr,pré,altered
es,pragmático,fr,pragmatique,transparent
es,precariedad,fr,précarité,altered
es,precario,fr,précaire,altered
es,precaución,fr,précaution,transparent
es,precedente,fr,précédent,transparent
es,preceder,fr,précéder,transparent
es,precio,fr,prix,altered
es,precioso,fr,précieux,altered
es,precipitación,fr,précipitation,transparent
es,precipitado,fr,précipité,transparent
es,precipitar,fr,précipiter,altered
es,precisamente,fr,précisément,transparent
es,precisar,fr,préciser,transparent
es,precisión,fr,précision,transparent
es,preciso,fr,précis,transparent
es,preconizar,fr,préconiser,transparent
es,precoz,fr,précoce,altered
es,precursor,fr,précurseur,transparent
es,predecesor,fr,prédécesseur,transparent
es,predecir,fr,prédire,altered
es,predicción,fr,prédiction,transparent
es,predilección,fr,prédilection,transparent
es,prefacio,fr,préface,altered
es,prefecto,fr,préfet,altered
es,prefectura,fr,préfecture,altered
es,preferencia,fr,préférence,transparent
es,preferible,fr,préférable,transparent
es,preferir,fr,préférer,transparent
es,prehistoria,fr,préhistoire,transparent
es,prejuicio,fr,préjugé,altered
es,preliminar,fr,préliminaire,transparent
es,preludio,fr,prélude,altered
es,prematuro,fr,prématuré,altered
es,premier,fr,premier,transparent
es,premium,fr,premium,transparent
es,prensa,fr,presse,altered
es,prensado,fr,pressé,altered
es,preocupación,fr,préoccupation,altered
es,preocupar,fr,préoccuper,transparent
es,preparación,fr,préparation,transparent
es,preparado,fr,préparer,transparent
es,preparar,fr,préparer,transparent
es,preparativo,fr,préparatif,transparent
es,preparatorio,fr,préparatoire,transparent
es,prerrogativa,fr,prérogative,transparent
es,presbítero,fr,prêtre,altered
es,prescribir,fr,prescrire,altered
es,prescripción,fr,prescription,transparent
es,presencia,fr,présence,transparent
es,presentación,fr,présentation,transparent
es,presentador,fr,présentateur,altered
es,presentar,fr,présenter,transparent
es,presente,fr,présent,altered
es,preservación,fr,préservation,transparent
es,preservar,fr,préserver,transparent
es,presidencia,fr,présidence,transparent
es,presidencial,fr,présidentielle,transparent
es,presidente,fr,président,transparent
es,presidir,fr,présider,altered
es,presion,fr,pression,transparent
es,presionar,fr,presser,altered
es,presión,fr,pression,transparent
es,press,fr,press,transparent
es,prestación,fr,prestation,transparent
es,prestador,fr,prestataire,altered
es,prestar,fr,prêter,transparent
es,prestigio,fr,prestige,transparent
es,prestigioso,fr,prestigieux,altered
es,presumir,fr,présumer,altered
es,presunción,fr,présomption,altered
es,presunto,fr,présumé,transparent
es,pretencioso,fr,prétentieux,altered
es,pretendiente,fr,prétendant,altered
es,pretensión,fr,prétention,transparent
es,pretexto,fr,prétexte,transparent
es,prevalecer,fr,prévaloir,altered
es,prevención,fr,prévention,transparent
es,prevenir,fr,prévenir,transparent
es,preventivo,fr,préventif,transparent
es,prever,fr,prévoir,altered
es,previamente,fr,préalablement,altered
es,previsible,fr,prévisible,transparent
es,previsión,fr,prévision,transparent
es,preámbulo,fr,préambule,transparent
es,primario,fr,primaire,altered
es,primera,fr,premier,transparent
es,primeramente,fr,premièrement,altered
es,primero,fr,premier,altered
es,primitiva,fr,primitif,transparent
es,primitivo,fr,primitif,transparent
es,primo,fr,primo,transparent
es,primordial,fr,primordial,transparent
es,princesa,fr,princesse,altered
es,principado,fr,principauté,altered
es,principal,fr,principal,transparent
es,principalmente,fr,principalement,transparent
es,principe,fr,prince,transparent
es,prior,fr,prieur,transparent
es,priorato,fr,prieuré,altered
es,priori,fr,priori,transparent
es,prioridad,fr,priorité,transparent
es,prioritario,fr,prioritaire,transparent
es,prision,fr,prison,transparent
es,prisionero,fr,prisonnier,altered
es,prisión,fr,prison,transparent
es,prisma,fr,prisme,transparent
es,privado,fr,privé,altered
es,privar,fr,priver,transparent
es,privatización,fr,privatisation,transparent
es,privilegiado,fr,privilégié,transparent
es,privilegiar,fr,privilégier,transparent
es,privilegio,fr,privilège,transparent
es,pro,fr,pro,transparent
es,probabilidad,fr,probabilité,transparent
es,probable,fr,probable,transparent
es,probablemente,fr,probablement,transparent
es,probar,fr,prouvé,altered
es,problema,fr,problème,transparent
es,problemática,fr,problématique,altered
es,problemático,fr,problématique,altered
es,procedente,fr,procéder,altered
es,proceder,fr,procéder,transparent
es,procedimiento,fr,procédure,altered
es,procesador,fr,processeur,altered
es,procesar,fr,procéder,altered
es,procesión,fr,procession,transparent
es,proclama,fr,proclamation,altered
es,proclamación,fr,proclamation,transparent
es,proclamar,fr,proclamer,transparent
es,procuración,fr,procuration,transparent
es,procurador,fr,procureur,transparent
es,prodigio,fr,prodige,altered
es,produccion,fr,production,transparent
es,producción,fr,production,transparent
es,producir,fr,produire,altered
es,productividad,fr,productivité,transparent
es,productivo,fr,productif,transparent
es,producto,fr,produit,altered
es,productor,fr,producteur,altered
es,profe,fr,prof,transparent
es,profecía,fr,prophétie,altered
es,profesional,fr,professionnel,transparent
es,profesionalismo,fr,professionnalisme,transparent
es,profesión,fr,profession,transparent
es,profesor,fr,professeur,transparent
es,profeta,fr,prophète,altered
es,profetizar,fr,prophétiser,altered
es,profundamente,fr,profondément,altered
es,profundar,fr,approfondir,altered
es,profundidad,fr,profondeur,altered
es,profundizar,fr,approfondir,altered
es,profundo,fr,profond,transparent
es,progenitor,fr,progéniture,transparent
es,programa,fr,programme,transparent
es,programación,fr,programmation,transparent
es,programador,fr,programmer,altered
es,programar,fr,programmé,transparent
es,progresar,fr,progresser,transparent
es,progresista,fr,progressiste,altered
es,progresivamente,fr,progressivement,transparent
es,progresivo,fr,progressif,altered
es,progresión,fr,progression,transparent
es,progreso,fr,progrès,altered
es,prohibición,fr,prohibition,transparent
es,proletariado,fr,prolétariat,altered
es,proliferación,fr,prolifération,transparent
es,prolongación,fr,prolongation,transparent
es,prolongar,fr,prolongé,transparent
es,promesa,fr,promesse,altered
es,prometedor,fr,prometteur,transparent
es,prometer,fr,promettre,altered
es,prometido,fr,promis,altered
es,promo,fr,promo,transparent
es,promocionar,fr,promouvoir,altered
es,promoción,fr,promotion,transparent
es,promotor,fr,promoteur,altered
es,promover,fr,promouvoir,altered
es,pronunciación,fr,prononciation,altered
es,pronunciamiento,fr,prononcé,altered
es,pronunciar,fr,prononcé,altered
es,pronóstico,fr,pronostic,altered
es,propagación,fr,propagation,transparent
es,propaganda,fr,propagande,transparent
es,propagar,fr,propager,transparent
es,propiamente,fr,proprement,transparent
es,propicio,fr,propice,altered
es,propiedad,fr,propriété,transparent
es,propietario,fr,propriétaire,transparent
es,propio,fr,propre,altered
es,proponente,fr,proposant,altered
es,proponer,fr,proposer,transparent
es,proporcional,fr,proportionnel,transparent
es,proporción,fr,proportion,altered
es,proposición,fr,proposition,transparent
es,propuesta,fr,proposition,altered
es,propulsar,fr,propulser,transparent
es,propulsión,fr,propulsion,transparent
es,propósito,fr,propos,altered
es,prosa,fr,prose,altered
es,proseguir,fr,poursuivre,altered
es,prospecto,fr,prospectus,altered
es,prosperidad,fr,prospérité,altered
es,prostitución,fr,prostitution,transparent
es,prostituta,fr,prostituée,altered
es,protagonista,fr,protagoniste,transparent
es,proteccion,fr,protection,transparent
es,protección,fr,protection,transparent
es,protector,fr,protecteur,transparent
es,proteger,fr,protéger,altered
es,protegido,fr,protégé,transparent
es,protestante,fr,protestant,transparent
es,protestantismo,fr,protestantisme,transparent
es,protestar,fr,protester,transparent
es,proteína,fr,protéine,altered
es,protocolo,fr,protocole,transparent
es,prototipo,fr,prototype,transparent
es,proveer,fr,pourvoir,altered
es,proveniente,fr,provenir,altered
es,provenir,fr,provenir,transparent
es,proverbio,fr,proverbe,altered
es,providencia,fr,providence,transparent
es,provincia,fr,province,transparent
es,provincial,fr,provincial,transparent
es,provisional,fr,provisoire,altered
es,provisionalmente,fr,provisoirement,transparent
es,provisión,fr,provision,transparent
es,provisorio,fr,provisoire,transparent
es,provocación,fr,provocation,transparent
es,provocar,fr,provoquer,transparent
es,proxima,fr,prochain,altered
es,proximidad,fr,proximité,transparent
es,proximo,fr,prochain,altered
es,proyección,fr,projection,transparent
es,proyectar,fr,projeter,transparent
es,proyectil,fr,projectile,altered
es,proyecto,fr,projet,altered
es,proyector,fr,projecteur,altered
es,prudencia,fr,prudence,transparent
es,prudente,fr,prudent,transparent
es,prueba,fr,preuve,altered
es,prusia,fr,prusse,transparent
es,práctica,fr,pratique,transparent
es,prácticamente,fr,pratiquement,altered
es,práctico,fr,pratique,transparent
es,préstamo,fr,prêt,altered
es,príncipe,fr,principe,transparent
es,prójimo,fr,prochain,altered
es,prólogo,fr,prologue,transparent
es,próspero,fr,prospère,altered
es,próstata,fr,prostate,altered
es,próximamente,fr,prochainement,altered
es,próximo,fr,prochain,altered
es,pseudo,fr,pseudo,transparent
es,pseudónimo,fr,pseudonyme,transparent
es,psico,fr,psycho,transparent
es,psicoanálisis,fr,psychanalyse,altered
es,psicología,fr,psychologie,transparent
es,psicológicamente,fr,psychologiquement,altered
es,psicológico,fr,psychologique,altered
es,psicosis,fr,psychose,altered
es,psicólogo,fr,psychologue,transparent
es,psicópata,fr,psychopathe,altered
es,psiquiatra,fr,psychiatre,altered
es,psiquiatría,fr,psychiatrie,altered
es,psiquiátrico,fr,psychiatrique,transparent
es,psíquico,fr,psychique,transparent
es,publicación,fr,publication,transparent
es,publicar,fr,publier,altered
es,publicidad,fr,publicité,transparent
es,publicitario,fr,publicitaire,transparent
es,pudor,fr,pudeur,altered
es,pudrir,fr,pourrir,altered
es,pueblo,fr,peuple,altered
es,puente,fr,pont,altered
es,puerto,fr,port,altered
es,pues,fr,puis,altered
es,puesto,fr,poste,altered
es,pujar,fr,pousser,altered
es,pulido,fr,poli,altered
es,pulmonar,fr,pulmonaire,altered
es,pulmón,fr,poumon,altered
es,pulsión,fr,pulsion,transparent
es,pulso,fr,pouls,altered
es,puma,fr,puma,transparent
es,punición,fr,punition,transparent
es,punir,fr,puni,transparent
es,punk,fr,punk,transparent
es,punta,fr,pointe,altered
es,punteado,fr,pointé,altered
es,puntiagudo,fr,pointu,transparent
es,punto,fr,point,altered
es,puramente,fr,purement,transparent
es,pure,fr,purée,transparent
es,pureza,fr,pureté,transparent
es,purga,fr,purge,transparent
es,puro,fr,pur,transparent
es,puré,fr,purée,transparent
es,pus,fr,pus,transparent
es,puta,fr,putain,altered
es,puzle,fr,puzzle,transparent
es,puñal,fr,poignard,altered
es,python,fr,python,transparent
es,página,fr,page,altered
es,pálido,fr,pâle,altered
es,pánico,fr,panique,transparent
es,párrafo,fr,paragraphe,altered
es,pérdida,fr,perte,altered
es,pétalo,fr,pétale,transparent
es,píxel,fr,pixel,transparent
es,póker,fr,poker,transparent
es,póquer,fr,poker,transparent
es,pórtico,fr,portique,altered
es,póster,fr,poster,transparent
es,públicamente,fr,publiquement,altered
es,público,fr,public,transparent
es,púrpura,fr,pourpre,altered
es,que,fr,que,transparent
es,quebec,fr,québec,transparent
es,querella,fr,querelle,transparent
es,quince,fr,quinze,altered
es,quincena,fr,quinzaine,altered
es,quinquenio,fr,quinquennat,altered
es,quinto,fr,quint,altered
es,quiosco,fr,kiosque,altered
es,quirúrgico,fr,chirurgical,altered
es,quién,fr,qui,altered
es,química,fr,chimie,altered
es,químico,fr,chimique,transparent
es,rabino,fr,rabbin,altered
es,racial,fr,racial,transparent
es,racing,fr,racing,transparent
es,racional,fr,rationnel,altered
es,racismo,fr,racisme,transparent
es,racista,fr,raciste,transparent
es,ración,fr,ration,transparent
es,rada,fr,rade,transparent
es,radar,fr,radar,transparent
es,radiación,fr,radiation,transparent
es,radical,fr,radical,transparent
es,radicalización,fr,radicalisation,transparent
es,radicalmente,fr,radicalement,transparent
es,radio,fr,radio,transparent
es,raiz,fr,racine,altered
es,ralentizar,fr,ralentir,altered
es,ralentí,fr,ralenti,transparent
es,rally,fr,rallye,transparent
es,rama,fr,rameau,altered
es,ramadán,fr,ramadan,transparent
es,ramaje,fr,rameau,altered
es,ramo,fr,rameau,altered
es,rampa,fr,rampe,altered
es,rango,fr,rang,altered
es,rap,fr,rap,transparent
es,rapero,fr,rappeur,altered
es,rapidez,fr,rapidité,altered
es,rapido,fr,rapide,transparent
es,rapidísimo,fr,rapidement,altered
es,rappel,fr,rappel,transparent
es,raramente,fr,rarement,altered
es,rareza,fr,rareté,altered
es,raro,fr,rare,transparent
es,rasurar,fr,raser,transparent
es,rata,fr,rat,transparent
es,ratificación,fr,ratification,transparent
es,ratio,fr,ratio,transparent
es,ratón,fr,rat,altered
es,rayado,fr,rayé,transparent
es,rayar,fr,raie,altered
es,raza,fr,race,transparent
es,razon,fr,raison,transparent
es,razonable,fr,raisonnable,altered
es,razonablemente,fr,raisonnablement,transparent
es,razonamiento,fr,raisonnement,transparent
es,razonar,fr,raisonner,altered
es,razón,fr,raison,transparent
es,raíz,fr,racine,altered
es,reabrir,fr,rouvrir,altered
es,reaccionar,fr,réagir,altered
es,reacción,fr,réaction,altered
es,reactivo,fr,réactif,transparent
es,reactor,fr,réacteur,altered
es,reagrupar,fr,regrouper,altered
es,real,fr,réel,transparent
es,realidad,fr,réalité,transparent
es,realismo,fr,réalisme,transparent
es,realista,fr,réaliste,transparent
es,realización,fr,réalisation,transparent
es,realizador,fr,réalisateur,altered
es,realizar,fr,réalisé,transparent
es,realmente,fr,réellement,transparent
es,reanudar,fr,renouer,altered
es,reapertura,fr,réouverture,altered
es,rebaja,fr,rabais,altered
es,rebelde,fr,rebelle,transparent
es,rebeldía,fr,rébellion,altered
es,rebelión,fr,rébellion,transparent
es,rebotar,fr,rebondir,altered
es,rebote,fr,rebond,altered
es,recalentar,fr,réchauffer,altered
es,recambio,fr,rechange,altered
es,recarga,fr,recharge,transparent
es,recargar,fr,recharger,transparent
es,recaudador,fr,receveur,altered
es,recepción,fr,réception,altered
es,receptor,fr,récepteur,transparent
es,recesión,fr,récession,altered
es,receta,fr,recette,transparent
es,recibir,fr,recevoir,altered
es,recibo,fr,recevoir,altered
es,recibí,fr,recevoir,altered
es,reciclaje,fr,recyclage,transparent
es,recien,fr,récent,altered
es,reciente,fr,récent,transparent
es,recientemente,fr,récemment,altered
es,recipiente,fr,récipient,altered
es,reclamación,fr,réclamation,transparent
es,reclamante,fr,réclamant,transparent
es,reclamar,fr,réclamer,transparent
es,reclamo,fr,réclame,altered
es,recluta,fr,recrue,altered
es,reclutador,fr,recruteur,altered
es,reclutamiento,fr,recrutement,altered
es,reclutar,fr,recruter,transparent
es,recobrar,fr,recouvrer,altered
es,recoger,fr,recueilli,altered
es,recogida,fr,recueil,altered
es,recolectar,fr,récolter,altered
es,recomendación,fr,recommandation,transparent
es,recomendado,fr,recommandé,altered
es,recomendar,fr,recommander,altered
es,recomenzar,fr,recommencer,transparent
es,recompensa,fr,récompense,transparent
es,recompensar,fr,récompenser,altered
es,reconciliación,fr,réconciliation,transparent
es,reconciliar,fr,réconcilier,altered
es,reconocer,fr,reconnaître,altered
es,reconocible,fr,reconnaissable,altered
es,reconocimiento,fr,reconnaissance,altered
es,reconquista,fr,reconquête,altered
es,reconstitución,fr,reconstitution,transparent
es,reconstituir,fr,reconstituer,transparent
es,reconstrucción,fr,reconstruction,transparent
es,reconstruir,fr,reconstruire,transparent
es,reconversión,fr,reconversion,transparent
es,record,fr,record,transparent
es,recrear,fr,recréer,transparent
es,rectangular,fr,rectangulaire,altered
es,rectificación,fr,rectification,transparent
es,rectificar,fr,rectifier,transparent
es,rector,fr,recteur,altered
es,rectángulo,fr,rectangle,transparent
es,recubrimiento,fr,recouvrement,altered
es,recubrir,fr,recouvert,altered
es,recular,fr,reculé,transparent
es,recuperación,fr,récupération,transparent
es,recuperar,fr,récupérer,transparent
es,recurrente,fr,récurrent,transparent
es,recurrir,fr,recourir,altered
es,recíproco,fr,réciproque,transparent
es,redacción,fr,rédaction,transparent
es,redactar,fr,rédiger,altered
es,redactor,fr,rédacteur,altered
es,redención,fr,rédemption,transparent
es,redistribución,fr,redistribution,altered
es,redonda,fr,ronde,altered
es,redondeado,fr,arrondi,altered
es,redondo,fr,rond,altered
es,reducción,fr,réduction,transparent
es,reducir,fr,réduire,altered
es,reedición,fr,réédition,transparent
es,reeducación,fr,rééducation,transparent
es,reelección,fr,réélection,transparent
es,reelegir,fr,réélire,altered
es,reembolsar,fr,rembourser,altered
es,reembolso,fr,remboursement,altered
es,reemplazante,fr,remplaçant,transparent
es,reemplazar,fr,remplacer,transparent
es,reemplazo,fr,remplacement,altered
es,reencuentro,fr,rencontre,transparent
es,reenvío,fr,renvoi,transparent
es,reestructuración,fr,restructuration,transparent
es,referencia,fr,référence,transparent
es,referendo,fr,référendum,altered
es,referendum,fr,référendum,transparent
es,referir,fr,référer,transparent
es,referéndum,fr,référendum,transparent
es,refinado,fr,raffiné,altered
es,reflejar,fr,refléter,transparent
es,reflejo,fr,reflet,altered
es,reflexionar,fr,réfléchir,altered
es,reflexión,fr,réflexion,transparent
es,reforma,fr,réforme,transparent
es,reformar,fr,réformer,transparent
es,reforzar,fr,renforcer,altered
es,refrescar,fr,rafraîchir,altered
es,refrán,fr,refrain,transparent
es,refuerzo,fr,renfort,altered
es,refugiado,fr,réfugié,altered
es,refugiar,fr,réfugier,altered
es,refugio,fr,refuge,transparent
es,regencia,fr,régence,transparent
es,regeneración,fr,régénération,altered
es,regente,fr,régent,transparent
es,reggae,fr,reggae,transparent
es,regimen,fr,régime,transparent
es,regimiento,fr,régiment,transparent
es,region,fr,région,transparent
es,regional,fr,régional,transparent
es,regir,fr,régir,altered
es,registro,fr,enregistrement,altered
es,región,fr,région,transparent
es,regla,fr,règle,altered
es,reglaje,fr,réglage,transparent
es,reglamentación,fr,réglementation,transparent
es,reglamentar,fr,régler,altered
es,reglamentario,fr,réglementaire,transparent
es,reglamento,fr,règlement,altered
es,reglar,fr,réglé,altered
es,regocijar,fr,réjouir,altered
es,regresión,fr,régression,transparent
es,regulación,fr,régulation,transparent
es,regulador,fr,régulateur,altered
es,regular,fr,régulier,altered
es,regularidad,fr,régularité,transparent
es,regularmente,fr,régulièrement,altered
es,rehabilitación,fr,réhabilitation,transparent
es,rehacer,fr,refaire,transparent
es,rehusar,fr,refuser,altered
es,reina,fr,reine,altered
es,reinado,fr,règne,altered
es,reinar,fr,régner,altered
es,reincidencia,fr,récidive,altered
es,reino,fr,règne,altered
es,reir,fr,rire,altered
es,reivindicación,fr,revendication,altered
es,reivindicar,fr,revendiquer,transparent
es,relacion,fr,relation,transparent
es,relación,fr,relation,transparent
es,relajar,fr,relâcher,altered
es,relajo,fr,relâche,altered
es,relanzamiento,fr,relance,altered
es,relanzar,fr,relancer,transparent
es,relatar,fr,relater,transparent
es,relativamente,fr,relativement,transparent
es,relativo,fr,relatif,transparent
es,relax,fr,relax,transparent
es,relectura,fr,relecture,transparent
es,releer,fr,relire,transparent
es,relegar,fr,relégué,transparent
es,relevante,fr,relever,altered
es,relevar,fr,relever,altered
es,relevo,fr,relève,transparent
es,relieve,fr,relief,altered
es,religion,fr,religion,transparent
es,religioso,fr,religieux,transparent
es,religión,fr,religion,transparent
es,reliquia,fr,relique,altered
es,rellenar,fr,remplir,altered
es,relleno,fr,rempli,altered
es,reloj,fr,horloge,transparent
es,relojero,fr,horloger,transparent
es,remarcable,fr,remarquable,transparent
es,remediar,fr,remédier,altered
es,remedio,fr,remède,altered
es,remitir,fr,remettre,altered
es,remix,fr,remix,transparent
es,remo,fr,rame,altered
es,remolino,fr,remous,altered
es,remolque,fr,remorque,altered
es,remonta,fr,remonte,altered
es,remontar,fr,remonter,transparent
es,remordimiento,fr,remords,altered
es,remover,fr,remuer,altered
es,remuneración,fr,rémunération,transparent
es,remunerar,fr,rémunérer,altered
es,renacer,fr,renaître,transparent
es,renacimiento,fr,renaissance,altered
es,rendición,fr,reddition,altered
es,rendimiento,fr,rendement,transparent
es,rendir,fr,rendu,altered
es,renegar,fr,renier,altered
es,reno,fr,renne,altered
es,renombrado,fr,renommé,altered
es,renombre,fr,renommée,altered
es,renovable,fr,renouvelable,transparent
es,renovación,fr,renouvellement,altered
es,renovar,fr,renouveler,altered
es,renta,fr,rente,altered
es,rentabilidad,fr,rentabilité,transparent
es,rentable,fr,rentable,transparent
es,renuncia,fr,renonce,transparent
es,renunciar,fr,renoncer,altered
es,reorganización,fr,réorganisation,transparent
es,reparación,fr,réparation,transparent
es,reparar,fr,réparer,transparent
es,reparo,fr,réparation,altered
es,repartición,fr,répartition,altered
es,repartir,fr,repartir,transparent
es,repasar,fr,repasser,transparent
es,repensar,fr,repenser,transparent
es,repercusión,fr,répercussion,altered
es,repertorio,fr,répertoire,transparent
es,repetición,fr,répétition,transparent
es,repetir,fr,répéter,transparent
es,reportaje,fr,reportage,transparent
es,reportar,fr,rapporté,altered
es,reportero,fr,reporter,altered
es,reposar,fr,reposer,transparent
es,reposo,fr,repose,transparent
es,reprender,fr,reprendre,altered
es,represalia,fr,représaille,transparent
es,representación,fr,représentation,transparent
es,representante,fr,représentant,transparent
es,representar,fr,représenter,transparent
es,representativo,fr,représentatif,altered
es,represión,fr,répression,transparent
es,reprimir,fr,réprimer,altered
es,reprochar,fr,reprocher,transparent
es,reproche,fr,reproche,transparent
es,reproducción,fr,reproduction,transparent
es,reproducir,fr,reproduire,altered
es,reptil,fr,reptile,transparent
es,republicano,fr,républicain,transparent
es,repujado,fr,repoussé,altered
es,reputación,fr,réputation,transparent
es,reputar,fr,réputé,altered
es,república,fr,république,transparent
es,requerir,fr,requis,altered
es,resentido,fr,ressenti,altered
es,resentimiento,fr,ressentiment,transparent
es,resentir,fr,ressentir,transparent
es,reserva,fr,réserve,transparent
es,reservación,fr,réservation,transparent
es,reservado,fr,réservé,altered
es,reservar,fr,réserver,transparent
es,residencia,fr,résidence,altered
es,residencial,fr,résidentiel,transparent
es,residente,fr,résident,transparent
es,residir,fr,résider,transparent
es,residuo,fr,résidu,altered
es,resina,fr,résine,altered
es,resistencia,fr,résistance,transparent
es,resistente,fr,résistant,transparent
es,resistir,fr,résister,transparent
es,resolución,fr,résolution,altered
es,resolver,fr,résoudre,altered
es,resonancia,fr,résonance,transparent
es,resonar,fr,résonner,altered
es,resorte,fr,ressort,altered
es,respectivamente,fr,respectivement,transparent
es,respectivo,fr,respectif,transparent
es,respecto,fr,respect,transparent
es,respetable,fr,respectable,altered
es,respetar,fr,respecter,altered
es,respeto,fr,respect,altered
es,respetuoso,fr,respectueux,transparent
es,respiración,fr,respiration,transparent
es,respirar,fr,respirer,transparent
es,respiratorio,fr,respiratoire,transparent
es,responder,fr,répondre,transparent
es,respondón,fr,répondant,transparent
es,responsabilidad,fr,responsabilité,transparent
es,responsable,fr,responsable,transparent
es,respuesta,fr,réponse,altered
es,restablecer,fr,rétablir,altered
es,restablecimiento,fr,rétablissement,altered
es,restante,fr,restant,transparent
es,restauración,fr,restauration,transparent
es,restaurant,fr,restaurant,transparent
es,restaurante,fr,restaurant,transparent
es,restaurar,fr,restaurer,transparent
es,restitución,fr,restitution,transparent
es,restituir,fr,restituer,altered
es,resto,fr,reste,transparent
es,restricción,fr,restriction,transparent
es,restringir,fr,restreindre,transparent
es,resucitar,fr,ressusciter,altered
es,resueltamente,fr,résolument,transparent
es,resulta,fr,résulter,transparent
es,resultado,fr,résultat,transparent
es,resultando,fr,résultant,altered
es,resultante,fr,résultant,transparent
es,resultar,fr,résulter,transparent
es,resumen,fr,résumé,altered
es,resumir,fr,résumer,altered
es,resurrección,fr,résurrection,transparent
es,retardar,fr,retarder,transparent
es,retardo,fr,retard,transparent
es,retención,fr,rétention,altered
es,retener,fr,retenir,transparent
es,retirado,fr,retiré,transparent
es,retirar,fr,retirer,transparent
es,retornar,fr,retourner,transparent
es,retorno,fr,retour,altered
es,retrasado,fr,retardé,altered
es,retrasar,fr,retarder,altered
es,retro,fr,rétro,transparent
es,retrospectiva,fr,rétrospective,transparent
es,retórica,fr,rhétorique,altered
es,reunion,fr,réunion,transparent
es,reunión,fr,réunion,transparent
es,revancha,fr,revanche,transparent
es,reveer,fr,revoir,altered
es,revelación,fr,révélation,transparent
es,revelado,fr,révélé,transparent
es,revelador,fr,révélateur,altered
es,revenant,fr,revenant,transparent
es,revender,fr,revendre,transparent
es,reventa,fr,revente,transparent
es,reverendo,fr,révérend,altered
es,reverso,fr,revers,transparent
es,revestimiento,fr,revêtement,transparent
es,revestir,fr,revêtir,altered
es,revisar,fr,réviser,transparent
es,revisión,fr,révision,transparent
es,revivir,fr,revivre,transparent
es,revolucion,fr,révolution,transparent
es,revolucionario,fr,révolutionnaire,transparent
es,revolución,fr,révolution,transparent
es,revolver,fr,revolver,transparent
es,revuelta,fr,révolte,transparent
es,revés,fr,revers,transparent
es,revólver,fr,revolver,transparent
es,rey,fr,roi,altered
es,reír,fr,rire,altered
es,riachuelo,fr,ruisseau,altered
es,ribera,fr,rivière,altered
es,ribereño,fr,riverain,altered
es,richard,fr,richard,transparent
es,rico,fr,riche,altered
es,ridiculo,fr,ridicule,transparent
es,ridículo,fr,ridicule,transparent
es,riel,fr,rail,transparent
es,riesgo,fr,risque,altered
es,rigidez,fr,rigidité,altered
es,rigor,fr,rigueur,altered
es,riguroso,fr,rigoureux,transparent
es,rima,fr,rime,transparent
es,ring,fr,ring,transparent
es,rinoceronte,fr,rhinocéros,altered
es,rip,fr,rip,transparent
es,riqueza,fr,richesse,altered
es,ritmo,fr,rythme,altered
es,rito,fr,rite,altered
es,ritual,fr,rituel,transparent
es,rival,fr,rival,transparent
es,rivalidad,fr,rivalité,transparent
es,rivalizar,fr,rivaliser,altered
es,riñón,fr,rein,altered
es,robot,fr,robot,transparent
es,robusto,fr,robuste,transparent
es,robótica,fr,robotique,altered
es,roca,fr,roche,altered
es,rociar,fr,arroser,altered
es,rock,fr,rock,transparent
es,rodante,fr,roulant,altered
es,rol,fr,rôle,transparent
es,rollo,fr,rouleau,altered
es,romance,fr,roman,altered
es,romano,fr,romain,transparent
es,romanticismo,fr,romantisme,transparent
es,romper,fr,rompre,transparent
es,romántico,fr,romantique,transparent
es,ronda,fr,ronde,altered
es,rosa,fr,rose,transparent
es,rosado,fr,rosé,altered
es,rotación,fr,rotation,transparent
es,rotura,fr,rupture,altered
es,royal,fr,royal,transparent
es,rubro,fr,rubrique,altered
es,rubí,fr,rubis,altered
es,rudo,fr,rude,transparent
es,rue,fr,rue,transparent
es,rueda,fr,roue,altered
es,rugby,fr,rugby,transparent
es,ruina,fr,ruine,transparent
es,ruinar,fr,ruiner,transparent
es,ruiseñor,fr,rossignol,altered
es,ruleta,fr,roulette,altered
es,rumano,fr,roumain,altered
es,rumor,fr,rumeur,altered
es,ruptura,fr,rupture,transparent
es,rural,fr,rural,transparent
es,rusia,fr,russie,altered
es,ruso,fr,russe,transparent
es,ruta,fr,route,altered
es,rutina,fr,routine,altered
es,ráfaga,fr,rafale,transparent
es,rápidamente,fr,rapidement,altered
es,rápido,fr,rapide,transparent
es,récord,fr,record,transparent
es,régimen,fr,régime,transparent
es,réplica,fr,réplique,transparent
es,rígido,fr,rigide,transparent
es,rúa,fr,rue,transparent
es,rúbrica,fr,rubrique,transparent
es,rústico,fr,rustique,altered
es,saber,fr,savoir,altered
es,sabiamente,fr,sagement,altered
es,sable,fr,sabre,altered
es,sabor,fr,saveur,altered
es,saborear,fr,savourer,altered
es,sabotaje,fr,sabotage,transparent
es,saca,fr,sac,altered
es,saco,fr,sac,transparent
es,sacramento,fr,sacrement,altered
es,sacrificar,fr,sacrifier,transparent
es,sacrificio,fr,sacrifice,transparent
es,sacristán,fr,sacristain,transparent
es,sacro,fr,sacrer,transparent
es,sacudir,fr,secouer,altered
es,safari,fr,safari,transparent
es,saga,fr,saga,transparent
es,sahara,fr,sahara,transparent
es,sajón,fr,saxon,transparent
es,sal,fr,sel,altered
es,sala,fr,salle,transparent
es,salar,fr,saler,transparent
es,salarial,fr,salarial,transparent
es,salario,fr,salaire,transparent
es,salchicha,fr,saucisse,altered
es,saldar,fr,solder,altered
es,saldo,fr,solde,altered
es,saliva,fr,salive,transparent
es,salmón,fr,saumon,altered
es,salon,fr,salon,transparent
es,saltar,fr,sauter,altered
es,saltear,fr,saute,altered
es,salto,fr,saut,altered
es,saludar,fr,saluer,altered
es,salvador,fr,sauveur,altered
es,salvaguardar,fr,sauvegarder,altered
es,salvaguardia,fr,sauvegarde,altered
es,salvaje,fr,sauvage,altered
es,salvamento,fr,sauvetage,altered
es,salvar,fr,sauver,altered
es,salón,fr,salon,transparent
es,samba,fr,samba,transparent
es,samsung,fr,samsung,transparent
es,samuel,fr,samuel,transparent
es,san,fr,saint,altered
es,sancionar,fr,sanctionner,transparent
es,sanción,fr,sanction,altered
es,sandalia,fr,sandale,altered
es,sandwich,fr,sandwich,transparent
es,saneamiento,fr,assainissement,altered
es,sangrante,fr,sanglant,transparent
es,sangrar,fr,saigner,altered
es,sangre,fr,sang,altered
es,sanguíneo,fr,sanguin,altered
es,sanidad,fr,santé,altered
es,sanitario,fr,sanitaire,altered
es,sano,fr,sain,altered
es,santidad,fr,sainteté,altered
es,santo,fr,saint,altered
es,santuario,fr,sanctuaire,altered
es,saqueo,fr,sac,altered
es,sarga,fr,serge,altered
es,sargento,fr,sergent,altered
es,satanás,fr,satan,altered
es,satisfacción,fr,satisfaction,transparent
es,satisfacer,fr,satisfait,altered
es,saturación,fr,saturation,transparent
es,saturar,fr,saturer,transparent
es,saturno,fr,saturne,altered
es,satán,fr,satan,transparent
es,satélite,fr,satellite,transparent
es,satírico,fr,satirique,transparent
es,saudita,fr,saoudien,altered
es,saudí,fr,saoudite,altered
es,scoop,fr,scoop,transparent
es,scooter,fr,scooter,transparent
es,scout,fr,scout,transparent
es,screen,fr,screen,transparent
es,script,fr,script,transparent
es,sebastián,fr,sébastien,altered
es,secar,fr,sécher,transparent
es,seccion,fr,section,altered
es,sección,fr,section,transparent
es,secesión,fr,sécession,altered
es,seco,fr,sec,altered
es,second,fr,second,transparent
es,secretamente,fr,secrètement,altered
es,secretario,fr,secrétaire,altered
es,secretaría,fr,secrétariat,altered
es,secreto,fr,secret,transparent
es,secta,fr,secte,altered
es,sector,fr,secteur,transparent
es,secuela,fr,séquelle,altered
es,secuencia,fr,séquence,transparent
es,secuenciar,fr,séquencer,transparent
es,secundar,fr,seconder,transparent
es,secundario,fr,secondaire,transparent
es,sede,fr,siège,altered
es,seducción,fr,séduction,transparent
es,seducir,fr,séduire,transparent
es,seductor,fr,séduisant,altered
es,segmento,fr,segment,transparent
es,segregación,fr,ségrégation,transparent
es,seguida,fr,suite,altered
es,seguidamente,fr,successivement,altered
es,seguimiento,fr,suivi,altered
es,seguir,fr,suivre,altered
es,segundo,fr,second,transparent
es,seguramente,fr,sûrement,altered
es,seguridad,fr,sécurité,altered
es,seguro,fr,sûr,altered
es,seis,fr,six,altered
es,seleccion,fr,sélection,altered
es,seleccionador,fr,sélectionneur,transparent
es,seleccionar,fr,sélectionner,altered
es,selección,fr,sélection,altered
es,selectivo,fr,sélectif,transparent
es,sellado,fr,scellé,altered
es,semana,fr,semaine,transparent
es,semblante,fr,semblant,transparent
es,sembrar,fr,semer,altered
es,semejante,fr,ressemblant,altered
es,semejanza,fr,ressemblance,altered
es,semestre,fr,semestre,transparent
es,semi,fr,semi,transparent
es,seminario,fr,séminaire,transparent
es,semántica,fr,sémantique,transparent
es,semántico,fr,sémantique,transparent
es,senado,fr,sénat,altered
es,senador,fr,sénateur,altered
es,sencillamente,fr,simplement,altered
es,senda,fr,sentier,altered
es,sendero,fr,sentier,altered
es,senegalés,fr,sénégalais,transparent
es,senior,fr,seigneur,altered
es,seno,fr,sein,altered
es,senor,fr,seigneur,altered
es,sensacion,fr,sensation,transparent
es,sensación,fr,sensation,transparent
es,sensato,fr,sensé,altered
es,sensibilidad,fr,sensibilité,transparent
es,sensibilización,fr,sensibilisation,transparent
es,sensibilizar,fr,sensibiliser,transparent
es,sensiblemente,fr,sensiblement,transparent
es,sentar,fr,asseoir,altered
es,sentido,fr,sens,altered
es,sentimental,fr,sentimental,transparent
es,sentimiento,fr,sentiment,transparent
es,sentir,fr,sentir,transparent
es,separación,fr,séparation,transparent
es,separadamente,fr,séparément,transparent
es,separar,fr,séparer,transparent
es,separatista,fr,séparatiste,altered
es,septentrional,fr,septentrional,transparent
es,septiembre,fr,septembre,altered
es,sepultar,fr,sépulture,transparent
es,sepultura,fr,sépulture,transparent
es,sequedad,fr,sécheresse,altered
es,ser,fr,être,altered
es,serbio,fr,serbe,altered
es,serenidad,fr,sérénité,altered
es,seriamente,fr,sérieusement,transparent
es,serie,fr,série,transparent
es,seriedad,fr,sérieux,altered
es,serio,fr,sérieux,altered
es,sermón,fr,sermon,transparent
es,serpiente,fr,serpent,altered
es,servicio,fr,service,transparent
es,servidor,fr,serveur,altered
es,servir,fr,servir,transparent
es,sesenta,fr,soixante,altered
es,sesión,fr,séance,altered
es,setiembre,fr,septembre,altered
es,seudónimo,fr,pseudo,altered
es,severamente,fr,sévèrement,transparent
es,severo,fr,sévère,transparent
es,sexismo,fr,sexisme,transparent
es,sexista,fr,sexiste,transparent
es,sexo,fr,sexe,transparent
es,sexual,fr,sexuel,altered
es,sexualidad,fr,sexualité,transparent
es,sexualmente,fr,sexuellement,altered
es,sexy,fr,sexy,transparent
es,seísmo,fr,séisme,altered
es,señal,fr,signal,altered
es,señalamiento,fr,signalement,altered
es,señalar,fr,signaler,altered
es,señalización,fr,signalisation,altered
es,señor,fr,senior,altered
es,sharia,fr,charia,transparent
es,sheriff,fr,shérif,transparent
es,shirt,fr,shirt,transparent
es,shock,fr,choc,altered
es,shop,fr,shop,transparent
es,show,fr,show,transparent
es,siberia,fr,sibérie,transparent
es,sic,fr,sic,transparent
es,sida,fr,sida,transparent
es,sidra,fr,cidre,altered
es,sierra,fr,scie,altered
es,siervo,fr,serf,altered
es,siesta,fr,sieste,transparent
es,siete,fr,sept,altered
es,siglo,fr,siècle,altered
es,signar,fr,signer,altered
es,signatario,fr,signataire,transparent
es,signatura,fr,signature,transparent
es,significación,fr,signification,transparent
es,significante,fr,signifiant,transparent
es,significar,fr,signifier,transparent
es,significativamente,fr,significativement,transparent
es,significativo,fr,significatif,altered
es,signo,fr,signe,altered
es,siguiente,fr,suivant,transparent
es,silencio,fr,silence,transparent
es,silencioso,fr,silencieux,altered
es,silla,fr,selle,altered
es,silueta,fr,silhouette,transparent
es,silvestre,fr,sylvestre,altered
es,simbolizar,fr,symboliser,altered
es,simbólico,fr,symbolique,transparent
es,simetría,fr,symétrie,altered
es,similar,fr,similaire,transparent
es,similitud,fr,similitude,transparent
es,simpatizante,fr,sympathisant,altered
es,simpatía,fr,sympathie,transparent
es,simple,fr,simple,transparent
es,simplemente,fr,simplement,transparent
es,simplicidad,fr,simplicité,transparent
es,simplificación,fr,simplification,transparent
es,simplificar,fr,simplifier,transparent
es,simulación,fr,simulation,transparent
es,simulador,fr,simulateur,transparent
es,simular,fr,simuler,transparent
es,simultáneamente,fr,simultanément,altered
es,sin,fr,sans,altered
es,sinagoga,fr,synagogue,altered
es,sinceramente,fr,sincèrement,transparent
es,sinceridad,fr,sincérité,altered
es,sincero,fr,sincère,transparent
es,sindical,fr,syndical,altered
es,sindicalismo,fr,syndicalisme,altered
es,sindicalista,fr,syndicaliste,altered
es,sindicato,fr,syndicat,altered
es,sinfonía,fr,symphonie,altered
es,sinfónico,fr,symphonique,altered
es,singapur,fr,singapour,transparent
es,singular,fr,singulier,altered
es,singularidad,fr,singularité,altered
es,siniestro,fr,sinistre,transparent
es,sinopsis,fr,synopsis,transparent
es,sintaxis,fr,syntaxe,altered
es,sintético,fr,synthétique,altered
es,sinónimo,fr,synonyme,altered
es,sionista,fr,sioniste,transparent
es,sirena,fr,sirène,altered
es,sirio,fr,syrien,altered
es,sirviente,fr,servant,altered
es,sismo,fr,séisme,transparent
es,sistema,fr,système,transparent
es,sistemática,fr,systématique,transparent
es,sistemáticamente,fr,systématiquement,altered
es,sistemático,fr,systématique,altered
es,sistémico,fr,systémique,altered
es,site,fr,site,transparent
es,situacion,fr,situation,transparent
es,situación,fr,situation,transparent
es,situado,fr,situer,transparent
es,situar,fr,situer,transparent
es,sketch,fr,sketch,transparent
es,slip,fr,slip,transparent
es,smartphone,fr,smartphone,transparent
es,sms,fr,sms,transparent
es,soberanista,fr,souverainiste,transparent
es,soberano,fr,souverain,altered
es,soberanía,fr,souveraineté,altered
es,soberbio,fr,superbe,altered
es,sobrecarga,fr,surcharge,altered
es,sobredosis,fr,overdose,altered
es,sobrenombre,fr,surnom,altered
es,sobretodo,fr,surtout,altered
es,sobrevenir,fr,survenir,transparent
es,sobreviviente,fr,survivant,altered
es,sobrevivir,fr,survivre,altered
es,sobriedad,fr,sobriété,transparent
es,sobrio,fr,sobre,transparent
es,social,fr,social,transparent
es,socialismo,fr,socialisme,transparent
es,socialista,fr,socialiste,altered
es,socialmente,fr,socialement,transparent
es,sociedad,fr,société,transparent
es,socio,fr,socio,transparent
es,sociología,fr,sociologie,transparent
es,sociológico,fr,sociologique,altered
es,sociólogo,fr,sociologue,altered
es,socorrer,fr,secourir,transparent
es,socorro,fr,secours,altered
es,soda,fr,soda,transparent
es,sodio,fr,sodium,transparent
es,sodomía,fr,sodomie,transparent
es,software,fr,software,transparent
es,soirée,fr,soirée,transparent
es,soja,fr,soja,transparent
es,sol,fr,sol,altered
es,solamente,fr,seulement,altered
es,solar,fr,solaire,transparent
es,soldado,fr,soldat,altered
es,soledad,fr,solitude,altered
es,solicitante,fr,solliciter,altered
es,solicitar,fr,solliciter,altered
es,solidaridad,fr,solidarité,transparent
es,solidario,fr,solidaire,transparent
es,solidez,fr,solidité,altered
es,solitaria,fr,solitaire,altered
es,solitario,fr,solitaire,transparent
es,solo,fr,seul,altered
es,solucion,fr,solution,transparent
es,solución,fr,solution,transparent
es,somalí,fr,somalie,transparent
es,sombra,fr,ombre,altered
es,sombrío,fr,sombre,altered
es,sonar,fr,sonner,transparent
es,sonda,fr,sonde,transparent
es,sondeo,fr,sondage,altered
es,sonido,fr,son,altered
es,sonoro,fr,sonore,transparent
es,sonreír,fr,sourire,altered
es,sonriente,fr,souriant,altered
es,sonrisa,fr,sourire,altered
es,sopa,fr,soupe,altered
es,soplar,fr,souffler,altered
es,soportar,fr,supporter,altered
es,soporte,fr,support,altered
es,soporífero,fr,soporifique,altered
es,soprano,fr,soprano,transparent
es,sordo,fr,sourd,transparent
es,sorprendente,fr,surprenant,altered
es,sorprender,fr,surprendre,altered
es,sorpresa,fr,surpris,transparent
es,sorpresivo,fr,surprenant,altered
es,sos,fr,sos,transparent
es,sospecha,fr,suspicion,transparent
es,sospechar,fr,soupçonner,altered
es,sostener,fr,soutenir,altered
es,sostenido,fr,soutenir,altered
es,sostén,fr,soutien,altered
es,sound,fr,sound,transparent
es,soviético,fr,soviétique,transparent
es,soya,fr,soja,altered
es,spa,fr,spa,transparent
es,spam,fr,spam,transparent
es,spin,fr,spin,transparent
es,spoiler,fr,spoiler,transparent
es,sponsor,fr,sponsor,transparent
es,sport,fr,sport,transparent
es,spot,fr,spot,transparent
es,sprint,fr,sprint,transparent
es,staff,fr,staff,transparent
es,stand,fr,stand,transparent
es,standing,fr,standing,transparent
es,start,fr,start,transparent
es,station,fr,station,transparent
es,status,fr,statut,altered
es,stella,fr,stella,transparent
es,stock,fr,stock,transparent
es,stop,fr,stop,transparent
es,story,fr,story,transparent
es,stream,fr,stream,transparent
es,streaming,fr,streaming,transparent
es,studio,fr,studio,transparent
es,sub,fr,sub,transparent
es,subjetivo,fr,subjectif,transparent
es,sublime,fr,sublime,transparent
es,subsistencia,fr,subsistance,transparent
es,subsistir,fr,subsister,transparent
es,substancia,fr,substance,altered
es,subterráneo,fr,souterrain,altered
es,subvención,fr,subvention,transparent
es,subvenir,fr,subvenir,transparent
es,suceder,fr,succéder,altered
es,sucedido,fr,succéder,altered
es,sucesivamente,fr,successivement,altered
es,sucesivo,fr,successif,transparent
es,sucesión,fr,succession,transparent
es,sucesor,fr,successeur,transparent
es,sucursal,fr,succursale,altered
es,sud,fr,sud,transparent
es,sudar,fr,suer,altered
es,sudor,fr,sueur,altered
es,suecia,fr,suède,altered
es,sueco,fr,suédois,altered
es,suelo,fr,sol,transparent
es,suero,fr,sérum,altered
es,suerte,fr,sorte,altered
es,suficiente,fr,suffisant,altered
es,suficientemente,fr,suffisamment,transparent
es,suflé,fr,soufflé,altered
es,sufragio,fr,suffrage,transparent
es,sufrido,fr,souffrir,altered
es,sufriente,fr,souffrant,altered
es,sufrimiento,fr,souffrance,altered
es,sufrir,fr,souffrir,altered
es,sugerencia,fr,suggestion,altered
es,sugerir,fr,suggérer,altered
es,suicida,fr,suicider,transparent
es,suicidar,fr,suicider,altered
es,suicidio,fr,suicide,transparent
es,suite,fr,suite,transparent
es,suizo,fr,suisse,altered
es,sujeto,fr,sujet,altered
es,sultán,fr,sultan,transparent
es,sumario,fr,sommaire,altered
es,sumisión,fr,soumission,altered
es,sumiso,fr,soumis,altered
es,super,fr,super,transparent
es,superb,fr,superbe,altered
es,superestrella,fr,superstar,altered
es,superficial,fr,superficiel,transparent
es,superficie,fr,surface,altered
es,superior,fr,supérieur,transparent
es,superioridad,fr,supériorité,transparent
es,superman,fr,superman,transparent
es,supermercado,fr,supermarché,altered
es,supervisión,fr,supervision,transparent
es,suplementario,fr,supplémentaire,transparent
es,suplemento,fr,supplément,transparent
es,suplente,fr,suppléant,altered
es,suplicar,fr,supplier,transparent
es,suponer,fr,supposer,transparent
es,supra,fr,supra,transparent
es,suprema,fr,suprême,altered
es,supremacía,fr,suprématie,altered
es,supremo,fr,suprême,transparent
es,supresión,fr,suppression,transparent
es,supuesto,fr,supposer,transparent
es,sur,fr,sud,altered
es,surf,fr,surf,transparent
es,surfear,fr,surfer,transparent
es,surgir,fr,surgir,transparent
es,surrealista,fr,surréaliste,altered
es,susceptible,fr,susceptible,transparent
es,suscitar,fr,susciter,transparent
es,suscribir,fr,souscrire,altered
es,suscripción,fr,souscription,altered
es,suspender,fr,suspendre,altered
es,suspense,fr,suspense,transparent
es,suspensión,fr,suspension,transparent
es,suspenso,fr,suspendre,altered
es,suspirar,fr,soupirer,altered
es,suspiro,fr,soupir,altered
es,sustancia,fr,substance,altered
es,sustentar,fr,soutenir,transparent
es,sustitución,fr,substitution,transparent
es,sustituir,fr,substituer,altered
es,sustituto,fr,substitut,transparent
es,susto,fr,sursaut,altered
es,sustraer,fr,soustraire,altered
es,sutil,fr,subtil,altered
es,sutileza,fr,subtilité,altered
es,suyo,fr,sien,altered
es,sweet,fr,sweet,transparent
es,sábado,fr,samedi,altered
es,sándwich,fr,sandwich,transparent
es,sátira,fr,satire,transparent
es,séptimo,fr,septième,altered
es,sí,fr,si,transparent
es,símbolo,fr,symbole,altered
es,síndico,fr,syndic,altered
es,síndrome,fr,syndrome,altered
es,sínodo,fr,synode,altered
es,síntesis,fr,synthèse,altered
es,síntoma,fr,symptôme,altered
es,sólidamente,fr,solidement,transparent
es,sólido,fr,solide,transparent
es,súbitamente,fr,soudainement,altered
es,súbito,fr,subit,altered
es,súper,fr,super,transparent
es,tabaco,fr,tabac,transparent
es,tablado,fr,tableau,altered
es,tablero,fr,tableau,altered
es,tablet,fr,tablette,altered
es,tableta,fr,tablette,transparent
es,tablón,fr,tableau,altered
es,tabú,fr,tabou,transparent
es,tachar,fr,tacher,transparent
es,tacón,fr,talon,transparent
es,tag,fr,tag,transparent
es,taiwán,fr,taïwan,transparent
es,tajante,fr,tranchant,altered
es,tal,fr,tel,altered
es,talento,fr,talent,altered
es,talentoso,fr,talentueux,altered
es,talibán,fr,taliban,transparent
es,talla,fr,taille,altered
es,tallado,fr,tailler,transparent
es,talle,fr,taille,altered
es,taller,fr,atelier,altered
es,talón,fr,talon,transparent
es,tambor,fr,tambour,transparent
es,tampón,fr,tampon,transparent
es,tango,fr,tango,transparent
es,tanteo,fr,tantôt,altered
es,tanto,fr,tant,altered
es,tanzania,fr,tanzanie,transparent
es,tapete,fr,tapis,altered
es,tapicería,fr,tapisserie,altered
es,tapiz,fr,tapis,altered
es,tapón,fr,tampon,altered
es,tara,fr,tara,transparent
es,tarar,fr,tarer,transparent
es,tardar,fr,tarder,transparent
es,tarde,fr,tard,altered
es,tardíamente,fr,tardivement,transparent
es,tardío,fr,tardif,altered
es,tarifa,fr,tarif,altered
es,tarificación,fr,tarification,transparent
es,tarta,fr,tarte,altered
es,tasa,fr,taxe,transparent
es,tatuaje,fr,tatouage,altered
es,taxi,fr,taxi,transparent
es,taza,fr,tasse,altered
es,teatral,fr,théâtral,transparent
es,teatro,fr,théâtre,altered
es,tecnica,fr,technique,transparent
es,tecnico,fr,technique,transparent
es,tecno,fr,techno,transparent
es,tecnologia,fr,technologie,altered
es,tecnología,fr,technologie,transparent
es,tecnológico,fr,technologique,transparent
es,tee,fr,tee,transparent
es,tele,fr,télé,transparent
es,telecomunicación,fr,télécommunications,transparent
es,telefonear,fr,téléphoner,transparent
es,telefono,fr,téléphoner,transparent
es,telefonía,fr,téléphonie,transparent
es,telefónico,fr,téléphonique,transparent
es,telegram,fr,télégramme,altered
es,telegrama,fr,télégramme,altered
es,telescopio,fr,télescope,altered
es,telespectador,fr,téléspectateur,transparent
es,televidente,fr,téléspectateur,altered
es,televisar,fr,télévisé,transparent
es,television,fr,télévision,altered
es,televisivo,fr,télévisé,altered
es,televisión,fr,télévision,transparent
es,teléfono,fr,téléphoner,transparent
es,tema,fr,thème,altered
es,temblar,fr,trembler,altered
es,temperamento,fr,tempérament,altered
es,temperatura,fr,température,altered
es,tempestad,fr,tempête,altered
es,templo,fr,temple,altered
es,tempo,fr,tempo,transparent
es,temporal,fr,temporel,transparent
es,temporalmente,fr,temporairement,transparent
es,temporario,fr,temporaire,altered
es,temática,fr,thématique,altered
es,temático,fr,thématique,altered
es,tenaz,fr,tenace,altered
es,tendencia,fr,tendance,transparent
es,tender,fr,tendre,altered
es,tendido,fr,tendre,altered
es,tener,fr,tenir,altered
es,teniente,fr,lieutenant,altered
es,tenis,fr,tennis,altered
es,tenor,fr,teneur,altered
es,tensión,fr,tension,transparent
es,tenso,fr,tendre,altered
es,tentación,fr,tentation,transparent
es,tentador,fr,tentant,altered
es,tentar,fr,tenter,transparent
es,tentativa,fr,tentative,transparent
es,tenue,fr,tenu,transparent
es,teología,fr,théologie,transparent
es,teológico,fr,théologique,transparent
es,teorema,fr,théorème,altered
es,teoria,fr,théorie,altered
es,teoría,fr,théorie,transparent
es,terapia,fr,thérapie,altered
es,terapéutica,fr,thérapeutique,altered
es,terapéutico,fr,thérapeutique,altered
es,tercer,fr,tiers,altered
es,tercero,fr,tiers,altered
es,terciario,fr,tertiaire,altered
es,tercio,fr,tiers,altered
es,terminal,fr,terminal,transparent
es,terminar,fr,terminer,transparent
es,terminología,fr,terminologie,transparent
es,terminos,fr,terme,altered
es,termómetro,fr,thermomètre,altered
es,terraplenar,fr,terrasser,altered
es,terreno,fr,terrain,transparent
es,terrestre,fr,terrestre,transparent
es,terrible,fr,terrible,transparent
es,terriblemente,fr,terriblement,transparent
es,territorial,fr,territorial,transparent
es,territorio,fr,territoire,transparent
es,terroir,fr,terroir,transparent
es,terror,fr,terreur,altered
es,terrorismo,fr,terrorisme,transparent
es,terrorista,fr,terroriste,altered
es,tesis,fr,thèse,altered
es,tesorero,fr,trésorier,altered
es,tesorería,fr,trésorerie,altered
es,tesoro,fr,trésor,altered
es,test,fr,test,transparent
es,testamento,fr,testament,transparent
es,testimoniar,fr,témoigner,altered
es,testimonio,fr,témoignage,altered
es,testículo,fr,testicule,transparent
es,texas,fr,texas,transparent
es,textil,fr,textile,transparent
es,texto,fr,texte,transparent
es,textura,fr,texture,altered
es,teñir,fr,teinter,altered
es,teóricamente,fr,théoriquement,transparent
es,teórico,fr,théorique,transparent
es,tic,fr,tic,transparent
es,ticket,fr,ticket,transparent
es,tiempo,fr,temps,altered
es,tienta,fr,tente,altered
es,tierno,fr,tendre,altered
es,tierra,fr,terre,altered
es,tiger,fr,tigre,altered
es,tigre,fr,tigre,transparent
es,timbrar,fr,timbrer,transparent
es,timbre,fr,timbre,transparent
es,timing,fr,timing,transparent
es,tiniebla,fr,ténèbres,altered
es,tinte,fr,teinture,altered
es,tinto,fr,teinter,altered
es,tintura,fr,teinture,altered
es,tipico,fr,typique,altered
es,tipo,fr,type,transparent
es,tiquete,fr,ticket,transparent
es,tira,fr,tire,transparent
es,tirada,fr,tirée,altered
es,tirado,fr,tiré,transparent
es,tirador,fr,tireur,altered
es,tiraje,fr,tirage,altered
es,tirano,fr,tyran,altered
es,tirante,fr,tirant,transparent
es,tiranía,fr,tyrannie,altered
es,tirar,fr,tirer,transparent
es,tiro,fr,tir,transparent
es,tisú,fr,tissu,transparent
es,titular,fr,titulaire,transparent
es,titán,fr,titan,transparent
es,tocante,fr,touchant,altered
es,tocar,fr,toucher,altered
es,todo,fr,tout,altered
es,toilette,fr,toilette,transparent
es,tolerancia,fr,tolérance,altered
es,tolerar,fr,tolérer,altered
es,tom,fr,tom,transparent
es,toma,fr,tome,altered
es,tomate,fr,tomate,transparent
es,tomo,fr,tome,transparent
es,ton,fr,ton,transparent
es,tonalidad,fr,tonalité,transparent
es,tonel,fr,tonneau,transparent
es,tono,fr,ton,altered
es,top,fr,top,transparent
es,toque,fr,toucher,transparent
es,torbellino,fr,tourbillon,altered
es,torcer,fr,tordre,altered
es,tormenta,fr,tourmente,altered
es,torna,fr,tourne,altered
es,tornado,fr,tornade,transparent
es,tornar,fr,tourner,altered
es,torneo,fr,tournoi,altered
es,torno,fr,tour,transparent
es,torre,fr,tour,altered
es,torrent,fr,torrent,transparent
es,torrente,fr,torrent,transparent
es,torso,fr,torse,transparent
es,tortuga,fr,tortue,transparent
es,tortura,fr,torturer,altered
es,torturar,fr,torturer,transparent
es,tos,fr,toux,altered
es,toscano,fr,toscan,transparent
es,toser,fr,tousser,altered
es,total,fr,total,transparent
es,totalidad,fr,totalité,transparent
es,totalmente,fr,totalement,transparent
es,tour,fr,tour,transparent
es,toxicidad,fr,toxicité,transparent
es,trabajador,fr,travailleur,altered
es,trabajar,fr,travailler,transparent
es,trabajo,fr,travail,altered
es,tracción,fr,traction,transparent
es,tracto,fr,tract,transparent
es,tractor,fr,tracteur,altered
es,tradicional,fr,traditionnel,altered
es,tradicionalmente,fr,traditionnellement,transparent
es,tradición,fr,tradition,transparent
es,traducción,fr,traduction,transparent
es,traducir,fr,traduire,transparent
es,traductor,fr,traducteur,altered
es,traficante,fr,trafiquant,altered
es,tragedia,fr,tragédie,transparent
es,traicionero,fr,traître,altered
es,traición,fr,trahison,altered
es,traidor,fr,traître,altered
es,trama,fr,trame,transparent
es,tramitar,fr,traiter,altered
es,trampolín,fr,tremplin,transparent
es,tranquilamente,fr,tranquillement,altered
es,tranquilidad,fr,tranquillité,transparent
es,tranquilo,fr,tranquille,transparent
es,transacción,fr,transaction,transparent
es,transcripción,fr,transcription,transparent
es,transferencia,fr,transfert,altered
es,transferir,fr,transférer,altered
es,transformación,fr,transformation,transparent
es,transformar,fr,transformer,transparent
es,transición,fr,transition,transparent
es,transitorio,fr,transitoire,transparent
es,translación,fr,translation,transparent
es,transmisión,fr,transmission,altered
es,transmitir,fr,transmettre,transparent
es,transparencia,fr,transparence,transparent
es,transparente,fr,transparent,transparent
es,transportador,fr,transporteur,transparent
es,transportar,fr,transporter,altered
es,transporte,fr,transport,transparent
es,transversal,fr,transversale,altered
es,tranvía,fr,tram,altered
es,traslación,fr,translation,transparent
es,trasmitir,fr,transmettre,altered
es,tratado,fr,traité,altered
es,tratamiento,fr,traitement,transparent
es,tratante,fr,traitant,transparent
es,tratar,fr,traiter,transparent
es,trato,fr,traité,altered
es,traumatismo,fr,traumatisme,transparent
es,traumático,fr,traumatique,transparent
es,travesía,fr,traversée,altered
es,través,fr,travers,transparent
es,trayecto,fr,trajet,altered
es,trayectoria,fr,trajectoire,altered
es,trazado,fr,tracé,altered
es,trazar,fr,tracer,altered
es,trazo,fr,trait,altered
es,tregua,fr,trêve,altered
es,treinta,fr,trente,altered
es,treintena,fr,trentaine,altered
es,tren,fr,train,altered
es,tres,fr,trois,altered
es,triangular,fr,triangulaire,altered
es,triar,fr,trier,transparent
es,tribu,fr,tribu,transparent
es,tribuna,fr,tribune,transparent
es,tribunal,fr,tribunal,transparent
es,tributo,fr,tribut,altered
es,tricolor,fr,tricolore,altered
es,trilogía,fr,trilogie,altered
es,trimestre,fr,trimestre,transparent
es,trinchera,fr,tranchée,altered
es,trinidad,fr,trinité,altered
es,trio,fr,trio,transparent
es,trip,fr,trip,transparent
es,tripa,fr,tripe,transparent
es,triple,fr,triple,transparent
es,triste,fr,triste,transparent
es,tristemente,fr,tristement,transparent
es,tristeza,fr,tristesse,altered
es,triunfo,fr,triomphe,altered
es,triángulo,fr,triangle,transparent
es,trofeo,fr,trophée,altered
es,trol,fr,troll,transparent
es,trolls,fr,troll,transparent
es,trompeta,fr,trompette,altered
es,tronco,fr,tronc,transparent
es,trono,fr,trône,altered
es,tropa,fr,troupe,altered
es,tropical,fr,tropical,transparent
es,trotar,fr,trotter,altered
es,truco,fr,truc,transparent
es,trusa,fr,trousse,altered
es,tráfico,fr,trafic,transparent
es,trágico,fr,tragique,transparent
es,tránsito,fr,transit,transparent
es,tría,fr,tri,transparent
es,trío,fr,trio,transparent
es,tsunami,fr,tsunami,transparent
es,tuberculosis,fr,tuberculose,altered
es,tubo,fr,tube,altered
es,tubérculo,fr,tuber,altered
es,tumba,fr,tombe,transparent
es,tumor,fr,tumeur,altered
es,tunecino,fr,tunisien,altered
es,tunisia,fr,tunisie,altered
es,turbo,fr,turbo,transparent
es,turco,fr,turc,altered
es,turismo,fr,tourisme,transparent
es,turista,fr,touriste,altered
es,turno,fr,tour,altered
es,turquesa,fr,turquoise,transparent
es,turquía,fr,turquie,transparent
es,turístico,fr,touristique,transparent
es,tutela,fr,tutelle,altered
es,tutor,fr,tuteur,altered
es,tuyo,fr,tien,altered
es,tweet,fr,tweet,transparent
es,tweets,fr,tweets,transparent
es,twitter,fr,twitter,transparent
es,táctica,fr,tactique,transparent
es,táctico,fr,tactique,altered
es,táctil,fr,tactile,transparent
es,tándem,fr,tandem,transparent
es,té,fr,the,transparent
es,técnica,fr,technique,transparent
es,técnicamente,fr,techniquement,transparent
es,técnico,fr,technique,altered
es,térmico,fr,thermique,altered
es,término,fr,terme,altered
es,tíbet,fr,tibet,altered
es,tímido,fr,timide,transparent
es,típicamente,fr,typiquement,transparent
es,típico,fr,typique,altered
es,título,fr,titre,altered
es,tórax,fr,thorax,altered
es,tóxico,fr,toxique,altered
es,tú,fr,tu,transparent
es,túnel,fr,tunnel,transparent
es,túnica,fr,tunique,transparent
es,ucraniano,fr,ukrainien,altered
es,ucranio,fr,ukraine,transparent
es,uganda,fr,ouganda,altered
es,ujier,fr,huissier,altered
es,ulterior,fr,ultérieur,transparent
es,ulteriormente,fr,ultérieurement,transparent
es,ultimos,fr,ultime,transparent
es,ultra,fr,ultra,transparent
es,ultraje,fr,outrage,altered
es,unanimidad,fr,unanimité,altered
es,unesco,fr,unesco,transparent
es,unicamente,fr,uniquement,transparent
es,unico,fr,unique,transparent
es,unidad,fr,unité,altered
es,unificación,fr,unification,transparent
es,uniforme,fr,uniforme,transparent
es,union,fr,union,transparent
es,unir,fr,unir,transparent
es,unitario,fr,unitaire,transparent
es,universal,fr,universel,transparent
es,universidad,fr,université,altered
es,universitario,fr,universitaire,transparent
es,universo,fr,univers,altered
es,unión,fr,union,transparent
es,uno,fr,un,transparent
es,unánime,fr,unanime,transparent
es,uranio,fr,uranium,transparent
es,urbanismo,fr,urbanisme,transparent
es,urbanización,fr,urbanisation,transparent
es,urbano,fr,urbain,transparent
es,urgencia,fr,urgence,transparent
es,urgente,fr,urgent,transparent
es,urna,fr,urne,altered
es,uruguay,fr,uruguay,transparent
es,usanza,fr,usage,altered
es,usar,fr,user,altered
es,user,fr,user,transparent
es,usina,fr,usine,transparent
es,usuario,fr,usager,transparent
es,utilidad,fr,utilité,transparent
es,utilitario,fr,utilitaire,transparent
es,utilizable,fr,utilisable,transparent
es,utilización,fr,utilisation,transparent
es,utilizar,fr,utiliser,transparent
es,utopía,fr,utopie,altered
es,vacación,fr,vacance,altered
es,vacancia,fr,vacance,transparent
es,vacunación,fr,vaccination,transparent
es,vagamente,fr,vaguement,transparent
es,vagina,fr,vagin,altered
es,vago,fr,vague,transparent
es,vagón,fr,wagon,transparent
es,vainilla,fr,vanille,altered
es,vajilla,fr,vaisselle,altered
es,val,fr,val,transparent
es,valencia,fr,valence,transparent
es,valer,fr,valoir,altered
es,valet,fr,valet,transparent
es,validación,fr,validation,altered
es,validar,fr,valider,transparent
es,validez,fr,validité,altered
es,valido,fr,valide,transparent
es,valiente,fr,vaillant,altered
es,valija,fr,valise,altered
es,valle,fr,vallée,altered
es,valor,fr,valeur,altered
es,valoración,fr,valorisation,altered
es,valorización,fr,valorisation,transparent
es,valorizar,fr,valoriser,transparent
es,vals,fr,valse,altered
es,valuar,fr,évaluer,altered
es,vampiro,fr,vampire,altered
es,vandalismo,fr,vandalisme,transparent
es,vano,fr,vain,transparent
es,vapor,fr,vapeur,altered
es,variable,fr,variable,transparent
es,variación,fr,variation,transparent
es,variante,fr,variante,transparent
es,variar,fr,varier,transparent
es,variedad,fr,variété,transparent
es,vascular,fr,vasculaire,altered
es,vasto,fr,vaste,transparent
es,vaticano,fr,vatican,transparent
es,vatio,fr,watt,altered
es,vecino,fr,voisin,altered
es,vector,fr,vecteur,altered
es,vegetación,fr,végétation,altered
es,vegetal,fr,végétal,transparent
es,vegetariano,fr,végétarien,altered
es,vehicular,fr,véhiculer,transparent
es,vehículo,fr,véhicule,transparent
es,veinte,fr,vingt,altered
es,veintena,fr,vingtaine,altered
es,vejez,fr,vieillesse,altered
es,velar,fr,voiler,altered
es,velero,fr,voilier,altered
es,velódromo,fr,vélodrome,transparent
es,vena,fr,veine,altered
es,vencedor,fr,vainqueur,altered
es,vencer,fr,vaincre,altered
es,vendedor,fr,vendeur,transparent
es,vender,fr,vendre,transparent
es,vendimiar,fr,vendanger,altered
es,venecia,fr,venise,altered
es,venerable,fr,vénérable,transparent
es,venezuela,fr,venezuela,transparent
es,venganza,fr,vengeance,altered
es,vengar,fr,venger,transparent
es,venir,fr,venir,transparent
es,venta,fr,vente,altered
es,ventaja,fr,avantage,altered
es,ventajoso,fr,avantageux,altered
es,ventilación,fr,ventilation,transparent
es,ventilador,fr,ventilateur,altered
es,venus,fr,vénus,transparent
es,ver,fr,voir,altered
es,verbal,fr,verbal,transparent
es,verbo,fr,verbe,transparent
es,verdad,fr,vérité,altered
es,verdaderamente,fr,vraiment,altered
es,verdadero,fr,véritable,altered
es,verde,fr,vert,altered
es,verdura,fr,verdure,transparent
es,veredicto,fr,verdict,transparent
es,vergel,fr,verger,altered
es,verificación,fr,vérification,transparent
es,verificar,fr,vérifier,transparent
es,versión,fr,version,transparent
es,verso,fr,verse,altered
es,versus,fr,versus,transparent
es,versículo,fr,verset,altered
es,vertebral,fr,vertébral,transparent
es,verter,fr,verser,altered
es,vertical,fr,verticale,transparent
es,vertiente,fr,versant,altered
es,vestido,fr,vêtir,altered
es,vestigio,fr,vestige,transparent
es,vestimenta,fr,vêtement,altered
es,vestir,fr,vêtir,altered
es,vestuario,fr,vestiaire,altered
es,veterano,fr,vétéran,altered
es,veterinario,fr,vétérinaire,altered
es,veto,fr,veto,transparent
es,via,fr,via,transparent
es,viable,fr,viable,transparent
es,viajar,fr,voyager,altered
es,viaje,fr,voyage,altered
es,viajero,fr,voyageur,altered
es,vibración,fr,vibration,transparent
es,vibrar,fr,vibrer,transparent
es,vicario,fr,vicaire,transparent
es,vice,fr,vice,transparent
es,vicioso,fr,vicieux,altered
es,victoria,fr,victoire,transparent
es,victorioso,fr,victorieux,altered
es,vida,fr,vie,altered
es,vidente,fr,voyant,altered
es,video,fr,vidéo,transparent
es,viejo,fr,vieux,altered
es,viento,fr,vent,altered
es,vientre,fr,ventre,altered
es,vietnam,fr,vietnam,transparent
es,vigencia,fr,vigueur,altered
es,vigilante,fr,vigilant,altered
es,vigilia,fr,veille,altered
es,vigor,fr,vigueur,altered
es,vigésimo,fr,vingtième,altered
es,vihuela,fr,vielle,altered
es,vikingo,fr,viking,transparent
es,villa,fr,ville,altered
es,villano,fr,vilain,altered
es,vinagre,fr,vinaigre,transparent
es,vinilo,fr,vinyle,altered
es,vino,fr,vin,altered
es,vintage,fr,vintage,transparent
es,violación,fr,violation,transparent
es,violado,fr,violer,altered
es,violador,fr,violeur,altered
es,violar,fr,violer,transparent
es,violencia,fr,violence,transparent
es,violentamente,fr,violemment,altered
es,violentar,fr,violenter,transparent
es,violento,fr,violent,transparent
es,violeta,fr,violet,altered
es,violín,fr,violon,altered
es,violón,fr,violon,transparent
es,virada,fr,virée,altered
es,viraje,fr,virage,transparent
es,viral,fr,viral,transparent
es,virar,fr,virer,transparent
es,virgen,fr,vierge,altered
es,virginidad,fr,virginité,transparent
es,virilidad,fr,virilité,transparent
es,virtual,fr,virtuel,altered
es,virtud,fr,vertu,altered
es,virtuoso,fr,vertueux,altered
es,virus,fr,virus,transparent
es,visado,fr,visé,altered
es,visar,fr,visa,transparent
es,visibilidad,fr,visibilité,altered
es,visible,fr,visible,transparent
es,visiblemente,fr,visiblement,transparent
es,visionario,fr,visionnaire,altered
es,visita,fr,visiter,transparent
es,visitador,fr,visiteur,altered
es,visitante,fr,visiteur,altered
es,visitar,fr,visiter,transparent
es,visión,fr,vision,transparent
es,visor,fr,viseur,altered
es,vista,fr,vista,transparent
es,visual,fr,visuel,transparent
es,vital,fr,vital,transparent
es,vitalidad,fr,vitalité,transparent
es,vitamina,fr,vitamine,transparent
es,vitrina,fr,vitrine,transparent
es,vivamente,fr,vivement,transparent
es,viviente,fr,vivant,altered
es,vivir,fr,vivre,altered
es,vizconde,fr,vicomte,altered
es,viña,fr,vigne,altered
es,viñedo,fr,vignoble,altered
es,viñeta,fr,vignette,altered
es,vocabulario,fr,vocabulaire,altered
es,vocación,fr,vocation,transparent
es,vocal,fr,vocal,transparent
es,vodka,fr,vodka,transparent
es,volante,fr,volant,transparent
es,volar,fr,voler,transparent
es,volcán,fr,volcan,transparent
es,volumen,fr,volume,transparent
es,voluntad,fr,volonté,altered
es,voluntariamente,fr,volontairement,altered
es,voluntario,fr,volontaire,transparent
es,vomitar,fr,vomir,altered
es,votante,fr,votant,transparent
es,votar,fr,voter,transparent
es,voto,fr,vote,altered
es,voz,fr,voix,altered
es,vuelo,fr,vol,altered
es,vuestro,fr,vôtre,altered
es,vulgar,fr,vulgaire,transparent
es,vulgarización,fr,vulgarisation,transparent
es,vulnerabilidad,fr,vulnérabilité,transparent
es,vulnerable,fr,vulnérable,transparent
es,válido,fr,valide,transparent
es,válvula,fr,valve,altered
es,vértigo,fr,vertige,altered
es,vía,fr,voie,transparent
es,víctima,fr,victime,transparent
es,vídeo,fr,vidéo,transparent
es,vítor,fr,victor,transparent
es,víveres,fr,vivre,altered
es,watt,fr,watt,transparent
es,web,fr,web,transparent
es,weber,fr,weber,transparent
es,western,fr,western,transparent
es,whisky,fr,whisky,transparent
es,wikipedia,fr,wikipédia,transparent
es,word,fr,word,transparent
es,yanqui,fr,yankee,altered
es,yarda,fr,yard,transparent
es,yate,fr,yacht,altered
es,yen,fr,yen,transparent
es,yihad,fr,djihad,altered
es,yihadista,fr,djihadiste,altered
es,yoga,fr,yoga,transparent
es,yogur,fr,yaourt,altered
es,yuan,fr,yuan,transparent
es,yugo,fr,joug,altered
es,yugoslavia,fr,yougoslavie,altered
es,zapador,fr,sapeur,altered
es,zar,fr,tsar,altered
es,zen,fr,zen,transparent
es,zero,fr,zéro,altered
es,zeus,fr,zeus,transparent
es,zinc,fr,zinc,transparent
es,zombi,fr,zombie,altered
es,zombie,fr,zombie,transparent
es,zona,fr,zone,transparent
es,zoo,fr,zoo,transparent
es,zoom,fr,zoom,transparent
es,ácido,fr,acide,transparent
es,áfrica,fr,afrique,altered
es,águila,fr,aigle,altered
es,álbum,fr,album,transparent
es,ámbar,fr,ambre,altered
es,ángel,fr,ange,altered
es,ángulo,fr,angle,transparent
es,árabe,fr,arabe,transparent
es,árbitro,fr,arbitre,altered
es,árbol,fr,arbre,altered
es,ártico,fr,arctique,transparent
es,átomo,fr,atome,transparent
es,ávido,fr,avide,altered
es,ébola,fr,ebola,transparent
es,égida,fr,égide,transparent
es,élite,fr,élite,transparent
es,épica,fr,épique,altered
es,épico,fr,épique,altered
es,época,fr,époque,transparent
es,ética,fr,éthique,transparent
es,ético,fr,éthique,altered
es,étnico,fr,ethnique,transparent
es,éxodo,fr,exode,altered
es,ícono,fr,icône,altered
es,ídem,fr,idem,transparent
es,ídolo,fr,idole,transparent
es,índice,fr,indice,altered
es,ínfimo,fr,infime,transparent
es,íntegramente,fr,intégralement,transparent
es,íntegro,fr,intègre,altered
es,íntima,fr,intime,transparent
es,íntimamente,fr,intimement,transparent
es,íntimo,fr,intime,transparent
es,ítem,fr,item,transparent
es,óleo,fr,huile,altered
es,ópera,fr,opéra,transparent
es,óptica,fr,optique,transparent
es,óptico,fr,optique,transparent
es,órbita,fr,orbite,transparent
es,órgano,fr,organe,transparent
es,óseo,fr,osseux,transparent
es,óxido,fr,oxyde,altered
es,último,fr,ultime,altered
es,únicamente,fr,uniquement,altered
es,único,fr,unique,transparent
es,útero,fr,utérus,altered
es,útil,fr,utile,transparent
fr,abandon,es,abandono,transparent
fr,abandonner,es,abandonar,transparent
fr,abandonné,es,abandonar,transparent
fr,abattre,es,abatir,altered
fr,abattu,es,abatir,transparent
fr,abbaye,es,abadía,altered
fr,abdomen,es,abdomen,transparent
fr,abdominal,es,abdominal,transparent
fr,abeille,es,abeja,altered
fr,aberration,es,aberración,transparent
fr,abolir,es,abolir,transparent
fr,abolition,es,abolición,transparent
fr,abondamment,es,abundantemente,transparent
fr,abondance,es,abundancia,altered
fr,abondant,es,abundante,transparent
fr,abonder,es,abundar,transparent
fr,abonner,es,abonarse,transparent
fr,abonné,es,abonado,altered
fr,abordage,es,abordaje,transparent
fr,aborder,es,abordar,transparent
fr,abordé,es,abordar,transparent
fr,aborigène,es,aborigen,transparent
fr,abriter,es,abrigar,altered
fr,abrupt,es,abrupto,transparent
fr,abrégé,es,abreviar,transparent
fr,absence,es,ausencia,altered
fr,absent,es,ausente,altered
fr,absolu,es,absoluto,transparent
fr,absolument,es,absolutamente,transparent
fr,absolution,es,absolución,transparent
fr,absorbant,es,absorbente,altered
fr,absorber,es,absorber,transparent
fr,absorbé,es,absorber,transparent
fr,absorption,es,absorción,transparent
fr,absoudre,es,absolver,altered
fr,abstenir,es,abstenerse,transparent
fr,abstention,es,abstención,transparent
fr,abstinence,es,abstinencia,transparent
fr,abstraction,es,abstracción,transparent
fr,abstrait,es,abstracto,transparent
fr,absurde,es,absurdo,transparent
fr,abus,es,abuso,altered
fr,abusif,es,abusivo,transparent
fr,abusé,es,abusar,transparent
fr,abélard,es,abelardo,altered
fr,abîme,es,abismo,altered
fr,académie,es,academia,altered
fr,académique,es,académico,transparent
fr,accaparer,es,acaparar,transparent
fr,accent,es,acento,transparent
fr,accentuer,es,acentuar,transparent
fr,acceptable,es,aceptable,transparent
fr,acceptation,es,aceptación,transparent
fr,accepter,es,aceptar,transparent
fr,acception,es,acepción,transparent
fr,accessibilité,es,accesibilidad,transparent
fr,accessible,es,accesible,transparent
fr,accession,es,accesión,transparent
fr,accessoire,es,accesorio,transparent
fr,accident,es,accidente,transparent
fr,accidentel,es,accidental,transparent
fr,accidentellement,es,accidentalmente,transparent
fr,accidenté,es,accidentado,transparent
fr,acclamer,es,aclamar,altered
fr,accommoder,es,acomodar,altered
fr,accompagnement,es,acompañamiento,altered
fr,accompagner,es,acompañar,altered
fr,accompagné,es,acompañar,transparent
fr,accomplissement,es,cumplimiento,altered
fr,accord,es,acuerdo,altered
fr,accorder,es,acordarse,altered
fr,accordé,es,acordar,altered
fr,accoupler,es,acoplar,transparent
fr,accourir,es,acudir,altered
fr,accoutumer,es,acostumbrar,altered
fr,accro,es,adicto,altered
fr,accréditation,es,acreditación,transparent
fr,accréditer,es,acreditar,transparent
fr,accrédité,es,acreditado,altered
fr,accueillir,es,acoger,altered
fr,accumulation,es,acumulación,transparent
fr,accumuler,es,acumular,transparent
fr,accumulé,es,acumular,transparent
fr,accusation,es,acusación,transparent
fr,accuser,es,acusar,altered
fr,accusé,es,acusado,transparent
fr,accès,es,acceso,transparent
fr,accéder,es,acceder,transparent
fr,accélérateur,es,acelerador,altered
fr,accélération,es,aceleración,transparent
fr,accélérer,es,acelerar,altered
fr,accéléré,es,acelerar,transparent
fr,acharné,es,encarnizar,altered
fr,achille,es,aquiles,altered
fr,acide,es,ácido,transparent
fr,acidité,es,acidez,altered
fr,acier,es,acero,altered
fr,acoustique,es,acústica,transparent
fr,acquis,es,adquirir,altered
fr,acquisition,es,adquisición,transparent
fr,acquérir,es,adquirir,altered
fr,acre,es,acre,transparent
fr,acte,es,acto,altered
fr,acteur,es,actor,altered
fr,actif,es,activo,transparent
fr,action,es,acción,transparent
fr,actionnaire,es,accionista,altered
fr,activation,es,activación,transparent
fr,activement,es,activamente,altered
fr,activer,es,activar,altered
fr,activisme,es,activismo,transparent
fr,activiste,es,activista,transparent
fr,activité,es,actividad,transparent
fr,activé,es,activar,transparent
fr,actualisation,es,actualización,transparent
fr,actualiser,es,actualizar,altered
fr,actualité,es,actualidad,transparent
fr,adaptation,es,adaptación,transparent
fr,adapter,es,adaptar,transparent
fr,adapté,es,adaptar,transparent
fr,addict,es,adicto,transparent
fr,addiction,es,adicción,transparent
fr,addition,es,adición,transparent
fr,additionnel,es,adicional,altered
fr,additionner,es,adicionar,altered
fr,adepte,es,adepto,transparent
fr,adhérent,es,adherente,transparent
fr,adhérer,es,adherir,transparent
fr,adhésif,es,adhesivo,transparent
fr,adhésion,es,adhesión,transparent
fr,adieu,es,adiós,altered
fr,adjacent,es,adyacente,altered
fr,adjectif,es,adjetivo,transparent
fr,adjoindre,es,adjuntar,altered
fr,adjudant,es,ayudante,altered
fr,adjudication,es,adjudicación,transparent
fr,adjuger,es,adjudicar,altered
fr,admettre,es,admitir,altered
fr,administrateur,es,administrador,transparent
fr,administratif,es,administrativo,altered
fr,administration,es,administración,transparent
fr,administrer,es,administrar,transparent
fr,administré,es,administrar,transparent
fr,admirable,es,admirable,transparent
fr,admirateur,es,admirador,altered
fr,admiration,es,admiración,transparent
fr,admirer,es,admirar,transparent
fr,admis,es,admitir,transparent
fr,admission,es,admisión,transparent
fr,adobe,es,adobe,transparent
fr,adolescence,es,adolescencia,transparent
fr,adolescent,es,adolescente,transparent
fr,adoptant,es,adoptando,transparent
fr,adopter,es,adoptar,transparent
fr,adoptif,es,adoptivo,altered
fr,adoption,es,adopción,transparent
fr,adopté,es,adoptado,altered
fr,adorable,es,adorable,transparent
fr,adoration,es,adoración,transparent
fr,adorer,es,adorar,altered
fr,ados,es,ados,transparent
fr,adrénaline,es,adrenalina,altered
fr,adulte,es,adulto,transparent
fr,adultère,es,adulterio,altered
fr,adversaire,es,adversario,altered
fr,adverse,es,adverso,altered
fr,adversité,es,adversidad,altered
fr,adéquat,es,adecuar,altered
fr,adéquation,es,adecuación,transparent
fr,affectation,es,afectación,transparent
fr,affectif,es,afectivo,altered
fr,affection,es,afición,transparent
fr,affectueux,es,afectuoso,altered
fr,affecté,es,afectado,transparent
fr,affiche,es,afiche,altered
fr,affiliation,es,afiliación,transparent
fr,affilié,es,afiliado,transparent
fr,affilé,es,afilado,altered
fr,affin,es,afín,altered
fr,affiner,es,afinar,altered
fr,affinité,es,afinidad,transparent
fr,affirmatif,es,afirmativo,transparent
fr,affirmation,es,afirmación,transparent
fr,affirmer,es,afirmar,transparent
fr,affliger,es,afligir,transparent
fr,affluence,es,afluencia,altered
fr,affluent,es,afluente,altered
fr,afflux,es,afluencia,altered
fr,affronter,es,enfrentar,altered
fr,afghan,es,afgano,transparent
fr,afin,es,afín,transparent
fr,africa,es,áfrica,transparent
fr,africain,es,africano,transparent
fr,afrique,es,áfrica,altered
fr,afro,es,afro,transparent
fr,agence,es,agencia,transparent
fr,agenda,es,agenda,transparent
fr,agent,es,agente,transparent
fr,agglomération,es,aglomeración,transparent
fr,agglutiner,es,aglutinar,altered
fr,aggravant,es,agravante,altered
fr,aggraver,es,agravar,transparent
fr,agile,es,ágil,transparent
fr,agilité,es,agilidad,altered
fr,agitation,es,agitación,transparent
fr,agiter,es,agitar,transparent
fr,agité,es,agitar,transparent
fr,agonie,es,agonía,altered
fr,agraire,es,agrario,altered
fr,agrandir,es,agrandar,altered
fr,agrandissement,es,agrandamiento,transparent
fr,agresser,es,agredir,altered
fr,agresseur,es,agresor,altered
fr,agressif,es,agresivo,transparent
fr,agression,es,agresión,transparent
fr,agressive,es,agresivo,transparent
fr,agressivité,es,agresividad,transparent
fr,agressé,es,agredir,transparent
fr,agricole,es,agrícola,transparent
fr,agriculteur,es,agricultor,altered
fr,agriculture,es,agricultura,transparent
fr,agro,es,agro,transparent
fr,agroalimentaire,es,agroalimentario,transparent
fr,agronome,es,agrónomo,altered
fr,agréable,es,agradable,transparent
fr,agréablement,es,agradablemente,transparent
fr,agréger,es,agregar,altered
fr,agrégé,es,agregado,altered
fr,ah,es,ah,transparent
fr,aha,es,ajá,transparent
fr,aide,es,ayuda,altered
fr,aider,es,ayudar,transparent
fr,aigle,es,águila,altered
fr,aigu,es,agudo,altered
fr,aiguille,es,aguja,altered
fr,aiguillon,es,aguijón,altered
fr,aile,es,ala,altered
fr,ailette,es,aleta,altered
fr,aimable,es,amable,transparent
fr,aimant,es,imán,altered
fr,aimer,es,amar,altered
fr,aimé,es,ama,altered
fr,aine,es,ingle,transparent
fr,ainsi,es,así,altered
fr,air,es,aire,transparent
fr,airbus,es,airbus,transparent
fr,aire,es,aire,transparent
fr,ajustement,es,ajuste,altered
fr,ajuster,es,ajustar,transparent
fr,alameda,es,alameda,transparent
fr,alarmant,es,alarmante,transparent
fr,alarme,es,alarma,transparent
fr,alarmer,es,alarmar,transparent
fr,alaska,es,alaska,transparent
fr,albanais,es,albanés,altered
fr,albanie,es,albania,transparent
fr,albert,es,alberto,altered
fr,album,es,álbum,transparent
fr,alcazar,es,alcázar,transparent
fr,alchimie,es,alquimia,altered
fr,alcool,es,alcohol,transparent
fr,alcoolique,es,alcohólico,transparent
fr,alcoolisme,es,alcoholismo,transparent
fr,alerte,es,alerta,altered
fr,alerter,es,alertar,transparent
fr,alexander,es,alejandro,altered
fr,alexandrie,es,alejandría,altered
fr,algorithme,es,algoritmo,transparent
fr,algue,es,alga,altered
fr,algèbre,es,álgebra,altered
fr,algérien,es,argelino,altered
fr,alias,es,alias,transparent
fr,alignement,es,alineación,altered
fr,aligner,es,alinear,transparent
fr,aligné,es,alinear,transparent
fr,aliment,es,alimento,transparent
fr,alimentaire,es,alimentario,transparent
fr,alimentation,es,alimentación,transparent
fr,alimenter,es,alimentar,altered
fr,allah,es,alá,transparent
fr,allemagne,es,alemania,altered
fr,allemand,es,alemán,altered
fr,allemande,es,alemán,transparent
fr,allergie,es,alergia,altered
fr,allergique,es,alérgico,altered
fr,alliance,es,alianza,transparent
fr,allier,es,aliar,transparent
fr,allié,es,aliado,altered
fr,allocution,es,alocución,transparent
fr,allongement,es,alargamiento,altered
fr,allumer,es,alumbrar,altered
fr,allure,es,allure,transparent
fr,allusion,es,alusión,transparent
fr,allègre,es,alegre,altered
fr,allégation,es,alegación,transparent
fr,alléger,es,aligerar,transparent
fr,allégorie,es,alegoría,altered
fr,allégresse,es,alegría,altered
fr,alléguer,es,alegar,altered
fr,alma,es,alma,transparent
fr,alpe,es,alpes,transparent
fr,alpha,es,alfa,altered
fr,alphabet,es,alfabeto,altered
fr,alphabétique,es,alfabético,transparent
fr,alphabétisation,es,alfabetización,altered
fr,alpin,es,alpino,transparent
fr,alsacien,es,alsaciano,transparent
fr,alter,es,alterar,altered
fr,altercation,es,altercado,altered
fr,alternance,es,alternancia,altered
fr,alternatif,es,alternativo,transparent
fr,alternative,es,alternativa,transparent
fr,alternativement,es,alternativamente,transparent
fr,alterne,es,alterno,altered
fr,alterner,es,alternar,transparent
fr,altesse,es,alteza,altered
fr,altiplano,es,altiplano,transparent
fr,altitude,es,altitud,transparent
fr,alto,es,alto,transparent
fr,altération,es,alteración,transparent
fr,altérer,es,alterar,transparent
fr,aluminium,es,aluminio,altered
fr,aléa,es,azar,altered
fr,aléatoire,es,aleatorio,transparent
fr,aléatoirement,es,aleatoriamente,altered
fr,amabilité,es,amabilidad,transparent
fr,amador,es,amador,transparent
fr,amalgame,es,amalgama,transparent
fr,amande,es,almendra,altered
fr,amant,es,amante,altered
fr,amateur,es,amateur,transparent
fr,amazon,es,amazona,transparent
fr,amazone,es,amazon,altered
fr,amazonie,es,amazonia,altered
fr,amazonien,es,amazónico,altered
fr,ambassade,es,embajada,altered
fr,ambassadeur,es,embajador,altered
fr,ambiance,es,ambiente,transparent
fr,ambiant,es,ambiental,altered
fr,ambigu,es,ambiguo,transparent
fr,ambiguïté,es,ambigüedad,altered
fr,ambitieuse,es,ambicioso,altered
fr,ambitieux,es,ambicioso,altered
fr,ambition,es,ambición,transparent
fr,ambitionner,es,ambicionar,transparent
fr,ambre,es,ámbar,altered
fr,ambulance,es,ambulancia,transparent
fr,ambulant,es,ambulante,transparent
fr,ame,es,alma,altered
fr,amen,es,amén,transparent
fr,amender,es,enmendar,altered
fr,amer,es,amargo,altered
fr,america,es,américa,transparent
fr,american,es,americano,transparent
fr,amertume,es,amargura,altered
fr,ami,es,amigo,altered
fr,amiable,es,amable,altered
fr,amiante,es,amianto,transparent
fr,amical,es,amigable,altered
fr,amicalement,es,amablemente,altered
fr,amie,es,amigar,transparent
fr,amiral,es,almirante,altered
fr,amitié,es,amistad,altered
fr,amnistie,es,amnistía,transparent
fr,amnésie,es,amnesia,transparent
fr,amoindrir,es,aminorar,altered
fr,amortir,es,amortizar,altered
fr,amour,es,amor,transparent
fr,amoureux,es,amoroso,altered
fr,amphithéâtre,es,anfiteatro,altered
fr,amphitryon,es,anfitrión,transparent
fr,ample,es,amplio,transparent
fr,amplement,es,ampliamente,transparent
fr,ampliation,es,ampliación,transparent
fr,amplificateur,es,amplificador,transparent
fr,amplifier,es,ampliar,altered
fr,amplitude,es,amplitud,altered
fr,ampoule,es,ampolla,transparent
fr,amputer,es,amputar,altered
fr,amulette,es,amuleto,altered
fr,amène,es,ameno,transparent
fr,amélie,es,amelia,altered
fr,américain,es,americano,altered
fr,américaine,es,americana,transparent
fr,amérindien,es,amerindio,transparent
fr,amérique,es,américa,transparent
fr,amériques,es,américas,altered
fr,an,es,año,altered
fr,ana,es,ana,transparent
fr,anal,es,anal,transparent
fr,analgésique,es,analgésico,transparent
fr,analogie,es,analogía,transparent
fr,analogique,es,analógico,transparent
fr,analogue,es,análogo,transparent
fr,analphabète,es,analfabeto,altered
fr,analphabétisme,es,analfabetismo,altered
fr,analyse,es,análisis,altered
fr,analyser,es,analizar,transparent
fr,analyste,es,analista,altered
fr,analysé,es,analizar,transparent
fr,analytique,es,analítica,transparent
fr,anarchie,es,anarquía,altered
fr,anarchisme,es,anarquismo,altered
fr,anarchiste,es,anarquista,altered
fr,anatomie,es,anatomía,transparent
fr,anatomique,es,anatómico,altered
fr,ancestral,es,ancestral,transparent
fr,anciennement,es,antiguamente,altered
fr,ancrage,es,anclaje,altered
fr,ancre,es,ancla,altered
fr,ancrer,es,anclar,altered
fr,ancré,es,anclar,transparent
fr,ancêtre,es,ancestro,altered
fr,andin,es,andino,transparent
fr,andorre,es,andorra,altered
fr,android,es,android,transparent
fr,anecdote,es,anécdota,transparent
fr,anesthésie,es,anestesia,altered
fr,ange,es,ángel,altered
fr,angel,es,ángel,altered
fr,anglais,es,inglés,altered
fr,angle,es,ángulo,transparent
fr,anglo,es,anglo,transparent
fr,anglophone,es,anglófono,transparent
fr,angoisse,es,angustia,altered
fr,angoisser,es,angustiar,altered
fr,angola,es,angola,transparent
fr,anguille,es,anguila,altered
fr,angulaire,es,angular,altered
fr,angèle,es,angela,altered
fr,angélique,es,angélica,altered
fr,animal,es,animal,transparent
fr,animateur,es,animador,transparent
fr,animation,es,animación,transparent
fr,animer,es,animar,transparent
fr,animé,es,animar,transparent
fr,annee,es,año,transparent
fr,annexe,es,anexo,transparent
fr,annexer,es,anexar,altered
fr,annexion,es,anexión,transparent
fr,annihiler,es,aniquilar,altered
fr,anniversaire,es,aniversario,altered
fr,annonce,es,anuncio,altered
fr,annoncer,es,anunciar,altered
fr,annonceur,es,anunciante,altered
fr,annotation,es,anotación,transparent
fr,annoter,es,anotar,transparent
fr,annuaire,es,anuario,altered
fr,annuel,es,anual,altered
fr,annuellement,es,anualmente,transparent
fr,annulé,es,anular,altered
fr,année,es,año,altered
fr,anodin,es,anodino,transparent
fr,anomalie,es,anomalía,transparent
fr,anonymat,es,anonimato,transparent
fr,anonyme,es,anónimo,altered
fr,anorexie,es,anorexia,altered
fr,anormal,es,anormal,transparent
fr,antarctique,es,antártida,altered
fr,antenne,es,antena,transparent
fr,anthologie,es,antología,transparent
fr,anthropologie,es,antropología,altered
fr,anthropologique,es,antropológico,altered
fr,anthropologue,es,antropólogo,altered
fr,anti,es,anti,transparent
fr,antibiotique,es,antibiótico,transparent
fr,anticipation,es,anticipación,transparent
fr,anticiper,es,anticipar,transparent
fr,anticipé,es,anticipar,transparent
fr,anticorps,es,anticuerpo,altered
fr,anticorruption,es,anticorrupción,transparent
fr,antidémocratique,es,antidemocrático,transparent
fr,antilles,es,antillas,altered
fr,antipathique,es,antipático,altered
fr,antique,es,antiguo,altered
fr,antiquité,es,antigüedad,transparent
fr,antisocial,es,antisocial,transparent
fr,antisémite,es,antisemita,altered
fr,antisémitisme,es,antisemitismo,transparent
fr,antiterroriste,es,antiterrorista,altered
fr,antivirus,es,antivirus,transparent
fr,antre,es,antro,transparent
fr,antécédent,es,antecedente,transparent
fr,antérieur,es,anterior,transparent
fr,antérieurement,es,anteriormente,altered
fr,antérieurs,es,anterior,altered
fr,antériorité,es,anterioridad,altered
fr,anus,es,ano,altered
fr,anxieux,es,ansioso,altered
fr,anxiété,es,ansiedad,altered
fr,anéantir,es,aniquilar,altered
fr,anémie,es,anemia,transparent
fr,aout,es,agosto,altered
fr,août,es,agosto,altered
fr,apache,es,apache,transparent
fr,apartheid,es,apartheid,transparent
fr,apathie,es,apatía,transparent
fr,aplanir,es,aplanar,altered
fr,aplatir,es,aplastar,altered
fr,apocalypse,es,apocalipsis,altered
fr,apocalyptique,es,apocalíptico,altered
fr,apollo,es,apolo,transparent
fr,apologie,es,apología,transparent
fr,apostolique,es,apostólico,altered
fr,app,es,app,transparent
fr,apparait,es,aparecer,altered
fr,apparaître,es,aparecer,altered
fr,appareil,es,aparato,altered
fr,apparement,es,aparentemente,transparent
fr,apparemment,es,aparentemente,altered
fr,apparence,es,apariencia,transparent
fr,apparent,es,aparente,altered
fr,apparition,es,aparición,transparent
fr,appart,es,aparte,altered
fr,appartement,es,apartamento,altered
fr,appel,es,apelación,altered
fr,appellation,es,apelación,transparent
fr,appendice,es,apéndice,transparent
fr,applaudir,es,aplaudir,transparent
fr,applicable,es,aplicable,transparent
fr,application,es,aplicación,transparent
fr,applique,es,aplique,transparent
fr,appliquer,es,aplicar,transparent
fr,appliqué,es,aplicar,transparent
fr,apport,es,aporte,transparent
fr,apprendre,es,aprender,transparent
fr,apprenti,es,aprendiz,altered
fr,apprentissage,es,aprendizaje,altered
fr,approbation,es,aprobación,transparent
fr,approcher,es,acercarse,transparent
fr,approché,es,aproximar,altered
fr,approfondi,es,profundizar,altered
fr,approfondir,es,profundar,altered
fr,appropriation,es,apropiación,transparent
fr,approprier,es,apropiar,transparent
fr,approprié,es,apropiar,transparent
fr,approuver,es,aprobar,altered
fr,approuvé,es,aprobado,altered
fr,approvisionnement,es,aprovisionamiento,transparent
fr,approvisionner,es,provisionar,transparent
fr,approximation,es,aproximación,transparent
fr,approximativement,es,aproximadamente,altered
fr,appréciable,es,apreciable,transparent
fr,appréciation,es,apreciación,transparent
fr,apprécier,es,apreciar,transparent
fr,appréhender,es,aprehender,transparent
fr,appréhension,es,aprehensión,transparent
fr,apps,es,apps,transparent
fr,appui,es,apoyo,altered
fr,appuyer,es,apoyar,altered
fr,appuyé,es,apoyar,altered
fr,appétence,es,apetecer,altered
fr,appétit,es,apetito,altered
fr,apte,es,apto,transparent
fr,aptitude,es,aptitud,transparent
fr,apéritif,es,aperitivo,transparent
fr,apôtre,es,apóstol,altered
fr,aquarelle,es,acuarela,altered
fr,aquarium,es,acuario,altered
fr,aquatique,es,acuático,transparent
fr,aqueduc,es,acueducto,altered
fr,arabe,es,árabe,transparent
fr,arabie,es,arabia,altered
fr,araignée,es,araña,altered
fr,arbitrage,es,arbitraje,transparent
fr,arbitraire,es,arbitrario,transparent
fr,arbitrairement,es,arbitrariamente,transparent
fr,arbitral,es,arbitral,transparent
fr,arbitre,es,árbitro,altered
fr,arbitrer,es,arbitrar,transparent
fr,arbre,es,árbol,altered
fr,arbuste,es,arbusto,altered
fr,arc,es,arco,transparent
fr,archange,es,arcángel,altered
fr,archaïque,es,arcaico,altered
fr,arche,es,arca,altered
fr,archer,es,arquero,altered
fr,archipel,es,archipiélago,altered
fr,architecte,es,arquitecto,altered
fr,architectural,es,arquitectónico,altered
fr,architecture,es,arquitectura,transparent
fr,archiver,es,archivar,transparent
fr,archéologie,es,arqueología,transparent
fr,archéologique,es,arqueológico,altered
fr,archéologue,es,arqueólogo,altered
fr,archétype,es,arquetipo,altered
fr,arctique,es,ártico,transparent
fr,ardemment,es,arduamente,altered
fr,ardent,es,ardiente,altered
fr,ardeur,es,ardor,altered
fr,ardre,es,arder,transparent
fr,ardu,es,arduo,transparent
fr,are,es,área,altered
fr,argent,es,argentar,transparent
fr,argentin,es,argentino,transparent
fr,argile,es,arcilla,altered
fr,argument,es,argumento,transparent
fr,argumentation,es,argumentación,transparent
fr,argumenter,es,argumentar,transparent
fr,aria,es,aria,transparent
fr,aride,es,árido,transparent
fr,aristocrate,es,aristócrata,transparent
fr,aristocratie,es,aristocracia,altered
fr,aristocratique,es,aristocrático,transparent
fr,arithmétique,es,aritmética,altered
fr,arme,es,arma,altered
fr,armement,es,armamento,transparent
fr,armer,es,armar,transparent
fr,armistice,es,armisticio,transparent
fr,armoire,es,armario,altered
fr,armure,es,armadura,altered
fr,armé,es,armar,transparent
fr,armée,es,armada,altered
fr,arménien,es,armenio,altered
fr,aromatique,es,aromático,transparent
fr,arrachage,es,arranque,altered
fr,arracher,es,arrancar,altered
fr,arraché,es,arrancar,altered
fr,arrestation,es,arresto,altered
fr,arreter,es,arrestar,transparent
fr,arriver,es,arribar,altered
fr,arrogance,es,arrogancia,transparent
fr,arrogant,es,arrogante,transparent
fr,arrondi,es,redondeado,altered
fr,arrondir,es,redondear,altered
fr,arrêter,es,arrestar,transparent
fr,arrêté,es,arrestar,transparent
fr,arsenal,es,arsenal,transparent
fr,art,es,arte,transparent
fr,artefact,es,artefacto,transparent
fr,arthrite,es,artritis,altered
fr,article,es,artículo,transparent
fr,articulation,es,articulación,transparent
fr,articuler,es,articular,transparent
fr,articulé,es,articulado,transparent
fr,artifice,es,artificio,transparent
fr,artificiel,es,artificial,altered
fr,artificiellement,es,artificialmente,transparent
fr,artillerie,es,artillería,altered
fr,artisan,es,artesano,altered
fr,artisanal,es,artesanal,altered
fr,artisanat,es,artesanía,altered
fr,artiste,es,artista,transparent
fr,artistique,es,artístico,altered
fr,artère,es,arteria,altered
fr,artériel,es,arterial,transparent
fr,arène,es,arena,altered
fr,arête,es,arista,altered
fr,arôme,es,aroma,transparent
fr,as,es,as,transparent
fr,ascendance,es,ascendencia,transparent
fr,ascendant,es,ascendente,altered
fr,ascenseur,es,ascensor,transparent
fr,ascension,es,ascenso,altered
fr,asiatique,es,asiático,altered
fr,asie,es,asia,transparent
fr,asile,es,asilo,altered
fr,aspect,es,aspecto,transparent
fr,asphalte,es,asfalto,altered
fr,asphyxie,es,asfixia,altered
fr,asphyxier,es,asfixiar,altered
fr,aspirant,es,aspirante,transparent
fr,aspirateur,es,aspirador,transparent
fr,aspiration,es,aspiración,transparent
fr,aspirer,es,aspirar,transparent
fr,assaillir,es,asaltar,altered
fr,assainissement,es,saneamiento,altered
fr,assassin,es,asesino,altered
fr,assassinat,es,asesinato,altered
fr,assassiner,es,asesinar,altered
fr,assassiné,es,asesinar,altered
fr,assaut,es,asalto,altered
fr,assemblage,es,ensamblaje,altered
fr,assembler,es,ensamblar,transparent
fr,assemblé,es,asamblea,altered
fr,assemblée,es,asamblea,transparent
fr,asseoir,es,sentar,altered
fr,assesseur,es,asesor,altered
fr,assidu,es,asiduo,altered
fr,assigner,es,asignar,transparent
fr,assimilation,es,asimilación,transparent
fr,assimiler,es,asimilar,transparent
fr,assimilé,es,asimilar,transparent
fr,assistance,es,asistencia,altered
fr,assistant,es,asistente,transparent
fr,assisté,es,asistir,altered
fr,associatif,es,asociativo,transparent
fr,association,es,asociación,transparent
fr,associer,es,asociar,altered
fr,associé,es,asociado,transparent
fr,assomption,es,asunción,transparent
fr,assujettir,es,sujetar,altered
fr,assujettissement,es,sometimiento,altered
fr,assumer,es,asumir,transparent
fr,assurer,es,asegurar,altered
fr,assureur,es,aseguradora,altered
fr,assuré,es,asegurado,altered
fr,asthme,es,asma,altered
fr,astre,es,astro,altered
fr,astrologie,es,astrología,transparent
fr,astronaute,es,astronauta,transparent
fr,astronome,es,astrónomo,transparent
fr,astronomie,es,astronomía,transparent
fr,astronomique,es,astronómico,transparent
fr,astuce,es,astucia,altered
fr,astucieux,es,astuto,altered
fr,astéroïde,es,asteroide,altered
fr,asymétrie,es,asimetría,altered
fr,asymétrique,es,asimétrico,altered
fr,atelier,es,taller,altered
fr,athlète,es,atleta,altered
fr,athlétique,es,atlético,altered
fr,athlétisme,es,atletismo,transparent
fr,athènes,es,atenas,altered
fr,athée,es,ateo,altered
fr,athénée,es,ateneo,transparent
fr,atlantique,es,atlántico,transparent
fr,atlas,es,atlas,transparent
fr,atmosphère,es,atmósfera,altered
fr,atmosphérique,es,atmosférico,altered
fr,atome,es,átomo,transparent
fr,atomique,es,atómico,transparent
fr,atroce,es,atroz,altered
fr,atrocité,es,atrocidad,altered
fr,attaquant,es,atacante,altered
fr,attaque,es,ataque,transparent
fr,attaquer,es,atacar,altered
fr,attentat,es,atentado,transparent
fr,attenter,es,atentar,transparent
fr,attentif,es,atento,altered
fr,attention,es,atención,transparent
fr,attentivement,es,atentamente,altered
fr,atterrir,es,aterrizar,altered
fr,atterrissage,es,aterrizaje,altered
fr,attester,es,atestiguar,altered
fr,attique,es,ático,transparent
fr,attirance,es,atracción,altered
fr,attirant,es,atrayente,altered
fr,attirer,es,atraer,altered
fr,attitude,es,actitud,transparent
fr,attractif,es,atractivo,altered
fr,attraction,es,atracción,transparent
fr,attractivité,es,atractivo,altered
fr,attrait,es,atractivo,altered
fr,attraper,es,atrapar,transparent
fr,attribuer,es,atribuir,transparent
fr,attribut,es,atributo,transparent
fr,attribution,es,atribución,transparent
fr,attribué,es,atribuir,transparent
fr,attrister,es,entristecer,altered
fr,atténuer,es,atenuar,altered
fr,atypique,es,atípico,altered
fr,auberge,es,albergue,altered
fr,audace,es,audacia,altered
fr,audi,es,audi,transparent
fr,audience,es,audiencia,altered
fr,audio,es,audio,transparent
fr,audiovisuel,es,audiovisual,transparent
fr,audit,es,auditoría,altered
fr,auditer,es,auditar,altered
fr,auditeur,es,auditor,transparent
fr,auditif,es,auditivo,transparent
fr,audition,es,audición,transparent
fr,auditoire,es,auditorio,altered
fr,augment,es,aumento,altered
fr,augmentation,es,aumento,altered
fr,augmenter,es,aumentar,transparent
fr,augure,es,augur,transparent
fr,auguste,es,augusto,transparent
fr,aula,es,aula,transparent
fr,aura,es,aura,transparent
fr,auriculaire,es,auricular,transparent
fr,aurore,es,aurora,altered
fr,auspice,es,auspicio,altered
fr,austral,es,austral,transparent
fr,australien,es,australiano,altered
fr,austère,es,austero,altered
fr,austérité,es,austeridad,transparent
fr,auteur,es,autor,transparent
fr,auteure,es,autor,transparent
fr,authenticité,es,autenticidad,transparent
fr,authentifier,es,autenticar,altered
fr,authentique,es,auténtico,transparent
fr,autisme,es,autismo,transparent
fr,autiste,es,autista,transparent
fr,auto,es,auto,transparent
fr,autobiographie,es,autobiografía,transparent
fr,autobus,es,autobús,transparent
fr,autochtone,es,autóctono,transparent
fr,autocontrôle,es,autocontrol,altered
fr,autocritique,es,autocrítica,altered
fr,autodidacte,es,autodidacta,altered
fr,autodétermination,es,autodeterminación,transparent
fr,autographe,es,autógrafo,altered
fr,automatique,es,automático,altered
fr,automatiquement,es,automáticamente,transparent
fr,automatisation,es,automatización,transparent
fr,automatiser,es,automatizar,transparent
fr,automne,es,otoño,altered
fr,automobile,es,automóvil,altered
fr,automobiliste,es,automovilista,transparent
fr,automoteur,es,automotor,altered
fr,autonome,es,autónomo,altered
fr,autonomie,es,autonomía,altered
fr,autopsie,es,autopsia,transparent
fr,autorisation,es,autorización,transparent
fr,autoriser,es,autorizar,altered
fr,autorisé,es,autorizar,transparent
fr,autoritaire,es,autoritario,transparent
fr,autoritarisme,es,autoritarismo,transparent
fr,autorité,es,autoridad,altered
fr,autoroute,es,autopista,altered
fr,autrichien,es,austriaco,altered
fr,auxiliaire,es,auxiliar,altered
fr,aval,es,aval,transparent
fr,avalanche,es,avalancha,altered
fr,avance,es,avance,transparent
fr,avancement,es,avance,altered
fr,avancer,es,avanzar,altered
fr,avancé,es,avanzar,altered
fr,avant,es,avante,transparent
fr,avantage,es,ventaja,altered
fr,avantageux,es,ventajoso,altered
fr,avarice,es,avaricia,transparent
fr,avarie,es,avería,transparent
fr,avatar,es,avatar,transparent
fr,ave,es,ave,transparent
fr,aventure,es,aventura,altered
fr,aventurer,es,aventurar,transparent
fr,aventurier,es,aventurero,altered
fr,avenue,es,avenida,transparent
fr,aversion,es,aversión,transparent
fr,avertir,es,advertir,transparent
fr,avertissement,es,advertencia,altered
fr,aviateur,es,aviador,altered
fr,aviation,es,aviación,transparent
fr,avide,es,ávido,altered
fr,avion,es,avión,transparent
fr,avis,es,aviso,altered
fr,aviser,es,avisar,transparent
fr,avisé,es,avisar,transparent
fr,avoine,es,avena,altered
fr,avoir,es,aver,altered
fr,avortement,es,aborto,altered
fr,avorter,es,abortar,altered
fr,avril,es,abril,altered
fr,avènement,es,advenimiento,altered
fr,axel,es,axel,transparent
fr,azote,es,azote,transparent
fr,aztèque,es,azteca,altered
fr,azur,es,azul,altered
fr,aérer,es,aerar,altered
fr,aérien,es,aéreo,altered
fr,aérodynamique,es,aerodinámica,transparent
fr,aéronautique,es,aeronáutica,transparent
fr,aéronef,es,aeronave,altered
fr,aéroport,es,aeropuerto,altered
fr,aérosol,es,aerosol,transparent
fr,aérospatial,es,aeroespacial,altered
fr,baba,es,baba,transparent
fr,babylonien,es,babilonio,altered
fr,bac,es,baca,transparent
fr,baccalauréat,es,bachillerato,altered
fr,bachelier,es,bachiller,altered
fr,bacon,es,bacon,transparent
fr,bactérie,es,bacteria,altered
fr,bactérien,es,bacteriano,altered
fr,bagdad,es,bagdad,transparent
fr,baignade,es,bañar,altered
fr,baigner,es,bañar,altered
fr,baignoire,es,bañera,altered
fr,bain,es,baño,altered
fr,baisser,es,bajar,altered
fr,bal,es,bal,transparent
fr,balance,es,balanza,transparent
fr,balancer,es,balancear,altered
fr,balancé,es,balancear,transparent
fr,balcon,es,balcón,transparent
fr,baleine,es,ballena,altered
fr,balise,es,baliza,altered
fr,ballade,es,balada,transparent
fr,balle,es,bala,altered
fr,ballet,es,ballet,transparent
fr,ballon,es,balón,transparent
fr,balnéaire,es,balneario,altered
fr,balsa,es,balsa,transparent
fr,baltique,es,báltico,transparent
fr,bambou,es,bambú,altered
fr,ban,es,bando,altered
fr,banal,es,banal,transparent
fr,banane,es,banana,transparent
fr,bananier,es,bananero,altered
fr,banc,es,banco,altered
fr,bancaire,es,bancario,transparent
fr,bande,es,banda,transparent
fr,bandit,es,bandido,altered
fr,banque,es,banca,altered
fr,banqueroute,es,bancarrota,altered
fr,banquet,es,banquete,altered
fr,banquette,es,banqueta,altered
fr,banquier,es,banquero,altered
fr,baptiser,es,bautizar,altered
fr,baptiste,es,bautista,altered
fr,baptême,es,bautismo,altered
fr,bar,es,bar,transparent
fr,baraque,es,barraca,transparent
fr,barbare,es,bárbaro,altered
fr,barbarie,es,barbaridad,altered
fr,barbe,es,barba,transparent
fr,barbecue,es,barbacoa,altered
fr,barbier,es,barbero,altered
fr,barbu,es,barbudo,transparent
fr,barde,es,bardo,altered
fr,baril,es,barril,transparent
fr,baromètre,es,barómetro,transparent
fr,baron,es,barón,transparent
fr,baroque,es,barroco,altered
fr,barque,es,barco,altered
fr,barrage,es,barrera,altered
fr,barre,es,barra,transparent
fr,barricade,es,barricada,altered
fr,barrière,es,barrera,transparent
fr,barème,es,baremo,transparent
fr,bas,es,bajo,altered
fr,basal,es,basal,transparent
fr,bascule,es,báscula,altered
fr,basculer,es,bascular,transparent
fr,base,es,base,transparent
fr,baseball,es,béisbol,altered
fr,baser,es,basar,transparent
fr,basilique,es,basílica,altered
fr,basique,es,básico,transparent
fr,basiquement,es,básicamente,altered
fr,basket,es,básquet,altered
fr,basse,es,baja,transparent
fr,bastion,es,bastión,transparent
fr,basé,es,basar,transparent
fr,bataille,es,batalla,altered
fr,bataillon,es,batallón,transparent
fr,battant,es,batiente,altered
fr,batte,es,bate,transparent
fr,batterie,es,batería,transparent
fr,batteur,es,bateador,altered
fr,battre,es,batir,altered
fr,battu,es,batido,transparent
fr,baume,es,bálsamo,altered
fr,bavarois,es,bávaro,transparent
fr,bazar,es,bazar,transparent
fr,beau,es,bello,altered
fr,beauté,es,belleza,altered
fr,bebe,es,bebé,transparent
fr,beige,es,beige,transparent
fr,bel,es,bello,altered
fr,belge,es,belga,altered
fr,belgrade,es,belgrado,altered
fr,bellement,es,bellamente,altered
fr,bengale,es,bengala,transparent
fr,benjamin,es,benjamín,transparent
fr,berlin,es,berlín,transparent
fr,berline,es,berlina,transparent
fr,bestial,es,bestial,transparent
fr,beta,es,beta,transparent
fr,bethléem,es,belén,altered
fr,bible,es,biblia,altered
fr,bibliographie,es,bibliografía,altered
fr,bibliographique,es,bibliográfico,altered
fr,bibliothèque,es,biblioteca,altered
fr,bibliothécaire,es,bibliotecario,altered
fr,biblique,es,bíblico,altered
fr,bicentenaire,es,bicentenario,altered
fr,bicyclette,es,bicicleta,transparent
fr,bid,es,bid,transparent
fr,bidon,es,bidón,transparent
fr,bien,es,bien,transparent
fr,bienfait,es,beneficio,altered
fr,bienfaiteur,es,benefactor,altered
fr,bienheureux,es,bienaventurado,transparent
fr,biennal,es,bienal,transparent
fr,bienveillance,es,benevolencia,altered
fr,bienveillant,es,benevolente,altered
fr,bienvenu,es,bienvenido,altered
fr,bijou,es,bijou,transparent
fr,bijouterie,es,bisutería,altered
fr,bikini,es,bikini,transparent
fr,bilatéral,es,bilateral,altered
fr,bile,es,bilis,altered
fr,biliaire,es,biliar,altered
fr,bilingue,es,bilingüe,transparent
fr,billard,es,billar,transparent
fr,billet,es,billete,transparent
fr,binaire,es,binario,transparent
fr,bingo,es,bingo,transparent
fr,bio,es,bio,transparent
fr,biochimie,es,bioquímica,altered
fr,biodiversité,es,biodiversidad,altered
fr,biographie,es,biografía,altered
fr,biographique,es,biográfico,altered
fr,biologie,es,biología,transparent
fr,biologique,es,biológico,transparent
fr,biologiste,es,biólogo,altered
fr,biotechnologie,es,biotecnología,altered
fr,bip,es,bip,transparent
fr,bipolaire,es,bipolar,transparent
fr,birmanie,es,birmania,altered
fr,bis,es,bis,transparent
fr,biscuit,es,bizcocho,altered
fr,bisexuel,es,bisexual,transparent
fr,bitcoin,es,bitcoin,transparent
fr,bitume,es,betún,altered
fr,black,es,black,transparent
fr,blanc,es,blanco,altered
fr,blanche,es,blanco,transparent
fr,blanchiment,es,blanqueamiento,altered
fr,blason,es,blasón,transparent
fr,blasphème,es,blasfemia,altered
fr,blindage,es,blindaje,transparent
fr,blinder,es,blindar,altered
fr,blindé,es,blindado,altered
fr,bloc,es,bloque,altered
fr,blocage,es,bloqueo,transparent
fr,block,es,bloque,altered
fr,blockchain,es,blockchain,transparent
fr,blog,es,blog,transparent
fr,blogue,es,blog,altered
fr,bloquer,es,bloquear,altered
fr,bloqueur,es,bloqueador,altered
fr,bloqué,es,bloqueado,altered
fr,blouse,es,blusa,transparent
fr,blues,es,blues,transparent
fr,bobine,es,bobina,transparent
fr,bobo,es,bobo,transparent
fr,bochet,es,boceto,altered
fr,bohème,es,bohemio,altered
fr,bohémien,es,bohemio,altered
fr,bol,es,bol,transparent
fr,bolchévique,es,bolchevique,altered
fr,bolero,es,bolero,transparent
fr,bolivarien,es,bolivariano,transparent
fr,bolivie,es,bolivia,transparent
fr,bolivien,es,boliviano,altered
fr,bombardement,es,bombardeo,altered
fr,bombarder,es,bombardear,transparent
fr,bombardier,es,bombardero,transparent
fr,bombe,es,bomba,transparent
fr,bon,es,bueno,altered
fr,bonbon,es,bombón,altered
fr,bonification,es,bonificación,transparent
fr,bonté,es,bondad,altered
fr,bonus,es,bonus,transparent
fr,boom,es,boom,transparent
fr,booster,es,booster,transparent
fr,bord,es,borde,altered
fr,bordel,es,burdel,altered
fr,border,es,bordear,altered
fr,bordée,es,bordada,transparent
fr,bosniaque,es,bosnio,altered
fr,bot,es,bot,transparent
fr,botanique,es,botánico,transparent
fr,botox,es,botox,transparent
fr,botte,es,bota,transparent
fr,bouche,es,boca,altered
fr,bouddha,es,buda,altered
fr,bouddhisme,es,budismo,altered
fr,bouddhiste,es,budista,altered
fr,boudin,es,budin,transparent
fr,bouffer,es,bufar,altered
fr,bouffon,es,bufón,transparent
fr,bougie,es,bujía,altered
fr,bouillir,es,bullir,altered
fr,bouillon,es,bullón,transparent
fr,boule,es,bola,altered
fr,boulevard,es,boulevard,transparent
fr,boum,es,bum,transparent
fr,bourbon,es,borbón,altered
fr,bourdon,es,bordón,altered
fr,bourg,es,burgo,altered
fr,bourgeois,es,burgués,altered
fr,bourgeoise,es,burgués,transparent
fr,bourgeoisie,es,burguesía,transparent
fr,bourgmestre,es,burgomaestre,altered
fr,bourre,es,borra,transparent
fr,boursier,es,bursátil,altered
fr,bouteille,es,botella,altered
fr,boutique,es,boutique,transparent
fr,bouton,es,botón,altered
fr,bovin,es,bovino,transparent
fr,boxe,es,boxeo,altered
fr,boxeur,es,boxeador,altered
fr,boy,es,boy,transparent
fr,boycott,es,boicot,altered
fr,boycotter,es,boicotear,altered
fr,bracelet,es,brazalete,altered
fr,brandir,es,blandir,altered
fr,bras,es,brazo,altered
fr,brassard,es,brazalete,altered
fr,brasília,es,brasilia,transparent
fr,bravo,es,bravo,transparent
fr,bravoure,es,bravura,transparent
fr,bref,es,breve,transparent
fr,breton,es,bretón,transparent
fr,bricolage,es,bricolaje,transparent
fr,bride,es,brida,transparent
fr,briefing,es,briefing,transparent
fr,brigade,es,brigada,transparent
fr,brigadier,es,brigadier,transparent
fr,brillant,es,brillante,transparent
fr,briller,es,brillar,transparent
fr,brin,es,brizna,altered
fr,brise,es,brisa,altered
fr,brisée,es,brisa,transparent
fr,britannique,es,británico,altered
fr,brièvement,es,brevemente,transparent
fr,brièveté,es,brevedad,altered
fr,broadway,es,broadway,transparent
fr,broche,es,broche,transparent
fr,brodé,es,bordado,altered
fr,bronze,es,bronce,altered
fr,brosse,es,broza,altered
fr,brume,es,bruma,transparent
fr,brun,es,bruno,altered
fr,brusque,es,brusco,transparent
fr,brusquement,es,bruscamente,transparent
fr,brut,es,bruto,transparent
fr,brutal,es,brutal,transparent
fr,brutalement,es,brutalmente,transparent
fr,brutalité,es,brutalidad,altered
fr,brute,es,bruto,transparent
fr,brèche,es,brecha,altered
fr,brève,es,breve,transparent
fr,brésil,es,brasil,transparent
fr,brésilien,es,brasileño,altered
fr,buffalo,es,búfalo,altered
fr,buffet,es,buffet,transparent
fr,buffle,es,búfalo,altered
fr,bug,es,bug,transparent
fr,bulgare,es,búlgaro,altered
fr,bulgarie,es,bulgaria,transparent
fr,bulle,es,bula,transparent
fr,bulletin,es,boletín,transparent
fr,bullying,es,bullying,transparent
fr,bunker,es,búnker,transparent
fr,bureau,es,buró,altered
fr,bureaucrate,es,burócrata,altered
fr,bureaucratie,es,burocracia,transparent
fr,bureaucratique,es,burocrático,altered
fr,burlesque,es,burla,altered
fr,burrito,es,burrito,transparent
fr,bus,es,bus,transparent
fr,buste,es,busto,transparent
fr,butin,es,botín,altered
fr,butte,es,butte,transparent
fr,byzantin,es,bizantino,altered
fr,bâtard,es,bastardo,altered
fr,bâton,es,bastón,altered
fr,béat,es,beato,transparent
fr,bébé,es,bebé,transparent
fr,bémol,es,bemol,transparent
fr,bénin,es,benigno,altered
fr,bénir,es,bendecir,altered
fr,bénédiction,es,bendición,altered
fr,bénéfice,es,beneficio,transparent
fr,bénéficiaire,es,beneficiario,transparent
fr,bénéficier,es,beneficiar,altered
fr,bénéfique,es,beneficioso,altered
fr,bêta,es,beta,transparent
fr,bête,es,bestia,altered
fr,cabal,es,cabal,transparent
fr,cabane,es,cabaña,transparent
fr,cabaret,es,cabaret,transparent
fr,cabine,es,cabina,altered
fr,cabinet,es,gabinete,altered
fr,cable,es,cable,transparent
fr,caca,es,caca,transparent
fr,cacao,es,cacao,transparent
fr,cachet,es,caché,transparent
fr,cacique,es,cacique,transparent
fr,cactus,es,cactus,transparent
fr,cadavre,es,cadáver,transparent
fr,cadenas,es,cadena,transparent
fr,cadence,es,cadencia,transparent
fr,cadet,es,cadete,altered
fr,cadre,es,cuadro,altered
fr,caducité,es,caducidad,transparent
fr,cafetier,es,cafetero,altered
fr,cafetière,es,cafetera,transparent
fr,café,es,café,transparent
fr,caféine,es,cafeína,transparent
fr,cafétéria,es,cafetería,transparent
fr,cahier,es,cuaderno,altered
fr,caissier,es,cajero,altered
fr,caisson,es,cajón,altered
fr,cal,es,cal,transparent
fr,calamité,es,calamidad,transparent
fr,calcaire,es,calcáreo,transparent
fr,calcium,es,calcio,transparent
fr,calcul,es,cálculo,transparent
fr,calculatrice,es,calculadora,altered
fr,calculer,es,calcular,transparent
fr,caldo,es,caldo,transparent
fr,cale,es,cala,altered
fr,calendrier,es,calendario,altered
fr,calibre,es,calibre,transparent
fr,calice,es,cáliz,altered
fr,calmar,es,calamar,altered
fr,calme,es,calma,altered
fr,calmement,es,calmadamente,altered
fr,calmer,es,calmar,transparent
fr,calomnie,es,calumnia,altered
fr,calorie,es,caloría,transparent
fr,calvaire,es,calvario,altered
fr,camarade,es,camarada,transparent
fr,camerounais,es,camerunés,altered
fr,camion,es,camión,transparent
fr,camionnette,es,camioneta,altered
fr,camouflage,es,camuflaje,altered
fr,camoufler,es,camuflar,transparent
fr,camp,es,campo,altered
fr,campagnard,es,campesino,altered
fr,campagne,es,campaña,transparent
fr,campanile,es,campanario,altered
fr,campement,es,campamento,altered
fr,camper,es,acampar,altered
fr,camping,es,camping,transparent
fr,campus,es,campus,transparent
fr,caméra,es,cámara,transparent
fr,canada,es,canadá,transparent
fr,canadian,es,canadiense,altered
fr,canadien,es,canadiense,altered
fr,canaille,es,canalla,transparent
fr,canal,es,canal,transparent
fr,canaliser,es,canalizar,transparent
fr,canapé,es,canapé,transparent
fr,cancer,es,cáncer,transparent
fr,candela,es,candela,transparent
fr,candidat,es,candidato,transparent
fr,candidature,es,candidatura,transparent
fr,canelle,es,canela,altered
fr,caniche,es,caniche,transparent
fr,canicule,es,canícula,transparent
fr,canin,es,canino,transparent
fr,cannabis,es,cannabis,transparent
fr,canne,es,caña,altered
fr,canon,es,cañón,transparent
fr,canonique,es,canónico,transparent
fr,canot,es,canoa,altered
fr,cantine,es,cantina,transparent
fr,cantique,es,cántico,altered
fr,canton,es,cantón,transparent
fr,canyon,es,cañón,transparent
fr,caoutchouc,es,caucho,altered
fr,cap,es,cabo,altered
fr,capable,es,capaz,transparent
fr,capacité,es,capacidad,altered
fr,capillaire,es,capilar,transparent
fr,capitaine,es,capitán,transparent
fr,capitainerie,es,capitanía,altered
fr,capital,es,capital,transparent
fr,capitalisation,es,capitalización,transparent
fr,capitalisme,es,capitalismo,transparent
fr,capitaliste,es,capitalista,transparent
fr,capitole,es,capitolio,transparent
fr,capitulation,es,capitulación,transparent
fr,caporal,es,cabo,altered
fr,capot,es,capó,transparent
fr,capote,es,capote,transparent
fr,caprice,es,capricho,altered
fr,capricieux,es,caprichoso,altered
fr,capsule,es,cápsula,transparent
fr,captage,es,captación,altered
fr,capter,es,captar,transparent
fr,captif,es,cautivo,altered
fr,captiver,es,cautivar,altered
fr,captivité,es,cautiverio,altered
fr,capture,es,captura,transparent
fr,capturer,es,capturar,transparent
fr,capuche,es,capucha,altered
fr,capucin,es,capuchino,altered
fr,caractère,es,carácter,altered
fr,caractérisation,es,caracterización,transparent
fr,caractériser,es,caracterizar,transparent
fr,caractéristique,es,característica,altered
fr,caractérisé,es,caracterizar,transparent
fr,caramel,es,caramelo,altered
fr,caravane,es,caravana,transparent
fr,caraïbe,es,caribe,altered
fr,carbone,es,carbono,altered
fr,carburant,es,carburante,transparent
fr,carcéral,es,carcel,altered
fr,cardiaque,es,cardíaco,transparent
fr,cardinal,es,cardenal,transparent
fr,cardio,es,cardiología,transparent
fr,cardiologie,es,cardiología,transparent
fr,cardiologue,es,cardiólogo,altered
fr,cardiovasculaire,es,cardiovascular,transparent
fr,carence,es,carencia,transparent
fr,caresser,es,acariciar,altered
fr,cargaison,es,cargamento,altered
fr,cargo,es,cargo,transparent
fr,caricature,es,caricatura,transparent
fr,carie,es,caries,altered
fr,caritatif,es,caritativo,transparent
fr,carliste,es,carlista,altered
fr,carmélite,es,carmelita,transparent
fr,carnaval,es,carnaval,transparent
fr,carnet,es,carnet,transparent
fr,carpette,es,carpeta,altered
fr,carrefour,es,carrefour,transparent
fr,carrer,es,carrera,altered
fr,carrière,es,carrera,altered
fr,carrosse,es,carroza,transparent
fr,carrosserie,es,carrocería,altered
fr,carré,es,cuadrado,altered
fr,carte,es,carta,altered
fr,cartel,es,cartel,transparent
fr,cartographie,es,cartografía,altered
fr,carton,es,cartón,transparent
fr,cartouche,es,cartucho,altered
fr,carême,es,cuaresma,altered
fr,cas,es,caso,transparent
fr,cascade,es,cascada,altered
fr,caser,es,casar,transparent
fr,cash,es,cash,transparent
fr,casino,es,casino,transparent
fr,casque,es,casco,altered
fr,casquette,es,casquete,altered
fr,cassation,es,casación,transparent
fr,casser,es,cascar,transparent
fr,casserole,es,cacerola,transparent
fr,cassette,es,casete,altered
fr,caste,es,casta,transparent
fr,castillan,es,castellano,altered
fr,castille,es,castilla,transparent
fr,casting,es,casting,transparent
fr,castor,es,castor,transparent
fr,castrer,es,castrar,transparent
fr,casuel,es,casual,altered
fr,catalan,es,catalán,transparent
fr,catalogue,es,catálogo,altered
fr,cataloguer,es,catalogar,altered
fr,catalyseur,es,catalizador,altered
fr,cataracte,es,catarata,altered
fr,catastrophe,es,catástrofe,altered
fr,catastrophique,es,catastrófico,altered
fr,catholicisme,es,catolicismo,transparent
fr,catholique,es,católico,altered
fr,cathédrale,es,catedral,altered
fr,catégorie,es,categoría,altered
fr,catégorique,es,categórico,transparent
fr,caucase,es,cáucaso,altered
fr,caudal,es,caudal,transparent
fr,causal,es,causal,transparent
fr,causalité,es,causalidad,transparent
fr,causant,es,causante,transparent
fr,cause,es,causa,transparent
fr,causer,es,causar,transparent
fr,cavalerie,es,caballería,altered
fr,cavalier,es,caballero,altered
fr,cave,es,cava,transparent
fr,caverne,es,caverna,altered
fr,caviar,es,caviar,transparent
fr,cavité,es,cavidad,altered
fr,caïman,es,caimán,transparent
fr,ceinture,es,cinta,altered
fr,cellulaire,es,celular,altered
fr,cellule,es,célula,altered
fr,celte,es,celta,altered
fr,celtique,es,céltico,transparent
fr,cendre,es,ceniza,altered
fr,cendré,es,ceniciento,altered
fr,censeur,es,censor,altered
fr,censure,es,censura,transparent
fr,censurer,es,censurar,altered
fr,census,es,censo,transparent
fr,cent,es,ciento,altered
fr,centaine,es,centenar,altered
fr,centenaire,es,centenario,altered
fr,center,es,centro,altered
fr,centime,es,céntimo,transparent
fr,centimètre,es,centímetro,altered
fr,central,es,central,transparent
fr,centrale,es,central,transparent
fr,centraliser,es,centralizar,transparent
fr,centre,es,centro,transparent
fr,centrer,es,centrar,transparent
fr,centriste,es,centrista,transparent
fr,centré,es,centrado,transparent
fr,centurion,es,centurión,transparent
fr,cep,es,cepa,altered
fr,cerf,es,ciervo,altered
fr,cerise,es,cereza,altered
fr,cerisier,es,cerezo,altered
fr,certainement,es,ciertamente,altered
fr,certamen,es,certamen,transparent
fr,certes,es,cierto,altered
fr,certificat,es,certificado,altered
fr,certification,es,certificación,transparent
fr,certifier,es,certificar,transparent
fr,certifié,es,certificado,transparent
fr,cerveau,es,cerebro,altered
fr,cervical,es,cervical,transparent
fr,cervoise,es,cerveza,altered
fr,cessation,es,cesación,transparent
fr,cesse,es,cese,altered
fr,cession,es,cesión,transparent
fr,ceste,es,cesta,altered
fr,chaine,es,cadena,altered
fr,chair,es,carne,altered
fr,chaire,es,cátedra,altered
fr,chalet,es,chalet,transparent
fr,chaleur,es,calor,altered
fr,chamane,es,chamán,transparent
fr,chambre,es,cámara,altered
fr,chameau,es,camello,altered
fr,champ,es,campo,altered
fr,champagne,es,champagne,transparent
fr,champignon,es,champiñón,transparent
fr,champion,es,campeón,altered
fr,championnat,es,campeonato,transparent
fr,champêtre,es,campestre,altered
fr,chance,es,chance,transparent
fr,chancelier,es,canciller,altered
fr,chancellerie,es,cancillería,altered
fr,chandelle,es,candela,transparent
fr,changeant,es,cambiante,transparent
fr,chanoine,es,canónigo,altered
fr,chanson,es,canción,altered
fr,chant,es,canto,altered
fr,chantage,es,chantaje,transparent
fr,chantant,es,cantante,altered
fr,chanter,es,cantar,altered
fr,chanteur,es,cantador,altered
fr,chaos,es,caos,transparent
fr,chaotique,es,caótico,altered
fr,chape,es,chapa,altered
fr,chapelain,es,capellán,altered
fr,chapelle,es,capilla,altered
fr,chapiteau,es,capitel,altered
fr,chapitre,es,capítulo,altered
fr,charbon,es,carbón,altered
fr,charcuterie,es,charcutería,transparent
fr,chardon,es,cardo,altered
fr,charge,es,cargo,altered
fr,chargement,es,cargamento,altered
fr,charger,es,cargar,altered
fr,chargeur,es,cargador,altered
fr,chargé,es,cargar,altered
fr,charia,es,sharia,transparent
fr,chariot,es,carro,altered
fr,charismatique,es,carismático,altered
fr,charisme,es,carisma,altered
fr,charité,es,caridad,altered
fr,charnel,es,carnal,altered
fr,charpenterie,es,carpintería,altered
fr,charpentier,es,carpintero,altered
fr,charrette,es,carreta,altered
fr,chasse,es,caza,altered
fr,chasser,es,cazar,altered
fr,chasseur,es,cazador,altered
fr,chat,es,gato,altered
fr,chatte,es,gato,altered
fr,chaud,es,cálido,altered
fr,chaudière,es,caldera,altered
fr,chauffer,es,calentar,altered
fr,chauffeur,es,chofer,altered
fr,chausse,es,calza,altered
fr,chauve,es,calvo,altered
fr,chaîne,es,cadena,altered
fr,chef,es,jefe,altered
fr,cheikh,es,jeque,altered
fr,chemin,es,camino,altered
fr,cheminer,es,caminar,altered
fr,cheminée,es,chimenea,transparent
fr,cher,es,caro,altered
fr,chercher,es,cercar,altered
fr,cheval,es,caballo,altered
fr,chevalier,es,caballero,altered
fr,chevelure,es,cabellera,altered
fr,chic,es,chic,transparent
fr,chicago,es,chicago,transparent
fr,chiffre,es,cifra,altered
fr,chiffrer,es,cifrar,altered
fr,chiffré,es,cifrado,altered
fr,chili,es,chile,altered
fr,chilien,es,chileno,altered
fr,chimie,es,química,altered
fr,chimiothérapie,es,quimioterapia,altered
fr,chimique,es,químico,transparent
fr,chimiste,es,químico,altered
fr,chinois,es,chino,altered
fr,chips,es,chip,transparent
fr,chirurgical,es,quirúrgico,altered
fr,chirurgie,es,cirugía,altered
fr,chirurgien,es,cirujano,altered
fr,chlore,es,cloro,altered
fr,chlorure,es,cloruro,transparent
fr,choc,es,choque,transparent
fr,chocolat,es,chocolate,altered
fr,chocolatine,es,chocolatina,altered
fr,choeur,es,coro,altered
fr,choir,es,caer,altered
fr,cholestérol,es,colesterol,transparent
fr,choquant,es,chocante,transparent
fr,choquer,es,chocar,transparent
fr,choqué,es,chocar,altered
fr,chorale,es,coral,altered
fr,chorizo,es,chorizo,transparent
fr,chorégraphe,es,coreógrafo,altered
fr,chorégraphie,es,coreografía,altered
fr,chose,es,cosa,altered
fr,christ,es,cristo,transparent
fr,christianiser,es,cristianar,altered
fr,christianisme,es,cristianismo,transparent
fr,chromosome,es,cromosoma,altered
fr,chronique,es,crónica,altered
fr,chroniqueur,es,cronista,altered
fr,chrono,es,crono,transparent
fr,chronogramme,es,cronograma,transparent
fr,chronologie,es,cronología,transparent
fr,chronologique,es,cronológico,altered
fr,chronomètre,es,cronómetro,altered
fr,chrétien,es,cristiano,altered
fr,chuter,es,caer,altered
fr,chypre,es,chipre,altered
fr,châssis,es,chasis,altered
fr,châtier,es,castigar,altered
fr,chèque,es,cheque,altered
fr,chéri,es,querido,altered
fr,chœur,es,coro,altered
fr,cicatrice,es,cicatriz,altered
fr,cicatriser,es,cicatrizar,transparent
fr,cidre,es,sidra,altered
fr,ciel,es,cielo,altered
fr,cigare,es,cigarro,altered
fr,cigarette,es,cigarrillo,altered
fr,cil,es,cilio,altered
fr,cime,es,cima,altered
fr,ciment,es,cemento,altered
fr,cimeterre,es,cimitarra,altered
fr,cimetière,es,cementerio,altered
fr,cinema,es,cine,altered
fr,cinq,es,cinco,altered
fr,cinquantaine,es,cincuentena,altered
fr,cinquante,es,cincuenta,transparent
fr,ciné,es,cine,transparent
fr,cinéaste,es,cineasta,transparent
fr,cinéma,es,cine,altered
fr,cinématographique,es,cinematográfico,altered
fr,circonférence,es,circunferencia,transparent
fr,circonscription,es,circunscripción,transparent
fr,circonstance,es,circunstancia,transparent
fr,circonstanciel,es,circunstancial,transparent
fr,circuit,es,circuito,transparent
fr,circulaire,es,circular,transparent
fr,circulant,es,circulante,transparent
fr,circulation,es,circulación,transparent
fr,circuler,es,circular,altered
fr,cire,es,cera,altered
fr,cirque,es,circo,altered
fr,citadelle,es,ciudadela,altered
fr,citation,es,cita,altered
fr,citer,es,citar,transparent
fr,citerne,es,cisterna,transparent
fr,citrique,es,cítrico,transparent
fr,civil,es,civil,transparent
fr,civilisation,es,civilización,altered
fr,civiliser,es,civilizar,transparent
fr,civilisé,es,civilizar,transparent
fr,civique,es,cívico,transparent
fr,clair,es,claro,transparent
fr,claire,es,clara,altered
fr,clairement,es,claramente,transparent
fr,clamer,es,llamar,altered
fr,clameur,es,clamor,altered
fr,clan,es,clan,transparent
fr,clandestin,es,clandestino,transparent
fr,clandestinité,es,clandestinidad,transparent
fr,clarifier,es,aclarar,altered
fr,clarté,es,claridad,altered
fr,classe,es,clase,transparent
fr,classer,es,clasificar,altered
fr,classification,es,clasificación,transparent
fr,classifier,es,clasificar,transparent
fr,classique,es,clásico,transparent
fr,classiste,es,clasista,transparent
fr,classé,es,clasificar,transparent
fr,clause,es,cláusula,altered
fr,clavicule,es,clavícula,transparent
fr,clerc,es,clérigo,altered
fr,clergé,es,clero,altered
fr,cleveland,es,cleveland,transparent
fr,cliché,es,cliché,transparent
fr,client,es,cliente,transparent
fr,clientèle,es,clientela,altered
fr,climat,es,clima,altered
fr,climatique,es,climático,transparent
fr,climatisation,es,climatización,transparent
fr,clinique,es,clínica,transparent
fr,clip,es,clip,transparent
fr,clique,es,clica,transparent
fr,cliquer,es,clicar,altered
fr,cloaque,es,cloaca,altered
fr,clone,es,clon,altered
fr,cloner,es,clonar,altered
fr,clou,es,clavo,altered
fr,cloître,es,claustro,altered
fr,club,es,club,transparent
fr,clé,es,clave,altered
fr,clémence,es,clemencia,transparent
fr,clément,es,clemente,transparent
fr,clôture,es,clausura,altered
fr,clôturer,es,clausurar,altered
fr,coalition,es,coalición,transparent
fr,cobra,es,cobra,transparent
fr,coca,es,coca,transparent
fr,cocaïne,es,cocaína,transparent
fr,coche,es,coche,transparent
fr,cocher,es,cochero,altered
fr,cochon,es,cochino,transparent
fr,cocktail,es,cóctel,altered
fr,coco,es,coco,transparent
fr,code,es,código,altered
fr,codex,es,códice,altered
fr,codification,es,codificación,transparent
fr,codifier,es,codificar,altered
fr,coefficient,es,coeficiente,transparent
fr,coexister,es,coexistir,transparent
fr,coffre,es,cofre,altered
fr,cofondateur,es,cofundador,transparent
fr,cognitif,es,cognitivo,altered
fr,cohabitation,es,cohabitación,transparent
fr,cohérence,es,coherencia,altered
fr,cohérent,es,coherente,altered
fr,cohésion,es,cohesión,transparent
fr,coiffe,es,cofia,altered
fr,cola,es,cola,transparent
fr,colette,es,coleta,altered
fr,colisée,es,coliseo,altered
fr,collaborateur,es,colaborador,transparent
fr,collaboration,es,colaboración,transparent
fr,collaborer,es,colaborar,altered
fr,collage,es,collage,transparent
fr,collagène,es,colágeno,altered
fr,collapsus,es,colapso,transparent
fr,collation,es,colación,transparent
fr,collatéral,es,colateral,altered
fr,collecte,es,colecta,transparent
fr,collecter,es,colectar,transparent
fr,collecteur,es,colector,altered
fr,collectif,es,colectivo,altered
fr,collection,es,colección,transparent
fr,collectionner,es,coleccionar,transparent
fr,collectionneur,es,coleccionista,altered
fr,collectivement,es,colectivamente,altered
fr,collectivité,es,colectividad,transparent
fr,college,es,colegio,transparent
fr,collet,es,collarín,altered
fr,collier,es,collar,altered
fr,colline,es,colina,altered
fr,collision,es,colisión,transparent
fr,collocation,es,colocación,transparent
fr,colloque,es,coloquio,altered
fr,collègue,es,colega,transparent
fr,collégial,es,colegial,altered
fr,collégiale,es,colegiata,altered
fr,collégien,es,colegial,altered
fr,colombie,es,colombia,altered
fr,colombien,es,colombiano,altered
fr,colon,es,colón,transparent
fr,colonel,es,coronel,altered
fr,colonial,es,colonial,transparent
fr,colonialisme,es,colonialismo,transparent
fr,colonie,es,colonia,transparent
fr,colonisateur,es,colonizador,altered
fr,colonisation,es,colonización,transparent
fr,coloniser,es,colonizar,transparent
fr,colonne,es,columna,altered
fr,color,es,color,transparent
fr,colorant,es,colorante,transparent
fr,coloration,es,coloración,altered
fr,colorer,es,colorar,transparent
fr,coloris,es,colorido,altered
fr,coloré,es,colorido,altered
fr,colossal,es,colosal,transparent
fr,colère,es,cólera,transparent
fr,coma,es,coma,transparent
fr,combat,es,combate,altered
fr,combatif,es,combativo,transparent
fr,combattant,es,combatiente,altered
fr,combattre,es,combatir,altered
fr,combinaison,es,combinación,transparent
fr,combine,es,combinar,transparent
fr,combiner,es,combinar,transparent
fr,combiné,es,combinado,altered
fr,comble,es,colmo,altered
fr,combler,es,colmar,altered
fr,combo,es,combo,transparent
fr,combustible,es,combustible,transparent
fr,combustion,es,combustión,transparent
fr,comestible,es,comestibles,transparent
fr,comice,es,comicio,altered
fr,comics,es,comic,transparent
fr,comique,es,cómico,transparent
fr,comité,es,comité,transparent
fr,commandant,es,comandante,transparent
fr,commandement,es,mandamiento,altered
fr,commander,es,comandar,altered
fr,commandeur,es,comendador,altered
fr,commando,es,comando,transparent
fr,comme,es,como,altered
fr,commencement,es,comienzo,altered
fr,commencer,es,comenzar,altered
fr,commensal,es,comensal,transparent
fr,comment,es,cómo,altered
fr,commentaire,es,comentario,transparent
fr,commentateur,es,comentarista,transparent
fr,commenter,es,comentar,transparent
fr,commerce,es,comercio,altered
fr,commercer,es,comerciar,altered
fr,commercial,es,comercial,transparent
fr,commerciale,es,comercial,transparent
fr,commercialisation,es,comercialización,transparent
fr,commercialiser,es,comercializar,transparent
fr,commerçant,es,comerciante,transparent
fr,commettre,es,cometer,transparent
fr,commissaire,es,comisario,altered
fr,commissariat,es,comisaría,altered
fr,commission,es,comisión,transparent
fr,commissionner,es,comisionado,altered
fr,commodité,es,comodidad,altered
fr,commodore,es,comodoro,transparent
fr,commodément,es,cómodamente,altered
fr,commotion,es,conmoción,altered
fr,commun,es,común,transparent
fr,communal,es,comunal,transparent
fr,communale,es,comunal,altered
fr,communautaire,es,comunitario,transparent
fr,communauté,es,comunidad,altered
fr,commune,es,comuna,altered
fr,communicateur,es,comunicador,altered
fr,communicatif,es,comunicativo,altered
fr,communication,es,comunicación,transparent
fr,communier,es,comulgar,altered
fr,communion,es,comunión,transparent
fr,communiquer,es,comunicar,transparent
fr,communiqué,es,comunicado,transparent
fr,communisme,es,comunismo,transparent
fr,communiste,es,comunista,altered
fr,communément,es,comúnmente,transparent
fr,commémoratif,es,conmemorativo,altered
fr,commémoration,es,conmemoración,transparent
fr,commémorer,es,conmemorar,transparent
fr,compact,es,compacto,altered
fr,compacter,es,compactar,transparent
fr,compagne,es,compañero,altered
fr,compagnie,es,compañía,altered
fr,compagnon,es,compañero,altered
fr,comparable,es,comparable,transparent
fr,comparaison,es,comparación,altered
fr,comparatif,es,comparativa,transparent
fr,comparativement,es,comparativamente,transparent
fr,comparaître,es,comparecer,altered
fr,comparer,es,comparar,altered
fr,compartiment,es,compartimento,transparent
fr,comparution,es,comparecencia,altered
fr,comparé,es,comparar,altered
fr,compas,es,compás,transparent
fr,compassion,es,compasión,transparent
fr,compatibilité,es,compatibilidad,transparent
fr,compatible,es,compatible,transparent
fr,compatissant,es,compasivo,altered
fr,compatriote,es,compatriota,altered
fr,compendium,es,compendio,transparent
fr,compensation,es,compensación,altered
fr,compenser,es,compensar,transparent
fr,compilation,es,compilación,transparent
fr,compiler,es,recopilar,altered
fr,complaire,es,complacer,transparent
fr,complaisance,es,complacencia,transparent
fr,complaisant,es,complaciente,altered
fr,complet,es,completo,transparent
fr,completement,es,completamente,transparent
fr,complexe,es,complejo,transparent
fr,complexité,es,complejidad,altered
fr,complication,es,complicación,transparent
fr,complice,es,cómplice,transparent
fr,complicité,es,complicidad,altered
fr,compliquer,es,complicar,transparent
fr,compliqué,es,complicar,transparent
fr,complot,es,complot,transparent
fr,complètement,es,completamente,transparent
fr,complément,es,complemento,transparent
fr,complémentaire,es,complementario,transparent
fr,complétement,es,completamente,transparent
fr,compléter,es,completar,altered
fr,comporte,es,comporta,transparent
fr,comportement,es,comportamiento,transparent
fr,comporter,es,comportar,transparent
fr,composant,es,componente,altered
fr,composante,es,componente,altered
fr,composer,es,componer,transparent
fr,compositeur,es,compositor,transparent
fr,composition,es,composición,transparent
fr,compostelle,es,compostela,altered
fr,composé,es,compuesto,altered
fr,comprendre,es,comprender,transparent
fr,compression,es,compresión,transparent
fr,comprimer,es,comprimir,transparent
fr,comprimé,es,comprimido,transparent
fr,compromettre,es,comprometer,transparent
fr,compromis,es,compromiso,transparent
fr,compréhensible,es,comprensible,altered
fr,compréhensif,es,comprensivo,altered
fr,compréhension,es,comprensión,altered
fr,comptabiliser,es,contabilizar,altered
fr,comptabilité,es,contabilidad,altered
fr,comptable,es,contable,altered
fr,comptant,es,contante,altered
fr,compter,es,contar,altered
fr,compteur,es,contador,altered
fr,compulsif,es,compulsivo,transparent
fr,comput,es,cómputo,transparent
fr,computer,es,computar,transparent
fr,compétence,es,competencia,altered
fr,compétent,es,competente,altered
fr,compétiteur,es,competidor,altered
fr,compétitif,es,competitivo,transparent
fr,compétition,es,competición,transparent
fr,compétitivité,es,competitividad,altered
fr,comte,es,conde,altered
fr,comtesse,es,condesa,altered
fr,comète,es,cometa,transparent
fr,comédie,es,comedia,transparent
fr,comédien,es,comediante,altered
fr,con,es,con,transparent
fr,concentration,es,concentración,transparent
fr,concentrer,es,concentrar,altered
fr,concentré,es,concentrado,transparent
fr,concept,es,concepto,transparent
fr,conception,es,concepción,transparent
fr,conceptuel,es,conceptual,altered
fr,concernant,es,concerniente,transparent
fr,concerner,es,concernir,altered
fr,concert,es,concierto,altered
fr,concertation,es,concertación,transparent
fr,concession,es,concesión,transparent
fr,concessionnaire,es,concesionario,transparent
fr,concevoir,es,concebir,transparent
fr,concierge,es,conserje,altered
fr,concile,es,concilio,altered
fr,conciliation,es,conciliación,transparent
fr,concilier,es,conciliar,transparent
fr,concis,es,conciso,transparent
fr,concitoyen,es,conciudadano,altered
fr,concluant,es,concluyente,altered
fr,conclure,es,concluir,transparent
fr,conclusion,es,conclusión,transparent
fr,concordance,es,concordancia,transparent
fr,concorde,es,concordia,altered
fr,concorder,es,concordar,transparent
fr,concourir,es,concurrir,transparent
fr,concours,es,concurso,transparent
fr,concret,es,concreto,transparent
fr,concrètement,es,concretamente,altered
fr,concrétiser,es,concretar,altered
fr,concurrence,es,concurrencia,altered
fr,concurrent,es,concurrente,transparent
fr,concéder,es,conceder,transparent
fr,condamnation,es,condena,altered
fr,condamner,es,condenar,altered
fr,condamné,es,condenado,transparent
fr,condenser,es,condensar,transparent
fr,condiment,es,condimento,transparent
fr,condition,es,condición,transparent
fr,conditionnel,es,condicional,transparent
fr,conditionnement,es,acondicionamiento,transparent
fr,conditionner,es,condicionar,transparent
fr,conditionné,es,condicionado,transparent
fr,condoléance,es,condolencia,altered
fr,condoléances,es,condolencia,transparent
fr,condominium,es,condominio,transparent
fr,condor,es,cóndor,transparent
fr,conducteur,es,conductor,altered
fr,conduire,es,conducir,altered
fr,conduit,es,conducto,altered
fr,conduite,es,conducta,altered
fr,confection,es,confección,transparent
fr,confectionner,es,confeccionar,transparent
fr,confesser,es,confesar,transparent
fr,confession,es,confesión,transparent
fr,confiance,es,confianza,altered
fr,confiant,es,confiar,transparent
fr,confident,es,confidente,altered
fr,confidentialité,es,confidencialidad,altered
fr,confidentiel,es,confidencial,transparent
fr,confier,es,confiar,altered
fr,configuration,es,configuración,transparent
fr,configurer,es,configurar,transparent
fr,confinement,es,confinamiento,transparent
fr,confiner,es,confinar,transparent
fr,confins,es,confinar,transparent
fr,confiné,es,confinado,altered
fr,confirmation,es,confirmación,transparent
fr,confirmer,es,confirmar,transparent
fr,confirmé,es,confirmar,transparent
fr,confisquer,es,confiscar,transparent
fr,confiture,es,confitura,transparent
fr,conflictuel,es,conflictivo,altered
fr,conflit,es,conflicto,altered
fr,confluence,es,confluencia,transparent
fr,confluer,es,confluir,altered
fr,confondre,es,confundir,altered
fr,conformation,es,conformación,transparent
fr,conforme,es,conforme,transparent
fr,conformer,es,conformar,transparent
fr,conformité,es,conformidad,transparent
fr,conformément,es,conforme,transparent
fr,confort,es,confort,transparent
fr,confortable,es,confortable,transparent
fr,confrontation,es,confrontación,transparent
fr,confronter,es,confrontar,transparent
fr,confronté,es,confrontar,transparent
fr,confrérie,es,cofradía,altered
fr,confus,es,confuso,transparent
fr,confusion,es,confusión,transparent
fr,confédération,es,confederación,transparent
fr,conférence,es,conferencia,transparent
fr,conférer,es,conferir,altered
fr,congeler,es,congelar,transparent
fr,congestion,es,congestión,transparent
fr,conglomérat,es,conglomerado,transparent
fr,congolais,es,congoleño,altered
fr,congressiste,es,congresista,transparent
fr,congrès,es,congreso,transparent
fr,congrégation,es,congregación,transparent
fr,congélateur,es,congelador,transparent
fr,congélation,es,congelación,transparent
fr,congénital,es,congénito,altered
fr,conjecture,es,conjetura,transparent
fr,conjoint,es,cónyuge,altered
fr,conjointement,es,conjuntamente,altered
fr,conjonction,es,conjunción,transparent
fr,conjoncture,es,coyuntura,altered
fr,conjugaison,es,conjugación,transparent
fr,conjugal,es,conyugal,altered
fr,conjuguer,es,conjugar,transparent
fr,conjuration,es,conjuro,altered
fr,connaisseur,es,conocedor,altered
fr,connaitre,es,conocer,altered
fr,connaître,es,conocer,altered
fr,connecter,es,conectar,transparent
fr,connecteur,es,conector,altered
fr,connection,es,conexión,altered
fr,connectivité,es,conectividad,transparent
fr,connexe,es,conexo,altered
fr,connexion,es,conexión,transparent
fr,connotation,es,connotación,transparent
fr,connu,es,conocido,altered
fr,conque,es,concha,altered
fr,conquis,es,conquistar,transparent
fr,conquérant,es,conquistador,altered
fr,conquête,es,conquista,altered
fr,consacrer,es,consagrar,altered
fr,consacré,es,consagrar,transparent
fr,conscience,es,conciencia,transparent
fr,conscient,es,consciente,altered
fr,conseil,es,consejo,altered
fr,conseiller,es,consejero,altered
fr,consensus,es,consenso,altered
fr,consentement,es,consentimiento,transparent
fr,consentir,es,consentir,transparent
fr,conservateur,es,conservador,transparent
fr,conservation,es,conservación,transparent
fr,conservatoire,es,conservatorio,transparent
fr,conserver,es,conservar,altered
fr,conservé,es,conservar,transparent
fr,considérable,es,considerable,transparent
fr,considérablement,es,considerablemente,altered
fr,considérant,es,considerando,transparent
fr,considération,es,consideración,transparent
fr,considérer,es,considerar,transparent
fr,consigne,es,consigna,transparent
fr,consigner,es,consignar,transparent
fr,consistance,es,consistencia,transparent
fr,consistant,es,consistente,altered
fr,consister,es,consistir,transparent
fr,consolateur,es,consolador,transparent
fr,consolation,es,consuelo,altered
fr,console,es,consola,transparent
fr,consoler,es,consolar,transparent
fr,consolidation,es,consolidación,altered
fr,consolider,es,consolidar,altered
fr,consommateur,es,consumidor,altered
fr,consommer,es,consumir,transparent
fr,consommé,es,consumar,transparent
fr,consonance,es,consonancia,transparent
fr,consonne,es,consonante,transparent
fr,consortium,es,consorcio,altered
fr,conspirateur,es,conspirador,transparent
fr,conspiration,es,conspiración,transparent
fr,conspirer,es,conspirar,altered
fr,constamment,es,constantemente,transparent
fr,constance,es,constancia,altered
fr,constant,es,constante,transparent
fr,constante,es,constante,transparent
fr,constat,es,constatación,altered
fr,constater,es,constatar,transparent
fr,constellation,es,constelación,transparent
fr,constituant,es,constituyente,transparent
fr,constituer,es,constituir,transparent
fr,constitutif,es,constitutivo,transparent
fr,constitution,es,constitución,transparent
fr,constitutionnaliste,es,constitucionalista,transparent
fr,constitutionnel,es,constitucional,altered
fr,constitué,es,constituir,transparent
fr,constructeur,es,constructor,altered
fr,constructif,es,constructivo,transparent
fr,construction,es,construcción,transparent
fr,construire,es,construir,transparent
fr,consul,es,cónsul,transparent
fr,consulaire,es,consular,altered
fr,consulat,es,consulado,altered
fr,consultance,es,consultoría,altered
fr,consultant,es,consultor,altered
fr,consultatif,es,consultivo,altered
fr,consultation,es,consulta,altered
fr,consulte,es,consulta,altered
fr,consulter,es,consultar,transparent
fr,consécration,es,consagración,altered
fr,consécutif,es,consecutivo,altered
fr,conséquemment,es,consecuentemente,altered
fr,conséquence,es,consecuencia,transparent
fr,conséquent,es,consiguiente,altered
fr,contact,es,contacto,transparent
fr,contacter,es,contactar,transparent
fr,contagieux,es,contagioso,altered
fr,contagion,es,contagio,transparent
fr,contaminant,es,contaminante,transparent
fr,contamination,es,contaminación,transparent
fr,contaminer,es,contaminar,transparent
fr,contemplation,es,contemplación,transparent
fr,contempler,es,contemplar,transparent
fr,contemporain,es,contemporáneo,altered
fr,contenant,es,contenedor,altered
fr,conteneur,es,contenedor,altered
fr,contenir,es,contener,altered
fr,content,es,contento,transparent
fr,contenter,es,contentar,transparent
fr,contentieux,es,contencioso,altered
fr,contention,es,contención,transparent
fr,contenu,es,contenido,altered
fr,contestation,es,contestación,transparent
fr,contester,es,contestar,altered
fr,contexte,es,contexto,transparent
fr,contextualiser,es,contextualizar,altered
fr,contigu,es,contiguo,transparent
fr,continent,es,continente,transparent
fr,continental,es,continental,transparent
fr,contingence,es,contingencia,transparent
fr,contingent,es,contingente,transparent
fr,continu,es,continuo,transparent
fr,continuation,es,continuación,transparent
fr,continuellement,es,continuamente,altered
fr,continuer,es,continuar,transparent
fr,continuité,es,continuidad,altered
fr,contondant,es,contundente,altered
fr,contour,es,contorno,transparent
fr,contraception,es,anticoncepción,altered
fr,contracter,es,contratar,altered
fr,contraction,es,contracción,transparent
fr,contractuel,es,contractual,transparent
fr,contracté,es,contraído,transparent
fr,contradiction,es,contradicción,altered
fr,contradictoire,es,contradictorio,transparent
fr,contraindre,es,constreñir,altered
fr,contraire,es,contrario,transparent
fr,contrairement,es,contrariamente,transparent
fr,contrarier,es,contrariar,transparent
fr,contrario,es,contrario,transparent
fr,contraste,es,contraste,transparent
fr,contraster,es,contrastar,transparent
fr,contrat,es,contrato,transparent
fr,contravention,es,contravención,transparent
fr,contre,es,contra,transparent
fr,contrebande,es,contrabando,altered
fr,contredire,es,contradecir,altered
fr,contredit,es,contradecir,altered
fr,contrepartie,es,contraparte,altered
fr,contrepoids,es,contrapeso,transparent
fr,contreproductif,es,contraproducente,altered
fr,contrer,es,contrarrestar,altered
fr,contretemps,es,contratiempo,altered
fr,contribuable,es,contribuyente,altered
fr,contribuer,es,contribuir,transparent
fr,contribution,es,contribución,transparent
fr,contrit,es,contrito,transparent
fr,control,es,control,transparent
fr,controle,es,control,transparent
fr,controverse,es,controversia,altered
fr,controversé,es,controvertir,altered
fr,contrôle,es,control,transparent
fr,contrôler,es,controlar,transparent
fr,contrôleur,es,controlador,altered
fr,convaincant,es,convincente,altered
fr,convaincre,es,convencer,altered
fr,convalescence,es,convalecencia,transparent
fr,convenablement,es,convenientemente,altered
fr,convenance,es,conveniencia,transparent
fr,convenir,es,convenir,transparent
fr,convention,es,convenio,altered
fr,conventionnel,es,convencional,transparent
fr,convenu,es,convenir,transparent
fr,convergence,es,convergencia,transparent
fr,converger,es,converger,transparent
fr,conversation,es,conversación,transparent
fr,converser,es,conversar,transparent
fr,conversion,es,conversión,transparent
fr,converti,es,convertir,transparent
fr,convertir,es,convertir,transparent
fr,convict,es,convicto,transparent
fr,conviction,es,convicción,transparent
fr,convier,es,convidar,transparent
fr,convive,es,convivir,transparent
fr,convocation,es,convocatoria,altered
fr,convoi,es,convoy,transparent
fr,convoquer,es,convocar,transparent
fr,convulser,es,convulsionar,altered
fr,cool,es,cool,transparent
fr,coopératif,es,cooperativo,transparent
fr,coopération,es,cooperación,transparent
fr,coopérative,es,cooperativa,altered
fr,coopérer,es,cooperar,transparent
fr,coordinateur,es,coordinador,transparent
fr,coordination,es,coordinación,altered
fr,coordonner,es,coordinar,altered
fr,coordonnée,es,coordinar,transparent
fr,copain,es,compañero,altered
fr,copie,es,copia,altered
fr,copier,es,copiar,transparent
fr,copilote,es,copiloto,altered
fr,copropriété,es,copropiedad,transparent
fr,corail,es,coral,altered
fr,coran,es,corán,transparent
fr,corde,es,cuerda,altered
fr,cordial,es,cordial,transparent
fr,cordialement,es,cordialmente,transparent
fr,cordon,es,cordón,transparent
fr,cordoue,es,córdova,altered
fr,corne,es,cuerno,altered
fr,cornet,es,corneta,altered
fr,cornette,es,corneta,altered
fr,corniche,es,cornisa,altered
fr,corp,es,cuerpo,altered
fr,corporatif,es,corporativo,altered
fr,corporation,es,corporación,transparent
fr,corporel,es,corporal,transparent
fr,corps,es,cuerpo,altered
fr,corpus,es,corpus,transparent
fr,corral,es,corral,transparent
fr,correct,es,correcto,transparent
fr,correctement,es,correctamente,transparent
fr,correcteur,es,corrector,transparent
fr,correctif,es,correctivo,altered
fr,correction,es,corrección,transparent
fr,correctionnel,es,correccional,transparent
fr,correspondance,es,correspondencia,transparent
fr,correspondant,es,correspondiente,altered
fr,correspondre,es,corresponder,transparent
fr,corridor,es,corredor,transparent
fr,corriger,es,corregir,altered
fr,corrigé,es,corregir,transparent
fr,corroborer,es,corroborar,transparent
fr,corrompre,es,corromper,transparent
fr,corrompu,es,corrupto,transparent
fr,corruption,es,corrupción,transparent
fr,corrélation,es,correlación,altered
fr,corse,es,corso,altered
fr,cortex,es,corteza,altered
fr,cortège,es,cortejo,altered
fr,corée,es,corea,altered
fr,coréen,es,coreano,altered
fr,cosmique,es,cósmico,altered
fr,cosmopolite,es,cosmopolita,transparent
fr,cosmos,es,cosmos,transparent
fr,cosmétique,es,cosmético,transparent
fr,costa,es,costa,transparent
fr,cotation,es,cotización,transparent
fr,cote,es,cota,transparent
fr,coter,es,cotizar,altered
fr,coton,es,algodón,altered
fr,coté,es,cotizar,altered
fr,cou,es,cuello,altered
fr,couard,es,cobarde,altered
fr,couardise,es,cobardía,altered
fr,coucou,es,cuco,altered
fr,coude,es,codo,altered
fr,coudre,es,coser,altered
fr,couler,es,colar,altered
fr,couleur,es,color,altered
fr,coulé,es,colado,transparent
fr,coupable,es,culpable,altered
fr,coupant,es,cortante,altered
fr,coupe,es,copa,altered
fr,couper,es,cortar,altered
fr,couplet,es,copla,altered
fr,coupole,es,cúpula,altered
fr,coupon,es,cupón,transparent
fr,coupure,es,cortadura,altered
fr,coupé,es,cupé,transparent
fr,cour,es,corte,altered
fr,courage,es,coraje,altered
fr,courageux,es,corajudo,altered
fr,couramment,es,corrientemente,altered
fr,courant,es,corriente,altered
fr,courante,es,corriente,altered
fr,courbe,es,curva,altered
fr,coureur,es,corredor,transparent
fr,courir,es,correr,transparent
fr,couronne,es,corona,altered
fr,couronnement,es,coronación,altered
fr,couronner,es,coronar,altered
fr,couronné,es,coronar,transparent
fr,courrier,es,correo,altered
fr,courroie,es,correa,altered
fr,cours,es,curso,transparent
fr,course,es,carrera,altered
fr,court,es,corto,altered
fr,courtisan,es,cortesano,altered
fr,courtois,es,cortés,altered
fr,courtoisie,es,cortesía,altered
fr,coussin,es,cojín,altered
fr,coutume,es,costumbre,altered
fr,couture,es,costura,altered
fr,couvent,es,convento,altered
fr,couvert,es,cubierto,altered
fr,couverture,es,cubierta,altered
fr,couvrir,es,cubrir,altered
fr,coyote,es,coyote,transparent
fr,coïncidence,es,coincidencia,transparent
fr,coïncider,es,coincidir,transparent
fr,coût,es,costo,altered
fr,coûter,es,costar,altered
fr,crack,es,crack,transparent
fr,craque,es,crack,transparent
fr,cratère,es,cráter,altered
fr,cravate,es,corbata,altered
fr,credit,es,crédito,transparent
fr,credo,es,credo,transparent
fr,cri,es,grito,altered
fr,crier,es,gritar,altered
fr,crime,es,crimen,transparent
fr,criminaliser,es,criminalizar,transparent
fr,criminalité,es,criminalidad,transparent
fr,criminel,es,criminal,transparent
fr,criminelle,es,criminal,transparent
fr,crise,es,crisis,transparent
fr,cristal,es,cristal,transparent
fr,cristallin,es,cristalino,transparent
fr,cristiano,es,cristiano,transparent
fr,critique,es,crítica,transparent
fr,critiquer,es,criticar,altered
fr,critère,es,criterio,altered
fr,croate,es,croata,altered
fr,croatie,es,croacia,altered
fr,crocodile,es,cocodrilo,altered
fr,croire,es,creer,altered
fr,croisade,es,cruzada,altered
fr,croisement,es,cruzamiento,transparent
fr,croiser,es,cruzar,altered
fr,croisière,es,crucero,altered
fr,croissant,es,creciente,altered
fr,croix,es,cruz,altered
fr,croquis,es,croquis,transparent
fr,croyable,es,creíble,altered
fr,croyant,es,creyente,transparent
fr,cru,es,crudo,transparent
fr,cruauté,es,crueldad,altered
fr,crucial,es,crucial,transparent
fr,crucifier,es,crucificar,transparent
fr,crucifix,es,crucifijo,transparent
fr,crue,es,crecida,altered
fr,cruel,es,cruel,transparent
fr,cruellement,es,cruelmente,transparent
fr,cryptomonnaies,es,criptomonedas,altered
fr,crystal,es,cristal,altered
fr,crâne,es,cráneo,altered
fr,crème,es,crema,altered
fr,créateur,es,creador,altered
fr,créatif,es,creativo,altered
fr,création,es,creación,altered
fr,créativité,es,creatividad,transparent
fr,créature,es,criatura,altered
fr,crédibilité,es,credibilidad,transparent
fr,crédible,es,creíble,altered
fr,crédit,es,crédito,altered
fr,créer,es,crear,transparent
fr,crémeux,es,cremoso,transparent
fr,créole,es,criollo,altered
fr,crépuscule,es,crepúsculo,transparent
fr,crétin,es,cretino,transparent
fr,créé,es,crear,transparent
fr,crêpe,es,crepe,transparent
fr,crête,es,cresta,altered
fr,cubain,es,cubano,altered
fr,cube,es,cubo,altered
fr,cubique,es,cúbico,transparent
fr,cuir,es,cuero,altered
fr,cuisiner,es,cocinar,altered
fr,cuisinier,es,cocinero,altered
fr,cuisinière,es,cocinero,altered
fr,cuisson,es,cocción,altered
fr,cuivre,es,cobre,altered
fr,cul,es,culo,transparent
fr,culasse,es,culata,altered
fr,culinaire,es,culinario,altered
fr,culmination,es,culminación,transparent
fr,culminer,es,culminar,transparent
fr,culotte,es,culote,transparent
fr,culpabiliser,es,culpar,altered
fr,culpabilité,es,culpabilidad,transparent
fr,culte,es,culto,altered
fr,cultiver,es,cultivar,altered
fr,cultivé,es,cultivar,transparent
fr,culture,es,cultura,transparent
fr,culturel,es,cultural,transparent
fr,culturellement,es,culturalmente,transparent
fr,cum,es,cum,transparent
fr,cumul,es,cúmulo,altered
fr,curateur,es,curador,altered
fr,curation,es,curación,transparent
fr,curieusement,es,curiosamente,transparent
fr,curieux,es,curioso,altered
fr,curiosité,es,curiosidad,transparent
fr,curriculum,es,currículum,transparent
fr,curry,es,curry,transparent
fr,cursus,es,cursus,transparent
fr,curé,es,cura,transparent
fr,cuspide,es,cúspide,transparent
fr,custode,es,custodia,altered
fr,cutané,es,cutáneo,altered
fr,cuve,es,cuba,altered
fr,cuvette,es,cuenca,altered
fr,cyanure,es,cianuro,transparent
fr,cyber,es,cyber,transparent
fr,cycle,es,ciclo,altered
fr,cyclique,es,cíclico,altered
fr,cyclisme,es,ciclismo,transparent
fr,cycliste,es,ciclista,altered
fr,cyclone,es,ciclón,altered
fr,cygne,es,cisne,altered
fr,cylindre,es,cilindro,altered
fr,cynique,es,cínico,transparent
fr,cynisme,es,cinismo,altered
fr,cyrillique,es,cirílico,transparent
fr,cyrus,es,ciro,altered
fr,câblage,es,cableado,altered
fr,câble,es,cable,altered
fr,cèdre,es,cedro,altered
fr,céder,es,ceder,transparent
fr,cédule,es,cédula,transparent
fr,céleste,es,celeste,altered
fr,célibat,es,celibato,transparent
fr,célèbre,es,célebre,altered
fr,célébration,es,celebración,altered
fr,célébrer,es,celebrar,transparent
fr,célébrité,es,celebridad,transparent
fr,céramique,es,cerámica,transparent
fr,céréale,es,cereal,transparent
fr,cérébral,es,cerebral,altered
fr,cérémonial,es,ceremonial,transparent
fr,cérémonie,es,ceremonia,transparent
fr,césar,es,césar,transparent
fr,césarienne,es,cesárea,altered
fr,cône,es,cono,altered
fr,côte,es,costilla,altered
fr,côtière,es,costero,altered
fr,côté,es,costado,altered
fr,cœur,es,corazon,altered
fr,cœurs,es,corazón,altered
fr,dague,es,daga,transparent
fr,dakar,es,dakar,transparent
fr,daltonien,es,daltónico,altered
fr,damas,es,damasco,altered
fr,dame,es,dama,altered
fr,damien,es,damián,altered
fr,danemark,es,dinamarca,altered
fr,danois,es,danés,altered
fr,dansant,es,danzante,altered
fr,danse,es,danza,transparent
fr,danser,es,danzar,altered
fr,danube,es,danubio,altered
fr,dard,es,dardo,altered
fr,date,es,data,altered
fr,dater,es,datar,transparent
fr,dealer,es,dealer,transparent
fr,debut,es,debut,transparent
fr,deja,es,deja,transparent
fr,delivery,es,delivery,transparent
fr,delta,es,delta,transparent
fr,demandeur,es,demandante,altered
fr,demandé,es,demandado,transparent
fr,demeuré,es,demorar,altered
fr,demi,es,demi,transparent
fr,demoiselle,es,doncella,altered
fr,dengue,es,dengue,transparent
fr,denier,es,dinero,altered
fr,dense,es,denso,altered
fr,densité,es,densidad,altered
fr,dent,es,diente,altered
fr,dentaire,es,dental,altered
fr,dentiste,es,dentista,transparent
fr,depuis,es,despues,altered
fr,dernièrement,es,recientemente,altered
fr,descendance,es,descendencia,altered
fr,descendant,es,descendiente,altered
fr,descendre,es,descender,transparent
fr,descriptif,es,descriptivo,altered
fr,description,es,descripción,transparent
fr,design,es,diseño,altered
fr,designer,es,diseñador,altered
fr,dessein,es,designio,altered
fr,dessin,es,diseño,altered
fr,dessinateur,es,dibujante,altered
fr,dessiner,es,diseñar,altered
fr,dessous,es,debajo,altered
fr,destin,es,destino,transparent
fr,destinataire,es,destinatario,altered
fr,destination,es,destinación,transparent
fr,destiner,es,destinar,transparent
fr,destiné,es,destinar,transparent
fr,destituer,es,destituir,transparent
fr,destitution,es,destitución,altered
fr,destructeur,es,destructor,altered
fr,destructif,es,destructivo,transparent
fr,destruction,es,destrucción,transparent
fr,deuil,es,duelo,transparent
fr,deux,es,dos,altered
fr,devenir,es,devenir,transparent
fr,devin,es,adivino,altered
fr,deviner,es,adivinar,altered
fr,devoir,es,deber,altered
fr,dextre,es,diestro,altered
fr,dextérité,es,destreza,altered
fr,diable,es,diablo,altered
fr,diabolique,es,diabólico,transparent
fr,diabète,es,diabetes,altered
fr,diabétique,es,diabético,transparent
fr,diagnostic,es,diagnóstico,altered
fr,diagnostiquer,es,diagnosticar,altered
fr,diagonal,es,diagonal,transparent
fr,diagonale,es,diagonal,transparent
fr,diagramme,es,diagrama,transparent
fr,dialecte,es,dialecto,transparent
fr,dialectique,es,dialéctica,altered
fr,dialogue,es,diálogo,altered
fr,dialoguer,es,dialogar,altered
fr,diamant,es,diamante,transparent
fr,diamètre,es,diámetro,altered
fr,diapositive,es,diapositiva,transparent
fr,diarrhée,es,diarrea,altered
fr,diaspora,es,diáspora,transparent
fr,dictateur,es,dictador,transparent
fr,dictatorial,es,dictatorial,transparent
fr,dictature,es,dictadura,transparent
fr,dicter,es,dictar,transparent
fr,dictionnaire,es,diccionario,altered
fr,dictée,es,dictado,altered
fr,didactique,es,didáctica,transparent
fr,diesel,es,diesel,transparent
fr,dieu,es,dios,altered
fr,diffamation,es,difamación,transparent
fr,diffamer,es,difamar,altered
fr,difficile,es,difícil,transparent
fr,difficilement,es,difícilmente,transparent
fr,difficulté,es,dificultad,transparent
fr,difforme,es,deforme,altered
fr,diffus,es,difuso,transparent
fr,diffuser,es,difundir,altered
fr,diffuseur,es,difusor,transparent
fr,diffusion,es,difusión,transparent
fr,différemment,es,diferentemente,transparent
fr,différence,es,diferencia,transparent
fr,différenciation,es,diferenciación,transparent
fr,différencier,es,diferenciar,transparent
fr,différend,es,diferendo,transparent
fr,différent,es,diferente,transparent
fr,différentiel,es,diferencial,transparent
fr,différer,es,diferir,altered
fr,digestif,es,digestivo,altered
fr,digestion,es,digestión,transparent
fr,digital,es,digital,transparent
fr,digitale,es,digital,transparent
fr,digne,es,digno,altered
fr,dignement,es,dignamente,transparent
fr,dignitaire,es,dignatario,transparent
fr,dignité,es,dignidad,altered
fr,digue,es,dique,altered
fr,digérer,es,digerir,transparent
fr,dilater,es,dilatar,transparent
fr,dilemme,es,dilema,altered
fr,diligence,es,diligencia,transparent
fr,diluer,es,diluir,transparent
fr,dimension,es,dimensión,transparent
fr,dimensionner,es,dimensionar,transparent
fr,diminuer,es,disminuir,altered
fr,diminution,es,disminución,transparent
fr,diminué,es,disminuir,altered
fr,dinar,es,dinar,transparent
fr,dinosaure,es,dinosaurio,altered
fr,diocèse,es,diócesis,altered
fr,diocésain,es,diocesano,transparent
fr,dioxyde,es,dióxido,altered
fr,diplomate,es,diplomático,altered
fr,diplomatie,es,diplomacia,transparent
fr,diplomatique,es,diplomático,transparent
fr,diplôme,es,diploma,altered
fr,diplômé,es,diplomado,altered
fr,dire,es,decir,altered
fr,direct,es,directo,transparent
fr,directement,es,directamente,transparent
fr,directeur,es,director,transparent
fr,directif,es,directivo,altered
fr,direction,es,dirección,transparent
fr,directive,es,directiva,transparent
fr,directoire,es,directorio,altered
fr,directrice,es,director,transparent
fr,dirigeant,es,dirigente,altered
fr,diriger,es,dirigir,transparent
fr,dirigé,es,dirigir,transparent
fr,discernement,es,discernimiento,altered
fr,discerner,es,discernir,transparent
fr,disciple,es,discípulo,altered
fr,disciplinaire,es,disciplinario,transparent
fr,discipline,es,disciplina,transparent
fr,discipliner,es,disciplinar,transparent
fr,disco,es,disco,transparent
fr,discographique,es,discográfica,altered
fr,discorde,es,discordia,altered
fr,discothèque,es,discoteca,altered
fr,discourir,es,discurrir,transparent
fr,discours,es,discurso,altered
fr,discret,es,discreto,altered
fr,discrimination,es,discriminación,transparent
fr,discriminatoire,es,discriminatorio,altered
fr,discriminer,es,discriminar,transparent
fr,discrètement,es,discretamente,transparent
fr,discrétion,es,discreción,altered
fr,discussion,es,discusión,transparent
fr,discutable,es,discutible,transparent
fr,discuter,es,discutir,transparent
fr,discuté,es,discutir,transparent
fr,disgracié,es,desgraciado,altered
fr,disparait,es,desaparecer,altered
fr,disparaitre,es,desaparecer,altered
fr,disparate,es,disparate,transparent
fr,disparaître,es,desaparecer,altered
fr,disparition,es,desaparición,altered
fr,disparu,es,desaparecido,altered
fr,dispense,es,dispensa,transparent
fr,disperser,es,dispersar,transparent
fr,dispersion,es,dispersión,transparent
fr,dispersé,es,disperso,altered
fr,disponibilité,es,disponibilidad,transparent
fr,disponible,es,disponible,transparent
fr,dispos,es,disponer,altered
fr,disposer,es,disponer,transparent
fr,dispositif,es,dispositivo,altered
fr,disposition,es,disposición,transparent
fr,disposé,es,disponer,altered
fr,disputé,es,disputar,transparent
fr,disqualification,es,descalificación,altered
fr,disque,es,disco,altered
fr,dissertation,es,disertación,transparent
fr,dissidence,es,disidencia,transparent
fr,dissident,es,disidente,transparent
fr,dissimuler,es,disimular,altered
fr,dissimulé,es,disimulado,transparent
fr,dissiper,es,disipar,altered
fr,dissolution,es,disolución,transparent
fr,dissoudre,es,disolver,altered
fr,dissuader,es,disuadir,transparent
fr,disséminer,es,diseminar,transparent
fr,distance,es,distancia,transparent
fr,distancer,es,distanciar,altered
fr,distant,es,distante,transparent
fr,distinct,es,distinto,transparent
fr,distinctif,es,distintivo,transparent
fr,distinction,es,distinción,transparent
fr,distinguer,es,distinguir,transparent
fr,distingué,es,distinguido,transparent
fr,distorsion,es,distorsión,transparent
fr,distraction,es,distracción,transparent
fr,distraire,es,distraer,transparent
fr,distrait,es,distraído,transparent
fr,distribuer,es,distribuir,transparent
fr,distributeur,es,distribuidor,altered
fr,distribution,es,distribución,transparent
fr,distribué,es,distribuir,transparent
fr,district,es,distrito,transparent
fr,dit,es,dicho,altered
fr,diurne,es,diurno,altered
fr,diva,es,diva,transparent
fr,divan,es,diván,transparent
fr,divergence,es,divergencia,transparent
fr,divergent,es,divergente,transparent
fr,divers,es,diverso,transparent
fr,diversification,es,diversificación,transparent
fr,diversifier,es,diversificar,transparent
fr,diversité,es,diversidad,transparent
fr,divertir,es,divertir,transparent
fr,dividende,es,dividendo,altered
fr,divin,es,divino,altered
fr,divinement,es,divinamente,altered
fr,divinité,es,divinidad,altered
fr,diviser,es,dividir,transparent
fr,division,es,división,transparent
fr,divisé,es,dividir,transparent
fr,divorce,es,divorcio,transparent
fr,divorcé,es,divorciado,altered
fr,divulgation,es,divulgación,transparent
fr,divulguer,es,divulgar,transparent
fr,dix,es,diez,altered
fr,dixit,es,dicho,altered
fr,diète,es,dieta,transparent
fr,djihad,es,yihad,altered
fr,djihadiste,es,yihadista,altered
fr,docent,es,docente,transparent
fr,docteur,es,doctor,altered
fr,doctor,es,doctor,transparent
fr,doctoral,es,doctoral,transparent
fr,doctorat,es,doctorado,altered
fr,doctrine,es,doctrina,altered
fr,document,es,documento,transparent
fr,documentaire,es,documental,altered
fr,documentation,es,documentación,transparent
fr,documenter,es,documentar,transparent
fr,documenté,es,documentar,transparent
fr,dogme,es,dogma,altered
fr,dollar,es,dólar,transparent
fr,doléance,es,dolencia,altered
fr,domaine,es,dominio,altered
fr,domestique,es,doméstico,transparent
fr,domestiquer,es,domesticar,altered
fr,domicile,es,domicilio,transparent
fr,domiciliaire,es,domiciliario,transparent
fr,dominant,es,dominante,altered
fr,dominante,es,dominante,transparent
fr,domination,es,dominación,transparent
fr,dominer,es,dominar,transparent
fr,dominicain,es,dominicano,altered
fr,dominical,es,dominical,transparent
fr,domino,es,dominó,transparent
fr,dompter,es,domar,altered
fr,don,es,don,transparent
fr,donateur,es,donante,altered
fr,donation,es,donación,transparent
fr,donneur,es,donante,altered
fr,donné,es,dado,transparent
fr,dopage,es,dopaje,altered
fr,dorer,es,dorada,altered
fr,dormant,es,durmiente,altered
fr,dormir,es,dormir,transparent
fr,dorsal,es,dorsal,transparent
fr,dortoir,es,dormitorio,altered
fr,doré,es,dorado,altered
fr,dos,es,dos,transparent
fr,dose,es,dosis,altered
fr,dot,es,dote,transparent
fr,dotation,es,dotación,altered
fr,doter,es,dotar,transparent
fr,doté,es,dotar,transparent
fr,douane,es,aduana,altered
fr,doublage,es,doblaje,altered
fr,double,es,doble,transparent
fr,doublement,es,doblemente,transparent
fr,doubler,es,doblar,altered
fr,doublet,es,doblete,altered
fr,doublure,es,doble,altered
fr,doublé,es,doblado,transparent
fr,doucement,es,dulcemente,altered
fr,douche,es,ducha,transparent
fr,doucher,es,duchar,altered
fr,douleur,es,dolor,altered
fr,douloureuse,es,dolorosa,altered
fr,douloureux,es,doloroso,altered
fr,douro,es,duero,altered
fr,douter,es,dudar,altered
fr,doux,es,dulce,altered
fr,dracula,es,drácula,transparent
fr,dragon,es,dragón,altered
fr,drague,es,draga,altered
fr,drainage,es,drenaje,altered
fr,drainer,es,drenar,transparent
fr,drama,es,drama,transparent
fr,dramatique,es,dramática,transparent
fr,dramaturge,es,dramaturgo,altered
fr,drame,es,drama,altered
fr,drap,es,trapo,altered
fr,drastique,es,drástico,altered
fr,drastiquement,es,drásticamente,transparent
fr,drive,es,drive,transparent
fr,driver,es,driver,transparent
fr,drogue,es,droga,transparent
fr,droguer,es,drogar,transparent
fr,drone,es,dron,altered
fr,dual,es,dual,transparent
fr,dualité,es,dualidad,transparent
fr,dublin,es,dublín,transparent
fr,duc,es,duque,altered
fr,duchesse,es,duque,altered
fr,duché,es,ducado,altered
fr,duel,es,duelo,transparent
fr,dune,es,duna,transparent
fr,duo,es,dúo,transparent
fr,dupliquer,es,duplicar,transparent
fr,dur,es,duro,altered
fr,durable,es,duradero,altered
fr,durant,es,durante,altered
fr,durement,es,duramente,altered
fr,durer,es,durar,transparent
fr,dureté,es,dureza,altered
fr,durée,es,duración,altered
fr,dynamique,es,dinámica,transparent
fr,dynamisme,es,dinamismo,altered
fr,dynamite,es,dinamita,transparent
fr,dynastie,es,dinastía,transparent
fr,dysfonction,es,disfunción,transparent
fr,déambuler,es,deambular,transparent
fr,débarquement,es,desembarco,altered
fr,débarquer,es,desembarcar,altered
fr,débarqué,es,desembarcar,altered
fr,débat,es,debate,transparent
fr,débattre,es,debatir,altered
fr,débile,es,débil,transparent
fr,débilité,es,debilidad,altered
fr,débloquer,es,desbloquear,transparent
fr,débordement,es,desbordamiento,transparent
fr,déborder,es,desbordar,altered
fr,déboucher,es,desembocar,altered
fr,débouché,es,desembocar,altered
fr,début,es,debut,altered
fr,débutant,es,debutante,transparent
fr,débuter,es,debutar,altered
fr,décade,es,década,transparent
fr,décadence,es,decadencia,transparent
fr,décadent,es,decadente,transparent
fr,décanter,es,decantar,transparent
fr,décapiter,es,decapitar,transparent
fr,décembre,es,diciembre,altered
fr,décence,es,decencia,altered
fr,décent,es,decente,transparent
fr,décentralisation,es,descentralización,transparent
fr,décentraliser,es,descentralizar,altered
fr,décevant,es,decepcionante,altered
fr,décharge,es,descarga,transparent
fr,décharger,es,descargar,altered
fr,déchaîner,es,desencadenar,altered
fr,déchiffrer,es,descifrar,altered
fr,déchoir,es,decaer,altered
fr,déchéance,es,decadencia,altered
fr,décider,es,decidir,transparent
fr,décidé,es,decidir,transparent
fr,décidément,es,decididamente,transparent
fr,décilitre,es,decilitro,altered
fr,décimal,es,decimal,transparent
fr,décime,es,décimo,altered
fr,décimètre,es,decímetro,transparent
fr,décisif,es,decisivo,altered
fr,décision,es,decisión,transparent
fr,déclarant,es,declarante,transparent
fr,déclaration,es,declaración,transparent
fr,déclarer,es,declarar,transparent
fr,déclaré,es,declarar,transparent
fr,déclenche,es,desencadenar,altered
fr,déclencher,es,desencadenar,altered
fr,déclin,es,declive,altered
fr,déclinaison,es,declinación,transparent
fr,décliner,es,declinar,transparent
fr,déco,es,deco,transparent
fr,décombre,es,escombro,altered
fr,décomposer,es,descomponer,transparent
fr,décomposition,es,descomposición,transparent
fr,décompter,es,descontar,altered
fr,déconnecter,es,desconectar,altered
fr,déconnexion,es,desconexión,transparent
fr,décor,es,decoración,altered
fr,décoratif,es,decorativo,transparent
fr,décoration,es,decoración,altered
fr,décorer,es,decorar,transparent
fr,décoré,es,decorado,transparent
fr,décourager,es,descorazonar,altered
fr,découvert,es,descubierto,altered
fr,découvrir,es,descubrir,altered
fr,décret,es,decreto,altered
fr,décrire,es,describir,altered
fr,décréter,es,decretar,transparent
fr,décès,es,deceso,altered
fr,dédicace,es,dedicatoria,altered
fr,dédicatoire,es,dedicatoria,transparent
fr,dédier,es,dedicar,altered
fr,dédié,es,dedicar,transparent
fr,déduction,es,deducción,transparent
fr,déduire,es,deducir,transparent
fr,déduit,es,deducir,altered
fr,défaillance,es,deficiencia,altered
fr,défaire,es,deshacer,altered
fr,défaut,es,defecto,altered
fr,défavorable,es,desfavorable,altered
fr,défavorisé,es,desfavorecer,transparent
fr,défectueux,es,defectuoso,altered
fr,défendre,es,defender,transparent
fr,défends,es,defender,altered
fr,défendu,es,defendido,altered
fr,défense,es,defensa,transparent
fr,défenseur,es,defensor,altered
fr,défensif,es,defensivo,transparent
fr,défensive,es,defensiva,transparent
fr,défi,es,desafío,altered
fr,défiance,es,desconfianza,altered
fr,déficience,es,deficiencia,transparent
fr,déficient,es,deficiente,transparent
fr,déficit,es,déficit,transparent
fr,défiler,es,desfilar,transparent
fr,défilé,es,desfile,transparent
fr,défini,es,definido,transparent
fr,définir,es,definir,transparent
fr,définitif,es,definitivo,altered
fr,définition,es,definición,altered
fr,définitivement,es,definitivamente,transparent
fr,déforestation,es,deforestación,transparent
fr,déformation,es,deformación,transparent
fr,déformer,es,deformar,transparent
fr,défunt,es,difunto,altered
fr,dégager,es,despejar,altered
fr,dégoûter,es,disgustar,altered
fr,dégradation,es,degradación,altered
fr,dégrader,es,degradar,transparent
fr,dégradé,es,degradado,transparent
fr,dégustation,es,degustación,transparent
fr,déguster,es,degustar,transparent
fr,dégénéré,es,degenerado,altered
fr,déité,es,deidad,altered
fr,délateur,es,delatar,altered
fr,délectable,es,deleitar,altered
fr,délibération,es,deliberación,transparent
fr,délibérer,es,deliberar,altered
fr,délibéré,es,deliberar,transparent
fr,délibérément,es,deliberadamente,altered
fr,délicat,es,delicado,altered
fr,délicatesse,es,delicadeza,altered
fr,délice,es,delicia,altered
fr,délicieux,es,delicioso,altered
fr,délimitation,es,delimitación,transparent
fr,délimiter,es,delimitar,transparent
fr,délinquance,es,delincuencia,transparent
fr,délinquant,es,delincuente,altered
fr,délirant,es,delirante,transparent
fr,délire,es,delirio,altered
fr,délit,es,delito,altered
fr,délivrance,es,liberación,altered
fr,délivrer,es,librar,altered
fr,déloger,es,desalojar,altered
fr,déloyal,es,desleal,transparent
fr,délégation,es,delegación,transparent
fr,déléguer,es,delegar,transparent
fr,délégué,es,delegado,altered
fr,démagogie,es,demagogia,transparent
fr,démantèlement,es,desmantelamiento,transparent
fr,démarcation,es,demarcación,transparent
fr,démarquer,es,desmarcar,transparent
fr,démasquer,es,desenmascarar,altered
fr,démence,es,demencia,altered
fr,dément,es,demente,altered
fr,démenti,es,desmentida,altered
fr,démission,es,dimisión,altered
fr,démo,es,demo,transparent
fr,démocrate,es,demócrata,transparent
fr,démocratie,es,democracia,transparent
fr,démocratique,es,democrático,transparent
fr,démocratiquement,es,democráticamente,altered
fr,démocratisation,es,democratización,transparent
fr,démographie,es,demografía,transparent
fr,démographique,es,demográfico,transparent
fr,démolir,es,demoler,altered
fr,démolisseur,es,demoledor,altered
fr,démolition,es,demolición,transparent
fr,démon,es,demonio,altered
fr,démoniaque,es,demoníaco,altered
fr,démonstration,es,demostración,transparent
fr,démonter,es,desmontar,altered
fr,démontrer,es,demostrar,altered
fr,dénigrer,es,denigrar,transparent
fr,dénominateur,es,denominador,transparent
fr,dénomination,es,denominación,transparent
fr,dénommer,es,denominar,altered
fr,dénommé,es,denominar,altered
fr,dénoncer,es,denunciar,altered
fr,dénonciation,es,denuncia,altered
fr,dénoter,es,denotar,transparent
fr,dénuder,es,desnudar,transparent
fr,dénudé,es,desnudo,altered
fr,dénutrition,es,desnutrición,transparent
fr,déontologie,es,deontología,transparent
fr,départ,es,partida,altered
fr,département,es,departamento,transparent
fr,départemental,es,departamental,transparent
fr,départementale,es,departamental,transparent
fr,dépendance,es,dependencia,transparent
fr,dépendre,es,depender,altered
fr,déplacement,es,desplazamiento,transparent
fr,déplacer,es,desplazar,transparent
fr,déplacé,es,desplazar,altered
fr,déploiement,es,despliegue,transparent
fr,déplorable,es,deplorable,transparent
fr,déplorer,es,deplorar,transparent
fr,déployer,es,desplegar,altered
fr,déployé,es,desplegar,altered
fr,déportation,es,deportación,transparent
fr,déporter,es,deportar,altered
fr,déporté,es,deportar,transparent
fr,dépose,es,depósito,altered
fr,déposer,es,depositar,transparent
fr,déposition,es,deposición,transparent
fr,déposé,es,depositar,altered
fr,dépouille,es,despojo,altered
fr,dépourvu,es,desproveer,altered
fr,dépressif,es,depresivo,altered
fr,dépression,es,depresión,transparent
fr,déprimant,es,deprimente,altered
fr,déprime,es,depresión,altered
fr,déprimer,es,deprimir,transparent
fr,déprimé,es,deprimir,transparent
fr,déprécier,es,depreciar,altered
fr,députation,es,diputación,altered
fr,député,es,diputado,transparent
fr,dépêche,es,despacho,altered
fr,dépêcher,es,despachar,altered
fr,dépôt,es,depósito,altered
fr,dérivation,es,derivación,transparent
fr,dérive,es,deriva,altered
fr,dériver,es,derivar,altered
fr,dérivé,es,derivado,transparent
fr,dérogation,es,derogación,transparent
fr,dérouler,es,desenrollar,altered
fr,déroute,es,derrota,altered
fr,désaccord,es,desacuerdo,transparent
fr,désactiver,es,desactivar,altered
fr,désagréable,es,desagradable,altered
fr,désapprouver,es,desaprobar,transparent
fr,désarmement,es,desarme,transparent
fr,désarmer,es,desarmar,transparent
fr,désastre,es,desastre,transparent
fr,désastreux,es,desastroso,transparent
fr,désavantage,es,desventaja,transparent
fr,désert,es,desierto,altered
fr,déserter,es,desertar,transparent
fr,déserteur,es,desertor,transparent
fr,désertion,es,deserción,transparent
fr,désespoir,es,desesperación,altered
fr,désespérer,es,desesperar,transparent
fr,désespéré,es,desesperado,altered
fr,désespérément,es,desesperadamente,altered
fr,déshydrater,es,deshidratar,transparent
fr,désignation,es,designación,transparent
fr,désigner,es,designar,transparent
fr,désigné,es,designar,transparent
fr,désillusion,es,desilusión,transparent
fr,désinformation,es,desinformación,transparent
fr,désintégration,es,desintegración,altered
fr,désintégrer,es,desintegrar,altered
fr,désintéressement,es,desinterés,altered
fr,désintéresser,es,desinteresar,transparent
fr,désir,es,deseo,altered
fr,désirable,es,deseable,transparent
fr,désirer,es,desear,altered
fr,désireux,es,deseoso,transparent
fr,désiré,es,desear,transparent
fr,désister,es,desistir,altered
fr,désobéir,es,desobedecer,altered
fr,désobéissance,es,desobediencia,transparent
fr,désodorisant,es,desodorante,altered
fr,désoler,es,desolar,altered
fr,désolé,es,desolar,altered
fr,désordre,es,desorden,transparent
fr,désorienter,es,desorientar,transparent
fr,déstabiliser,es,desestabilizar,altered
fr,désuétude,es,desuso,altered
fr,déséquilibre,es,desequilibrio,transparent
fr,déséquilibrer,es,desequilibrar,transparent
fr,détachement,es,destacamento,altered
fr,détacher,es,destacar,altered
fr,détail,es,detalle,transparent
fr,détailler,es,detallar,transparent
fr,détaillé,es,detallar,transparent
fr,détecter,es,detectar,transparent
fr,détecteur,es,detector,altered
fr,détection,es,detección,transparent
fr,détective,es,detective,transparent
fr,détendu,es,distender,altered
fr,détenir,es,detener,altered
fr,détention,es,detención,transparent
fr,détenu,es,detenido,transparent
fr,détergent,es,detergente,transparent
fr,déterminant,es,determinante,transparent
fr,détermination,es,determinación,transparent
fr,déterminer,es,determinar,transparent
fr,déterminé,es,determinar,transparent
fr,détestable,es,detestable,transparent
fr,détester,es,detestar,transparent
fr,détesté,es,detestar,transparent
fr,détoner,es,detonar,transparent
fr,détracteur,es,detractor,altered
fr,détriment,es,detrimento,altered
fr,détruire,es,destruir,transparent
fr,détériorer,es,deteriorar,transparent
fr,dévaluation,es,devaluación,transparent
fr,dévaluer,es,devaluar,transparent
fr,dévastateur,es,devastador,altered
fr,dévastation,es,devastación,transparent
fr,dévaster,es,devastar,altered
fr,déviation,es,desvío,altered
fr,dévier,es,desviar,transparent
fr,dévoiler,es,desvelar,altered
fr,dévorer,es,devorar,transparent
fr,dévot,es,devoto,altered
fr,dévotion,es,devoción,transparent
fr,dévoué,es,devoto,altered
fr,dôme,es,domo,transparent
fr,dûment,es,debidamente,altered
fr,eau,es,agua,altered
fr,ebola,es,ébola,transparent
fr,ecclésiastique,es,eclesiástico,transparent
fr,echo,es,eco,altered
fr,eco,es,eco,transparent
fr,ecole,es,escuela,altered
fr,ecologie,es,ecología,transparent
fr,economie,es,economía,transparent
fr,economique,es,económico,transparent
fr,ecoute,es,escucha,altered
fr,ecrire,es,escribir,transparent
fr,ecrit,es,escrito,transparent
fr,edition,es,edición,transparent
fr,editions,es,edición,transparent
fr,education,es,educación,altered
fr,effectif,es,efectivo,altered
fr,effectivement,es,efectivamente,transparent
fr,effectuer,es,efectuar,altered
fr,effervescence,es,efervescencia,transparent
fr,effet,es,efecto,altered
fr,efficacement,es,eficazmente,altered
fr,efficacité,es,eficacia,altered
fr,effigie,es,efigie,transparent
fr,efforcer,es,esforzar,altered
fr,effusion,es,efusión,altered
fr,egalement,es,igualmente,transparent
fr,ego,es,ego,transparent
fr,electro,es,electro,transparent
fr,elfe,es,elfo,altered
fr,elite,es,élite,transparent
fr,ella,es,él,transparent
fr,email,es,email,transparent
fr,emballage,es,embalaje,altered
fr,emballé,es,embalar,altered
fr,embarcation,es,embarcación,transparent
fr,embargo,es,embargo,transparent
fr,embarquement,es,embarque,altered
fr,embarquer,es,embarcar,transparent
fr,embarrasser,es,embarazar,transparent
fr,emblème,es,emblema,altered
fr,emblématique,es,emblemático,altered
fr,embouchure,es,embocadura,transparent
fr,embrassade,es,abrazo,altered
fr,embrasse,es,abrazo,altered
fr,embrasser,es,abrazar,transparent
fr,embrassé,es,abrazar,altered
fr,embryon,es,embrión,altered
fr,embuscade,es,emboscada,altered
fr,empathie,es,empatía,altered
fr,empereur,es,emperador,altered
fr,emphase,es,énfasis,altered
fr,empiler,es,apilar,altered
fr,empire,es,empire,transparent
fr,empirique,es,empírico,transparent
fr,emplacement,es,emplazamiento,transparent
fr,emploi,es,empleo,altered
fr,employer,es,emplear,transparent
fr,employeur,es,empleador,transparent
fr,employé,es,empleado,transparent
fr,empêchement,es,impedimento,altered
fr,empêcher,es,impedir,altered
fr,encadrement,es,encuadramiento,transparent
fr,encadré,es,encuadrar,transparent
fr,enceinte,es,encinta,transparent
fr,encens,es,incienso,altered
fr,enchantement,es,encanto,altered
fr,enchanter,es,encantar,transparent
fr,enchanteur,es,encantador,altered
fr,enchanté,es,encantar,transparent
fr,enchaînement,es,encadenamiento,transparent
fr,enchaîner,es,encadenar,altered
fr,enchaîné,es,encadenado,altered
fr,enclave,es,enclave,transparent
fr,enclin,es,inclinar,altered
fr,encourir,es,incurrir,altered
fr,encyclopédie,es,enciclopedia,transparent
fr,endettement,es,endeudamiento,transparent
fr,endormi,es,adormecer,altered
fr,endormir,es,adormecer,altered
fr,endurcir,es,endurecer,altered
fr,endémique,es,endémico,transparent
fr,energie,es,energía,transparent
fr,energy,es,energía,transparent
fr,enfance,es,infancia,altered
fr,enfant,es,infante,altered
fr,enfer,es,infierno,altered
fr,enfermé,es,encerrar,altered
fr,enfiler,es,enfilar,transparent
fr,enfler,es,inflar,altered
fr,enfreindre,es,infringir,altered
fr,enfuir,es,huir,altered
fr,engagement,es,engagement,transparent
fr,engendrer,es,engendrar,transparent
fr,englober,es,englobar,transparent
fr,engrenage,es,engranaje,transparent
fr,enlacer,es,enlace,transparent
fr,ennemi,es,enemigo,altered
fr,enorgueillir,es,enorgullecer,transparent
fr,enorme,es,enorme,transparent
fr,enquête,es,encuesta,altered
fr,enquêter,es,encuestar,altered
fr,enquêteur,es,encuestador,altered
fr,enregistrement,es,registro,altered
fr,enregistrer,es,registrarse,altered
fr,enrichi,es,enriquecer,altered
fr,enrichir,es,enriquecer,altered
fr,enrichissement,es,enriquecimiento,transparent
fr,enseignant,es,enseñante,transparent
fr,enseignement,es,enseñanza,altered
fr,enseigner,es,enseñar,altered
fr,enseigné,es,enseñar,transparent
fr,ensemble,es,ensamble,transparent
fr,entendre,es,entender,altered
fr,entendu,es,entendido,transparent
fr,entente,es,entendimiento,altered
fr,enterrement,es,enterramiento,altered
fr,enterrer,es,enterrar,transparent
fr,enterré,es,enterrar,transparent
fr,enthousiasme,es,entusiasmo,transparent
fr,enthousiasmer,es,entusiasmar,altered
fr,enthousiaste,es,entusiasta,transparent
fr,entier,es,entero,transparent
fr,entité,es,entidad,transparent
fr,entièrement,es,enteramente,transparent
fr,entonner,es,entonar,altered
fr,entourage,es,entorno,altered
fr,entouré,es,entorchado,altered
fr,entrailles,es,entraña,transparent
fr,entrainement,es,entrenamiento,transparent
fr,entrainer,es,entrenar,transparent
fr,entraineur,es,entrenador,transparent
fr,entrant,es,entrante,altered
fr,entraînement,es,entrenamiento,transparent
fr,entraîner,es,entrenar,altered
fr,entraîneur,es,entrenador,altered
fr,entraîné,es,entrenar,transparent
fr,entre,es,entre,transparent
fr,entrelacer,es,entrelazar,altered
fr,entreprendre,es,emprender,altered
fr,entrepreneur,es,emprendedor,altered
fr,entrepreneurial,es,empresarial,altered
fr,entrer,es,entrar,transparent
fr,entretemps,es,entretanto,altered
fr,entretenir,es,entretener,transparent
fr,entrevoir,es,entrever,altered
fr,entrevue,es,entrevistar,altered
fr,entropie,es,entropía,altered
fr,entrée,es,entrada,altered
fr,envahi,es,invadir,altered
fr,envahir,es,invadir,altered
fr,envahisseur,es,invasor,altered
fr,envelopper,es,envolver,transparent
fr,envergure,es,envergadura,transparent
fr,envers,es,envés,altered
fr,envie,es,envidia,transparent
fr,envier,es,envidiar,transparent
fr,envieux,es,envidioso,transparent
fr,environnemental,es,ambiental,altered
fr,envoi,es,envío,transparent
fr,envoyer,es,enviar,altered
fr,envoyé,es,enviado,transparent
fr,enzyme,es,enzima,transparent
fr,episode,es,episodio,transparent
fr,epoque,es,época,transparent
fr,erevan,es,ereván,altered
fr,ermite,es,ermita,altered
fr,errant,es,errante,transparent
fr,errer,es,errar,transparent
fr,erreur,es,error,transparent
fr,erroné,es,erróneo,transparent
fr,erronément,es,erróneamente,altered
fr,escadre,es,escuadra,transparent
fr,escadron,es,escuadrón,transparent
fr,escalade,es,escalada,transparent
fr,escalader,es,escalar,altered
fr,escale,es,escala,transparent
fr,escalier,es,escalera,altered
fr,escapade,es,escapada,transparent
fr,escargot,es,caracol,altered
fr,escarmouche,es,escaramuza,altered
fr,esclavage,es,esclavitud,altered
fr,esclave,es,esclavo,altered
fr,escorte,es,escolta,altered
fr,escorter,es,escoltar,altered
fr,escrime,es,esgrima,transparent
fr,escrimer,es,esgrimir,altered
fr,espace,es,espacio,altered
fr,espagne,es,españa,transparent
fr,espagnol,es,español,altered
fr,espere,es,esperar,altered
fr,espion,es,espía,altered
fr,espionnage,es,espionaje,altered
fr,espionner,es,espiar,altered
fr,esplanade,es,explanada,transparent
fr,espoir,es,espera,altered
fr,esprit,es,espíritu,altered
fr,espèce,es,especie,transparent
fr,espérance,es,esperanza,altered
fr,espérer,es,esperar,altered
fr,esquisser,es,esbozar,altered
fr,essai,es,ensayo,altered
fr,essayer,es,ensayar,altered
fr,essence,es,esencia,transparent
fr,essentiel,es,esencial,transparent
fr,essentiellement,es,esencialmente,transparent
fr,estampe,es,estampa,transparent
fr,esthétique,es,estética,transparent
fr,estimation,es,estimación,transparent
fr,estime,es,estima,transparent
fr,estimer,es,estimar,altered
fr,estival,es,estival,transparent
fr,estomac,es,estómago,altered
fr,estomper,es,esfumar,altered
fr,estropier,es,estropear,transparent
fr,etats,es,estado,transparent
fr,etc,es,etcétera,transparent
fr,ethnie,es,etnia,transparent
fr,ethnique,es,étnico,transparent
fr,etude,es,estudio,altered
fr,etudes,es,estudio,transparent
fr,eucharistie,es,eucaristía,altered
fr,eugénie,es,eugenia,altered
fr,euphorie,es,euforia,transparent
fr,euphémisme,es,eufemismo,transparent
fr,euro,es,euro,transparent
fr,europe,es,europa,transparent
fr,européen,es,europeo,transparent
fr,eurovision,es,eurovisión,transparent
fr,euthanasie,es,eutanasia,altered
fr,evidemment,es,evidentemente,transparent
fr,evolution,es,evolución,transparent
fr,ex,es,ex,transparent
fr,exact,es,exacto,transparent
fr,exactement,es,exactamente,transparent
fr,exaction,es,exacción,transparent
fr,exactitude,es,exactitud,transparent
fr,exagération,es,exageración,transparent
fr,exagérer,es,exagerar,transparent
fr,exagéré,es,exagerar,transparent
fr,exaltation,es,exaltación,transparent
fr,exalté,es,exaltado,altered
fr,examen,es,examen,transparent
fr,examinateur,es,examinador,transparent
fr,examiner,es,examinar,transparent
fr,excavation,es,excavación,transparent
fr,excaver,es,excavar,transparent
fr,excellence,es,excelencia,transparent
fr,excellent,es,excelente,transparent
fr,excentrique,es,excéntrico,transparent
fr,excepter,es,exceptuar,altered
fr,exception,es,excepción,transparent
fr,exceptionnel,es,excepcional,altered
fr,exceptionnellement,es,excepcionalmente,transparent
fr,excepté,es,excepto,altered
fr,excessif,es,excesivo,transparent
fr,excessivement,es,excesivamente,transparent
fr,excitant,es,excitante,transparent
fr,excitation,es,excitación,transparent
fr,exciter,es,excitar,transparent
fr,excité,es,excitar,transparent
fr,exclamer,es,exclamar,transparent
fr,exclu,es,excluir,transparent
fr,excluant,es,excluyente,transparent
fr,exclure,es,excluir,transparent
fr,exclusif,es,exclusivo,transparent
fr,exclusion,es,exclusión,altered
fr,exclusive,es,exclusiva,transparent
fr,exclusivement,es,exclusivamente,transparent
fr,exclusivité,es,exclusividad,transparent
fr,excrément,es,excremento,transparent
fr,excursion,es,excursión,transparent
fr,excuse,es,excusa,transparent
fr,excuser,es,excusar,altered
fr,excès,es,exceso,transparent
fr,excédent,es,excedente,altered
fr,excéder,es,exceder,altered
fr,exemplaire,es,ejemplar,altered
fr,exemple,es,ejemplo,transparent
fr,exempter,es,eximir,altered
fr,exemption,es,exención,transparent
fr,exempté,es,exento,altered
fr,exercer,es,ejercer,altered
fr,exercice,es,ejercicio,transparent
fr,exercé,es,ejercer,transparent
fr,exhaustif,es,exhaustivo,transparent
fr,exhiber,es,exhibir,transparent
fr,exhibition,es,exhibición,transparent
fr,exhorter,es,exhortar,transparent
fr,exigeant,es,exigente,altered
fr,exigence,es,exigencia,altered
fr,exiger,es,exigir,transparent
fr,exigé,es,exigir,transparent
fr,exil,es,exilio,altered
fr,exilé,es,exiliado,altered
fr,existant,es,existente,transparent
fr,existence,es,existencia,transparent
fr,existentiel,es,existencial,transparent
fr,exister,es,existir,transparent
fr,exite,es,éxito,altered
fr,exode,es,éxodo,altered
fr,exonération,es,exoneración,transparent
fr,exonérer,es,exonerar,transparent
fr,exotique,es,exótico,transparent
fr,expansion,es,expansión,transparent
fr,expatrié,es,expatriado,transparent
fr,expectation,es,expectación,transparent
fr,expectative,es,expectativa,transparent
fr,experience,es,experiencia,transparent
fr,expert,es,experto,altered
fr,expiation,es,expiación,transparent
fr,expier,es,expiar,transparent
fr,expiration,es,expiración,transparent
fr,expirer,es,expirar,transparent
fr,explicatif,es,explicativo,transparent
fr,explication,es,explicación,transparent
fr,explicite,es,explícito,transparent
fr,explicitement,es,explícitamente,transparent
fr,expliquer,es,explicar,transparent
fr,exploitation,es,explotación,transparent
fr,exploiteur,es,explotador,altered
fr,exploité,es,explotar,transparent
fr,explorateur,es,explorador,altered
fr,exploration,es,exploración,altered
fr,explorer,es,explorar,transparent
fr,explosif,es,explosivo,altered
fr,explosion,es,explosión,transparent
fr,explosive,es,explosivo,transparent
fr,expo,es,expo,transparent
fr,exponentiel,es,exponencial,transparent
fr,export,es,exportación,altered
fr,exportateur,es,exportador,altered
fr,exportation,es,exportación,transparent
fr,exporter,es,exportar,transparent
fr,exposant,es,exponente,altered
fr,exposer,es,exponer,altered
fr,exposition,es,exposición,transparent
fr,exposé,es,exponer,transparent
fr,express,es,expreso,transparent
fr,expressif,es,expresivo,transparent
fr,expression,es,expresión,transparent
fr,expressément,es,expresamente,transparent
fr,exprimer,es,expresar,altered
fr,expropriation,es,expropiación,transparent
fr,exproprier,es,expropiar,transparent
fr,exprès,es,expreso,altered
fr,expulser,es,expulsar,transparent
fr,expulsion,es,expulsión,transparent
fr,expulsé,es,expulsar,transparent
fr,expédient,es,expediente,transparent
fr,expédier,es,expedir,altered
fr,expédition,es,expedición,altered
fr,expérience,es,experiencia,transparent
fr,expérimental,es,experimental,transparent
fr,expérimentation,es,experimentación,transparent
fr,expérimenter,es,experimentar,transparent
fr,expérimenté,es,experimentar,transparent
fr,exquis,es,exquisito,altered
fr,extase,es,éxtasis,altered
fr,extensif,es,extensivo,altered
fr,extension,es,extensión,transparent
fr,extermination,es,exterminio,altered
fr,exterminer,es,exterminar,transparent
fr,externe,es,externo,altered
fr,extinction,es,extinción,altered
fr,extirper,es,extirpar,altered
fr,extorsion,es,extorsión,transparent
fr,extra,es,extra,transparent
fr,extraction,es,extracción,transparent
fr,extradition,es,extradición,transparent
fr,extraire,es,extraer,altered
fr,extrait,es,extracto,altered
fr,extraordinaire,es,extraordinario,transparent
fr,extraordinairement,es,extraordinariamente,transparent
fr,extraterrestre,es,extraterrestre,transparent
fr,extravagant,es,extravagante,transparent
fr,extreme,es,extremo,altered
fr,extrémiste,es,extremista,altered
fr,extrémité,es,extremidad,transparent
fr,extrême,es,extremo,altered
fr,extrêmement,es,extremadamente,altered
fr,extérieur,es,exterior,transparent
fr,extérioriser,es,externar,altered
fr,exécuter,es,ejecutar,transparent
fr,exécuteur,es,ejecutor,altered
fr,exécutif,es,ejecutivo,altered
fr,exécution,es,ejecución,transparent
fr,exécutive,es,ejecutiva,transparent
fr,fable,es,fábula,transparent
fr,fabricant,es,fabricante,transparent
fr,fabrication,es,fabricación,transparent
fr,fabrique,es,fábrica,altered
fr,fabriquer,es,fabricar,altered
fr,fabuleux,es,fabuloso,altered
fr,face,es,faz,transparent
fr,facette,es,faceta,altered
fr,facial,es,facial,transparent
fr,facile,es,fácil,transparent
fr,facilement,es,fácilmente,altered
fr,faciliter,es,facilitar,transparent
fr,facilité,es,facilidad,transparent
fr,facon,es,facción,altered
fr,facteur,es,factor,altered
fr,facto,es,facto,transparent
fr,facturation,es,facturación,transparent
fr,facultatif,es,facultativo,altered
fr,faculté,es,facultad,transparent
fr,faille,es,falla,transparent
fr,failli,es,fallir,altered
fr,faillir,es,fallar,altered
fr,faisable,es,factible,altered
fr,falsification,es,falsificación,transparent
fr,falsifier,es,falsificar,altered
fr,fameux,es,famoso,transparent
fr,familiale,es,familiar,transparent
fr,familiariser,es,familiarizar,transparent
fr,famille,es,familia,transparent
fr,fan,es,fan,transparent
fr,fanatique,es,fanático,transparent
fr,fanatisme,es,fanatismo,altered
fr,fanfare,es,fanfarria,transparent
fr,fantaisie,es,fantasía,altered
fr,fantasme,es,fantasma,altered
fr,fantastique,es,fantástico,transparent
fr,fantasy,es,fantasía,altered
fr,fantôme,es,fantasma,altered
fr,farce,es,farsa,altered
fr,fardeau,es,fardo,altered
fr,farine,es,harina,altered
fr,fascinant,es,fascinante,transparent
fr,fascination,es,fascinación,transparent
fr,fasciner,es,fascinar,transparent
fr,fascisme,es,fascismo,transparent
fr,fasciste,es,fascista,altered
fr,fastidieux,es,fastidioso,altered
fr,fatal,es,fatal,transparent
fr,fatalité,es,fatalidad,transparent
fr,fatigue,es,fatiga,transparent
fr,fatiguer,es,fatigar,transparent
fr,fatigué,es,fatigar,altered
fr,faucon,es,halcón,altered
fr,faune,es,fauna,altered
fr,faussement,es,falsamente,altered
fr,fausser,es,falsear,altered
fr,faute,es,falta,altered
fr,faux,es,falso,altered
fr,faveur,es,favor,transparent
fr,favorable,es,favorable,transparent
fr,favorablement,es,favorablemente,transparent
fr,favori,es,favorito,altered
fr,favoriser,es,favorecer,altered
fr,favorite,es,favorito,transparent
fr,fax,es,fax,transparent
fr,façade,es,fachada,transparent
fr,feeling,es,feeling,transparent
fr,feindre,es,fingir,altered
fr,fellation,es,felación,transparent
fr,fer,es,hierro,altered
fr,fermement,es,firmemente,altered
fr,ferment,es,fermento,transparent
fr,fermentation,es,fermentación,altered
fr,fermenter,es,fermentar,transparent
fr,fermeté,es,firmeza,altered
fr,ferrer,es,ferrar,transparent
fr,ferroviaire,es,ferroviario,transparent
fr,ferry,es,ferry,transparent
fr,ferré,es,férreo,transparent
fr,fertile,es,fértil,transparent
fr,fertilisant,es,fertilizante,transparent
fr,fertilité,es,fertilidad,transparent
fr,fervent,es,ferviente,altered
fr,ferveur,es,fervor,altered
fr,festif,es,festivo,transparent
fr,festin,es,festín,transparent
fr,festival,es,festival,transparent
fr,festivité,es,festividad,transparent
fr,festoyer,es,festejar,altered
fr,feu,es,fuego,altered
fr,feuillage,es,follaje,altered
fr,feuillet,es,folleto,altered
fr,feuilleton,es,folletín,altered
fr,fiabilité,es,fiabilidad,transparent
fr,fiable,es,fiable,transparent
fr,fiasco,es,fiasco,transparent
fr,fibre,es,fibra,transparent
fr,fiche,es,ficha,transparent
fr,fichier,es,fichero,altered
fr,fictif,es,ficticio,altered
fr,fiction,es,ficción,altered
fr,fidèle,es,fiel,altered
fr,fidèlement,es,fielmente,altered
fr,fidélité,es,fidelidad,transparent
fr,figue,es,higo,altered
fr,figuier,es,higuera,altered
fr,figurant,es,figurante,transparent
fr,figure,es,figura,transparent
fr,figurer,es,figurar,transparent
fr,figuré,es,figurar,transparent
fr,fil,es,hilo,altered
fr,filament,es,filamento,altered
fr,file,es,fila,altered
fr,filet,es,filete,altered
fr,filiale,es,filial,altered
fr,filiation,es,filiación,altered
fr,film,es,film,transparent
fr,filmer,es,filmar,transparent
fr,filtration,es,filtración,transparent
fr,filtre,es,filtro,transparent
fr,filtrer,es,filtrar,altered
fr,fin,es,fin,transparent
fr,final,es,final,transparent
fr,finale,es,final,transparent
fr,finalement,es,finalmente,transparent
fr,finalisation,es,finalización,transparent
fr,finaliser,es,finalizar,transparent
fr,finaliste,es,finalista,transparent
fr,finalité,es,finalidad,transparent
fr,finance,es,finanzas,transparent
fr,financement,es,financiación,altered
fr,financer,es,financiar,transparent
fr,financier,es,financiero,transparent
fr,financière,es,financiera,altered
fr,financièrement,es,financieramente,transparent
fr,fine,es,fino,transparent
fr,finement,es,finamente,transparent
fr,finesse,es,finura,altered
fr,fini,es,finito,altered
fr,finlandais,es,finlandés,altered
fr,finlande,es,finlandia,altered
fr,fiscal,es,fiscal,transparent
fr,fiscalisation,es,fiscalización,transparent
fr,fiscalité,es,fiscalidad,transparent
fr,fissure,es,fisura,altered
fr,fitness,es,fitness,transparent
fr,fixation,es,fijación,transparent
fr,fixement,es,fijamente,altered
fr,fixer,es,fijar,altered
fr,fièrement,es,fieramente,transparent
fr,fièvre,es,fiebre,transparent
fr,fjord,es,fiordo,transparent
fr,flacon,es,frasco,altered
fr,flagrant,es,flagrante,transparent
fr,flamand,es,flamenco,altered
fr,flambant,es,flamante,transparent
fr,flambeau,es,flama,altered
fr,flamenco,es,flamenco,transparent
fr,flanc,es,flanco,altered
fr,flanquer,es,flanquear,altered
fr,flash,es,flash,transparent
fr,flasque,es,flaco,altered
fr,fleur,es,flor,altered
fr,fleuri,es,florido,altered
fr,fleurir,es,florecer,altered
fr,flexibilité,es,flexibilidad,altered
fr,flexible,es,flexible,transparent
fr,flora,es,flora,transparent
fr,floraison,es,floración,transparent
fr,floral,es,floral,transparent
fr,flore,es,flora,altered
fr,florence,es,florencia,altered
fr,florentin,es,florentino,altered
fr,flottant,es,flotante,altered
fr,flotte,es,flota,altered
fr,flotter,es,flotar,transparent
fr,fluctuation,es,fluctuación,altered
fr,fluide,es,fluido,transparent
fr,fluidité,es,fluidez,altered
fr,fluvial,es,fluvial,transparent
fr,flux,es,flujo,transparent
fr,flèche,es,flecha,transparent
fr,fléau,es,flagelo,altered
fr,fléchir,es,flexionar,altered
fr,flûte,es,flauta,altered
fr,flûtiste,es,flautista,altered
fr,focaliser,es,focalizar,transparent
fr,focus,es,foco,transparent
fr,folio,es,folio,transparent
fr,folk,es,folk,transparent
fr,folklore,es,folklore,transparent
fr,folklorique,es,folklórico,transparent
fr,fomenter,es,fomentar,transparent
fr,fonction,es,función,altered
fr,fonctionnaire,es,funcionario,transparent
fr,fonctionnalité,es,funcionalidad,altered
fr,fonctionnel,es,funcional,transparent
fr,fonctionnement,es,funcionamiento,altered
fr,fonctionner,es,funcionar,transparent
fr,fond,es,fondo,altered
fr,fondamental,es,fundamental,transparent
fr,fondamentalement,es,fundamentalmente,altered
fr,fondant,es,fondant,transparent
fr,fondateur,es,fundador,altered
fr,fondation,es,fundación,transparent
fr,fondement,es,fundamento,altered
fr,fonder,es,fundar,transparent
fr,fondre,es,fundir,altered
fr,fonds,es,fondo,transparent
fr,fondu,es,fundido,altered
fr,fondue,es,fondue,transparent
fr,fondé,es,fundar,transparent
fr,fontaine,es,fontana,altered
fr,football,es,fútbol,altered
fr,footballistique,es,futbolístico,transparent
fr,forain,es,foráneo,altered
fr,forcement,es,forzosamente,altered
fr,forcer,es,forzar,altered
fr,forcé,es,forzar,altered
fr,forcément,es,forzosamente,altered
fr,forestier,es,forestal,altered
fr,forge,es,forja,altered
fr,forger,es,forjar,transparent
fr,forgé,es,forjado,altered
fr,formaliser,es,formalizar,altered
fr,formalité,es,formalidad,altered
fr,format,es,formato,transparent
fr,formateur,es,formador,altered
fr,formatif,es,formativo,transparent
fr,formation,es,formación,transparent
fr,forme,es,forma,transparent
fr,formel,es,formal,transparent
fr,formellement,es,formalmente,transparent
fr,former,es,formar,transparent
fr,formidable,es,formidable,transparent
fr,formose,es,formosa,transparent
fr,formulaire,es,formulario,transparent
fr,formulation,es,formulación,transparent
fr,formule,es,fórmula,transparent
fr,formuler,es,formular,transparent
fr,formulé,es,formular,transparent
fr,formé,es,formar,transparent
fr,fort,es,fuerte,altered
fr,fortement,es,fuertemente,altered
fr,forteresse,es,fortaleza,altered
fr,fortification,es,fortificación,transparent
fr,fortifier,es,fortalecer,altered
fr,fortune,es,fortuna,transparent
fr,fortuné,es,afortunado,transparent
fr,forum,es,foro,transparent
fr,fosse,es,fosa,altered
fr,fossile,es,fósil,transparent
fr,fossé,es,foso,transparent
fr,four,es,horno,altered
fr,fourchette,es,horqueta,altered
fr,fourmi,es,hormiga,altered
fr,fourrer,es,forrar,altered
fr,fracas,es,fracaso,altered
fr,fracassé,es,fracasado,transparent
fr,fraction,es,fracción,transparent
fr,fractionner,es,fraccionar,altered
fr,fracture,es,fractura,transparent
fr,fracturer,es,fracturar,transparent
fr,fragile,es,frágil,altered
fr,fragilité,es,fragilidad,altered
fr,fragment,es,fragmento,altered
fr,fragmentation,es,fragmentación,altered
fr,fragmenter,es,fragmentar,transparent
fr,fragrance,es,fragancia,transparent
fr,frais,es,fresco,altered
fr,francais,es,francés,transparent
fr,francaise,es,francés,transparent
fr,france,es,francia,transparent
fr,franchement,es,francamente,altered
fr,franchir,es,franquear,altered
fr,franciscain,es,franciscano,altered
fr,francisco,es,francisco,transparent
fr,franco,es,franco,transparent
fr,francophone,es,francófono,transparent
fr,francophonie,es,francofonía,transparent
fr,frange,es,franja,altered
fr,français,es,francés,altered
fr,françois,es,francisco,altered
fr,fraternité,es,fraternidad,altered
fr,fraude,es,fraude,transparent
fr,frauduleux,es,fraudulento,altered
fr,fraîcheur,es,frescura,altered
fr,frein,es,freno,transparent
fr,freiner,es,frenar,transparent
fr,fresque,es,fresco,transparent
fr,fret,es,flete,altered
fr,friction,es,fricción,transparent
fr,frigo,es,frigorífico,altered
fr,frigorifique,es,frigorífico,transparent
fr,frire,es,freír,altered
fr,frise,es,friso,altered
fr,frisson,es,frío,altered
fr,frit,es,frita,transparent
fr,froid,es,frío,altered
fr,fronde,es,fronda,transparent
fr,front,es,frente,altered
fr,frontal,es,frontal,transparent
fr,frontière,es,frontera,altered
fr,frotter,es,frotar,altered
fr,fruit,es,fruto,altered
fr,fruitier,es,frutal,altered
fr,frustrant,es,frustrante,transparent
fr,frustration,es,frustración,transparent
fr,frustrer,es,frustrar,altered
fr,frustré,es,frustrar,transparent
fr,frégate,es,fragata,altered
fr,frénétique,es,frenético,transparent
fr,fréquemment,es,frecuentemente,transparent
fr,fréquence,es,frecuencia,transparent
fr,fréquent,es,frecuente,transparent
fr,fréquenter,es,frecuentar,altered
fr,fréquenté,es,frecuentar,transparent
fr,fugace,es,fugaz,altered
fr,fugitif,es,fugitivo,transparent
fr,fugue,es,fuga,transparent
fr,fuir,es,huir,altered
fr,fulminant,es,fulminante,transparent
fr,fumer,es,fumar,transparent
fr,fumeur,es,fumador,altered
fr,fumé,es,humar,altered
fr,funk,es,funk,transparent
fr,funèbre,es,fúnebre,transparent
fr,funérailles,es,funeral,transparent
fr,funéraire,es,funeraria,altered
fr,fureur,es,furor,altered
fr,furie,es,furia,altered
fr,furieux,es,furioso,altered
fr,furtif,es,furtivo,altered
fr,fusil,es,fusil,transparent
fr,fusiller,es,fusilar,transparent
fr,fusion,es,fusión,altered
fr,fusionner,es,fusionar,altered
fr,futur,es,futuro,transparent
fr,futuriste,es,futurista,altered
fr,fuyant,es,fugitivo,altered
fr,fécondité,es,fecundidad,transparent
fr,fédéral,es,federal,transparent
fr,fédératif,es,federativo,transparent
fr,fédération,es,federación,transparent
fr,félicitation,es,felicitación,transparent
fr,féliciter,es,felicitar,altered
fr,félicité,es,felicidad,altered
fr,félin,es,felino,transparent
fr,féminin,es,femenino,altered
fr,féminisme,es,feminismo,transparent
fr,féministe,es,feminista,altered
fr,féodal,es,feudal,altered
fr,féroce,es,feroz,altered
fr,fétiche,es,fetiche,transparent
fr,février,es,febrero,altered
fr,fête,es,fiesta,altered
fr,fêter,es,festejar,altered
fr,fœtal,es,fetal,altered
fr,fœtus,es,feto,altered
fr,gadget,es,gadget,transparent
fr,gaffe,es,gafe,transparent
fr,gag,es,gag,transparent
fr,gaga,es,gaga,transparent
fr,gage,es,gaje,transparent
fr,gagnant,es,ganador,altered
fr,gagner,es,ganar,transparent
fr,gagné,es,ganado,transparent
fr,gain,es,ganancia,altered
fr,gala,es,gala,transparent
fr,galactique,es,galáctico,altered
fr,galaxie,es,galaxia,transparent
fr,galerie,es,galería,altered
fr,galette,es,galleta,altered
fr,galicien,es,gallego,altered
fr,gallo,es,gallo,transparent
fr,gallois,es,gales,altered
fr,gallon,es,galón,transparent
fr,galop,es,galope,transparent
fr,galère,es,galera,transparent
fr,gameplay,es,gameplay,transparent
fr,gamer,es,gamer,transparent
fr,gaming,es,gaming,transparent
fr,gamma,es,gamma,transparent
fr,gamme,es,gama,altered
fr,gant,es,guante,altered
fr,garage,es,garaje,transparent
fr,garant,es,garante,altered
fr,garanti,es,garantizar,transparent
fr,garantie,es,garantía,altered
fr,garantir,es,garantizar,transparent
fr,garde,es,guardia,altered
fr,garder,es,guardar,altered
fr,gardien,es,guardián,altered
fr,gardé,es,guardar,altered
fr,gargouille,es,gárgola,altered
fr,garnison,es,guarnición,transparent
fr,garniture,es,guarnición,altered
fr,gas,es,gas,transparent
fr,gaspiller,es,gastar,altered
fr,gastro,es,gastro,transparent
fr,gastronomie,es,gastronomía,altered
fr,gastronomique,es,gastronómico,altered
fr,gaucho,es,gaucho,transparent
fr,gaulois,es,galo,altered
fr,gay,es,gay,transparent
fr,gaz,es,gas,transparent
fr,gaze,es,gasa,altered
fr,gazette,es,gaceta,altered
fr,gazeux,es,gaseosa,altered
fr,gazoduc,es,gasoducto,altered
fr,gazole,es,gasoil,altered
fr,gel,es,gel,transparent
fr,geler,es,helar,altered
fr,gelée,es,gelatina,altered
fr,gemme,es,gema,altered
fr,gendarme,es,gendarme,transparent
fr,gendarmerie,es,gendarmería,transparent
fr,general,es,general,transparent
fr,generation,es,generación,transparent
fr,genre,es,género,transparent
fr,gens,es,gente,transparent
fr,gentil,es,gentil,transparent
fr,gentilhomme,es,gentilhombre,transparent
fr,gentillesse,es,gentileza,altered
fr,gentiment,es,gentilmente,altered
fr,genèse,es,génesis,altered
fr,germain,es,germán,altered
fr,germanique,es,germánico,altered
fr,germe,es,germen,transparent
fr,gestation,es,gestación,transparent
fr,geste,es,gesto,transparent
fr,gestion,es,gestión,transparent
fr,gestionnaire,es,gestor,altered
fr,ghetto,es,gueto,altered
fr,gigantesque,es,gigantesco,altered
fr,gingembre,es,jengibre,altered
fr,giratoire,es,giratorio,transparent
fr,gitan,es,gitano,transparent
fr,glacial,es,glacial,transparent
fr,glacier,es,glaciar,transparent
fr,glacé,es,glasear,altered
fr,gladiateur,es,gladiador,altered
fr,gland,es,glande,transparent
fr,glande,es,glándula,altered
fr,global,es,global,transparent
fr,globalement,es,globalmente,transparent
fr,globalisation,es,globalización,transparent
fr,globaliser,es,globalizar,altered
fr,globe,es,globo,transparent
fr,globule,es,glóbulo,transparent
fr,gloire,es,gloria,altered
fr,gloria,es,gloria,transparent
fr,glorieux,es,glorioso,altered
fr,glorifier,es,glorificar,transparent
fr,glucose,es,glucosa,transparent
fr,gluten,es,gluten,transparent
fr,golf,es,golf,transparent
fr,golfe,es,golfo,altered
fr,gomme,es,goma,altered
fr,gong,es,gong,transparent
fr,gorille,es,gorila,altered
fr,gothique,es,gótico,altered
fr,gourmet,es,gourmet,transparent
fr,gourou,es,gurú,altered
fr,goutte,es,gota,altered
fr,gouvernance,es,gobernanza,transparent
fr,gouvernant,es,gobernante,altered
fr,gouverne,es,gobierna,altered
fr,gouvernement,es,gobierno,altered
fr,gouvernemental,es,gubernamental,altered
fr,gouverner,es,gobernar,altered
fr,gouverneur,es,gobernador,altered
fr,goûter,es,gustar,altered
fr,graal,es,grial,altered
fr,grace,es,gracia,transparent
fr,gracieux,es,gracioso,altered
fr,grade,es,grado,transparent
fr,gradin,es,graderío,altered
fr,graduation,es,graduación,transparent
fr,graduel,es,gradual,transparent
fr,graduellement,es,gradualmente,transparent
fr,graduer,es,graduar,transparent
fr,gradué,es,graduado,altered
fr,graffiti,es,graffiti,transparent
fr,grain,es,grano,altered
fr,graisse,es,grasa,altered
fr,grammaire,es,gramática,altered
fr,grammatical,es,gramatical,transparent
fr,gramme,es,gramo,transparent
fr,grand,es,gran,transparent
fr,grandement,es,grandemente,transparent
fr,grandeur,es,grandeza,altered
fr,grandiose,es,grandioso,altered
fr,grange,es,granja,altered
fr,granit,es,granito,altered
fr,graphique,es,gráfico,transparent
fr,graphisme,es,grafismo,transparent
fr,gras,es,graso,altered
fr,grate,es,grata,transparent
fr,gratifiant,es,gratificante,altered
fr,gratis,es,gratis,transparent
fr,gratitude,es,gratitud,transparent
fr,gratuit,es,gratuito,transparent
fr,gratuitement,es,gratuitamente,altered
fr,gratuité,es,gratuidad,transparent
fr,grave,es,grave,transparent
fr,gravement,es,gravemente,transparent
fr,graver,es,grabar,altered
fr,gravier,es,grava,altered
fr,gravité,es,gravedad,altered
fr,gravé,es,grabado,altered
fr,grec,es,griego,altered
fr,grecque,es,griego,altered
fr,green,es,green,transparent
fr,grenade,es,granada,altered
fr,grenier,es,granero,altered
fr,grillon,es,grillo,transparent
fr,gringo,es,gringo,transparent
fr,grippe,es,gripe,transparent
fr,gris,es,gris,transparent
fr,gros,es,grueso,altered
fr,grossier,es,grosero,transparent
fr,grossièrement,es,groseramente,transparent
fr,grossièreté,es,grosería,altered
fr,grotesque,es,grotesco,altered
fr,grotte,es,gruta,altered
fr,group,es,grupo,altered
fr,groupe,es,grupo,transparent
fr,groupement,es,agrupamiento,altered
fr,grouper,es,agrupar,altered
fr,grue,es,grúa,transparent
fr,grâce,es,gracia,transparent
fr,grèce,es,grecia,altered
fr,gré,es,grado,altered
fr,guadeloupe,es,guadalupe,altered
fr,guatemala,es,guatemala,transparent
fr,guatémaltèque,es,guatemalteco,altered
fr,guerre,es,guerra,transparent
fr,guerrier,es,guerrero,altered
fr,guide,es,guía,transparent
fr,guider,es,guiar,altered
fr,guilde,es,gilda,transparent
fr,guillaume,es,guillermo,altered
fr,guinéen,es,guineo,altered
fr,guitare,es,guitarra,altered
fr,guitariste,es,guitarrista,altered
fr,gustave,es,gustavo,altered
fr,guyane,es,guyana,transparent
fr,guérilla,es,guerrilla,transparent
fr,guérillero,es,guerrillero,transparent
fr,gymnase,es,gimnasio,altered
fr,gymnastique,es,gimnasia,altered
fr,gynécologue,es,ginecólogo,altered
fr,gène,es,gen,transparent
fr,géant,es,gigante,altered
fr,gélatine,es,gelatina,transparent
fr,gémir,es,gemir,transparent
fr,gémissement,es,gemido,altered
fr,génial,es,genial,transparent
fr,génie,es,genio,altered
fr,génital,es,genitales,altered
fr,génocide,es,genocidio,altered
fr,génome,es,genoma,altered
fr,généalogie,es,genealogía,transparent
fr,général,es,general,transparent
fr,générale,es,general,transparent
fr,généralement,es,generalmente,altered
fr,généralisation,es,generalización,transparent
fr,généraliser,es,generalizar,altered
fr,généraliste,es,generalista,transparent
fr,généralisé,es,generalizar,transparent
fr,généralité,es,generalidad,altered
fr,générateur,es,generador,altered
fr,génération,es,generación,transparent
fr,générationnel,es,generacional,altered
fr,générer,es,generar,transparent
fr,généreux,es,generoso,transparent
fr,générique,es,genérico,altered
fr,générosité,es,generosidad,transparent
fr,généré,es,generar,transparent
fr,génétique,es,genética,altered
fr,génétiquement,es,genéticamente,altered
fr,géographie,es,geografía,transparent
fr,géographique,es,geográfico,transparent
fr,géologie,es,geología,transparent
fr,géologique,es,geológico,transparent
fr,géométrie,es,geometría,transparent
fr,géométrique,es,geométrico,altered
fr,géopolitique,es,geopolítica,transparent
fr,gérance,es,gerencia,transparent
fr,gérant,es,gerente,altered
fr,habile,es,hábil,transparent
fr,habileté,es,habilidad,transparent
fr,habilitation,es,habilitación,transparent
fr,habiliter,es,habilitar,transparent
fr,habilité,es,habilidad,transparent
fr,habitable,es,habitable,transparent
fr,habitant,es,habitante,altered
fr,habitat,es,hábitat,altered
fr,habitation,es,habitación,transparent
fr,habiter,es,habitar,transparent
fr,habituel,es,habitual,transparent
fr,habituellement,es,habitualmente,transparent
fr,habituer,es,habituar,transparent
fr,habitué,es,habituar,transparent
fr,habité,es,habitar,transparent
fr,habla,es,habla,transparent
fr,hache,es,hacha,altered
fr,hachette,es,hacha,altered
fr,hacienda,es,hacienda,transparent
fr,hacker,es,hacker,transparent
fr,halal,es,halal,transparent
fr,haleine,es,aliento,altered
fr,hall,es,hall,transparent
fr,halloween,es,halloween,transparent
fr,hallucinant,es,alucinante,altered
fr,hallucination,es,alucinación,altered
fr,halluciner,es,alucinar,altered
fr,halo,es,halo,transparent
fr,halte,es,alto,altered
fr,hamac,es,hamaca,transparent
fr,hambourg,es,hamburgo,altered
fr,hamburger,es,hamburguesa,altered
fr,handicap,es,handicap,transparent
fr,hangar,es,hangar,transparent
fr,hardware,es,hardware,transparent
fr,harmonie,es,armonía,altered
fr,harmoniser,es,armonizar,altered
fr,harpe,es,arpa,altered
fr,hashtag,es,hashtag,transparent
fr,hausse,es,alza,altered
fr,hausser,es,alzar,altered
fr,haut,es,alto,altered
fr,hautement,es,altamente,altered
fr,hauteur,es,altura,altered
fr,havane,es,habano,altered
fr,hawaï,es,hawaii,transparent
fr,haïr,es,odiar,altered
fr,haïtien,es,haitiano,altered
fr,hebdomadairement,es,semanalmente,altered
fr,hectare,es,hectárea,altered
fr,hellène,es,heleno,altered
fr,henri,es,henry,altered
fr,herbe,es,hierba,altered
fr,hercule,es,hércules,altered
fr,hermétique,es,hermético,transparent
fr,hernie,es,hernia,transparent
fr,hero,es,héroe,altered
fr,herrero,es,herrero,transparent
fr,heureusement,es,felizmente,altered
fr,hexagone,es,hexágono,transparent
fr,hibou,es,búho,altered
fr,hidalgo,es,hidalgo,transparent
fr,hier,es,ayer,altered
fr,hilarant,es,hilarante,transparent
fr,hindou,es,hindú,altered
fr,hippie,es,hippie,transparent
fr,hippopotame,es,hipopótamo,transparent
fr,hispanique,es,hispano,altered
fr,hisser,es,izar,altered
fr,histoire,es,historia,transparent
fr,historien,es,historiador,altered
fr,historiographie,es,historiografía,transparent
fr,historique,es,histórico,transparent
fr,historiquement,es,históricamente,altered
fr,hit,es,hit,transparent
fr,hiver,es,invierno,altered
fr,hivernal,es,invernal,transparent
fr,hivernale,es,invernal,altered
fr,hiérarchie,es,jerarquía,altered
fr,hiérarchique,es,jerárquico,altered
fr,hobby,es,hobby,transparent
fr,hockey,es,hockey,transparent
fr,hollandais,es,holandés,altered
fr,hollywood,es,hollywood,transparent
fr,holocauste,es,holocausto,transparent
fr,home,es,home,transparent
fr,homicide,es,homicidio,transparent
fr,hommage,es,homenaje,altered
fr,homme,es,hombre,altered
fr,homo,es,homo,transparent
fr,homogène,es,homogéneo,altered
fr,homologue,es,homólogo,transparent
fr,homonyme,es,homónimo,transparent
fr,homophobe,es,homófobo,transparent
fr,homophobie,es,homofobia,transparent
fr,homosexualité,es,homosexualidad,transparent
fr,homosexuel,es,homosexual,transparent
fr,hondurien,es,hondureño,altered
fr,hongrie,es,hungría,altered
fr,hongrois,es,húngaro,altered
fr,hongroise,es,húngaro,altered
fr,honneur,es,honor,altered
fr,honnête,es,honesto,altered
fr,honnêtement,es,honestamente,transparent
fr,honnêteté,es,honestidad,altered
fr,honorable,es,honorable,transparent
fr,honoraire,es,honorario,transparent
fr,honorer,es,honrar,altered
fr,honorifique,es,honorífico,transparent
fr,honoré,es,honorar,altered
fr,hopital,es,hospital,transparent
fr,horaire,es,horario,transparent
fr,horde,es,horda,transparent
fr,horizon,es,horizonte,altered
fr,horizontal,es,horizontal,transparent
fr,horizontale,es,horizontal,transparent
fr,horloge,es,reloj,transparent
fr,horloger,es,relojero,transparent
fr,hormonal,es,hormonal,transparent
fr,hormone,es,hormona,altered
fr,horreur,es,horror,altered
fr,horrible,es,horrible,transparent
fr,hospice,es,hospicio,transparent
fr,hospitalier,es,hospitalario,transparent
fr,hospitalisation,es,hospitalización,transparent
fr,hospitaliser,es,hospitalizar,altered
fr,hospitalité,es,hospitalidad,altered
fr,hostie,es,hostia,altered
fr,hostile,es,hostil,transparent
fr,hostilité,es,hostilidad,altered
fr,hot,es,hot,transparent
fr,hotel,es,hotel,transparent
fr,hub,es,hub,transparent
fr,hugues,es,hugo,altered
fr,huile,es,óleo,altered
fr,huissier,es,ujier,altered
fr,humain,es,humano,altered
fr,humanisme,es,humanismo,transparent
fr,humaniste,es,humanista,transparent
fr,humanitaire,es,humanitario,altered
fr,humanité,es,humanidad,altered
fr,humble,es,humilde,transparent
fr,humeur,es,humor,transparent
fr,humide,es,húmedo,altered
fr,humiliant,es,humillante,altered
fr,humiliation,es,humillación,transparent
fr,humilier,es,humillar,transparent
fr,humilité,es,humildad,altered
fr,humoriste,es,humorista,transparent
fr,humoristique,es,humorístico,transparent
fr,humour,es,humor,transparent
fr,hybride,es,híbrido,transparent
fr,hydraulique,es,hidráulica,altered
fr,hydrique,es,hídrico,altered
fr,hydrocarbure,es,hidrocarburo,transparent
fr,hydrogène,es,hidrógeno,altered
fr,hydroélectrique,es,hidroeléctrico,transparent
fr,hygiène,es,higiene,altered
fr,hygiénique,es,higiénico,transparent
fr,hymne,es,himno,altered
fr,hyper,es,híper,transparent
fr,hypertension,es,hipertensión,transparent
fr,hypnose,es,hipnosis,altered
fr,hypocrisie,es,hipocresía,transparent
fr,hypocrite,es,hipócrita,altered
fr,hypothèque,es,hipoteca,altered
fr,hypothèse,es,hipótesis,transparent
fr,hypothécaire,es,hipotecario,transparent
fr,hypothétique,es,hipotético,altered
fr,hystérie,es,histeria,altered
fr,hystérique,es,histérico,altered
fr,héberger,es,albergar,altered
fr,hébreu,es,hebreo,altered
fr,hégémonie,es,hegemonía,transparent
fr,héler,es,halar,altered
fr,hélicoptère,es,helicóptero,transparent
fr,hélium,es,helio,altered
fr,hélène,es,elena,altered
fr,hémisphère,es,hemisferio,altered
fr,hémorragie,es,hemorragia,transparent
fr,hépatique,es,hepática,altered
fr,hépatite,es,hepatitis,altered
fr,hériter,es,heredar,altered
fr,héritier,es,heredero,altered
fr,héros,es,héroe,altered
fr,héroïne,es,heroína,altered
fr,héroïque,es,heroico,transparent
fr,héréditaire,es,hereditario,altered
fr,hérésie,es,herejía,altered
fr,hétéro,es,hetero,transparent
fr,hétérogène,es,heterogéneo,transparent
fr,hétérosexuel,es,heterosexual,transparent
fr,hôpital,es,hospital,transparent
fr,hôtel,es,hotel,transparent
fr,hôtelier,es,hotelero,altered
fr,hôtellerie,es,hostelería,transparent
fr,ibex,es,ibex,transparent
fr,ibère,es,ibero,altered
fr,ibérique,es,ibérico,altered
fr,iceberg,es,iceberg,transparent
fr,ici,es,aqui,altered
fr,iconique,es,icónico,transparent
fr,icône,es,icono,altered
fr,idee,es,idea,transparent
fr,idem,es,ídem,transparent
fr,identifiant,es,identificador,altered
fr,identification,es,identificación,transparent
fr,identifier,es,identificar,transparent
fr,identifié,es,identificar,transparent
fr,identique,es,idéntico,transparent
fr,identitaire,es,identitario,transparent
fr,identité,es,identidad,transparent
fr,idiome,es,idioma,transparent
fr,idiot,es,idiota,altered
fr,idiotie,es,idiotez,altered
fr,idoine,es,idóneo,transparent
fr,idole,es,ídolo,transparent
fr,idolâtrie,es,idolatría,altered
fr,idéal,es,ideal,transparent
fr,idéalement,es,idealmente,altered
fr,idéaliser,es,idealizar,transparent
fr,idéaliste,es,idealista,transparent
fr,idée,es,idea,transparent
fr,idéologie,es,ideología,altered
fr,idéologique,es,ideológico,transparent
fr,ignoble,es,innoble,altered
fr,ignorance,es,ignorancia,altered
fr,ignorant,es,ignorante,transparent
fr,ignorer,es,ignorar,transparent
fr,ignoré,es,ignorar,transparent
fr,iguane,es,iguana,altered
fr,ile,es,isla,altered
fr,illicite,es,ilícito,transparent
fr,illimité,es,ilimitado,transparent
fr,illogique,es,ilógico,transparent
fr,illumination,es,iluminación,transparent
fr,illuminer,es,iluminar,altered
fr,illuminé,es,iluminado,transparent
fr,illusion,es,ilusión,transparent
fr,illusionner,es,ilusionar,altered
fr,illustrateur,es,ilustrador,transparent
fr,illustratif,es,ilustrativo,altered
fr,illustration,es,ilustración,transparent
fr,illustre,es,ilustre,altered
fr,illustrer,es,ilustrar,transparent
fr,illustré,es,ilustrar,altered
fr,illégal,es,ilegal,transparent
fr,illégalement,es,ilegalmente,transparent
fr,illégalité,es,ilegalidad,transparent
fr,illégitime,es,ilegítimo,altered
fr,image,es,imagen,transparent
fr,imagerie,es,imaginería,transparent
fr,imaginaire,es,imaginario,transparent
fr,imagination,es,imaginación,transparent
fr,imaginer,es,imaginar,transparent
fr,imam,es,imán,transparent
fr,imbécile,es,imbécil,transparent
fr,imitation,es,imitación,transparent
fr,imiter,es,imitar,transparent
fr,immaculé,es,inmaculado,altered
fr,immature,es,inmaduro,transparent
fr,immense,es,inmenso,transparent
fr,immensité,es,inmensidad,transparent
fr,immensément,es,inmensamente,altered
fr,immergé,es,inmerso,altered
fr,immersion,es,inmersión,transparent
fr,immeuble,es,inmueble,transparent
fr,immigrant,es,inmigrante,transparent
fr,immigration,es,inmigración,transparent
fr,immigré,es,inmigrante,altered
fr,imminent,es,inminente,transparent
fr,immobile,es,inmóvil,transparent
fr,immobilier,es,inmobiliaria,altered
fr,immonde,es,inmundo,altered
fr,immoral,es,inmoral,transparent
fr,immortalité,es,inmortalidad,altered
fr,immortel,es,inmortal,transparent
fr,immun,es,inmune,altered
fr,immunitaire,es,inmunitario,transparent
fr,immunité,es,inmunidad,transparent
fr,immunologique,es,inmunológico,transparent
fr,immédiat,es,inmediato,transparent
fr,immédiatement,es,inmediatamente,altered
fr,impact,es,impacto,transparent
fr,impactant,es,impactante,transparent
fr,impacter,es,impactar,transparent
fr,impardonnable,es,imperdonable,transparent
fr,imparfait,es,imperfecto,altered
fr,impartial,es,imparcial,transparent
fr,impartialité,es,imparcialidad,transparent
fr,impartir,es,impartir,transparent
fr,impatience,es,impaciencia,altered
fr,impatient,es,impaciente,transparent
fr,impatiente,es,impaciente,transparent
fr,impeccable,es,impecable,transparent
fr,impensable,es,impensable,transparent
fr,imperfection,es,imperfección,transparent
fr,imperméable,es,impermeable,altered
fr,impie,es,impío,transparent
fr,implacable,es,implacable,transparent
fr,implant,es,implante,transparent
fr,implantation,es,implantación,transparent
fr,implanter,es,implantar,transparent
fr,implanté,es,implantar,transparent
fr,implication,es,implicación,transparent
fr,implicite,es,implícito,transparent
fr,implicitement,es,implícitamente,transparent
fr,impliquer,es,implicar,transparent
fr,implorer,es,implorar,altered
fr,implémentation,es,implementación,transparent
fr,implémenter,es,implementar,transparent
fr,impopulaire,es,impopular,transparent
fr,import,es,importación,altered
fr,importance,es,importancia,transparent
fr,important,es,importante,transparent
fr,importateur,es,importador,altered
fr,importation,es,importación,transparent
fr,importer,es,importar,transparent
fr,importé,es,importar,transparent
fr,imposable,es,imponible,altered
fr,imposant,es,imponente,altered
fr,imposer,es,imponer,transparent
fr,imposition,es,imposición,transparent
fr,impossibilité,es,imposibilidad,transparent
fr,impossible,es,imposible,transparent
fr,imposteur,es,impostor,altered
fr,imposé,es,impuesto,altered
fr,imposée,es,impuesto,altered
fr,impotent,es,impotente,transparent
fr,impression,es,impresión,transparent
fr,impressionnant,es,impresionante,altered
fr,impressionner,es,impresionar,transparent
fr,imprimer,es,imprimir,transparent
fr,imprimerie,es,imprenta,altered
fr,imprimeur,es,impresor,transparent
fr,imprimé,es,impreso,altered
fr,improbable,es,improbable,transparent
fr,impropre,es,impropio,altered
fr,improvisation,es,improvisación,transparent
fr,improviser,es,improvisar,altered
fr,imprudence,es,imprudencia,transparent
fr,imprudent,es,imprudente,transparent
fr,imprégner,es,impregnar,altered
fr,imprévisible,es,imprevisible,transparent
fr,imprévu,es,imprevisto,altered
fr,impuissance,es,impotencia,altered
fr,impuissant,es,impotente,altered
fr,impulser,es,impulsar,transparent
fr,impulsif,es,impulsivo,transparent
fr,impulsion,es,impulso,transparent
fr,impuni,es,impune,altered
fr,impunité,es,impunidad,altered
fr,imputation,es,imputación,transparent
fr,imputer,es,imputar,altered
fr,impératif,es,imperativo,altered
fr,impérial,es,imperial,transparent
fr,impériale,es,imperial,transparent
fr,impérialisme,es,imperialismo,transparent
fr,impérialiste,es,imperialista,transparent
fr,impôt,es,impuesto,altered
fr,inacceptable,es,inaceptable,transparent
fr,inaccessible,es,inaccesible,transparent
fr,inactif,es,inactivo,transparent
fr,inaction,es,inacción,transparent
fr,inactivité,es,inactividad,altered
fr,inadmissible,es,inadmisible,transparent
fr,inadéquat,es,inadecuado,altered
fr,inamovible,es,inamovible,transparent
fr,inaperçu,es,inadvertido,altered
fr,inapproprié,es,inapropiado,altered
fr,inaugural,es,inaugural,transparent
fr,inauguration,es,inauguración,transparent
fr,inaugurer,es,inaugurar,transparent
fr,inca,es,inca,transparent
fr,incalculable,es,incalculable,transparent
fr,incapable,es,incapaz,transparent
fr,incapacité,es,incapacidad,transparent
fr,incarcéré,es,encarcelar,altered
fr,incarnation,es,encarnación,transparent
fr,incarner,es,encarnar,altered
fr,incarné,es,encarnado,altered
fr,incendiaire,es,incendiario,altered
fr,incendie,es,incendio,transparent
fr,incertain,es,incierto,transparent
fr,incertitude,es,incertidumbre,transparent
fr,incessant,es,incesante,transparent
fr,inceste,es,incesto,transparent
fr,incidence,es,incidencia,transparent
fr,incident,es,incidente,transparent
fr,incise,es,inciso,altered
fr,incision,es,incisión,transparent
fr,incitatif,es,incentivo,altered
fr,incitation,es,incitación,transparent
fr,inciter,es,incitar,transparent
fr,inclinaison,es,inclinación,transparent
fr,incliner,es,inclinar,transparent
fr,incliné,es,inclinar,transparent
fr,inclure,es,incluir,transparent
fr,inclus,es,incluso,transparent
fr,inclusif,es,inclusive,altered
fr,inclusion,es,inclusión,transparent
fr,incohérence,es,incoherencia,altered
fr,incohérent,es,incoherente,altered
fr,incomber,es,incumbir,transparent
fr,incommode,es,incómodo,transparent
fr,incommoder,es,incomodar,transparent
fr,incomparable,es,incomparable,transparent
fr,incompatibilité,es,incompatibilidad,altered
fr,incompatible,es,incompatible,transparent
fr,incomplet,es,incompleto,transparent
fr,incompréhensible,es,incomprensible,transparent
fr,incompréhension,es,incomprensión,transparent
fr,incompétence,es,incompetencia,transparent
fr,incompétent,es,incompetente,transparent
fr,inconditionnel,es,incondicional,altered
fr,inconnu,es,incógnita,altered
fr,inconsciemment,es,inconscientemente,transparent
fr,inconscient,es,inconsciente,altered
fr,inconsistance,es,inconsistencia,altered
fr,inconstitutionnalité,es,inconstitucionalidad,altered
fr,inconstitutionnel,es,inconstitucional,altered
fr,incontestable,es,incontestable,transparent
fr,incontrôlable,es,incontrolable,transparent
fr,inconvénient,es,inconveniente,altered
fr,incorporation,es,incorporación,transparent
fr,incorporer,es,incorporar,altered
fr,incorrect,es,incorrecto,transparent
fr,incroyable,es,increíble,altered
fr,incroyablement,es,increíblemente,altered
fr,incruster,es,incrustar,transparent
fr,incrédulité,es,incredulidad,altered
fr,incrément,es,incremento,altered
fr,inculpé,es,inculpado,transparent
fr,inculquer,es,inculcar,altered
fr,incursion,es,incursión,transparent
fr,indemnisation,es,indemnización,transparent
fr,index,es,índice,altered
fr,indicateur,es,indicador,altered
fr,indicatif,es,indicativo,transparent
fr,indication,es,indicación,transparent
fr,indice,es,índice,altered
fr,indien,es,indio,transparent
fr,indienne,es,indio,altered
fr,indifférence,es,indiferencia,transparent
fr,indifférent,es,indiferente,transparent
fr,indigence,es,indigencia,transparent
fr,indigent,es,indigente,transparent
fr,indignation,es,indignación,transparent
fr,indigne,es,indigno,transparent
fr,indigner,es,indignar,altered
fr,indigène,es,indígena,altered
fr,indique,es,indicar,transparent
fr,indiquer,es,indicar,transparent
fr,indiqué,es,indicar,transparent
fr,indirect,es,indirecta,transparent
fr,indirectement,es,indirectamente,altered
fr,indiscutable,es,indiscutible,transparent
fr,indispensable,es,indispensable,transparent
fr,individu,es,individuo,altered
fr,individualisme,es,individualismo,transparent
fr,individualité,es,individualidad,altered
fr,individuel,es,individual,transparent
fr,individuellement,es,individualmente,transparent
fr,indubitablement,es,indudablemente,altered
fr,induction,es,inducción,transparent
fr,induire,es,inducir,transparent
fr,induit,es,inducido,altered
fr,indult,es,indulto,transparent
fr,industrialisation,es,industrialización,transparent
fr,industrialiser,es,industrializar,transparent
fr,industrie,es,industria,transparent
fr,industriel,es,industrial,altered
fr,indécent,es,indecente,transparent
fr,indécis,es,indeciso,altered
fr,indéfini,es,indefinido,transparent
fr,indéfiniment,es,indefinidamente,transparent
fr,indéniable,es,innegable,altered
fr,indépendamment,es,independientemente,altered
fr,indépendance,es,independencia,transparent
fr,indépendant,es,independiente,altered
fr,indépendantiste,es,independentista,transparent
fr,indésirable,es,indeseable,altered
fr,indéterminé,es,indeterminado,transparent
fr,inefficace,es,ineficaz,altered
fr,inefficacité,es,ineficiencia,altered
fr,inepte,es,inepto,altered
fr,inerte,es,inerte,transparent
fr,inertie,es,inercia,altered
fr,inexistant,es,inexistente,altered
fr,inexplicable,es,inexplicable,transparent
fr,infaillible,es,infalible,transparent
fr,infamie,es,infamia,altered
fr,infanterie,es,infantería,altered
fr,infantile,es,infantil,transparent
fr,infarctus,es,infarto,altered
fr,infecter,es,infectar,transparent
fr,infectieux,es,infeccioso,transparent
fr,infection,es,infección,transparent
fr,infecté,es,infectar,transparent
fr,infernal,es,infernal,transparent
fr,infidèle,es,infiel,altered
fr,infidélité,es,infidelidad,transparent
fr,infiltration,es,infiltración,transparent
fr,infiltrer,es,infiltrar,transparent
fr,infime,es,ínfimo,transparent
fr,infini,es,infinito,altered
fr,infiniment,es,infinitamente,altered
fr,infinité,es,infinidad,altered
fr,infirme,es,enfermo,altered
fr,infirmerie,es,enfermería,altered
fr,infirmité,es,enfermedad,altered
fr,inflammable,es,inflamable,transparent
fr,inflammation,es,inflamación,transparent
fr,inflammatoire,es,inflamatorio,altered
fr,inflation,es,inflación,transparent
fr,inflexion,es,inflexión,transparent
fr,infliger,es,infligir,altered
fr,influence,es,influencia,transparent
fr,influencer,es,influenciar,transparent
fr,influent,es,influyente,altered
fr,info,es,info,transparent
fr,infographie,es,infografía,altered
fr,infondé,es,infundado,transparent
fr,informant,es,informante,transparent
fr,informatif,es,informativo,transparent
fr,information,es,información,transparent
fr,informatique,es,informática,transparent
fr,informel,es,informal,transparent
fr,informer,es,informar,transparent
fr,informé,es,informar,transparent
fr,infraction,es,infracción,transparent
fr,infrarouge,es,infrarrojo,altered
fr,infrastructure,es,infraestructura,altered
fr,infuser,es,infundir,altered
fr,infâme,es,infame,transparent
fr,inférer,es,inferir,altered
fr,inférieur,es,inferior,altered
fr,infériorité,es,inferioridad,transparent
fr,ingestion,es,ingesta,transparent
fr,ingrat,es,ingrato,transparent
fr,ingrédient,es,ingrediente,altered
fr,ingénierie,es,ingeniería,altered
fr,ingénieur,es,ingeniero,altered
fr,ingénieux,es,ingenioso,transparent
fr,ingénu,es,ingenuo,altered
fr,ingénuité,es,ingenuidad,transparent
fr,ingérence,es,injerencia,transparent
fr,inhabituel,es,inusual,altered
fr,inhiber,es,inhibir,transparent
fr,inhibiteur,es,inhibidor,altered
fr,inhibition,es,inhibición,transparent
fr,inhumain,es,inhumano,transparent
fr,inhérent,es,inherente,transparent
fr,inimaginable,es,inimaginable,transparent
fr,ininterrompu,es,ininterrumpido,transparent
fr,inique,es,inicuo,altered
fr,initial,es,inicial,transparent
fr,initiale,es,inicial,transparent
fr,initialement,es,inicialmente,altered
fr,initiation,es,iniciación,transparent
fr,initiative,es,iniciativa,transparent
fr,initier,es,iniciar,altered
fr,initié,es,iniciado,altered
fr,injecter,es,inyectar,altered
fr,injection,es,inyección,altered
fr,injure,es,injuria,transparent
fr,injuste,es,injusto,altered
fr,injustement,es,injustamente,altered
fr,injustice,es,injusticia,transparent
fr,injustifié,es,injustificado,altered
fr,innocence,es,inocencia,transparent
fr,innocent,es,inocente,transparent
fr,innombrable,es,innumerable,altered
fr,innovant,es,innovador,altered
fr,innovateur,es,innovador,altered
fr,innovation,es,innovación,transparent
fr,innover,es,innovar,transparent
fr,inné,es,innato,altered
fr,inodore,es,inodoro,transparent
fr,inoffensif,es,inofensivo,transparent
fr,inondation,es,inundación,transparent
fr,inonder,es,inundar,transparent
fr,inondé,es,inundado,altered
fr,inopinément,es,inesperadamente,altered
fr,inoubliable,es,inolvidable,altered
fr,inoxydable,es,inoxidable,transparent
fr,input,es,input,transparent
fr,inquiet,es,inquieto,altered
fr,inquisition,es,inquisición,transparent
fr,inquiétant,es,inquietante,transparent
fr,inquiéter,es,inquietar,transparent
fr,inquiétude,es,inquietud,altered
fr,insatisfaction,es,insatisfacción,transparent
fr,insatisfait,es,insatisfecho,altered
fr,inscription,es,inscripción,transparent
fr,inscrire,es,inscribir,transparent
fr,inscrit,es,inscribir,transparent
fr,inscrivant,es,inscribir,transparent
fr,insecte,es,insecto,altered
fr,insensible,es,insensible,transparent
fr,insensé,es,insensato,altered
fr,insertion,es,inserción,transparent
fr,insigne,es,insignia,altered
fr,insignifiant,es,insignificante,transparent
fr,insinuation,es,insinuación,transparent
fr,insinuer,es,insinuar,transparent
fr,insistance,es,insistencia,transparent
fr,insistant,es,insistente,altered
fr,insister,es,insistir,transparent
fr,insolite,es,insólito,transparent
fr,insomnie,es,insomnio,transparent
fr,insoutenable,es,insostenible,altered
fr,inspecter,es,inspeccionar,transparent
fr,inspecteur,es,inspector,altered
fr,inspection,es,inspección,altered
fr,inspirant,es,inspirador,altered
fr,inspirateur,es,inspirador,transparent
fr,inspiration,es,inspiración,transparent
fr,inspirer,es,inspirar,transparent
fr,inspiré,es,inspirar,transparent
fr,instabilité,es,inestabilidad,altered
fr,instable,es,inestable,altered
fr,installation,es,instalación,transparent
fr,installer,es,instalar,transparent
fr,installé,es,instalar,transparent
fr,instance,es,instancia,transparent
fr,instant,es,instante,transparent
fr,instantané,es,instantánea,transparent
fr,instantanément,es,instantáneamente,altered
fr,instar,es,instar,transparent
fr,instauration,es,instauración,transparent
fr,instaurer,es,instaurar,transparent
fr,instinct,es,instinto,transparent
fr,instituer,es,instituir,transparent
fr,institut,es,instituto,transparent
fr,institution,es,institución,transparent
fr,institutionnaliser,es,institucionalizar,transparent
fr,institutionnel,es,institucional,altered
fr,instructeur,es,instructor,altered
fr,instructif,es,instructivo,altered
fr,instruction,es,instrucción,altered
fr,instruire,es,instruir,transparent
fr,instrument,es,instrumento,transparent
fr,instrumental,es,instrumental,transparent
fr,insuffisance,es,insuficiencia,transparent
fr,insuffisant,es,insuficiente,transparent
fr,insulaire,es,insular,altered
fr,insuline,es,insulina,transparent
fr,insultant,es,insultante,altered
fr,insulte,es,insulto,altered
fr,insulter,es,insultar,transparent
fr,insulté,es,insultar,transparent
fr,insupportable,es,insoportable,altered
fr,insurgent,es,insurgente,transparent
fr,insurgé,es,insurgente,altered
fr,insurmontable,es,insuperable,altered
fr,insurrection,es,insurrección,transparent
fr,insécurité,es,inseguridad,transparent
fr,inséparable,es,inseparable,transparent
fr,insérer,es,insertar,transparent
fr,intact,es,intacto,transparent
fr,intangible,es,intangible,transparent
fr,intellect,es,intelecto,transparent
fr,intellectuel,es,intelectual,transparent
fr,intelligence,es,inteligencia,transparent
fr,intelligent,es,inteligente,transparent
fr,intempérie,es,intemperie,transparent
fr,intendance,es,intendencia,transparent
fr,intendant,es,intendente,altered
fr,intense,es,intenso,altered
fr,intensif,es,intensivo,transparent
fr,intensifier,es,intensificar,transparent
fr,intensité,es,intensidad,transparent
fr,intensément,es,intensamente,transparent
fr,intentionnel,es,intencional,transparent
fr,intentionnellement,es,intencionalmente,altered
fr,intentionné,es,intencionado,altered
fr,interactif,es,interactivo,transparent
fr,interaction,es,interacción,altered
fr,interagir,es,interactuar,altered
fr,interaméricain,es,interamericano,altered
fr,intercaler,es,intercalar,transparent
fr,intercepter,es,interceptar,transparent
fr,interchangeable,es,intercambiable,transparent
fr,interdiction,es,interdicción,transparent
fr,interface,es,interfaz,transparent
fr,interférence,es,interferencia,altered
fr,interférer,es,interferir,transparent
fr,interlocuteur,es,interlocutor,transparent
fr,interminable,es,interminable,transparent
fr,intermittent,es,intermitente,transparent
fr,intermédiaire,es,intermedio,altered
fr,internat,es,internado,altered
fr,international,es,internacional,transparent
fr,internationale,es,internacional,transparent
fr,internationalement,es,internacionalmente,transparent
fr,internaute,es,internauta,transparent
fr,interne,es,interno,transparent
fr,interner,es,internar,transparent
fr,internet,es,internet,transparent
fr,interpellation,es,interpelación,transparent
fr,interpeller,es,interpelar,transparent
fr,interpol,es,interpol,transparent
fr,interposer,es,interponer,transparent
fr,interprète,es,intérprete,transparent
fr,interprétation,es,interpretación,altered
fr,interpréter,es,interpretar,transparent
fr,interrogation,es,interrogante,altered
fr,interrogatoire,es,interrogatorio,altered
fr,interroger,es,interrogar,transparent
fr,interrompre,es,interrumpir,altered
fr,interrupteur,es,interruptor,altered
fr,interruption,es,interrupción,transparent
fr,intersection,es,intersección,transparent
fr,intervalle,es,intervalo,transparent
fr,intervenant,es,interventor,transparent
fr,intervenir,es,intervenir,transparent
fr,intervention,es,intervención,transparent
fr,intestin,es,intestino,transparent
fr,intestinal,es,intestinal,transparent
fr,intime,es,íntimo,transparent
fr,intimement,es,íntimamente,transparent
fr,intimer,es,intimar,transparent
fr,intimidation,es,intimidación,transparent
fr,intimider,es,intimidar,transparent
fr,intimité,es,intimidad,altered
fr,intituler,es,intitular,transparent
fr,intitulé,es,intitular,transparent
fr,intolérable,es,intolerable,transparent
fr,intolérance,es,intolerancia,transparent
fr,intolérant,es,intolerante,transparent
fr,intouchable,es,intocable,transparent
fr,intoxication,es,intoxicación,transparent
fr,intra,es,intra,transparent
fr,intrigue,es,intriga,transparent
fr,intriguer,es,intrigar,altered
fr,intrinsèque,es,intrínseco,transparent
fr,intro,es,intro,transparent
fr,introduction,es,introducción,transparent
fr,introduire,es,introducir,altered
fr,intrus,es,intruso,transparent
fr,intuitif,es,intuitivo,transparent
fr,intuition,es,intuición,transparent
fr,intègre,es,íntegro,altered
fr,intégral,es,integral,transparent
fr,intégrale,es,integral,transparent
fr,intégralement,es,íntegramente,transparent
fr,intégralité,es,integralidad,transparent
fr,intégrant,es,integrante,transparent
fr,intégrateur,es,integrador,altered
fr,intégration,es,integración,transparent
fr,intégrer,es,integrar,transparent
fr,intégrité,es,integridad,transparent
fr,intégré,es,integrar,transparent
fr,intéressant,es,interesante,transparent
fr,intéresser,es,interesar,transparent
fr,intéressé,es,interesado,transparent
fr,intérieur,es,interior,transparent
fr,intérim,es,interino,altered
fr,intérimaire,es,interino,altered
fr,intérêt,es,interés,transparent
fr,inutile,es,inútil,transparent
fr,inutilement,es,inútilmente,transparent
fr,invaincu,es,invicto,altered
fr,invalide,es,inválido,transparent
fr,invalider,es,invalidar,transparent
fr,invalidité,es,invalidez,transparent
fr,invasion,es,invasión,transparent
fr,inventaire,es,inventario,transparent
fr,inventer,es,inventar,transparent
fr,inventeur,es,inventor,altered
fr,invention,es,invento,altered
fr,inverse,es,inversa,transparent
fr,inversement,es,inversamente,transparent
fr,inversion,es,inversión,transparent
fr,inverti,es,invertido,transparent
fr,investi,es,investir,transparent
fr,investigation,es,investigación,transparent
fr,investiguer,es,investigar,transparent
fr,investisseur,es,inversor,altered
fr,investiture,es,investidura,transparent
fr,invincible,es,invencible,altered
fr,invisible,es,invisible,transparent
fr,invitation,es,invitación,transparent
fr,invite,es,invitado,altered
fr,inviter,es,invitar,transparent
fr,invité,es,invitado,transparent
fr,involontaire,es,involuntario,transparent
fr,invoquer,es,invocar,transparent
fr,inébranlable,es,inquebrantable,altered
fr,inédit,es,inédito,transparent
fr,inégalable,es,inigualable,altered
fr,inévitable,es,inevitable,transparent
fr,inévitablement,es,inevitablemente,transparent
fr,iode,es,yodo,altered
fr,ion,es,ion,transparent
fr,ipad,es,ipad,transparent
fr,ir,es,ir,transparent
fr,irakien,es,iraquí,altered
fr,iranien,es,iraní,altered
fr,ire,es,ira,transparent
fr,iris,es,iris,transparent
fr,irlandais,es,irlandés,altered
fr,irlande,es,irlanda,transparent
fr,ironie,es,ironía,transparent
fr,ironique,es,irónico,transparent
fr,ironiquement,es,irónicamente,altered
fr,irradier,es,irradiar,altered
fr,irrationnel,es,irracional,transparent
fr,irrespectueux,es,irrespetuoso,transparent
fr,irresponsabilité,es,irresponsabilidad,transparent
fr,irresponsable,es,irresponsable,transparent
fr,irrigation,es,irrigación,transparent
fr,irritant,es,irritante,transparent
fr,irritation,es,irritación,transparent
fr,irriter,es,irritar,transparent
fr,irruption,es,irrumpir,altered
fr,irréel,es,irreal,transparent
fr,irréfutable,es,irrefutable,transparent
fr,irrégularité,es,irregularidad,transparent
fr,irrégulier,es,irregular,altered
fr,irréparable,es,irreparable,transparent
fr,irréprochable,es,irreprochable,transparent
fr,irréversible,es,irreversible,transparent
fr,isabelle,es,isabel,altered
fr,islam,es,islam,transparent
fr,islamique,es,islámico,altered
fr,islamisme,es,islamismo,transparent
fr,islamiste,es,islamista,transparent
fr,islamophobie,es,islamofobia,transparent
fr,isle,es,isla,altered
fr,isolation,es,aislamiento,altered
fr,isolement,es,aislamiento,altered
fr,isoler,es,aislar,altered
fr,isolé,es,aislar,altered
fr,israel,es,israel,transparent
fr,israélien,es,israelí,altered
fr,israélite,es,israelita,transparent
fr,israël,es,israel,transparent
fr,istanbul,es,estambul,altered
fr,isthme,es,istmo,altered
fr,italie,es,italia,altered
fr,italien,es,italiano,altered
fr,item,es,ítem,transparent
fr,itinéraire,es,itinerario,altered
fr,itinérant,es,itinerante,altered
fr,jacinthe,es,jacinto,altered
fr,jacuzzi,es,jacuzzi,transparent
fr,jade,es,jade,transparent
fr,jaguar,es,jaguar,transparent
fr,jamais,es,jamás,transparent
fr,jamaïque,es,jamaica,transparent
fr,jambon,es,jamón,transparent
fr,janvier,es,enero,altered
fr,japonais,es,japonés,altered
fr,jaquette,es,chaqueta,altered
fr,jardin,es,jardín,transparent
fr,jardinage,es,jardinería,altered
fr,jardinier,es,jardinero,altered
fr,jargon,es,jerga,altered
fr,jarre,es,jarra,transparent
fr,jasmin,es,jazmín,altered
fr,jazz,es,jazz,transparent
fr,jean,es,jean,transparent
fr,jeep,es,jeep,transparent
fr,jersey,es,jersey,transparent
fr,jeu,es,juego,altered
fr,jeune,es,joven,altered
fr,joaillerie,es,joyería,altered
fr,jogging,es,jogging,transparent
fr,joint,es,junto,transparent
fr,joker,es,joker,transparent
fr,jouable,es,jugable,altered
fr,jouer,es,jugar,altered
fr,jouet,es,juguete,altered
fr,joug,es,yugo,altered
fr,journalier,es,jornalero,transparent
fr,journée,es,jornada,transparent
fr,joute,es,justa,altered
fr,joyau,es,joya,altered
fr,juan,es,juan,transparent
fr,jubilation,es,júbilo,altered
fr,jubiler,es,jubilar,altered
fr,judaïsme,es,judaísmo,transparent
fr,judiciaire,es,judicial,transparent
fr,judicieux,es,juicioso,transparent
fr,judo,es,judo,transparent
fr,juge,es,juez,altered
fr,jugement,es,enjuiciamiento,altered
fr,juger,es,juzgar,altered
fr,jugé,es,juzgado,altered
fr,juif,es,judío,altered
fr,juillet,es,julio,altered
fr,juin,es,junio,altered
fr,julien,es,juliano,altered
fr,jumelle,es,gemelo,altered
fr,jungle,es,jungla,transparent
fr,junior,es,junior,transparent
fr,junte,es,junta,altered
fr,jupiter,es,júpiter,transparent
fr,jurer,es,jurar,transparent
fr,juridiction,es,jurisdicción,transparent
fr,juridictionnel,es,jurisdiccional,transparent
fr,juridique,es,jurídico,transparent
fr,juridiquement,es,jurídicamente,transparent
fr,jurisprudence,es,jurisprudencia,altered
fr,juriste,es,jurista,transparent
fr,jury,es,jurado,altered
fr,juré,es,jurado,altered
fr,juste,es,justo,altered
fr,justement,es,justamente,transparent
fr,justice,es,justicia,transparent
fr,justification,es,justificación,transparent
fr,justifier,es,justificar,transparent
fr,juvénile,es,juvenil,transparent
fr,jérusalem,es,jerusalén,altered
fr,jésuite,es,jesuita,altered
fr,kangourou,es,canguro,altered
fr,karaoké,es,karaoke,transparent
fr,karaté,es,karate,transparent
fr,karma,es,karma,transparent
fr,kayak,es,kayak,transparent
fr,kazakhstan,es,kazajistán,altered
fr,kebab,es,kebab,transparent
fr,ketchup,es,ketchup,transparent
fr,kilo,es,kilo,transparent
fr,kilogramme,es,kilogramo,altered
fr,kilomètre,es,kilómetro,altered
fr,kindle,es,kindle,transparent
fr,kiosque,es,kiosco,transparent
fr,kit,es,kit,transparent
fr,kosovo,es,kosovo,transparent
fr,koweït,es,kuwait,altered
fr,kremlin,es,kremlin,transparent
fr,kurde,es,kurdo,altered
fr,kwh,es,kwh,transparent
fr,labial,es,labial,transparent
fr,labo,es,labo,transparent
fr,laboral,es,laboral,altered
fr,laboratoire,es,laboratorio,altered
fr,labour,es,labor,altered
fr,labourer,es,laborar,altered
fr,laboureur,es,labrador,altered
fr,labrador,es,labrador,transparent
fr,labyrinthe,es,laberinto,altered
fr,lac,es,lago,altered
fr,lacer,es,enlazar,altered
fr,lacrymogène,es,lacrimógeno,altered
fr,lacté,es,lácteo,altered
fr,lacune,es,laguna,altered
fr,lagune,es,laguna,transparent
fr,laine,es,lana,transparent
fr,laiton,es,latón,altered
fr,lama,es,lama,transparent
fr,lambda,es,lambda,transparent
fr,lame,es,lámina,altered
fr,lamentable,es,lamentable,transparent
fr,lamentablement,es,lamentablemente,transparent
fr,lamentation,es,lamento,altered
fr,lamenter,es,lamentar,transparent
fr,laminer,es,laminar,altered
fr,lampe,es,lámpara,altered
fr,lance,es,lanza,altered
fr,lancement,es,lanzamiento,altered
fr,lancer,es,lanzar,altered
fr,lanceur,es,lanzador,altered
fr,lancé,es,lanzar,altered
fr,langage,es,lenguaje,altered
fr,langouste,es,langosta,transparent
fr,language,es,lenguaje,altered
fr,langue,es,lengua,altered
fr,lanterne,es,linterna,altered
fr,laps,es,lapso,transparent
fr,lapsus,es,lapsus,transparent
fr,laptop,es,laptop,transparent
fr,laquais,es,lacayo,altered
fr,largement,es,largamente,transparent
fr,largeur,es,largura,altered
fr,larguer,es,largar,transparent
fr,larve,es,larva,transparent
fr,laser,es,láser,altered
fr,lasso,es,lazo,transparent
fr,latent,es,latente,transparent
fr,latex,es,látex,transparent
fr,latin,es,latino,altered
fr,latino,es,latino,transparent
fr,latitude,es,latitud,altered
fr,latéral,es,lateral,altered
fr,latérale,es,lateral,transparent
fr,laure,es,laura,altered
fr,laurier,es,laurel,altered
fr,lauréat,es,laureado,transparent
fr,lavabo,es,lavabo,transparent
fr,lavage,es,lavado,altered
fr,lave,es,lava,altered
fr,laver,es,lavar,transparent
fr,lavoir,es,lavadero,transparent
fr,lavé,es,lavado,altered
fr,laïc,es,laico,altered
fr,laïcité,es,laicidad,transparent
fr,laïque,es,laico,altered
fr,leader,es,líder,transparent
fr,leadership,es,liderazgo,transparent
fr,lecteur,es,lector,altered
fr,lecture,es,lectura,transparent
fr,legs,es,legado,altered
fr,lemme,es,lema,transparent
fr,lent,es,lento,transparent
fr,lente,es,lente,transparent
fr,lentement,es,lentamente,transparent
fr,lenteur,es,lentitud,altered
fr,lesbien,es,lesbiana,altered
fr,lessive,es,lejía,altered
fr,lest,es,lastre,altered
fr,lettre,es,letra,altered
fr,lettré,es,letrado,transparent
fr,leucémie,es,leucemia,transparent
fr,levant,es,levante,transparent
fr,lever,es,levantar,altered
fr,levure,es,levadura,altered
fr,levé,es,levantar,altered
fr,levée,es,levantar,altered
fr,lexique,es,léxico,altered
fr,leçon,es,lección,altered
fr,libanais,es,libanés,transparent
fr,libertaire,es,libertario,altered
fr,liberté,es,libertad,transparent
fr,libraire,es,librero,altered
fr,libre,es,libre,transparent
fr,librement,es,libremente,transparent
fr,libres,es,libre,transparent
fr,libyen,es,libio,altered
fr,libéral,es,liberal,transparent
fr,libéralisation,es,liberalización,transparent
fr,libéralisme,es,liberalismo,altered
fr,libérateur,es,libertador,transparent
fr,libération,es,liberación,transparent
fr,libérer,es,liberar,altered
fr,libéré,es,liberado,transparent
fr,lice,es,liza,altered
fr,licence,es,licencia,transparent
fr,licenciement,es,licenciamiento,transparent
fr,licencié,es,licenciado,altered
fr,licitation,es,licitación,transparent
fr,licite,es,lícito,altered
fr,lier,es,liar,altered
fr,lieue,es,legua,altered
fr,liga,es,liga,transparent
fr,ligament,es,ligamento,transparent
fr,lignage,es,linaje,altered
fr,ligne,es,línea,altered
fr,lignée,es,linaje,altered
fr,ligue,es,liga,altered
fr,lilas,es,lila,transparent
fr,limbe,es,limbo,altered
fr,lime,es,lima,altered
fr,limer,es,limar,altered
fr,limitation,es,limitación,transparent
fr,limite,es,límite,altered
fr,limiter,es,limitar,transparent
fr,limitrophe,es,limítrofe,transparent
fr,limité,es,limitar,transparent
fr,lingerie,es,lencería,altered
fr,linguiste,es,lingüista,altered
fr,linguistique,es,lingüística,altered
fr,linéaire,es,linear,transparent
fr,lion,es,león,altered
fr,liqueur,es,licor,altered
fr,liquidation,es,liquidación,transparent
fr,liquide,es,líquido,transparent
fr,liquider,es,liquidar,transparent
fr,liquidité,es,liquidez,altered
fr,liquéfier,es,licuar,altered
fr,lire,es,leer,altered
fr,lisbonne,es,lisboa,altered
fr,lisible,es,legible,altered
fr,lisse,es,lisa,altered
fr,liste,es,lista,transparent
fr,lister,es,listar,transparent
fr,lithium,es,litio,altered
fr,litige,es,litigio,altered
fr,litière,es,litera,altered
fr,litre,es,litro,transparent
fr,littoral,es,litoral,transparent
fr,littéraire,es,literario,altered
fr,littéral,es,literal,transparent
fr,littéralement,es,literalmente,transparent
fr,littérature,es,literatura,altered
fr,lituanie,es,lituania,transparent
fr,liturgie,es,liturgia,transparent
fr,liturgique,es,litúrgico,transparent
fr,livre,es,libro,transparent
fr,livret,es,libreto,altered
fr,lièvre,es,liebre,transparent
fr,lobby,es,lobby,transparent
fr,lobe,es,lóbulo,altered
fr,local,es,local,transparent
fr,locale,es,local,transparent
fr,localement,es,localmente,transparent
fr,localisation,es,localización,transparent
fr,localiser,es,localizar,transparent
fr,localisé,es,localizar,transparent
fr,localité,es,localidad,altered
fr,locataire,es,locatario,altered
fr,locatif,es,locativo,transparent
fr,location,es,locación,transparent
fr,locomotive,es,locomotora,altered
fr,locuteur,es,locutor,altered
fr,loger,es,alojar,altered
fr,logie,es,logia,transparent
fr,logique,es,lógica,altered
fr,logiquement,es,lógicamente,altered
fr,logistique,es,logística,transparent
fr,logo,es,logo,transparent
fr,logotype,es,logotipo,transparent
fr,loi,es,ley,altered
fr,lombaire,es,lumbar,altered
fr,lombric,es,lombriz,altered
fr,londonien,es,londinense,altered
fr,londres,es,londres,transparent
fr,longe,es,lonja,altered
fr,longitude,es,longitud,transparent
fr,longitudinal,es,longitudinal,transparent
fr,longuement,es,largamente,altered
fr,longueur,es,longitud,altered
fr,longévité,es,longevidad,transparent
fr,look,es,look,transparent
fr,lord,es,lord,transparent
fr,lot,es,lote,altered
fr,loterie,es,lotería,transparent
fr,loto,es,loto,transparent
fr,lotus,es,loto,altered
fr,louer,es,loar,altered
fr,louis,es,luis,transparent
fr,loup,es,lobo,altered
fr,loupe,es,lupa,altered
fr,loué,es,loar,altered
fr,loyal,es,leal,altered
fr,lubrifiant,es,lubricante,transparent
fr,lucide,es,lúcido,transparent
fr,lucidité,es,lucidez,altered
fr,lucien,es,luciano,altered
fr,lucratif,es,lucrativo,transparent
fr,lucre,es,lucro,transparent
fr,ludique,es,lúdico,transparent
fr,luire,es,lucir,altered
fr,lumineux,es,luminoso,altered
fr,luminosité,es,luminosidad,transparent
fr,luna,es,luna,transparent
fr,lunaire,es,lunar,altered
fr,lundi,es,lunes,altered
fr,lune,es,luna,altered
fr,lustre,es,lustre,transparent
fr,lutte,es,lucha,altered
fr,lutter,es,luchar,altered
fr,lux,es,lux,transparent
fr,luxembourgeois,es,luxemburgués,transparent
fr,luxure,es,lujuria,altered
fr,lycanthrope,es,licántropo,altered
fr,lycée,es,liceo,altered
fr,lynx,es,lince,altered
fr,lyre,es,lira,altered
fr,lyrique,es,lírica,altered
fr,lécher,es,lamer,altered
fr,légal,es,legal,transparent
fr,légalement,es,legalmente,transparent
fr,légalisation,es,legalización,altered
fr,légaliser,es,legalizar,transparent
fr,légalité,es,legalidad,transparent
fr,légat,es,legado,altered
fr,légendaire,es,legendario,transparent
fr,légende,es,leyenda,altered
fr,léger,es,ligero,altered
fr,légiférer,es,legislar,altered
fr,légion,es,legión,altered
fr,législateur,es,legislador,altered
fr,législatif,es,legislativo,transparent
fr,législation,es,legislación,transparent
fr,législature,es,legislatura,altered
fr,légitime,es,legítimo,altered
fr,légitimement,es,legítimamente,transparent
fr,légitimer,es,legitimar,altered
fr,légitimité,es,legitimidad,altered
fr,léguer,es,legar,altered
fr,légume,es,legumbre,altered
fr,légèrement,es,levemente,altered
fr,légèreté,es,ligereza,altered
fr,léonais,es,leonés,altered
fr,léopard,es,leopardo,altered
fr,léser,es,leso,altered
fr,lésion,es,lesión,transparent
fr,létal,es,letal,transparent
fr,macabre,es,macabro,transparent
fr,machette,es,machete,altered
fr,machine,es,máquina,transparent
fr,machiner,es,maquinar,altered
fr,machinerie,es,maquinaria,altered
fr,machisme,es,machismo,transparent
fr,machiste,es,machista,transparent
fr,macro,es,macro,transparent
fr,macroéconomique,es,macroeconómico,transparent
fr,macédoine,es,macedonia,transparent
fr,madame,es,madame,transparent
fr,madrilène,es,madrileño,altered
fr,mafia,es,mafia,transparent
fr,mafieux,es,mafioso,altered
fr,magazine,es,magazine,transparent
fr,mage,es,mago,transparent
fr,maghreb,es,magreb,transparent
fr,maghrébin,es,magrebí,transparent
fr,magicien,es,mago,altered
fr,magie,es,magia,altered
fr,magique,es,mágico,altered
fr,magistral,es,magistral,transparent
fr,magistrat,es,magistrado,altered
fr,magistrature,es,magistratura,transparent
fr,magistère,es,magisterio,transparent
fr,magnat,es,magnate,altered
fr,magnifier,es,magnificar,altered
fr,magnifique,es,magnífico,transparent
fr,magnifiquement,es,magníficamente,transparent
fr,magnitude,es,magnitud,transparent
fr,magnus,es,magno,transparent
fr,magnésium,es,magnesio,transparent
fr,magnétique,es,magnético,transparent
fr,mai,es,mayo,altered
fr,maigre,es,magro,altered
fr,maille,es,malla,transparent
fr,maillot,es,malla,altered
fr,main,es,mano,altered
fr,maintenance,es,mantenimiento,altered
fr,maintenir,es,mantener,transparent
fr,maintenue,es,mantener,transparent
fr,maintien,es,mantenimiento,altered
fr,maitre,es,maestro,altered
fr,maitrise,es,maestría,altered
fr,majestueux,es,majestuoso,transparent
fr,majesté,es,majestad,altered
fr,majeur,es,mayor,altered
fr,majeure,es,mayor,altered
fr,majordome,es,mayordomo,altered
fr,majoritaire,es,mayoritario,transparent
fr,majoritairement,es,mayoritariamente,transparent
fr,majorité,es,mayoría,altered
fr,majuscule,es,mayúscula,altered
fr,mal,es,mal,transparent
fr,malaga,es,málaga,altered
fr,malais,es,malasio,altered
fr,malaise,es,malestar,altered
fr,malaisie,es,malasio,altered
fr,malaria,es,malaria,transparent
fr,malentendu,es,malentendido,altered
fr,malgache,es,malgache,transparent
fr,malice,es,malicia,transparent
fr,malien,es,maliense,altered
fr,malin,es,maligno,altered
fr,malle,es,malla,altered
fr,mallette,es,maleta,transparent
fr,malsain,es,malsano,transparent
fr,malt,es,malta,altered
fr,malte,es,malta,altered
fr,maltraitance,es,maltrato,altered
fr,maltraiter,es,maltratar,transparent
fr,malveillant,es,malvado,altered
fr,malversation,es,malversación,transparent
fr,malware,es,malware,transparent
fr,malédiction,es,maldición,transparent
fr,maléfice,es,maleficio,altered
fr,maléfique,es,maléfico,transparent
fr,mama,es,mamá,transparent
fr,maman,es,mamá,transparent
fr,mambo,es,mambo,transparent
fr,mamer,es,mamar,transparent
fr,mammifère,es,mamífero,transparent
fr,management,es,management,transparent
fr,manager,es,manager,transparent
fr,mandarin,es,mandarín,transparent
fr,mandarine,es,mandarina,altered
fr,mandat,es,mandato,transparent
fr,mandataire,es,mandatario,transparent
fr,mander,es,mandar,altered
fr,mandibule,es,mandíbula,altered
fr,manette,es,maneta,transparent
fr,manga,es,manga,transparent
fr,manie,es,manía,altered
fr,maniement,es,manejo,altered
fr,manier,es,manejar,altered
fr,maniere,es,manera,transparent
fr,manifestant,es,manifestante,transparent
fr,manifestation,es,manifestación,transparent
fr,manifeste,es,manifiesto,altered
fr,manifester,es,manifestar,altered
fr,manipulateur,es,manipulador,altered
fr,manipulation,es,manipulación,transparent
fr,manipuler,es,manipular,transparent
fr,manière,es,manera,transparent
fr,mannequin,es,muñeco,altered
fr,manoeuvre,es,maniobra,altered
fr,manqué,es,mancar,altered
fr,mansion,es,mansión,transparent
fr,mante,es,manta,altered
fr,manuel,es,manual,transparent
fr,manuellement,es,manualmente,transparent
fr,manufacture,es,manufactura,transparent
fr,manufacturier,es,manufacturero,altered
fr,manuscrit,es,manuscrito,altered
fr,manège,es,manejo,altered
fr,manœuvre,es,maniobra,altered
fr,manœuvrer,es,maniobrar,altered
fr,manœuvres,es,maniobra,altered
fr,mapuche,es,mapuche,transparent
fr,maquette,es,maqueta,altered
fr,maquillage,es,maquillaje,altered
fr,maquiller,es,maquillar,transparent
fr,marais,es,marisma,altered
fr,marathon,es,maratón,transparent
fr,marbre,es,mármol,altered
fr,marchand,es,mercante,altered
fr,marchandise,es,mercancía,altered
fr,marche,es,marcha,transparent
fr,marcher,es,marchar,altered
fr,marché,es,mercado,altered
fr,mardi,es,martes,altered
fr,marge,es,margen,transparent
fr,marginal,es,marginal,transparent
fr,marginalisation,es,marginación,altered
fr,marginaliser,es,marginar,altered
fr,marguerite,es,margarita,altered
fr,mari,es,marido,altered
fr,marijuana,es,marihuana,transparent
fr,marin,es,marino,transparent
fr,marina,es,marina,transparent
fr,marine,es,marina,altered
fr,marionnette,es,marioneta,altered
fr,maritime,es,marítimo,transparent
fr,marketing,es,marketing,transparent
fr,marmelade,es,mermelada,altered
fr,marocain,es,marrueco,altered
fr,marquage,es,marcaje,altered
fr,marque,es,marca,altered
fr,marquer,es,marcar,transparent
fr,marqueur,es,marcador,altered
fr,marquis,es,marqués,altered
fr,marqué,es,marcar,transparent
fr,marraine,es,madrina,altered
fr,marron,es,marrón,transparent
fr,mars,es,marzo,altered
fr,marseillais,es,marsellés,altered
fr,marteau,es,martillo,altered
fr,martial,es,marcial,transparent
fr,martien,es,marciano,altered
fr,martyr,es,mártir,transparent
fr,martyre,es,martirio,altered
fr,marxisme,es,marxismo,altered
fr,marxiste,es,marxista,altered
fr,marâtre,es,madrastra,altered
fr,maréchal,es,mariscal,altered
fr,marée,es,marea,transparent
fr,mascarade,es,mascarilla,altered
fr,mascotte,es,mascota,altered
fr,masculin,es,masculino,transparent
fr,masculinité,es,masculinidad,transparent
fr,masque,es,máscara,altered
fr,masquer,es,enmascarar,altered
fr,massacre,es,masacre,altered
fr,massacrer,es,masacrar,transparent
fr,massage,es,masaje,altered
fr,masse,es,masa,transparent
fr,massif,es,masivo,altered
fr,massivement,es,masivamente,transparent
fr,master,es,máster,transparent
fr,mastiquer,es,masticar,altered
fr,masturbation,es,masturbación,transparent
fr,masturber,es,masturbar,transparent
fr,matador,es,matador,transparent
fr,match,es,match,transparent
fr,maternel,es,materno,altered
fr,maternelle,es,maternal,altered
fr,maternité,es,maternidad,transparent
fr,mathématicien,es,matemático,altered
fr,mathématique,es,matemática,transparent
fr,matin,es,mañana,altered
fr,matinal,es,matinal,transparent
fr,matinée,es,mañana,altered
fr,matière,es,materia,transparent
fr,matrice,es,matriz,transparent
fr,matricule,es,matrícula,altered
fr,matrimonial,es,matrimonial,transparent
fr,maturation,es,maduración,altered
fr,matérialiser,es,materializar,altered
fr,matériau,es,material,transparent
fr,matériel,es,material,transparent
fr,maudire,es,maldito,altered
fr,mauritanie,es,mauritania,transparent
fr,mausolée,es,mausoleo,transparent
fr,maxi,es,maxi,transparent
fr,maximale,es,máxima,transparent
fr,maxime,es,máxima,altered
fr,maximiser,es,maximizar,altered
fr,maximum,es,máximo,transparent
fr,maya,es,maya,transparent
fr,mayonnaise,es,mayonesa,transparent
fr,maître,es,maestro,altered
fr,maîtresse,es,maestro,altered
fr,maîtrise,es,maestría,altered
fr,maïs,es,maíz,transparent
fr,meeting,es,mitin,altered
fr,mega,es,mega,transparent
fr,meilleur,es,mejor,altered
fr,melon,es,melón,transparent
fr,membrane,es,membrana,transparent
fr,membre,es,miembro,transparent
fr,menace,es,amenaza,altered
fr,menacer,es,amenazar,altered
fr,menacé,es,amenazar,transparent
fr,menaçant,es,amenazante,altered
fr,mendiant,es,mendigo,altered
fr,mendier,es,mendigar,altered
fr,mensuel,es,mensual,transparent
fr,mensuellement,es,mensualmente,transparent
fr,mental,es,mental,transparent
fr,mentalement,es,mentalmente,transparent
fr,mentalité,es,mentalidad,transparent
fr,menteur,es,mentiroso,altered
fr,menthe,es,menta,altered
fr,mention,es,mención,transparent
fr,mentionner,es,mencionar,transparent
fr,mentir,es,mentir,transparent
fr,menton,es,mentón,transparent
fr,mentor,es,mentor,transparent
fr,menu,es,menudo,altered
fr,mer,es,mar,altered
fr,mercantile,es,mercantil,transparent
fr,mercantilisme,es,mercantilismo,altered
fr,mercantiliste,es,mercantilista,altered
fr,mercenaire,es,mercenario,transparent
fr,merci,es,merced,altered
fr,mercier,es,mercader,altered
fr,mercredi,es,miércoles,transparent
fr,mercure,es,mercurio,altered
fr,merde,es,mierda,transparent
fr,meringue,es,merengue,transparent
fr,merveille,es,maravilla,altered
fr,merveilleux,es,maravilloso,altered
fr,meseta,es,meseta,transparent
fr,meson,es,mesón,transparent
fr,mesquin,es,mezquino,altered
fr,message,es,mensaje,transparent
fr,messager,es,mensajero,altered
fr,messagerie,es,mensajería,transparent
fr,messe,es,misa,altered
fr,messie,es,mesías,altered
fr,mesuré,es,medir,transparent
fr,metal,es,metal,transparent
fr,metro,es,metro,transparent
fr,mettre,es,meter,altered
fr,meuble,es,mueble,transparent
fr,meule,es,muela,altered
fr,mexicain,es,mexicano,altered
fr,mexique,es,méxico,transparent
fr,mi,es,mi,transparent
fr,mica,es,mica,transparent
fr,micro,es,micro,transparent
fr,microorganisme,es,microorganismo,transparent
fr,microphone,es,micrófono,altered
fr,microscope,es,microscopio,altered
fr,microscopique,es,microscópico,transparent
fr,miel,es,miel,transparent
fr,mien,es,mío,altered
fr,mignonne,es,mignon,altered
fr,migraine,es,migraña,transparent
fr,migrant,es,migrante,altered
fr,migration,es,migración,transparent
fr,migratoire,es,migratorio,transparent
fr,migrer,es,migrar,transparent
fr,milan,es,milan,transparent
fr,mile,es,milla,transparent
fr,milice,es,milicia,altered
fr,milicien,es,miliciano,altered
fr,militaire,es,militar,transparent
fr,militance,es,militancia,transparent
fr,militant,es,militante,altered
fr,militer,es,militar,altered
fr,milk,es,milk,transparent
fr,mille,es,mil,altered
fr,millier,es,millar,altered
fr,milligramme,es,miligramo,transparent
fr,millilitre,es,mililitro,transparent
fr,millimètre,es,milímetro,transparent
fr,million,es,millón,transparent
fr,millionnaire,es,millonario,altered
fr,milliseconde,es,milisegundo,transparent
fr,millénaire,es,milenio,altered
fr,mime,es,mimo,transparent
fr,mine,es,mina,transparent
fr,miner,es,minar,transparent
fr,minerai,es,mineral,transparent
fr,mineure,es,menor,altered
fr,mini,es,mini,transparent
fr,miniature,es,miniatura,transparent
fr,minier,es,minero,altered
fr,minimal,es,minimal,transparent
fr,minime,es,mínimo,altered
fr,minimiser,es,minimizar,transparent
fr,minimum,es,mínimo,transparent
fr,ministre,es,ministro,altered
fr,ministère,es,ministerio,altered
fr,ministériel,es,ministerial,transparent
fr,minière,es,minería,altered
fr,minoritaire,es,minoritario,transparent
fr,minorité,es,minoría,transparent
fr,minuscule,es,minúscula,transparent
fr,minute,es,minuto,transparent
fr,minutieux,es,minucioso,altered
fr,minéral,es,mineral,altered
fr,miss,es,miss,transparent
fr,missile,es,misil,altered
fr,mission,es,misión,transparent
fr,missionnaire,es,misionero,altered
fr,mistral,es,mistral,transparent
fr,misère,es,miseria,altered
fr,misérable,es,miserable,altered
fr,miséricorde,es,misericordia,transparent
fr,miséricordieux,es,misericordioso,altered
fr,mitiger,es,mitigar,transparent
fr,mitigé,es,mitigar,transparent
fr,mix,es,mix,transparent
fr,mixte,es,mixto,transparent
fr,mobile,es,móvil,altered
fr,mobilier,es,mobiliario,transparent
fr,mobilisation,es,movilización,altered
fr,mobiliser,es,movilizar,altered
fr,mobilité,es,movilidad,altered
fr,modalité,es,modalidad,altered
fr,mode,es,modo,altered
fr,model,es,modelo,transparent
fr,modeler,es,modelar,transparent
fr,modem,es,módem,transparent
fr,moderne,es,moderno,transparent
fr,modernisation,es,modernización,transparent
fr,moderniser,es,modernizar,altered
fr,modernisme,es,modernismo,transparent
fr,moderniste,es,modernista,transparent
fr,modernité,es,modernidad,altered
fr,modeste,es,modesto,transparent
fr,modestie,es,modestia,transparent
fr,modification,es,modificación,transparent
fr,modifier,es,modificar,transparent
fr,modifié,es,modificar,transparent
fr,modulaire,es,modular,altered
fr,module,es,módulo,altered
fr,modus,es,modus,transparent
fr,modèle,es,modelo,transparent
fr,modélisation,es,modelización,transparent
fr,modérateur,es,moderador,transparent
fr,modération,es,moderación,transparent
fr,modérer,es,moderar,transparent
fr,modéré,es,moderado,altered
fr,moelle,es,médula,altered
fr,moine,es,monje,altered
fr,moins,es,menos,altered
fr,moitié,es,mitad,altered
fr,molaire,es,molar,altered
fr,moléculaire,es,molecular,altered
fr,molécule,es,molécula,transparent
fr,moment,es,momento,transparent
fr,momie,es,momia,transparent
fr,monaco,es,mónaco,transparent
fr,monarchie,es,monarquía,altered
fr,monarchique,es,monárquico,transparent
fr,monarque,es,monarca,altered
fr,monastère,es,monasterio,altered
fr,mondain,es,mundano,altered
fr,monde,es,mundo,altered
fr,mondial,es,mundial,transparent
fr,mondialement,es,mundialmente,altered
fr,mondialisation,es,mundialización,transparent
fr,mongol,es,mongol,transparent
fr,moniteur,es,monitor,altered
fr,monitorer,es,monitorear,altered
fr,monnaie,es,moneda,altered
fr,mono,es,mono,transparent
fr,monocycle,es,monociclo,transparent
fr,monographie,es,monografía,transparent
fr,monologue,es,monólogo,transparent
fr,monopole,es,monopolio,altered
fr,monseigneur,es,monseñor,altered
fr,monstre,es,monstruo,altered
fr,monstrueux,es,monstruoso,altered
fr,mont,es,monte,transparent
fr,montage,es,montaje,altered
fr,montagne,es,montaña,altered
fr,montagneux,es,montañoso,altered
fr,montant,es,monto,transparent
fr,monte,es,monte,transparent
fr,monter,es,montar,altered
fr,monteur,es,montero,altered
fr,montevideo,es,montevideo,transparent
fr,montrer,es,mostrar,altered
fr,monture,es,montura,transparent
fr,monté,es,montado,transparent
fr,montée,es,montada,transparent
fr,monument,es,monumento,transparent
fr,monumental,es,monumental,transparent
fr,monétaire,es,monetario,transparent
fr,moral,es,moral,transparent
fr,morale,es,moral,transparent
fr,moralement,es,moralmente,transparent
fr,moralité,es,moralidad,transparent
fr,moratoire,es,moratoria,transparent
fr,morbide,es,morboso,altered
fr,mordre,es,morder,altered
fr,morgue,es,morgue,transparent
fr,moribond,es,moribundo,altered
fr,mormon,es,mormón,transparent
fr,morphologie,es,morfología,transparent
fr,mort,es,muerte,altered
fr,mortalité,es,mortalidad,transparent
fr,mortel,es,mortal,transparent
fr,mortier,es,mortero,altered
fr,mortifère,es,mortífero,transparent
fr,mosaïque,es,mosaico,altered
fr,moscou,es,moscú,altered
fr,mosquée,es,mezquita,altered
fr,motard,es,motorista,altered
fr,motel,es,motel,transparent
fr,moteur,es,motor,altered
fr,motif,es,motivo,altered
fr,motion,es,moción,transparent
fr,motivation,es,motivación,altered
fr,motiver,es,motivar,altered
fr,motivé,es,motivar,transparent
fr,moto,es,moto,transparent
fr,motocyclette,es,motocicleta,transparent
fr,motocycliste,es,motociclista,altered
fr,motoriser,es,motorizar,altered
fr,motrice,es,motriz,altered
fr,motte,es,mota,altered
fr,mouche,es,mosca,altered
fr,moudre,es,moler,altered
fr,moue,es,mueca,altered
fr,mouiller,es,mojar,altered
fr,mouler,es,molde,altered
fr,moulin,es,molino,altered
fr,moulé,es,moldear,altered
fr,mourant,es,moribundo,altered
fr,mourir,es,morir,altered
fr,mousse,es,mousse,transparent
fr,mousson,es,monzón,altered
fr,moustique,es,mosquito,altered
fr,moutarde,es,mostaza,altered
fr,mouvement,es,movimiento,altered
fr,mouvoir,es,mover,altered
fr,mozambique,es,mozambique,transparent
fr,mu,es,mu,transparent
fr,muet,es,mudo,altered
fr,mule,es,mulo,altered
fr,muleta,es,muleta,transparent
fr,multi,es,multi,transparent
fr,multilatéral,es,multilateral,transparent
fr,multimillionnaire,es,multimillonario,altered
fr,multimédia,es,multimedia,altered
fr,multinationale,es,multinacional,altered
fr,multiple,es,múltiple,transparent
fr,multiplicateur,es,multiplicador,altered
fr,multiplication,es,multiplicación,transparent
fr,multiplier,es,multiplicar,altered
fr,multitude,es,multitud,transparent
fr,municipal,es,municipal,transparent
fr,municipale,es,municipal,transparent
fr,municipalité,es,municipio,altered
fr,munition,es,munición,transparent
fr,mur,es,muro,transparent
fr,muraille,es,muralla,altered
fr,mural,es,mural,transparent
fr,murmure,es,murmullo,altered
fr,murmurer,es,murmurar,transparent
fr,muscle,es,músculo,altered
fr,musculaire,es,muscular,transparent
fr,musculature,es,musculatura,transparent
fr,musculeux,es,musculoso,altered
fr,muse,es,musa,altered
fr,museum,es,museo,altered
fr,musical,es,musical,transparent
fr,musicien,es,músico,altered
fr,musique,es,música,transparent
fr,musulman,es,musulmán,transparent
fr,musée,es,museo,transparent
fr,muséum,es,museo,altered
fr,mutant,es,mutante,altered
fr,muter,es,mutar,transparent
fr,mutilé,es,mutilado,transparent
fr,mutinerie,es,motín,altered
fr,mutuel,es,mutuo,altered
fr,mutuelle,es,mutuo,transparent
fr,mutuellement,es,mutuamente,transparent
fr,mystique,es,mística,transparent
fr,mystère,es,misterio,altered
fr,mystérieusement,es,misteriosamente,altered
fr,mystérieux,es,misterioso,transparent
fr,mythe,es,mito,altered
fr,mythique,es,mítico,altered
fr,mythologie,es,mitología,altered
fr,mythologique,es,mitológico,transparent
fr,mâcher,es,mascar,altered
fr,mât,es,mástil,altered
fr,mèche,es,mecha,transparent
fr,mème,es,meme,transparent
fr,mère,es,madre,altered
fr,mètre,es,metro,altered
fr,mécanicien,es,mecánico,altered
fr,mécanique,es,mecánico,transparent
fr,mécanisme,es,mecanismo,transparent
fr,médaille,es,medalla,altered
fr,médecin,es,médico,altered
fr,médecine,es,medicina,altered
fr,média,es,medio,altered
fr,médian,es,mediano,altered
fr,médiane,es,mediana,transparent
fr,médiateur,es,mediador,altered
fr,médiation,es,mediación,transparent
fr,médiatique,es,mediático,transparent
fr,médical,es,medical,transparent
fr,médicament,es,medicamento,transparent
fr,médication,es,medicación,transparent
fr,médicinal,es,medicinal,transparent
fr,médio,es,medio,transparent
fr,médiocre,es,mediocre,transparent
fr,médiocrité,es,mediocridad,transparent
fr,méditation,es,meditación,altered
fr,méditer,es,meditar,transparent
fr,méditerranée,es,mediterráneo,altered
fr,méditerranéen,es,mediterráneo,altered
fr,médium,es,médium,transparent
fr,médiéval,es,medieval,transparent
fr,méduse,es,medusa,transparent
fr,méga,es,mega,altered
fr,mélancolie,es,melancolía,transparent
fr,mélancolique,es,melancólico,transparent
fr,mélangé,es,mezclar,altered
fr,mélodie,es,melodía,altered
fr,mélodique,es,melódico,transparent
fr,mémo,es,memo,transparent
fr,mémoire,es,memoria,transparent
fr,mémorable,es,memorable,altered
fr,mémorial,es,memorial,transparent
fr,mémoriser,es,memorizar,transparent
fr,ménage,es,menaje,transparent
fr,ménager,es,menaje,altered
fr,mépris,es,menosprecio,altered
fr,méprisable,es,despreciable,altered
fr,mépriser,es,menospreciar,altered
fr,méridien,es,meridiano,transparent
fr,méridional,es,meridional,transparent
fr,mérinos,es,merino,transparent
fr,mérite,es,mérito,altered
fr,mériter,es,merecer,altered
fr,mérité,es,merecido,altered
fr,métabolique,es,metabólico,transparent
fr,métabolisme,es,metabolismo,transparent
fr,métal,es,metal,altered
fr,métallique,es,metálico,transparent
fr,métallurgie,es,metalurgia,transparent
fr,métallurgique,es,metalúrgico,transparent
fr,métamorphose,es,metamorfosis,altered
fr,métaphore,es,metáfora,transparent
fr,métaphysique,es,metafísica,transparent
fr,méthane,es,metano,altered
fr,méthode,es,método,altered
fr,méthodologie,es,metodología,altered
fr,méthodologique,es,metodológico,transparent
fr,métis,es,mestizo,altered
fr,métrage,es,metraje,altered
fr,métrique,es,métrica,altered
fr,métro,es,metro,transparent
fr,métropole,es,metrópolis,altered
fr,métropolitain,es,metropolitano,transparent
fr,météo,es,meteorología,altered
fr,météorite,es,meteorito,altered
fr,météorologie,es,meteorología,transparent
fr,météorologique,es,meteorológico,transparent
fr,mêler,es,mezclar,altered
fr,mêlé,es,mezclar,altered
fr,mêlée,es,melee,transparent
fr,mûr,es,maduro,altered
fr,mûre,es,mora,transparent
fr,nager,es,nadar,altered
fr,nain,es,enano,altered
fr,naissant,es,naciente,altered
fr,nana,es,nana,transparent
fr,nano,es,nano,transparent
fr,nanomètre,es,nanómetro,transparent
fr,naphte,es,nafta,altered
fr,napolitain,es,napolitano,transparent
fr,nappe,es,napa,transparent
fr,narcisse,es,narciso,altered
fr,narco,es,narco,transparent
fr,narcotique,es,narcótico,transparent
fr,narcotrafic,es,narcotráfico,transparent
fr,narcotrafiquant,es,narcotraficante,transparent
fr,narine,es,nariz,altered
fr,narrateur,es,narrador,altered
fr,narratif,es,narrativa,transparent
fr,narration,es,narración,transparent
fr,narrer,es,narrar,transparent
fr,nasal,es,nasal,transparent
fr,natal,es,natal,transparent
fr,natalité,es,natalidad,transparent
fr,natation,es,natación,transparent
fr,natif,es,nativo,altered
fr,nation,es,nación,transparent
fr,national,es,nacional,transparent
fr,nationale,es,nacional,transparent
fr,nationalisation,es,nacionalización,transparent
fr,nationaliser,es,nacionalizar,transparent
fr,nationalisme,es,nacionalismo,transparent
fr,nationaliste,es,nacionalista,transparent
fr,nationalité,es,nacionalidad,altered
fr,naturaliste,es,naturalista,transparent
fr,naturalité,es,naturalidad,altered
fr,nature,es,naturaleza,altered
fr,naturel,es,natural,transparent
fr,naturellement,es,naturalmente,transparent
fr,naufrage,es,naufragio,altered
fr,nausée,es,náusea,transparent
fr,nautique,es,náutica,transparent
fr,naval,es,naval,transparent
fr,navale,es,naval,transparent
fr,navette,es,nave,altered
fr,navigateur,es,navegador,altered
fr,navigation,es,navegación,transparent
fr,naviguer,es,navegar,transparent
fr,navire,es,navío,altered
fr,nazaréen,es,nazareno,transparent
fr,nazi,es,nazi,transparent
fr,nazisme,es,nazismo,altered
fr,naître,es,nacer,altered
fr,nef,es,nave,altered
fr,neige,es,nieve,altered
fr,neiger,es,nevar,altered
fr,neptune,es,neptuno,transparent
fr,nerf,es,nervio,altered
fr,nerveux,es,nervioso,altered
fr,net,es,neto,transparent
fr,nette,es,neto,altered
fr,nettement,es,netamente,transparent
fr,neurologique,es,neurológico,transparent
fr,neuronal,es,neuronal,transparent
fr,neurone,es,neurona,altered
fr,neutraliser,es,neutralizar,altered
fr,neutralité,es,neutralidad,transparent
fr,neutre,es,neutral,altered
fr,ni,es,ni,transparent
fr,nicaragua,es,nicaragua,transparent
fr,niche,es,nicho,altered
fr,nickel,es,níquel,transparent
fr,nicotine,es,nicotina,transparent
fr,nid,es,nido,altered
fr,nigérian,es,nigeriano,transparent
fr,ninja,es,ninja,transparent
fr,niveau,es,nivel,transparent
fr,niveler,es,nivelar,transparent
fr,nobel,es,nobel,transparent
fr,noble,es,noble,transparent
fr,noblesse,es,nobleza,transparent
fr,noce,es,noche,altered
fr,nocif,es,nocivo,altered
fr,noctambule,es,noctámbulo,altered
fr,nocturne,es,nocturno,altered
fr,noeud,es,nudo,transparent
fr,nom,es,nombre,altered
fr,nomade,es,nómada,transparent
fr,nombril,es,ombligo,altered
fr,nomenclature,es,nomenclatura,transparent
fr,nominal,es,nominal,transparent
fr,nomination,es,nominación,transparent
fr,nommer,es,nombrar,transparent
fr,nommé,es,nombrar,transparent
fr,non,es,no,altered
fr,nord,es,norte,altered
fr,nordique,es,nórdico,transparent
fr,normal,es,normal,transparent
fr,normale,es,normal,transparent
fr,normalement,es,normalmente,transparent
fr,normalisation,es,normalización,transparent
fr,normaliser,es,normalizar,transparent
fr,normalité,es,normalidad,altered
fr,normand,es,normando,transparent
fr,normande,es,normando,altered
fr,normatif,es,normativa,altered
fr,norme,es,norma,transparent
fr,norvège,es,noruego,altered
fr,norvégien,es,noruego,altered
fr,nostalgie,es,nostalgia,altered
fr,nostalgique,es,nostálgico,transparent
fr,notable,es,notable,transparent
fr,notablement,es,notablemente,transparent
fr,notaire,es,notario,altered
fr,notation,es,notación,transparent
fr,note,es,nota,transparent
fr,noter,es,notar,transparent
fr,notification,es,notificación,transparent
fr,notifier,es,notificar,transparent
fr,notion,es,noción,transparent
fr,notoire,es,notorio,transparent
fr,notoirement,es,notoriamente,transparent
fr,notoriété,es,notoriedad,transparent
fr,noté,es,notar,transparent
fr,nourri,es,nutrir,altered
fr,nourrir,es,nutrir,altered
fr,nous,es,nosotros,transparent
fr,nouveau,es,nueva,altered
fr,nouvellement,es,nuevamente,altered
fr,nova,es,nova,transparent
fr,novembre,es,noviembre,altered
fr,novice,es,novato,altered
fr,nuage,es,nube,altered
fr,nube,es,nube,altered
fr,nucléaire,es,nuclear,altered
fr,nudité,es,desnudez,altered
fr,nul,es,nulo,altered
fr,nulle,es,nulo,transparent
fr,nullité,es,nulidad,transparent
fr,numero,es,número,transparent
fr,numération,es,numeración,transparent
fr,numérique,es,numérico,transparent
fr,numéro,es,número,transparent
fr,numéroter,es,numerar,transparent
fr,nuque,es,nuca,altered
fr,nutriment,es,nutriente,altered
fr,nutritif,es,nutritivo,transparent
fr,nutrition,es,nutrición,transparent
fr,nutritionnel,es,nutricional,altered
fr,nymphe,es,ninfa,altered
fr,nègre,es,negro,altered
fr,nébuleuse,es,nebulosa,transparent
fr,nécessaire,es,necesario,transparent
fr,nécessairement,es,necesariamente,transparent
fr,nécessiter,es,necesitar,altered
fr,nécessiteux,es,necesitado,altered
fr,nécessité,es,necesidad,transparent
fr,néerlandais,es,neerlandés,transparent
fr,néfaste,es,nefasto,transparent
fr,négatif,es,negativo,transparent
fr,négation,es,negación,transparent
fr,négative,es,negativa,transparent
fr,négativement,es,negativamente,altered
fr,négligence,es,negligencia,altered
fr,négociable,es,negociable,transparent
fr,négociant,es,negociante,transparent
fr,négociateur,es,negociador,transparent
fr,négociation,es,negociación,transparent
fr,négocier,es,negociar,transparent
fr,néolibéral,es,neoliberal,transparent
fr,néolibéralisme,es,neoliberalismo,transparent
fr,néonazi,es,neonazi,transparent
fr,népotisme,es,nepotismo,transparent
fr,nôtre,es,nuestro,altered
fr,nœud,es,nudo,transparent
fr,nœuds,es,nudo,altered
fr,oasis,es,oasis,transparent
fr,objecter,es,objetar,altered
fr,objectif,es,objetivo,transparent
fr,objection,es,objeción,transparent
fr,objectivement,es,objetivamente,transparent
fr,objectiver,es,objetivar,transparent
fr,objectivité,es,objetividad,transparent
fr,objet,es,objeto,transparent
fr,obligation,es,obligación,transparent
fr,obligatoire,es,obligatorio,transparent
fr,obligatoirement,es,obligatoriamente,transparent
fr,obliger,es,obligar,altered
fr,obligé,es,obligado,transparent
fr,obscur,es,oscuro,altered
fr,obscurité,es,oscuridad,altered
fr,obscène,es,obsceno,altered
fr,observant,es,observante,transparent
fr,observateur,es,observador,altered
fr,observation,es,observación,transparent
fr,observatoire,es,observatorio,transparent
fr,observer,es,observar,transparent
fr,observé,es,observar,transparent
fr,obsessif,es,obsesivo,transparent
fr,obsession,es,obsesión,transparent
fr,obsolète,es,obsoleto,transparent
fr,obstacle,es,obstáculo,transparent
fr,obstiner,es,obstinar,transparent
fr,obstruction,es,obstrucción,transparent
fr,obséder,es,obsesionar,altered
fr,obsédé,es,obsesionar,transparent
fr,obtenir,es,obtener,transparent
fr,obtention,es,obtención,transparent
fr,obus,es,obús,transparent
fr,obèse,es,obeso,altered
fr,obéir,es,obedecer,altered
fr,obéissance,es,obediencia,altered
fr,obéissant,es,obediente,altered
fr,obélisque,es,obelisco,transparent
fr,obésité,es,obesidad,transparent
fr,occasion,es,ocasión,transparent
fr,occasionnel,es,ocasional,transparent
fr,occasionnellement,es,ocasionalmente,transparent
fr,occasionner,es,ocasionar,altered
fr,occident,es,occidente,transparent
fr,occidental,es,occidental,transparent
fr,occulte,es,oculto,altered
fr,occulter,es,ocultar,transparent
fr,occupant,es,ocupante,transparent
fr,occupation,es,ocupación,altered
fr,occuper,es,ocupar,transparent
fr,occupé,es,ocupar,transparent
fr,occurrence,es,ocurrencia,altered
fr,ocean,es,océano,altered
fr,octave,es,octava,transparent
fr,octobre,es,octubre,altered
fr,octroyer,es,otorgar,altered
fr,oculaire,es,ocular,transparent
fr,océan,es,océano,transparent
fr,océanique,es,oceánico,transparent
fr,ode,es,oda,transparent
fr,odieux,es,odioso,altered
fr,odontologie,es,odontología,transparent
fr,odyssée,es,odisea,altered
fr,oeuvrer,es,obrar,altered
fr,offense,es,ofensa,transparent
fr,offensif,es,ofensivo,transparent
fr,offensive,es,ofensiva,altered
fr,officiel,es,oficial,altered
fr,officiellement,es,oficialmente,transparent
fr,officier,es,oficial,transparent
fr,offline,es,offline,transparent
fr,offrande,es,ofrenda,altered
fr,offre,es,oferta,altered
fr,offrir,es,ofrecer,altered
fr,oh,es,oh,transparent
fr,oisif,es,ocioso,altered
fr,ok,es,ok,transparent
fr,okay,es,okey,transparent
fr,olfaction,es,olfato,altered
fr,oligarchie,es,oligarquía,altered
fr,oligarque,es,oligarca,transparent
fr,olive,es,oliva,transparent
fr,olivier,es,olivera,altered
fr,olla,es,olla,transparent
fr,olympe,es,olimpo,altered
fr,olympia,es,olimpia,transparent
fr,olympiade,es,olimpiada,altered
fr,olympique,es,olímpico,altered
fr,ombilic,es,ombligo,altered
fr,ombre,es,sombra,altered
fr,ombrelle,es,sombrilla,altered
fr,omega,es,omega,transparent
fr,omettre,es,omitir,altered
fr,omis,es,omitir,altered
fr,omission,es,omisión,transparent
fr,omnibus,es,ómnibus,transparent
fr,oméga,es,omega,transparent
fr,onde,es,onda,transparent
fr,ondulant,es,ondulante,altered
fr,onduler,es,ondular,transparent
fr,online,es,online,transparent
fr,onu,es,onu,transparent
fr,onze,es,once,altered
fr,onéreux,es,oneroso,altered
fr,opaque,es,opaco,transparent
fr,opera,es,ópera,transparent
fr,opiner,es,opinar,transparent
fr,opinion,es,opinión,transparent
fr,opium,es,opio,altered
fr,opportun,es,oportuno,altered
fr,opportuniste,es,oportunista,transparent
fr,opportunité,es,oportunidad,transparent
fr,opportunément,es,oportunamente,altered
fr,opposant,es,opositor,altered
fr,opposer,es,oponer,transparent
fr,opposition,es,oposición,transparent
fr,opposé,es,oponer,altered
fr,oppresseur,es,opresor,altered
fr,oppression,es,opresión,altered
fr,opprimer,es,oprimir,transparent
fr,opter,es,optar,transparent
fr,optimisation,es,optimización,transparent
fr,optimiser,es,optimizar,altered
fr,optimisme,es,optimismo,transparent
fr,optimiste,es,optimista,transparent
fr,option,es,opción,transparent
fr,optionnel,es,opcional,altered
fr,optique,es,óptica,transparent
fr,opus,es,opus,transparent
fr,opéra,es,ópera,transparent
fr,opérande,es,operando,altered
fr,opérant,es,operante,transparent
fr,opérateur,es,operador,transparent
fr,opération,es,operación,transparent
fr,opérationnel,es,operativo,altered
fr,opératoire,es,operatorio,transparent
fr,opérer,es,operar,altered
fr,or,es,oro,altered
fr,oracle,es,oráculo,transparent
fr,oraison,es,oración,altered
fr,oral,es,oral,transparent
fr,orale,es,oral,transparent
fr,orateur,es,orador,altered
fr,oratoire,es,oratorio,transparent
fr,orbe,es,orbe,transparent
fr,orbite,es,órbita,transparent
fr,orbiter,es,orbitar,transparent
fr,orchestre,es,orquesta,altered
fr,orchestrer,es,orquestar,transparent
fr,orchidée,es,orquídea,altered
fr,ordinaire,es,ordinario,transparent
fr,ordination,es,ordenación,transparent
fr,ordonnance,es,ordenanza,transparent
fr,ordonner,es,ordenar,transparent
fr,ordonné,es,ordenar,altered
fr,ordre,es,orden,altered
fr,oreille,es,oreja,altered
fr,organe,es,órgano,transparent
fr,organique,es,orgánico,transparent
fr,organisateur,es,organizador,transparent
fr,organisation,es,organización,transparent
fr,organisationnel,es,organizacional,transparent
fr,organiser,es,organizar,transparent
fr,organisme,es,organismo,transparent
fr,organisé,es,organizar,transparent
fr,orgasme,es,orgasmo,transparent
fr,orgie,es,orgía,transparent
fr,orgue,es,órgano,altered
fr,orgueil,es,orgullo,altered
fr,orgueilleux,es,orgulloso,altered
fr,orient,es,oriente,altered
fr,oriental,es,oriental,transparent
fr,orientation,es,orientación,transparent
fr,orienter,es,orientar,altered
fr,orienté,es,orientar,transparent
fr,orifice,es,orificio,transparent
fr,originaire,es,originario,transparent
fr,original,es,original,transparent
fr,originalement,es,originalmente,transparent
fr,originalité,es,originalidad,transparent
fr,origine,es,origen,transparent
fr,originel,es,original,altered
fr,orme,es,olmo,altered
fr,ornement,es,ornamento,transparent
fr,orner,es,adornar,altered
fr,orné,es,ornar,transparent
fr,orphelinat,es,orfanato,altered
fr,orthodoxe,es,ortodoxo,transparent
fr,orthographe,es,ortografía,transparent
fr,orthographique,es,ortográfico,transparent
fr,osciller,es,oscilar,altered
fr,oser,es,osar,transparent
fr,osseux,es,óseo,transparent
fr,osé,es,osado,altered
fr,ottoman,es,otomano,altered
fr,ou,es,o,altered
fr,oubli,es,olvido,altered
fr,oublier,es,olvidar,altered
fr,ouest,es,oeste,transparent
fr,ouganda,es,uganda,altered
fr,ouragan,es,huracán,altered
fr,output,es,output,transparent
fr,outrage,es,ultraje,altered
fr,outremer,es,ultramar,altered
fr,ouvertement,es,abiertamente,altered
fr,ouverture,es,abertura,altered
fr,ouvrage,es,obra,altered
fr,ouvrer,es,obrar,altered
fr,ouvrier,es,obrero,altered
fr,ouïr,es,oír,altered
fr,ovaire,es,ovario,altered
fr,ovale,es,ovalar,altered
fr,ovation,es,ovación,transparent
fr,overdose,es,sobredosis,altered
fr,ovni,es,ovni,transparent
fr,ovule,es,óvulo,altered
fr,oxyde,es,óxido,altered
fr,oxyder,es,oxidar,transparent
fr,oxygène,es,oxígeno,transparent
fr,oxygéner,es,oxigenar,transparent
fr,pacha,es,pachá,transparent
fr,pacifier,es,pacificar,transparent
fr,pacifique,es,pacífico,altered
fr,pacifiquement,es,pacíficamente,transparent
fr,pacifiste,es,pacifista,altered
fr,pacte,es,pacto,transparent
fr,page,es,página,altered
fr,paie,es,paga,altered
fr,pain,es,pan,altered
fr,pair,es,par,altered
fr,paisible,es,apacible,altered
fr,paix,es,paz,altered
fr,pakistan,es,pakistán,transparent
fr,pakistanais,es,pakistaní,transparent
fr,palace,es,palacio,altered
fr,palais,es,palacio,altered
fr,palestine,es,palestino,transparent
fr,palestinien,es,palestino,altered
fr,palette,es,paleta,altered
fr,palis,es,palo,altered
fr,pallier,es,paliar,altered
fr,palmarès,es,palmarés,transparent
fr,palme,es,palma,transparent
fr,palmier,es,palmera,transparent
fr,palpable,es,palpable,transparent
fr,palper,es,palpar,altered
fr,pampa,es,pampa,transparent
fr,pamphlet,es,panfleto,altered
fr,pan,es,pan,transparent
fr,panama,es,panamá,transparent
fr,panaméen,es,panameño,altered
fr,panaméricain,es,panamericano,altered
fr,pancarte,es,pancarta,transparent
fr,panda,es,panda,transparent
fr,pandore,es,pandora,transparent
fr,pandémie,es,pandemia,transparent
fr,panel,es,panel,transparent
fr,panier,es,panera,altered
fr,panique,es,pánico,transparent
fr,panneau,es,panel,altered
fr,panorama,es,panorama,transparent
fr,panoramique,es,panorámica,transparent
fr,pantalon,es,pantalón,transparent
fr,panthère,es,pantera,altered
fr,panthéon,es,panteón,transparent
fr,pantoufle,es,pantufla,transparent
fr,papa,es,papá,transparent
fr,papal,es,papal,transparent
fr,pape,es,papa,altered
fr,papeterie,es,papelera,altered
fr,papi,es,papi,transparent
fr,papier,es,papel,altered
fr,papouasie,es,papúa,altered
fr,paquet,es,paquete,transparent
fr,par,es,par,transparent
fr,para,es,para,transparent
fr,parabole,es,parábola,transparent
fr,parachute,es,paracaídas,altered
fr,parachutiste,es,paracaidista,altered
fr,parade,es,parada,altered
fr,paradigme,es,paradigma,transparent
fr,paradis,es,paraíso,altered
fr,paradoxal,es,paradójico,altered
fr,paradoxalement,es,paradójicamente,altered
fr,paradoxe,es,paradoja,altered
fr,parage,es,paraje,altered
fr,paragraphe,es,párrafo,altered
fr,parallèle,es,paralelo,transparent
fr,parallèlement,es,paralelamente,altered
fr,parallélisme,es,paralelismo,transparent
fr,paralympique,es,paralímpico,altered
fr,paralyser,es,paralizar,altered
fr,paralysie,es,parálisis,altered
fr,paralysé,es,paralizar,transparent
fr,paramilitaire,es,paramilitar,transparent
fr,paramètre,es,parámetro,altered
fr,paramédical,es,paramédico,altered
fr,paranormal,es,paranormal,transparent
fr,paranoïa,es,paranoia,transparent
fr,paranoïaque,es,paranoico,altered
fr,parapluie,es,paraguas,altered
fr,parasite,es,parásito,altered
fr,paraître,es,parecer,transparent
fr,parc,es,parque,altered
fr,parcelle,es,parcela,altered
fr,parchemin,es,pergamino,altered
fr,parcourir,es,recorrer,altered
fr,pard,es,pardo,altered
fr,pardon,es,perdón,altered
fr,pardonner,es,perdonar,altered
fr,pareil,es,pareja,altered
fr,parental,es,parental,transparent
fr,parenthèse,es,paréntesis,altered
fr,parer,es,parar,altered
fr,paresse,es,pereza,altered
fr,paresseux,es,perezoso,altered
fr,parfaitement,es,perfectamente,altered
fr,parfum,es,perfume,transparent
fr,parfumer,es,perfumar,altered
fr,paria,es,paria,transparent
fr,parisien,es,parisino,altered
fr,paritaire,es,paritario,transparent
fr,parité,es,paridad,transparent
fr,parking,es,parking,transparent
fr,parlant,es,parlante,transparent
fr,parlement,es,parlamento,altered
fr,parlementaire,es,parlamentario,transparent
fr,parler,es,parlar,transparent
fr,parodie,es,parodia,altered
fr,paroi,es,pared,altered
fr,paroisse,es,parroquia,altered
fr,paroissial,es,parroquial,altered
fr,parquet,es,parqué,transparent
fr,parrain,es,padrino,altered
fr,parrainage,es,padrinazgo,altered
fr,part,es,parte,transparent
fr,partagé,es,compartir,altered
fr,parti,es,partido,altered
fr,partialité,es,parcialidad,altered
fr,participant,es,participante,transparent
fr,participatif,es,participativo,transparent
fr,participation,es,participación,transparent
fr,participe,es,partícipe,transparent
fr,participer,es,participar,transparent
fr,particularité,es,particularidad,transparent
fr,particule,es,partícula,altered
fr,particulier,es,particular,transparent
fr,particulièrement,es,particularmente,transparent
fr,partie,es,parte,transparent
fr,partielle,es,parcial,altered
fr,partiellement,es,parcialmente,altered
fr,partir,es,parte,transparent
fr,partisan,es,partidario,altered
fr,partition,es,partitura,altered
fr,pas,es,paso,altered
fr,passage,es,pasaje,transparent
fr,passager,es,pasajero,transparent
fr,passant,es,pasante,transparent
fr,passe,es,pasa,transparent
fr,passeport,es,pasaporte,altered
fr,passer,es,pasar,transparent
fr,passerelle,es,pasarela,altered
fr,passeur,es,pasador,altered
fr,passif,es,pasivo,altered
fr,passion,es,pasión,transparent
fr,passionnant,es,apasionante,altered
fr,passionnel,es,pasional,altered
fr,passionner,es,apasionar,altered
fr,passionné,es,apasionar,altered
fr,passiver,es,pasiva,transparent
fr,passivité,es,pasividad,altered
fr,passé,es,pasado,altered
fr,passée,es,pasada,transparent
fr,pastel,es,pastel,transparent
fr,pasteur,es,pastor,altered
fr,pastille,es,pastilla,transparent
fr,pastoral,es,pastoral,transparent
fr,pastorale,es,pastoril,altered
fr,patate,es,patata,transparent
fr,paternel,es,paterno,altered
fr,paternité,es,paternidad,transparent
fr,pathogène,es,patógeno,altered
fr,pathologie,es,patología,altered
fr,pathologique,es,patológico,altered
fr,pathétique,es,patético,transparent
fr,patiemment,es,pacientemente,altered
fr,patience,es,paciencia,transparent
fr,patient,es,paciente,altered
fr,patinage,es,patinaje,transparent
fr,patiner,es,patinar,transparent
fr,patio,es,patio,transparent
fr,patriarcal,es,patriarcal,transparent
fr,patriarcat,es,patriarcado,altered
fr,patriarche,es,patriarca,altered
fr,patricien,es,patricio,altered
fr,patrie,es,patria,transparent
fr,patrimoine,es,patrimonio,altered
fr,patrimonial,es,patrimonial,transparent
fr,patriote,es,patriota,altered
fr,patriotique,es,patriótico,altered
fr,patriotisme,es,patriotismo,transparent
fr,patron,es,patrón,transparent
fr,patronage,es,patrocinio,altered
fr,patronal,es,patronal,transparent
fr,patronat,es,patronato,transparent
fr,patronne,es,patrón,transparent
fr,patronner,es,patrocinar,altered
fr,patrouille,es,patrulla,altered
fr,patrouiller,es,patrullar,transparent
fr,patte,es,pata,transparent
fr,pause,es,pausa,transparent
fr,pauser,es,pausar,transparent
fr,pauvre,es,pobre,altered
fr,paver,es,pavimentar,altered
fr,pavillon,es,pabellón,altered
fr,paye,es,paga,altered
fr,payer,es,pagar,altered
fr,pays,es,país,altered
fr,paysage,es,paisaje,altered
fr,paysan,es,paisano,altered
fr,paître,es,pacer,altered
fr,païen,es,pagano,altered
fr,peau,es,piel,altered
fr,peigner,es,peinar,transparent
fr,peigné,es,peinado,altered
fr,peindre,es,pintar,altered
fr,peine,es,pena,altered
fr,peintre,es,pintor,altered
fr,peinture,es,pintura,altered
fr,pellicule,es,película,altered
fr,pelote,es,pelota,altered
fr,peloton,es,pelotón,transparent
fr,pelouse,es,pelusa,altered
fr,peluche,es,peluche,transparent
fr,penalty,es,penalti,altered
fr,penchant,es,pendiente,altered
fr,pencher,es,pender,altered
fr,pendre,es,pender,transparent
fr,penser,es,pensar,transparent
fr,penseur,es,pensador,altered
fr,pensif,es,pensativo,altered
fr,pension,es,pensión,altered
fr,pensionné,es,pensionista,altered
fr,pensée,es,pensar,altered
fr,pentagone,es,pentágono,transparent
fr,pente,es,pendiente,altered
fr,people,es,people,transparent
fr,pepper,es,pepper,transparent
fr,perception,es,percepción,transparent
fr,percevoir,es,percibir,altered
fr,perche,es,percha,transparent
fr,percussion,es,percusión,transparent
fr,perdant,es,perdedor,altered
fr,perdition,es,perdición,transparent
fr,perdre,es,perder,altered
fr,perdrix,es,perdiz,altered
fr,perdu,es,perdido,transparent
fr,perdurer,es,perdurar,transparent
fr,pere,es,padre,altered
fr,perfection,es,perfección,transparent
fr,perfectionnement,es,perfeccionamiento,transparent
fr,perfectionner,es,perfeccionar,transparent
fr,perforation,es,perforación,transparent
fr,perforer,es,perforar,transparent
fr,performance,es,performance,transparent
fr,perle,es,perla,transparent
fr,permanence,es,permanencia,transparent
fr,permanent,es,permanente,transparent
fr,permanente,es,permanente,transparent
fr,permettre,es,permitir,altered
fr,permis,es,permiso,transparent
fr,permission,es,permiso,transparent
fr,perpendiculaire,es,perpendicular,transparent
fr,perplexe,es,perplejo,transparent
fr,perpétrer,es,perpetrar,altered
fr,perpétuel,es,perpetuo,altered
fr,perpétuer,es,perpetuar,altered
fr,perpétuité,es,perpetuidad,transparent
fr,perruque,es,peluca,altered
fr,persan,es,persa,altered
fr,perse,es,persia,altered
fr,persienne,es,persiana,transparent
fr,persil,es,perejil,altered
fr,persistance,es,persistencia,transparent
fr,persistant,es,persistente,altered
fr,persistent,es,persistente,transparent
fr,persister,es,persistir,transparent
fr,personnage,es,personaje,transparent
fr,personnaliser,es,personalizar,transparent
fr,personnalisé,es,personalizar,transparent
fr,personnalité,es,personalidad,transparent
fr,personne,es,persona,altered
fr,personnel,es,personal,transparent
fr,personnellement,es,personalmente,transparent
fr,personnifier,es,personificar,transparent
fr,perspective,es,perspectiva,transparent
fr,persuader,es,persuadir,altered
fr,persuadé,es,persuadir,transparent
fr,persécution,es,persecución,transparent
fr,persévérance,es,perseverancia,transparent
fr,perte,es,pérdida,altered
fr,pertinence,es,pertinencia,transparent
fr,pertinent,es,pertinente,transparent
fr,perturbateur,es,perturbador,transparent
fr,perturbation,es,perturbación,transparent
fr,perturber,es,perturbar,transparent
fr,perturbé,es,perturbar,transparent
fr,pervers,es,perverso,altered
fr,perversion,es,perversión,transparent
fr,perversité,es,perversidad,altered
fr,pervertir,es,pervertir,transparent
fr,pesant,es,pesado,altered
fr,peseta,es,peseta,transparent
fr,pessimisme,es,pesimismo,transparent
fr,pessimiste,es,pesimista,altered
fr,peste,es,peste,transparent
fr,pesticide,es,pesticida,transparent
fr,petit,es,petit,transparent
fr,peuple,es,pueblo,altered
fr,phalange,es,falange,altered
fr,pharaon,es,faraón,altered
fr,phare,es,faro,altered
fr,pharmaceutique,es,farmacéutico,altered
fr,pharmacie,es,farmacia,altered
fr,pharmacien,es,farmacéutico,altered
fr,phase,es,fase,transparent
fr,philippin,es,filipino,altered
fr,philologie,es,filología,altered
fr,philosophe,es,filósofo,altered
fr,philosophie,es,filosofía,altered
fr,philosophique,es,filosófico,transparent
fr,phobie,es,fobia,altered
fr,phoenix,es,fénix,altered
fr,phoque,es,foca,altered
fr,phosphore,es,fósforo,altered
fr,photo,es,foto,transparent
fr,photocopie,es,fotocopia,altered
fr,photographe,es,fotógrafo,altered
fr,photographie,es,fotografía,altered
fr,photographier,es,fotografiar,altered
fr,photographique,es,fotográfico,altered
fr,phrase,es,frase,altered
fr,physicien,es,físico,transparent
fr,physiologie,es,fisiología,altered
fr,physiologique,es,fisiológico,altered
fr,physique,es,física,altered
fr,physiquement,es,físicamente,altered
fr,phénix,es,fénix,altered
fr,phénomène,es,fenómeno,altered
fr,phénoménal,es,fenomenal,transparent
fr,pianiste,es,pianista,transparent
fr,piano,es,piano,transparent
fr,pic,es,pico,transparent
fr,pictural,es,pictórico,altered
fr,pied,es,pie,altered
fr,pigment,es,pigmento,transparent
fr,pignon,es,piñón,transparent
fr,pile,es,pila,transparent
fr,pilier,es,pilar,altered
fr,pillage,es,pillaje,altered
fr,pillard,es,pillo,altered
fr,pilot,es,pilot,transparent
fr,pilotage,es,pilotaje,transparent
fr,pilote,es,piloto,altered
fr,piloter,es,pilotar,transparent
fr,piment,es,pimiento,transparent
fr,pin,es,pino,altered
fr,pinata,es,piñata,transparent
fr,pince,es,pinza,altered
fr,pinceau,es,pincel,altered
fr,pincer,es,pinchar,altered
fr,pingouin,es,pingüino,altered
fr,pinte,es,pinta,altered
fr,pion,es,peón,altered
fr,pionnier,es,pionero,altered
fr,pip,es,pip,transparent
fr,pipi,es,pipí,transparent
fr,piquant,es,picante,altered
fr,pique,es,pique,transparent
fr,piqué,es,piqué,transparent
fr,piqûre,es,picadura,altered
fr,piranha,es,piraña,transparent
fr,piratage,es,piratería,altered
fr,pirate,es,pirata,transparent
fr,pirater,es,piratear,transparent
fr,piraterie,es,piratería,transparent
fr,pire,es,peor,altered
fr,pis,es,pis,transparent
fr,piste,es,pista,transparent
fr,pistolet,es,pistola,altered
fr,piston,es,pistón,transparent
fr,pittoresque,es,pintoresco,altered
fr,pivot,es,pivote,altered
fr,pixel,es,píxel,transparent
fr,pizza,es,pizza,transparent
fr,pizzeria,es,pizzería,transparent
fr,pièce,es,pieza,altered
fr,piédestal,es,pedestal,transparent
fr,piémont,es,piamonte,transparent
fr,piéton,es,peatón,altered
fr,piétonnier,es,peatonal,altered
fr,piété,es,piedad,altered
fr,place,es,plaza,altered
fr,placidement,es,plácidamente,altered
fr,plafond,es,plafón,altered
fr,plage,es,playa,altered
fr,plagiat,es,plagio,altered
fr,plaire,es,placer,altered
fr,plaisant,es,placentero,altered
fr,plaisir,es,placer,altered
fr,plait,es,placer,transparent
fr,plan,es,plan,transparent
fr,planche,es,plancha,altered
fr,plane,es,plano,altered
fr,planification,es,planificación,transparent
fr,planifier,es,planificar,transparent
fr,plant,es,plantío,transparent
fr,plantation,es,plantación,transparent
fr,plante,es,planta,altered
fr,planter,es,plantear,altered
fr,planté,es,plantar,altered
fr,planète,es,planeta,altered
fr,planétaire,es,planetario,transparent
fr,planétarium,es,planetario,altered
fr,plaque,es,placa,altered
fr,plasma,es,plasma,transparent
fr,plastique,es,plástico,transparent
fr,plat,es,plato,altered
fr,plateau,es,plató,altered
fr,plateforme,es,plataforma,altered
fr,platine,es,platino,altered
fr,platonique,es,platónico,transparent
fr,plausible,es,plausible,transparent
fr,playboy,es,playboy,transparent
fr,plaza,es,plaza,transparent
fr,plein,es,lleno,altered
fr,pleinement,es,plenamente,altered
fr,pli,es,pliegue,altered
fr,pliable,es,plegable,transparent
fr,plie,es,pliego,altered
fr,plier,es,plegar,altered
fr,plomb,es,plomo,altered
fr,plombier,es,plomero,transparent
fr,pluie,es,lluvia,altered
fr,plume,es,pluma,altered
fr,pluralisme,es,pluralismo,transparent
fr,pluralité,es,pluralidad,transparent
fr,pluriel,es,plural,altered
fr,plébiscite,es,plebiscito,transparent
fr,plébéien,es,plebeyo,altered
fr,plénier,es,plenario,altered
fr,plénitude,es,plenitud,transparent
fr,pneumatique,es,neumático,transparent
fr,pneumonie,es,neumonía,altered
fr,podcast,es,podcast,transparent
fr,podium,es,podio,transparent
fr,poignard,es,puñal,altered
fr,poil,es,pelo,altered
fr,poilu,es,peludo,altered
fr,point,es,punto,altered
fr,pointage,es,puntaje,altered
fr,pointe,es,punta,altered
fr,pointer,es,apuntar,altered
fr,pointeur,es,puntero,altered
fr,pointu,es,puntiagudo,transparent
fr,pointé,es,punteado,altered
fr,poirier,es,peral,altered
fr,poix,es,pez,altered
fr,poker,es,póker,transparent
fr,polaire,es,polar,altered
fr,polar,es,polar,transparent
fr,polarisation,es,polarización,transparent
fr,polariser,es,polarizar,transparent
fr,poli,es,pulido,altered
fr,police,es,policia,transparent
fr,policier,es,policía,transparent
fr,polir,es,pulir,altered
fr,politicien,es,político,transparent
fr,politico,es,político,transparent
fr,politique,es,política,transparent
fr,politiquement,es,políticamente,altered
fr,politiser,es,politizar,altered
fr,politologue,es,politólogo,altered
fr,pollen,es,polen,transparent
fr,pollution,es,polución,transparent
fr,polo,es,polo,transparent
fr,pologne,es,polonia,altered
fr,polonais,es,polaco,altered
fr,poly,es,poli,transparent
fr,polygone,es,polígono,altered
fr,polynésie,es,polinesio,transparent
fr,polytechnique,es,politécnico,transparent
fr,polyvalent,es,polivalente,transparent
fr,polémique,es,polémica,altered
fr,pommade,es,pomada,transparent
fr,pommette,es,pómulo,altered
fr,ponctualité,es,puntualidad,altered
fr,ponctuation,es,puntuación,altered
fr,ponctuel,es,puntual,altered
fr,ponctuellement,es,puntualmente,transparent
fr,ponctuer,es,puntuar,altered
fr,pondérer,es,ponderar,transparent
fr,poney,es,pony,transparent
fr,pont,es,puente,altered
fr,pontife,es,pontífice,altered
fr,pontifical,es,pontificio,altered
fr,pool,es,pool,transparent
fr,pop,es,pop,transparent
fr,populaire,es,popular,transparent
fr,populairement,es,popularmente,transparent
fr,populariser,es,popularizar,transparent
fr,popularité,es,popularidad,transparent
fr,population,es,población,altered
fr,populisme,es,populismo,transparent
fr,populiste,es,populista,transparent
fr,porcelaine,es,porcelana,transparent
fr,porche,es,porche,transparent
fr,pore,es,poro,transparent
fr,porn,es,porno,transparent
fr,porno,es,porno,transparent
fr,pornographie,es,pornografía,transparent
fr,pornographique,es,pornográfico,transparent
fr,port,es,puerto,altered
fr,portail,es,portal,transparent
fr,portal,es,portal,transparent
fr,portant,es,portante,transparent
fr,porte,es,porta,transparent
fr,portefeuille,es,portafolio,altered
fr,porteur,es,portador,altered
fr,porteuse,es,portador,transparent
fr,portier,es,portero,altered
fr,portion,es,porción,transparent
fr,portique,es,pórtico,altered
fr,porto,es,puerto,altered
fr,portuaire,es,portuario,altered
fr,portugais,es,portugués,transparent
fr,portugal,es,portugal,transparent
fr,porté,es,portar,altered
fr,positif,es,positivo,transparent
fr,position,es,posición,transparent
fr,positionnement,es,posicionamiento,transparent
fr,positionner,es,posicionar,transparent
fr,positivement,es,positivamente,transparent
fr,possesseur,es,poseedor,altered
fr,possession,es,posesión,transparent
fr,possibilité,es,posibilidad,altered
fr,possible,es,posible,transparent
fr,possiblement,es,posiblemente,transparent
fr,posséder,es,poseer,altered
fr,possédé,es,poseído,transparent
fr,post,es,post,transparent
fr,postal,es,postal,transparent
fr,poste,es,puesto,altered
fr,poster,es,póster,transparent
fr,posts,es,posts,transparent
fr,postulant,es,postulante,transparent
fr,postulat,es,postulado,altered
fr,postulation,es,postulación,transparent
fr,postuler,es,postular,altered
fr,posture,es,postura,transparent
fr,postérieur,es,posterior,transparent
fr,postérieurement,es,posteriormente,transparent
fr,postérité,es,posteridad,transparent
fr,posé,es,posar,transparent
fr,posée,es,posada,altered
fr,potable,es,potable,transparent
fr,potager,es,potaje,altered
fr,potassium,es,potasio,transparent
fr,pote,es,pote,transparent
fr,poteau,es,poste,altered
fr,potent,es,potente,transparent
fr,potentialité,es,potencialidad,transparent
fr,potentiel,es,potencial,altered
fr,potentiellement,es,potencialmente,transparent
fr,pou,es,piojo,altered
fr,pouf,es,puf,altered
fr,poule,es,pollo,altered
fr,poulet,es,pollo,altered
fr,poulpe,es,pulpo,altered
fr,pouls,es,pulso,altered
fr,poumon,es,pulmón,altered
fr,pour,es,por,altered
fr,pourcentage,es,porcentaje,altered
fr,pourpre,es,púrpura,altered
fr,pourri,es,podrir,altered
fr,pourrir,es,pudrir,altered
fr,pouvoir,es,poder,altered
fr,poème,es,poema,altered
fr,poète,es,poeta,altered
fr,poésie,es,poesía,altered
fr,poétique,es,poética,transparent
fr,pragmatique,es,pragmático,transparent
fr,prairie,es,pradera,altered
fr,praticien,es,practicante,altered
fr,pratiquant,es,practicante,transparent
fr,pratique,es,práctica,transparent
fr,pratiquement,es,prácticamente,altered
fr,pratiquer,es,practicar,transparent
fr,praxis,es,praxis,transparent
fr,premier,es,primero,altered
fr,premiere,es,primera,transparent
fr,premium,es,premium,transparent
fr,premièrement,es,primeramente,altered
fr,prescription,es,prescripción,transparent
fr,prescrire,es,prescribir,altered
fr,present,es,presente,transparent
fr,president,es,presidente,transparent
fr,press,es,press,transparent
fr,presse,es,prensa,altered
fr,pressentir,es,presentir,altered
fr,presser,es,presionar,altered
fr,pression,es,presión,transparent
fr,pressé,es,prensado,altered
fr,pressée,es,presionar,altered
fr,prestataire,es,prestador,altered
fr,prestation,es,prestación,transparent
fr,preste,es,presto,transparent
fr,prester,es,prestar,transparent
fr,prestige,es,prestigio,transparent
fr,prestigieux,es,prestigioso,altered
fr,preuve,es,prueba,altered
fr,prieur,es,prior,transparent
fr,prieuré,es,priorato,altered
fr,primaire,es,primario,altered
fr,primevère,es,primavera,altered
fr,primitif,es,primitivo,transparent
fr,primo,es,primo,transparent
fr,primordial,es,primordial,transparent
fr,prince,es,príncipe,altered
fr,princesse,es,princesa,altered
fr,principal,es,principal,transparent
fr,principale,es,principal,transparent
fr,principalement,es,principalmente,transparent
fr,principauté,es,principado,altered
fr,principe,es,príncipe,transparent
fr,priori,es,priori,transparent
fr,prioriser,es,priorizar,altered
fr,prioritaire,es,prioritario,transparent
fr,priorité,es,prioridad,transparent
fr,prisme,es,prisma,transparent
fr,prison,es,prisión,transparent
fr,prisonnier,es,preso,altered
fr,privation,es,privación,transparent
fr,privatisation,es,privatización,transparent
fr,privatiser,es,privatizar,transparent
fr,priver,es,privar,transparent
fr,privilège,es,privilegio,transparent
fr,privilégier,es,privilegiar,transparent
fr,privilégié,es,privilegiado,transparent
fr,privé,es,privado,altered
fr,prix,es,precio,altered
fr,pro,es,pro,transparent
fr,probabilité,es,probabilidad,transparent
fr,probable,es,probable,transparent
fr,probablement,es,probablemente,transparent
fr,probleme,es,problema,transparent
fr,problemes,es,problema,transparent
fr,problème,es,problema,transparent
fr,problématique,es,problemática,altered
fr,processeur,es,procesador,altered
fr,procession,es,procesión,transparent
fr,prochain,es,próximo,altered
fr,prochainement,es,próximamente,altered
fr,proche,es,próximo,altered
fr,proclamation,es,proclama,altered
fr,proclamer,es,proclamar,transparent
fr,procurateur,es,procurador,altered
fr,procuration,es,procuración,transparent
fr,procureur,es,procurador,transparent
fr,procéder,es,proceder,transparent
fr,procédural,es,procesal,altered
fr,procédure,es,procedimiento,altered
fr,procédé,es,procedimiento,altered
fr,prod,es,producción,altered
fr,prodige,es,prodigio,altered
fr,producteur,es,productor,altered
fr,productif,es,productivo,transparent
fr,production,es,producción,transparent
fr,productivité,es,productividad,transparent
fr,produire,es,producir,altered
fr,produit,es,producto,altered
fr,prof,es,profe,transparent
fr,profaner,es,profanar,transparent
fr,professer,es,profesar,transparent
fr,professeur,es,profesor,transparent
fr,profession,es,profesión,transparent
fr,professionnalisme,es,profesionalismo,transparent
fr,professionnalité,es,profesionalidad,altered
fr,professionnel,es,profesional,transparent
fr,professionnellement,es,profesionalmente,altered
fr,professorat,es,profesorado,altered
fr,profil,es,perfil,altered
fr,profond,es,profundo,transparent
fr,profondeur,es,profundidad,altered
fr,profondément,es,profundamente,altered
fr,programmateur,es,programador,transparent
fr,programmation,es,programación,transparent
fr,programmatique,es,programático,transparent
fr,programme,es,programa,transparent
fr,programmer,es,programar,transparent
fr,programmé,es,programar,transparent
fr,progresser,es,progresar,transparent
fr,progressif,es,progresivo,altered
fr,progression,es,progresión,transparent
fr,progressisme,es,progresismo,altered
fr,progressiste,es,progresista,altered
fr,progressivement,es,progresivamente,transparent
fr,progrès,es,progreso,altered
fr,progéniture,es,progenitor,transparent
fr,prohiber,es,prohibir,transparent
fr,prohibition,es,prohibición,transparent
fr,proie,es,presa,transparent
fr,projecteur,es,proyector,altered
fr,projectile,es,proyectil,altered
fr,projection,es,proyección,transparent
fr,projet,es,proyecto,altered
fr,projeter,es,proyectar,transparent
fr,projeté,es,proyectar,transparent
fr,prolifique,es,prolífico,transparent
fr,prolifération,es,proliferación,transparent
fr,proliférer,es,proliferar,transparent
fr,prologue,es,prólogo,transparent
fr,prolongation,es,prolongación,transparent
fr,prolonge,es,prolongar,altered
fr,prolonger,es,prolongar,altered
fr,prolongé,es,prolongar,transparent
fr,prolétaire,es,proletario,transparent
fr,prolétariat,es,proletariado,altered
fr,promesse,es,promesa,altered
fr,prometteur,es,prometedor,transparent
fr,promettre,es,prometer,altered
fr,promis,es,prometido,altered
fr,promo,es,promo,transparent
fr,promoteur,es,promotor,altered
fr,promotion,es,promoción,transparent
fr,promotionnel,es,promocional,transparent
fr,promouvoir,es,promover,altered
fr,prompt,es,pronto,altered
fr,promulgation,es,promulgación,transparent
fr,promulguer,es,promulgar,transparent
fr,pronom,es,pronombre,altered
fr,prononcer,es,pronunciar,altered
fr,prononciation,es,pronunciación,altered
fr,prononcé,es,pronunciar,altered
fr,pronostic,es,pronóstico,altered
fr,pronostiquer,es,pronosticar,altered
fr,propagande,es,propaganda,transparent
fr,propagation,es,propagación,transparent
fr,propager,es,propagar,transparent
fr,prophète,es,profeta,altered
fr,prophétie,es,profecía,altered
fr,prophétiser,es,profetizar,altered
fr,propice,es,propicio,altered
fr,proportion,es,proporción,altered
fr,proportionnel,es,proporcional,transparent
fr,proportionner,es,proporcionar,altered
fr,propos,es,propósito,altered
fr,proposant,es,proponente,altered
fr,proposer,es,proponer,transparent
fr,proposition,es,propuesta,altered
fr,proposé,es,proponer,altered
fr,propre,es,propio,altered
fr,proprement,es,propiamente,transparent
fr,propriétaire,es,propietario,transparent
fr,propriété,es,propiedad,transparent
fr,propulser,es,propulsar,transparent
fr,propulseur,es,propulsor,altered
fr,propulsion,es,propulsión,transparent
fr,prorogation,es,prórroga,altered
fr,proroger,es,prorrogar,altered
fr,prose,es,prosa,altered
fr,prospect,es,prospecto,transparent
fr,prospectus,es,prospecto,altered
fr,prospère,es,próspero,altered
fr,prospérer,es,prosperar,transparent
fr,prospérité,es,prosperidad,altered
fr,prostate,es,próstata,altered
fr,prostitution,es,prostitución,transparent
fr,prostituée,es,prostituta,altered
fr,protagoniste,es,protagonista,transparent
fr,protecteur,es,protector,transparent
fr,protection,es,protección,transparent
fr,protestant,es,protestante,transparent
fr,protestantisme,es,protestantismo,transparent
fr,protester,es,protestar,transparent
fr,prothèse,es,prótesis,transparent
fr,protocole,es,protocolo,transparent
fr,prototype,es,prototipo,transparent
fr,protéger,es,proteger,altered
fr,protégé,es,protegido,transparent
fr,protéine,es,proteína,altered
fr,proue,es,proa,altered
fr,prouvé,es,probar,altered
fr,provenir,es,provenir,transparent
fr,proverbe,es,proverbio,altered
fr,providence,es,providencia,transparent
fr,province,es,provincia,transparent
fr,provincial,es,provincial,transparent
fr,provision,es,provisión,transparent
fr,provisoire,es,provisional,altered
fr,provisoirement,es,provisionalmente,transparent
fr,provocateur,es,provocador,transparent
fr,provocation,es,provocación,transparent
fr,provoquer,es,provocar,transparent
fr,provoqué,es,provocar,altered
fr,proximité,es,proximidad,transparent
fr,proxy,es,proxy,transparent
fr,proéminent,es,prominente,altered
fr,prudence,es,prudencia,transparent
fr,prudent,es,prudente,transparent
fr,prusse,es,prusia,transparent
fr,pré,es,prado,altered
fr,préalablement,es,previamente,altered
fr,préambule,es,preámbulo,transparent
fr,précaire,es,precario,altered
fr,précarité,es,precariedad,altered
fr,précaution,es,precaución,transparent
fr,précepte,es,precepto,altered
fr,précieuse,es,precioso,transparent
fr,précieux,es,precioso,altered
fr,précipice,es,precipicio,transparent
fr,précipitation,es,precipitación,transparent
fr,précipiter,es,precipitar,altered
fr,précipité,es,precipitado,transparent
fr,précis,es,preciso,transparent
fr,préciser,es,precisar,transparent
fr,précision,es,precisión,transparent
fr,précisément,es,precisamente,transparent
fr,précoce,es,precoz,altered
fr,préconiser,es,preconizar,transparent
fr,précurseur,es,precursor,transparent
fr,précédent,es,precedente,transparent
fr,précéder,es,preceder,transparent
fr,prédateur,es,depredador,altered
fr,prédicateur,es,predicador,altered
fr,prédication,es,predicación,altered
fr,prédiction,es,predicción,transparent
fr,prédilection,es,predilección,transparent
fr,prédire,es,predecir,altered
fr,prédominance,es,predominio,altered
fr,prédominant,es,predominante,altered
fr,prédominer,es,predominar,transparent
fr,prédécesseur,es,predecesor,transparent
fr,prédéterminer,es,predeterminar,transparent
fr,préface,es,prefacio,altered
fr,préfecture,es,prefectura,altered
fr,préfet,es,prefecto,altered
fr,préférable,es,preferible,transparent
fr,préférablement,es,preferentemente,altered
fr,préférence,es,preferencia,transparent
fr,préférent,es,preferente,transparent
fr,préférentiel,es,preferencial,transparent
fr,préférer,es,preferir,transparent
fr,préféré,es,preferir,transparent
fr,préhispanique,es,prehispánico,transparent
fr,préhistoire,es,prehistoria,transparent
fr,préhistorique,es,prehistórico,transparent
fr,préjudice,es,perjuicio,transparent
fr,préjudiciable,es,perjudicial,altered
fr,préjudicier,es,perjudicar,altered
fr,préjugé,es,prejuicio,altered
fr,préliminaire,es,preliminar,transparent
fr,prélude,es,preludio,altered
fr,prématuré,es,prematuro,altered
fr,prémisse,es,premisa,altered
fr,préméditer,es,premeditar,transparent
fr,préoccupant,es,preocupante,transparent
fr,préoccupation,es,preocupación,altered
fr,préoccuper,es,preocupar,transparent
fr,préoccupé,es,preocupar,transparent
fr,préparatif,es,preparativo,transparent
fr,préparation,es,preparación,transparent
fr,préparatoire,es,preparatorio,transparent
fr,préparer,es,preparar,transparent
fr,prérogative,es,prerrogativa,transparent
fr,préscolaire,es,preescolar,transparent
fr,présence,es,presencia,transparent
fr,présent,es,presente,altered
fr,présentable,es,presentable,transparent
fr,présentateur,es,presentador,altered
fr,présentation,es,presentación,transparent
fr,présente,es,presentar,transparent
fr,présenter,es,presentar,transparent
fr,présentiel,es,presencial,transparent
fr,préservation,es,preservación,transparent
fr,préserver,es,preservar,transparent
fr,préside,es,presidir,transparent
fr,présidence,es,presidencia,transparent
fr,président,es,presidente,transparent
fr,présidentiel,es,presidencial,altered
fr,présidentielle,es,presidencial,transparent
fr,présider,es,presidir,altered
fr,présomption,es,presunción,altered
fr,présumer,es,presumir,altered
fr,présumé,es,presunto,transparent
fr,présupposé,es,presupuesto,altered
fr,prétendant,es,pretendiente,altered
fr,prétentieux,es,pretencioso,altered
fr,prétention,es,pretensión,transparent
fr,prétexte,es,pretexto,transparent
fr,prévalence,es,prevalencia,transparent
fr,prévaloir,es,prevalecer,altered
fr,prévenir,es,prevenir,transparent
fr,préventif,es,preventivo,transparent
fr,prévention,es,prevención,transparent
fr,prévisible,es,predecible,altered
fr,prévision,es,previsión,transparent
fr,prévoir,es,prever,altered
fr,prévoyance,es,previsión,transparent
fr,prêcher,es,predicar,altered
fr,prêt,es,préstamo,altered
fr,prêter,es,prestar,transparent
fr,prêtre,es,presbítero,altered
fr,prêté,es,prestar,altered
fr,psaume,es,salmo,transparent
fr,pseudo,es,seudónimo,altered
fr,pseudonyme,es,seudónimo,altered
fr,psychanalyse,es,psicoanálisis,altered
fr,psychiatre,es,psiquiatra,altered
fr,psychiatrie,es,psiquiatría,altered
fr,psychiatrique,es,psiquiátrico,transparent
fr,psychique,es,psíquico,transparent
fr,psycho,es,psico,transparent
fr,psychologie,es,psicología,transparent
fr,psychologique,es,psicológico,altered
fr,psychologiquement,es,psicológicamente,altered
fr,psychologue,es,psicólogo,transparent
fr,psychopathe,es,psicópata,altered
fr,psychose,es,psicosis,altered
fr,puberté,es,pubertad,transparent
fr,public,es,público,transparent
fr,publication,es,publicación,transparent
fr,publiciste,es,publicista,transparent
fr,publicitaire,es,publicitario,transparent
fr,publicité,es,publicidad,transparent
fr,publier,es,publicar,altered
fr,publiquement,es,públicamente,altered
fr,pudeur,es,pudor,altered
fr,puis,es,pues,altered
fr,pull,es,pull,transparent
fr,pulmonaire,es,pulmonar,altered
fr,pulpe,es,pulpa,transparent
fr,pulsation,es,pulsación,transparent
fr,pulser,es,pulsar,transparent
fr,pulsion,es,pulsión,transparent
fr,puma,es,puma,transparent
fr,punaise,es,punzada,altered
fr,puni,es,punir,transparent
fr,punir,es,punir,transparent
fr,punk,es,punk,transparent
fr,pupille,es,pupila,altered
fr,pupitre,es,pupitre,transparent
fr,pur,es,puro,transparent
fr,purement,es,puramente,transparent
fr,pureté,es,pureza,transparent
fr,purge,es,purga,transparent
fr,purification,es,purificación,transparent
fr,purifier,es,purificar,altered
fr,purée,es,puré,transparent
fr,pus,es,pus,transparent
fr,putain,es,puta,altered
fr,puzzle,es,puzle,transparent
fr,pyjama,es,pijama,altered
fr,pyramide,es,pirámide,altered
fr,python,es,python,transparent
fr,pâle,es,pálido,altered
fr,pâques,es,pascua,altered
fr,pâte,es,pasta,altered
fr,pâtir,es,padecer,altered
fr,pâtisserie,es,pastelería,altered
fr,pâté,es,paté,transparent
fr,pèlerin,es,peregrino,altered
fr,pèlerinage,es,peregrinación,altered
fr,père,es,padre,altered
fr,péage,es,peaje,transparent
fr,pécher,es,pecar,transparent
fr,pécheur,es,pecador,altered
fr,péché,es,pecado,altered
fr,pédagogie,es,pedagogía,transparent
fr,pédagogique,es,pedagógico,transparent
fr,pédale,es,pedal,altered
fr,pédaler,es,pedalear,transparent
fr,pédophile,es,pedófilo,transparent
fr,pédophilie,es,pedofilia,transparent
fr,pénal,es,penal,transparent
fr,pénalisation,es,penalización,transparent
fr,pénaliser,es,penalizar,transparent
fr,pénalité,es,penalidad,transparent
fr,péninsulaire,es,peninsular,transparent
fr,péninsule,es,península,altered
fr,pénis,es,pene,altered
fr,pénitence,es,penitencia,transparent
fr,pénitentiaire,es,penitenciario,transparent
fr,pénombre,es,penumbra,altered
fr,pénultième,es,penúltimo,transparent
fr,pénurie,es,penuria,transparent
fr,pénétrant,es,penetrante,altered
fr,pénétration,es,penetración,transparent
fr,pénétrer,es,penetrar,transparent
fr,pénétré,es,penetrar,transparent
fr,pépin,es,pepita,transparent
fr,pépite,es,pepita,transparent
fr,pérenne,es,perenne,transparent
fr,péril,es,peligro,altered
fr,périmètre,es,perímetro,transparent
fr,période,es,período,altered
fr,périodique,es,periódico,transparent
fr,périodiquement,es,periódicamente,transparent
fr,périphérie,es,periferia,altered
fr,périphérique,es,periférico,altered
fr,péripétie,es,peripecia,transparent
fr,périr,es,perecer,altered
fr,pérou,es,perú,altered
fr,péruvien,es,peruano,altered
fr,pétale,es,pétalo,transparent
fr,pétanque,es,petanca,altered
fr,pétard,es,petardo,transparent
fr,pétition,es,petición,altered
fr,pétrole,es,petróleo,transparent
fr,pétrolier,es,petrolero,altered
fr,pêche,es,pesca,altered
fr,pêcher,es,pescar,altered
fr,pêcheur,es,pescador,altered
fr,pôle,es,polo,altered
fr,quadrant,es,cuadrante,transparent
fr,qualificatif,es,calificativo,altered
fr,qualification,es,calificación,altered
fr,qualifier,es,calificar,altered
fr,qualifié,es,calificar,altered
fr,qualitatif,es,cualitativo,altered
fr,qualité,es,calidad,altered
fr,quand,es,cuando,transparent
fr,quant,es,cuanto,altered
fr,quantifier,es,cuantificar,altered
fr,quantique,es,cuántico,transparent
fr,quantitatif,es,cuantitativo,altered
fr,quantité,es,cantidad,altered
fr,quarantaine,es,cuarentena,altered
fr,quart,es,cuarto,altered
fr,quartz,es,cuarzo,altered
fr,quasi,es,cuasi,transparent
fr,quatorze,es,catorce,altered
fr,quatre,es,cuatro,altered
fr,que,es,que,transparent
fr,quel,es,cual,transparent
fr,question,es,cuestión,transparent
fr,questionnable,es,cuestionable,transparent
fr,questionnaire,es,cuestionario,altered
fr,questionnement,es,cuestionamiento,altered
fr,questionner,es,cuestionar,altered
fr,qui,es,quién,altered
fr,quinquennat,es,quinquenio,altered
fr,quint,es,quinto,altered
fr,quinte,es,quinta,altered
fr,quinzaine,es,quincena,altered
fr,quinze,es,quince,altered
fr,quorum,es,cuórum,transparent
fr,quota,es,cuota,altered
fr,quotidien,es,cotidiano,altered
fr,quotidiennement,es,diariamente,altered
fr,québec,es,quebec,transparent
fr,quérir,es,querer,altered
fr,rabais,es,rebaja,altered
fr,rabbin,es,rabino,altered
fr,rabique,es,rabioso,altered
fr,race,es,raza,transparent
fr,racial,es,racial,transparent
fr,racine,es,raíz,altered
fr,racing,es,racing,transparent
fr,racisme,es,racismo,transparent
fr,raciste,es,racista,transparent
fr,raconter,es,contar,altered
fr,radar,es,radar,transparent
fr,rade,es,rada,transparent
fr,radial,es,radial,transparent
fr,radiation,es,radiación,transparent
fr,radical,es,radical,transparent
fr,radicalement,es,radicalmente,transparent
fr,radicalisation,es,radicalización,transparent
fr,radicalisme,es,radicalismo,transparent
fr,radio,es,radio,transparent
fr,radioactif,es,radiactivo,altered
fr,radiodiffusion,es,radiodifusión,altered
fr,radiographie,es,radiografía,transparent
fr,radiophonique,es,radiofónico,altered
fr,rafale,es,ráfaga,transparent
fr,raffiner,es,refinar,altered
fr,raffinerie,es,refinería,altered
fr,raffineur,es,refinador,altered
fr,raffiné,es,refinado,altered
fr,rafraîchir,es,refrescar,altered
fr,rafraîchissant,es,refrescante,altered
fr,raide,es,rígido,altered
fr,rail,es,riel,transparent
fr,rainure,es,ranura,altered
fr,raison,es,razón,transparent
fr,raisonnable,es,razonable,altered
fr,raisonnablement,es,razonablemente,transparent
fr,raisonnement,es,razonamiento,transparent
fr,raisonner,es,razonar,altered
fr,rajah,es,raja,altered
fr,ralentir,es,ralentizar,altered
fr,rallye,es,rally,transparent
fr,ramadan,es,ramadán,transparent
fr,rame,es,remo,altered
fr,rameau,es,rama,altered
fr,ramer,es,remar,transparent
fr,ramification,es,ramificación,transparent
fr,rampe,es,rampa,altered
fr,rance,es,rancio,altered
fr,rang,es,rango,altered
fr,rap,es,rap,transparent
fr,rapide,es,rápido,transparent
fr,rapidement,es,rápidamente,altered
fr,rapidité,es,rapidez,altered
fr,rappel,es,rappel,transparent
fr,rappeur,es,rapero,altered
fr,rapporté,es,reportar,altered
fr,rapprochement,es,acercamiento,altered
fr,rapprocher,es,aproximar,altered
fr,rapproché,es,aproximar,altered
fr,rare,es,raro,transparent
fr,rarement,es,raramente,altered
fr,rareté,es,rareza,altered
fr,raser,es,rascar,altered
fr,rat,es,rato,transparent
fr,ratification,es,ratificación,transparent
fr,ratifier,es,ratificar,transparent
fr,ratio,es,ratio,transparent
fr,ration,es,ración,transparent
fr,rationalité,es,racionalidad,transparent
fr,rationnel,es,racional,altered
fr,rationnement,es,racionamiento,transparent
fr,rationner,es,racionar,transparent
fr,rattraper,es,atrapar,altered
fr,ravitaillement,es,avituallamiento,altered
fr,rayer,es,raer,altered
fr,rayonnant,es,radiante,altered
fr,rayé,es,rayado,transparent
fr,rebelle,es,rebelde,transparent
fr,rebeller,es,rebelar,transparent
fr,rebond,es,rebote,altered
fr,rebondir,es,rebotar,altered
fr,recenser,es,censar,altered
fr,recension,es,reseña,altered
fr,recette,es,receta,transparent
fr,receveur,es,recaudador,altered
fr,recevoir,es,recibir,altered
fr,rechange,es,recambio,altered
fr,recharge,es,recarga,transparent
fr,recharger,es,recargar,transparent
fr,recherche,es,recherche,transparent
fr,reclus,es,recluso,transparent
fr,recommandable,es,recomendable,transparent
fr,recommandation,es,recomendación,transparent
fr,recommander,es,recomendar,altered
fr,recommandé,es,recomendado,altered
fr,recommencer,es,recomenzar,transparent
fr,reconnaissable,es,reconocible,altered
fr,reconnaissance,es,reconocimiento,altered
fr,reconnait,es,reconocer,transparent
fr,reconnaitre,es,reconocer,altered
fr,reconnaître,es,reconocer,altered
fr,reconquête,es,reconquista,altered
fr,reconsidérer,es,reconsiderar,transparent
fr,reconstituer,es,reconstituir,transparent
fr,reconstitution,es,reconstitución,transparent
fr,reconstruction,es,reconstrucción,transparent
fr,reconstruire,es,reconstruir,transparent
fr,reconversion,es,reconversión,transparent
fr,record,es,récord,transparent
fr,recourir,es,recurrir,altered
fr,recours,es,recurso,altered
fr,recouvert,es,recubrir,altered
fr,recouvrement,es,recubrimiento,altered
fr,recouvrer,es,recuperar,altered
fr,recouvrir,es,recubrir,transparent
fr,recrue,es,recluta,altered
fr,recrutement,es,reclutamiento,altered
fr,recruter,es,reclutar,transparent
fr,recruteur,es,reclutador,altered
fr,recréer,es,recrear,transparent
fr,rectangle,es,rectángulo,transparent
fr,rectangulaire,es,rectangular,altered
fr,recteur,es,rector,altered
fr,rectification,es,rectificación,transparent
fr,rectifier,es,rectificar,transparent
fr,rectitude,es,rectitud,transparent
fr,rectum,es,recto,altered
fr,recueil,es,recogida,altered
fr,recueilli,es,recoger,altered
fr,recueillir,es,recoger,altered
fr,reculer,es,retroceder,altered
fr,reculé,es,recular,transparent
fr,recyclage,es,reciclaje,transparent
fr,recycler,es,reciclar,transparent
fr,reddition,es,rendición,altered
fr,rediriger,es,redirigir,transparent
fr,redistribution,es,redistribución,altered
fr,refaire,es,rehacer,transparent
fr,reflet,es,reflejo,altered
fr,refléter,es,reflejar,transparent
fr,refrain,es,refrán,transparent
fr,refroidir,es,enfriar,altered
fr,refuge,es,refugio,transparent
fr,refuser,es,rehusar,altered
fr,refusé,es,rehusar,altered
fr,reggae,es,reggae,transparent
fr,region,es,región,transparent
fr,registre,es,registro,transparent
fr,regrouper,es,reagrupar,altered
fr,rein,es,riñón,altered
fr,reine,es,reina,altered
fr,relance,es,relanzamiento,altered
fr,relancer,es,relanzar,transparent
fr,relater,es,relatar,transparent
fr,relatif,es,relativo,transparent
fr,relation,es,relación,transparent
fr,relative,es,relativo,transparent
fr,relativement,es,relativamente,transparent
fr,relativité,es,relatividad,transparent
fr,relax,es,relax,transparent
fr,relaxant,es,relajante,transparent
fr,relecture,es,relectura,transparent
fr,relevance,es,relevancia,transparent
fr,relevée,es,relevar,transparent
fr,relief,es,relieve,altered
fr,religieux,es,religioso,transparent
fr,religion,es,religión,transparent
fr,relique,es,reliquia,altered
fr,relire,es,releer,transparent
fr,reluisant,es,reluciente,altered
fr,relâche,es,relajo,altered
fr,relâchement,es,relajación,altered
fr,relâcher,es,relajar,altered
fr,relâché,es,relajar,altered
fr,relève,es,relevo,transparent
fr,reléguer,es,relegar,transparent
fr,relégué,es,relegar,transparent
fr,remater,es,rematar,transparent
fr,remboursement,es,reembolso,altered
fr,rembourser,es,reembolsar,altered
fr,remettre,es,remitir,altered
fr,remix,es,remix,transparent
fr,remodelage,es,remodelación,transparent
fr,remonte,es,remonta,altered
fr,remonter,es,remontar,transparent
fr,remontée,es,remontar,altered
fr,remords,es,remordimiento,altered
fr,remorque,es,remolque,altered
fr,remplacement,es,reemplazo,altered
fr,remplacer,es,reemplazar,transparent
fr,remplaçant,es,reemplazante,transparent
fr,rempli,es,relleno,altered
fr,remplir,es,rellenar,altered
fr,remplissage,es,relleno,altered
fr,remuer,es,remover,altered
fr,remède,es,remedio,altered
fr,remédier,es,remediar,altered
fr,renaissance,es,renacimiento,altered
fr,renaître,es,renacer,transparent
fr,rencontre,es,reencuentro,transparent
fr,rencontrer,es,encontrar,altered
fr,rendant,es,rendir,altered
fr,rendement,es,rendimiento,transparent
fr,rendu,es,rendir,altered
fr,renforcer,es,reforzar,altered
fr,renfort,es,refuerzo,altered
fr,renier,es,renegar,altered
fr,renne,es,reno,altered
fr,renom,es,renombre,altered
fr,renommé,es,renombrado,altered
fr,renommée,es,renombre,altered
fr,renonce,es,renuncia,transparent
fr,renoncer,es,renunciar,altered
fr,renonciation,es,renuncia,altered
fr,renouer,es,reanudar,altered
fr,renouveau,es,renovación,altered
fr,renouvelable,es,renovable,transparent
fr,renouveler,es,renovar,altered
fr,renouvellement,es,renovación,altered
fr,rentabilité,es,rentabilidad,transparent
fr,rentable,es,rentable,transparent
fr,rente,es,renta,altered
fr,rentrant,es,entrante,transparent
fr,renverse,es,reversar,altered
fr,renvoi,es,reenvío,transparent
fr,repartir,es,repartir,transparent
fr,repasser,es,repasar,transparent
fr,repenser,es,repensar,transparent
fr,repentir,es,arrepentir,altered
fr,replet,es,repleto,altered
fr,reportage,es,reportaje,transparent
fr,reporter,es,reportar,transparent
fr,reporté,es,reportar,altered
fr,repos,es,reposo,transparent
fr,reposant,es,reposar,altered
fr,repose,es,reposo,transparent
fr,reposer,es,reposar,transparent
fr,reprendre,es,reprender,altered
fr,reproche,es,reproche,transparent
fr,reprocher,es,reprochar,transparent
fr,reproducteur,es,reproductor,transparent
fr,reproductif,es,reproductivo,altered
fr,reproduction,es,reproducción,transparent
fr,reproduire,es,reproducir,altered
fr,reprogrammer,es,reprogramar,altered
fr,représaille,es,represalia,transparent
fr,représentant,es,representante,transparent
fr,représentatif,es,representativo,altered
fr,représentation,es,representación,transparent
fr,représenter,es,representar,transparent
fr,représenté,es,representar,transparent
fr,reptile,es,reptil,transparent
fr,requis,es,requerir,altered
fr,requérir,es,requerir,altered
fr,respectable,es,respetable,altered
fr,respecter,es,respetar,altered
fr,respectif,es,respectivo,transparent
fr,respectivement,es,respectivamente,transparent
fr,respectueuse,es,respetuoso,transparent
fr,respectueux,es,respetuoso,transparent
fr,respecté,es,respetar,transparent
fr,respiration,es,respiración,transparent
fr,respiratoire,es,respiratorio,transparent
fr,respirer,es,respirar,transparent
fr,responsabiliser,es,responsabilizar,transparent
fr,responsabilité,es,responsabilidad,transparent
fr,responsable,es,responsable,transparent
fr,ressemblance,es,semejanza,altered
fr,ressemblant,es,semejante,altered
fr,ressenti,es,resentido,altered
fr,ressentiment,es,resentimiento,transparent
fr,ressentir,es,resentir,transparent
fr,ressort,es,resorte,altered
fr,ressurgir,es,resurgir,transparent
fr,ressusciter,es,resucitar,altered
fr,rest,es,rest,transparent
fr,restant,es,restante,transparent
fr,restau,es,restaurante,altered
fr,restaurant,es,restaurante,transparent
fr,restauration,es,restauración,transparent
fr,restaurer,es,restaurar,transparent
fr,reste,es,resto,transparent
fr,restituer,es,restituir,altered
fr,restitution,es,restitución,transparent
fr,restreindre,es,restringir,transparent
fr,restrictif,es,restrictivo,transparent
fr,restriction,es,restricción,transparent
fr,restructuration,es,reestructuración,transparent
fr,restructurer,es,reestructurar,transparent
fr,retable,es,retablo,transparent
fr,retard,es,retardo,transparent
fr,retardé,es,retrasado,altered
fr,retenir,es,retener,transparent
fr,retirer,es,retirar,transparent
fr,retiré,es,retirado,transparent
fr,retordre,es,retorcer,transparent
fr,retour,es,retorno,altered
fr,retourne,es,retornar,transparent
fr,retourner,es,retornar,transparent
fr,retourné,es,retornar,altered
fr,retransmettre,es,retransmitir,altered
fr,retransmission,es,retransmisión,transparent
fr,revanche,es,revancha,transparent
fr,revenant,es,revenant,transparent
fr,revendication,es,reivindicación,altered
fr,revendiquer,es,reivindicar,transparent
fr,revendre,es,revender,transparent
fr,revente,es,reventa,transparent
fr,revers,es,revés,transparent
fr,revivre,es,revivir,transparent
fr,revolution,es,revolución,transparent
fr,revolver,es,revolver,transparent
fr,revêtement,es,revestimiento,transparent
fr,revêtir,es,revestir,altered
fr,rhinocéros,es,rinoceronte,altered
fr,rhétorique,es,retórica,altered
fr,ria,es,ria,transparent
fr,rial,es,rial,transparent
fr,richard,es,richard,transparent
fr,riche,es,rico,altered
fr,richesse,es,riqueza,altered
fr,ridicule,es,ridículo,transparent
fr,ridiculiser,es,ridiculizar,transparent
fr,rifle,es,rifle,transparent
fr,rigide,es,rígido,transparent
fr,rigidité,es,rigidez,altered
fr,rigoureux,es,riguroso,transparent
fr,rigueur,es,rigor,altered
fr,rime,es,rima,transparent
fr,ring,es,ring,transparent
fr,rip,es,rip,transparent
fr,riposte,es,respuesta,altered
fr,rire,es,reír,altered
fr,risque,es,riesgo,altered
fr,risquer,es,arriesgar,altered
fr,rite,es,rito,altered
fr,rituel,es,ritual,transparent
fr,rivage,es,ribera,altered
fr,rival,es,rival,transparent
fr,rivaliser,es,rivalizar,altered
fr,rivalité,es,rivalidad,transparent
fr,rive,es,ribera,altered
fr,river,es,ribera,altered
fr,riverain,es,ribereño,altered
fr,rivière,es,ribera,altered
fr,rober,es,robar,altered
fr,robot,es,robot,transparent
fr,robotique,es,robótica,altered
fr,robuste,es,robusto,transparent
fr,roc,es,roca,transparent
fr,roche,es,roca,altered
fr,rock,es,rock,transparent
fr,roi,es,rey,altered
fr,roll,es,rollo,altered
fr,romain,es,romano,transparent
fr,romaine,es,romano,transparent
fr,roman,es,romance,altered
fr,romance,es,romance,transparent
fr,romantique,es,romántico,transparent
fr,romantisme,es,romanticismo,transparent
fr,rompre,es,romper,transparent
fr,rond,es,redondo,altered
fr,ronde,es,ronda,altered
fr,ronger,es,roer,altered
fr,rongeur,es,roedor,altered
fr,rose,es,rosa,transparent
fr,rossignol,es,ruiseñor,altered
fr,rosé,es,rosado,altered
fr,rotation,es,rotación,transparent
fr,rotonde,es,rotonda,altered
fr,roue,es,rueda,altered
fr,roulant,es,rodante,altered
fr,rouleau,es,rollo,altered
fr,roulette,es,ruleta,altered
fr,roumain,es,rumano,altered
fr,route,es,ruta,altered
fr,routine,es,rutina,altered
fr,routinier,es,rutinario,transparent
fr,rouvrir,es,reabrir,altered
fr,royal,es,royal,transparent
fr,royale,es,real,altered
fr,rubis,es,rubí,altered
fr,rubrique,es,rubro,altered
fr,rude,es,rudo,transparent
fr,rue,es,rue,transparent
fr,ruer,es,arremeter,altered
fr,rugby,es,rugby,transparent
fr,ruine,es,ruina,transparent
fr,ruiner,es,arruinar,altered
fr,rumba,es,rumba,transparent
fr,rumeur,es,rumor,altered
fr,runner,es,runner,transparent
fr,rupture,es,ruptura,transparent
fr,rural,es,rural,transparent
fr,russe,es,ruso,transparent
fr,russie,es,rusia,altered
fr,rustique,es,rústico,altered
fr,rythme,es,ritmo,altered
fr,rythmique,es,rítmica,altered
fr,règle,es,regla,altered
fr,règlement,es,reglamento,altered
fr,règne,es,reino,altered
fr,réacteur,es,reactor,altered
fr,réactif,es,reactivo,transparent
fr,réaction,es,reacción,altered
fr,réactionnaire,es,reaccionario,altered
fr,réactivation,es,reactivación,transparent
fr,réactiver,es,reactivar,transparent
fr,réaffirmer,es,reafirmar,transparent
fr,réagir,es,reaccionar,altered
fr,réalisateur,es,realizador,altered
fr,réalisation,es,realización,transparent
fr,réaliser,es,realizar,altered
fr,réalisme,es,realismo,transparent
fr,réaliste,es,realista,transparent
fr,réalisé,es,realizar,transparent
fr,réalité,es,realidad,transparent
fr,réapparaître,es,reaparecer,altered
fr,rébellion,es,rebelión,transparent
fr,récemment,es,recientemente,altered
fr,récent,es,reciente,transparent
fr,récepteur,es,receptor,transparent
fr,réception,es,recepción,altered
fr,réceptionniste,es,recepcionista,transparent
fr,récession,es,recesión,altered
fr,réchauffer,es,recalentar,altered
fr,récidive,es,reincidencia,altered
fr,récipient,es,recipiente,altered
fr,réciproque,es,recíproco,transparent
fr,récital,es,recital,transparent
fr,réciter,es,recitar,altered
fr,réclamant,es,reclamante,transparent
fr,réclamation,es,reclamo,altered
fr,réclame,es,reclamo,altered
fr,réclamer,es,reclamar,transparent
fr,réclusion,es,reclusión,transparent
fr,récolter,es,recoger,altered
fr,récompense,es,recompensa,transparent
fr,récompenser,es,recompensar,altered
fr,réconciliation,es,reconciliación,transparent
fr,réconcilier,es,reconciliar,altered
fr,récréatif,es,recreativo,altered
fr,récréation,es,recreo,altered
fr,récupération,es,recuperación,transparent
fr,récupérer,es,recuperar,transparent
fr,récurrent,es,recurrente,transparent
fr,rédacteur,es,redactor,altered
fr,rédaction,es,redacción,transparent
fr,rédempteur,es,redentor,altered
fr,rédemption,es,redención,transparent
fr,rédiger,es,redactar,altered
fr,réduction,es,reducción,transparent
fr,réduire,es,reducir,altered
fr,réduit,es,reducir,altered
fr,réel,es,real,transparent
fr,réellement,es,realmente,transparent
fr,réflexe,es,reflejo,altered
fr,réflexif,es,reflexivo,altered
fr,réflexion,es,reflexión,transparent
fr,réfléchi,es,reflexionar,altered
fr,réfléchir,es,reflexionar,altered
fr,réforme,es,reforma,transparent
fr,réformer,es,reformar,transparent
fr,réformiste,es,reformista,altered
fr,réfrigérant,es,refrigerante,transparent
fr,réfrigérateur,es,refrigerador,altered
fr,réfrigération,es,refrigeración,transparent
fr,réfugier,es,refugiar,altered
fr,réfugié,es,refugiado,altered
fr,réfuter,es,refutar,altered
fr,référence,es,referencia,transparent
fr,référendum,es,referéndum,transparent
fr,référent,es,referente,transparent
fr,référer,es,referir,transparent
fr,régence,es,regencia,transparent
fr,régent,es,regente,transparent
fr,régime,es,régimen,transparent
fr,régiment,es,regimiento,transparent
fr,région,es,región,transparent
fr,régional,es,regional,transparent
fr,régir,es,regir,altered
fr,réglementaire,es,reglamentario,transparent
fr,réglementation,es,reglamentación,transparent
fr,réglementer,es,reglamentar,transparent
fr,régler,es,reglamentar,altered
fr,réglé,es,reglar,altered
fr,régner,es,reinar,altered
fr,régresser,es,regresar,altered
fr,régressif,es,regresivo,transparent
fr,régression,es,regresión,transparent
fr,régularisation,es,regularización,transparent
fr,régulariser,es,regularizar,transparent
fr,régularité,es,regularidad,transparent
fr,régulateur,es,regulador,altered
fr,régulation,es,regulación,transparent
fr,régulier,es,regular,altered
fr,régulière,es,regular,transparent
fr,régulièrement,es,regularmente,altered
fr,régénération,es,regeneración,altered
fr,régénérer,es,regenerar,transparent
fr,réhabilitation,es,rehabilitación,transparent
fr,réhabiliter,es,rehabilitar,transparent
fr,réintégrer,es,reintegrar,transparent
fr,réitérer,es,reiterar,transparent
fr,réjouir,es,regocijar,altered
fr,rémunération,es,remuneración,transparent
fr,rémunérer,es,remunerar,altered
fr,rénal,es,renal,transparent
fr,rénovateur,es,renovador,altered
fr,rénovation,es,renovación,transparent
fr,rénover,es,renovar,transparent
fr,réorganisation,es,reorganización,transparent
fr,réorganiser,es,reorganizar,transparent
fr,réouverture,es,reapertura,altered
fr,réparation,es,reparación,transparent
fr,réparer,es,reparar,transparent
fr,réparti,es,repartir,altered
fr,répartir,es,repartir,transparent
fr,répartiteur,es,repartidor,altered
fr,répartition,es,repartición,altered
fr,répercussion,es,repercusión,altered
fr,répercuter,es,repercutir,transparent
fr,répertoire,es,repertorio,transparent
fr,répit,es,respiro,altered
fr,réplique,es,réplica,transparent
fr,répliquer,es,replicar,transparent
fr,répondre,es,responder,transparent
fr,réponse,es,respuesta,altered
fr,répressif,es,represivo,altered
fr,répression,es,represión,transparent
fr,réprimer,es,reprimir,altered
fr,républicain,es,republicano,transparent
fr,république,es,república,transparent
fr,répudiation,es,repudio,altered
fr,répudier,es,repudiar,transparent
fr,répugnant,es,repugnante,transparent
fr,réputation,es,reputación,transparent
fr,réputé,es,reputar,altered
fr,répéter,es,repetir,transparent
fr,répétitif,es,repetitivo,transparent
fr,répétition,es,repetición,transparent
fr,répétitivement,es,repetidamente,altered
fr,répété,es,repetir,transparent
fr,réservation,es,reservación,transparent
fr,réserve,es,reserva,transparent
fr,réserver,es,reservar,transparent
fr,réservé,es,reservado,altered
fr,résidant,es,residente,altered
fr,résidence,es,residencia,altered
fr,résident,es,residente,transparent
fr,résidentiel,es,residencial,transparent
fr,résider,es,residir,transparent
fr,résidu,es,residuo,altered
fr,résiduel,es,residual,altered
fr,résignation,es,resignación,transparent
fr,résigner,es,resignar,transparent
fr,résine,es,resina,altered
fr,résistance,es,resistencia,transparent
fr,résistant,es,resistente,transparent
fr,résister,es,resistir,transparent
fr,résolu,es,resolver,altered
fr,résolument,es,resueltamente,transparent
fr,résolution,es,resolución,altered
fr,résonance,es,resonancia,transparent
fr,résonner,es,resonar,altered
fr,résoudre,es,resolver,altered
fr,résultant,es,resultante,transparent
fr,résultante,es,resultante,transparent
fr,résultat,es,resultado,transparent
fr,résumer,es,resumir,altered
fr,résumé,es,resumen,altered
fr,résurgence,es,resurgimiento,altered
fr,résurrection,es,resurrección,transparent
fr,rétablir,es,restablecer,altered
fr,rétablissement,es,restablecimiento,altered
fr,rétention,es,retención,altered
fr,rétine,es,retina,transparent
fr,rétribution,es,retribución,transparent
fr,rétro,es,retro,transparent
fr,rétroaction,es,retroalimentación,altered
fr,rétrograde,es,retrógrado,altered
fr,rétrograder,es,retroceder,altered
fr,rétrospective,es,retrospectiva,transparent
fr,rétroviseur,es,retrovisor,altered
fr,réunion,es,reunión,transparent
fr,réunir,es,reunir,transparent
fr,réutiliser,es,reutilizar,transparent
fr,réviser,es,revisar,transparent
fr,révision,es,revisión,transparent
fr,révocation,es,revocación,transparent
fr,révocatoire,es,revocatorio,transparent
fr,révolte,es,revuelta,transparent
fr,révolution,es,revolución,transparent
fr,révolutionnaire,es,revolucionario,transparent
fr,révolutionner,es,revolucionar,altered
fr,révoquer,es,revocar,transparent
fr,révélateur,es,revelador,altered
fr,révélation,es,revelación,transparent
fr,révéler,es,revelar,transparent
fr,révélé,es,revelado,transparent
fr,révérence,es,reverencia,transparent
fr,révérend,es,reverendo,altered
fr,réécrire,es,reescribir,transparent
fr,réédition,es,reedición,transparent
fr,rééducation,es,reeducación,transparent
fr,réélection,es,reelección,transparent
fr,réélire,es,reelegir,altered
fr,rêne,es,rienda,altered
fr,rôder,es,rondar,altered
fr,rôle,es,rol,transparent
fr,sabotage,es,sabotaje,transparent
fr,saboter,es,sabotear,altered
fr,sabre,es,sable,altered
fr,sac,es,saco,transparent
fr,saccager,es,saquear,altered
fr,sacerdoce,es,sacerdote,altered
fr,sacre,es,sacro,transparent
fr,sacrement,es,sacramento,altered
fr,sacrer,es,sacro,transparent
fr,sacrifice,es,sacrificio,transparent
fr,sacrifier,es,sacrificar,transparent
fr,sacristain,es,sacristán,transparent
fr,safari,es,safari,transparent
fr,safran,es,azafrán,altered
fr,saga,es,saga,transparent
fr,sagement,es,sabiamente,altered
fr,sahara,es,sahara,transparent
fr,saigner,es,sangrar,altered
fr,saillant,es,sobresaliente,altered
fr,sain,es,sano,altered
fr,saint,es,san,altered
fr,sainte,es,santo,transparent
fr,sainteté,es,santidad,altered
fr,saisi,es,asir,altered
fr,saisonnier,es,estacional,altered
fr,salade,es,ensalada,transparent
fr,salaire,es,salario,transparent
fr,salarial,es,salarial,transparent
fr,salarier,es,asalariado,altered
fr,saler,es,salar,transparent
fr,saline,es,salina,altered
fr,salive,es,saliva,transparent
fr,salle,es,sala,transparent
fr,salon,es,salón,transparent
fr,salubre,es,saludable,altered
fr,saluer,es,saludar,altered
fr,salvadorien,es,salvadoreño,altered
fr,salvation,es,salvación,transparent
fr,salé,es,salar,altered
fr,samba,es,samba,transparent
fr,samedi,es,sábado,altered
fr,samouraï,es,samurai,altered
fr,samsung,es,samsung,transparent
fr,samuel,es,samuel,transparent
fr,sanatorium,es,sanatorio,transparent
fr,sanction,es,sanción,altered
fr,sanctionner,es,sancionar,transparent
fr,sanctuaire,es,santuario,altered
fr,sandale,es,sandalia,altered
fr,sandwich,es,sandwich,transparent
fr,sandwiche,es,sándwiches,transparent
fr,sang,es,sangre,altered
fr,sanglant,es,sangrante,transparent
fr,sangria,es,sangría,transparent
fr,sanguin,es,sanguíneo,altered
fr,sanguinaire,es,sanguinario,transparent
fr,sanguine,es,sanguíneo,altered
fr,sanitaire,es,sanitario,altered
fr,sans,es,sin,altered
fr,santo,es,santo,transparent
fr,santé,es,sanidad,altered
fr,saoudien,es,saudita,altered
fr,saoudite,es,saudí,altered
fr,sapeur,es,zapador,altered
fr,saragosse,es,zaragoza,altered
fr,sarcasme,es,sarcasmo,transparent
fr,sarcastique,es,sarcástico,transparent
fr,sarcastiquement,es,sarcásticamente,altered
fr,sardine,es,sardina,altered
fr,satan,es,satanás,altered
fr,satanique,es,satánico,transparent
fr,satellite,es,satélite,transparent
fr,satire,es,sátira,transparent
fr,satirique,es,satírico,transparent
fr,satisfaction,es,satisfacción,transparent
fr,satisfaire,es,satisfacer,altered
fr,satisfait,es,satisfacer,altered
fr,saturation,es,saturación,transparent
fr,saturer,es,saturar,transparent
fr,saturne,es,saturno,altered
fr,saucisse,es,salchicha,altered
fr,saumon,es,salmón,altered
fr,saut,es,salto,altered
fr,saute,es,saltear,altered
fr,sauter,es,saltar,altered
fr,sauté,es,saltear,transparent
fr,sauvage,es,salvaje,altered
fr,sauvegarde,es,salvaguardia,altered
fr,sauver,es,salvar,altered
fr,sauvetage,es,salvamento,altered
fr,sauveur,es,salvador,altered
fr,savane,es,sabana,altered
fr,saveur,es,sabor,altered
fr,savoir,es,saber,altered
fr,savon,es,jabón,altered
fr,savourer,es,saborear,altered
fr,saxon,es,sajón,transparent
fr,saxonne,es,sajón,altered
fr,scan,es,escaneo,altered
fr,scandale,es,escándalo,altered
fr,scandaleux,es,escandaloso,altered
fr,scandaliser,es,escandalizar,transparent
fr,scandinave,es,escandinavo,altered
fr,scanner,es,escáner,altered
fr,scarabée,es,escarabajo,altered
fr,scellé,es,sellado,altered
fr,scepticisme,es,escepticismo,altered
fr,sceptique,es,escéptico,altered
fr,schiste,es,esquisto,altered
fr,schizophrénie,es,esquizofrenia,altered
fr,schéma,es,esquema,altered
fr,scie,es,sierra,altered
fr,science,es,ciencia,altered
fr,scientifique,es,científico,transparent
fr,scientifiquement,es,científicamente,altered
fr,scission,es,escisión,altered
fr,scolaire,es,escolar,transparent
fr,scolarité,es,escolaridad,altered
fr,scoop,es,scoop,transparent
fr,scooter,es,scooter,transparent
fr,scorie,es,escoria,altered
fr,scorpion,es,escorpión,altered
fr,scout,es,scout,transparent
fr,screen,es,screen,transparent
fr,scribe,es,escriba,altered
fr,script,es,script,transparent
fr,scrupule,es,escrúpulo,transparent
fr,scrutin,es,escrutinio,altered
fr,sculpter,es,esculpir,altered
fr,sculpteur,es,escultor,altered
fr,sculpture,es,escultura,altered
fr,scène,es,escena,altered
fr,scénario,es,escenario,transparent
fr,scénique,es,escénico,transparent
fr,scénographie,es,escenografía,altered
fr,sec,es,seco,altered
fr,second,es,segundo,transparent
fr,secondaire,es,secundario,transparent
fr,seconder,es,secundar,transparent
fr,secouer,es,sacudir,altered
fr,secourir,es,socorrer,transparent
fr,secours,es,socorro,altered
fr,secret,es,secreto,transparent
fr,secrètement,es,secretamente,altered
fr,secrétaire,es,secretario,altered
fr,secrétariat,es,secretaría,altered
fr,sectaire,es,sectario,transparent
fr,secte,es,secta,altered
fr,secteur,es,sector,transparent
fr,section,es,sección,transparent
fr,sectionner,es,seccionar,transparent
fr,sectoriel,es,sectorial,transparent
fr,segment,es,segmento,transparent
fr,sein,es,seno,altered
fr,sel,es,sal,altered
fr,select,es,selecto,transparent
fr,selle,es,silla,altered
fr,selon,es,según,altered
fr,selve,es,selva,altered
fr,semailles,es,siembra,altered
fr,semaine,es,semana,transparent
fr,semblant,es,semblante,transparent
fr,semelle,es,suela,altered
fr,semer,es,sembrar,altered
fr,semestre,es,semestre,transparent
fr,semi,es,semi,transparent
fr,sempiternel,es,sempiterno,transparent
fr,sens,es,sentido,altered
fr,sensation,es,sensación,transparent
fr,sensationnaliste,es,sensacionalista,altered
fr,sensationnel,es,sensacional,altered
fr,sensibilisation,es,sensibilización,transparent
fr,sensibiliser,es,sensibilizar,transparent
fr,sensibilité,es,sensibilidad,transparent
fr,sensiblement,es,sensiblemente,transparent
fr,sensoriel,es,sensorial,altered
fr,sensualité,es,sensualidad,transparent
fr,sensuel,es,sensual,altered
fr,sensé,es,sensato,altered
fr,sente,es,senda,altered
fr,sentier,es,sendero,altered
fr,sentiment,es,sentimiento,transparent
fr,sentimental,es,sentimental,transparent
fr,sentinelle,es,centinela,altered
fr,sentir,es,sentir,transparent
fr,sept,es,siete,altered
fr,septembre,es,septiembre,altered
fr,septentrional,es,septentrional,transparent
fr,septième,es,séptimo,altered
fr,serbe,es,serbio,altered
fr,serf,es,siervo,altered
fr,serge,es,sarga,altered
fr,sergent,es,sargento,altered
fr,serie,es,serie,transparent
fr,series,es,serie,transparent
fr,serieux,es,serio,altered
fr,sermon,es,sermón,transparent
fr,serpent,es,serpiente,altered
fr,serra,es,sierra,altered
fr,serrer,es,apretar,altered
fr,serrure,es,cerradura,altered
fr,servant,es,sirviente,altered
fr,servante,es,sirviente,transparent
fr,serveur,es,servidor,altered
fr,service,es,servicio,transparent
fr,servir,es,servir,transparent
fr,serviteur,es,servidor,transparent
fr,servitude,es,servidumbre,altered
fr,session,es,sesión,transparent
fr,seul,es,solo,altered
fr,seulement,es,solamente,altered
fr,seven,es,seven,transparent
fr,sex,es,sexo,altered
fr,sexe,es,sexo,transparent
fr,sexisme,es,sexismo,transparent
fr,sexiste,es,sexista,transparent
fr,sexte,es,sexta,altered
fr,sexualité,es,sexualidad,transparent
fr,sexuel,es,sexual,altered
fr,sexuellement,es,sexualmente,altered
fr,sexy,es,sexy,transparent
fr,shampooing,es,shampoo,altered
fr,share,es,share,transparent
fr,shirt,es,shirt,transparent
fr,shop,es,shop,transparent
fr,show,es,show,transparent
fr,shérif,es,sheriff,transparent
fr,si,es,sí,transparent
fr,sibérie,es,siberia,transparent
fr,sic,es,sic,transparent
fr,sicaire,es,sicario,transparent
fr,sida,es,sida,transparent
fr,sien,es,suyo,altered
fr,sieste,es,siesta,transparent
fr,sieur,es,señor,altered
fr,siffler,es,silbar,altered
fr,sigle,es,sigla,altered
fr,signal,es,señal,altered
fr,signalement,es,señalamiento,altered
fr,signaler,es,señalar,altered
fr,signalisation,es,señalización,altered
fr,signataire,es,signatario,transparent
fr,signature,es,signatura,transparent
fr,signe,es,signo,altered
fr,signer,es,signar,altered
fr,signifiant,es,significante,transparent
fr,significatif,es,significativo,altered
fr,signification,es,significación,transparent
fr,significativement,es,significativamente,transparent
fr,signifier,es,significar,transparent
fr,signifié,es,significado,altered
fr,silence,es,silencio,transparent
fr,silencieusement,es,silenciosamente,transparent
fr,silencieux,es,silencioso,altered
fr,silhouette,es,silueta,transparent
fr,silo,es,silo,transparent
fr,similaire,es,similar,transparent
fr,similarité,es,similitud,altered
fr,similitude,es,similitud,transparent
fr,simple,es,simple,transparent
fr,simplement,es,simplemente,transparent
fr,simplicité,es,simplicidad,transparent
fr,simplification,es,simplificación,transparent
fr,simplifier,es,simplificar,transparent
fr,simpliste,es,simplista,transparent
fr,simulacre,es,simulacro,transparent
fr,simulateur,es,simulador,transparent
fr,simulation,es,simulación,transparent
fr,simuler,es,simular,transparent
fr,simultané,es,simultáneo,transparent
fr,simultanément,es,simultáneamente,altered
fr,sincère,es,sincero,transparent
fr,sincèrement,es,sinceramente,transparent
fr,sincérité,es,sinceridad,altered
fr,singapour,es,singapur,transparent
fr,singularité,es,singularidad,altered
fr,singulier,es,singular,altered
fr,sinistre,es,siniestro,transparent
fr,sioniste,es,sionista,transparent
fr,sirène,es,sirena,altered
fr,sismique,es,sísmico,transparent
fr,site,es,site,transparent
fr,situ,es,situ,transparent
fr,situation,es,situación,transparent
fr,situer,es,situar,transparent
fr,six,es,seis,altered
fr,siècle,es,siglo,altered
fr,siège,es,sede,altered
fr,sketch,es,sketch,transparent
fr,ski,es,esquí,altered
fr,slate,es,slate,transparent
fr,slave,es,eslavo,altered
fr,slip,es,slip,transparent
fr,slogan,es,eslogan,altered
fr,slovaque,es,eslovaco,altered
fr,slovénie,es,eslovenia,transparent
fr,smartphone,es,smartphone,transparent
fr,sms,es,sms,transparent
fr,sobre,es,sobrio,transparent
fr,sobriété,es,sobriedad,transparent
fr,sociable,es,sociable,transparent
fr,social,es,social,transparent
fr,socialement,es,socialmente,transparent
fr,socialisation,es,socialización,transparent
fr,socialiser,es,socializar,transparent
fr,socialisme,es,socialismo,transparent
fr,socialiste,es,socialista,altered
fr,societe,es,sociedad,altered
fr,socio,es,socio,transparent
fr,socioculturel,es,sociocultural,altered
fr,sociologie,es,sociología,transparent
fr,sociologique,es,sociológico,altered
fr,sociologue,es,sociólogo,altered
fr,socioéconomique,es,socioeconómico,transparent
fr,société,es,sociedad,transparent
fr,soda,es,soda,transparent
fr,sodium,es,sodio,transparent
fr,sodomie,es,sodomía,transparent
fr,software,es,software,transparent
fr,soi,es,sí,altered
fr,soixante,es,sesenta,altered
fr,soja,es,soja,transparent
fr,sol,es,sol,altered
fr,solaire,es,solar,transparent
fr,soldat,es,soldado,altered
fr,solde,es,saldo,altered
fr,solder,es,saldar,altered
fr,soleil,es,sol,altered
fr,solennel,es,solemne,altered
fr,solennellement,es,solemnemente,altered
fr,solid,es,solid,transparent
fr,solidaire,es,solidario,transparent
fr,solidariser,es,solidarizar,transparent
fr,solidarité,es,solidaridad,transparent
fr,solide,es,sólido,transparent
fr,solidement,es,sólidamente,transparent
fr,solidité,es,solidez,altered
fr,soliste,es,solista,altered
fr,solitaire,es,solitario,transparent
fr,solitude,es,soledad,altered
fr,solliciter,es,solicitar,altered
fr,solo,es,solo,transparent
fr,solution,es,solución,transparent
fr,solutionner,es,solucionar,transparent
fr,solvabilité,es,solvencia,altered
fr,somalie,es,somalí,transparent
fr,sombre,es,sombrío,altered
fr,sommaire,es,sumario,altered
fr,son,es,sonido,altered
fr,sondage,es,sondeo,altered
fr,sonde,es,sonda,transparent
fr,sonner,es,sonar,transparent
fr,sonore,es,sonoro,transparent
fr,sophistiquer,es,sofisticar,transparent
fr,soprano,es,soprano,transparent
fr,sort,es,suerte,altered
fr,sortant,es,saliente,altered
fr,sos,es,sos,transparent
fr,soudainement,es,súbitamente,altered
fr,soude,es,soda,altered
fr,soudure,es,soldadura,altered
fr,souffler,es,soplar,altered
fr,souffrance,es,sufrimiento,altered
fr,souffrant,es,sufriente,altered
fr,souffrir,es,sufrir,altered
fr,soufre,es,azufre,altered
fr,soumettre,es,someter,altered
fr,soumis,es,sumiso,altered
fr,soumission,es,sumisión,altered
fr,sound,es,sound,transparent
fr,soupe,es,sopa,altered
fr,soupir,es,suspiro,altered
fr,soupirer,es,suspirar,altered
fr,soupçonner,es,sospechar,altered
fr,sourd,es,sordo,transparent
fr,sourde,es,sordo,transparent
fr,souriant,es,sonriente,altered
fr,sourire,es,sonreír,altered
fr,souscripteur,es,suscriptor,altered
fr,souscription,es,suscripción,altered
fr,souscrire,es,suscribir,altered
fr,soustraire,es,sustraer,altered
fr,soutenable,es,sostenible,altered
fr,soutenir,es,sostener,altered
fr,souterrain,es,subterráneo,altered
fr,soutien,es,sostén,altered
fr,souverain,es,soberano,altered
fr,souveraineté,es,soberanía,altered
fr,souverainiste,es,soberanista,transparent
fr,soviétique,es,soviético,transparent
fr,spa,es,spa,transparent
fr,spam,es,spam,transparent
fr,spatial,es,espacial,transparent
fr,special,es,especial,transparent
fr,spectacle,es,espectáculo,transparent
fr,spectaculaire,es,espectacular,transparent
fr,spectateur,es,espectador,transparent
fr,spectre,es,espectro,altered
fr,sphère,es,esfera,altered
fr,sphérique,es,esférico,altered
fr,spin,es,spin,transparent
fr,spinal,es,espinal,transparent
fr,spirale,es,espiral,altered
fr,spiritualité,es,espiritualidad,transparent
fr,spirituel,es,espiritual,altered
fr,spirituellement,es,espiritualmente,altered
fr,splendeur,es,esplendor,altered
fr,splendide,es,espléndido,altered
fr,split,es,split,transparent
fr,spoiler,es,spoiler,transparent
fr,spontané,es,espontáneo,altered
fr,spontanément,es,espontáneamente,altered
fr,sporadique,es,esporádico,transparent
fr,sport,es,deporte,altered
fr,sportif,es,deportivo,altered
fr,spot,es,spot,transparent
fr,spray,es,spray,transparent
fr,sprint,es,sprint,transparent
fr,spécial,es,especial,transparent
fr,spéciale,es,especial,transparent
fr,spécialement,es,especialmente,transparent
fr,spécialisation,es,especialización,transparent
fr,spécialiser,es,especializar,transparent
fr,spécialiste,es,especialista,altered
fr,spécialisé,es,especializar,transparent
fr,spécialité,es,especialidad,transparent
fr,spécification,es,especificación,transparent
fr,spécificité,es,especificidad,transparent
fr,spécifier,es,especificar,transparent
fr,spécifique,es,específico,transparent
fr,spécifiquement,es,específicamente,transparent
fr,spécimen,es,espécimen,transparent
fr,spéculateur,es,especulador,altered
fr,spéculatif,es,especulativo,transparent
fr,spéculation,es,especulación,transparent
fr,spéculer,es,especular,transparent
fr,squelette,es,esqueleto,altered
fr,stabilisation,es,estabilización,transparent
fr,stabiliser,es,estabilizar,transparent
fr,stabilité,es,estabilidad,altered
fr,stable,es,estable,transparent
fr,stade,es,estadio,altered
fr,stadium,es,estadio,altered
fr,staff,es,staff,transparent
fr,stand,es,stand,transparent
fr,standard,es,estándar,transparent
fr,standardiser,es,estandarizar,altered
fr,standing,es,standing,transparent
fr,start,es,start,transparent
fr,station,es,estación,transparent
fr,stationnement,es,estacionamiento,altered
fr,stationner,es,estacionar,altered
fr,statique,es,estática,transparent
fr,statistique,es,estadística,transparent
fr,statistiquement,es,estadísticamente,altered
fr,statue,es,estatua,transparent
fr,stature,es,estatura,transparent
fr,statut,es,estatuto,transparent
fr,stellaire,es,estelar,altered
fr,sterling,es,esterlina,altered
fr,steven,es,esteban,altered
fr,stigmate,es,estigma,altered
fr,stimulant,es,estimulante,altered
fr,stimulation,es,estimulación,altered
fr,stimuler,es,estimular,transparent
fr,stimulus,es,estímulo,transparent
fr,stipule,es,estípula,transparent
fr,stipuler,es,estipular,transparent
fr,stock,es,stock,transparent
fr,stop,es,stop,transparent
fr,story,es,story,transparent
fr,strate,es,estrato,altered
fr,strategy,es,strategy,transparent
fr,stratège,es,estratega,transparent
fr,stratégie,es,estrategia,transparent
fr,stratégique,es,estratégico,transparent
fr,stream,es,stream,transparent
fr,streaming,es,streaming,transparent
fr,stress,es,estrés,transparent
fr,stressant,es,estresante,transparent
fr,stresser,es,estresar,transparent
fr,strict,es,estricto,altered
fr,strictement,es,estrictamente,transparent
fr,strophe,es,estrofa,altered
fr,structure,es,estructura,transparent
fr,structurel,es,estructural,altered
fr,structurer,es,estructurar,transparent
fr,studieux,es,estudioso,altered
fr,studio,es,estudio,transparent
fr,stupide,es,estúpido,altered
fr,stupidité,es,estupidez,altered
fr,stupéfiant,es,estupefaciente,altered
fr,style,es,estilo,altered
fr,styliste,es,estilista,transparent
fr,stèle,es,estela,altered
fr,stérile,es,estéril,altered
fr,stérilisation,es,esterilización,altered
fr,stéroïde,es,esteroide,altered
fr,stéréo,es,estéreo,transparent
fr,stéréotype,es,estereotipo,transparent
fr,stéréotyper,es,estereotipar,transparent
fr,suave,es,suave,transparent
fr,suavité,es,suavidad,altered
fr,sub,es,sub,transparent
fr,subconscient,es,subconsciente,transparent
fr,subir,es,subir,transparent
fr,subit,es,súbito,altered
fr,subitement,es,súbitamente,transparent
fr,subjectif,es,subjetivo,transparent
fr,subjectivité,es,subjetividad,transparent
fr,sublime,es,sublime,transparent
fr,submerger,es,sumergir,altered
fr,subordonner,es,subordinado,altered
fr,suborner,es,sobornar,altered
fr,subsidiaire,es,subsidiaria,altered
fr,subsistance,es,subsistencia,transparent
fr,subsister,es,subsistir,transparent
fr,substance,es,sustancia,altered
fr,substantiel,es,sustancial,altered
fr,substantiellement,es,sustancialmente,altered
fr,substantif,es,sustantivo,transparent
fr,substituer,es,sustituir,altered
fr,substitut,es,sustituto,transparent
fr,substitution,es,sustitución,transparent
fr,substrat,es,sustrato,altered
fr,subséquent,es,subsiguiente,altered
fr,subtil,es,sutil,altered
fr,subtilement,es,sutilmente,altered
fr,subtilité,es,sutileza,altered
fr,subvention,es,subvención,transparent
fr,subversif,es,subversivo,transparent
fr,successeur,es,sucesor,transparent
fr,successif,es,sucesivo,transparent
fr,succession,es,sucesión,transparent
fr,successivement,es,sucesivamente,altered
fr,succomber,es,sucumbir,altered
fr,succursale,es,sucursal,altered
fr,succéder,es,suceder,altered
fr,sucre,es,azucar,altered
fr,sucrer,es,azucarar,altered
fr,sud,es,sur,altered
fr,suer,es,sudar,altered
fr,sueur,es,sudor,altered
fr,suffisamment,es,suficientemente,transparent
fr,suffisant,es,suficiente,altered
fr,suffrage,es,sufragio,transparent
fr,suggestion,es,sugerencia,altered
fr,suggérer,es,sugerir,altered
fr,suicidaire,es,suicida,transparent
fr,suicide,es,suicidio,transparent
fr,suicider,es,suicidar,altered
fr,suisse,es,suizo,altered
fr,suite,es,seguida,altered
fr,suivant,es,siguiente,transparent
fr,suivi,es,seguir,transparent
fr,suivre,es,seguir,altered
fr,sujet,es,sujeto,altered
fr,sujétion,es,sujeción,transparent
fr,sultan,es,sultán,transparent
fr,sumo,es,sumo,transparent
fr,super,es,super,transparent
fr,superbe,es,soberbio,altered
fr,supercherie,es,superchería,transparent
fr,superficie,es,superficie,altered
fr,superficiel,es,superficial,transparent
fr,superhéros,es,superhéroe,transparent
fr,superman,es,superman,transparent
fr,supermarché,es,supermercado,altered
fr,superposer,es,superponer,altered
fr,superstar,es,superestrella,altered
fr,superstition,es,superstición,transparent
fr,superviser,es,supervisar,transparent
fr,superviseur,es,supervisor,transparent
fr,supervision,es,supervisión,transparent
fr,supplanter,es,suplantar,altered
fr,supplier,es,suplicar,transparent
fr,supplique,es,súplica,altered
fr,suppléant,es,suplente,altered
fr,suppléer,es,suplir,transparent
fr,supplément,es,suplemento,transparent
fr,supplémentaire,es,suplementario,transparent
fr,support,es,soporte,altered
fr,supporter,es,soportar,altered
fr,supposer,es,suponer,transparent
fr,supposition,es,suposición,transparent
fr,suppression,es,supresión,transparent
fr,supra,es,supra,transparent
fr,suprématie,es,supremacía,altered
fr,suprême,es,supremo,transparent
fr,supérieur,es,superior,transparent
fr,supériorité,es,superioridad,transparent
fr,surcharge,es,sobrecarga,altered
fr,surdose,es,sobredosis,altered
fr,surement,es,seguramente,transparent
fr,surf,es,surf,transparent
fr,surface,es,superficie,altered
fr,surfer,es,surfear,transparent
fr,surgir,es,surgir,transparent
fr,surhumain,es,sobrehumano,altered
fr,surintendance,es,superintendencia,altered
fr,surintendant,es,superintendente,altered
fr,surnaturel,es,sobrenatural,altered
fr,surnom,es,sobrenombre,altered
fr,surprenant,es,sorprendente,altered
fr,surprendre,es,sorprender,altered
fr,surpris,es,sorpresa,transparent
fr,surréaliste,es,surrealista,altered
fr,survenir,es,sobrevenir,transparent
fr,survie,es,supervivencia,altered
fr,survivant,es,sobreviviente,altered
fr,survivre,es,sobrevivir,altered
fr,survoler,es,sobrevolar,altered
fr,susceptible,es,susceptible,transparent
fr,susciter,es,suscitar,transparent
fr,sushi,es,sushi,transparent
fr,suspecter,es,sospechar,altered
fr,suspendre,es,suspender,altered
fr,suspens,es,suspensión,altered
fr,suspense,es,suspense,transparent
fr,suspension,es,suspensión,transparent
fr,suspicion,es,sospecha,transparent
fr,sustentation,es,sustento,altered
fr,susurrer,es,susurrar,transparent
fr,suède,es,suecia,altered
fr,suédois,es,sueco,altered
fr,sweet,es,sweet,transparent
fr,syllabe,es,sílaba,altered
fr,sylvestre,es,silvestre,altered
fr,symbole,es,símbolo,altered
fr,symbolique,es,simbólico,transparent
fr,symboliser,es,simbolizar,altered
fr,symbolisme,es,simbolismo,altered
fr,sympathie,es,simpatía,transparent
fr,sympathisant,es,simpatizante,altered
fr,sympathiser,es,simpatizar,altered
fr,symphonie,es,sinfonía,altered
fr,symphonique,es,sinfónico,altered
fr,symposium,es,simposio,altered
fr,symptôme,es,síntoma,altered
fr,symétrie,es,simetría,altered
fr,symétrique,es,simétrico,altered
fr,synagogue,es,sinagoga,altered
fr,synchronisation,es,sincronización,altered
fr,synchroniser,es,sincronizar,altered
fr,syndic,es,síndico,altered
fr,syndical,es,sindical,altered
fr,syndicalisme,es,sindicalismo,altered
fr,syndicaliste,es,sindicalista,altered
fr,syndicat,es,sindicato,altered
fr,syndrome,es,síndrome,altered
fr,synode,es,sínodo,altered
fr,synonyme,es,sinónimo,altered
fr,synopsis,es,sinopsis,transparent
fr,syntaxe,es,sintaxis,altered
fr,synthèse,es,síntesis,altered
fr,synthétique,es,sintético,altered
fr,synthétiser,es,sintetizar,altered
fr,syntonie,es,sintonía,transparent
fr,syrien,es,sirio,altered
fr,system,es,sistema,transparent
fr,systeme,es,sistema,transparent
fr,système,es,sistema,transparent
fr,systématique,es,sistemática,transparent
fr,systématiquement,es,sistemáticamente,altered
fr,systémique,es,sistémico,altered
fr,séance,es,sesión,altered
fr,sébastien,es,sebastián,altered
fr,sécession,es,secesión,altered
fr,sécher,es,secar,transparent
fr,sécheresse,es,sequedad,altered
fr,sécrétion,es,secreción,transparent
fr,séculier,es,secular,altered
fr,sécurité,es,seguridad,altered
fr,sédiment,es,sedimento,transparent
fr,séducteur,es,seductor,transparent
fr,séduction,es,seducción,transparent
fr,séduire,es,seducir,transparent
fr,séduisant,es,seductor,altered
fr,ségrégation,es,segregación,transparent
fr,séisme,es,sismo,transparent
fr,sélectif,es,selectivo,transparent
fr,sélection,es,selección,altered
fr,sélectionner,es,seleccionar,altered
fr,sélectionneur,es,seleccionador,transparent
fr,sémantique,es,semántica,transparent
fr,sémaphore,es,semáforo,transparent
fr,séminaire,es,seminario,transparent
fr,sénat,es,senado,altered
fr,sénateur,es,senador,altered
fr,sénégalais,es,senegalés,transparent
fr,séparation,es,separación,transparent
fr,séparatiste,es,separatista,altered
fr,séparer,es,separar,transparent
fr,séparément,es,separadamente,transparent
fr,sépulcre,es,sepulcro,transparent
fr,sépulture,es,sepultar,transparent
fr,séquelle,es,secuela,altered
fr,séquence,es,secuencia,transparent
fr,séquencer,es,secuenciar,transparent
fr,séquestration,es,secuestro,altered
fr,série,es,serie,transparent
fr,sériel,es,serial,transparent
fr,sérieusement,es,seriamente,transparent
fr,sérieux,es,serio,altered
fr,sérum,es,suero,altered
fr,sérénité,es,serenidad,altered
fr,sévillan,es,sevillano,altered
fr,sévère,es,severo,transparent
fr,sévèrement,es,severamente,transparent
fr,sévérité,es,severidad,altered
fr,sûr,es,seguro,altered
fr,sûrement,es,seguramente,altered
fr,tabac,es,tabaco,transparent
fr,tableau,es,tablero,altered
fr,tablette,es,tablet,altered
fr,tabou,es,tabú,transparent
fr,tabouret,es,taburete,altered
fr,tacher,es,tachar,transparent
fr,tacite,es,tácito,transparent
fr,tact,es,tacto,transparent
fr,tactile,es,táctil,transparent
fr,tactique,es,táctica,transparent
fr,taekwondo,es,taekwondo,transparent
fr,tag,es,tag,transparent
fr,taille,es,talla,altered
fr,tailler,es,tallado,transparent
fr,talent,es,talento,altered
fr,talentueux,es,talentoso,altered
fr,taliban,es,talibán,transparent
fr,talon,es,talón,transparent
fr,tambour,es,tambor,transparent
fr,tampon,es,tapón,altered
fr,tandem,es,tándem,transparent
fr,tanga,es,tanga,transparent
fr,tangible,es,tangible,transparent
fr,tango,es,tango,transparent
fr,tanker,es,tanque,transparent
fr,tant,es,tanto,altered
fr,tanzanie,es,tanzania,transparent
fr,tao,es,tao,transparent
fr,tap,es,tap,transparent
fr,tapis,es,tapete,altered
fr,tapisserie,es,tapicería,altered
fr,tara,es,tara,transparent
fr,tard,es,tarde,altered
fr,tarder,es,tardar,transparent
fr,tardif,es,tardío,altered
fr,tardivement,es,tardíamente,transparent
fr,tare,es,tara,transparent
fr,tarer,es,tarar,transparent
fr,target,es,target,transparent
fr,tarif,es,tarifa,altered
fr,tarification,es,tarificación,transparent
fr,tarte,es,tarta,altered
fr,tartre,es,tártaro,altered
fr,tasse,es,taza,altered
fr,tatouage,es,tatuaje,altered
fr,tatouer,es,tatuar,transparent
fr,taxe,es,tasa,transparent
fr,taxi,es,taxi,transparent
fr,taïwan,es,taiwán,transparent
fr,tchèque,es,checo,altered
fr,technicien,es,técnico,altered
fr,technique,es,técnica,transparent
fr,techniquement,es,técnicamente,transparent
fr,techno,es,tecno,transparent
fr,technologie,es,tecnología,transparent
fr,technologique,es,tecnológico,transparent
fr,tee,es,tee,transparent
fr,teinter,es,tinto,altered
fr,teinture,es,tinte,altered
fr,tel,es,tal,altered
fr,telephone,es,teléfono,transparent
fr,temple,es,templo,altered
fr,templier,es,templario,altered
fr,tempo,es,tempo,transparent
fr,temporada,es,temporada,altered
fr,temporaire,es,temporario,altered
fr,temporairement,es,temporalmente,transparent
fr,temporal,es,temporal,transparent
fr,temporel,es,temporal,transparent
fr,temps,es,tiempo,altered
fr,tempérament,es,temperamento,altered
fr,température,es,temperatura,altered
fr,tempête,es,tempestad,altered
fr,tenace,es,tenaz,altered
fr,tendance,es,tendencia,transparent
fr,tendon,es,tendón,transparent
fr,tendre,es,tender,altered
fr,teneur,es,tenor,altered
fr,tenir,es,tener,altered
fr,tennis,es,tenis,altered
fr,tension,es,tensión,transparent
fr,tentant,es,tentador,altered
fr,tentateur,es,tentador,transparent
fr,tentation,es,tentación,transparent
fr,tentative,es,tentativa,transparent
fr,tenter,es,tentar,transparent
fr,tenu,es,tener,transparent
fr,tequila,es,tequila,transparent
fr,tergiverser,es,tergiversar,altered
fr,terme,es,término,altered
fr,terminaison,es,terminación,transparent
fr,terminal,es,terminal,transparent
fr,terminale,es,terminal,transparent
fr,terminer,es,terminar,transparent
fr,terminologie,es,terminología,transparent
fr,terminus,es,término,altered
fr,terrain,es,terreno,transparent
fr,terrasser,es,aterrar,altered
fr,terre,es,tierra,altered
fr,terrestre,es,terrestre,transparent
fr,terreur,es,terror,altered
fr,terrible,es,terrible,transparent
fr,territoire,es,territorio,transparent
fr,territorial,es,territorial,transparent
fr,terrorisme,es,terrorismo,transparent
fr,terroriste,es,terrorista,altered
fr,tertiaire,es,terciario,altered
fr,test,es,test,transparent
fr,testament,es,testamento,transparent
fr,testicule,es,testículo,transparent
fr,testostérone,es,testosterona,transparent
fr,texas,es,texas,transparent
fr,texte,es,texto,transparent
fr,textile,es,textil,transparent
fr,texto,es,texto,transparent
fr,textuel,es,textual,transparent
fr,texture,es,textura,altered
fr,the,es,té,transparent
fr,thermal,es,termal,transparent
fr,thermique,es,térmico,altered
fr,thermomètre,es,termómetro,altered
fr,thermostat,es,termostato,transparent
fr,thing,es,thing,transparent
fr,thoracique,es,torácico,altered
fr,thorax,es,tórax,altered
fr,thème,es,tema,altered
fr,thèse,es,tesis,altered
fr,thé,es,té,transparent
fr,thématique,es,temática,altered
fr,théologie,es,teología,transparent
fr,théologien,es,teólogo,altered
fr,théologique,es,teológico,transparent
fr,théorie,es,teoría,transparent
fr,théorique,es,teórico,transparent
fr,théoriquement,es,teóricamente,transparent
fr,théorème,es,teorema,altered
fr,thérapeute,es,terapeuta,altered
fr,thérapeutique,es,terapéutico,altered
fr,thérapie,es,terapia,altered
fr,théâtral,es,teatral,transparent
fr,théâtre,es,teatro,altered
fr,tibet,es,tíbet,altered
fr,tibia,es,tibia,transparent
fr,tibétain,es,tibetano,altered
fr,tic,es,tic,transparent
fr,ticket,es,ticket,transparent
fr,tien,es,tuyo,altered
fr,tiers,es,tercero,altered
fr,tigre,es,tigre,transparent
fr,timbre,es,timbre,transparent
fr,timbrer,es,timbrar,transparent
fr,timide,es,tímido,transparent
fr,timidité,es,timidez,altered
fr,timing,es,timing,transparent
fr,timon,es,timón,transparent
fr,tir,es,tiro,transparent
fr,tirage,es,tiraje,altered
fr,tirant,es,tirante,transparent
fr,tire,es,tira,transparent
fr,tirer,es,tirar,transparent
fr,tireur,es,tirador,altered
fr,tiron,es,tirón,transparent
fr,tiré,es,tirado,transparent
fr,tirée,es,tirada,altered
fr,titan,es,titán,transparent
fr,titre,es,título,altered
fr,titrer,es,titular,altered
fr,titulaire,es,titular,transparent
fr,toboggan,es,tobogán,transparent
fr,toilette,es,toilette,transparent
fr,tolède,es,toledo,altered
fr,tolérance,es,tolerancia,altered
fr,tolérant,es,tolerante,transparent
fr,tolérer,es,tolerar,altered
fr,tom,es,tom,transparent
fr,tomate,es,tomate,transparent
fr,tombe,es,tumba,transparent
fr,tombeau,es,tumba,altered
fr,ton,es,tono,altered
fr,tonalité,es,tonalidad,transparent
fr,tonique,es,tónica,altered
fr,tonneau,es,tonel,transparent
fr,top,es,top,transparent
fr,topique,es,tópico,altered
fr,topo,es,topo,transparent
fr,topographie,es,topografía,transparent
fr,torche,es,antorcha,altered
fr,tordre,es,torcer,altered
fr,tornade,es,tornado,transparent
fr,torpille,es,torpedo,altered
fr,torrent,es,torrente,transparent
fr,torres,es,torre,transparent
fr,torse,es,torso,transparent
fr,tortilla,es,tortilla,transparent
fr,tortue,es,tortuga,transparent
fr,torturer,es,torturar,transparent
fr,toscan,es,toscano,transparent
fr,total,es,total,transparent
fr,totale,es,total,transparent
fr,totalement,es,totalmente,transparent
fr,totaliser,es,totalizar,transparent
fr,totalitaire,es,totalitario,altered
fr,totalité,es,totalidad,transparent
fr,touchant,es,tocante,altered
fr,toucher,es,tocar,altered
fr,touchée,es,tocar,transparent
fr,tour,es,torre,altered
fr,tourbe,es,turba,altered
fr,tourbillon,es,torbellino,altered
fr,tourisme,es,turismo,transparent
fr,touriste,es,turista,altered
fr,touristique,es,turístico,transparent
fr,tourment,es,tormento,altered
fr,tourmente,es,tormenta,altered
fr,tourmenter,es,atormentar,altered
fr,tourne,es,torna,altered
fr,tourner,es,tornar,altered
fr,tournoi,es,torneo,altered
fr,tournois,es,torneo,altered
fr,tousser,es,toser,altered
fr,tout,es,todo,altered
fr,toux,es,tos,altered
fr,toxicité,es,toxicidad,transparent
fr,toxine,es,toxina,altered
fr,toxique,es,tóxico,altered
fr,trace,es,trazo,altered
fr,tracer,es,trazar,altered
fr,tracteur,es,tractor,altered
fr,traction,es,tracción,transparent
fr,tracé,es,trazado,altered
fr,tradition,es,tradición,transparent
fr,traditionnel,es,tradicional,altered
fr,traditionnellement,es,tradicionalmente,transparent
fr,traducteur,es,traductor,altered
fr,traduction,es,traducción,transparent
fr,traduire,es,traducir,transparent
fr,trafic,es,tráfico,transparent
fr,trafiquant,es,traficante,altered
fr,tragique,es,trágico,transparent
fr,tragédie,es,tragedia,transparent
fr,trahison,es,traición,altered
fr,train,es,tren,altered
fr,traitant,es,tratante,transparent
fr,traitement,es,tratamiento,transparent
fr,traiter,es,tratar,transparent
fr,traité,es,tratado,altered
fr,trajectoire,es,trayectoria,altered
fr,trajet,es,trayecto,altered
fr,tram,es,tranvía,altered
fr,trame,es,trama,transparent
fr,tramer,es,tramar,transparent
fr,tramway,es,tranvía,altered
fr,tranchant,es,tajante,altered
fr,tranchée,es,trinchera,altered
fr,tranquille,es,tranquilo,transparent
fr,tranquillement,es,tranquilamente,altered
fr,tranquilliser,es,tranquilizar,transparent
fr,tranquillité,es,tranquilidad,transparent
fr,transaction,es,transacción,transparent
fr,transbordeur,es,transbordador,transparent
fr,transcendance,es,trascendencia,altered
fr,transcendant,es,trascendente,altered
fr,transcendantal,es,trascendental,altered
fr,transcender,es,trascender,transparent
fr,transcription,es,transcripción,transparent
fr,transcrire,es,transcribir,altered
fr,transexuel,es,transexual,transparent
fr,transfert,es,transferencia,altered
fr,transfigurer,es,transfigurar,transparent
fr,transformateur,es,transformador,transparent
fr,transformation,es,transformación,transparent
fr,transformer,es,transformar,transparent
fr,transformé,es,transformar,transparent
fr,transformée,es,transformar,transparent
fr,transférer,es,transferir,altered
fr,transgenre,es,transgénero,transparent
fr,transgresseur,es,transgresor,altered
fr,transgénique,es,transgénico,transparent
fr,transit,es,tránsito,transparent
fr,transiter,es,transitar,transparent
fr,transition,es,transición,transparent
fr,transitoire,es,transitorio,transparent
fr,translation,es,traslación,transparent
fr,transmettre,es,transmitir,transparent
fr,transmission,es,transmisión,altered
fr,transnational,es,transnacional,transparent
fr,transparence,es,transparencia,transparent
fr,transparent,es,transparente,transparent
fr,transpiration,es,transpiración,transparent
fr,transplant,es,trasplante,altered
fr,transplanter,es,trasplantar,altered
fr,transport,es,transporte,transparent
fr,transporter,es,transportar,altered
fr,transporteur,es,transportador,transparent
fr,transversal,es,transversal,transparent
fr,transversale,es,transversal,altered
fr,trappe,es,trampa,altered
fr,trauma,es,trauma,transparent
fr,traumatique,es,traumático,transparent
fr,traumatiser,es,traumar,altered
fr,traumatisme,es,traumatismo,transparent
fr,travail,es,trabajo,altered
fr,travailler,es,trabajar,transparent
fr,travailleur,es,trabajador,altered
fr,travel,es,travel,transparent
fr,travers,es,través,transparent
fr,traverser,es,atravesar,altered
fr,traversée,es,travesía,altered
fr,travesti,es,travesti,transparent
fr,traître,es,traidor,altered
fr,tremble,es,temblar,altered
fr,trembler,es,temblar,altered
fr,tremplin,es,trampolín,transparent
fr,trentaine,es,treintena,altered
fr,trente,es,treinta,altered
fr,tresse,es,trenza,altered
fr,tri,es,tría,transparent
fr,triangle,es,triángulo,transparent
fr,triangulaire,es,triangular,altered
fr,tribal,es,tribal,transparent
fr,tribu,es,tribu,transparent
fr,tribunal,es,tribunal,transparent
fr,tribune,es,tribuna,transparent
fr,tribut,es,tributo,altered
fr,tributaire,es,tributario,transparent
fr,tricolore,es,tricolor,altered
fr,tricycle,es,triciclo,altered
fr,tridimensionnel,es,tridimensional,altered
fr,trier,es,triar,transparent
fr,trilogie,es,trilogía,altered
fr,trimestre,es,trimestre,transparent
fr,trimestriel,es,trimestral,altered
fr,trinité,es,trinidad,altered
fr,trio,es,trío,transparent
fr,triomphal,es,triunfal,transparent
fr,triomphateur,es,triunfador,altered
fr,triomphe,es,triunfo,altered
fr,triompher,es,triunfar,altered
fr,trip,es,trip,transparent
fr,tripe,es,tripa,transparent
fr,triple,es,triple,transparent
fr,tripler,es,triplicar,altered
fr,triplé,es,triple,altered
fr,triste,es,triste,transparent
fr,tristement,es,tristemente,transparent
fr,tristesse,es,tristeza,altered
fr,triton,es,tritón,transparent
fr,triturer,es,triturar,altered
fr,trivial,es,trivial,transparent
fr,troc,es,trueque,altered
fr,trois,es,tres,altered
fr,troll,es,trolls,transparent
fr,trompette,es,trompeta,altered
fr,tronc,es,tronco,transparent
fr,tronquer,es,truncar,altered
fr,trophée,es,trofeo,altered
fr,tropical,es,tropical,transparent
fr,tropique,es,trópico,transparent
fr,trot,es,trote,altered
fr,trotter,es,trotar,altered
fr,troupe,es,tropa,altered
fr,troyen,es,troyano,altered
fr,truc,es,truco,transparent
fr,truite,es,trucha,altered
fr,trésor,es,tesoro,altered
fr,trésorerie,es,tesorería,altered
fr,trésorier,es,tesorero,altered
fr,trêve,es,tregua,altered
fr,trône,es,trono,altered
fr,tsar,es,zar,altered
fr,tsunami,es,tsunami,transparent
fr,tu,es,tú,transparent
fr,tube,es,tubo,altered
fr,tubercule,es,tubérculo,transparent
fr,tuberculose,es,tuberculosis,altered
fr,tumeur,es,tumor,altered
fr,tumulte,es,tumulto,transparent
fr,tunique,es,túnica,transparent
fr,tunisien,es,tunecino,altered
fr,tunnel,es,túnel,transparent
fr,turbo,es,turbo,transparent
fr,turbulence,es,turbulencia,transparent
fr,turbulent,es,turbulento,transparent
fr,turc,es,turco,altered
fr,turquie,es,turquía,transparent
fr,turquoise,es,turquesa,transparent
fr,tutelle,es,tutela,altered
fr,tuteur,es,tutor,altered
fr,tutoriel,es,tutorial,transparent
fr,tweet,es,tweet,transparent
fr,tweets,es,tweets,transparent
fr,twenty,es,twenty,transparent
fr,twitter,es,twitter,transparent
fr,type,es,tipo,transparent
fr,typhon,es,tifón,altered
fr,typique,es,típico,altered
fr,typiquement,es,típicamente,transparent
fr,typographie,es,tipografía,altered
fr,typologie,es,tipología,altered
fr,tyran,es,tirano,altered
fr,tyrannie,es,tiranía,altered
fr,télescope,es,telescopio,altered
fr,télé,es,tele,transparent
fr,télécharger,es,descargar,altered
fr,télécommunication,es,telecomunicación,transparent
fr,télécommunications,es,telecomunicación,transparent
fr,télégramme,es,telegrama,altered
fr,télégraphe,es,telégrafo,transparent
fr,téléphoner,es,teléfono,transparent
fr,téléphonie,es,telefonía,transparent
fr,téléphonique,es,telefónico,transparent
fr,téléspectateur,es,televidente,altered
fr,téléviseur,es,televisor,altered
fr,télévision,es,televisión,transparent
fr,télévisé,es,televisivo,altered
fr,témoignage,es,testimonio,altered
fr,témoigner,es,testimoniar,altered
fr,téméraire,es,temerario,transparent
fr,ténor,es,tenor,transparent
fr,ténèbre,es,tiniebla,altered
fr,ténèbres,es,tiniebla,altered
fr,ténébreux,es,tenebroso,transparent
fr,tétine,es,teta,altered
fr,ukraine,es,ucranio,transparent
fr,ukrainien,es,ucranio,altered
fr,ulcère,es,úlcera,transparent
fr,ultime,es,último,altered
fr,ultimement,es,ultimamente,altered
fr,ultra,es,ultra,transparent
fr,ultérieur,es,ulterior,transparent
fr,ultérieurement,es,ulteriormente,transparent
fr,un,es,uno,transparent
fr,unanime,es,unánime,transparent
fr,unanimité,es,unanimidad,altered
fr,unesco,es,unesco,transparent
fr,uni,es,unir,transparent
fr,unification,es,unificación,transparent
fr,unifier,es,unificar,altered
fr,uniforme,es,uniforme,transparent
fr,uniformiser,es,uniformar,altered
fr,unilatéral,es,unilateral,altered
fr,union,es,unión,transparent
fr,unique,es,único,transparent
fr,uniquement,es,únicamente,altered
fr,unir,es,unir,transparent
fr,unitaire,es,unitario,transparent
fr,unité,es,unidad,altered
fr,univers,es,universo,altered
fr,universal,es,universal,transparent
fr,universel,es,universal,transparent
fr,universelle,es,universal,transparent
fr,universitaire,es,universitario,transparent
fr,université,es,universidad,altered
fr,uranium,es,uranio,transparent
fr,urbain,es,urbano,transparent
fr,urban,es,urbano,transparent
fr,urbanisation,es,urbanización,transparent
fr,urbanisme,es,urbanismo,transparent
fr,urbanistique,es,urbanístico,transparent
fr,urbs,es,urbe,altered
fr,urgemment,es,urgentemente,altered
fr,urgence,es,urgencia,transparent
fr,urgent,es,urgente,transparent
fr,urinaire,es,urinario,transparent
fr,urine,es,orina,altered
fr,urne,es,urna,altered
fr,uruguay,es,uruguay,transparent
fr,uruguayen,es,uruguayo,altered
fr,usage,es,usanza,altered
fr,usager,es,usuario,transparent
fr,user,es,usar,altered
fr,usine,es,usina,transparent
fr,ustensile,es,utensilio,altered
fr,usuel,es,usual,transparent
fr,usuellement,es,usualmente,altered
fr,usurper,es,usurpar,transparent
fr,utile,es,útil,transparent
fr,utilisable,es,utilizable,transparent
fr,utilisation,es,utilización,transparent
fr,utiliser,es,utilizar,transparent
fr,utilitaire,es,utilitario,transparent
fr,utilité,es,utilidad,transparent
fr,utopie,es,utopía,altered
fr,utopique,es,utópico,transparent
fr,utérus,es,útero,altered
fr,vacance,es,vacación,altered
fr,vacant,es,vacante,transparent
fr,vaccination,es,vacunación,transparent
fr,vacciner,es,vacunar,altered
fr,vaciller,es,vacilar,transparent
fr,vagabond,es,vagabundo,transparent
fr,vagin,es,vagina,altered
fr,vaginal,es,vaginal,transparent
fr,vague,es,vago,transparent
fr,vaguement,es,vagamente,transparent
fr,vaillance,es,valentía,altered
fr,vaillant,es,valiente,altered
fr,vain,es,vano,transparent
fr,vaincre,es,vencer,altered
fr,vainqueur,es,vencedor,altered
fr,vaisselle,es,vajilla,altered
fr,val,es,val,transparent
fr,valence,es,valencia,transparent
fr,valet,es,valet,transparent
fr,valeur,es,valor,altered
fr,validation,es,validación,altered
fr,valide,es,válido,transparent
fr,valider,es,validar,transparent
fr,validité,es,validez,altered
fr,valise,es,valija,altered
fr,vallée,es,vale,altered
fr,valoir,es,valer,altered
fr,valorisation,es,valoración,altered
fr,valoriser,es,valorizar,transparent
fr,valse,es,vals,altered
fr,valve,es,válvula,altered
fr,vampire,es,vampiro,altered
fr,vandalisme,es,vandalismo,transparent
fr,vanille,es,vainilla,altered
fr,vanité,es,vanidad,altered
fr,vapeur,es,vapor,altered
fr,variable,es,variable,transparent
fr,variant,es,variante,transparent
fr,variante,es,variante,transparent
fr,variation,es,variación,transparent
fr,varier,es,varios,altered
fr,variété,es,variedad,transparent
fr,vasculaire,es,vascular,altered
fr,vassal,es,vasallo,altered
fr,vaste,es,vasto,transparent
fr,vatican,es,vaticano,transparent
fr,vecteur,es,vector,altered
fr,veille,es,vigilia,altered
fr,veine,es,vena,altered
fr,vendanger,es,vendimiar,altered
fr,vendeur,es,vendedor,transparent
fr,vendre,es,vender,transparent
fr,venezuela,es,venezuela,transparent
fr,vengeance,es,venganza,altered
fr,venger,es,vengar,transparent
fr,vengeur,es,vengador,altered
fr,venir,es,venir,transparent
fr,venise,es,venecia,altered
fr,vent,es,viento,altered
fr,vente,es,venta,altered
fr,ventilateur,es,ventilador,altered
fr,ventilation,es,ventilación,transparent
fr,ventiler,es,ventilar,transparent
fr,ventre,es,vientre,altered
fr,verbal,es,verbal,transparent
fr,verbalement,es,verbalmente,transparent
fr,verbe,es,verbo,transparent
fr,verdict,es,veredicto,transparent
fr,verdure,es,verdura,transparent
fr,verge,es,verga,transparent
fr,verger,es,vergel,altered
fr,verrière,es,vidriera,altered
fr,vers,es,verse,altered
fr,versant,es,vertiente,altered
fr,verse,es,verso,altered
fr,verser,es,verter,altered
fr,verset,es,versículo,altered
fr,version,es,versión,transparent
fr,verso,es,verso,transparent
fr,versus,es,versus,transparent
fr,vert,es,verde,altered
fr,verte,es,verde,transparent
fr,vertical,es,vertical,transparent
fr,verticale,es,vertical,transparent
fr,vertige,es,vértigo,altered
fr,vertigineux,es,vertiginoso,transparent
fr,vertu,es,virtud,altered
fr,vertueux,es,virtuoso,altered
fr,vertébral,es,vertebral,transparent
fr,vestiaire,es,vestuario,altered
fr,vestibule,es,vestíbulo,transparent
fr,vestige,es,vestigio,transparent
fr,veto,es,veto,transparent
fr,via,es,vía,transparent
fr,viabilité,es,viabilidad,transparent
fr,viable,es,viable,transparent
fr,viaire,es,vial,altered
fr,vibrant,es,vibrante,transparent
fr,vibration,es,vibración,transparent
fr,vibrer,es,vibrar,transparent
fr,vicaire,es,vicario,transparent
fr,vice,es,vice,transparent
fr,vicier,es,viciar,altered
fr,vicieux,es,vicioso,altered
fr,vicinal,es,vecinal,altered
fr,vicomte,es,vizconde,altered
fr,victime,es,víctima,transparent
fr,victoire,es,victoria,transparent
fr,victoria,es,victoria,transparent
fr,victorien,es,victoriano,altered
fr,victorieux,es,victorioso,altered
fr,video,es,vídeo,transparent
fr,videos,es,video,transparent
fr,vider,es,vaciar,altered
fr,vidéo,es,video,transparent
fr,vidéoclip,es,videoclip,altered
fr,vie,es,vida,altered
fr,vieillesse,es,vejez,altered
fr,vielle,es,vihuela,altered
fr,vierge,es,virgen,altered
fr,vietnam,es,vietnam,transparent
fr,vietnamien,es,vietnamita,altered
fr,vieux,es,viejo,altered
fr,vigilance,es,vigilancia,transparent
fr,vigilant,es,vigilante,altered
fr,vigne,es,viña,altered
fr,vignette,es,viñeta,altered
fr,vignoble,es,viña,altered
fr,vigogne,es,vicuña,altered
fr,vigoureux,es,vigoroso,altered
fr,vigueur,es,vigor,altered
fr,viking,es,vikingo,transparent
fr,vil,es,vil,transparent
fr,vilain,es,villano,altered
fr,villa,es,villa,transparent
fr,village,es,village,transparent
fr,ville,es,villa,altered
fr,vin,es,vino,altered
fr,vinaigre,es,vinagre,transparent
fr,vingt,es,veinte,altered
fr,vingtaine,es,veintena,altered
fr,vingtième,es,vigésimo,altered
fr,vintage,es,vintage,transparent
fr,vinyle,es,vinilo,altered
fr,violation,es,violación,transparent
fr,violemment,es,violentamente,altered
fr,violence,es,violencia,transparent
fr,violent,es,violento,transparent
fr,violenter,es,violentar,transparent
fr,violer,es,violar,transparent
fr,violet,es,violeta,altered
fr,violette,es,violeta,altered
fr,violeur,es,violador,altered
fr,violon,es,violín,altered
fr,vipère,es,víbora,altered
fr,virage,es,viraje,transparent
fr,viral,es,viral,transparent
fr,virement,es,viraje,altered
fr,virer,es,virar,transparent
fr,virginité,es,virginidad,transparent
fr,virilité,es,virilidad,transparent
fr,virtuel,es,virtual,altered
fr,virtuellement,es,virtualmente,transparent
fr,virtuose,es,virtuoso,transparent
fr,virus,es,virus,transparent
fr,vis,es,vis,transparent
fr,visa,es,visar,transparent
fr,viscose,es,viscosa,transparent
fr,viscéral,es,visceral,transparent
fr,viseur,es,visor,altered
fr,visibilité,es,visibilidad,altered
fr,visible,es,visible,transparent
fr,visiblement,es,visiblemente,transparent
fr,vision,es,visión,transparent
fr,visionnaire,es,visionario,altered
fr,visiter,es,visitar,transparent
fr,visiteur,es,visitante,altered
fr,visqueux,es,viscoso,altered
fr,vista,es,vista,transparent
fr,visualisation,es,visualización,transparent
fr,visualiser,es,visualizar,altered
fr,visuel,es,visual,transparent
fr,visuellement,es,visualmente,transparent
fr,visé,es,visado,altered
fr,vita,es,vida,altered
fr,vital,es,vital,transparent
fr,vitalité,es,vitalidad,transparent
fr,vitamine,es,vitamina,transparent
fr,vitrine,es,vitrina,transparent
fr,vivant,es,viviente,altered
fr,vivement,es,vivamente,transparent
fr,vivier,es,vivero,altered
fr,vivre,es,vivir,altered
fr,vocable,es,vocablo,transparent
fr,vocabulaire,es,vocabulario,altered
fr,vocal,es,vocal,transparent
fr,vocaliste,es,vocalista,transparent
fr,vocation,es,vocación,transparent
fr,vodka,es,vodka,transparent
fr,voeu,es,voto,altered
fr,voie,es,vía,transparent
fr,voiler,es,velar,altered
fr,voilier,es,velero,altered
fr,voir,es,ver,altered
fr,voisin,es,vecino,altered
fr,voix,es,voz,altered
fr,vol,es,vuelo,altered
fr,volant,es,volante,transparent
fr,volatile,es,volátil,altered
fr,volatilité,es,volatilidad,transparent
fr,volcan,es,volcán,transparent
fr,volcanique,es,volcánico,transparent
fr,voler,es,volar,transparent
fr,volet,es,volante,altered
fr,volontaire,es,voluntario,transparent
fr,volontairement,es,voluntariamente,altered
fr,volontariat,es,voluntariado,altered
fr,volonté,es,voluntad,altered
fr,voltage,es,voltaje,transparent
fr,volte,es,vuelta,altered
fr,volume,es,volumen,transparent
fr,vomir,es,vomitar,altered
fr,vomissement,es,vómito,altered
fr,votant,es,votante,transparent
fr,votation,es,votación,altered
fr,vote,es,voto,altered
fr,voter,es,votar,transparent
fr,voyage,es,viaje,altered
fr,voyager,es,viajar,altered
fr,voyageur,es,viajero,altered
fr,voyant,es,vidente,altered
fr,vraiment,es,verdaderamente,altered
fr,vulgaire,es,vulgar,transparent
fr,vulnérabilité,es,vulnerabilidad,transparent
fr,vulnérable,es,vulnerable,transparent
fr,végétal,es,vegetal,transparent
fr,végétarien,es,vegetariano,altered
fr,végétation,es,vegetación,altered
fr,véhicule,es,vehículo,transparent
fr,véhiculer,es,vehicular,transparent
fr,véloce,es,veloz,altered
fr,vélocité,es,velocidad,transparent
fr,vélodrome,es,velódromo,transparent
fr,vénitien,es,veneciano,altered
fr,vénus,es,venus,transparent
fr,vénéneux,es,venenoso,transparent
fr,vénérable,es,venerable,transparent
fr,vénérer,es,venerar,transparent
fr,vénézuélien,es,venezolano,altered
fr,véracité,es,veracidad,altered
fr,véridique,es,verídico,transparent
fr,vérification,es,verificación,transparent
fr,vérifier,es,verificar,transparent
fr,véritable,es,verdadero,altered
fr,véritablement,es,verdaderamente,altered
fr,vérité,es,verdad,altered
fr,vétéran,es,veterano,altered
fr,vétérinaire,es,veterinario,altered
fr,vêtement,es,vestimenta,altered
fr,vêtir,es,vestir,altered
fr,vêture,es,vestidura,altered
fr,vôtre,es,vuestro,altered
fr,vœu,es,voto,altered
fr,waffles,es,waffles,transparent
fr,wagon,es,vagón,transparent
fr,walk,es,walk,transparent
fr,watt,es,watt,transparent
fr,web,es,web,transparent
fr,weber,es,weber,transparent
fr,welcome,es,welcome,transparent
fr,western,es,western,transparent
fr,whisky,es,whisky,transparent
fr,wikipédia,es,wikipedia,transparent
fr,winter,es,invierno,altered
fr,word,es,word,transparent
fr,xénophobe,es,xenófobo,altered
fr,xénophobie,es,xenofobia,altered
fr,yacht,es,yate,altered
fr,yankee,es,yanqui,altered
fr,yaourt,es,yogur,altered
fr,yard,es,yarda,transparent
fr,yen,es,yen,transparent
fr,yoga,es,yoga,transparent
fr,yougoslavie,es,yugoslavia,altered
fr,yuan,es,yuan,transparent
fr,zambie,es,zambia,altered
fr,zen,es,zen,transparent
fr,zero,es,cero,altered
fr,zeus,es,zeus,transparent
fr,zinc,es,zinc,transparent
fr,zombie,es,zombi,altered
fr,zone,es,zona,transparent
fr,zoo,es,zoo,transparent
fr,zoologique,es,zoológico,transparent
fr,zoom,es,zoom,transparent
fr,zèle,es,celo,altered
fr,zénith,es,cenit,altered
fr,zéro,es,cero,altered
fr,zêta,es,zeta,transparent
fr,âme,es,alma,altered
fr,âne,es,asno,altered
fr,âpre,es,áspero,altered
fr,çà,es,acá,altered
fr,ébola,es,ébola,transparent
fr,ébullition,es,ebullición,transparent
fr,écaille,es,escama,altered
fr,écarter,es,descartar,altered
fr,échappement,es,escape,altered
fr,échapper,es,escapar,altered
fr,échappé,es,escapar,altered
fr,échec,es,jaque,altered
fr,échelon,es,escalón,altered
fr,écho,es,eco,altered
fr,éclaircir,es,aclarar,altered
fr,éclairer,es,esclarecer,altered
fr,éclater,es,estallar,altered
fr,éclipse,es,eclipse,altered
fr,éclipser,es,eclipsar,altered
fr,éco,es,eco,transparent
fr,école,es,escuela,altered
fr,écolier,es,escolar,altered
fr,écolo,es,ecólogo,altered
fr,écologie,es,ecología,transparent
fr,écologique,es,ecológico,altered
fr,écologiste,es,ecologista,transparent
fr,économie,es,economía,transparent
fr,économique,es,económico,transparent
fr,économiquement,es,económicamente,altered
fr,économiser,es,economizar,altered
fr,économiste,es,economista,transparent
fr,écossais,es,escocés,altered
fr,écosystème,es,ecosistema,transparent
fr,écoulement,es,escurrimiento,altered
fr,écouler,es,escurrir,altered
fr,écoute,es,escucha,altered
fr,écouter,es,escuchar,altered
fr,écrasant,es,aplastante,altered
fr,écrire,es,escribir,altered
fr,écrit,es,escrito,altered
fr,écriture,es,escritura,transparent
fr,écu,es,escudo,altered
fr,écume,es,espuma,altered
fr,écuyer,es,escudero,altered
fr,édification,es,edificación,transparent
fr,édifice,es,edificio,altered
fr,édifier,es,edificar,transparent
fr,édile,es,edil,transparent
fr,édit,es,edicto,altered
fr,éditer,es,editar,transparent
fr,éditeur,es,editor,transparent
fr,édition,es,edición,transparent
fr,éditorial,es,editorial,transparent
fr,éducateur,es,educador,transparent
fr,éducatif,es,educativo,transparent
fr,éducation,es,educación,altered
fr,éducationnel,es,educacional,altered
fr,éduquer,es,educar,altered
fr,égal,es,igual,transparent
fr,également,es,igualmente,transparent
fr,égaler,es,igualar,altered
fr,égalitaire,es,igualitario,transparent
fr,égide,es,égida,transparent
fr,égoïsme,es,egoísmo,altered
fr,égoïste,es,egoísta,transparent
fr,égypte,es,egipto,altered
fr,égyptien,es,egipcio,altered
fr,égyptienne,es,egipcio,transparent
fr,élaboration,es,elaboración,transparent
fr,élaborer,es,elaborar,transparent
fr,élaboré,es,elaborar,transparent
fr,élasticité,es,elasticidad,transparent
fr,élastique,es,elástico,altered
fr,électeur,es,elector,altered
fr,élection,es,elección,altered
fr,électoral,es,electoral,transparent
fr,électorat,es,electorado,altered
fr,électricien,es,electricista,altered
fr,électricité,es,electricidad,transparent
fr,électrique,es,eléctrico,altered
fr,électro,es,electro,transparent
fr,électrode,es,electrodo,transparent
fr,électromagnétique,es,electromagnético,transparent
fr,électroménager,es,electrodoméstico,altered
fr,électron,es,electrón,transparent
fr,électronique,es,electrónico,transparent
fr,élever,es,elevar,transparent
fr,élevé,es,elevar,transparent
fr,éligible,es,elegible,transparent
fr,élimination,es,eliminación,transparent
fr,éliminatoire,es,eliminatoria,transparent
fr,éliminer,es,eliminar,transparent
fr,éliminé,es,eliminar,transparent
fr,élire,es,elegir,altered
fr,élite,es,élite,transparent
fr,éloge,es,elogio,altered
fr,éloquent,es,elocuente,altered
fr,éluder,es,eludir,transparent
fr,élysée,es,eliseo,altered
fr,élégance,es,elegancia,altered
fr,élégant,es,elegante,transparent
fr,élégie,es,elegía,altered
fr,élément,es,elemento,transparent
fr,élémentaire,es,elemental,altered
fr,éléphant,es,elefante,altered
fr,élévation,es,elevación,transparent
fr,émail,es,esmalte,altered
fr,émancipation,es,emancipación,altered
fr,émaner,es,emanar,altered
fr,émeraude,es,esmeralda,altered
fr,émergent,es,emergente,transparent
fr,émerger,es,emerger,transparent
fr,émettre,es,emitir,altered
fr,émigrant,es,emigrante,altered
fr,émigration,es,emigración,altered
fr,émigrer,es,emigrar,altered
fr,émigré,es,emigrado,transparent
fr,éminence,es,eminencia,transparent
fr,éminent,es,eminente,altered
fr,émir,es,emir,transparent
fr,émirat,es,emirato,altered
fr,émissaire,es,emisario,transparent
fr,émission,es,emisión,transparent
fr,émotif,es,emotivo,transparent
fr,émotion,es,emoción,transparent
fr,émotionnel,es,emocional,altered
fr,émotionnellement,es,emocionalmente,transparent
fr,émouvant,es,emocionante,altered
fr,émouvoir,es,emocionar,altered
fr,émuler,es,emular,transparent
fr,énergie,es,energía,transparent
fr,énergique,es,enérgico,transparent
fr,énergétique,es,energética,altered
fr,énerver,es,enervar,transparent
fr,énervé,es,enervar,altered
fr,énigmatique,es,enigmático,transparent
fr,énigme,es,enigma,altered
fr,énième,es,enésimo,altered
fr,énoncé,es,enunciado,transparent
fr,énorme,es,enorme,transparent
fr,énormément,es,enormemente,transparent
fr,énumérer,es,enumerar,transparent
fr,éolien,es,eólico,altered
fr,éolienne,es,eólico,altered
fr,épaisseur,es,espesor,altered
fr,éparpiller,es,esparcir,altered
fr,épaule,es,espalda,altered
fr,éphémère,es,efímero,altered
fr,épicentre,es,epicentro,transparent
fr,épidémie,es,epidemia,transparent
fr,épier,es,espiar,transparent
fr,épilepsie,es,epilepsia,altered
fr,épine,es,espina,altered
fr,épineux,es,espinoso,altered
fr,épique,es,épica,altered
fr,épiscopal,es,episcopal,altered
fr,épisode,es,episodio,altered
fr,épithète,es,epíteto,altered
fr,éponge,es,esponja,altered
fr,éponyme,es,epónimo,altered
fr,épopée,es,epopeya,transparent
fr,époque,es,época,transparent
fr,époux,es,esposo,altered
fr,éprouver,es,probar,transparent
fr,épuration,es,depuración,altered
fr,épître,es,epístola,altered
fr,équateur,es,ecuador,altered
fr,équation,es,ecuación,altered
fr,équatorial,es,ecuatorial,altered
fr,équatorien,es,ecuatoriano,altered
fr,équestre,es,ecuestre,transparent
fr,équilibre,es,equilibrio,transparent
fr,équilibrer,es,equilibrar,transparent
fr,équilibré,es,equilibrado,transparent
fr,équipe,es,equipo,transparent
fr,équipement,es,equipamiento,altered
fr,équiper,es,equipar,transparent
fr,équipé,es,equipado,transparent
fr,équitable,es,equitativo,altered
fr,équitation,es,equitación,altered
fr,équité,es,equidad,transparent
fr,équivalence,es,equivalencia,transparent
fr,équivalent,es,equivalente,transparent
fr,équivaloir,es,equivaler,altered
fr,équivoque,es,equivocación,altered
fr,éradication,es,erradicación,transparent
fr,éradiquer,es,erradicar,altered
fr,érection,es,erección,altered
fr,ériger,es,erigir,transparent
fr,érosion,es,erosión,transparent
fr,érotique,es,erótico,transparent
fr,érudit,es,erudito,altered
fr,éruption,es,erupción,transparent
fr,établi,es,establecer,transparent
fr,établir,es,establecerse,altered
fr,établissement,es,establecimiento,altered
fr,étagère,es,estante,altered
fr,étai,es,estay,transparent
fr,étang,es,estanque,transparent
fr,étape,es,etapa,transparent
fr,état,es,estado,altered
fr,étatique,es,estatal,altered
fr,éteindre,es,extinguir,altered
fr,éteint,es,extinguir,altered
fr,étendard,es,estandarte,altered
fr,étendre,es,extender,altered
fr,étendu,es,extender,transparent
fr,étendue,es,extender,altered
fr,éternel,es,eterno,transparent
fr,éternellement,es,eternamente,altered
fr,éternité,es,eternidad,altered
fr,éternuer,es,estornudar,altered
fr,éthique,es,ética,transparent
fr,étiqueter,es,etiquetar,altered
fr,étiquette,es,etiqueta,altered
fr,étiqueté,es,etiquetado,altered
fr,étirer,es,estirar,transparent
fr,étrange,es,extraño,altered
fr,étrangement,es,extrañamente,altered
fr,étranger,es,extranjero,altered
fr,étrangler,es,estrangular,altered
fr,étreindre,es,estrechar,altered
fr,étroit,es,estrecho,altered
fr,étroite,es,estrecho,altered
fr,étroitement,es,estrechamente,altered
fr,étude,es,estudio,transparent
fr,étudiant,es,estudiante,altered
fr,étudier,es,estudiar,transparent
fr,étudié,es,estudiar,transparent
fr,étui,es,estuche,altered
fr,étuve,es,estufa,altered
fr,étymologie,es,etimología,transparent
fr,évacuation,es,evacuación,transparent
fr,évacuer,es,evacuar,transparent
fr,évacué,es,evacuado,altered
fr,évader,es,evadir,altered
fr,évaluation,es,evaluación,transparent
fr,évaluer,es,evaluar,transparent
fr,évangile,es,evangelio,altered
fr,évangélique,es,evangélico,altered
fr,évangélisation,es,evangelización,altered
fr,évangéliste,es,evangelista,transparent
fr,évaporer,es,evaporar,transparent
fr,évasion,es,evasión,transparent
fr,éventualité,es,eventualidad,transparent
fr,évidence,es,evidencia,transparent
fr,évident,es,evidente,transparent
fr,éviter,es,evitar,transparent
fr,évocation,es,evocación,transparent
fr,évoluer,es,evolucionar,transparent
fr,évolutif,es,evolutivo,transparent
fr,évolution,es,evolución,altered
fr,évolué,es,evolucionar,altered
fr,évoquer,es,evocar,transparent
fr,événement,es,evento,altered
fr,île,es,isla,altered
fr,îlot,es,islote,altered
