receiver_lang,receiver_word,donor_lang,donor_word,class
es,abba,hy,աբբաս,transparent
es,abel,hy,աբել,transparent
es,abjasia,hy,աբխազիա,altered
es,aborto,hy,աբորտ,altered
es,abril,hy,ապրիլ,transparent
es,abstracto,hy,աբստրակտ,altered
es,absurdo,hy,աբսուրդ,altered
es,abás,hy,աբաս,transparent
es,academia,hy,ակադեմիա,transparent
es,académico,hy,ակադեմիական,altered
es,accesorio,hy,աքսեսուար,altered
es,acción,hy,ակցիա,altered
es,acento,hy,ակցենտով,altered
es,acetona,hy,ացետոն,altered
es,acre,hy,ակր,transparent
es,action,hy,ակցիա,altered
es,activación,hy,ակտիվացում,altered
es,activamente,hy,ակտիվորեն,transparent
es,activar,hy,ակտիվացնել,altered
es,actividad,hy,ակտիվություն,altered
es,activista,hy,ակտիվիստ,transparent
es,activo,hy,ակտիվ,transparent
es,acto,hy,ակտ,altered
es,actual,hy,ակտուալ,transparent
es,acuario,hy,ակվարիում,altered
es,acústico,hy,ակուստիկ,altered
es,adana,hy,ադանայի,transparent
es,adaptación,hy,ադապտացիա,transparent
es,adaptar,hy,ադապտացվել,transparent
es,adecuar,hy,ադեկվատ,altered
es,administración,hy,ադմինիստրացիա,transparent
es,administrador,hy,ադմինիստրատոր,altered
es,administrativo,hy,ադմինիստրատիվ,transparent
es,adriano,hy,ադրիանո,transparent
es,adrián,hy,ադրիան,transparent
es,adán,hy,ադամ,altered
es,aeróbico,hy,աերոբիկ,altered
es,afectivo,hy,աֆեկտիվ,altered
es,afganistán,hy,աֆղանստան,transparent
es,afgano,hy,աֆղանական,altered
es,aforismo,hy,աֆորիզմը,transparent
es,africano,hy,աֆրիկյան,altered
es,afroamericano,hy,աֆրոամերիկացի,altered
es,agosto,hy,օգոստոս,transparent
es,agregado,hy,ագրեգատներ,altered
es,agresivo,hy,ագրեսիվ,transparent
es,agresión,hy,ագրեսիա,altered
es,agresor,hy,ագրեսոր,transparent
es,agustín,hy,օգոստինոս,altered
es,alaska,hy,ալյասկայի,transparent
es,albania,hy,ալբանիա,transparent
es,albanés,hy,ալբանական,altered
es,alberto,hy,ալբերտո,transparent
es,albán,hy,ալբան,transparent
es,alcohol,hy,ալկոհոլ,transparent
es,alcoholismo,hy,ալկոհոլիզմ,altered
es,alcohólico,hy,ալկոհոլային,altered
es,alejandra,hy,ալեքսանդրա,altered
es,alejandro,hy,ալեքսանդր,altered
es,alergia,hy,ալերգիա,transparent
es,alfa,hy,ալֆա,transparent
es,alfonso,hy,ալֆոնսո,transparent
es,alfredo,hy,ալֆրեդ,altered
es,algoritmo,hy,ալգորիթմ,altered
es,alianza,hy,ալյանս,altered
es,alina,hy,ալինա,transparent
es,alma,hy,ալմա,transparent
es,almanaque,hy,ալմանախ,transparent
es,alonso,hy,ալոնսոն,transparent
es,alpino,hy,ալպիական,altered
es,alternativa,hy,ալտերնատիվ,altered
es,alucinación,hy,հալյուցինացիա,altered
es,aluminio,hy,ալյումին,altered
es,alá,hy,ալլահ,transparent
es,alérgeno,hy,ալերգեններ,transparent
es,alérgico,hy,ալերգիկ,transparent
es,ambicioso,hy,ամբիցիոզ,transparent
es,ambición,hy,ամբիցիա,altered
es,ambulatorio,hy,ամբուլատոր,transparent
es,americano,hy,ամերիկյան,transparent
es,aminoácido,hy,ամինաթթու,altered
es,amoníaco,hy,ամոնիակի,altered
es,amundsen,hy,ամունդսենի,transparent
es,ana,hy,անա,transparent
es,anal,hy,անալ,transparent
es,analítico,hy,անալիտիկ,altered
es,analógico,hy,անալոգային,altered
es,ananías,hy,անանիա,altered
es,anastasia,hy,անաստասիա,transparent
es,anastasio,hy,անաստաս,altered
es,anatolia,hy,անատոլի,altered
es,anatomía,hy,անատոմիա,transparent
es,anatómico,hy,անատոմիական,altered
es,andersen,hy,անդերսեն,transparent
es,andorra,hy,անդորր,altered
es,andrea,hy,անդրեա,transparent
es,andrés,hy,անդրեաս,altered
es,anglicano,hy,անգլիկան,altered
es,animación,hy,անիմացիոն,altered
es,anna,hy,աննա,transparent
es,anomalía,hy,անոմալիա,transparent
es,anormal,hy,աննորմալ,transparent
es,antena,hy,անտենան,transparent
es,antibacterial,hy,հակաբակտերիալ,altered
es,antibiótico,hy,հակաբիոտիկ,altered
es,anticorrupción,hy,հակակոռուպցիոն,altered
es,antioquía,hy,անտիոքի,transparent
es,antonio,hy,անտոնիո,transparent
es,antártida,hy,անտարկտիդա,transparent
es,antón,hy,անտոն,transparent
es,análogo,hy,անալոգ,transparent
es,anécdota,hy,անեկդոտ,transparent
es,aníbal,hy,հաննիբալ,altered
es,anómalo,hy,անոմալ,transparent
es,aorta,hy,աորտա,transparent
es,aparato,hy,ապարատ,altered
es,apocalipsis,hy,ապոկալիպսիս,transparent
es,arabia,hy,արաբիա,transparent
es,aragón,hy,արագոն,transparent
es,ararat,hy,արարատ,transparent
es,arbitraje,hy,արբիտրաժային,altered
es,archivo,hy,արխիվ,altered
es,arena,hy,արենա,transparent
es,argentino,hy,արգենտինա,transparent
es,argumento,hy,արգումենտ,transparent
es,ario,hy,արիական,transparent
es,aristócrata,hy,արիստոկրատ,altered
es,aristóteles,hy,արիստոտել,altered
es,arizona,hy,արիզոնա,transparent
es,armenio,hy,արմենիա,transparent
es,armónico,hy,հարմոնիկ,altered
es,arnoldo,hy,առնոլդ,altered
es,aromático,hy,արոմատիկ,altered
es,arsenal,hy,արսենալ,transparent
es,arte,hy,արվեստ,transparent
es,arteriosclerosis,hy,աթերոսկլերոզ,altered
es,artista,hy,արտիստ,transparent
es,arturo,hy,արթուր,altered
es,artístico,hy,արտիստական,transparent
es,arzobispo,hy,արքեպիսկոպոս,altered
es,asamblea,hy,ասամբլեա,altered
es,asfalto,hy,ասֆալտապատում,altered
es,asia,hy,ասիա,transparent
es,asimétrico,hy,ասիմետրիկ,transparent
es,asistente,hy,ասիստենտ,altered
es,asma,hy,ասթմա,altered
es,asociación,hy,ասոցիացիա,altered
es,asociado,hy,ասոցացվել,altered
es,asociar,hy,ասոցացնել,altered
es,asociativo,hy,ասոցիատիվ,transparent
es,aspecto,hy,ասպեկտ,transparent
es,aspirante,hy,ասպիրանտ,altered
es,astaná,hy,աստանա,transparent
es,asteroide,hy,աստերոիդ,transparent
es,astracán,hy,աստրախան,transparent
es,ateniense,hy,աթենացի,altered
es,ateo,hy,աթեիստ,altered
es,ateísmo,hy,աթեիզմ,altered
es,atlas,hy,ատլասը,transparent
es,atlántico,hy,ատլանտյան,altered
es,atlético,hy,ատլետիկո,altered
es,atolón,hy,ատոլ,altered
es,atracción,hy,ատրակցիոն,transparent
es,atributo,hy,ատրիբուտ,altered
es,atípico,hy,ատիպիկ,transparent
es,atómico,hy,ատոմային,altered
es,audio,hy,աուդիո,transparent
es,auditoría,hy,աուդիտ,altered
es,australia,hy,ավստրալիա,transparent
es,australiano,hy,ավստրալացի,altered
es,austria,hy,ավստրիա,altered
es,austriaco,hy,ավստրիական,altered
es,autismo,hy,աուտիզմ,altered
es,auto,hy,ավտո,transparent
es,autobús,hy,ավտոբուս,transparent
es,autoinmune,hy,աուտոիմուն,transparent
es,automatización,hy,ավտոմատացում,altered
es,automatizar,hy,ավտոմատացնել,altered
es,automovilístico,hy,ավտոմոբիլային,altered
es,automático,hy,ավտոմատ,altered
es,automóvil,hy,ավտոմոբիլ,transparent
es,autoritario,hy,ավտորիտար,transparent
es,aviación,hy,ավիացիա,transparent
es,azerbaiyano,hy,ազերի,altered
es,azteca,hy,ացտեկներ,altered
es,aída,hy,աիդա,transparent
es,babilonio,hy,բաբելոն,altered
es,babilónico,hy,բաբելոնյան,altered
es,bachata,hy,բաչատա,transparent
es,bachiller,hy,բակալավր,altered
es,bacteria,hy,բակտերիա,transparent
es,bacteriano,hy,բակտերիալ,altered
es,bagdad,hy,բաղդադ,transparent
es,bakú,hy,բաքու,transparent
es,bal,hy,բալ,transparent
es,balada,hy,բալլադը,transparent
es,balance,hy,բալանսը,altered
es,balancear,hy,բալանսավորված,altered
es,ballet,hy,բալետ,altered
es,balístico,hy,բալիստիկ,transparent
es,balón,hy,բալոններ,transparent
es,banca,hy,բանկ,transparent
es,bancario,hy,բանկային,altered
es,banco,hy,բանկ,transparent
es,bangladés,hy,բանգլադեշ,transparent
es,banquero,hy,բանկիր,altered
es,bar,hy,բար,transparent
es,barcelona,hy,բարսելոնա,transparent
es,baronesa,hy,բարոնուհի,altered
es,barricada,hy,բարիկադ,altered
es,barroco,hy,բարոկկո,altered
es,barítono,hy,բարիտոն,altered
es,barón,hy,բարոն,transparent
es,basalto,hy,բազալտ,altered
es,base,hy,բազա,altered
es,basilio,hy,վասիլ,altered
es,basquetbolista,hy,բասկետբոլիստ,altered
es,basílica,hy,բազիլիկ,transparent
es,batman,hy,բեթմենը,transparent
es,bazar,hy,բազարը,transparent
es,beirut,hy,բեյրութ,transparent
es,belga,hy,բելգիական,altered
es,belgrado,hy,բելգրադ,altered
es,bencina,hy,բենզին,altered
es,benjamín,hy,բենջամին,transparent
es,berlín,hy,բեռլին,transparent
es,beta,hy,բետա,transparent
es,bill,hy,բիլ,transparent
es,bistro,hy,բիստրո,transparent
es,bizantino,hy,բյուզանդական,altered
es,blake,hy,բլեյք,transparent
es,blog,hy,բլոգ,transparent
es,blogger,hy,բլոգ,altered
es,bloque,hy,բլոկ,altered
es,blusa,hy,բլյուզ,altered
es,bob,hy,բոբ,transparent
es,boicot,hy,բոյկոտ,altered
es,boicotear,hy,բոյկոտել,altered
es,bolchevique,hy,բոլշևիկ,altered
es,bolivia,hy,բոլիվիա,transparent
es,bolonia,hy,բոլոնիա,transparent
es,bomba,hy,բոմբ,altered
es,bonaparte,hy,բոնապարտ,transparent
es,bono,hy,բոնդ,altered
es,borbón,hy,բուրբոն,transparent
es,borussia,hy,բորուսիան,transparent
es,bosnio,hy,բոսնիա,transparent
es,boston,hy,բոստոն,transparent
es,boxeo,hy,բոքս,altered
es,boy,hy,բոյ,transparent
es,brand,hy,բրենդ,transparent
es,brasil,hy,բրազիլիա,altered
es,brasileño,hy,բրազիլացի,altered
es,bratislavo,hy,բրատիսլավա,transparent
es,bravo,hy,բրավո,transparent
es,bretaña,hy,բրիտանիա,altered
es,brigada,hy,բրիգադ,altered
es,británico,hy,բրիտանական,altered
es,broadway,hy,բրոդվեյ,transparent
es,bronce,hy,բրոնզե,altered
es,bronquio,hy,բրոնխներ,altered
es,brownie,hy,բրաունի,transparent
es,bruno,hy,բրունո,transparent
es,brócoli,hy,բրոկոլիով,altered
es,bucarest,hy,բուխարեստ,altered
es,buda,hy,բուդդա,transparent
es,budapest,hy,բուդապեշտ,transparent
es,bufé,hy,բուֆետ,transparent
es,bulevar,hy,բուլվար,altered
es,bulgakov,hy,բուլգակով,transparent
es,bulgaria,hy,բուլղարիա,transparent
es,bumerán,hy,բումերանգ,transparent
es,bundestag,hy,բունդեսթագ,transparent
es,burgo,hy,բուրգ,altered
es,burguesía,hy,բուրժուազիա,altered
es,burocracia,hy,բյուրոկրատիա,altered
es,burocrático,hy,բյուրոկրատական,altered
es,buró,hy,բյուրո,transparent
es,byron,hy,բայրոնի,transparent
es,báltico,hy,բալթիկ,altered
es,básquet,hy,բասկետբոլային,altered
es,básquetbol,hy,բասկետբոլ,altered
es,béisbol,hy,բեյսբոլ,altered
es,bélgica,hy,բելգիա,altered
es,búlgaro,hy,բուլղարական,altered
es,búnker,hy,բունկեր,transparent
es,cacao,hy,կակաո,transparent
es,cactus,hy,կակտուս,transparent
es,café,hy,կոֆե,altered
es,calcio,hy,կալցիում,altered
es,califa,hy,խալիֆ,altered
es,california,hy,կալիֆորնիայում,transparent
es,caloría,hy,կալորիաներ,altered
es,campeonato,hy,չեմպիոն,altered
es,campeón,hy,չեմպիոն,altered
es,canadiense,hy,կանադական,altered
es,canadá,hy,կանադա,transparent
es,canciller,hy,կանցլեր,altered
es,canguro,hy,կենգուրու,altered
es,canon,hy,կանոն,transparent
es,cantón,hy,կանտոն,transparent
es,canónico,hy,կանոնական,transparent
es,caos,hy,քաոս,altered
es,capital,hy,կապիտալ,transparent
es,capitalismo,hy,կապիտալիզմ,altered
es,capitalista,hy,կապիտալիստական,altered
es,capitalización,hy,կապիտալիզացիա,altered
es,capitolio,hy,կապիտոլիում,altered
es,capitulación,hy,կապիտուլյացիա,transparent
es,capitán,hy,կապիտան,transparent
es,capri,hy,կապրի,transparent
es,caramelo,hy,կարամել,altered
es,caravana,hy,քարավան,transparent
es,cardinal,hy,կարդինալ,transparent
es,caribeño,hy,կարիբյան,altered
es,carismático,hy,խարիզմատիկ,altered
es,carlo,hy,կարլո,transparent
es,carlos,hy,կառլոս,transparent
es,carlota,hy,շառլոտա,altered
es,carolina,hy,կարոլինա,transparent
es,carrera,hy,կարիերա,altered
es,carrusel,hy,կարուսել,altered
es,cascada,hy,կասկադ,altered
es,casino,hy,կազինո,transparent
es,casta,hy,կաստա,transparent
es,castilla,hy,կաստիլիա,transparent
es,catalina,hy,քեթրին,altered
es,catalizador,hy,կատալիզատոր,altered
es,cataluña,hy,կատալոնիա,altered
es,catalán,hy,կատալոնացի,altered
es,catastral,hy,կադաստրային,altered
es,catastro,hy,կադաստր,altered
es,categoría,hy,կատեգորիա,transparent
es,categórico,hy,կատեգորիկ,altered
es,catálogo,hy,կատալոգ,transparent
es,catástrofe,hy,կատաստրոֆ,altered
es,católico,hy,կաթոլիկ,altered
es,caviar,hy,խավիար,transparent
es,caótico,hy,քաոսային,altered
es,cemento,hy,ցեմենտ,altered
es,cenit,hy,զենիթ,altered
es,centauro,hy,կենտավրոս,transparent
es,centrado,hy,կենտրոնացված,altered
es,central,hy,կենտրոնական,transparent
es,centrar,hy,կենտրոնանալ,altered
es,centro,hy,կենտրոն,altered
es,centímetro,hy,սանտիմետր,altered
es,cero,hy,զրո,altered
es,certificado,hy,սերտիֆիկատ,altered
es,cerámica,hy,կերամիկայի,transparent
es,cerámico,hy,կերամիկական,altered
es,cesárea,hy,կեսար,altered
es,chaikovski,hy,չայկովսկի,altered
es,champán,hy,շամպայն,altered
es,champú,hy,շամպունի,altered
es,chantaje,hy,շանտաժ,altered
es,chaplin,hy,չապլինը,altered
es,charter,hy,չարթերի,transparent
es,checo,hy,չեխ,altered
es,checoslovaquia,hy,չեխոսլովակիա,altered
es,chef,hy,շեֆ,transparent
es,chelsea,hy,չելսի,transparent
es,chicago,hy,չիկագո,transparent
es,chile,hy,չիլի,transparent
es,chimpancé,hy,շիմպանզե,altered
es,chino,hy,չինաստան,altered
es,chocolate,hy,շոկոլադ,altered
es,churchill,hy,չերչիլը,transparent
es,ciclo,hy,ցիկլ,transparent
es,ciclón,hy,ցիկլոն,transparent
es,cigarro,hy,սիգար,altered
es,cinc,hy,ցինկ,transparent
es,cine,hy,կինո,altered
es,cineasta,hy,կինոռեժիսոր,transparent
es,cinematografía,hy,կինեմատոգրաֆիա,transparent
es,cinematográfico,hy,կինեմատոգրաֆիական,altered
es,cinematógrafo,hy,կինեմատոգրաֆ,altered
es,cinismo,hy,ցինիզմ,altered
es,cinético,hy,կինետիկ,altered
es,cirilo,hy,կիրիլ,altered
es,cita,hy,ցիտատ,altered
es,citoplasma,hy,ցիտոպլազմա,altered
es,clase,hy,կլաս,altered
es,clasicismo,hy,կլասիցիզմի,altered
es,claudio,hy,կլաուդիո,transparent
es,cleopatra,hy,կլեոպատրա,transparent
es,clima,hy,կլիմա,transparent
es,climático,hy,կլիմայական,altered
es,cloro,hy,քլոր,altered
es,clásico,hy,կլասիկ,altered
es,clínica,hy,կլինիկա,transparent
es,clínico,hy,կլինիկական,transparent
es,coalición,hy,կոալիցիա,altered
es,cocaína,hy,կոկաին,altered
es,coco,hy,կոկոս,altered
es,cocodrilo,hy,կոկորդիլոս,altered
es,codificación,hy,կոդավորման,altered
es,cognitivo,hy,կոգնիտիվ,altered
es,coleccionista,hy,կոլեկցիոն,altered
es,colección,hy,կոլեկցիոն,transparent
es,colectivo,hy,կոլեկտիվ,altered
es,colega,hy,կոլեգա,transparent
es,colegial,hy,կոլեգիալ,transparent
es,colegiata,hy,կոլեգիա,altered
es,colegio,hy,քոլեջ,altered
es,colesterol,hy,խոլեստերին,altered
es,colombia,hy,կոլումբիա,altered
es,colín,hy,քոլին,altered
es,colón,hy,կոլումբոս,altered
es,coma,hy,կոմա,transparent
es,combinación,hy,կոմբինացիա,transparent
es,comedia,hy,կոմեդիա,transparent
es,comercial,hy,կոմերցիոն,altered
es,comisario,hy,կոմիսար,altered
es,comité,hy,կոմիտե,transparent
es,compacto,hy,կոմպակտ,altered
es,competente,hy,կոմպետենտ,altered
es,complejo,hy,կոմպլեքս,altered
es,complementar,hy,կոմպլեմենտար,transparent
es,componente,hy,կոմպոնենտ,transparent
es,composición,hy,կոմպոզիցիա,altered
es,compositor,hy,կոմպոզիտոր,transparent
es,compota,hy,կոմպոտի,altered
es,compromiso,hy,կոմպրոմիս,altered
es,computador,hy,կոմպյուտեր,altered
es,comuna,hy,կոմունա,transparent
es,comunal,hy,կոմունալ,transparent
es,comunicación,hy,կոմունիկացիա,altered
es,comunismo,hy,կոմունիզմ,transparent
es,comunista,hy,կոմունիստական,altered
es,concentración,hy,կենտրոնացում,altered
es,concepción,hy,կոնցեպցիա,altered
es,concepto,hy,կոնցեպտը,transparent
es,conceptual,hy,կոնցեպտուալ,altered
es,conchita,hy,կոնչիտա,transparent
es,concierto,hy,կոնցերտ,altered
es,concreto,hy,կոնկրետ,altered
es,confederación,hy,կոնֆեդերացիա,altered
es,conferencia,hy,կոնֆերանս,altered
es,configuración,hy,կոնֆիգուրացիա,altered
es,confite,hy,կոնֆետ,altered
es,conflicto,hy,կոնֆլիկտ,altered
es,confort,hy,կոմֆորտ,altered
es,congo,hy,կոնգո,transparent
es,congresional,hy,կոնգրեսական,altered
es,congreso,hy,կոնգրես,altered
es,cono,hy,կոն,altered
es,consenso,hy,կոնսենսուս,altered
es,conservativo,hy,կոնսերվատիվ,altered
es,conservatorio,hy,կոնսերվատորիա,altered
es,consolidación,hy,կոնսոլիդացիա,altered
es,consorcio,hy,կոնսորցիում,altered
es,constantino,hy,կոնստանտին,altered
es,constantinopla,hy,կոստանդնուպոլիս,altered
es,construcción,hy,կոնստրուկցիա,transparent
es,constructivo,hy,կոնստրուկտիվ,altered
es,consulta,hy,կոնսուլտացիա,altered
es,contacto,hy,կոնտակտ,altered
es,contexto,hy,համատեքստ,altered
es,convención,hy,կոնվենցիա,altered
es,conversar,hy,կոնվերս,transparent
es,cooperativa,hy,կոոպերատիվ,altered
es,coordenada,hy,կոորդինատ,altered
es,coordinación,hy,կոորդինացում,altered
es,copec,hy,կոպեկ,altered
es,copenhague,hy,կոպենհագեն,altered
es,corea,hy,կորեա,altered
es,coreano,hy,կորեական,altered
es,coronario,hy,կորոնար,altered
es,coronavirus,hy,կորոնավիրուս,transparent
es,corporación,hy,կորպորացիա,altered
es,corporativo,hy,կորպորատիվ,transparent
es,corpus,hy,կորպուս,transparent
es,correcto,hy,կոռեկտ,transparent
es,corrupción,hy,կոռուպցիա,altered
es,corrupto,hy,կոռումպացված,altered
es,corte,hy,կորտ,transparent
es,corán,hy,ղուրան,altered
es,cosmético,hy,կոսմետիկ,transparent
es,cottage,hy,քոթեջ,transparent
es,coñac,hy,կոնյակ,transparent
es,creativo,hy,կրեատիվ,transparent
es,crediticio,hy,կրեդիտային,altered
es,crema,hy,կրեմ,altered
es,criminal,hy,կրիմինալ,altered
es,cripto,hy,կրիպտո,altered
es,cristiandad,hy,քրիստոնեություն,altered
es,cristiano,hy,քրիստիան,altered
es,cristina,hy,քրիստին,altered
es,cristo,hy,քրիստոս,transparent
es,cristóbal,hy,քրիստոֆեր,altered
es,cromo,hy,քրոմ,altered
es,cromosoma,hy,քրոմոսոմ,altered
es,crédito,hy,կրեդիտ,altered
es,críquet,hy,կրիկետ,altered
es,crítico,hy,կրիտիկական,altered
es,crónica,hy,խրոնիկ,altered
es,crónico,hy,քրոնիկ,altered
es,cuadro,hy,կադր,altered
es,cuarentena,hy,կարանտին,altered
es,cuba,hy,կուբա,transparent
es,cultura,hy,կուլտուրա,altered
es,cultural,hy,կուլտուրական,transparent
es,cuota,hy,քվոտաներ,altered
es,curso,hy,կուրս,altered
es,czech,hy,ցեխ,transparent
es,cámara,hy,կամերային,altered
es,cáucaso,hy,կովկաս,altered
es,césar,hy,կայսր,altered
es,cínico,hy,ցինիկ,altered
es,cóctel,hy,կոկտեյլ,transparent
es,código,hy,կոդ,altered
es,cólera,hy,խոլերա,altered
es,cómic,hy,կոմիքս,altered
es,cómico,hy,կոմիկ,altered
es,dama,hy,դամա,transparent
es,damasco,hy,դամասկոս,transparent
es,danés,hy,դանիացի,altered
es,darwin,hy,դարվին,transparent
es,david,hy,դավիթ,transparent
es,debut,hy,դեբյուտ,transparent
es,decano,hy,դեկան,altered
es,deciembre,hy,դեկտեմբեր,transparent
es,decoración,hy,դեկորացիա,altered
es,decorativo,hy,դեկորատիվ,transparent
es,decreto,hy,դեկրետի,altered
es,deformación,hy,դեֆորմացիաներ,altered
es,degradación,hy,դեգրադացիա,altered
es,del,hy,դել,transparent
es,delfín,hy,դելֆին,transparent
es,delta,hy,դելտա,transparent
es,demo,hy,դեմո,transparent
es,democracia,hy,դեմոկրատիա,altered
es,democrático,hy,դեմոկրատական,altered
es,demográfico,hy,դեմոգրաֆիական,transparent
es,demócrata,hy,դեմոկրատ,transparent
es,departamento,hy,դեպարտամենտ,altered
es,deporte,hy,սպորտ,altered
es,deportivo,hy,սպորտային,altered
es,depositaría,hy,դեպոզիտարիայի,transparent
es,depresivo,hy,դեպրեսիվ,altered
es,depresión,hy,դեպրեսիա,altered
es,depósito,hy,դեպոզիտ,altered
es,detalle,hy,դետալ,altered
es,detective,hy,դետեկտիվ,transparent
es,diabetes,hy,դիաբետ,altered
es,diabético,hy,դիաբետիկ,altered
es,dialéctico,hy,դիալեկտիկական,transparent
es,diamante,hy,ադամանդ,altered
es,diana,hy,դիանա,transparent
es,diciembre,hy,դեկտեմբեր,altered
es,dictador,hy,դիկտատոր,transparent
es,dictadura,hy,դիկտատուրա,transparent
es,diego,hy,դիեգո,transparent
es,dieta,hy,դիետաներ,transparent
es,dietético,hy,դիետիկ,transparent
es,diferencial,hy,դիֆերենցիալ,transparent
es,dimitri,hy,դմիտրի,transparent
es,dinamo,hy,դինամո,transparent
es,dinar,hy,դինարի,transparent
es,dinastía,hy,դինաստիա,transparent
es,dinámica,hy,դինամիկա,transparent
es,dinámico,hy,դինամիկ,altered
es,diploma,hy,դիպլոմ,transparent
es,diplomático,hy,դիպլոմային,altered
es,diputado,hy,դեպուտատ,altered
es,director,hy,դիրիժոր,transparent
es,disco,hy,դիսկ,altered
es,discreto,hy,դիսկրետ,altered
es,disertación,hy,դիսերտացիա,transparent
es,diseñador,hy,դիզայներ,altered
es,disney,hy,դիսնեյ,transparent
es,división,hy,դիվիզիա,altered
es,diván,hy,դիվան,transparent
es,diálisis,hy,դիալիզ,transparent
es,diálogo,hy,դիալոգ,transparent
es,diésel,hy,դիզել,altered
es,doble,hy,դուբլ,altered
es,doctor,hy,դոկտոր,transparent
es,doctoral,hy,դոկտորական,altered
es,doctrina,hy,դոկտրինի,altered
es,documental,hy,դոկումենտալ,transparent
es,dominante,hy,դոմինանտ,altered
es,domingo,hy,դոմինիկ,altered
es,dominio,hy,դոմեններ,altered
es,don,hy,դոն,transparent
es,donador,hy,դոնորներ,altered
es,donald,hy,դոնալդ,transparent
es,donante,hy,դոնոր,altered
es,doris,hy,դորիս,transparent
es,dosis,hy,դոզա,altered
es,drama,hy,դրամա,transparent
es,dramaturgia,hy,դրամատուրգիա,altered
es,dramaturgo,hy,դրամատուրգ,altered
es,dramático,hy,դրամատիկական,altered
es,dueto,hy,դուետ,transparent
es,duque,hy,դուքս,altered
es,déficit,hy,դեֆիցիտ,transparent
es,dínamo,hy,դինամո,transparent
es,dólar,hy,դոլար,transparent
es,ecología,hy,էկոլոգիապես,altered
es,ecológico,hy,էկոլոգիական,altered
es,economía,hy,էկոնոմիկա,altered
es,ecuador,hy,էկվադոր,transparent
es,edgar,hy,էդգար,transparent
es,edimburgo,hy,էդինբուրգ,transparent
es,edith,hy,էդիթ,transparent
es,edmundo,hy,էդմունդ,transparent
es,eduardo,hy,էդվարդ,altered
es,efectivo,hy,էֆեկտիվ,transparent
es,efecto,hy,էֆեկտ,altered
es,egipcio,hy,եգիպտական,altered
es,egipto,hy,եգիպտոս,altered
es,egoísta,hy,էգոիստ,altered
es,einstein,hy,այնշտայն,altered
es,electrodo,hy,էլեկտրոդ,transparent
es,electrón,hy,էլեկտրոն,transparent
es,electrónica,hy,էլեկտրոն,transparent
es,electrónico,hy,էլեկտրոնային,altered
es,elegante,hy,էլեգանտ,transparent
es,elemento,hy,էլեմենտ,transparent
es,elena,hy,էլեն,transparent
es,eleonor,hy,էլեոնորա,transparent
es,elipsoide,hy,էլիպսաձև,altered
es,elton,hy,էլթոն,transparent
es,eléctrico,hy,էլեկտրական,transparent
es,emigrante,hy,էմիգրանտ,altered
es,emilio,hy,էմիլ,altered
es,emir,hy,էմիր,transparent
es,emirato,hy,էմիրություն,altered
es,emma,hy,էմմա,transparent
es,emmy,hy,էմմի,transparent
es,emocional,hy,էմոցիոնալ,transparent
es,emoción,hy,էմոցիա,altered
es,empírico,hy,էմպիրիկ,transparent
es,emulsión,hy,էմուլսիա,transparent
es,endémico,hy,էնդեմիկ,transparent
es,energética,hy,էներգետիկ,transparent
es,energético,hy,էներգետիկ,transparent
es,energía,hy,էներգիա,altered
es,enigma,hy,էնիգմա,transparent
es,enrique,hy,հենրիխ,altered
es,epicentro,hy,էպիկենտրոն,altered
es,epilepsia,hy,էպիլեպսիա,transparent
es,episcopal,hy,եպիսկոպոսական,altered
es,episodio,hy,էպիզոդներ,transparent
es,episódico,hy,էպիզոդիկ,transparent
es,epopeya,hy,էպոս,altered
es,epos,hy,էպոս,transparent
es,erección,hy,էրեկցիա,transparent
es,ereván,hy,երևան,altered
es,ernst,hy,էռնստ,transparent
es,erosión,hy,էրոզիայի,altered
es,erótico,hy,էրոտիկ,transparent
es,esbozo,hy,էսքիզ,altered
es,escandaloso,hy,սկանդալային,altered
es,escandinavo,hy,սկանդինավյան,altered
es,escenario,hy,սցենար,altered
es,esclerosis,hy,սկլերոզ,altered
es,escocia,hy,սքոթ,altered
es,escándalo,hy,սկանդալ,altered
es,esfera,hy,սֆերա,altered
es,eslavo,hy,սլավոնական,altered
es,eslovaco,hy,սլովակ,altered
es,eslovaquia,hy,սլովակիա,altered
es,espartaco,hy,սպարտակ,altered
es,espartar,hy,սպարտա,altered
es,españa,hy,իսպանիա,transparent
es,español,hy,իսպաներեն,altered
es,espectro,hy,սպեկտր,altered
es,especulación,hy,սպեկուլյացիա,altered
es,especulativo,hy,սպեկուլյատիվ,altered
es,específico,hy,սպեցիֆիկ,altered
es,esperanto,hy,էսպերանտո,transparent
es,espíritu,hy,սպիրտ,altered
es,esquema,hy,սխեմա,altered
es,esquizofrenia,hy,շիզոֆրենիա,altered
es,esquizofrénico,hy,շիզոֆրենիկ,altered
es,estable,hy,ստաբիլ,altered
es,estacionario,hy,ստացիոնար,altered
es,estadio,hy,ստադիոն,altered
es,estambul,hy,ստամբուլ,transparent
es,estandarización,hy,ստանդարտացում,altered
es,esteban,hy,ստեփան,altered
es,esterlina,hy,ստերլինգ,altered
es,esteroide,hy,ստերոիդներ,altered
es,estocolmo,hy,ստոկհոլմ,altered
es,estonio,hy,էստոնիա,transparent
es,estrada,hy,էստրադա,transparent
es,estrasburgo,hy,ստրասբուրգ,altered
es,estrategia,hy,ստրատեգիան,transparent
es,estratégico,hy,ստրատեգիական,altered
es,estrés,hy,սթրես,altered
es,estudiantil,hy,ստուդիական,altered
es,estudio,hy,ստուդիա,altered
es,estándar,hy,ստանդարտ,altered
es,estático,hy,ստատիկ,altered
es,estéril,hy,ստերիլ,altered
es,estético,hy,էսթետիկ,transparent
es,etapa,hy,էտապում,altered
es,etiopía,hy,եթովպիա,altered
es,etnia,hy,էթնոսի,altered
es,eucarioto,hy,էուկարիոտներ,altered
es,eugenio,hy,եվգենի,altered
es,eurasia,hy,եվրասիա,transparent
es,euro,hy,եվրո,transparent
es,europa,hy,եվրոպա,transparent
es,europeo,hy,եվրոպական,transparent
es,eurozona,hy,եվրոգոտու,altered
es,eva,hy,եվա,transparent
es,evolucionario,hy,էվոլյուցիոն,altered
es,evolución,hy,էվոլյուցիա,transparent
es,evolutivo,hy,էվոլյուցիոն,altered
es,exclusivo,hy,էքսկլյուզիվ,altered
es,excursión,hy,էքսկուրսիա,altered
es,excéntrico,hy,էքսցենտրիկ,altered
es,expansión,hy,էքսպանսիա,altered
es,experimental,hy,էքսպերիմենտալ,transparent
es,experimento,hy,էքսպերիմենտ,altered
es,experto,hy,էքսպերտ,transparent
es,extrasensorial,hy,էքստրասենս,altered
es,exótico,hy,էկզոտիկ,altered
es,facebook,hy,facebook-ի,transparent
es,facto,hy,ֆակտո,transparent
es,factor,hy,ֆակտո,transparent
es,facultad,hy,ֆակուլտետ,altered
es,fantasía,hy,ֆանտազիաներ,altered
es,fantástico,hy,ֆանտաստիկ,altered
es,fanático,hy,ֆանատներ,altered
es,faraón,hy,փարավոն,altered
es,fariseo,hy,փարիսեցի,altered
es,faro,hy,փարոս,altered
es,fascismo,hy,ֆաշիզմ,altered
es,fascista,hy,ֆաշիստական,altered
es,favorito,hy,ֆավորիտ,transparent
es,federación,hy,ֆեդերացիա,transparent
es,federal,hy,ֆեդերալ,transparent
es,federico,hy,ֆրեդերիկ,altered
es,felipe,hy,ֆիլիպ,altered
es,feminismo,hy,ֆեմինիզմի,altered
es,feminista,hy,ֆեմինիստական,altered
es,fenomenal,hy,ֆենոմենալ,transparent
es,fenómeno,hy,ֆենոմեն,transparent
es,ferma,hy,ֆերմա,transparent
es,fermento,hy,ֆերմենտ,altered
es,fernando,hy,ֆերդինանդ,altered
es,feudal,hy,ֆեոդալական,transparent
es,feudalismo,hy,ֆեոդալիզմ,altered
es,fifa,hy,ֆիֆա-ի,transparent
es,figura,hy,ֆիգուր,altered
es,filadelfia,hy,ֆիլադելֆիա,transparent
es,filarmónica,hy,ֆիլհարմոնիա,transparent
es,filarmónico,hy,ֆիլհարմոնիկ,transparent
es,filipino,hy,ֆիլիպիններ,altered
es,film,hy,ֆիլմ,transparent
es,filtro,hy,ֆիլտրերի,transparent
es,filósofo,hy,փիլիսոփա,altered
es,financiero,hy,ֆինանսական,transparent
es,financista,hy,ֆինանսիստ,transparent
es,finanzas,hy,ֆինանս,transparent
es,finlandia,hy,ֆինլանդիա,transparent
es,finlandés,hy,ֆիննական,altered
es,firma,hy,ֆիրմա,transparent
es,fiscal,hy,ֆիսկալ,transparent
es,fisher,hy,ֆիշեր,transparent
es,fisiología,hy,ֆիզիոլոգիա,transparent
es,flash,hy,ֆլեշ,transparent
es,flashmob,hy,ֆլեշմոբ,transparent
es,flauta,hy,ֆլեյտա,altered
es,flora,hy,ֆլորա,transparent
es,florencia,hy,ֆլորենցիա,transparent
es,florido,hy,ֆլորիդա,transparent
es,florística,hy,ֆլորիստիկական,altered
es,foco,hy,ֆոկուս,altered
es,fondo,hy,ֆոնդ,transparent
es,ford,hy,ֆորդ,transparent
es,forma,hy,ֆորմաներ,transparent
es,formal,hy,ֆորմալ,transparent
es,formato,hy,ֆորմատ,altered
es,foro,hy,ֆորում,altered
es,fortuna,hy,ֆորտունա,transparent
es,foto,hy,ֆոտո,transparent
es,fotón,hy,ֆոտոն,transparent
es,francia,hy,ֆրանսիա,transparent
es,francisco,hy,ֆրենսիս,altered
es,franco,hy,ֆրանկ,altered
es,francofonía,hy,ֆրանկոֆոնիա,transparent
es,francés,hy,ֆրանսիական,altered
es,franklin,hy,ֆրանկլին,transparent
es,frase,hy,ֆրազներ,transparent
es,frustración,hy,ֆրուստրացիայի,altered
es,fráncfort,hy,ֆրանկֆուրտ,altered
es,fuerte,hy,ֆորտ,altered
es,fuller,hy,ֆուլեր,transparent
es,funcional,hy,ֆունկցիոնալ,altered
es,función,hy,ֆունկցիա,transparent
es,fundamental,hy,ֆունդամենտալ,transparent
es,futbolero,hy,ֆուտբոլային,altered
es,futbolista,hy,ֆուտբոլիստ,transparent
es,fábrica,hy,ֆաբրիկա,transparent
es,física,hy,ֆիզիկա,transparent
es,físicamente,hy,ֆիզիկապես,transparent
es,físico,hy,ֆիզիկական,altered
es,fórmula,hy,ֆորմուլա,transparent
es,fósforo,hy,ֆոսֆոր,altered
es,fútbol,hy,ֆուտբոլ,transparent
es,fútsal,hy,ֆուտզալ,altered
es,gabinete,hy,կաբինետ,altered
es,gabriel,hy,գաբրիել,transparent
es,gaceta,hy,գազետա,altered
es,gadafi,hy,քադաֆի,altered
es,gagarin,hy,գագարին,transparent
es,gala,hy,գալա,transparent
es,galaxia,hy,գալակտիկա,altered
es,galileo,hy,գալիլեյը,transparent
es,garaje,hy,գարաժ,altered
es,gas,hy,գազ,transparent
es,gay,hy,գեյ,transparent
es,gen,hy,գեն,transparent
es,generador,hy,գեներատոր,transparent
es,general,hy,գեներալ,transparent
es,gengis,hy,չինգիզ,altered
es,genoma,hy,գենոմի,transparent
es,genérico,hy,ջեներիկ,altered
es,genética,hy,գենետիկ,altered
es,genéticamente,hy,գենետիկորեն,altered
es,genético,hy,գենետիկական,transparent
es,geodésico,hy,գեոդեզիական,transparent
es,georgia,hy,ջորջիա,altered
es,germano,hy,գերման,altered
es,germánico,hy,գերմանական,altered
es,gibson,hy,գիբսոն,transparent
es,gigante,hy,գիգանտ,transparent
es,gilda,hy,գիլդիա,transparent
es,gimnasia,hy,գիմնազիա,altered
es,ginecológico,hy,գինեկոլոգիական,transparent
es,giro,hy,գիր,transparent
es,gladiador,hy,գլադիատոր,altered
es,glaucoma,hy,գլաուկոմա,transparent
es,global,hy,գլոբալ,transparent
es,globalización,hy,գլոբալացում,transparent
es,globo,hy,գլոբուս,altered
es,gloria,hy,գլորիա,transparent
es,glucosa,hy,գլյուկոզ,altered
es,goethe,hy,գյոթե,altered
es,gol,hy,գոլ,transparent
es,golden,hy,գոլդեն,transparent
es,golf,hy,գոլֆ,transparent
es,gonzalo,hy,գոնսալո,transparent
es,google,hy,google-ը,transparent
es,gordón,hy,գորդոն,transparent
es,gorila,hy,գորիլան,altered
es,grammy,hy,գրեմմի,transparent
es,gramo,hy,գրեմ,altered
es,gran,hy,գրանդ,altered
es,grandioso,hy,գրանդիոզ,altered
es,granito,hy,գրանիտե,altered
es,grant,hy,գրանտ,transparent
es,gravitacional,hy,գրավիտացիոն,transparent
es,graz,hy,գրազ,transparent
es,gripe,hy,գրիպ,altered
es,grupo,hy,գրուպ,transparent
es,gráfica,hy,գրաֆիկա,transparent
es,gráfico,hy,գրաֆիկ,transparent
es,guardia,hy,գվարդիա,transparent
es,guardian,hy,guardian-ը,transparent
es,gueto,hy,գետտո,altered
es,guillermo,hy,ուիլյամ,altered
es,guineo,hy,գվինեա,transparent
es,guitarra,hy,կիթառ,altered
es,gustavo,hy,գուստավ,transparent
es,gótico,hy,գոթական,altered
es,habsburgo,hy,հաբսբուրգներ,altered
es,hamilton,hy,համիլթոնը,transparent
es,hamlet,hy,համլետ,transparent
es,harmonía,hy,հարմոնիա,altered
es,haroldo,hy,հարոլդ,altered
es,harri,hy,հարրի,transparent
es,harvard,hy,հարվարդ,transparent
es,hebraico,hy,եբրայական,altered
es,hebreo,hy,եբրայերեն,altered
es,hectárea,hy,հեկտար,altered
es,heleno,hy,հելեն,transparent
es,helenístico,hy,հելլենիստական,transparent
es,helio,hy,հելիում,altered
es,helsinki,hy,հելսինկյան,transparent
es,hemoglobina,hy,հեմոգլոբինի,transparent
es,hepatitis,hy,հեպատիտ,altered
es,heracles,hy,հերակլեսը,transparent
es,hermético,hy,հերմետիկ,transparent
es,heroico,hy,հերոսական,altered
es,heroína,hy,հերոին,transparent
es,heroísmo,hy,հերոսություն,altered
es,hertzog,hy,հերցոգ,transparent
es,herzegovina,hy,հերցեգովինա,transparent
es,hidroeléctrico,hy,հիդրոէլեկտրակայան,altered
es,hidrólisis,hy,հիդրոլիզ,altered
es,higiene,hy,հիգիենա,altered
es,higiénico,hy,հիգիենիկ,transparent
es,hinduismo,hy,հինդուիզմ,altered
es,hindú,hy,հնդիկ,altered
es,hipótesis,hy,հիպոթեզ,altered
es,histeria,hy,հիստերիա,transparent
es,histérico,hy,հիստերիկ,altered
es,hit,hy,հիթ,transparent
es,hitler,hy,հիտլեր,transparent
es,hockey,hy,հոկեյ,altered
es,holanda,hy,հոլանդիա,transparent
es,holandés,hy,հոլանդացի,transparent
es,holding,hy,հոլդինգ,transparent
es,hollywood,hy,հոլիվուդ,transparent
es,holocausto,hy,հոլոքոստ,altered
es,holográfico,hy,հոլոգրաֆիկ,altered
es,homosexual,hy,հոմոսեքսուալ,transparent
es,honorario,hy,հոնորար,altered
es,hooliganismo,hy,խուլիգանություն,altered
es,hop,hy,հօպ,transparent
es,horizontal,hy,հորիզոնական,altered
es,horizonte,hy,հորիզոն,altered
es,hormona,hy,հորմոն,transparent
es,hormonal,hy,հորմոնային,transparent
es,horóscopo,hy,հորոսկոպ,altered
es,hospital,hy,հոսպիտալ,transparent
es,hospitalizar,hy,հոսպիտալացվել,altered
es,hotel,hy,հոթել,transparent
es,html,hy,html-ը,transparent
es,hugo,hy,հյուգո,transparent
es,humanismo,hy,հումանիզմ,altered
es,humanista,hy,հումանիստ,altered
es,humanitario,hy,հումանիտար,transparent
es,humanístico,hy,հումանիստական,altered
es,humor,hy,հումոր,transparent
es,humorista,hy,հումորիստներ,transparent
es,humorístico,hy,հումորային,altered
es,humus,hy,հումուս,transparent
es,hungría,hy,հունգարիա,altered
es,hércules,hy,հերկուլես,altered
es,héroe,hy,հերոս,altered
es,híbrido,hy,հիբրիդային,altered
es,húngaro,hy,հունգարական,altered
es,ideal,hy,իդեալական,transparent
es,idealismo,hy,իդեալիզմ,altered
es,idealista,hy,իդեալիստական,altered
es,ilegal,hy,անլեգալ,altered
es,ilusión,hy,իլյուզիա,altered
es,imitación,hy,իմիտացիա,altered
es,impeachment,hy,իմպիչմենտ,transparent
es,imperialismo,hy,իմպերիալիզմ,transparent
es,improvisación,hy,իմպրովիզացիաներ,altered
es,impulso,hy,իմպուլս,altered
es,imán,hy,իմամ,altered
es,incubación,hy,ինկուբացիոն,transparent
es,indiano,hy,ինդիանա,transparent
es,indonesio,hy,ինդոնեզիա,transparent
es,industrial,hy,ինդուստրիալ,transparent
es,inercia,hy,իներցիա,transparent
es,inercial,hy,իներցիալ,transparent
es,infarto,hy,ինֆարկտ,altered
es,infección,hy,ինֆեկցիա,transparent
es,inflación,hy,ինֆլյացիա,altered
es,información,hy,ինֆորմացիա,transparent
es,informática,hy,ինֆորմատիկայի,transparent
es,infrarrojo,hy,ինֆրակարմիր,altered
es,ingeniero,hy,ինժեներ,altered
es,inhibidor,hy,ինհիբիտորներ,altered
es,inmune,hy,իմուն,transparent
es,inmunidad,hy,իմունիտետ,altered
es,innovación,hy,ինովացիոն,altered
es,instagram,hy,ինստագրամ,transparent
es,institucional,hy,ինստիտուցիոնալ,transparent
es,instituto,hy,ինստիտուտ,transparent
es,insulina,hy,ինսուլին,altered
es,integración,hy,ինտեգրում,altered
es,integrar,hy,ինտեգրել,altered
es,intelecto,hy,ինտելեկտ,altered
es,intelectual,hy,ինտելեկտուալ,transparent
es,inteligente,hy,ինտելիգենտ,transparent
es,intensivo,hy,ինտենսիվ,transparent
es,inter,hy,ինտեր,transparent
es,interactivo,hy,ինտերակտիվ,altered
es,internacional,hy,ինտերնացիոնալ,transparent
es,internet,hy,ինտերնետ,transparent
es,intervención,hy,ինտերվենցիա,transparent
es,intriga,hy,ինտրիգ,altered
es,introvertido,hy,ինտրովերտ,altered
es,intuición,hy,ինտուիցիա,altered
es,intuitivo,hy,ինտուիտիվ,transparent
es,invasivo,hy,ինվազիվ,altered
es,ion,hy,իոն,transparent
es,iphone,hy,iphone-ի,transparent
es,irak,hy,իրաք,transparent
es,iraní,hy,իրանական,altered
es,iraquí,hy,իրաքյան,transparent
es,irracional,hy,իռացիոնալ,altered
es,isabel,hy,իզաբել,transparent
es,islam,hy,իսլամ,transparent
es,islamista,hy,իսլամիստ,transparent
es,islandia,hy,իսլանդիա,altered
es,islandés,hy,իսլանդական,altered
es,isquémico,hy,իշեմիկ,altered
es,israel,hy,իսրայել,transparent
es,israelita,hy,իսրայելացին,altered
es,israelí,hy,իսրայէլի,altered
es,isótopo,hy,իզոտոպ,altered
es,italia,hy,իտալիա,transparent
es,italiano,hy,իտալացի,altered
es,ión,hy,իոն,transparent
es,iónico,hy,իոնային,altered
es,jacob,hy,հակոբ,altered
es,jane,hy,ջեյն,transparent
es,janeiro,hy,ժանեյրո,altered
es,japonés,hy,ճապոնական,altered
es,japón,hy,ճապոնիա,altered
es,jazz,hy,ջազ,transparent
es,jazzy,hy,ջազային,altered
es,jeans,hy,ջին,transparent
es,jefferson,hy,ջեֆերսոն,transparent
es,jeque,hy,շեյխ,altered
es,jerarquía,hy,հիերարխիա,altered
es,jeroglífico,hy,հիերոգլիֆներ,altered
es,jersey,hy,ջերսի,transparent
es,jerárquico,hy,հիերարխիկ,altered
es,jesús,hy,յիսուս,altered
es,joan,hy,ջոան,transparent
es,jockey,hy,ջոկի,altered
es,joel,hy,ջոել,transparent
es,johnson,hy,ջոնսոն,transparent
es,joker,hy,ջոկեր,transparent
es,jon,hy,ջոն,transparent
es,jordania,hy,հորդանան,altered
es,jorge,hy,ժորժե,altered
es,josé,hy,ջոզեֆ,altered
es,joyce,hy,ջոյսը,transparent
es,judo,hy,ձյուդո,altered
es,julia,hy,ջուլիա,transparent
es,julio,hy,հուլիոս,altered
es,julián,hy,ջուլիան,transparent
es,jung,hy,յունգը,transparent
es,jungla,hy,ջունգլի,altered
es,juventus,hy,յուվենտուս,transparent
es,júpiter,hy,յուպիտեր,transparent
es,karate,hy,կարատե,transparent
es,karma,hy,կարմա,transparent
es,kasparov,hy,կասպարով,transparent
es,kate,hy,քեյթ,transparent
es,khan,hy,խան,transparent
es,kiev,hy,կիև,transparent
es,kilo,hy,կիլո,transparent
es,kilocaloría,hy,կիլոկալորիա,transparent
es,kilogramo,hy,կիլոգրամ,transparent
es,kilómetro,hy,կիլոմետր,transparent
es,km,hy,կմ,transparent
es,kosovo,hy,կոսովո,transparent
es,kriptón,hy,կրիպտոն,altered
es,kurdistán,hy,քուրդիստան,transparent
es,kuwait,hy,քուվեյթ,transparent
es,kéfir,hy,կեֆիրը,transparent
es,label,hy,լեյբլ,transparent
es,laberinto,hy,լաբիրինթոս,altered
es,laboratorio,hy,լաբորատորիա,altered
es,lady,hy,լեդի,transparent
es,lama,hy,լամա,transparent
es,laos,hy,լաո,transparent
es,latino,hy,լատիներեն,altered
es,latinoamericano,hy,լատինամերիկյան,altered
es,laura,hy,լաուրա,transparent
es,lava,hy,լավ,transparent
es,leal,hy,լոյալ,altered
es,legendario,hy,լեգենդար,altered
es,legionario,hy,լեգեոն,altered
es,legitimidad,hy,լեգիտիմություն,altered
es,legión,hy,լեգեոն,transparent
es,legítimo,hy,լեգիտիմ,transparent
es,leipzig,hy,լայպցիգ,transparent
es,leonardo,hy,լեոնարդո,transparent
es,leucocito,hy,լեյկոցիտներ,altered
es,leyenda,hy,լեգենդ,altered
es,león,hy,լիոն,transparent
es,lgtb,hy,լգբտ,transparent
es,libanés,hy,լիբանանյան,altered
es,liberal,hy,լիբերալ,transparent
es,liberalismo,hy,լիբերալիզմ,transparent
es,libio,hy,լիբիա,transparent
es,licencia,hy,լիցենզիա,transparent
es,licenciar,hy,լիցենզավորում,altered
es,lidia,hy,լիդիա,transparent
es,liga,hy,լիգա,transparent
es,lilith,hy,լիլիթ,transparent
es,limonada,hy,լիմոնադ,transparent
es,limón,hy,լիմոն,transparent
es,linfocito,hy,լիմֆոցիտներ,altered
es,lisboa,hy,լիսաբոն,transparent
es,lista,hy,լիստ,transparent
es,litro,hy,լիտր,altered
es,lituano,hy,լիտվական,altered
es,liverpool,hy,լիվերպուլ,transparent
es,lobby,hy,լոբի,transparent
es,lobista,hy,լոբբիստական,altered
es,local,hy,լոկալ,transparent
es,locomotora,hy,լոկոմոտիվ,altered
es,logo,hy,լոգո,transparent
es,logotipo,hy,լոգոտիպ,altered
es,londinense,hy,լոնդոնցի,altered
es,londres,hy,լոնդոն,altered
es,loran,hy,լորան,transparent
es,lord,hy,լորդ,transparent
es,lorenzo,hy,լորենցո,transparent
es,lote,hy,լոտի,altered
es,loto,hy,լոտո,transparent
es,lucas,hy,լուկաս,transparent
es,ludwig,hy,լյուդվիգ,transparent
es,lugansk,hy,լուգանսկի,transparent
es,luigi,hy,լուիջի,transparent
es,luisa,hy,լուիզա,altered
es,luterano,hy,լյութերական,altered
es,lux,hy,լյուքս,transparent
es,lámpara,hy,լամպ,altered
es,láser,hy,լազերային,altered
es,lémur,hy,լեմուր,transparent
es,léxico,hy,լեքսիկոն,transparent
es,líder,hy,լի,transparent
es,lírico,hy,լիրիկական,altered
es,macarrón,hy,մակարոն,altered
es,macedonia,hy,մակեդոնիա,transparent
es,macroeconómico,hy,մակրոտնտեսական,altered
es,madagascar,hy,մադագասկար,transparent
es,madama,hy,մադամ,transparent
es,madonna,hy,մադոննա,transparent
es,madrid,hy,մադրիդ,transparent
es,madrileño,hy,մադրիդյան,altered
es,maestro,hy,մաեստրո,transparent
es,mafia,hy,մաֆիա,transparent
es,mafioso,hy,մաֆիոզ,altered
es,magazín,hy,մագազին,altered
es,magister,hy,մագիստրոս,transparent
es,magistral,hy,մագիստրոսական,altered
es,magistratura,hy,մագիստրատուրա,transparent
es,magma,hy,մագմա,transparent
es,magnesio,hy,մագնեզիում,altered
es,magno,hy,մագնուս,altered
es,magnético,hy,մագնիսական,altered
es,mail,hy,mail-ը,transparent
es,malaria,hy,մալարիա,transparent
es,malasio,hy,մալայզիա,altered
es,malayo,hy,մալայզիական,altered
es,malta,hy,մալթա,transparent
es,mama,hy,մամա,transparent
es,mamá,hy,մամա,transparent
es,management,hy,մենեջմենթ,transparent
es,mandarín,hy,մանդարին,transparent
es,mandato,hy,մանդատ,altered
es,mandela,hy,մանդելա,transparent
es,manga,hy,մանգա,transparent
es,mango,hy,մանգո,transparent
es,manipulación,hy,մանիպուլյացիա,altered
es,manuel,hy,մանուել,transparent
es,maradona,hy,մարադոնա,transparent
es,maratón,hy,մարաթոն,transparent
es,marco,hy,մարկոս,transparent
es,marginal,hy,մարգինալ,transparent
es,mariana,hy,մարիաննա,transparent
es,marihuana,hy,մարիխուանա,transparent
es,marina,hy,մարինա,transparent
es,mariscal,hy,մարշալ,altered
es,market,hy,մարկետ,transparent
es,marketing,hy,մարքեթինգ,transparent
es,marqués,hy,մարկիզ,altered
es,marrueco,hy,մարոկկո,altered
es,marte,hy,մարս,transparent
es,martini,hy,մարտինի,transparent
es,martirio,hy,մարտիրոս,altered
es,marxismo,hy,մարքսիզմ,altered
es,marxista,hy,մարքսիստ,altered
es,maría,hy,մարիա,transparent
es,masivo,hy,մասիվի,altered
es,massachusetts,hy,մասաչուսեթս,altered
es,masón,hy,մասոններ,transparent
es,matemática,hy,մաթեմատիկա,transparent
es,matemático,hy,մաթեմատիկական,altered
es,materia,hy,մատերիայի,altered
es,material,hy,մատերիալ,transparent
es,materialismo,hy,մատերիալիզմ,altered
es,matriz,hy,մատրիցի,transparent
es,maxi,hy,մաքս,transparent
es,maximal,hy,մաքսիմալ,transparent
es,maya,hy,մայա,transparent
es,mayo,hy,մայիս,transparent
es,mayonesa,hy,մայոնեզ,altered
es,mecanismo,hy,մեխանիզմ,altered
es,mecánica,hy,մեխանիկա,altered
es,mecánicamente,hy,մեխանիկորեն,altered
es,mecánico,hy,մեխանիկական,altered
es,medalla,hy,մեդալ,altered
es,medallista,hy,մեդալակիր,altered
es,medallón,hy,մեդալիոն,altered
es,media,hy,մեդիա,transparent
es,medicina,hy,medicine-ի,transparent
es,meditación,hy,մեդիտացիա,altered
es,memorial,hy,մեմորիալ,transparent
es,meningitis,hy,մենինգիտ,altered
es,menos,hy,մինուս,altered
es,mensaje,hy,մեսիջ,altered
es,menú,hy,մենյու,transparent
es,merced,hy,մերսեդես,transparent
es,mercurio,hy,մերկուրի,altered
es,messi,hy,մեսսի,transparent
es,meta,hy,մետ,transparent
es,metal,hy,մետաղ,transparent
es,metalurgia,hy,մետալուրգիա,transparent
es,metalúrgico,hy,մետալուրգիական,altered
es,metodología,hy,մեթոդիկա,altered
es,metro,hy,մետր,transparent
es,metropolitano,hy,մետրոպոլիտեն,altered
es,metástasis,hy,մետաստազ,altered
es,mexicano,hy,մեքսիկական,transparent
es,miami,hy,մայամի,transparent
es,michelangelo,hy,միքելանջելո,altered
es,micro,hy,միկրո,transparent
es,microbio,hy,միկրոբներ,altered
es,microbus,hy,միկրոավտոբուս,transparent
es,microorganismo,hy,միկրոօրգանիզմ,transparent
es,microsoft,hy,microsoft-ի,transparent
es,micrófono,hy,միկրոֆոն,transparent
es,migración,hy,միգրացիա,altered
es,migrante,hy,միգրանտ,altered
es,migraña,hy,միգրենի,altered
es,miguel,hy,միխայել,altered
es,milicia,hy,միլիցիա,transparent
es,millon,hy,միլիոն,altered
es,millonario,hy,միլիոնավոր,altered
es,millón,hy,միլիոն,transparent
es,milán,hy,միլան,transparent
es,milímetro,hy,միլիմետր,altered
es,minarete,hy,մինարեթ,altered
es,mineral,hy,միներալներ,transparent
es,mini,hy,մինի,transparent
es,minimal,hy,մինիմալ,transparent
es,ministerio,hy,մինիստրություն,altered
es,ministro,hy,մինիստր,altered
es,minsk,hy,մինսկ,transparent
es,miranda,hy,միրանդա,transparent
es,misionero,hy,միսիոներ,altered
es,miss,hy,միսս,transparent
es,mitin,hy,միտինգ,transparent
es,mitral,hy,միտրալ,transparent
es,mln,hy,մլն,transparent
es,mmol,hy,մմոլ,transparent
es,moda,hy,մոդա,transparent
es,modelar,hy,մոդելային,altered
es,modelo,hy,մոդել,altered
es,modernismo,hy,մոդեռնիզմ,altered
es,modernista,hy,մոդեռնիստական,altered
es,moderno,hy,մոդեռն,altered
es,modificación,hy,մոդիֆիկացիա,transparent
es,modificar,hy,մոդիֆիկացված,altered
es,modus,hy,մոդուս,transparent
es,moldovo,hy,մոլդովա,transparent
es,molecular,hy,մոլեկուլային,altered
es,molibdeno,hy,մոլիբդեն,altered
es,molécula,hy,մոլեկուլ,transparent
es,momento,hy,մոմենտ,transparent
es,momia,hy,մումիա,altered
es,mongol,hy,մոնղոլ,transparent
es,mongólico,hy,մոնղոլական,altered
es,monitor,hy,մոնիտոր,transparent
es,monitorear,hy,մոնիտորինգ,altered
es,monolito,hy,մոնոլիտ,altered
es,monopolio,hy,մոնոպոլիա,altered
es,montaje,hy,մոնտաժ,altered
es,monte,hy,մոնթե,transparent
es,monumental,hy,մոնումենտալ,transparent
es,monólogo,hy,մոնոլոգը,altered
es,morgue,hy,մորգ,transparent
es,mormón,hy,մորմոն,transparent
es,moscú,hy,մոսկվա,transparent
es,motivación,hy,մոտիվացիա,transparent
es,motivo,hy,մոտիվ,transparent
es,moto,hy,մոտո,transparent
es,motocicleta,hy,մոտոցիկլետ,altered
es,movilización,hy,մոբիլիզացիա,altered
es,movilizar,hy,մոբիլիզացնել,altered
es,mozart,hy,մոցարտ,transparent
es,multi,hy,մուլտի,transparent
es,multimedia,hy,մուլտիմեդիա,transparent
es,multiplicación,hy,մուլտիպլիկացիոն,altered
es,multiplicador,hy,մուլտիպլիկատոր,altered
es,mundial,hy,մունդիալ,transparent
es,municipal,hy,մունիցիպալ,transparent
es,municipalidad,hy,մունիցիպալիտետ,altered
es,musical,hy,մյուզիքլ,altered
es,mussolini,hy,մուսոլինի,transparent
es,musulmán,hy,մուսուլման,transparent
es,mutación,hy,մուտացիա,altered
es,mutante,hy,մուտանտ,altered
es,máquina,hy,մեքենա,transparent
es,mármol,hy,մարմար,altered
es,máster,hy,մասթերս,altered
es,máximo,hy,մաքսիմ,altered
es,método,hy,մեթոդ,transparent
es,méxico,hy,մեքսիկա,transparent
es,mínimo,hy,մինիմում,altered
es,místico,hy,միստիկ,transparent
es,módem,hy,մոդեմ,transparent
es,módulo,hy,մոդուլներ,altered
es,mónaco,hy,մոնակո,transparent
es,mónica,hy,մոնիկա,transparent
es,música,hy,մյուզիկ,altered
es,nacionalismo,hy,նացիոնալիզմ,transparent
es,nadal,hy,նադալը,transparent
es,nadir,hy,նադիր,transparent
es,napoleón,hy,նապոլեոն,transparent
es,napoleónico,hy,նապոլեոնյան,altered
es,naranja,hy,նարինջ,transparent
es,narcótico,hy,նարկոտիկ,altered
es,navegación,hy,նավիգացիոն,transparent
es,nazi,hy,նացիստ,altered
es,nazismo,hy,նացիզմ,altered
es,negativo,hy,նեգատիվ,transparent
es,negro,hy,նեգր,altered
es,nelson,hy,նելսոն,transparent
es,neptuno,hy,նեպտուն,altered
es,nervio,hy,ներվի,altered
es,neurona,hy,նեյրոն,altered
es,neuronal,hy,նեյրոնային,altered
es,neurótico,hy,նևրոտիկ,altered
es,neutrón,hy,նեյտրոն,altered
es,newton,hy,նյուտոն,transparent
es,nicolás,hy,նիկոլաս,altered
es,nigeria,hy,նիգերիա,transparent
es,ninja,hy,նինջա,transparent
es,nobel,hy,նոբելյան,transparent
es,nocaut,hy,նոկաուտ,altered
es,nominación,hy,նոմինացիա,altered
es,norma,hy,նորմ,transparent
es,normal,hy,նորմալ,transparent
es,normando,hy,նորմանդական,altered
es,normativo,hy,նորմատիվ,transparent
es,noruego,hy,նորվեգիա,altered
es,nostalgia,hy,նոստալգիա,transparent
es,nota,hy,նոտա,transparent
es,notarial,hy,նոտարական,transparent
es,notario,hy,նոտար,altered
es,nova,hy,նովա,transparent
es,novela,hy,նովելներ,altered
es,noviembre,hy,նոյեմբեր,transparent
es,nucleótido,hy,նուկլեոտիդներ,altered
es,nápoles,hy,նապոլիի,altered
es,oasis,hy,օազիս,transparent
es,obama,hy,օբամա,transparent
es,obispo,hy,եպիսկոպոս,altered
es,objetivamente,hy,օբյեկտիվորեն,transparent
es,objetividad,hy,օբյեկտիվ,altered
es,objetivo,hy,օբյեկտիվ,transparent
es,objeto,hy,օբյեկտ,altered
es,oceánico,hy,օվկիանոսային,altered
es,octava,hy,օկտավա,altered
es,octubre,hy,հոկտեմբեր,transparent
es,ocupación,hy,օկուպացիա,transparent
es,océano,hy,օվկիանոս,altered
es,odesa,hy,օդեսա,transparent
es,office,hy,օֆիս,transparent
es,offshore,hy,օֆշորային,transparent
es,oficial,hy,օֆիցիալ,transparent
es,oklahoma,hy,օկլահոմա,transparent
es,oligarca,hy,օլիգարխ,altered
es,oligarquía,hy,օլիգարխ,transparent
es,olimpiada,hy,օլիմպիադա,transparent
es,oliva,hy,օլիվեր,altered
es,olivia,hy,օլիվիա,transparent
es,olímpico,hy,օլիմպիական,altered
es,ombudsman,hy,օմբուդսմեն,transparent
es,ontario,hy,օնտարիո,transparent
es,opel,hy,օպել,transparent
es,operación,hy,օպերացիա,altered
es,operador,hy,օպերատոր,transparent
es,operativo,hy,օպերատիվ,transparent
es,oral,hy,օրալ,transparent
es,orden,hy,օրդենի,altered
es,organismo,hy,օրգանիզմ,altered
es,orgasmo,hy,օրգազմ,altered
es,orgánico,hy,օրգանական,altered
es,original,hy,օրիգինալ,transparent
es,orquesta,hy,օրկեստրի,altered
es,ortopédico,hy,օրթոպեդիկ,altered
es,otomano,hy,օսմանյան,altered
es,otto,hy,օտտո,transparent
es,oval,hy,օվալաձև,transparent
es,oxford,hy,օքսֆորդ,transparent
es,oxidación,hy,օքսիդացում,altered
es,oxitocina,hy,օքսիտոցին,altered
es,paciente,hy,պացիենտ,transparent
es,pakistán,hy,պակիստան,transparent
es,palacio,hy,պալատ,altered
es,paliativo,hy,պալիատիվ,transparent
es,pan,hy,պան,transparent
es,panama,hy,պանամա,transparent
es,panamá,hy,պանամա,transparent
es,pandemia,hy,պանդեմիա,transparent
es,panorama,hy,պանորամա,transparent
es,panteón,hy,պանթեոն,transparent
es,papal,hy,պապական,altered
es,papaya,hy,պապայի,transparent
es,papiro,hy,պապիրուս,altered
es,papá,hy,պապ,transparent
es,par,hy,պար,transparent
es,paradoja,hy,պարադոքս,altered
es,paradójico,hy,պարադոքսալ,altered
es,paraguay,hy,պարագվայ,transparent
es,paranormal,hy,պարանորմալ,transparent
es,parasimpático,hy,պարասիմպաթիկ,transparent
es,paridad,hy,պարիտետ,altered
es,parkinson,hy,պարկինսոն,transparent
es,parlamento,hy,պառլամենտ,altered
es,parque,hy,պարկ,transparent
es,partida,hy,պարտիա,altered
es,partidista,hy,պարտիզան,altered
es,partido,hy,փարթի,altered
es,partisano,hy,պարտիզան,altered
es,parámetro,hy,պարամետր,transparent
es,pasivo,hy,պասիվ,transparent
es,patético,hy,պաթետիկ,transparent
es,paul,hy,պաուլ,transparent
es,pausa,hy,պաուզա,transparent
es,pedro,hy,պեդրո,transparent
es,pelear,hy,պայքար,transparent
es,pensilvania,hy,փենսիլվանիա,altered
es,pentágono,hy,պենտագոն,transparent
es,penélope,hy,պենելոպե,transparent
es,pepe,hy,պեպե,transparent
es,perfil,hy,պրոֆիլը,altered
es,persa,hy,պարսիկ,altered
es,perú,hy,պերու,transparent
es,pesticida,hy,պեստիցիդ,altered
es,petersburgo,hy,պետերբուրգ,altered
es,petra,hy,պետրա,transparent
es,petro,hy,պետրոս,altered
es,petrogrado,hy,պետրոգրադում,transparent
es,pi,hy,պի,transparent
es,pico,hy,պիկը,transparent
es,pietro,hy,պիետրո,transparent
es,pieza,hy,պիես,altered
es,piloto,hy,պիլոտային,transparent
es,pingüino,hy,պինգվինը,altered
es,pionero,hy,պիոներ,transparent
es,pirenaico,hy,պիրենեյան,altered
es,pizza,hy,պիցցա,altered
es,plan,hy,պլան,transparent
es,planear,hy,պլանավորել,altered
es,plasma,hy,պլազմա,transparent
es,plataforma,hy,պլատֆորմ,transparent
es,platino,hy,պլատինե,altered
es,platón,hy,պլատոն,transparent
es,playoff,hy,փլեյ-օֆֆ,transparent
es,plaza,hy,պլազա,transparent
es,plus,hy,պլյուս,transparent
es,plástico,hy,պլաստիկ,transparent
es,población,hy,պոպուլյացիա,altered
es,poema,hy,պոեմ,transparent
es,poesía,hy,պոեզիա,transparent
es,poeta,hy,պոետ,altered
es,policlínica,hy,պոլիկլինիկա,transparent
es,polietileno,hy,պոլիէթիլենային,altered
es,polis,hy,պոլիս,transparent
es,politécnico,hy,պոլիտեխնիկական,altered
es,polímero,hy,պոլիմեր,transparent
es,poncho,hy,պոնչո,transparent
es,popular,hy,պոպուլյար,transparent
es,populista,hy,պոպուլիստական,altered
es,porno,hy,պոռնո,transparent
es,pornografía,hy,պոռնոգրաֆիա,transparent
es,portafolio,hy,պորտֆել,altered
es,portugal,hy,պորտուգալիա,transparent
es,positivo,hy,պոզիտիվ,altered
es,post,hy,փոստ,transparent
es,postal,hy,փոստային,transparent
es,potencial,hy,պոտենցիալ,transparent
es,poético,hy,պոետիկ,transparent
es,pragmático,hy,պրագմատիկ,altered
es,pravda,hy,պրավդա,transparent
es,prefectura,hy,պրեֆեկտուրա,transparent
es,premier,hy,պրեմիեր,transparent
es,premiere,hy,պրեմիերա,transparent
es,premio,hy,պրեմիում,altered
es,preparado,hy,պրեպարատ,altered
es,presidente,hy,պրեզիդենտ,altered
es,primitivo,hy,պրիմիտիվ,transparent
es,principal,hy,պրինցիպիալ,altered
es,pro,hy,պրո,transparent
es,problema,hy,պրոբլեմ,transparent
es,problemático,hy,պրոբլեմատիկ,transparent
es,procesador,hy,պրոցեսոր,altered
es,proceso,hy,պրոցես,altered
es,productivo,hy,պրոդուկտիվ,transparent
es,producto,hy,պրոդուկտ,transparent
es,productor,hy,պրոդյուսեր,altered
es,profesional,hy,պրոֆեսիոնալ,transparent
es,profesionalismo,hy,պրոֆեսիոնալիզմ,transparent
es,profesor,hy,պրոֆեսոր,transparent
es,profiláctico,hy,պրոֆիլակտիկ,altered
es,progresivo,hy,պրոգրեսիվ,transparent
es,progreso,hy,պրոգրես,altered
es,proletariado,hy,պրոլետարիատ,altered
es,proletario,hy,պրոլետարական,altered
es,propaganda,hy,պրոպագանդա,transparent
es,proteína,hy,պրոտեինի,altered
es,protocolo,hy,պրոտոկոլ,transparent
es,protón,hy,պրոտոն,transparent
es,proveedor,hy,պրովայդեր,altered
es,provincia,hy,պրովինցիա,transparent
es,proyecto,hy,պրոյեկտ,altered
es,prusia,hy,պրուսիա,transparent
es,prusiano,hy,պրուսական,altered
es,práctica,hy,պրակտիկա,transparent
es,práctico,hy,պրակտիկ,altered
es,prótesis,hy,պրոթեզ,altered
es,pub,hy,փաբ,transparent
es,pulso,hy,պուլսը,transparent
es,póker,hy,պոկեր,transparent
es,púnico,hy,փյունիկ,altered
es,quimioterapia,hy,քիմիոթերապիա,transparent
es,química,hy,քիմիա,transparent
es,químico,hy,քիմիական,altered
es,quórum,hy,քվորումն,transparent
es,ra,hy,րա,transparent
es,rabí,hy,ռաբիս,altered
es,racional,hy,ռացիոնալ,transparent
es,racismo,hy,ռասիզմ,altered
es,racista,hy,ռասիստական,altered
es,radar,hy,ռադարներ,transparent
es,radiactivo,hy,ռադիոակտիվ,altered
es,radical,hy,ռադիկալ,transparent
es,radio,hy,ռադիո,transparent
es,radioactivo,hy,ռադիոակտիվ,transparent
es,rafael,hy,ռաֆայել,transparent
es,ramón,hy,ռամոն,transparent
es,rapido,hy,ռապիդ,altered
es,raqueta,hy,ռակետ,altered
es,rayón,hy,ռայոն,transparent
es,reacción,hy,ռեակցիա,transparent
es,reactivo,hy,ռեակտիվ,transparent
es,reactor,hy,ռեակտոր,transparent
es,real,hy,ռեալ,transparent
es,realidad,hy,ռեալիթի,altered
es,realismo,hy,ռեալիզմ,altered
es,realista,hy,ռեալիստական,altered
es,rebeca,hy,ռեբեկա,transparent
es,receptor,hy,ռեցեպտորներ,altered
es,recreación,hy,ռեկրեացիոն,transparent
es,rector,hy,ռեկտոր,transparent
es,recurso,hy,ռեսուրս,altered
es,refinanciación,hy,վերաֆինանսավորում,altered
es,reflejo,hy,ռեֆլեքսներ,altered
es,reforma,hy,ռեֆորմ,altered
es,regional,hy,ռեգիոնալ,transparent
es,registro,hy,ռեգիստր,altered
es,región,hy,ռեգիոն,transparent
es,relieve,hy,ռելիեֆ,transparent
es,repertorio,hy,ռեպերտուար,altered
es,reportaje,hy,ռեպորտաժ,altered
es,reserva,hy,ռեզերվ,altered
es,residente,hy,ռեզիդենտ,altered
es,resonancia,hy,ռեզոնանսի,transparent
es,resonante,hy,ռեզոնանսային,altered
es,resumen,hy,ռեզյումեն,transparent
es,retro,hy,ռետրո,transparent
es,retórico,hy,հռետորական,altered
es,rey,hy,ռեյ,transparent
es,ricardo,hy,ռիչարդ,transparent
es,rift,hy,rift-ը,transparent
es,riga,hy,ռիգա,transparent
es,rihanna,hy,ռիհաննա,transparent
es,ring,hy,ռինգ,transparent
es,risco,hy,ռիսկ,transparent
es,rita,hy,ռիտա,transparent
es,ritmo,hy,ռիթմ,altered
es,river,hy,ռիվեր,transparent
es,roberto,hy,ռոբերտ,altered
es,robinson,hy,ռոբինսոն,transparent
es,robot,hy,ռոբոտ,transparent
es,robín,hy,ռոբին,transparent
es,rock,hy,ռոք,transparent
es,rodolfo,hy,ռուդոլֆ,altered
es,romance,hy,ռոման,altered
es,romano,hy,ռոմանոս,altered
es,romanticismo,hy,ռոմանտիզմ,altered
es,romeo,hy,ռոմեո,transparent
es,romántico,hy,ռոմանտիկ,altered
es,ronaldo,hy,ռոնալդո,transparent
es,rosa,hy,ռոզա,transparent
es,rostov,hy,ռոստով,transparent
es,rotavirus,hy,ռոտավիրուսային,transparent
es,rubik,hy,ռուբիկ,transparent
es,rublo,hy,ռուբլի,altered
es,rubí,hy,ռուբի,transparent
es,rugby,hy,ռեգբի,altered
es,rumania,hy,ռումինիա,transparent
es,rumano,hy,ռումինական,altered
es,rumba,hy,ռումբ,altered
es,ruso,hy,ռուսական,transparent
es,récord,hy,ռեկորդ,transparent
es,régimen,hy,ռեժիմ,altered
es,río,hy,ռիո,transparent
es,rítmico,hy,ռիթմիկ,altered
es,sal,hy,սալ,transparent
es,saladino,hy,սալադինը,altered
es,salmo,hy,սաղմոս,altered
es,salmón,hy,սաղմոն,altered
es,salvador,hy,սալվադոր,transparent
es,salón,hy,սալոն,transparent
es,sambo,hy,սամբո,transparent
es,samuel,hy,սամուել,transparent
es,sanción,hy,սանկցիա,altered
es,sandalia,hy,սանդալներ,altered
es,sanitario,hy,սանիտարական,altered
es,santiago,hy,սանտիագո,transparent
es,sargento,hy,սերժանտ,altered
es,satana,hy,սատանա,transparent
es,satanás,hy,սատանա,altered
es,saturno,hy,սատուրնի,altered
es,satán,hy,սատանի,altered
es,sauna,hy,սաունա,transparent
es,schubert,hy,շուբերտ,transparent
es,schwarzenegger,hy,շվարցենեգեր,transparent
es,scout,hy,սկաուտական,transparent
es,season,hy,սեզոն,transparent
es,sebastián,hy,սեբաստիան,altered
es,sector,hy,սեկտոր,transparent
es,seda,hy,սեդա,transparent
es,selección,hy,սելեկցիոն,altered
es,selfiar,hy,սելֆի,transparent
es,seminario,hy,սեմինար,altered
es,senado,hy,սենատ,altered
es,senador,hy,սենատոր,transparent
es,sensación,hy,սենսացիոն,transparent
es,sensorial,hy,սենսորային,altered
es,sentimental,hy,սենտիմենտալ,transparent
es,separata,hy,սեպարատ,altered
es,septiembre,hy,սեպտեմբեր,transparent
es,ser,hy,սեր,transparent
es,serbio,hy,սերբ,altered
es,serenata,hy,սերենադ,altered
es,sereno,hy,սերենա,transparent
es,seriación,hy,սերիական,altered
es,serial,hy,սերիալ,transparent
es,serie,hy,սերիա,transparent
es,servicio,hy,սերվիս,altered
es,servidor,hy,սերվեր,altered
es,sevilla,hy,սևիլյայի,transparent
es,sexismo,hy,սեքսիզմ,altered
es,sexo,hy,սեքս,altered
es,sexual,hy,սեքսուալ,transparent
es,señal,hy,սիգնալ,altered
es,señor,hy,սենոր,altered
es,shakespeare,hy,շեքսպիր,altered
es,shakesperiano,hy,շեքսպիրյան,altered
es,shanghái,hy,շանհայ,transparent
es,sheriff,hy,շերիֆ,altered
es,sherlock,hy,շերլոկ,transparent
es,shiraz,hy,շիրազի,altered
es,shock,hy,շոկ,altered
es,show,hy,շոու,transparent
es,si,hy,սի,transparent
es,siberiano,hy,սիբիրյան,altered
es,sicilia,hy,սիցիլիա,transparent
es,sierra,hy,սիերա,transparent
es,sigmund,hy,զիգմունդ,altered
es,silicona,hy,սիլիկոնե,altered
es,silicón,hy,սիլիկոն,transparent
es,silva,hy,սիլվա,transparent
es,silvia,hy,սիլվիա,transparent
es,silvio,hy,սիլվիո,transparent
es,simbólico,hy,սիմվոլիկ,altered
es,simeón,hy,սիմեոն,transparent
es,simposio,hy,սիմպոզիում,altered
es,simpático,hy,սիմպաթիկ,transparent
es,simétrico,hy,սիմետրիկ,altered
es,simón,hy,սիմոն,transparent
es,sinfonía,hy,սիմֆոնիա,transparent
es,sinfónico,hy,սիմֆոնիկ,transparent
es,singapur,hy,սինգապուր,transparent
es,single,hy,սինգլ,transparent
es,sintético,hy,սինթետիկ,altered
es,sinusoidal,hy,սինուսային,altered
es,sionista,hy,սիոնիստական,transparent
es,sirio,hy,սիրիա,transparent
es,sistema,hy,սիստեմ,transparent
es,sistemático,hy,սիստեմատիկ,transparent
es,smartphone,hy,սմարթֆոն,transparent
es,smith,hy,սմիթ,transparent
es,social,hy,սոցիալական,transparent
es,socialdemócrata,hy,սոցիալ-դեմոկրատական,altered
es,socialismo,hy,սոցիալիզմ,transparent
es,socialista,hy,սոցիալիստ,transparent
es,sociología,hy,սոցիոլոգիա,altered
es,sociológico,hy,սոցիոլոգիական,altered
es,sociólogo,hy,սոցիոլոգ,transparent
es,soda,hy,սոդա,transparent
es,sodio,hy,սոցիումի,altered
es,sofía,hy,սոֆյա,altered
es,soja,hy,սոյայի,altered
es,sol,hy,սոլ,transparent
es,solo,hy,սոլո,transparent
es,somalí,hy,սոմալի,transparent
es,spa,hy,սպա,transparent
es,sport,hy,sport-ի,transparent
es,sportsman,hy,սպորտսմեն,transparent
es,stalin,hy,ստալին,transparent
es,stanley,hy,սթենլի,altered
es,start,hy,ստարտ,transparent
es,startup,hy,ստարտափ,transparent
es,status,hy,ստատուս,transparent
es,stone,hy,սթոուն,altered
es,stop,hy,ստոպ,transparent
es,subjetivo,hy,սուբյեկտիվ,transparent
es,subsidiar,hy,սուբսիդավորել,altered
es,subsidio,hy,սուբսիդիա,altered
es,suero,hy,սերո,altered
es,sullivan,hy,սալիվանը,transparent
es,sultán,hy,սուլթան,transparent
es,superhéroe,hy,սուպերհերոս,altered
es,supermercado,hy,սուպերմարկետ,altered
es,surrealista,hy,սյուրռեալիստական,altered
es,susana,hy,սուսաննա,transparent
es,sushi,hy,սուշի,transparent
es,swift,hy,սվիֆթ,transparent
es,sábana,hy,սավան,altered
es,sándwich,hy,սենդվիչ,altered
es,sánscrito,hy,սանսկրիտ,altered
es,símbolo,hy,սիմվոլ,altered
es,síndrome,hy,սինդրոմ,altered
es,síntesis,hy,սինթեզ,altered
es,síntoma,hy,սիմպտոմներ,altered
es,sísmico,hy,սեյսմիկ,altered
es,sócrates,hy,սոկրատեսը,transparent
es,sólido,hy,սոլիդ,altered
es,súper,hy,սուպեր,transparent
es,tabú,hy,տաբու,transparent
es,tailandia,hy,թաիլանդ,transparent
es,taiwán,hy,թայվան,transparent
es,talismán,hy,թալիսման,transparent
es,tango,hy,տանգո,transparent
es,tanque,hy,տանկ,altered
es,taxi,hy,տաքսի,transparent
es,taxista,hy,տաքսիստ,altered
es,tayikistán,hy,տաջիկստան,altered
es,teatro,hy,թատրոն,transparent
es,tecnico,hy,տեխնիկական,altered
es,tecnología,hy,տեխնոլոգիա,altered
es,tecnológico,hy,տեխնոլոգիական,altered
es,tecnólogo,hy,տեխնոլոգ,altered
es,tectónico,hy,տեկտոնական,altered
es,telegrafía,hy,telegraph-ը,altered
es,teléfono,hy,տելեֆոն,transparent
es,tema,hy,թեմա,transparent
es,tempo,hy,տեմպ,transparent
es,temática,hy,թեմատիկ,transparent
es,temático,hy,թեմատիկ,transparent
es,tendencia,hy,տենդենց,altered
es,tenis,hy,թենիս,transparent
es,tenista,hy,թենիսիստ,altered
es,tenor,hy,տենոր,transparent
es,teodoro,hy,թեոդոր,altered
es,teorema,hy,թեորեմ,transparent
es,tequila,hy,տեկիլա,altered
es,terapeuta,hy,թերապևտ,altered
es,terapia,hy,թերապիա,transparent
es,terapéutico,hy,թերապևտիկ,transparent
es,teresa,hy,թերեզա,transparent
es,terminal,hy,տերմին,transparent
es,termodinámico,hy,թերմոդինամիկական,altered
es,territorio,hy,տերիտորիա,altered
es,terrorismo,hy,տեռորիզմ,altered
es,terrorista,hy,տեռորիստ,altered
es,tesis,hy,թեզ,altered
es,test,hy,թեստ,transparent
es,testosterona,hy,տեստոստերոնի,altered
es,textil,hy,տեքստիլ,transparent
es,texto,hy,տեքստ,altered
es,tiflis,hy,թբիլիսի,altered
es,tigre,hy,տիգր,transparent
es,tipo,hy,տիպ,transparent
es,titán,hy,տիտան,transparent
es,titánico,hy,տիտանիկ,altered
es,tokio,hy,տոկիո,transparent
es,tomo,hy,թոմ,transparent
es,tomografía,hy,տոմոգրաֆիայի,transparent
es,tomás,hy,թոմաս,transparent
es,tonelada,hy,տոննայի,altered
es,tono,hy,տոնուսը,altered
es,toronto,hy,տորոնտոյի,transparent
es,torta,hy,տորթ,altered
es,total,hy,տոտալ,transparent
es,totalitario,hy,տոտալիտար,altered
es,toño,hy,թոնի,altered
es,tractor,hy,տրակտոր,transparent
es,trans,hy,տրանս,transparent
es,transcripción,hy,տրանսկրիպցիայի,altered
es,transferencia,hy,տրանսֆեր,altered
es,transformación,hy,տրանսֆորմացիոն,transparent
es,transgénero,hy,տրանսգենդեր,transparent
es,transportable,hy,տրանսպորտային,altered
es,transporte,hy,տրանսպորտ,altered
es,tranvía,hy,տրամվայ,altered
es,trapecio,hy,տրապիզոն,altered
es,trauma,hy,տրավմա,altered
es,traumático,hy,տրավմատիկ,altered
es,trend,hy,տրենդի,transparent
es,tribuna,hy,տրիբունալ,transparent
es,tribunal,hy,տրիբունալ,transparent
es,trillón,hy,տրիլիոն,altered
es,trolebús,hy,տրոլեյբուս,transparent
es,tropical,hy,տրոպիկական,altered
es,troyano,hy,տրոյական,altered
es,tráfico,hy,թրաֆիքինգ,altered
es,trágico,hy,տրագիկ,transparent
es,tráiler,hy,թրեյլեր,altered
es,trío,hy,տրիո,transparent
es,tsunami,hy,ցունամի,transparent
es,tuberculosis,hy,տուբերկուլյոզ,altered
es,turco,hy,թուրք,altered
es,turcomano,hy,թուրքմենական,altered
es,turismo,hy,տուրիզմ,altered
es,turista,hy,տուրիստ,transparent
es,turkmenistán,hy,թուրքմենստան,transparent
es,turín,hy,տորինոյի,altered
es,turístico,hy,տուրիստական,altered
es,táctica,hy,տակտիկա,transparent
es,táctico,hy,տակտիկական,altered
es,té,hy,թեյ,transparent
es,técnica,hy,տեխնիկական,altered
es,técnicamente,hy,տեխնիկապես,altered
es,término,hy,տերմին,transparent
es,típico,hy,տիպիկ,transparent
es,título,hy,տիտղոս,altered
es,tónico,hy,տոնիկը,altered
es,tóxico,hy,տոքսիկ,altered
es,túnez,hy,թունիս,altered
es,ucraniano,hy,ուկրաինացի,altered
es,ucranio,hy,ուկրաինա,transparent
es,uefa,hy,ուեֆա,transparent
es,uganda,hy,ուգանդա,transparent
es,ultrasónico,hy,ուլտրաձայնային,altered
es,universal,hy,ունիվերսալ,transparent
es,uruguay,hy,ուրուգվայ,transparent
es,uzbekistán,hy,ուզբեկստան,transparent
es,vacío,hy,վակուում,transparent
es,vagón,hy,վագոն,transparent
es,valencia,hy,վալենսիա,transparent
es,valentín,hy,վալենտին,altered
es,valeri,hy,վալերի,transparent
es,vals,hy,վալս,transparent
es,valí,hy,վալի,transparent
es,vampiro,hy,վամպիր,altered
es,vandalismo,hy,վանդալիզմ,transparent
es,vanguardia,hy,ավանգարդ,altered
es,vano,hy,վանո,transparent
es,vasallo,hy,վասալ,altered
es,vaticano,hy,վատիկան,altered
es,vector,hy,վեկտոր,transparent
es,vectorial,hy,վեկտորական,transparent
es,vegetación,hy,վեգետացիայի,altered
es,vegetativo,hy,վեգետատիվ,transparent
es,vendetta,hy,վենդետա,transparent
es,veneciano,hy,վենետիկ,altered
es,venezuela,hy,վենեսուելա,transparent
es,vera,hy,վերա,transparent
es,verbal,hy,վերբալ,transparent
es,versión,hy,վերսիա,altered
es,verónica,hy,վերոնիկա,transparent
es,vesta,hy,վեստ,altered
es,veste,hy,վեստ,transparent
es,veterano,hy,վետերան,transparent
es,vibración,hy,վիբրացիայի,altered
es,victoria,hy,վիկտորիա,transparent
es,video,hy,վիդեո,transparent
es,viena,hy,վիեննա,altered
es,vienés,hy,վիեննական,altered
es,vietnam,hy,վիետնամ,transparent
es,vietnamita,hy,վիետնամական,altered
es,vikingo,hy,վիկինգ,altered
es,villa,hy,վիլլա,transparent
es,viral,hy,վիրուսային,altered
es,virginia,hy,վիրջինիայի,transparent
es,virtual,hy,վիրտուալ,transparent
es,virtuoso,hy,վիրտուոզ,altered
es,virus,hy,վիրուս,transparent
es,visar,hy,վիզա,transparent
es,visir,hy,վեզիր,altered
es,visual,hy,վիզուալ,transparent
es,vitamina,hy,վիտամին,altered
es,vivar,hy,վիվա,transparent
es,vivendi,hy,վիվենդի,transparent
es,vocal,hy,վոկալ,transparent
es,vocalista,hy,վոկալիստ,transparent
es,voleibol,hy,վոլեյբոլ,altered
es,voltio,hy,վոլտ,altered
es,vía,hy,վիա,transparent
es,víctor,hy,վիկտոր,transparent
es,vídeo,hy,վիդեո,transparent
es,washington,hy,վաշինգտոն,transparent
es,web,hy,վեբ,transparent
es,wikimedia,hy,վիքիմեդիա,transparent
es,wikipedia,hy,վիքիպեդիա,transparent
es,williams,hy,ուիլյամ,transparent
es,wilson,hy,վիլսոն,transparent
es,winchester,hy,վինչեստերներ,transparent
es,yarda,hy,յարդ,transparent
es,yodo,hy,յոդ,transparent
es,yoga,hy,յոգա,transparent
es,yogur,hy,յոգուրտ,altered
es,youtube,hy,youtube-ը,transparent
es,yugoslavia,hy,հարավսլավիա,altered
es,zagreb,hy,զագրեբ,altered
es,zelanda,hy,զելանդիա,transparent
es,zombi,hy,զոմբի,transparent
es,zona,hy,զոնա,transparent
es,zuckerberg,hy,ցուկերբերգ,transparent
es,áfrica,hy,աֆրիկա,transparent
es,ágata,hy,ագաթ,altered
es,álbum,hy,ալբոմ,transparent
es,álvaro,hy,ալվարո,transparent
es,ámsterdam,hy,ամստերդամ,transparent
es,ángela,hy,անգելա,transparent
es,árabe,hy,արաբական,altered
es,ártico,hy,արկտիկական,transparent
es,átomo,hy,ատոմ,transparent
es,ébola,hy,էբոլա,transparent
es,élite,hy,էլիտա,transparent
es,épico,hy,էպիկական,transparent
es,éter,hy,եթեր,transparent
es,ética,hy,էթիկա,transparent
es,ético,hy,էթիկական,transparent
es,étnico,hy,էթնիկ,transparent
es,índice,hy,ինդեքս,altered
es,íntimo,hy,ինտիմ,altered
es,ópera,hy,օպերա,transparent
es,óptica,hy,օպտիկայի,altered
es,óptico,hy,օպտիկական,altered
es,órgano,hy,օրգան,altered
es,óxido,hy,օքսիդի,altered
es,único,hy,ունիկալ,altered
hy,աբել,es,abel,transparent
hy,աբխազիա,es,abjasia,altered
hy,աբորտ,es,aborto,altered
hy,աբսուրդ,es,absurdo,altered
hy,աբստրակտ,es,abstracto,altered
hy,ագաթ,es,ágata,altered
hy,ագնես,es,inés,altered
hy,ագրեգատներ,es,agregado,altered
hy,ագրեսիա,es,agresión,altered
hy,ագրեսիվ,es,agresivo,transparent
hy,ագրեսոր,es,agresor,transparent
hy,ադամ,es,adán,altered
hy,ադամանդ,es,diamante,altered
hy,ադամանդե,es,diamante,transparent
hy,ադապտացիա,es,adaptación,transparent
hy,ադապտացվել,es,adaptar,transparent
hy,ադեկվատ,es,adecuar,altered
hy,ադմինիստրատիվ,es,administrativo,transparent
hy,ադմինիստրատոր,es,administrador,altered
hy,ադմինիստրացիա,es,administración,transparent
hy,ադրիան,es,adrián,transparent
hy,ադրիանո,es,adriano,transparent
hy,աերոբիկ,es,aeróbico,altered
hy,ազերի,es,azerbaiyano,altered
hy,աթեիզմ,es,ateísmo,altered
hy,աթեիստ,es,ateo,altered
hy,աթենական,es,ateniense,altered
hy,աթենացի,es,ateniense,altered
hy,աթերոսկլերոզ,es,arteriosclerosis,altered
hy,աթլետիկա,es,atlético,altered
hy,աիդա,es,aída,transparent
hy,ալբան,es,albán,transparent
hy,ալբանական,es,albanés,altered
hy,ալբանացի,es,albanés,altered
hy,ալբանիա,es,albania,transparent
hy,ալբերտո,es,alberto,transparent
hy,ալբոմ,es,álbum,transparent
hy,ալգորիթմ,es,algoritmo,altered
hy,ալերգիա,es,alergia,transparent
hy,ալերգիկ,es,alérgico,transparent
hy,ալեքսանդր,es,alejandro,altered
hy,ալեքսանդրա,es,alejandra,altered
hy,ալինա,es,alina,transparent
hy,ալլահ,es,alá,transparent
hy,ալկոհոլ,es,alcohol,transparent
hy,ալկոհոլային,es,alcohólico,altered
hy,ալկոհոլիզմ,es,alcoholismo,altered
hy,ալմանախ,es,almanaque,transparent
hy,ալյանս,es,alianza,altered
hy,ալյասկայի,es,alaska,transparent
hy,ալյումին,es,aluminio,altered
hy,ալոնսո,es,alonso,transparent
hy,ալոնսոյի,es,alonso,transparent
hy,ալոնսոն,es,alonso,transparent
hy,ալումյան,es,aluminio,altered
hy,ալպիական,es,alpino,altered
hy,ալպյան,es,alpino,altered
hy,ալվարո,es,álvaro,transparent
hy,ալտերնատիվ,es,alternativa,altered
hy,ալֆա,es,alfa,transparent
hy,ալֆոնսո,es,alfonso,transparent
hy,ալֆրեդ,es,alfredo,altered
hy,ակադեմիա,es,academia,transparent
hy,ակադեմիական,es,académico,altered
hy,ակադեմիկոս,es,académico,transparent
hy,ակուստիկ,es,acústico,altered
hy,ակվարիում,es,acuario,altered
hy,ակտ,es,acto,altered
hy,ակտիվ,es,activo,transparent
hy,ակտիվանալ,es,activar,altered
hy,ակտիվացել,es,activar,altered
hy,ակտիվացնել,es,activar,altered
hy,ակտիվիստ,es,activista,transparent
hy,ակտիվորեն,es,activamente,transparent
hy,ակտիվություն,es,actividad,altered
hy,ակտուալ,es,actual,transparent
hy,ակր,es,acre,transparent
hy,ակցենտի,es,acento,altered
hy,ակցենտով,es,acento,altered
hy,ակցիա,es,acción,altered
hy,ամբիցիա,es,ambición,altered
hy,ամբիցիոզ,es,ambicioso,transparent
hy,ամբուլատոր,es,ambulatorio,transparent
hy,ամենասեքսուալ,es,sexual,altered
hy,ամերիկական,es,americano,altered
hy,ամերիկյան,es,americano,transparent
hy,ամինաթթու,es,aminoácido,altered
hy,ամինաթթվային,es,aminoácido,altered
hy,ամոնիակի,es,amoníaco,altered
hy,ամունդսենի,es,amundsen,transparent
hy,ամստերդամ,es,ámsterdam,transparent
hy,այնշտայն,es,einstein,altered
hy,անա,es,ana,transparent
hy,անալ,es,anal,transparent
hy,անալիտիկ,es,analítico,altered
hy,անալոգ,es,análogo,transparent
hy,անալոգային,es,analógico,altered
hy,անանիա,es,ananías,altered
hy,անաստաս,es,anastasio,altered
hy,անաստասիա,es,anastasia,transparent
hy,անատոմիա,es,anatomía,transparent
hy,անատոմիական,es,anatómico,altered
hy,անգելա,es,ángela,transparent
hy,անգլիկան,es,anglicano,altered
hy,անդերսեն,es,andersen,transparent
hy,անդրեա,es,andrea,transparent
hy,անդրեաս,es,andrés,altered
hy,անեկդոտ,es,anécdota,transparent
hy,անժելա,es,ángela,transparent
hy,անիմացիա,es,animación,altered
hy,անիմացիոն,es,animación,altered
hy,անլեգալ,es,ilegal,altered
hy,անն,es,ana,transparent
hy,աննա,es,anna,transparent
hy,աննորմալ,es,anormal,transparent
hy,անոմալ,es,anómalo,transparent
hy,անոմալիա,es,anomalía,transparent
hy,անտարկտիդա,es,antártida,transparent
hy,անտենան,es,antena,transparent
hy,անտիոքի,es,antioquía,transparent
hy,անտոն,es,antón,transparent
hy,անտոնիո,es,antonio,transparent
hy,աորտա,es,aorta,transparent
hy,աուդիո,es,audio,transparent
hy,աուդիտ,es,auditoría,altered
hy,աուդիտորական,es,auditorio,altered
hy,աուտիզմ,es,autismo,altered
hy,աուտոիմուն,es,autoinmune,transparent
hy,ապարատ,es,aparato,altered
hy,ապոկալիպսիս,es,apocalipsis,transparent
hy,ապրիլ,es,abril,transparent
hy,ապրիլ-մայիս,es,abril,transparent
hy,ապրիլյան,es,abril,altered
hy,առնոլդ,es,arnoldo,altered
hy,ասամբլեա,es,asamblea,altered
hy,ասթմա,es,asma,altered
hy,ասիա,es,asia,transparent
hy,ասիմետրիկ,es,asimétrico,transparent
hy,ասիստենտ,es,asistente,altered
hy,ասոցացիա,es,asociación,altered
hy,ասոցացնել,es,asociar,altered
hy,ասոցացում,es,asociación,altered
hy,ասոցացվել,es,asociado,altered
hy,ասոցիատիվ,es,asociativo,transparent
hy,ասոցիացիա,es,asociación,altered
hy,ասպեկտ,es,aspecto,transparent
hy,ասպիրանտ,es,aspirante,altered
hy,աստանա,es,astaná,transparent
hy,աստանայի,es,astaná,transparent
hy,աստերոիդ,es,asteroide,transparent
hy,աստրախան,es,astracán,transparent
hy,ասֆալտ,es,asfalto,transparent
hy,ասֆալտապատել,es,asfalto,altered
hy,ասֆալտապատում,es,asfalto,altered
hy,ավանգարդ,es,vanguardia,altered
hy,ավգուստ,es,agosto,altered
hy,ավիացիա,es,aviación,transparent
hy,ավիացիոն,es,aviación,transparent
hy,ավստրալացի,es,australiano,altered
hy,ավստրալիա,es,australia,transparent
hy,ավստրալիական,es,australiano,altered
hy,ավստրիա,es,austria,altered
hy,ավստրիական,es,austriaco,altered
hy,ավտո,es,auto,transparent
hy,ավտոբուս,es,autobús,transparent
hy,ավտոբուսային,es,autobús,transparent
hy,ավտոմատ,es,automático,altered
hy,ավտոմատացնել,es,automatizar,altered
hy,ավտոմատացում,es,automatización,altered
hy,ավտոմոբիլ,es,automóvil,transparent
hy,ավտոմոբիլային,es,automovilístico,altered
hy,ավտորիտար,es,autoritario,transparent
hy,ատիպիկ,es,atípico,transparent
hy,ատլանտյան,es,atlántico,altered
hy,ատլաս,es,atlas,transparent
hy,ատլասը,es,atlas,transparent
hy,ատլետիկա,es,atlético,transparent
hy,ատլետիկո,es,atlético,altered
hy,ատլետիկոյի,es,atlético,altered
hy,ատոլ,es,atolón,altered
hy,ատոմ,es,átomo,transparent
hy,ատոմական,es,atómico,transparent
hy,ատոմային,es,atómico,altered
hy,ատրակցիոն,es,atracción,transparent
hy,ատրիբուտ,es,atributo,altered
hy,արաբ,es,árabe,altered
hy,արաբական,es,árabe,altered
hy,արաբիա,es,arabia,transparent
hy,արագոն,es,aragón,transparent
hy,արարատ,es,ararat,transparent
hy,արբիտրաժային,es,arbitraje,altered
hy,արգենտինա,es,argentino,transparent
hy,արգենտինական,es,argentino,altered
hy,արգենտինացի,es,argentino,altered
hy,արգո,es,argos,transparent
hy,արգումենտ,es,argumento,transparent
hy,արենա,es,arena,transparent
hy,արթուր,es,arturo,altered
hy,արիական,es,ario,transparent
hy,արիզոնա,es,arizona,transparent
hy,արիստոկրատ,es,aristócrata,altered
hy,արիստոտել,es,aristóteles,altered
hy,արխիվ,es,archivo,altered
hy,արխիվային,es,archivo,altered
hy,արկտիկական,es,ártico,transparent
hy,արկտիկայի,es,ártico,altered
hy,արմար,es,armario,altered
hy,արմենիա,es,armenio,transparent
hy,արոմատիկ,es,aromático,altered
hy,արսենալ,es,arsenal,transparent
hy,արտիստ,es,artista,transparent
hy,արտիստական,es,artístico,transparent
hy,արքեպիսկոպոս,es,arzobispo,altered
hy,ացետոն,es,acetona,altered
hy,ացտեկներ,es,azteca,altered
hy,աքսեսուար,es,accesorio,altered
hy,աֆեկտիվ,es,afectivo,altered
hy,աֆղանական,es,afgano,altered
hy,աֆղանստան,es,afganistán,transparent
hy,աֆորիզմը,es,aforismo,transparent
hy,աֆրիկա,es,áfrica,transparent
hy,աֆրիկական,es,africano,altered
hy,աֆրիկյան,es,africano,altered
hy,աֆրոամերիկացի,es,afroamericano,altered
hy,բաբելոն,es,babilonio,altered
hy,բաբելոնյան,es,babilónico,altered
hy,բազա,es,base,altered
hy,բազալտ,es,basalto,altered
hy,բազարը,es,bazar,transparent
hy,բազիլիկ,es,basílica,transparent
hy,բալանսավորված,es,balancear,altered
hy,բալանսը,es,balance,altered
hy,բալանսի,es,balance,transparent
hy,բալետ,es,ballet,altered
hy,բալետային,es,ballet,altered
hy,բալթիկ,es,báltico,altered
hy,բալիստիկ,es,balístico,transparent
hy,բալլադ,es,balada,transparent
hy,բալլադը,es,balada,transparent
hy,բալլադներ,es,balada,altered
hy,բալոն,es,balón,transparent
hy,բալոններ,es,balón,transparent
hy,բակալավր,es,bachiller,altered
hy,բակտերիալ,es,bacteria,transparent
hy,բաղդադ,es,bagdad,transparent
hy,բամբուկ,es,bambú,altered
hy,բայրոնի,es,byron,transparent
hy,բանգլադեշ,es,bangladés,transparent
hy,բանկ,es,banco,transparent
hy,բանկային,es,bancario,altered
hy,բանկիր,es,banquero,altered
hy,բաչատա,es,bachata,transparent
hy,բասկետբոլ,es,básquetbol,altered
hy,բասկետբոլային,es,básquet,altered
hy,բասկետբոլիստ,es,basquetbolista,altered
hy,բար,es,bar,transparent
hy,բարբարոս,es,bárbaro,altered
hy,բարիկադ,es,barricada,altered
hy,բարիտոն,es,barítono,altered
hy,բարոկկո,es,barroco,altered
hy,բարոն,es,barón,transparent
hy,բարոնուհի,es,baronesa,altered
hy,բարսելոնա,es,barcelona,transparent
hy,բաքու,es,bakú,transparent
hy,բեթմենը,es,batman,transparent
hy,բելգիա,es,bélgica,altered
hy,բելգիական,es,belga,altered
hy,բելգրադ,es,belgrado,altered
hy,բելլա,es,bello,transparent
hy,բեյսբոլ,es,béisbol,altered
hy,բեյրութ,es,beirut,transparent
hy,բենզին,es,bencina,altered
hy,բենիամին,es,benjamín,altered
hy,բենջամին,es,benjamín,transparent
hy,բեռլին,es,berlín,transparent
hy,բետա,es,beta,transparent
hy,բիլ,es,bill,transparent
hy,բիլլ,es,bill,transparent
hy,բիստրո,es,bistro,transparent
hy,բլեյք,es,blake,transparent
hy,բլոգ,es,blog,transparent
hy,բլոկ,es,bloque,altered
hy,բյուզանդական,es,bizantino,altered
hy,բյուրո,es,buró,transparent
hy,բյուրոկրատական,es,burocrático,altered
hy,բյուրոկրատիա,es,burocracia,altered
hy,բոբ,es,bob,transparent
hy,բոլիվիա,es,bolivia,transparent
hy,բոլշևիկ,es,bolchevique,altered
hy,բոլշևիկյան,es,bolchevique,altered
hy,բոլոնիա,es,bolonia,transparent
hy,բոմբ,es,bomba,altered
hy,բոյկոտ,es,boicot,altered
hy,բոյկոտել,es,boicotear,altered
hy,բոնապարտ,es,bonaparte,transparent
hy,բոնդ,es,bono,altered
hy,բոնուս,es,bono,altered
hy,բոնուսներ,es,bono,altered
hy,բոսնիա,es,bosnio,transparent
hy,բոսնիական,es,bosnio,altered
hy,բոստոն,es,boston,transparent
hy,բորուսիան,es,borussia,transparent
hy,բուդապեշտ,es,budapest,transparent
hy,բուդդա,es,buda,transparent
hy,բուենոս,es,bueno,transparent
hy,բուլղարական,es,búlgaro,altered
hy,բուլղարիա,es,bulgaria,transparent
hy,բուլղարներ,es,búlgaro,altered
hy,բուլվար,es,bulevar,altered
hy,բուխարեստ,es,bucarest,altered
hy,բումերանգ,es,bumerán,transparent
hy,բունդեսթագ,es,bundestag,transparent
hy,բունկեր,es,búnker,transparent
hy,բուսասանիտարական,es,sanitario,altered
hy,բուրբոն,es,borbón,transparent
hy,բուրժուազիա,es,burguesía,altered
hy,բուֆետ,es,bufé,transparent
hy,բոքս,es,boxeo,altered
hy,բրազիլական,es,brasileño,altered
hy,բրազիլացի,es,brasileño,altered
hy,բրազիլիա,es,brasil,altered
hy,բրաունի,es,brownie,transparent
hy,բրավո,es,bravo,transparent
hy,բրիգադ,es,brigada,altered
hy,բրիտանական,es,británico,altered
hy,բրիտանացի,es,británico,altered
hy,բրոդվեյ,es,broadway,transparent
hy,բրոկոլիով,es,brócoli,altered
hy,բրոնզ,es,bronce,altered
hy,բրոնզե,es,bronce,altered
hy,բրոնխներ,es,bronquio,altered
hy,բրունո,es,bruno,transparent
hy,գաբրիել,es,gabriel,transparent
hy,գագարին,es,gagarin,transparent
hy,գազ,es,gas,transparent
hy,գազետա,es,gaceta,altered
hy,գալա,es,gala,transparent
hy,գալակտիկա,es,galaxia,altered
hy,գալաքս,es,galaxia,altered
hy,գալիլեյը,es,galileo,transparent
hy,գարաժ,es,garaje,altered
hy,գեյ,es,gay,transparent
hy,գեն,es,gen,transparent
hy,գենետիկ,es,genética,altered
hy,գենետիկական,es,genético,transparent
hy,գենետիկորեն,es,genéticamente,altered
hy,գեներալ,es,general,transparent
hy,գեներալ-լեյտենանտ,es,general,transparent
hy,գեներալ-մայոր,es,general,transparent
hy,գեներատոր,es,generador,transparent
hy,գենոմի,es,genoma,transparent
hy,գեոդեզիական,es,geodésico,transparent
hy,գետտո,es,gueto,altered
hy,գերման,es,germano,altered
hy,գերմանական,es,germánico,altered
hy,գերմանացի,es,germánico,altered
hy,գիբսոն,es,gibson,transparent
hy,գիգանտ,es,gigante,transparent
hy,գիթառով,es,guitarra,altered
hy,գիմնազիա,es,gimnasia,altered
hy,գինեկոլոգիական,es,ginecológico,transparent
hy,գլադիատոր,es,gladiador,altered
hy,գլաուկոմա,es,glaucoma,transparent
hy,գլյուկոզ,es,glucosa,altered
hy,գլոբալ,es,global,transparent
hy,գլոբալացում,es,globalización,transparent
hy,գլոբուս,es,globo,altered
hy,գլորիա,es,gloria,transparent
hy,գյոթե,es,goethe,altered
hy,գոթական,es,gótico,altered
hy,գոլ,es,gol,transparent
hy,գոլդեն,es,golden,transparent
hy,գոլֆ,es,golf,transparent
hy,գոնսալո,es,gonzalo,transparent
hy,գորդոն,es,gordón,transparent
hy,գորիլան,es,gorila,altered
hy,գուստավ,es,gustavo,transparent
hy,գվարդիա,es,guardia,transparent
hy,գվինեա,es,guineo,transparent
hy,գրանդ,es,gran,altered
hy,գրանդիոզ,es,grandioso,altered
hy,գրանթ,es,grant,transparent
hy,գրանիտ,es,granito,altered
hy,գրանիտե,es,granito,altered
hy,գրանտ,es,grant,transparent
hy,գրավիտացիոն,es,gravitacional,transparent
hy,գրաֆիկ,es,gráfico,transparent
hy,գրաֆիկա,es,gráfica,transparent
hy,գրաֆիկական,es,gráfico,altered
hy,գրեմմի,es,grammy,transparent
hy,գրիպ,es,gripe,altered
hy,գրուպ,es,grupo,transparent
hy,դամա,es,dama,transparent
hy,դամասկոս,es,damasco,transparent
hy,դանիացի,es,danés,altered
hy,դավիդ,es,david,transparent
hy,դավիթ,es,david,transparent
hy,դարվին,es,darwin,transparent
hy,դեբիլ,es,débil,transparent
hy,դեբյուտ,es,debut,transparent
hy,դեգրադացիա,es,degradación,altered
hy,դելտա,es,delta,transparent
hy,դելֆին,es,delfín,transparent
hy,դեկան,es,decano,altered
hy,դեկորատիվ,es,decorativo,transparent
hy,դեկորացիա,es,decoración,altered
hy,դեկտեմբեր,es,diciembre,altered
hy,դեկրետի,es,decreto,altered
hy,դեմո,es,demo,transparent
hy,դեմոգրաֆիական,es,demográfico,transparent
hy,դեմոկրատ,es,demócrata,transparent
hy,դեմոկրատական,es,democrático,altered
hy,դեմոկրատիա,es,democracia,altered
hy,դեպարտամենտ,es,departamento,altered
hy,դեպոզիտ,es,depósito,altered
hy,դեպուտատ,es,diputado,altered
hy,դեպրեսիա,es,depresión,altered
hy,դեպրեսիվ,es,depresivo,altered
hy,դեվիդ,es,david,transparent
hy,դետալ,es,detalle,altered
hy,դետեկտիվ,es,detective,transparent
hy,դեֆիցիտ,es,déficit,transparent
hy,դեֆորմացիաներ,es,deformación,altered
hy,դիաբետ,es,diabetes,altered
hy,դիաբետիկ,es,diabético,altered
hy,դիալեկտիկական,es,dialéctico,transparent
hy,դիալիզ,es,diálisis,transparent
hy,դիալոգ,es,diálogo,transparent
hy,դիանա,es,diana,transparent
hy,դիեգո,es,diego,transparent
hy,դիետա,es,dieta,transparent
hy,դիետայի,es,dieta,altered
hy,դիետան,es,dieta,altered
hy,դիետաներ,es,dieta,transparent
hy,դիետիկ,es,dietético,transparent
hy,դիզայներ,es,diseñador,altered
hy,դիզել,es,diésel,altered
hy,դիկտատոր,es,dictador,transparent
hy,դիկտատուրա,es,dictadura,transparent
hy,դինամիկ,es,dinámico,altered
hy,դինամիկա,es,dinámica,transparent
hy,դինամո,es,dinamo,transparent
hy,դինաստիա,es,dinastía,transparent
hy,դինարի,es,dinar,transparent
hy,դիպլոմ,es,diploma,transparent
hy,դիպլոմային,es,diplomático,altered
hy,դիսերտացիա,es,disertación,transparent
hy,դիսկ,es,disco,altered
hy,դիսկրետ,es,discreto,altered
hy,դիսնեյ,es,disney,transparent
hy,դիվան,es,diván,transparent
hy,դիվիզիա,es,división,altered
hy,դիվիզիոն,es,división,altered
hy,դիրեկտոր,es,director,transparent
hy,դիֆերենցիալ,es,diferencial,transparent
hy,դմիտրի,es,dimitri,transparent
hy,դոզա,es,dosis,altered
hy,դոլար,es,dólar,transparent
hy,դոլլար,es,dólar,transparent
hy,դոկումենտալ,es,documental,transparent
hy,դոկտ,es,doctor,altered
hy,դոկտոր,es,doctor,transparent
hy,դոկտորական,es,doctoral,altered
hy,դոկտրինի,es,doctrina,altered
hy,դոմեններ,es,dominio,altered
hy,դոմինանտ,es,dominante,altered
hy,դոմինիկ,es,domingo,altered
hy,դոնալդ,es,donald,transparent
hy,դոնոր,es,donante,altered
hy,դոնորական,es,donante,altered
hy,դոնորն,es,donante,altered
hy,դոնորներ,es,donador,altered
hy,դորիս,es,doris,transparent
hy,դուբլ,es,doble,altered
hy,դուետ,es,dueto,transparent
hy,դուքս,es,duque,altered
hy,դրամա,es,drama,transparent
hy,դրամատիկ,es,dramático,transparent
hy,դրամատիկական,es,dramático,altered
hy,դրամատուրգ,es,dramaturgo,altered
hy,դրամատուրգիա,es,dramaturgia,altered
hy,դևիդ,es,david,transparent
hy,եբրայական,es,hebraico,altered
hy,եբրայերեն,es,hebreo,altered
hy,եգիպտական,es,egipcio,altered
hy,եգիպտոս,es,egipto,altered
hy,եթեր,es,éter,transparent
hy,եթովպիա,es,etiopía,altered
hy,եպիսկոպոս,es,obispo,altered
hy,եպիսկոպոսական,es,episcopal,altered
hy,եվա,es,eva,transparent
hy,եվգենի,es,eugenio,altered
hy,եվրասիա,es,eurasia,transparent
hy,եվրո,es,euro,transparent
hy,եվրոգոտու,es,eurozona,altered
hy,եվրոպա,es,europa,transparent
hy,եվրոպական,es,europeo,transparent
hy,երևան,es,ereván,altered
hy,զագրեբ,es,zagreb,altered
hy,զելանդիա,es,zelanda,transparent
hy,զենիթ,es,cenit,altered
hy,զիգմունդ,es,sigmund,altered
hy,զոմբի,es,zombi,transparent
hy,զոնա,es,zona,transparent
hy,զրո,es,cero,altered
hy,էբոլա,es,ébola,transparent
hy,էգոիստ,es,egoísta,altered
hy,էդգար,es,edgar,transparent
hy,էդիթ,es,edith,transparent
hy,էդինբուրգ,es,edimburgo,transparent
hy,էդմունդ,es,edmundo,transparent
hy,էդուարդ,es,eduardo,altered
hy,էդուարդո,es,eduardo,transparent
hy,էդվարդ,es,eduardo,altered
hy,էթիկա,es,ética,transparent
hy,էթիկական,es,ético,transparent
hy,էթնիկ,es,étnico,transparent
hy,էթնիկական,es,étnico,altered
hy,էթնոսի,es,etnia,altered
hy,էլեգանտ,es,elegante,transparent
hy,էլեկտրական,es,eléctrico,transparent
hy,էլեկտրիկ,es,eléctrico,altered
hy,էլեկտրոդ,es,electrodo,transparent
hy,էլեկտրոն,es,electrónica,transparent
hy,էլեկտրոնային,es,electrónico,altered
hy,էլեմենտ,es,elemento,transparent
hy,էլեն,es,elena,transparent
hy,էլեոնորա,es,eleonor,transparent
hy,էլթոն,es,elton,transparent
hy,էլիպսաձև,es,elipsoide,altered
hy,էլիտա,es,élite,transparent
hy,էլիտար,es,élite,transparent
hy,էկզոտիկ,es,exótico,altered
hy,էկոլոգիա,es,ecología,transparent
hy,էկոլոգիական,es,ecológico,altered
hy,էկոլոգիապես,es,ecología,altered
hy,էկոնոմիկա,es,economía,altered
hy,էկվադոր,es,ecuador,transparent
hy,էմիգրանտ,es,emigrante,altered
hy,էմիլ,es,emilio,altered
hy,էմիլիո,es,emilio,transparent
hy,էմիր,es,emirato,altered
hy,էմմա,es,emma,transparent
hy,էմմի,es,emmy,transparent
hy,էմոցիա,es,emoción,altered
hy,էմոցիոնալ,es,emocional,transparent
hy,էմուլսիա,es,emulsión,transparent
hy,էմպիրիկ,es,empírico,transparent
hy,էնդեմիկ,es,endémico,transparent
hy,էներգակիր,es,energético,altered
hy,էներգետիկ,es,energética,transparent
hy,էներգիա,es,energía,altered
hy,էնիգմա,es,enigma,transparent
hy,էնրիկե,es,enrique,transparent
hy,էուկարիոտներ,es,eucarioto,altered
hy,էպիզոդ,es,episodio,altered
hy,էպիզոդը,es,episodio,altered
hy,էպիզոդիկ,es,episódico,transparent
hy,էպիզոդներ,es,episodio,transparent
hy,էպիզոդում,es,episodio,altered
hy,էպիլեպսիա,es,epilepsia,transparent
hy,էպիկական,es,épico,transparent
hy,էպիկենտրոն,es,epicentro,altered
hy,էպոս,es,epopeya,altered
hy,էռնստ,es,ernst,transparent
hy,էսթետիկ,es,estético,transparent
hy,էսթետիկական,es,estético,transparent
hy,էսպերանտո,es,esperanto,transparent
hy,էստոնիա,es,estonio,transparent
hy,էսքիզ,es,esbozo,altered
hy,էվոլյուցիա,es,evolución,transparent
hy,էվոլյուցիոն,es,evolutivo,altered
hy,էտապում,es,etapa,altered
hy,էրեկցիա,es,erección,transparent
hy,էրոզիա,es,erosión,transparent
hy,էրոզիայի,es,erosión,altered
hy,էրոտիկ,es,erótico,transparent
hy,էքսկլյուզիվ,es,exclusivo,altered
hy,էքսկուրսիա,es,excursión,altered
hy,էքսկուրսիայի,es,excursión,altered
hy,էքսպանսիա,es,expansión,altered
hy,էքսպերիմենտ,es,experimento,altered
hy,էքսպերիմենտալ,es,experimental,transparent
hy,էքսպերտ,es,experto,transparent
hy,էքստրասենս,es,extrasensorial,altered
hy,էքսցենտրիկ,es,excéntrico,altered
hy,էֆեկտ,es,efecto,altered
hy,էֆեկտիվ,es,efectivo,transparent
hy,թաիլանդ,es,tailandia,transparent
hy,թալիսման,es,talismán,transparent
hy,թայվան,es,taiwán,transparent
hy,թատրոն,es,teatro,transparent
hy,թբիլիսի,es,tiflis,altered
hy,թեզ,es,tesis,altered
hy,թեզիսներ,es,tesis,transparent
hy,թեմա,es,tema,transparent
hy,թեմատիկ,es,temática,transparent
hy,թեյ,es,té,transparent
hy,թենիս,es,tenis,transparent
hy,թենիսիստ,es,tenista,altered
hy,թենիսիստուհի,es,tenista,altered
hy,թեոդոր,es,teodoro,altered
hy,թեորեմ,es,teorema,transparent
hy,թեստ,es,test,transparent
hy,թերապիա,es,terapia,transparent
hy,թերապևտ,es,terapeuta,altered
hy,թերապևտիկ,es,terapéutico,transparent
hy,թերեզա,es,teresa,transparent
hy,թերմոդինամիկական,es,termodinámico,altered
hy,թոմաս,es,tomás,transparent
hy,թունիս,es,túnez,altered
hy,թուրք,es,turco,altered
hy,թուրքմենական,es,turcomano,altered
hy,թուրքմենստան,es,turkmenistán,transparent
hy,թրաֆիքինգ,es,tráfico,altered
hy,թրեյլեր,es,tráiler,altered
hy,թրքական,es,turco,altered
hy,ժորժե,es,jorge,altered
hy,իդեալ,es,ideal,transparent
hy,իդեալական,es,ideal,transparent
hy,իդեալիզմ,es,idealismo,altered
hy,իդեալիստական,es,idealista,altered
hy,իզաբել,es,isabel,transparent
hy,իզոտոպ,es,isótopo,altered
hy,իլյուզիա,es,ilusión,altered
hy,իմամ,es,imán,altered
hy,իմիտացիա,es,imitación,altered
hy,իմիտացիոն,es,imitación,altered
hy,իմուն,es,inmune,transparent
hy,իմունիտետ,es,inmunidad,altered
hy,իմպերիալիզմ,es,imperialismo,transparent
hy,իմպիչմենտ,es,impeachment,transparent
hy,իմպուլս,es,impulso,altered
hy,իմպրովիզացիաներ,es,improvisación,altered
hy,ինդեքս,es,índice,altered
hy,ինդիանա,es,indiano,transparent
hy,ինդոնեզական,es,indonesio,altered
hy,ինդոնեզիա,es,indonesio,transparent
hy,ինդուստրիալ,es,industrial,transparent
hy,իներցիա,es,inercia,transparent
hy,իներցիալ,es,inercial,transparent
hy,ինժեներ,es,ingeniero,altered
hy,ինկուբացիոն,es,incubación,transparent
hy,ինհիբիտորներ,es,inhibidor,altered
hy,ինովացիոն,es,innovación,altered
hy,ինսուլին,es,insulina,altered
hy,ինստագրամ,es,instagram,transparent
hy,ինստիտուտ,es,instituto,transparent
hy,ինստիտուցիոնալ,es,institucional,transparent
hy,ինվազիվ,es,invasivo,altered
hy,ինտեգրացիա,es,integración,altered
hy,ինտեգրել,es,integrar,altered
hy,ինտեգրվել,es,integrarse,altered
hy,ինտելեկտ,es,intelecto,altered
hy,ինտելեկտուալ,es,intelectual,transparent
hy,ինտելիգենտ,es,inteligente,transparent
hy,ինտենսիվ,es,intensivo,transparent
hy,ինտերակտիվ,es,interactivo,altered
hy,ինտերնացիոնալ,es,internacional,transparent
hy,ինտերնետ,es,internet,transparent
hy,ինտերնետային,es,internet,transparent
hy,ինտերվենցիա,es,intervención,transparent
hy,ինտիմ,es,íntimo,altered
hy,ինտուիտիվ,es,intuitivo,transparent
hy,ինտուիցիա,es,intuición,altered
hy,ինտրիգ,es,intriga,altered
hy,ինտրովերտ,es,introvertido,altered
hy,ինֆարկտ,es,infarto,altered
hy,ինֆեկցիա,es,infección,transparent
hy,ինֆլյացիա,es,inflación,altered
hy,ինֆորմատիկայի,es,informática,transparent
hy,ինֆորմացիա,es,información,transparent
hy,ինֆորմացիոն,es,información,altered
hy,ինֆրակարմիր,es,infrarrojo,altered
hy,իշեմիկ,es,isquémico,altered
hy,իոն,es,ion,transparent
hy,իոնային,es,iónico,altered
hy,իռացիոնալ,es,irracional,altered
hy,իսլամ,es,islam,transparent
hy,իսլամիստ,es,islamista,transparent
hy,իսլամիստական,es,islamista,altered
hy,իսլանդական,es,islandés,altered
hy,իսլանդիա,es,islandia,altered
hy,իսպաներեն,es,español,altered
hy,իսպանիա,es,españa,transparent
hy,իսրայել,es,israel,transparent
hy,իսրայելաց,es,israelita,altered
hy,իսրայէլի,es,israelí,altered
hy,իտալական,es,italiano,altered
hy,իտալացի,es,italiano,altered
hy,իտալիա,es,italia,transparent
hy,իրանական,es,iraní,altered
hy,իրանցի,es,iraní,transparent
hy,իրաք,es,irak,transparent
hy,իրաքյան,es,iraquí,transparent
hy,լաբիրինթոս,es,laberinto,altered
hy,լաբորատոր,es,laboratorio,altered
hy,լաբորատորիա,es,laboratorio,altered
hy,լազեր,es,láser,transparent
hy,լազերային,es,láser,altered
hy,լամա,es,lama,transparent
hy,լամպ,es,lámpara,altered
hy,լայպցիգ,es,leipzig,transparent
hy,լաո,es,laos,transparent
hy,լաուրա,es,laura,transparent
hy,լատինամերիկյան,es,latinoamericano,altered
hy,լատիներեն,es,latino,altered
hy,լգբտ,es,lgtb,transparent
hy,լեգենդ,es,leyenda,altered
hy,լեգենդար,es,legendario,altered
hy,լեգեոն,es,legión,transparent
hy,լեգիտիմ,es,legítimo,transparent
hy,լեգիտիմություն,es,legitimidad,altered
hy,լեդի,es,lady,transparent
hy,լեմուր,es,lémur,transparent
hy,լեյբլ,es,label,transparent
hy,լեյկոցիտներ,es,leucocito,altered
hy,լեոն,es,león,transparent
hy,լեոնարդ,es,leonardo,transparent
hy,լեոնարդո,es,leonardo,transparent
hy,լեքսիկոն,es,léxico,transparent
hy,լիբանան,es,líbano,altered
hy,լիբանանյան,es,libanés,altered
hy,լիբերալ,es,liberal,transparent
hy,լիբերալիզմ,es,liberalismo,transparent
hy,լիբիա,es,libio,transparent
hy,լիբիական,es,libio,altered
hy,լիգա,es,liga,transparent
hy,լիլիթ,es,lilith,transparent
hy,լիմոն,es,limón,transparent
hy,լիմոնադ,es,limonada,transparent
hy,լիմֆոցիտներ,es,linfocito,altered
hy,լիոն,es,león,transparent
hy,լիսաբոն,es,lisboa,transparent
hy,լիստ,es,lista,transparent
hy,լիվերպուլ,es,liverpool,transparent
hy,լիտվական,es,lituano,altered
hy,լիտր,es,litro,altered
hy,լիրիկական,es,lírico,altered
hy,լիցենզավորել,es,licenciar,altered
hy,լիցենզիա,es,licencia,transparent
hy,լյուդվիգ,es,ludwig,transparent
hy,լյութերական,es,luterano,altered
hy,լյուքս,es,lux,transparent
hy,լոբբիստական,es,lobista,altered
hy,լոբի,es,lobby,transparent
hy,լոգիկայով,es,lógica,altered
hy,լոգո,es,logo,transparent
hy,լոգոտիպ,es,logotipo,altered
hy,լոկալ,es,local,transparent
hy,լոկոմոտիվ,es,locomotora,altered
hy,լոյալ,es,leal,altered
hy,լոնդոն,es,londres,altered
hy,լոնդոնցի,es,londinense,altered
hy,լոտոս,es,loto,altered
hy,լորդ,es,lord,transparent
hy,լորենցո,es,lorenzo,transparent
hy,լուգանսկի,es,lugansk,transparent
hy,լուիզա,es,luisa,altered
hy,լուիջի,es,luigi,transparent
hy,լուկա,es,lucas,altered
hy,լուկաս,es,lucas,transparent
hy,խալիֆ,es,califa,altered
hy,խան,es,khan,transparent
hy,խավիար,es,caviar,transparent
hy,խարիզմատիկ,es,carismático,altered
hy,խոլեսուտ,es,colesterol,altered
hy,խոլերա,es,cólera,altered
hy,խրոնիկ,es,crónica,altered
hy,խրոնիկական,es,crónico,altered
hy,կաբինետ,es,gabinete,altered
hy,կադաստր,es,catastro,altered
hy,կադաստրային,es,catastral,altered
hy,կադր,es,cuadro,altered
hy,կազինո,es,casino,transparent
hy,կաթոլիկ,es,católico,altered
hy,կաթոլիկական,es,católico,altered
hy,կաթոլիկություն,es,catolicismo,altered
hy,կաթողիկե,es,católico,altered
hy,կաթողիկոս,es,católico,altered
hy,կալիֆորնիայում,es,california,transparent
hy,կալորիաներ,es,caloría,altered
hy,կալցիում,es,calcio,altered
hy,կակաո,es,cacao,transparent
hy,կակտուս,es,cactus,transparent
hy,կամերա,es,cámara,altered
hy,կամերային,es,cámara,altered
hy,կայսր,es,césar,altered
hy,կանադա,es,canadá,transparent
hy,կանադական,es,canadiense,altered
hy,կանոն,es,canon,transparent
hy,կանոնական,es,canónico,transparent
hy,կանոնիկ,es,canónico,transparent
hy,կանտոն,es,cantón,transparent
hy,կանցլեր,es,canciller,altered
hy,կապիտալ,es,capital,transparent
hy,կապիտալիզացիա,es,capitalización,altered
hy,կապիտալիզմ,es,capitalismo,altered
hy,կապիտալիստական,es,capitalista,altered
hy,կապիտան,es,capitán,transparent
hy,կապիտոլիում,es,capitolio,altered
hy,կապիտուլյացիա,es,capitulación,transparent
hy,կապրի,es,capri,transparent
hy,կառլո,es,carlo,transparent
hy,կառլոս,es,carlos,transparent
hy,կասկադ,es,cascada,altered
hy,կասպարով,es,kasparov,transparent
hy,կաստա,es,casta,transparent
hy,կաստիլիա,es,castilla,transparent
hy,կատալիզատոր,es,catalizador,altered
hy,կատալոգ,es,catálogo,transparent
hy,կատալոնացի,es,catalán,altered
hy,կատալոնիա,es,cataluña,altered
hy,կատաստրոֆ,es,catástrofe,altered
hy,կատեգորիա,es,categoría,transparent
hy,կատեգորիկ,es,categórico,altered
hy,կարամել,es,caramelo,altered
hy,կարանտին,es,cuarentena,altered
hy,կարանտինային,es,cuarentena,altered
hy,կարատե,es,karate,transparent
hy,կարդինալ,es,cardinal,transparent
hy,կարիբյան,es,caribeño,altered
hy,կարիերա,es,carrera,altered
hy,կարլո,es,carlo,transparent
hy,կարլոս,es,carlos,altered
hy,կարմա,es,karma,transparent
hy,կարոլինա,es,carolina,transparent
hy,կարուսել,es,carrusel,altered
hy,կաֆե,es,café,transparent
hy,կենգուրու,es,canguro,altered
hy,կենտավրոս,es,centauro,transparent
hy,կենտրոն,es,centro,altered
hy,կենտրոնական,es,central,transparent
hy,կենտրոնանալ,es,centrar,altered
hy,կենտրոնացում,es,concentración,altered
hy,կենտրոնացված,es,centrado,altered
hy,կենտրոնացրել,es,centrar,altered
hy,կեսար,es,césar,transparent
hy,կերամիկական,es,cerámico,altered
hy,կերամիկայի,es,cerámica,transparent
hy,կերամիկայից,es,cerámica,altered
hy,կերամիկան,es,cerámica,altered
hy,կիթառ,es,guitarra,altered
hy,կիլո,es,kilo,transparent
hy,կիլոգրամ,es,kilogramo,transparent
hy,կիլոկալորիա,es,kilocaloría,transparent
hy,կիլոմետր,es,kilómetro,transparent
hy,կինեմատոգրաֆ,es,cinematógrafo,altered
hy,կինեմատոգրաֆիա,es,cinematografía,transparent
hy,կինեմատոգրաֆիական,es,cinematográfico,altered
hy,կինեմատոգրաֆիստ,es,cinematógrafo,altered
hy,կինետիկ,es,cinético,altered
hy,կինո,es,cine,altered
hy,կինոնկար,es,cine,altered
hy,կինոռեժիսոր,es,cineasta,transparent
hy,կինոստուդիա,es,estudio,altered
hy,կիրիլ,es,cirilo,altered
hy,կիև,es,kiev,transparent
hy,կլաուդիո,es,claudio,transparent
hy,կլաս,es,clase,altered
hy,կլասիկ,es,clásico,altered
hy,կլասիցիզմի,es,clasicismo,altered
hy,կլեոպատրա,es,cleopatra,transparent
hy,կլիմա,es,clima,transparent
hy,կլիմայական,es,climático,altered
hy,կլինիկա,es,clínica,transparent
hy,կլինիկական,es,clínico,transparent
hy,կլուբի,es,club,transparent
hy,կոալիցիա,es,coalición,altered
hy,կոալիցիոն,es,coalición,transparent
hy,կոգնիտիվ,es,cognitivo,altered
hy,կոդ,es,código,altered
hy,կոդավորման,es,codificación,altered
hy,կոլեգա,es,colega,transparent
hy,կոլեգիա,es,colegiata,altered
hy,կոլեգիալ,es,colegial,transparent
hy,կոլեկտիվ,es,colectivo,altered
hy,կոլեկցիոն,es,colección,transparent
hy,կոլումբիա,es,colombia,altered
hy,կոլումբոս,es,colón,altered
hy,կոկաին,es,cocaína,altered
hy,կոկո,es,coco,transparent
hy,կոկոս,es,coco,altered
hy,կոկորդիլոս,es,cocodrilo,altered
hy,կոկտեյլ,es,cóctel,transparent
hy,կոմա,es,coma,transparent
hy,կոմբինացիա,es,combinación,transparent
hy,կոմեդիա,es,comedia,transparent
hy,կոմերցիոն,es,comercial,altered
hy,կոմիկ,es,cómico,altered
hy,կոմիսար,es,comisario,altered
hy,կոմիտե,es,comité,transparent
hy,կոմիքս,es,cómic,altered
hy,կոմունալ,es,comuna,transparent
hy,կոմունիզմ,es,comunismo,transparent
hy,կոմունիկացիա,es,comunicación,altered
hy,կոմունիստ,es,comunista,altered
hy,կոմունիստական,es,comunista,altered
hy,կոմպակտ,es,compacto,altered
hy,կոմպետենտ,es,competente,altered
hy,կոմպլեմենտար,es,complementar,transparent
hy,կոմպլեքս,es,complejo,altered
hy,կոմպյուտեր,es,computador,altered
hy,կոմպոզիտոր,es,compositor,transparent
hy,կոմպոզիտորական,es,compositor,altered
hy,կոմպոզիցիա,es,composición,altered
hy,կոմպոզիցիոն,es,composición,altered
hy,կոմպոնենտ,es,componente,transparent
hy,կոմպոտի,es,compota,altered
hy,կոմպրոմիս,es,compromiso,altered
hy,կոմֆորտ,es,confort,altered
hy,կոն,es,cono,altered
hy,կոնգո,es,congo,transparent
hy,կոնգրես,es,congreso,altered
hy,կոնկրետ,es,concreto,altered
hy,կոնյակ,es,coñac,transparent
hy,կոնչիտա,es,conchita,transparent
hy,կոնսենսուս,es,consenso,altered
hy,կոնսերվատորիա,es,conservatorio,altered
hy,կոնսոլիդացիա,es,consolidación,altered
hy,կոնսորցիում,es,consorcio,altered
hy,կոնսուլտացիա,es,consulta,altered
hy,կոնստանտին,es,constantino,altered
hy,կոնստրուկտիվ,es,constructivo,altered
hy,կոնստրուկցիա,es,construcción,transparent
hy,կոնվենցիա,es,convención,altered
hy,կոնվերս,es,conversar,transparent
hy,կոնտակտ,es,contacto,altered
hy,կոնտեքստ,es,contexto,transparent
hy,կոնցենտրացիա,es,concentración,altered
hy,կոնցեպտը,es,concepto,transparent
hy,կոնցեպտուալ,es,conceptual,altered
hy,կոնցեպցիա,es,concepción,altered
hy,կոնցերտ,es,concierto,altered
hy,կոնֆեդերացիա,es,confederación,altered
hy,կոնֆետ,es,confite,altered
hy,կոնֆերանս,es,conferencia,altered
hy,կոնֆիգուրացիա,es,configuración,altered
hy,կոնֆլիկտ,es,conflicto,altered
hy,կոնֆլիկտային,es,conflicto,altered
hy,կոոպերատիվ,es,cooperativa,altered
hy,կոորդինատ,es,coordenada,altered
hy,կոորդինացում,es,coordinación,altered
hy,կոպեկ,es,copec,altered
hy,կոպենհագել,es,copenhague,altered
hy,կոռեկտ,es,correcto,transparent
hy,կոռումպացված,es,corrupto,altered
hy,կոռուպցիա,es,corrupción,altered
hy,կոռուպցիոն,es,corrupción,altered
hy,կոսմետիկ,es,cosmético,transparent
hy,կոսմետիկայի,es,cosmético,altered
hy,կոսովո,es,kosovo,transparent
hy,կոստա,es,costa,transparent
hy,կոստանդնուպոլիս,es,constantinopla,altered
hy,կովկաս,es,cáucaso,altered
hy,կորեա,es,corea,altered
hy,կորեական,es,coreano,altered
hy,կորոնա,es,corona,transparent
hy,կորոնավիրուս,es,coronavirus,transparent
hy,կորոնավիրուսային,es,coronavirus,transparent
hy,կորոնար,es,coronario,altered
hy,կորպորատիվ,es,corporativo,transparent
hy,կորպորացիա,es,corporación,altered
hy,կորպուս,es,corpus,transparent
hy,կորտ,es,corte,transparent
hy,կուբա,es,cuba,transparent
hy,կուլտուրա,es,cultura,altered
hy,կուլտուրական,es,cultural,transparent
hy,կուրս,es,curso,altered
hy,կոֆե,es,café,altered
hy,կրեատիվ,es,creativo,transparent
hy,կրեդիտ,es,crédito,altered
hy,կրեդիտային,es,crediticio,altered
hy,կրեմ,es,crema,altered
hy,կրիկետ,es,críquet,altered
hy,կրիմինալ,es,criminal,altered
hy,կրիշտիանո,es,cristiano,altered
hy,կրիպտո,es,cripto,altered
hy,կրիտիկական,es,crítico,altered
hy,հալյուցինացիա,es,alucinación,altered
hy,հակաբակտերիալ,es,antibacterial,altered
hy,հակաբիոտիկ,es,antibiótico,altered
hy,հակակոռուպցիոն,es,anticorrupción,altered
hy,հակոբ,es,jacob,altered
hy,համագործակցություն,es,colaboración,transparent
hy,համատեքստ,es,contexto,altered
hy,համիլթոնը,es,hamilton,transparent
hy,համլետ,es,hamlet,transparent
hy,հաննիբալ,es,aníbal,altered
hy,հարավսլավիա,es,yugoslavia,altered
hy,հարմոնիա,es,harmonía,altered
hy,հարմոնիկ,es,armónico,altered
hy,հարոլդ,es,haroldo,altered
hy,հարվարդ,es,harvard,transparent
hy,հելեն,es,heleno,transparent
hy,հելիում,es,helio,altered
hy,հելլենիստական,es,helenístico,transparent
hy,հելսինկի,es,helsinki,transparent
hy,հելսինկյան,es,helsinki,transparent
hy,հեկտար,es,hectárea,altered
hy,հեմոգլոբինի,es,hemoglobina,transparent
hy,հենրիխ,es,enrique,altered
hy,հենրիկ,es,enrique,altered
hy,հեպատիտ,es,hepatitis,altered
hy,հետտրավմատիկ,es,traumático,altered
hy,հերակլեսը,es,heracles,transparent
hy,հերկուլես,es,hércules,altered
hy,հերմետիկ,es,hermético,transparent
hy,հերոին,es,heroína,transparent
hy,հերոս,es,héroe,altered
hy,հերոսական,es,heroico,altered
hy,հերոսություն,es,heroísmo,altered
hy,հերցեգովինա,es,herzegovina,transparent
hy,հիբրիդ,es,híbrido,transparent
hy,հիբրիդային,es,híbrido,altered
hy,հիգիենա,es,higiene,altered
hy,հիգիենիկ,es,higiénico,transparent
hy,հիդրոէլեկտրակայան,es,hidroeléctrico,altered
hy,հիդրոլիզ,es,hidrólisis,altered
hy,հիերարխիա,es,jerarquía,altered
hy,հիերարխիկ,es,jerárquico,altered
hy,հիերոգլիֆներ,es,jeroglífico,altered
hy,հիթ,es,hit,transparent
hy,հինդու,es,hindú,transparent
hy,հինդուիզմ,es,hinduismo,altered
hy,հիպոթեզ,es,hipótesis,altered
hy,հիստերիա,es,histeria,transparent
hy,հիստերիկ,es,histérico,altered
hy,հիստերիկա,es,histérico,altered
hy,հիտլեր,es,hitler,transparent
hy,հյուգո,es,hugo,transparent
hy,հոթել,es,hotel,transparent
hy,հոլանդական,es,holandés,transparent
hy,հոլանդացի,es,holandés,transparent
hy,հոլանդիա,es,holanda,transparent
hy,հոլդինգ,es,holding,transparent
hy,հոլիվուդ,es,hollywood,transparent
hy,հոլոգրաֆիկ,es,holográfico,altered
hy,հոլոքոստ,es,holocausto,altered
hy,հոկեյ,es,hockey,altered
hy,հոկտեմբեր,es,octubre,transparent
hy,հոմոսեքսուալ,es,homosexual,transparent
hy,հոնորար,es,honorario,altered
hy,հոսպիտալ,es,hospital,transparent
hy,հոսպիտալացվել,es,hospitalizar,altered
hy,հորդանան,es,jordania,altered
hy,հորիզոն,es,horizonte,altered
hy,հորիզոնական,es,horizontal,altered
hy,հորմոն,es,hormona,transparent
hy,հորմոնային,es,hormonal,transparent
hy,հորոսկոպ,es,horóscopo,altered
hy,հուլիոս,es,julio,altered
hy,հումանիզմ,es,humanismo,altered
hy,հումանիստ,es,humanista,altered
hy,հումանիստական,es,humanístico,altered
hy,հումանիտար,es,humanitario,transparent
hy,հումոր,es,humor,transparent
hy,հումորային,es,humorístico,altered
hy,հումորիստներ,es,humorista,transparent
hy,հումուս,es,humus,transparent
hy,հունգարական,es,húngaro,altered
hy,հունգարիա,es,hungría,altered
hy,հռետորական,es,retórico,altered
hy,հօպ,es,hop,transparent
hy,ձյուդո,es,judo,altered
hy,ղուկաս,es,lucas,transparent
hy,ղուրան,es,corán,altered
hy,ճապոնական,es,japonés,altered
hy,ճապոնիա,es,japón,altered
hy,մագազին,es,magazín,altered
hy,մագիստրատուրա,es,magistratura,transparent
hy,մագիստրոս,es,magister,transparent
hy,մագիստրոսական,es,magistral,altered
hy,մագմա,es,magma,transparent
hy,մագնեզիում,es,magnesio,altered
hy,մագնիսական,es,magnético,altered
hy,մագնուս,es,magno,altered
hy,մադագասկար,es,madagascar,transparent
hy,մադամ,es,madama,transparent
hy,մադոննա,es,madonna,transparent
hy,մադրիդ,es,madrid,transparent
hy,մադրիդյան,es,madrileño,altered
hy,մաեստրո,es,maestro,transparent
hy,մաթեմատիկա,es,matemática,transparent
hy,մաթեմատիկական,es,matemático,altered
hy,մաթեմատիկոս,es,matemático,altered
hy,մալայզիա,es,malasio,altered
hy,մալայզիական,es,malayo,altered
hy,մալարիա,es,malaria,transparent
hy,մալթա,es,malta,transparent
hy,մակարոն,es,macarrón,altered
hy,մակեդոնիա,es,macedonia,transparent
hy,մակրոտնտեսական,es,macroeconómico,altered
hy,մամա,es,mamá,transparent
hy,մայա,es,maya,transparent
hy,մայամի,es,miami,transparent
hy,մայիս,es,mayo,transparent
hy,մայոնեզ,es,mayonesa,altered
hy,մանանա,es,mañana,transparent
hy,մանգա,es,manga,transparent
hy,մանգո,es,mango,transparent
hy,մանդատ,es,mandato,altered
hy,մանդարին,es,mandarín,transparent
hy,մանդելա,es,mandela,transparent
hy,մանիպուլյացիա,es,manipulación,altered
hy,մանուել,es,manuel,transparent
hy,մասաչուսեթս,es,massachusetts,altered
hy,մասթերս,es,máster,altered
hy,մասիվի,es,masivo,altered
hy,մասոն,es,masón,transparent
hy,մասոններ,es,masón,transparent
hy,մաստեր,es,máster,transparent
hy,մատերիալ,es,material,transparent
hy,մատերիալիզմ,es,materialismo,altered
hy,մատերիայի,es,materia,altered
hy,մատրիցի,es,matriz,transparent
hy,մարադոնա,es,maradona,transparent
hy,մարաթոն,es,maratón,transparent
hy,մարգարիտ,es,margarita,altered
hy,մարգարիտա,es,margarita,transparent
hy,մարգինալ,es,marginal,transparent
hy,մարիա,es,maría,transparent
hy,մարիամ,es,maría,altered
hy,մարիաննա,es,mariana,transparent
hy,մարիխուանա,es,marihuana,transparent
hy,մարինա,es,marina,transparent
hy,մարկետինգ,es,marketing,transparent
hy,մարկիզ,es,marqués,altered
hy,մարկո,es,marco,transparent
hy,մարկոս,es,marco,transparent
hy,մարմար,es,mármol,altered
hy,մարմարե,es,mármol,altered
hy,մարմարյա,es,mármol,altered
hy,մարշալ,es,mariscal,altered
hy,մարոկկո,es,marrueco,altered
hy,մարս,es,marte,transparent
hy,մարտինի,es,martini,transparent
hy,մարտիրոս,es,martirio,altered
hy,մարքեթինգ,es,marketing,transparent
hy,մարքսիզմ,es,marxismo,altered
hy,մարքսիստ,es,marxista,altered
hy,մաֆիա,es,mafia,transparent
hy,մաֆիոզ,es,mafioso,altered
hy,մեդալ,es,medalla,altered
hy,մեդալակիր,es,medallista,altered
hy,մեդալիոն,es,medallón,altered
hy,մեդիա,es,media,transparent
hy,մեդիտացիա,es,meditación,altered
hy,մեթոդ,es,método,transparent
hy,մեթոդիկա,es,metodología,altered
hy,մեխանիզմ,es,mecanismo,altered
hy,մեխանիկա,es,mecánica,altered
hy,մեխանիկական,es,mecánico,altered
hy,մեխանիկորեն,es,mecánicamente,altered
hy,մեմորիալ,es,memorial,transparent
hy,մենեջմենթ,es,management,transparent
hy,մենինգիտ,es,meningitis,altered
hy,մենյու,es,menú,transparent
hy,մենյուն,es,menú,transparent
hy,մենյուում,es,menú,transparent
hy,մեսիջ,es,mensaje,altered
hy,մեսսի,es,messi,transparent
hy,մետալ,es,metal,transparent
hy,մետալուրգիա,es,metalurgia,transparent
hy,մետալուրգիական,es,metalúrgico,altered
hy,մետաղ,es,metal,transparent
hy,մետաղական,es,metálico,altered
hy,մետաղե,es,metal,altered
hy,մետաստազ,es,metástasis,altered
hy,մետր,es,metro,transparent
hy,մետրո,es,metro,transparent
hy,մետրոպոլիտեն,es,metropolitano,altered
hy,մերկուրի,es,mercurio,altered
hy,մեքենա,es,máquina,transparent
hy,մեքսիկա,es,méxico,transparent
hy,մեքսիկական,es,mexicano,transparent
hy,մեքսիկացի,es,mexicano,altered
hy,միգրանտ,es,migrante,altered
hy,միգրացիա,es,migración,altered
hy,միգրացիոն,es,migración,altered
hy,միգրենի,es,migraña,altered
hy,միլան,es,milán,transparent
hy,միլիմետր,es,milímetro,altered
hy,միլիոն,es,millón,transparent
hy,միլիոնավոր,es,millonario,altered
hy,միլիոնատեր,es,millonario,altered
hy,միլիոնատիրոջ,es,millonario,altered
hy,միլիցիա,es,milicia,transparent
hy,միլլիոն,es,millón,altered
hy,միխայել,es,miguel,altered
hy,միկրո,es,micro,transparent
hy,միկրոբներ,es,microbio,altered
hy,միկրոօրգանիզմ,es,microorganismo,transparent
hy,միկրոֆոն,es,micrófono,transparent
hy,միկրոֆոնը,es,micrófono,transparent
hy,մինարեթ,es,minarete,altered
hy,միներալներ,es,mineral,transparent
hy,մինի,es,mini,transparent
hy,մինիմալ,es,minimal,transparent
hy,մինիմում,es,mínimo,altered
hy,մինիստր,es,ministro,altered
hy,մինիստրություն,es,ministerio,altered
hy,մինուս,es,menos,altered
hy,մինսկ,es,minsk,transparent
hy,միսիոներ,es,misionero,altered
hy,միսիոներական,es,misionero,altered
hy,միսս,es,miss,transparent
hy,միստիկ,es,místico,transparent
hy,միստիկական,es,místico,altered
hy,միտինգ,es,mitin,transparent
hy,միտրալ,es,mitral,transparent
hy,միրանդա,es,miranda,transparent
hy,միքելանջելո,es,michelangelo,altered
hy,մյուզիկ,es,música,altered
hy,մյուզիքլ,es,musical,altered
hy,մոբիլիզացիա,es,movilización,altered
hy,մոբիլիզացնել,es,movilizar,altered
hy,մոդա,es,moda,transparent
hy,մոդել,es,modelo,altered
hy,մոդելային,es,modelar,altered
hy,մոդեռն,es,moderno,altered
hy,մոդեռնիզմ,es,modernismo,altered
hy,մոդեռնիստական,es,modernista,altered
hy,մոդիֆիկացիա,es,modificación,transparent
hy,մոդիֆիկացված,es,modificar,altered
hy,մոդուլ,es,módulo,transparent
hy,մոդուլը,es,módulo,transparent
hy,մոդուլի,es,módulo,transparent
hy,մոդուլներ,es,módulo,altered
hy,մոդուս,es,modus,transparent
hy,մոլեկուլ,es,molécula,transparent
hy,մոլեկուլային,es,molecular,altered
hy,մոլեկուլյար,es,molecular,transparent
hy,մոլիբդեն,es,molibdeno,altered
hy,մոմենտ,es,momento,transparent
hy,մոմենտը,es,momento,altered
hy,մոմենտներ,es,momento,altered
hy,մոմենտով,es,momento,transparent
hy,մոնակո,es,mónaco,transparent
hy,մոնթե,es,monte,transparent
hy,մոնիթորինգ,es,monitorear,altered
hy,մոնիկա,es,mónica,transparent
hy,մոնիտոր,es,monitor,transparent
hy,մոնիտորինգ,es,monitorear,altered
hy,մոնղոլ,es,mongol,transparent
hy,մոնղոլական,es,mongólico,altered
hy,մոնոլիտ,es,monolito,altered
hy,մոնոլոգը,es,monólogo,altered
hy,մոնոպոլիա,es,monopolio,altered
hy,մոնումենտալ,es,monumental,transparent
hy,մոնտաժ,es,montaje,altered
hy,մոնտե,es,monte,transparent
hy,մոսկվա,es,moscú,transparent
hy,մոտիվ,es,motivo,transparent
hy,մոտիվացիա,es,motivación,transparent
hy,մոտիվացիոն,es,motivación,transparent
hy,մոտո,es,moto,transparent
hy,մոտոցիկլ,es,motocicleta,altered
hy,մոտոցիկլետ,es,motocicleta,altered
hy,մորգ,es,morgue,transparent
hy,մորմոն,es,mormón,transparent
hy,մոցարտ,es,mozart,transparent
hy,մուլտի,es,multi,transparent
hy,մուլտիմեդիա,es,multimedia,transparent
hy,մուլտիպլիկատոր,es,multiplicador,altered
hy,մուլտիպլիկացիոն,es,multiplicación,altered
hy,մումիա,es,momia,altered
hy,մունդիալ,es,mundial,transparent
hy,մունիցիպալ,es,municipal,transparent
hy,մունիցիպալիտետ,es,municipalidad,altered
hy,մուսոլինի,es,mussolini,transparent
hy,մուսուլման,es,musulmán,transparent
hy,մուսուլմանական,es,musulmán,transparent
hy,մուտանտ,es,mutante,altered
hy,մուտացիա,es,mutación,altered
hy,յակոբ,es,jacob,transparent
hy,յարդ,es,yarda,transparent
hy,յիսուս,es,jesús,altered
hy,յոգա,es,yoga,transparent
hy,յոգուրտ,es,yogur,altered
hy,յոդ,es,yodo,transparent
hy,յուլիա,es,julia,transparent
hy,յունգը,es,jung,transparent
hy,յուպիտեր,es,júpiter,transparent
hy,յուվենտուս,es,juventus,transparent
hy,նադալը,es,nadal,transparent
hy,նադիր,es,nadir,transparent
hy,նապոլեոն,es,napoleón,transparent
hy,նապոլեոնյան,es,napoleónico,altered
hy,նապոլիի,es,nápoles,altered
hy,նավիգացիոն,es,navegación,transparent
hy,նարինջ,es,naranja,transparent
hy,նարկոտիկ,es,narcótico,altered
hy,նացիզմ,es,nazismo,altered
hy,նացիոնալիզմ,es,nacionalismo,transparent
hy,նացիստ,es,nazi,altered
hy,նեգատիվ,es,negativo,transparent
hy,նեգր,es,negro,altered
hy,նելսոն,es,nelson,transparent
hy,նեյտրոն,es,neutrón,altered
hy,նեյրոն,es,neurona,altered
hy,նեյրոնային,es,neuronal,altered
hy,նեպտուն,es,neptuno,altered
hy,ներվի,es,nervio,altered
hy,նիգերիա,es,nigeria,transparent
hy,նիկոլա,es,nicolás,altered
hy,նիկոլաս,es,nicolás,altered
hy,նիկողայոս,es,nicolás,altered
hy,նինջա,es,ninja,transparent
hy,նյուտոն,es,newton,transparent
hy,նոբելյան,es,nobel,transparent
hy,նոկաուտ,es,nocaut,altered
hy,նոմինացիա,es,nominación,altered
hy,նոյեմբ,es,noviembre,altered
hy,նոյեմբեր,es,noviembre,transparent
hy,նոյեմբերյան,es,noviembre,altered
hy,նոստալգիա,es,nostalgia,transparent
hy,նովա,es,nova,transparent
hy,նովելի,es,novela,altered
hy,նովելներ,es,novela,altered
hy,նոտա,es,nota,transparent
hy,նոտաներ,es,nota,transparent
hy,նոտար,es,notario,altered
hy,նոտարական,es,notarial,transparent
hy,նորմ,es,norma,transparent
hy,նորմա,es,norma,transparent
hy,նորմալ,es,normal,transparent
hy,նորմանդական,es,normando,altered
hy,նորմատիվ,es,normativo,transparent
hy,նորվեգական,es,noruego,altered
hy,նորվեգացի,es,noruego,altered
hy,նորվեգիա,es,noruego,altered
hy,նուկլեոտիդներ,es,nucleótido,altered
hy,նևրոտիկ,es,neurótico,altered
hy,շամպայն,es,champán,altered
hy,շամպունի,es,champú,altered
hy,շամպունով,es,champú,altered
hy,շանհայ,es,shanghái,transparent
hy,շանտաժ,es,chantaje,altered
hy,շառլոտա,es,carlota,altered
hy,շեյխ,es,jeque,altered
hy,շերիֆ,es,sheriff,altered
hy,շերլոկ,es,sherlock,transparent
hy,շեքսպիր,es,shakespeare,altered
hy,շեֆ,es,chef,transparent
hy,շիզոֆրենիա,es,esquizofrenia,altered
hy,շիզոֆրենիկ,es,esquizofrénico,altered
hy,շիմպանզե,es,chimpancé,altered
hy,շիրազի,es,shiraz,altered
hy,շոկ,es,shock,altered
hy,շոկոլադ,es,chocolate,altered
hy,շոկոլադե,es,chocolate,altered
hy,շոու,es,show,transparent
hy,շուբերտ,es,schubert,transparent
hy,շվարցենեգեր,es,schwarzenegger,transparent
hy,ուգանդա,es,uganda,transparent
hy,ուեֆա,es,uefa,transparent
hy,ուզբեկստան,es,uzbekistán,transparent
hy,ուիլյամ,es,guillermo,altered
hy,ուլտրաձայնային,es,ultrasónico,altered
hy,ուկրաինա,es,ucranio,transparent
hy,ուկրաինական,es,ucraniano,altered
hy,ուկրաինացի,es,ucraniano,altered
hy,ուկրաիներեն,es,ucraniano,altered
hy,ունիկալ,es,único,altered
hy,ունիվերսալ,es,universal,transparent
hy,ուրուգվայ,es,uruguay,transparent
hy,չապլինը,es,chaplin,altered
hy,չարթերի,es,charter,transparent
hy,չելսի,es,chelsea,transparent
hy,չեխ,es,checo,altered
hy,չեխական,es,checo,altered
hy,չեխոսլովակիա,es,checoslovaquia,altered
hy,չեմպիոն,es,campeón,altered
hy,չերչիլը,es,churchill,transparent
hy,չերչիլի,es,churchill,altered
hy,չիլի,es,chile,transparent
hy,չիկագո,es,chicago,transparent
hy,չինաստան,es,chino,altered
hy,չինարեն,es,chino,altered
hy,չինգիզ,es,gengis,altered
hy,պաթետիկ,es,patético,transparent
hy,պալատ,es,palacio,altered
hy,պալիատիվ,es,paliativo,transparent
hy,պակիստան,es,pakistán,transparent
hy,պանամա,es,panamá,transparent
hy,պանդեմիա,es,pandemia,transparent
hy,պանթեոն,es,panteón,transparent
hy,պանորամա,es,panorama,transparent
hy,պաուզա,es,pausa,transparent
hy,պաուլ,es,paul,transparent
hy,պապ,es,papá,transparent
hy,պապական,es,papal,altered
hy,պապայա,es,papaya,transparent
hy,պապայի,es,papaya,transparent
hy,պապիրուս,es,papiro,altered
hy,պառլամենտ,es,parlamento,altered
hy,պասիվ,es,pasivo,transparent
hy,պատրիարք,es,patriarca,altered
hy,պատրոն,es,patrón,transparent
hy,պարագվայ,es,paraguay,transparent
hy,պարադոքս,es,paradoja,altered
hy,պարադոքսալ,es,paradójico,altered
hy,պարամետր,es,parámetro,transparent
hy,պարանորմալ,es,paranormal,transparent
hy,պարասիմպաթիկ,es,parasimpático,transparent
hy,պարիտետ,es,paridad,altered
hy,պարկ,es,parque,transparent
hy,պարկինսոն,es,parkinson,transparent
hy,պարսիկ,es,persa,altered
hy,պարսկական,es,persa,altered
hy,պարտիզան,es,partidista,altered
hy,պարտիզանական,es,partidista,altered
hy,պացիենտ,es,paciente,transparent
hy,պեդրո,es,pedro,transparent
hy,պենելոպե,es,penélope,transparent
hy,պենտագոն,es,pentágono,transparent
hy,պեպե,es,pepe,transparent
hy,պեստիցիդ,es,pesticida,altered
hy,պետդեպարտամենտ,es,departamento,transparent
hy,պետերբուրգ,es,petersburgo,altered
hy,պետրա,es,petra,transparent
hy,պետրոգրադում,es,petrogrado,transparent
hy,պերու,es,perú,transparent
hy,պի,es,pi,transparent
hy,պիես,es,pieza,altered
hy,պիետրո,es,pietro,transparent
hy,պիլոտային,es,piloto,transparent
hy,պիկը,es,pico,transparent
hy,պինգվինը,es,pingüino,altered
hy,պինգվիններն,es,pingüino,altered
hy,պիոներ,es,pionero,transparent
hy,պիրենեյան,es,pirenaico,altered
hy,պիցցա,es,pizza,altered
hy,պլազա,es,plaza,transparent
hy,պլազմա,es,plasma,transparent
hy,պլան,es,plan,transparent
hy,պլանավորել,es,planear,altered
hy,պլանավորելու,es,plan,transparent
hy,պլաստիկ,es,plástico,transparent
hy,պլատին,es,platino,altered
hy,պլատինե,es,platino,altered
hy,պլատոն,es,platón,transparent
hy,պլատֆորմ,es,plataforma,transparent
hy,պլյուս,es,plus,transparent
hy,պոեզիա,es,poesía,transparent
hy,պոեմ,es,poema,transparent
hy,պոետ,es,poeta,altered
hy,պոետիկ,es,poético,transparent
hy,պոզիտիվ,es,positivo,altered
hy,պոլիէթիլեն,es,polietileno,transparent
hy,պոլիէթիլենային,es,polietileno,altered
hy,պոլիկլինիկա,es,policlínica,transparent
hy,պոլիմեր,es,polímero,transparent
hy,պոլիս,es,polis,transparent
hy,պոլիտեխնիկ,es,politécnico,altered
hy,պոլիտեխնիկական,es,politécnico,altered
hy,պոլո,es,polo,transparent
hy,պոկեր,es,póker,transparent
hy,պոմպ,es,pompa,altered
hy,պոմպեոսը,es,pompeyo,altered
hy,պոնչո,es,poncho,transparent
hy,պոպուլիստական,es,populista,altered
hy,պոպուլյար,es,popular,transparent
hy,պոպուլյացիա,es,población,altered
hy,պոռնո,es,porno,transparent
hy,պոռնոգրաֆիա,es,pornografía,transparent
hy,պոստ,es,post,transparent
hy,պոտենցիալ,es,potencial,transparent
hy,պորտուգալիա,es,portugal,transparent
hy,պորտֆել,es,portafolio,altered
hy,պուերտո,es,puerto,transparent
hy,պուլսը,es,pulso,transparent
hy,պռոբլեմ,es,problema,altered
hy,պրագմատիկ,es,pragmático,altered
hy,պրակտիկ,es,práctico,altered
hy,պրակտիկա,es,práctica,transparent
hy,պրեզիդենտ,es,presidente,altered
hy,պրեմիեր,es,premier,transparent
hy,պրեմիերա,es,premiere,transparent
hy,պրեմիում,es,premio,altered
hy,պրեպարատ,es,preparado,altered
hy,պրեֆեկտուրա,es,prefectura,transparent
hy,պրիմիտիվ,es,primitivo,transparent
hy,պրինցիպիալ,es,principal,altered
hy,պրո,es,pro,transparent
hy,պրոբլեմ,es,problema,transparent
hy,պրոբլեմատիկ,es,problemático,transparent
hy,պրոգրես,es,progreso,altered
hy,պրոգրեսիվ,es,progresivo,transparent
hy,պրոդյուսեր,es,productor,altered
hy,պրոդյուսերական,es,productor,altered
hy,պրոդուկտ,es,producto,transparent
hy,պրոդուկտիվ,es,productivo,transparent
hy,պրոթեզ,es,prótesis,altered
hy,պրոլետար,es,proletariado,altered
hy,պրոլետարական,es,proletario,altered
hy,պրոյեկտ,es,proyecto,altered
hy,պրոպագանդ,es,propaganda,transparent
hy,պրովայդեր,es,proveedor,altered
hy,պրովինցիա,es,provincia,transparent
hy,պրոտեզ,es,prótesis,altered
hy,պրոտեինի,es,proteína,altered
hy,պրոտոկոլ,es,protocolo,transparent
hy,պրոտոն,es,protón,transparent
hy,պրոցես,es,proceso,altered
hy,պրոցեսոր,es,procesador,altered
hy,պրուսական,es,prusiano,altered
hy,պրուսիա,es,prusia,transparent
hy,պրոֆ,es,profesor,transparent
hy,պրոֆեսիոնալ,es,profesional,transparent
hy,պրոֆեսիոնալիզմ,es,profesionalismo,transparent
hy,պրոֆեսոր,es,profesor,transparent
hy,պրոֆիլակտիկ,es,profiláctico,altered
hy,պրոֆիլը,es,perfil,altered
hy,ջազ,es,jazz,transparent
hy,ջազային,es,jazzy,altered
hy,ջեյն,es,jane,transparent
hy,ջեներիկ,es,genérico,altered
hy,ջերսի,es,jersey,transparent
hy,ջերսիի,es,jersey,transparent
hy,ջեֆերսոն,es,jefferson,transparent
hy,ջին,es,jeans,transparent
hy,ջոան,es,joan,transparent
hy,ջոել,es,joel,transparent
hy,ջոզեֆ,es,josé,altered
hy,ջոկեր,es,joker,transparent
hy,ջոկի,es,jockey,altered
hy,ջոյսը,es,joyce,transparent
hy,ջոն,es,jon,transparent
hy,ջոնսոն,es,johnson,transparent
hy,ջորջիա,es,georgia,altered
hy,ջուլիա,es,julia,transparent
hy,ջուլիան,es,julián,transparent
hy,ջունգլի,es,jungla,altered
hy,ռաբբի,es,rabí,transparent
hy,ռադարներ,es,radar,transparent
hy,ռադիկալ,es,radical,transparent
hy,ռադիո,es,radio,transparent
hy,ռադիոակտիվ,es,radioactivo,transparent
hy,ռադիոկայան,es,radioemisora,altered
hy,ռակետ,es,raqueta,altered
hy,ռամոն,es,ramón,transparent
hy,ռապիդ,es,rapido,altered
hy,ռասիզմ,es,racismo,altered
hy,ռասիստական,es,racista,altered
hy,ռացիոնալ,es,racional,transparent
hy,ռաֆայել,es,rafael,transparent
hy,ռեալ,es,real,transparent
hy,ռեալական,es,real,transparent
hy,ռեալիզմ,es,realismo,altered
hy,ռեալիթի,es,realidad,altered
hy,ռեալիստական,es,realista,altered
hy,ռեակտիվ,es,reactivo,transparent
hy,ռեակտոր,es,reactor,transparent
hy,ռեակցիա,es,reacción,transparent
hy,ռեբեկա,es,rebeca,transparent
hy,ռեգբի,es,rugby,altered
hy,ռեգիոն,es,región,transparent
hy,ռեգիոնալ,es,regional,transparent
hy,ռեգիստր,es,registro,altered
hy,ռեզերվ,es,reserva,altered
hy,ռեզերվային,es,reserva,altered
hy,ռեզիդենտ,es,residente,altered
hy,ռեզիդենտներ,es,residente,altered
hy,ռեզյումեն,es,resumen,transparent
hy,ռեզոնանսային,es,resonante,altered
hy,ռեզոնանսի,es,resonancia,transparent
hy,ռեժիմ,es,régimen,altered
hy,ռելիեֆ,es,relieve,transparent
hy,ռեկորդ,es,récord,transparent
hy,ռեկտոր,es,rector,transparent
hy,ռեկրեացիոն,es,recreación,transparent
hy,ռեպերտուար,es,repertorio,altered
hy,ռեպորտաժ,es,reportaje,altered
hy,ռեսուրս,es,recurso,altered
hy,ռեսուրսային,es,recurso,altered
hy,ռետրո,es,retro,transparent
hy,ռեցեպտորներ,es,receptor,altered
hy,ռեֆլեքսներ,es,reflejo,altered
hy,ռեֆորմ,es,reforma,altered
hy,ռիգա,es,riga,transparent
hy,ռիթմ,es,ritmo,altered
hy,ռիթմիկ,es,rítmico,altered
hy,ռիխարդ,es,ricardo,transparent
hy,ռիկարդո,es,ricardo,transparent
hy,ռիհաննա,es,rihanna,transparent
hy,ռինգ,es,ring,transparent
hy,ռիո,es,río,transparent
hy,ռիչարդ,es,ricardo,transparent
hy,ռիվեր,es,river,transparent
hy,ռիտա,es,rita,transparent
hy,ռոբերտ,es,roberto,altered
hy,ռոբին,es,robín,transparent
hy,ռոբինսոն,es,robinson,transparent
hy,ռոբոտ,es,robot,transparent
hy,ռոզա,es,rosa,transparent
hy,ռոմանական,es,romántico,altered
hy,ռոմանտիզմ,es,romanticismo,altered
hy,ռոմանտիկ,es,romántico,altered
hy,ռոմանտիկական,es,romántico,altered
hy,ռոմեո,es,romeo,transparent
hy,ռոնալդո,es,ronaldo,transparent
hy,ռոնալդու,es,ronaldo,altered
hy,ռոստով,es,rostov,transparent
hy,ռոտավիրուսային,es,rotavirus,transparent
hy,ռուբի,es,rubí,transparent
hy,ռուբիկ,es,rubik,transparent
hy,ռուբլի,es,rublo,altered
hy,ռուդոլֆ,es,rodolfo,altered
hy,ռումինական,es,rumano,altered
hy,ռումինիա,es,rumania,transparent
hy,ռուս,es,ruso,transparent
hy,ռուսական,es,ruso,transparent
hy,ռոք,es,rock,transparent
hy,սալադինը,es,saladino,altered
hy,սալիվանը,es,sullivan,transparent
hy,սալոն,es,salón,transparent
hy,սալվադոր,es,salvador,transparent
hy,սաղմոն,es,salmón,altered
hy,սաղմոս,es,salmo,altered
hy,սամբո,es,sambo,transparent
hy,սամուել,es,samuel,transparent
hy,սանդալներ,es,sandalia,altered
hy,սանիտար,es,sanitario,altered
hy,սանիտարական,es,sanitario,altered
hy,սանկցիա,es,sanción,altered
hy,սանսկրիտ,es,sánscrito,altered
hy,սանտ,es,santo,altered
hy,սանտա,es,santo,transparent
hy,սանտիագո,es,santiago,transparent
hy,սանտիմետր,es,centímetro,altered
hy,սաունա,es,sauna,transparent
hy,սավան,es,sábana,altered
hy,սատանա,es,satanás,altered
hy,սատանի,es,satán,altered
hy,սատուրնի,es,saturno,altered
hy,սեբաստիա,es,sebastián,transparent
hy,սեբաստիան,es,sebastián,altered
hy,սեդա,es,seda,transparent
hy,սեզար,es,césar,altered
hy,սեզոնային,es,estacional,transparent
hy,սելեկցիոն,es,selección,altered
hy,սելֆի,es,selfiar,transparent
hy,սեկտոր,es,sector,transparent
hy,սեմինար,es,seminario,altered
hy,սեյսմիկ,es,sísmico,altered
hy,սենատ,es,senado,altered
hy,սենատոր,es,senador,transparent
hy,սենդվիչ,es,sándwich,altered
hy,սենոր,es,señor,altered
hy,սենսացիա,es,sensación,altered
hy,սենսացիոն,es,sensación,transparent
hy,սենսորային,es,sensorial,altered
hy,սենտիմենտալ,es,sentimental,transparent
hy,սեպտեմբեր,es,septiembre,transparent
hy,սերբ,es,serbio,altered
hy,սերբական,es,serbio,altered
hy,սերենա,es,sereno,transparent
hy,սերենադ,es,serenata,altered
hy,սերժանտ,es,sargento,altered
hy,սերիա,es,serie,transparent
hy,սերիալ,es,serial,transparent
hy,սերիական,es,serial,altered
hy,սերո,es,suero,altered
hy,սերվեր,es,servidor,altered
hy,սերվիս,es,servicio,altered
hy,սերտիֆիկատ,es,certificado,altered
hy,սեքս,es,sexo,altered
hy,սեքսիզմ,es,sexismo,altered
hy,սեքսուալ,es,sexual,transparent
hy,սթենլի,es,stanley,altered
hy,սթոուն,es,stone,altered
hy,սթրես,es,estrés,altered
hy,սիբիրյան,es,siberiano,altered
hy,սիգար,es,cigarro,altered
hy,սիգնալ,es,señal,altered
hy,սիերա,es,sierra,transparent
hy,սիլիկոն,es,silicón,transparent
hy,սիլիկոնե,es,silicona,altered
hy,սիլվա,es,silva,transparent
hy,սիլվիա,es,silvia,transparent
hy,սիլվիո,es,silvio,transparent
hy,սիմեոն,es,simeón,transparent
hy,սիմետրիկ,es,simétrico,altered
hy,սիմոն,es,simón,transparent
hy,սիմպաթիկ,es,simpático,transparent
hy,սիմպոզիում,es,simposio,altered
hy,սիմպտոմներ,es,síntoma,altered
hy,սիմվոլ,es,símbolo,altered
hy,սիմվոլիկ,es,simbólico,altered
hy,սիմֆոնիա,es,sinfonía,transparent
hy,սիմֆոնիկ,es,sinfónico,transparent
hy,սինգապուր,es,singapur,transparent
hy,սինգլ,es,single,transparent
hy,սինդրոմ,es,síndrome,altered
hy,սինթեզ,es,síntesis,altered
hy,սինթետիկ,es,sintético,altered
hy,սինուսային,es,sinusoidal,altered
hy,սիոնիստական,es,sionista,transparent
hy,սիստեմ,es,sistema,transparent
hy,սիստեմատիկ,es,sistemático,transparent
hy,սիրիա,es,sirio,transparent
hy,սիրիական,es,sirio,altered
hy,սիրիացի,es,sirio,transparent
hy,սիցիլիա,es,sicilia,transparent
hy,սլավիկ,es,eslavo,altered
hy,սլավոն,es,eslavo,altered
hy,սլավոնական,es,eslavo,altered
hy,սլովակ,es,eslovaco,altered
hy,սլովակիա,es,eslovaquia,altered
hy,սխեմա,es,esquema,altered
hy,սխեմայով,es,esquema,altered
hy,սկանդալ,es,escándalo,altered
hy,սկանդալային,es,escandaloso,altered
hy,սկանդինավյան,es,escandinavo,altered
hy,սկաուտական,es,scout,transparent
hy,սկաուտներ,es,scout,transparent
hy,սկլերոզ,es,esclerosis,altered
hy,սմարթֆոն,es,smartphone,transparent
hy,սմիթ,es,smith,transparent
hy,սյուզան,es,susana,altered
hy,սյուզաննա,es,susana,altered
hy,սյուրռեալիստական,es,surrealista,altered
hy,սոդա,es,soda,transparent
hy,սոլ,es,sol,transparent
hy,սոլիդ,es,sólido,altered
hy,սոլո,es,solo,transparent
hy,սոկրատեսը,es,sócrates,transparent
hy,սոկրատեսի,es,sócrates,altered
hy,սոմալի,es,somalí,transparent
hy,սոյայի,es,soja,altered
hy,սոցիալ,es,social,transparent
hy,սոցիալ-դեմոկրատական,es,social,transparent
hy,սոցիալ-հոգեբանական,es,social,transparent
hy,սոցիալ-մշակութային,es,social,transparent
hy,սոցիալական,es,social,transparent
hy,սոցիալապես,es,social,transparent
hy,սոցիալիզմ,es,socialismo,transparent
hy,սոցիալիստ,es,socialista,transparent
hy,սոցիալիստական,es,socialista,altered
hy,սոցիոլոգ,es,sociólogo,transparent
hy,սոցիոլոգիա,es,sociología,altered
hy,սոցիոլոգիական,es,sociológico,altered
hy,սուբյեկտիվ,es,subjetivo,transparent
hy,սուբսիդավորել,es,subsidiar,altered
hy,սուբսիդիա,es,subsidio,altered
hy,սուլթան,es,sultán,transparent
hy,սուշի,es,sushi,transparent
hy,սուշիի,es,sushi,altered
hy,սուպեր,es,súper,transparent
hy,սուպերհերոս,es,superhéroe,altered
hy,սուպերմարկետ,es,supermercado,altered
hy,սուսաննա,es,susana,transparent
hy,սոֆիա,es,sofía,transparent
hy,սոֆյա,es,sofía,altered
hy,սպա,es,spa,transparent
hy,սպարտակ,es,espartaco,altered
hy,սպարտացի,es,espartaco,altered
hy,սպեկուլյատիվ,es,especulativo,altered
hy,սպեկուլյացիա,es,especulación,altered
hy,սպեկտր,es,espectro,altered
hy,սպեցիֆիկ,es,específico,altered
hy,սպիրտ,es,espíritu,altered
hy,սվիֆթ,es,swift,transparent
hy,ստաբիլ,es,estable,altered
hy,ստադիոն,es,estadio,altered
hy,ստալին,es,stalin,transparent
hy,ստամբուլ,es,estambul,transparent
hy,ստանդարտ,es,estándar,altered
hy,ստանդարտացում,es,estandarización,altered
hy,ստատիկ,es,estático,altered
hy,ստատուս,es,status,transparent
hy,ստարտ,es,start,transparent
hy,ստարտափ,es,startup,transparent
hy,ստացիոնար,es,estacionario,altered
hy,ստեռլինգ,es,esterlina,altered
hy,ստերը,es,estéreo,altered
hy,ստերիլ,es,estéril,altered
hy,ստերլինգ,es,esterlina,altered
hy,ստերոիդներ,es,esteroide,altered
hy,ստերով,es,estéreo,altered
hy,ստեփան,es,esteban,altered
hy,ստեֆան,es,esteban,altered
hy,ստոկհոլմ,es,estocolmo,altered
hy,ստոպ,es,stop,transparent
hy,ստուդիա,es,estudio,altered
hy,ստուդիական,es,estudiantil,altered
hy,ստուդիո,es,estudio,altered
hy,ստրասբուրգ,es,estrasburgo,altered
hy,ստրատեգիա,es,estrategia,transparent
hy,ստրատեգիական,es,estratégico,altered
hy,ստրատեգիան,es,estrategia,transparent
hy,սցենար,es,escenario,altered
hy,սցենարային,es,escenario,altered
hy,սֆերա,es,esfera,altered
hy,սևիլյայի,es,sevilla,transparent
hy,վագոն,es,vagón,transparent
hy,վալենսիա,es,valencia,transparent
hy,վալենտին,es,valentín,altered
hy,վալերի,es,valeri,transparent
hy,վալի,es,valí,transparent
hy,վալս,es,vals,transparent
hy,վակուում,es,vacío,transparent
hy,վամպիր,es,vampiro,altered
hy,վանդալիզմ,es,vandalismo,transparent
hy,վաշինգթոն,es,washington,transparent
hy,վաշինգտոն,es,washington,transparent
hy,վասալ,es,vasallo,altered
hy,վասիլ,es,basilio,altered
hy,վատիկան,es,vaticano,altered
hy,վեբ,es,web,transparent
hy,վեբ-կայք,es,web,transparent
hy,վեգետատիվ,es,vegetativo,transparent
hy,վեգետացիայի,es,vegetación,altered
hy,վեզիր,es,visir,altered
hy,վեկտոր,es,vector,transparent
hy,վեկտորական,es,vectorial,transparent
hy,վենդետա,es,vendetta,transparent
hy,վենեսուելա,es,venezuela,transparent
hy,վենետիկ,es,veneciano,altered
hy,վետերան,es,veterano,transparent
hy,վերբալ,es,verbal,transparent
hy,վերոնիկա,es,verónica,transparent
hy,վերսիա,es,versión,altered
hy,վիա,es,vía,transparent
hy,վիբրացիայի,es,vibración,altered
hy,վիդեո,es,video,transparent
hy,վիդեոյի,es,vídeo,transparent
hy,վիեննա,es,viena,altered
hy,վիեննական,es,vienés,altered
hy,վիետնամ,es,vietnam,transparent
hy,վիետնամական,es,vietnamita,altered
hy,վիզա,es,visar,transparent
hy,վիզուալ,es,visual,transparent
hy,վիլլա,es,villa,transparent
hy,վիլսոն,es,wilson,transparent
hy,վիկինգ,es,vikingo,altered
hy,վիկտոր,es,víctor,transparent
hy,վիկտորիա,es,victoria,transparent
hy,վիկտորիայի,es,victoria,transparent
hy,վիկտորյա,es,victoria,altered
hy,վինչեստերներ,es,winchester,transparent
hy,վիվա,es,vivar,transparent
hy,վիվենդի,es,vivendi,transparent
hy,վիտամին,es,vitamina,altered
hy,վիրուս,es,virus,transparent
hy,վիրուսային,es,viral,altered
hy,վիրջինիայի,es,virginia,transparent
hy,վիրտուալ,es,virtual,transparent
hy,վիրտուոզ,es,virtuoso,altered
hy,վիքիմեդիա,es,wikimedia,transparent
hy,վիքիպեդիա,es,wikipedia,transparent
hy,վոլեյբոլ,es,voleibol,altered
hy,վոլտ,es,voltio,altered
hy,վոկալ,es,vocal,transparent
hy,վոկալային,es,vocal,transparent
hy,վոկալիստ,es,vocalista,transparent
hy,տաբու,es,tabú,transparent
hy,տակտիկա,es,táctica,transparent
hy,տակտիկական,es,táctico,altered
hy,տանգո,es,tango,transparent
hy,տանկ,es,tanque,altered
hy,տանկային,es,tanque,altered
hy,տաջիկստան,es,tayikistán,altered
hy,տաքսի,es,taxi,transparent
hy,տաքսիստ,es,taxista,altered
hy,տաքսիստի,es,taxista,transparent
hy,տելեֆոն,es,teléfono,transparent
hy,տեխնիկա,es,técnica,transparent
hy,տեխնիկական,es,técnica,altered
hy,տեխնիկայում,es,técnica,transparent
hy,տեխնիկապես,es,técnica,altered
hy,տեխնոլոգ,es,tecnólogo,altered
hy,տեխնոլոգիա,es,tecnología,altered
hy,տեխնոլոգիական,es,tecnológico,altered
hy,տեխնոլոգիայով,es,tecnología,altered
hy,տեկիլա,es,tequila,altered
hy,տեկտոնական,es,tectónico,altered
hy,տեմպ,es,tempo,transparent
hy,տենդենց,es,tendencia,altered
hy,տենդենցի,es,tendencia,altered
hy,տենոր,es,tenor,transparent
hy,տեռորիզմ,es,terrorismo,altered
hy,տեռորիստ,es,terrorista,altered
hy,տեստոստերոնի,es,testosterona,altered
hy,տերիտորիալ,es,territorio,altered
hy,տերմին,es,término,transparent
hy,տեքստ,es,texto,altered
hy,տեքստիլ,es,textil,transparent
hy,տիգր,es,tigre,transparent
hy,տիպ,es,tipo,transparent
hy,տիպական,es,típico,transparent
hy,տիպային,es,típico,transparent
hy,տիպիկ,es,típico,transparent
hy,տիտան,es,titán,transparent
hy,տիտանիկ,es,titánico,altered
hy,տիտղոս,es,título,altered
hy,տոկիո,es,tokio,transparent
hy,տոմաշ,es,tomás,altered
hy,տոմոգրաֆիա,es,tomografía,transparent
hy,տոմոգրաֆիայի,es,tomografía,transparent
hy,տոնիկ,es,tónico,transparent
hy,տոնիկը,es,tónico,altered
hy,տոննայի,es,tonelada,altered
hy,տոնուսը,es,tono,altered
hy,տոտալ,es,total,transparent
hy,տոտալիտար,es,totalitario,altered
hy,տորթ,es,torta,altered
hy,տորինոյի,es,turín,altered
hy,տորոնտոյի,es,toronto,transparent
hy,տուբերկուլյոզ,es,tuberculosis,altered
hy,տուբերկուլոզ,es,tuberculosis,altered
hy,տուրիզմ,es,turismo,altered
hy,տուրիստ,es,turista,transparent
hy,տուրիստական,es,turístico,altered
hy,տոքսիկ,es,tóxico,altered
hy,տրագիկ,es,trágico,transparent
hy,տրակտոր,es,tractor,transparent
hy,տրամվայ,es,tranvía,altered
hy,տրանս,es,trans,transparent
hy,տրանսգենդեր,es,transgénero,transparent
hy,տրանսկրիպցիայի,es,transcripción,altered
hy,տրանսպորտ,es,transporte,altered
hy,տրանսպորտային,es,transportable,altered
hy,տրանսֆեր,es,transferencia,altered
hy,տրանսֆերտ,es,transferencia,altered
hy,տրանսֆորմացիոն,es,transformación,transparent
hy,տրավմա,es,trauma,altered
hy,տրավմայի,es,trauma,transparent
hy,տրավմաներ,es,trauma,altered
hy,տրավմատիկ,es,traumático,altered
hy,տրիբունալ,es,tribunal,transparent
hy,տրիլիոն,es,trillón,altered
hy,տրիո,es,trío,transparent
hy,տրոլեյբուս,es,trolebús,transparent
hy,տրոյական,es,troyano,altered
hy,տրոպիկական,es,tropical,altered
hy,ցեմենտ,es,cemento,altered
hy,ցենտ,es,cent,transparent
hy,ցիկլ,es,ciclo,transparent
hy,ցիկլոն,es,ciclón,transparent
hy,ցինիզմ,es,cinismo,altered
hy,ցինիկ,es,cínico,altered
hy,ցինկ,es,cinc,transparent
hy,ցիտատ,es,cita,altered
hy,ցիտոպլազմա,es,citoplasma,altered
hy,ցուկերբերգ,es,zuckerberg,transparent
hy,ցունամի,es,tsunami,transparent
hy,փաբ,es,pub,transparent
hy,փարավոն,es,faraón,altered
hy,փարիսեցի,es,fariseo,altered
hy,փարոս,es,faro,altered
hy,փենսիլվանիա,es,pensilvania,altered
hy,փիլիսոփա,es,filósofo,altered
hy,փլեյ-օֆֆ,es,playoff,transparent
hy,փոստային,es,postal,transparent
hy,քադաֆի,es,gadafi,altered
hy,քաոս,es,caos,altered
hy,քաոսային,es,caótico,altered
hy,քարավան,es,caravana,transparent
hy,քեթրին,es,catalina,altered
hy,քեյթ,es,kate,transparent
hy,քիմիա,es,química,transparent
hy,քիմիական,es,químico,altered
hy,քիմիկոս,es,químico,altered
hy,քիմիոթերապիա,es,quimioterapia,transparent
hy,քլոր,es,cloro,altered
hy,քոթեջ,es,cottage,transparent
hy,քոլեջ,es,colegio,altered
hy,քորոնա,es,corona,altered
hy,քուվեյթ,es,kuwait,transparent
hy,քուրդիստան,es,kurdistán,transparent
hy,քվոտաներ,es,cuota,altered
hy,քվորումն,es,quórum,transparent
hy,քրիշտիանու,es,cristiano,altered
hy,քրիստափոր,es,cristóbal,altered
hy,քրիստի,es,cristo,transparent
hy,քրիստիան,es,cristiano,altered
hy,քրիստին,es,cristina,altered
hy,քրիստոնեական,es,cristiano,altered
hy,քրիստոնեություն,es,cristiandad,altered
hy,քրիստոս,es,cristo,transparent
hy,քրիստոֆեր,es,cristóbal,altered
hy,քրոմ,es,cromo,altered
hy,քրոմոսոմ,es,cromosoma,altered
hy,քրոնիկ,es,crónico,altered
hy,քրոնիկական,es,crónico,altered
hy,օազիս,es,oasis,transparent
hy,օբամա,es,obama,transparent
hy,օբյեկտ,es,objeto,altered
hy,օբյեկտիվ,es,objetivo,transparent
hy,օբյեկտիվորեն,es,objetivamente,transparent
hy,օգոստինոս,es,agustín,altered
hy,օգոստոս,es,agosto,transparent
hy,օդեսա,es,odesa,transparent
hy,օլիգարխ,es,oligarquía,transparent
hy,օլիմպիադա,es,olimpiada,transparent
hy,օլիմպիական,es,olímpico,altered
hy,օլիվիա,es,olivia,transparent
hy,օկլահոմա,es,oklahoma,transparent
hy,օկուպացիա,es,ocupación,transparent
hy,օկուպացիոն,es,ocupación,altered
hy,օկտավա,es,octava,altered
hy,օմբուդսմեն,es,ombudsman,transparent
hy,օնտարիո,es,ontario,transparent
hy,օպել,es,opel,transparent
hy,օպերա,es,ópera,transparent
hy,օպերատիվ,es,operativo,transparent
hy,օպերատոր,es,operador,transparent
hy,օպերացիա,es,operación,altered
hy,օպտիկական,es,óptico,altered
hy,օպտիկայի,es,óptica,altered
hy,օսմանյան,es,otomano,altered
hy,օվալաձև,es,oval,transparent
hy,օվկիանոս,es,océano,altered
hy,օվկիանոսային,es,oceánico,altered
hy,օտտո,es,otto,transparent
hy,օրալ,es,oral,transparent
hy,օրանժ,es,naranja,altered
hy,օրգազմ,es,orgasmo,altered
hy,օրգան,es,órgano,altered
hy,օրգանական,es,orgánico,altered
hy,օրգանիզմ,es,organismo,altered
hy,օրդենի,es,orden,altered
hy,օրթոպեդիկ,es,ortopédico,altered
hy,օրիգինալ,es,original,transparent
hy,օրկեստրի,es,orquesta,altered
hy,օքսիդ,es,óxido,altered
hy,օքսիդացում,es,oxidación,altered
hy,օքսիդի,es,óxido,altered
hy,օքսիտոցին,es,oxitocina,altered
hy,օքսֆորդ,es,oxford,transparent
hy,օֆիցիալ,es,oficial,transparent
hy,օֆշորային,es,offshore,transparent
hy,ֆաբրիկա,es,fábrica,transparent
hy,ֆակուլտետ,es,facultad,altered
hy,ֆանատներ,es,fanático,altered
hy,ֆանտազիաներ,es,fantasía,altered
hy,ֆանտաստիկ,es,fantástico,altered
hy,ֆաշիզմ,es,fascismo,altered
hy,ֆաշիստ,es,fascista,altered
hy,ֆաշիստական,es,fascista,altered
hy,ֆավորիտ,es,favorito,transparent
hy,ֆեդերալ,es,federal,transparent
hy,ֆեդերացիա,es,federación,transparent
hy,ֆեմինիզմի,es,feminismo,altered
hy,ֆեմինիստ,es,feminista,altered
hy,ֆեմինիստական,es,feminista,altered
hy,ֆենոմեն,es,fenómeno,transparent
hy,ֆենոմենալ,es,fenomenal,transparent
hy,ֆեոդալ,es,feudal,altered
hy,ֆեոդալական,es,feudal,transparent
hy,ֆեոդալիզմ,es,feudalismo,altered
hy,ֆերդինանդ,es,fernando,altered
hy,ֆերմենտ,es,fermento,altered
hy,ֆերնանդո,es,fernando,transparent
hy,ֆիգուր,es,figura,altered
hy,ֆիզիկա,es,física,transparent
hy,ֆիզիկական,es,físico,altered
hy,ֆիզիկապես,es,físicamente,transparent
hy,ֆիզիկոս,es,físico,altered
hy,ֆիզիոլոգիա,es,fisiología,transparent
hy,ֆիլադելֆիա,es,filadelfia,transparent
hy,ֆիլիպ,es,felipe,altered
hy,ֆիլիպիններ,es,filipino,altered
hy,ֆիլհարմոնիա,es,filarmónica,transparent
hy,ֆիլմ,es,film,transparent
hy,ֆիլտրերի,es,filtro,transparent
hy,ֆինանս,es,finanzas,transparent
hy,ֆինանսական,es,financiero,transparent
hy,ֆինանսիստ,es,financista,transparent
hy,ֆինլանդիա,es,finlandia,transparent
hy,ֆիննական,es,finlandés,altered
hy,ֆիշեր,es,fisher,transparent
hy,ֆիսկալ,es,fiscal,transparent
hy,ֆիրմա,es,firma,transparent
hy,ֆիրմային,es,firma,transparent
hy,ֆիֆա,es,fifa,transparent
hy,ֆիֆա-ի,es,fifa,transparent
hy,ֆլեյտա,es,flauta,altered
hy,ֆլեշ,es,flash,transparent
hy,ֆլեշմոբ,es,flashmob,transparent
hy,ֆլորա,es,flora,transparent
hy,ֆլորենցիա,es,florencia,transparent
hy,ֆլորիստիկական,es,florística,altered
hy,ֆոկուս,es,foco,altered
hy,ֆոկուսներ,es,foco,altered
hy,ֆոն,es,fondo,altered
hy,ֆոնային,es,fondo,altered
hy,ֆոնդ,es,fondo,transparent
hy,ֆոսֆոր,es,fósforo,altered
hy,ֆոտո,es,foto,transparent
hy,ֆոտոն,es,fotón,transparent
hy,ֆորդ,es,ford,transparent
hy,ֆորմալ,es,formal,transparent
hy,ֆորմաներ,es,forma,transparent
hy,ֆորմատ,es,formato,altered
hy,ֆորմուլա,es,fórmula,transparent
hy,ֆորում,es,foro,altered
hy,ֆորտ,es,fuerte,altered
hy,ֆորտունա,es,fortuna,transparent
hy,ֆուլեր,es,fuller,transparent
hy,ֆունդամենտալ,es,fundamental,transparent
hy,ֆունկցիա,es,función,transparent
hy,ֆունկցիոնալ,es,funcional,altered
hy,ֆուտբոլ,es,fútbol,transparent
hy,ֆուտբոլային,es,futbolero,altered
hy,ֆուտբոլիստ,es,futbolista,transparent
hy,ֆրազներ,es,frase,transparent
hy,ֆրանկ,es,franco,altered
hy,ֆրանկլին,es,franklin,transparent
hy,ֆրանկոֆոնիա,es,francofonía,transparent
hy,ֆրանկֆուրտ,es,fráncfort,altered
hy,ֆրանսերեն,es,francés,altered
hy,ֆրանսիա,es,francia,transparent
hy,ֆրանսիական,es,francés,altered
hy,ֆրանսիացի,es,francés,altered
hy,ֆրանցիսկո,es,francisco,transparent
hy,ֆրեդերիկ,es,federico,altered
hy,ֆրենկ,es,franco,altered
hy,ֆրենսիս,es,francisco,altered
hy,ֆրուստրացիայի,es,frustración,altered
