receiver_lang,receiver_word,donor_lang,donor_word,class
es,abad,pt,abade,altered
es,abandonar,pt,abandonar,transparent
es,abandono,pt,abandono,transparent
es,abarcar,pt,abarcar,transparent
es,abastecer,pt,abastecer,transparent
es,abastecimiento,pt,abastecimento,transparent
es,abatir,pt,abater,altered
es,abdominal,pt,abdominal,transparent
es,abeja,pt,abelha,altered
es,abelardo,pt,abelardo,transparent
es,aberración,pt,aberração,transparent
es,abertura,pt,abertura,transparent
es,abiertamente,pt,abertamente,transparent
es,abismo,pt,abismo,transparent
es,abogacía,pt,advocacia,altered
es,abogado,pt,advogar,altered
es,abogar,pt,advogar,altered
es,abolición,pt,abolição,transparent
es,abolir,pt,abolir,transparent
es,abordaje,pt,abordagem,altered
es,abordar,pt,abordar,transparent
es,aborigen,pt,aborígene,transparent
es,aborrecer,pt,aborrecer,transparent
es,abortar,pt,abortar,transparent
es,aborto,pt,aborto,transparent
es,abra,pt,abrir,transparent
es,abrazar,pt,abraçar,altered
es,abrazo,pt,abraço,altered
es,abreviar,pt,abreviar,transparent
es,abrigar,pt,abrigar,transparent
es,abrigo,pt,abrigo,transparent
es,abril,pt,abril,transparent
es,abrir,pt,abrir,transparent
es,abro,pt,abrir,transparent
es,abrupto,pt,abrupto,transparent
es,absolución,pt,absolvição,altered
es,absolutamente,pt,absolutamente,transparent
es,absoluto,pt,absoluto,transparent
es,absolver,pt,absolver,transparent
es,absorbente,pt,absorvente,altered
es,absorber,pt,absorver,altered
es,absorción,pt,absorção,transparent
es,abstención,pt,abstenção,transparent
es,abstener,pt,abster,altered
es,abstinencia,pt,abstinência,transparent
es,abstracción,pt,abstração,transparent
es,abstracto,pt,abstrato,transparent
es,absurdo,pt,absurdo,transparent
es,abundancia,pt,abundância,transparent
es,abundante,pt,abundante,transparent
es,aburrir,pt,aborrecer,altered
es,abusar,pt,abusar,transparent
es,abusivo,pt,abusivo,transparent
es,abuso,pt,abuso,transparent
es,aca,pt,aqui,altered
es,acabado,pt,acabar,transparent
es,acabar,pt,acabar,transparent
es,académico,pt,acadêmico,transparent
es,acampar,pt,acampar,transparent
es,acariciar,pt,acariciar,transparent
es,acaso,pt,acaso,transparent
es,acatar,pt,acatar,transparent
es,accesar,pt,acessar,transparent
es,accesibilidad,pt,acessibilidade,transparent
es,accesible,pt,acessível,altered
es,acceso,pt,acesso,transparent
es,accesorio,pt,acessório,altered
es,accidentado,pt,acidentar,transparent
es,accidental,pt,acidental,transparent
es,accidentalmente,pt,acidentalmente,altered
es,accidente,pt,acidente,transparent
es,accion,pt,ação,altered
es,accionar,pt,acionar,altered
es,accionista,pt,acionista,altered
es,acción,pt,ação,altered
es,aceite,pt,azeite,altered
es,aceituna,pt,azeitona,altered
es,aceleración,pt,aceleração,transparent
es,acelerada,pt,acelerar,transparent
es,acelerador,pt,acelerador,transparent
es,acelerar,pt,acelerar,transparent
es,acento,pt,acento,transparent
es,acentuar,pt,acentuar,transparent
es,aceptable,pt,aceitável,altered
es,aceptación,pt,aceitação,transparent
es,aceptar,pt,aceitar,altered
es,acepto,pt,aceito,altered
es,acercar,pt,acercar,transparent
es,acertar,pt,acertar,transparent
es,acervo,pt,acervo,transparent
es,acierto,pt,acerto,altered
es,aclamar,pt,aclamar,transparent
es,acogedor,pt,acolhedor,transparent
es,acoger,pt,acolher,altered
es,acogida,pt,acolhido,altered
es,acogido,pt,acolhido,altered
es,acometer,pt,acometer,transparent
es,acomodar,pt,acomodar,transparent
es,acompañamiento,pt,acompanhamento,transparent
es,acompañante,pt,acompanhante,transparent
es,acompañar,pt,acompanhar,altered
es,aconsejar,pt,aconselhar,altered
es,acontecer,pt,acontecer,transparent
es,acontecimiento,pt,acontecimento,altered
es,acoplar,pt,acoplar,transparent
es,acordada,pt,acordar,transparent
es,acordar,pt,acordar,transparent
es,acostada,pt,acostar,transparent
es,acostar,pt,acostar,transparent
es,acostumbrar,pt,acostumar,altered
es,acre,pt,acre,transparent
es,acrecentar,pt,acrescentar,altered
es,acreditado,pt,acreditar,transparent
es,acreditar,pt,acreditar,transparent
es,actitud,pt,atitude,altered
es,activación,pt,ativação,altered
es,activamente,pt,ativamente,altered
es,activar,pt,ativar,altered
es,actividad,pt,atividade,altered
es,activismo,pt,ativismo,altered
es,activista,pt,ativista,altered
es,activo,pt,ativo,altered
es,acto,pt,ato,transparent
es,actor,pt,ator,altered
es,actriz,pt,actor,transparent
es,actuación,pt,atuação,transparent
es,actual,pt,atual,transparent
es,actualidad,pt,atualidade,transparent
es,actualización,pt,atualização,altered
es,actualizar,pt,atualizar,altered
es,actualmente,pt,atualmente,transparent
es,actuar,pt,atuar,altered
es,acuarela,pt,aquarela,altered
es,acuario,pt,aquário,altered
es,acuerdo,pt,acordo,altered
es,acumulación,pt,acumulação,transparent
es,acumular,pt,acumular,transparent
es,acusación,pt,acusação,transparent
es,acusado,pt,acusar,transparent
es,acusar,pt,acusar,transparent
es,acuático,pt,aquático,transparent
es,acá,pt,cá,altered
es,acústica,pt,acústico,transparent
es,acústico,pt,acústico,transparent
es,adaptación,pt,adaptação,transparent
es,adaptar,pt,adaptar,transparent
es,adecuación,pt,adequação,altered
es,adecuadamente,pt,adequadamente,altered
es,adecuar,pt,adequado,altered
es,adelantado,pt,adiantar,altered
es,adelantar,pt,adiantar,transparent
es,adelanto,pt,adiantamento,altered
es,adentrar,pt,adentrar,transparent
es,adepto,pt,adepto,transparent
es,aderezo,pt,adereço,altered
es,adherir,pt,aderir,altered
es,adhesivo,pt,adesivo,transparent
es,adhesión,pt,adesão,transparent
es,adicional,pt,adicional,transparent
es,adicionalmente,pt,adicionalmente,transparent
es,adicionar,pt,adicionar,transparent
es,adición,pt,adição,altered
es,adios,pt,adeus,altered
es,aditivo,pt,aditivo,transparent
es,adivinar,pt,adivinhar,altered
es,adivino,pt,adivinho,altered
es,adiós,pt,adeus,altered
es,adjetivo,pt,adjetivo,transparent
es,adjunto,pt,adjunto,transparent
es,administracion,pt,administração,transparent
es,administración,pt,administração,transparent
es,administrador,pt,administrador,transparent
es,administrar,pt,administrar,transparent
es,administrativo,pt,administrativo,transparent
es,admirable,pt,admirável,transparent
es,admiración,pt,admiração,transparent
es,admirador,pt,admirador,transparent
es,admirar,pt,admirar,transparent
es,admisión,pt,admissão,transparent
es,admitir,pt,admitir,transparent
es,adobe,pt,adobe,transparent
es,adolescencia,pt,adolescência,transparent
es,adolescente,pt,adolescente,transparent
es,adonde,pt,aonde,transparent
es,adopción,pt,adoção,transparent
es,adoptado,pt,adoptar,transparent
es,adoptando,pt,adotar,transparent
es,adoptar,pt,adotar,altered
es,adoptivo,pt,adotivo,altered
es,adorable,pt,adorável,transparent
es,adoración,pt,adoração,transparent
es,adorar,pt,adorar,transparent
es,adorno,pt,adorno,transparent
es,adquirir,pt,adquirir,transparent
es,adquisición,pt,aquisição,altered
es,adrenalina,pt,adrenalina,transparent
es,aduanero,pt,aduaneiro,transparent
es,adulterio,pt,adultério,transparent
es,adulto,pt,adulto,transparent
es,adversario,pt,adversário,transparent
es,adversidad,pt,adversidade,transparent
es,adverso,pt,adverso,transparent
es,advertencia,pt,advertência,transparent
es,advertir,pt,advertir,transparent
es,adyacente,pt,adjacente,altered
es,adónde,pt,aonde,altered
es,aerodinámica,pt,aerodinâmico,altered
es,aeronave,pt,aeronave,transparent
es,aeronáutica,pt,aeronáutico,transparent
es,aeronáutico,pt,aeronáutico,transparent
es,aeropuerto,pt,aeroporto,altered
es,afectado,pt,afectar,transparent
es,afectar,pt,afetar,altered
es,afecto,pt,afetar,transparent
es,afgano,pt,afegão,altered
es,afición,pt,afeição,altered
es,afiliado,pt,afiliar,transparent
es,afinar,pt,afinar,transparent
es,afinidad,pt,afinidade,transparent
es,afirmación,pt,afirmação,transparent
es,afirmado,pt,afirmar,transparent
es,afirmar,pt,afirmar,transparent
es,afirmativo,pt,afirmativo,transparent
es,afligir,pt,afligir,transparent
es,aflorar,pt,aflorar,transparent
es,afluente,pt,afluente,transparent
es,africano,pt,áfrico,altered
es,afrontar,pt,afrontar,transparent
es,afín,pt,afim,altered
es,agarrado,pt,agarrar,transparent
es,agarrar,pt,agarrar,transparent
es,agencia,pt,agência,transparent
es,agenda,pt,agendar,transparent
es,agendar,pt,agendar,transparent
es,agente,pt,agente,transparent
es,agilidad,pt,agilidade,transparent
es,agilizar,pt,agilizar,transparent
es,agitación,pt,agitação,altered
es,agitar,pt,agitar,transparent
es,agonía,pt,agoniar,transparent
es,agosto,pt,agosto,transparent
es,agotamiento,pt,esgotamento,altered
es,agradable,pt,agradável,transparent
es,agradar,pt,agradar,transparent
es,agradecer,pt,agradecer,transparent
es,agradecimiento,pt,agradecimento,transparent
es,agrado,pt,agrado,transparent
es,agrario,pt,agrário,transparent
es,agravar,pt,agravar,transparent
es,agredir,pt,agredir,transparent
es,agregado,pt,agregar,transparent
es,agregar,pt,agregar,transparent
es,agresividad,pt,agressividade,altered
es,agresivo,pt,agressivo,transparent
es,agresión,pt,agressão,altered
es,agresor,pt,agressor,altered
es,agricultor,pt,agricultor,transparent
es,agricultura,pt,agricultura,transparent
es,agro,pt,agro,transparent
es,agropecuario,pt,agropecuário,transparent
es,agrupar,pt,agrupar,transparent
es,agrícola,pt,agrícola,transparent
es,agua,pt,aguar,transparent
es,aguacate,pt,abacate,altered
es,aguantar,pt,aguentar,altered
es,aguar,pt,aguar,transparent
es,aguardar,pt,aguardar,transparent
es,agudo,pt,agudo,transparent
es,ahogado,pt,afogar,altered
es,ahogar,pt,afogar,altered
es,ahora,pt,agora,altered
es,ahorcado,pt,enforcar,altered
es,ahorita,pt,agora,altered
es,ahí,pt,aí,altered
es,airar,pt,airar,transparent
es,aire,pt,ar,altered
es,aislamiento,pt,isolamento,altered
es,aislar,pt,isolado,altered
es,ajedrez,pt,xadrez,altered
es,ajeno,pt,alheio,altered
es,ajo,pt,alho,altered
es,ajustar,pt,ajustar,transparent
es,ajuste,pt,ajuste,transparent
es,ala,pt,alar,transparent
es,alado,pt,alar,transparent
es,alambre,pt,arame,altered
es,alar,pt,alar,transparent
es,alargar,pt,alargar,transparent
es,alarmante,pt,alarmante,transparent
es,alba,pt,alba,transparent
es,albanés,pt,albanês,transparent
es,albergar,pt,albergar,transparent
es,albergue,pt,albergue,transparent
es,alberto,pt,alberto,transparent
es,albo,pt,alvo,altered
es,album,pt,álbum,transparent
es,alcance,pt,alcance,transparent
es,alcanzar,pt,alcançar,transparent
es,alcohol,pt,álcool,transparent
es,alcoholismo,pt,alcoolismo,transparent
es,alcohólico,pt,alcoólico,transparent
es,aldea,pt,aldeia,transparent
es,aldeano,pt,aldeão,altered
es,aleatoriamente,pt,aleatoriamente,transparent
es,aleatorio,pt,aleatório,transparent
es,alegación,pt,alegação,transparent
es,alegar,pt,alegar,transparent
es,alegoría,pt,alegoria,altered
es,alegrar,pt,alegrar,transparent
es,alegre,pt,alegre,transparent
es,alegremente,pt,alegremente,transparent
es,alegria,pt,alegria,transparent
es,alegría,pt,alegria,transparent
es,alejandría,pt,alexandria,altered
es,aleman,pt,alemão,altered
es,alemania,pt,alemanha,altered
es,alemán,pt,alemão,altered
es,alergia,pt,alergia,transparent
es,alerta,pt,alertar,transparent
es,alertar,pt,alertar,transparent
es,alfabetización,pt,alfabetização,transparent
es,alfabeto,pt,alfabeto,transparent
es,alfiler,pt,alfinete,altered
es,alférez,pt,alferes,altered
es,alga,pt,alga,transparent
es,algo,pt,algo,transparent
es,algodón,pt,algodão,transparent
es,algoritmo,pt,algoritmo,transparent
es,alguien,pt,alguém,altered
es,algun,pt,algum,transparent
es,alguno,pt,algum,altered
es,aliado,pt,aliado,transparent
es,alianza,pt,aliançar,transparent
es,aliar,pt,aliar,transparent
es,alienígena,pt,alienígena,transparent
es,alimentación,pt,alimentação,transparent
es,alimentar,pt,alimentar,transparent
es,alimentario,pt,alimentar,altered
es,alimenticio,pt,alimentício,transparent
es,alimento,pt,alimento,transparent
es,alistar,pt,alistar,transparent
es,aliviar,pt,aliviar,transparent
es,alivio,pt,alívio,transparent
es,allende,pt,além,altered
es,allá,pt,lá,altered
es,allí,pt,ali,altered
es,almacenaje,pt,armazenagem,altered
es,almacenamiento,pt,armazenamento,altered
es,almacenar,pt,armazenar,altered
es,almacén,pt,armazém,altered
es,almendra,pt,amêndoa,altered
es,almirante,pt,almirante,transparent
es,almohada,pt,almofada,altered
es,almorzar,pt,almoçar,altered
es,almuerzo,pt,almoço,altered
es,aloja,pt,alojar,transparent
es,alojamiento,pt,alojamento,altered
es,alojar,pt,alojar,transparent
es,alonso,pt,afonso,altered
es,alpes,pt,alpes,transparent
es,alquilar,pt,alugar,altered
es,alta,pt,alto,transparent
es,altamente,pt,altamente,transparent
es,altar,pt,altar,transparent
es,alteración,pt,alteração,transparent
es,alterar,pt,alterar,transparent
es,alternar,pt,alternar,transparent
es,alternativa,pt,alternativo,transparent
es,alternativamente,pt,alternativamente,transparent
es,alternativo,pt,alternativo,transparent
es,alteza,pt,alteza,transparent
es,altitud,pt,altitude,transparent
es,alto,pt,alto,transparent
es,altura,pt,altura,transparent
es,altísimo,pt,alto,transparent
es,alucinación,pt,alucinação,transparent
es,alucinante,pt,alucinante,transparent
es,aludir,pt,aludir,transparent
es,aluminio,pt,alumínio,transparent
es,alumno,pt,aluno,altered
es,alusión,pt,alusão,transparent
es,alza,pt,alçar,altered
es,alzado,pt,alçar,altered
es,alzar,pt,alçar,altered
es,alérgico,pt,alérgico,transparent
es,ama,pt,amar,transparent
es,amable,pt,amável,transparent
es,amado,pt,amar,transparent
es,amador,pt,amador,transparent
es,amamantar,pt,amamentar,altered
es,amanecer,pt,amanhecer,altered
es,amante,pt,amante,transparent
es,amar,pt,amar,transparent
es,amargar,pt,amargar,transparent
es,amargo,pt,amargo,transparent
es,amargura,pt,amargurar,transparent
es,amarillo,pt,amarelo,altered
es,amarrar,pt,amarrar,transparent
es,amasar,pt,amassar,altered
es,amateur,pt,amador,altered
es,amazon,pt,amazona,altered
es,amazona,pt,amazon,transparent
es,amazonia,pt,amazônia,altered
es,amazónico,pt,amazônica,altered
es,ambicioso,pt,ambicioso,transparent
es,ambición,pt,ambição,transparent
es,ambiental,pt,ambiental,transparent
es,ambientar,pt,ambientar,transparent
es,ambiente,pt,ambiente,transparent
es,ambiguo,pt,ambíguo,transparent
es,ambigüedad,pt,ambiguidade,altered
es,ambos,pt,ambos,transparent
es,ambulancia,pt,ambulância,transparent
es,ambulante,pt,ambulante,transparent
es,amelia,pt,amélia,transparent
es,amenaza,pt,ameaçar,altered
es,amenazador,pt,ameaçador,altered
es,amenazar,pt,ameaçar,altered
es,ameno,pt,ameno,transparent
es,america,pt,américa,transparent
es,americana,pt,americano,transparent
es,americano,pt,americano,transparent
es,ametralladora,pt,metralhador,altered
es,amigable,pt,amigável,altered
es,amigo,pt,amigo,transparent
es,amiguito,pt,amigo,altered
es,aminoácido,pt,aminoácido,transparent
es,amistad,pt,amizade,altered
es,amistoso,pt,amistoso,transparent
es,amnesia,pt,amnésia,transparent
es,amnistía,pt,anistiar,altered
es,amo,pt,amo,transparent
es,amor,pt,amor,transparent
es,amoroso,pt,amoroso,transparent
es,amparar,pt,amparar,transparent
es,amparo,pt,amparo,transparent
es,ampliación,pt,ampliação,altered
es,ampliamente,pt,amplamente,altered
es,ampliar,pt,ampliar,transparent
es,amplificador,pt,amplificador,transparent
es,amplificar,pt,amplificar,transparent
es,amplio,pt,amplo,altered
es,amplitud,pt,amplitude,transparent
es,amputar,pt,amputar,transparent
es,amuleto,pt,amuleto,transparent
es,amén,pt,amém,transparent
es,américa,pt,américa,transparent
es,américas,pt,américas,transparent
es,ana,pt,ana,transparent
es,anal,pt,anal,transparent
es,analfabetismo,pt,analfabetismo,transparent
es,analfabeto,pt,analfabeto,transparent
es,analgésico,pt,analgésico,transparent
es,analisis,pt,análise,transparent
es,analista,pt,analista,transparent
es,analizar,pt,analisar,altered
es,analogía,pt,analogia,transparent
es,analítica,pt,analítico,transparent
es,analítico,pt,analítico,transparent
es,analógico,pt,analógico,transparent
es,anarquista,pt,anarquista,transparent
es,anarquía,pt,anarquia,altered
es,anatomía,pt,anatomia,transparent
es,ancestral,pt,ancestral,transparent
es,anciano,pt,ancião,altered
es,ancla,pt,âncora,transparent
es,andar,pt,andar,transparent
es,andas,pt,andas,transparent
es,andino,pt,andino,transparent
es,android,pt,android,transparent
es,anemia,pt,anemia,transparent
es,anestesia,pt,anestesiar,transparent
es,anestesista,pt,anestesista,transparent
es,anexar,pt,anexar,transparent
es,anexión,pt,anexação,altered
es,anexo,pt,anexo,transparent
es,anfitrión,pt,anfitrião,transparent
es,angela,pt,angela,transparent
es,angelito,pt,anjo,altered
es,anglo,pt,anglo,transparent
es,angular,pt,angular,transparent
es,angustia,pt,angústia,transparent
es,angustiar,pt,angustiar,transparent
es,angélica,pt,angélico,transparent
es,anillo,pt,anel,altered
es,animación,pt,animação,transparent
es,animador,pt,animador,transparent
es,animal,pt,animal,transparent
es,animalitos,pt,animal,transparent
es,animar,pt,animado,transparent
es,aniquilar,pt,aniquilar,transparent
es,aniversario,pt,aniversário,altered
es,ano,pt,ânus,transparent
es,anochecer,pt,anoitecer,altered
es,anomalía,pt,anomalia,transparent
es,anonimato,pt,anonimato,transparent
es,anorexia,pt,anorexia,transparent
es,anormal,pt,anormal,transparent
es,anotación,pt,anotação,transparent
es,anotar,pt,anotar,transparent
es,ansia,pt,ânsia,transparent
es,ansiar,pt,ansiar,transparent
es,ansiedad,pt,ansiedade,transparent
es,ansioso,pt,ansioso,transparent
es,ante,pt,ante,transparent
es,antebrazo,pt,antebraço,altered
es,antecedente,pt,antecedente,transparent
es,antecesor,pt,antecessor,transparent
es,antena,pt,antena,transparent
es,anterior,pt,anterior,transparent
es,anterioridad,pt,anterioridade,transparent
es,anteriormente,pt,anteriormente,transparent
es,antes,pt,antes,transparent
es,anti,pt,anti,transparent
es,antibiótico,pt,antibiótico,transparent
es,anticipación,pt,antecipação,transparent
es,anticipar,pt,antecipar,altered
es,anticipo,pt,antecipar,altered
es,anticorrupción,pt,anticorrupção,transparent
es,anticuerpo,pt,anticorpo,altered
es,antiguamente,pt,antigamente,transparent
es,antiguo,pt,antigo,transparent
es,antigüedad,pt,antiguidade,transparent
es,antipático,pt,antipático,transparent
es,antología,pt,antologia,transparent
es,antropología,pt,antropologia,transparent
es,antropológico,pt,antropológico,transparent
es,antropólogo,pt,antropólogo,transparent
es,antártico,pt,antártico,transparent
es,antártida,pt,antártida,transparent
es,anual,pt,anual,transparent
es,anualmente,pt,anualmente,transparent
es,anuario,pt,anuário,transparent
es,anulación,pt,anulação,transparent
es,anular,pt,anular,transparent
es,anunciante,pt,anunciante,transparent
es,anunciar,pt,anunciar,transparent
es,anuncio,pt,anúncio,transparent
es,análisis,pt,análise,altered
es,análogo,pt,análogo,transparent
es,anónimo,pt,anónimo,transparent
es,apache,pt,apache,transparent
es,apadrinar,pt,apadrinhar,altered
es,apagado,pt,apagar,transparent
es,apagar,pt,apagar,transparent
es,apagón,pt,apagão,transparent
es,aparato,pt,aparato,transparent
es,aparecer,pt,aparecer,transparent
es,aparecido,pt,aparecido,transparent
es,aparejo,pt,aparelho,transparent
es,aparentar,pt,aparentar,transparent
es,aparente,pt,aparente,transparent
es,aparentemente,pt,aparentemente,transparent
es,aparición,pt,aparição,transparent
es,apariencia,pt,aparência,transparent
es,apartado,pt,apartar,transparent
es,apartamento,pt,apartamento,transparent
es,apartar,pt,apartar,transparent
es,apasionante,pt,apaixonante,altered
es,apasionar,pt,apaixonado,altered
es,apatía,pt,apatia,transparent
es,apañar,pt,apanhar,transparent
es,apegar,pt,apegar,transparent
es,apego,pt,apego,transparent
es,apelación,pt,apelação,transparent
es,apelar,pt,apelar,transparent
es,apellido,pt,apelido,altered
es,apenas,pt,apenas,transparent
es,aperitivo,pt,aperitivo,transparent
es,apertura,pt,abertura,altered
es,apetecer,pt,apetecer,transparent
es,apetito,pt,apetite,altered
es,aplaudir,pt,aplaudir,transparent
es,aplauso,pt,aplauso,transparent
es,aplicable,pt,aplicável,transparent
es,aplicacion,pt,aplicação,transparent
es,aplicación,pt,aplicação,altered
es,aplicar,pt,aplicar,transparent
es,aplicativo,pt,aplicativo,transparent
es,aplique,pt,aplique,transparent
es,apocalipsis,pt,apocalipse,altered
es,apocalíptico,pt,apocalíptico,transparent
es,apoderado,pt,apoderar,transparent
es,apoderar,pt,apoderar,transparent
es,apología,pt,apologia,transparent
es,aportar,pt,aportar,transparent
es,aporte,pt,aporte,transparent
es,aposento,pt,aposento,transparent
es,apostar,pt,apostar,transparent
es,apostólico,pt,apostólico,transparent
es,apoyar,pt,apoiar,altered
es,apoyo,pt,apoio,altered
es,app,pt,app,transparent
es,apps,pt,apps,transparent
es,apreciación,pt,apreciação,transparent
es,apreciar,pt,apreciar,transparent
es,aprecio,pt,apreço,altered
es,aprehender,pt,apreender,altered
es,aprehensión,pt,apreensão,altered
es,aprender,pt,aprender,transparent
es,aprendiz,pt,aprendiz,transparent
es,aprendizaje,pt,aprendizado,transparent
es,apresurar,pt,apressar,altered
es,apretar,pt,apertar,altered
es,apretón,pt,aperto,altered
es,aprieto,pt,aperto,altered
es,aprobación,pt,aprovação,transparent
es,aprobado,pt,aprovar,altered
es,aprobar,pt,aprovar,altered
es,apropiación,pt,apropriação,transparent
es,apropiadamente,pt,apropriadamente,transparent
es,aprovechamiento,pt,aproveitamento,altered
es,aprovechar,pt,aproveitar,altered
es,aproximación,pt,aproximação,transparent
es,aproximadamente,pt,aproximadamente,transparent
es,aproximar,pt,aproximar,transparent
es,aptitud,pt,aptidão,altered
es,apto,pt,apto,transparent
es,apuesto,pt,apostar,altered
es,apuntar,pt,apontar,altered
es,apunte,pt,apontamento,altered
es,apurar,pt,apurar,transparent
es,apuro,pt,apuro,transparent
es,apuñalar,pt,apunhalar,transparent
es,apéndice,pt,apêndice,altered
es,apóstol,pt,apóstolo,altered
es,aquel,pt,aquele,altered
es,aqui,pt,aqui,transparent
es,aquiles,pt,aquiles,transparent
es,aquí,pt,aqui,transparent
es,arabia,pt,arábio,altered
es,arana,pt,aranha,altered
es,arar,pt,arar,transparent
es,araña,pt,aranha,altered
es,arbitraje,pt,arbitragem,altered
es,arbitrar,pt,arbitrar,transparent
es,arbitrario,pt,arbitrário,transparent
es,arbitrio,pt,arbítrio,transparent
es,arbol,pt,árvore,altered
es,arbusto,pt,arbusto,transparent
es,arca,pt,arcar,transparent
es,arcada,pt,arcar,transparent
es,arcade,pt,arcade,transparent
es,arcaico,pt,arcaico,transparent
es,archipiélago,pt,arquipélago,altered
es,archivar,pt,arquivar,altered
es,archivo,pt,arquivo,transparent
es,arcilla,pt,argila,altered
es,arco,pt,arco,transparent
es,arcoiris,pt,arco-íris,altered
es,arcángel,pt,arcanjo,altered
es,arder,pt,arder,transparent
es,ardiente,pt,ardente,altered
es,arduamente,pt,arduamente,transparent
es,arduo,pt,árduo,transparent
es,area,pt,área,transparent
es,arena,pt,areia,altered
es,argelino,pt,argelino,transparent
es,argentino,pt,argentino,transparent
es,argumentación,pt,argumentação,transparent
es,argumentar,pt,argumentar,transparent
es,argumento,pt,argumento,transparent
es,aries,pt,áries,transparent
es,aritmética,pt,aritmético,transparent
es,arma,pt,arma,transparent
es,armada,pt,armar,transparent
es,armadura,pt,armadura,transparent
es,armamento,pt,armamento,transparent
es,armar,pt,armar,transparent
es,armario,pt,armário,transparent
es,armenio,pt,armênio,transparent
es,armonía,pt,harmonia,transparent
es,aro,pt,aro,transparent
es,aroma,pt,aromar,transparent
es,aromático,pt,aromático,transparent
es,arqueada,pt,arquear,transparent
es,arquear,pt,arquear,transparent
es,arqueología,pt,arqueologia,transparent
es,arqueológico,pt,arqueológico,transparent
es,arquero,pt,arqueiro,altered
es,arquetipo,pt,arquétipo,altered
es,arqueólogo,pt,arqueólogo,transparent
es,arquitecto,pt,arquiteto,altered
es,arquitectura,pt,arquitetura,altered
es,arquitectónico,pt,arquitetônico,altered
es,arrancada,pt,arrancar,transparent
es,arrancar,pt,arrancar,transparent
es,arranque,pt,arranque,transparent
es,arrasar,pt,arrasar,transparent
es,arrastrar,pt,arrastar,altered
es,arrastre,pt,arrasto,altered
es,arreglar,pt,arranjar,altered
es,arrendamiento,pt,arrendamento,transparent
es,arrendar,pt,arrendar,transparent
es,arrepentimiento,pt,arrependimento,altered
es,arrepentir,pt,arrepender,altered
es,arriendo,pt,arrendamento,altered
es,arriesgar,pt,arriscar,altered
es,arrodillar,pt,ajoelhar,altered
es,arrogancia,pt,arrogância,transparent
es,arrogante,pt,arrogante,transparent
es,arroyo,pt,arroio,altered
es,arroz,pt,arroz,transparent
es,arruinar,pt,arruinar,transparent
es,arsenal,pt,arsenal,transparent
es,arte,pt,arte,transparent
es,arteria,pt,artéria,transparent
es,arterial,pt,arterial,transparent
es,artesanal,pt,artesanal,transparent
es,artesano,pt,artesão,altered
es,artesanía,pt,artesanato,altered
es,articulación,pt,articulação,transparent
es,articulado,pt,articular,transparent
es,articular,pt,articular,transparent
es,artificial,pt,artificial,transparent
es,artificialmente,pt,artificialmente,transparent
es,artillería,pt,artilharia,altered
es,artista,pt,artista,transparent
es,artritis,pt,artrite,altered
es,artículo,pt,artigo,altered
es,artístico,pt,artístico,transparent
es,arzobispo,pt,arcebispo,altered
es,asa,pt,asa,transparent
es,asado,pt,assar,transparent
es,asaltante,pt,assaltante,altered
es,asaltar,pt,assaltar,altered
es,asalto,pt,assalto,altered
es,asamblea,pt,assembleia,altered
es,asar,pt,assar,transparent
es,ascendencia,pt,ascendência,transparent
es,ascendente,pt,ascendente,transparent
es,ascender,pt,ascender,transparent
es,ascensión,pt,ascensão,transparent
es,asedio,pt,assédio,altered
es,asegurado,pt,assegurar,transparent
es,asemejar,pt,assemelhar,altered
es,asentada,pt,assentar,transparent
es,asentamiento,pt,assentamento,altered
es,asentar,pt,assentar,altered
es,asentir,pt,assentir,transparent
es,asesinar,pt,assassinar,altered
es,asesinato,pt,assassinato,altered
es,asesino,pt,assassino,altered
es,asesor,pt,assessor,altered
es,asesorar,pt,assessorar,transparent
es,asesoría,pt,assessoria,altered
es,asfalto,pt,asfalto,transparent
es,asfixia,pt,asfixiar,transparent
es,asfixiar,pt,asfixiar,transparent
es,asi,pt,assim,altered
es,asia,pt,ásia,transparent
es,asiduo,pt,assíduo,altered
es,asiento,pt,assento,transparent
es,asilo,pt,asilo,transparent
es,asimetría,pt,assimetria,altered
es,asimilación,pt,assimilação,altered
es,asimilar,pt,assimilar,transparent
es,asimétrico,pt,assimétrico,transparent
es,asistencia,pt,assistência,transparent
es,asistente,pt,assistente,altered
es,asistir,pt,assistir,transparent
es,asiático,pt,asiático,transparent
es,asma,pt,asma,transparent
es,asociación,pt,associação,transparent
es,asociado,pt,associado,altered
es,asociar,pt,associar,transparent
es,aspecto,pt,aspecto,transparent
es,aspiración,pt,aspiração,transparent
es,aspirador,pt,aspirador,transparent
es,aspirante,pt,aspirante,transparent
es,aspirar,pt,aspirar,transparent
es,asteroide,pt,asteroide,transparent
es,astillero,pt,estaleiro,altered
es,astro,pt,astro,transparent
es,astronauta,pt,astronauta,transparent
es,astronomía,pt,astronomia,transparent
es,astuto,pt,astuto,transparent
es,asumir,pt,assumir,transparent
es,asunción,pt,assunção,transparent
es,asunto,pt,assunto,transparent
es,asustar,pt,assustar,transparent
es,así,pt,assim,altered
es,atacante,pt,atacante,transparent
es,atacar,pt,atacar,transparent
es,atado,pt,atar,transparent
es,ataque,pt,ataque,transparent
es,atar,pt,atar,transparent
es,atardecer,pt,anoitecer,altered
es,atenas,pt,atenas,transparent
es,atencion,pt,atenção,transparent
es,atención,pt,atenção,altered
es,atender,pt,atender,transparent
es,atentado,pt,atentar,transparent
es,atentamente,pt,atentamente,transparent
es,atentar,pt,atentar,transparent
es,atento,pt,atento,transparent
es,atenuar,pt,atenuar,transparent
es,ateo,pt,ateu,altered
es,aterrada,pt,aterrar,transparent
es,aterrar,pt,aterrar,transparent
es,aterrizar,pt,aterrissar,altered
es,atestiguar,pt,atestar,altered
es,atlas,pt,atlas,transparent
es,atleta,pt,atleta,transparent
es,atletismo,pt,atletismo,transparent
es,atlántico,pt,atlântico,transparent
es,atlético,pt,atlético,transparent
es,atmosfera,pt,atmosfera,transparent
es,atmosférico,pt,atmosférico,transparent
es,atmósfera,pt,atmosfera,altered
es,atormentar,pt,atormentar,transparent
es,atracar,pt,atracar,transparent
es,atracción,pt,atração,transparent
es,atractivo,pt,atrativo,altered
es,atraer,pt,atrair,altered
es,atras,pt,atrás,transparent
es,atrasar,pt,atrasar,transparent
es,atraso,pt,atraso,transparent
es,atravesar,pt,atravessar,altered
es,atrever,pt,atrever,transparent
es,atrevido,pt,atrevido,transparent
es,atrevimiento,pt,atrevimento,transparent
es,atribución,pt,atribuição,transparent
es,atribuir,pt,atribuir,transparent
es,atributo,pt,atributo,transparent
es,atrocidad,pt,atrocidade,transparent
es,atrás,pt,atrás,transparent
es,atípico,pt,atípico,transparent
es,atómico,pt,atômico,transparent
es,atún,pt,atum,altered
es,audacia,pt,audácia,transparent
es,audi,pt,audi,transparent
es,audición,pt,audição,transparent
es,audiencia,pt,audiência,transparent
es,audio,pt,áudio,transparent
es,audiovisual,pt,audiovisual,transparent
es,auditivo,pt,auditivo,transparent
es,auditor,pt,auditor,transparent
es,auditorio,pt,auditório,transparent
es,auditoría,pt,auditoria,transparent
es,auge,pt,auge,transparent
es,aula,pt,aula,transparent
es,aumentar,pt,aumentar,transparent
es,aumento,pt,aumento,transparent
es,aura,pt,aura,transparent
es,aurora,pt,aurora,transparent
es,ausencia,pt,ausência,altered
es,ausente,pt,ausente,transparent
es,austeridad,pt,austeridade,transparent
es,austral,pt,austral,transparent
es,australia,pt,austrália,transparent
es,australiano,pt,australiano,transparent
es,austriaco,pt,austríaco,transparent
es,austríaco,pt,austríaco,transparent
es,autenticar,pt,autenticar,transparent
es,autenticidad,pt,autenticidade,transparent
es,autismo,pt,autismo,transparent
es,auto,pt,auto,transparent
es,autobiografía,pt,autobiografia,transparent
es,autocrítica,pt,autocrítica,transparent
es,autodefensa,pt,autodefesa,transparent
es,autodeterminación,pt,autodeterminação,altered
es,autodidacta,pt,autodidata,altered
es,autoestima,pt,autoestima,transparent
es,automatizar,pt,automatizar,transparent
es,automovilístico,pt,automóvel,altered
es,automática,pt,automático,transparent
es,automáticamente,pt,automaticamente,transparent
es,automático,pt,automático,transparent
es,automóvil,pt,automóvel,transparent
es,autonomía,pt,autonomia,transparent
es,autopsia,pt,autópsia,transparent
es,autor,pt,autor,transparent
es,autoridad,pt,autoridade,altered
es,autoritario,pt,autoritário,transparent
es,autoritarismo,pt,autoritarismo,transparent
es,autorización,pt,autorização,transparent
es,autorizar,pt,autorizar,transparent
es,autoría,pt,autoria,transparent
es,auténtico,pt,autêntico,transparent
es,autógrafo,pt,autógrafo,transparent
es,autónomo,pt,autónomo,transparent
es,auxiliar,pt,auxiliar,transparent
es,auxilio,pt,auxílio,altered
es,aval,pt,aval,transparent
es,avance,pt,avanço,altered
es,avanzada,pt,avançar,transparent
es,avanzar,pt,avançar,altered
es,avatar,pt,avatar,transparent
es,ave,pt,ave,transparent
es,avena,pt,aveia,altered
es,avenida,pt,avenida,transparent
es,aventura,pt,aventurar,transparent
es,aventurar,pt,aventurar,transparent
es,aventurero,pt,aventureiro,altered
es,avergonzar,pt,envergonhar,altered
es,averiguar,pt,averiguar,transparent
es,aversión,pt,aversão,transparent
es,avería,pt,avariar,transparent
es,aviación,pt,aviação,transparent
es,aviador,pt,aviador,transparent
es,avion,pt,avião,altered
es,avisar,pt,avisar,transparent
es,aviso,pt,aviso,transparent
es,avispa,pt,vespa,altered
es,avistar,pt,avistar,transparent
es,avión,pt,avião,transparent
es,axel,pt,axel,transparent
es,axila,pt,axila,transparent
es,ayuda,pt,ajudar,altered
es,ayudante,pt,ajudante,altered
es,ayudar,pt,ajudar,altered
es,azar,pt,azar,transparent
es,azteca,pt,asteca,altered
es,azucar,pt,açúcar,altered
es,azufre,pt,enxofre,altered
es,azul,pt,azul,transparent
es,azulejo,pt,azulejo,transparent
es,azúcar,pt,açúcar,altered
es,aéreo,pt,aéreo,transparent
es,añito,pt,ano,altered
es,año,pt,ano,transparent
es,baba,pt,babar,transparent
es,babear,pt,babar,altered
es,bacalao,pt,bacalhau,altered
es,bachiller,pt,bacharel,altered
es,bachillerato,pt,bacharelar,altered
es,bacon,pt,bacon,transparent
es,bacteria,pt,bactéria,altered
es,bacteriano,pt,bacteriano,transparent
es,bagdad,pt,bagdá,altered
es,bagel,pt,bagel,transparent
es,bahía,pt,baía,transparent
es,bailar,pt,bailar,transparent
es,bailarín,pt,bailarino,altered
es,baile,pt,baile,transparent
es,baja,pt,baixar,transparent
es,bajar,pt,baixar,altered
es,bajito,pt,baixo,altered
es,bajo,pt,baixo,altered
es,balance,pt,balanço,altered
es,balancear,pt,balançar,altered
es,balanza,pt,balançar,transparent
es,balar,pt,balar,transparent
es,balcanes,pt,balcãs,altered
es,balcón,pt,balcão,altered
es,balde,pt,balde,transparent
es,ballena,pt,baleia,altered
es,ballet,pt,balé,altered
es,balneario,pt,balneário,transparent
es,baloncesto,pt,basquetebol,altered
es,balsa,pt,balsa,transparent
es,balón,pt,balão,altered
es,bambú,pt,bambu,transparent
es,banal,pt,banal,transparent
es,banana,pt,banana,transparent
es,banca,pt,bancar,transparent
es,bancada,pt,bancar,transparent
es,bancar,pt,bancar,transparent
es,bancario,pt,bancário,transparent
es,banco,pt,banco,transparent
es,bandido,pt,bandido,transparent
es,bando,pt,bando,transparent
es,banquero,pt,banqueiro,altered
es,banquete,pt,banquete,transparent
es,banquillo,pt,banco,altered
es,bar,pt,bar,transparent
es,baraja,pt,baralho,altered
es,barata,pt,baratar,transparent
es,barato,pt,barato,transparent
es,barbaridad,pt,barbaridade,transparent
es,barbarie,pt,barbárie,transparent
es,barbero,pt,barbeiro,altered
es,barbudo,pt,barbudo,transparent
es,barca,pt,barca,transparent
es,barco,pt,barco,transparent
es,baron,pt,barão,altered
es,barra,pt,barrar,transparent
es,barraca,pt,barraca,transparent
es,barranco,pt,barranco,transparent
es,barrar,pt,barrar,transparent
es,barrido,pt,varrido,altered
es,barriga,pt,barriga,transparent
es,barril,pt,barril,transparent
es,barrio,pt,bairro,altered
es,barro,pt,barro,transparent
es,barroco,pt,barroco,transparent
es,barullo,pt,barulho,altered
es,barón,pt,barão,altered
es,basa,pt,base,altered
es,basada,pt,basear,altered
es,basar,pt,basear,transparent
es,base,pt,base,transparent
es,bastante,pt,bastante,transparent
es,bastar,pt,bastar,transparent
es,bastardo,pt,bastardo,transparent
es,bastidor,pt,bastidor,transparent
es,basto,pt,basto,transparent
es,bastón,pt,bastão,altered
es,basílica,pt,basílica,transparent
es,batalla,pt,batalhar,altered
es,batallar,pt,batalhar,altered
es,batallón,pt,batalhão,transparent
es,batata,pt,batata,transparent
es,bateria,pt,bateria,transparent
es,batería,pt,bateria,transparent
es,batida,pt,batido,transparent
es,batido,pt,batido,transparent
es,batir,pt,bater,altered
es,bautismo,pt,batismo,altered
es,bautizar,pt,batizar,altered
es,bautizo,pt,batismo,altered
es,bazar,pt,bazar,transparent
es,bañar,pt,banhar,altered
es,bañera,pt,banheira,altered
es,baño,pt,banho,altered
es,baúl,pt,baú,transparent
es,beato,pt,beato,transparent
es,beber,pt,beber,transparent
es,bebida,pt,bebido,transparent
es,bebito,pt,bebé,altered
es,bebé,pt,bebês,transparent
es,becerro,pt,bezerro,transparent
es,belga,pt,belga,transparent
es,belgrado,pt,belgrado,transparent
es,belleza,pt,beleza,transparent
es,bello,pt,belo,altered
es,bellísima,pt,belo,transparent
es,bellísimo,pt,belo,altered
es,belén,pt,belém,transparent
es,bendecir,pt,abençoar,altered
es,bendición,pt,bênção,altered
es,benedicto,pt,bento,altered
es,benefactor,pt,benfeitor,altered
es,beneficiado,pt,beneficiar,transparent
es,beneficiar,pt,beneficiar,transparent
es,beneficiario,pt,beneficiário,transparent
es,beneficio,pt,benefício,transparent
es,beneficioso,pt,benéfico,altered
es,bengala,pt,bengala,transparent
es,benigno,pt,benigno,transparent
es,benjamín,pt,benjamim,transparent
es,benéfico,pt,benéfico,transparent
es,berlín,pt,berlim,altered
es,bermejo,pt,vermelho,altered
es,besar,pt,beijar,altered
es,besito,pt,beijo,altered
es,beso,pt,beijo,altered
es,bestia,pt,besta,altered
es,biblia,pt,bíblia,transparent
es,bibliografía,pt,bibliografia,transparent
es,bibliográfico,pt,bibliográfico,transparent
es,biblioteca,pt,biblioteca,transparent
es,bibliotecario,pt,bibliotecário,transparent
es,bicho,pt,bicho,transparent
es,bicicleta,pt,bicicleta,transparent
es,bid,pt,bid,transparent
es,bien,pt,bem,altered
es,bienal,pt,bienal,transparent
es,bienestar,pt,bem-estar,altered
es,bigote,pt,bigode,altered
es,bike,pt,bike,transparent
es,bikini,pt,biquíni,altered
es,bilateral,pt,bilateral,transparent
es,bilingüe,pt,bilíngue,transparent
es,billar,pt,bilhar,altered
es,billete,pt,bilhete,altered
es,binario,pt,binário,transparent
es,bingo,pt,bingo,transparent
es,biodiversidad,pt,biodiversidade,altered
es,biografía,pt,biografia,transparent
es,biográfico,pt,biográfico,transparent
es,biología,pt,biologia,transparent
es,biológico,pt,biológico,transparent
es,bioquímica,pt,bioquímico,transparent
es,biotecnología,pt,biotecnologia,transparent
es,bipolar,pt,bipolar,transparent
es,birmania,pt,birmânia,altered
es,bis,pt,bis,transparent
es,bisabuelo,pt,bisavô,altered
es,bisexual,pt,bissexual,altered
es,bit,pt,bit,transparent
es,bitcoin,pt,bitcoin,transparent
es,bizantino,pt,bizantino,transparent
es,bizarro,pt,bizarro,transparent
es,bizcocho,pt,biscoito,altered
es,biólogo,pt,biólogo,transparent
es,blanco,pt,branco,altered
es,blando,pt,brando,altered
es,blasfemia,pt,blasfêmia,transparent
es,blindado,pt,blindar,transparent
es,blindaje,pt,blindagem,altered
es,blindar,pt,blindar,transparent
es,block,pt,bloco,altered
es,blog,pt,blog,transparent
es,bloque,pt,bloco,altered
es,bloqueado,pt,bloquear,transparent
es,bloqueador,pt,bloqueador,transparent
es,bloquear,pt,bloquear,transparent
es,bloqueo,pt,bloqueio,altered
es,blusa,pt,blusa,transparent
es,boato,pt,boato,transparent
es,bobo,pt,bobo,transparent
es,boca,pt,bocar,transparent
es,bocado,pt,bocar,transparent
es,bocina,pt,buzinar,altered
es,boda,pt,boda,transparent
es,boicot,pt,boicote,altered
es,boicotear,pt,boicotar,altered
es,bojar,pt,bojo,transparent
es,bol,pt,bol,transparent
es,bola,pt,bolar,transparent
es,bolar,pt,bolar,transparent
es,boleto,pt,boleto,transparent
es,boletín,pt,boletim,transparent
es,boliche,pt,bolar,altered
es,boliviano,pt,boliviano,transparent
es,bollo,pt,bolo,altered
es,bolo,pt,bolo,transparent
es,bolsa,pt,bolsar,transparent
es,bolsillo,pt,bolso,altered
es,bolsita,pt,bolsar,altered
es,bolso,pt,bolso,transparent
es,bomba,pt,bombar,transparent
es,bombardear,pt,bombardear,transparent
es,bombardeo,pt,bombardear,altered
es,bombardero,pt,bombardeiro,transparent
es,bombear,pt,bombar,transparent
es,bombero,pt,bombeiro,altered
es,bombón,pt,bombom,altered
es,bondad,pt,bondade,altered
es,bondadoso,pt,bondoso,altered
es,bonito,pt,bonito,transparent
es,bono,pt,bônus,altered
es,bonus,pt,bonus,transparent
es,boom,pt,boom,transparent
es,bora,pt,bora,transparent
es,borbón,pt,bourbon,transparent
es,borda,pt,bordar,transparent
es,bordado,pt,bordar,transparent
es,borde,pt,bordar,altered
es,bordo,pt,bordo,transparent
es,borra,pt,borrar,transparent
es,borracho,pt,borracho,transparent
es,borrado,pt,borrar,transparent
es,borrar,pt,borrar,transparent
es,bosnio,pt,bósnio,altered
es,bosque,pt,bosque,transparent
es,bota,pt,botar,transparent
es,botar,pt,botar,transparent
es,bote,pt,bote,transparent
es,botones,pt,botão,transparent
es,botox,pt,botox,transparent
es,botánica,pt,botânico,altered
es,botánico,pt,botânico,transparent
es,botón,pt,botão,altered
es,bovino,pt,bovino,transparent
es,box,pt,box,transparent
es,boxeador,pt,boxeador,transparent
es,boxeo,pt,boxe,altered
es,boxer,pt,boxeador,altered
es,braga,pt,braga,transparent
es,brasa,pt,brasa,transparent
es,brasil,pt,brasil,transparent
es,brasilero,pt,brasileiro,transparent
es,brasileño,pt,brasileiro,altered
es,brasilia,pt,brasília,transparent
es,bravo,pt,bravo,transparent
es,brazo,pt,braço,altered
es,brecha,pt,brecha,transparent
es,bretaña,pt,bretanha,altered
es,breve,pt,breve,transparent
es,brevemente,pt,brevemente,transparent
es,briefing,pt,briefing,transparent
es,brigada,pt,brigar,transparent
es,brigadier,pt,brigadeiro,altered
es,brillante,pt,brilhante,altered
es,brillar,pt,brilhar,altered
es,brillo,pt,brilho,altered
es,brincar,pt,brincar,transparent
es,brindar,pt,brindar,transparent
es,brisa,pt,brisar,transparent
es,británico,pt,britânico,altered
es,broadway,pt,broadway,transparent
es,broche,pt,broche,transparent
es,bronca,pt,bronco,transparent
es,bronce,pt,bronze,altered
es,bronceado,pt,bronzear,altered
es,bronco,pt,bronco,transparent
es,brotar,pt,brotar,transparent
es,brote,pt,broto,altered
es,brother,pt,brother,transparent
es,brujería,pt,bruxaria,altered
es,brujo,pt,bruxo,altered
es,bruno,pt,bruno,transparent
es,brusca,pt,brusco,transparent
es,brusco,pt,brusco,transparent
es,brutal,pt,brutal,transparent
es,brutalidad,pt,brutalidade,transparent
es,brutalmente,pt,brutalmente,transparent
es,bruto,pt,bruto,transparent
es,brújula,pt,bússola,altered
es,budismo,pt,budismo,transparent
es,budista,pt,budista,transparent
es,bueno,pt,bom,altered
es,buey,pt,boi,altered
es,buitre,pt,abutre,altered
es,bulla,pt,bular,altered
es,bullying,pt,bullying,transparent
es,buraco,pt,buraco,transparent
es,burdel,pt,bordel,altered
es,burgo,pt,burgo,transparent
es,burguesía,pt,burguesia,transparent
es,burgués,pt,burguês,transparent
es,burla,pt,burlar,transparent
es,burlar,pt,burlar,transparent
es,burocracia,pt,burocracia,transparent
es,burocrático,pt,burocrático,transparent
es,burrito,pt,burro,transparent
es,burro,pt,burro,transparent
es,burócrata,pt,burocrata,transparent
es,busca,pt,buscar,transparent
es,buscador,pt,buscador,transparent
es,busco,pt,buscar,transparent
es,busqueda,pt,buscar,transparent
es,busto,pt,busto,transparent
es,by,pt,by,transparent
es,bárbaro,pt,bárbaro,transparent
es,básicamente,pt,basicamente,transparent
es,básico,pt,básico,transparent
es,básquet,pt,basquete,transparent
es,béisbol,pt,beisebol,altered
es,bélico,pt,bélico,transparent
es,bíblico,pt,bíblico,transparent
es,búfalo,pt,búfalo,transparent
es,búlgaro,pt,búlgaro,transparent
es,búnker,pt,bunker,transparent
es,búsqueda,pt,buscar,altered
es,cabalgar,pt,cavalgar,altered
es,caballero,pt,cavaleiro,altered
es,caballería,pt,cavalaria,altered
es,caballito,pt,cavalo,altered
es,caballo,pt,cavalo,altered
es,cabaret,pt,cabaré,transparent
es,cabe,pt,caber,transparent
es,cabecera,pt,cabeceira,transparent
es,cabello,pt,cabelo,altered
es,cabelludo,pt,cabeludo,altered
es,caber,pt,caber,transparent
es,cabeza,pt,cabeça,altered
es,cabina,pt,cabina,transparent
es,cabo,pt,cabo,transparent
es,cabra,pt,cabra,transparent
es,cabrero,pt,cabreiro,altered
es,cacao,pt,cacau,transparent
es,cacería,pt,caçar,altered
es,cachorro,pt,cachorro,transparent
es,cacique,pt,cacique,transparent
es,cactus,pt,cacto,altered
es,cada,pt,cada,transparent
es,cadena,pt,cadeia,altered
es,cadete,pt,cadete,transparent
es,cadáver,pt,cadáver,transparent
es,caer,pt,cair,altered
es,cafe,pt,café,altered
es,cafetería,pt,cafeteria,transparent
es,cafeína,pt,cafeína,transparent
es,café,pt,café,transparent
es,cagar,pt,cagar,transparent
es,caja,pt,caixa,altered
es,cajita,pt,caixa,altered
es,cal,pt,cal,transparent
es,calado,pt,calar,transparent
es,calamidad,pt,calamidade,transparent
es,calar,pt,calar,transparent
es,calcio,pt,cálcio,transparent
es,calculadora,pt,calculador,transparent
es,calcular,pt,calcular,transparent
es,caldera,pt,caldeirar,altered
es,caldo,pt,caldo,transparent
es,calendario,pt,calendário,altered
es,calibre,pt,calibre,transparent
es,calidad,pt,qualidade,altered
es,calificación,pt,qualificação,altered
es,calificar,pt,qualificar,altered
es,callar,pt,calar,altered
es,callo,pt,calo,transparent
es,calma,pt,calmar,transparent
es,calmar,pt,calmar,transparent
es,calmo,pt,calmo,transparent
es,calor,pt,calor,transparent
es,caloría,pt,caloria,transparent
es,calumnia,pt,calúnia,altered
es,caluroso,pt,caloroso,transparent
es,calvario,pt,calvário,transparent
es,calza,pt,calçar,transparent
es,calzada,pt,calçar,altered
es,calzado,pt,calçar,transparent
es,calzar,pt,calçar,transparent
es,calzón,pt,calção,altered
es,cama,pt,cama,transparent
es,camada,pt,camada,transparent
es,camara,pt,câmara,altered
es,camarada,pt,camarada,transparent
es,camarón,pt,camarão,transparent
es,cambio,pt,câmbio,transparent
es,camello,pt,camelo,altered
es,caminante,pt,caminhante,altered
es,caminar,pt,caminhar,altered
es,caminata,pt,caminhar,transparent
es,camino,pt,caminho,altered
es,camisa,pt,camisa,transparent
es,camiseta,pt,camiseta,transparent
es,camión,pt,caminhão,transparent
es,campamento,pt,acampamento,altered
es,campana,pt,campana,transparent
es,campaña,pt,campanha,transparent
es,campeon,pt,campeão,transparent
es,campeonato,pt,campeonato,transparent
es,campesino,pt,camponês,altered
es,campeón,pt,campeão,altered
es,camping,pt,camping,transparent
es,campista,pt,campista,transparent
es,campo,pt,campo,transparent
es,campus,pt,campus,transparent
es,camuflaje,pt,camuflagem,altered
es,camuflar,pt,camuflar,transparent
es,can,pt,cão,altered
es,canada,pt,canada,transparent
es,canadiense,pt,canadense,transparent
es,canadá,pt,canadá,transparent
es,canal,pt,canal,transparent
es,canalizar,pt,canalizar,transparent
es,canalla,pt,canalha,transparent
es,canario,pt,canário,transparent
es,cancela,pt,cancelar,transparent
es,cancelar,pt,cancelar,transparent
es,cancer,pt,câncer,transparent
es,canciller,pt,chanceler,altered
es,cancion,pt,canção,altered
es,canción,pt,canção,altered
es,candado,pt,cadear,altered
es,candela,pt,candela,transparent
es,candidatar,pt,candidatar,transparent
es,candidato,pt,candidato,transparent
es,candidatura,pt,candidatura,transparent
es,caneca,pt,caneca,transparent
es,canela,pt,canelar,transparent
es,cangrejo,pt,caranguejo,altered
es,canguro,pt,canguru,transparent
es,canino,pt,canino,transparent
es,cannabis,pt,cannabis,transparent
es,cano,pt,cano,transparent
es,canoa,pt,canoa,transparent
es,cansancio,pt,cansaço,altered
es,cansar,pt,cansar,transparent
es,cantar,pt,cantar,transparent
es,cante,pt,canto,altered
es,cantidad,pt,quantidade,altered
es,cantina,pt,cantina,transparent
es,canto,pt,canto,transparent
es,cantor,pt,cantor,transparent
es,cantón,pt,cantão,altered
es,caos,pt,caos,transparent
es,capacidad,pt,capacidade,altered
es,capacitación,pt,capacitação,transparent
es,capacitar,pt,capacitar,transparent
es,capar,pt,capar,transparent
es,capaz,pt,capaz,transparent
es,capellán,pt,capelão,transparent
es,capilar,pt,capilar,transparent
es,capilla,pt,capela,altered
es,capital,pt,capital,transparent
es,capitalismo,pt,capitalismo,transparent
es,capitalista,pt,capitalista,transparent
es,capitan,pt,capitão,transparent
es,capitana,pt,capitão,altered
es,capitanía,pt,capitania,transparent
es,capitolio,pt,capitólio,transparent
es,capitular,pt,capitular,transparent
es,capitán,pt,capitão,transparent
es,capricho,pt,capricho,transparent
es,captación,pt,captação,transparent
es,captar,pt,captar,transparent
es,captura,pt,capturar,transparent
es,capturar,pt,capturar,transparent
es,capítulo,pt,capítulo,transparent
es,caracol,pt,caracol,transparent
es,caracter,pt,carácter,transparent
es,caracterización,pt,caracterização,transparent
es,caracterizar,pt,caracterizar,transparent
es,característica,pt,característica,transparent
es,característico,pt,característico,transparent
es,caramba,pt,caramba,transparent
es,caramelo,pt,caramelo,transparent
es,caravana,pt,caravana,transparent
es,carbohidrato,pt,carboidrato,transparent
es,carbon,pt,carvão,altered
es,carbono,pt,carbono,transparent
es,carbón,pt,carvão,altered
es,carcel,pt,cárcere,altered
es,cardenal,pt,cardeal,altered
es,cardiaco,pt,cardíaco,transparent
es,cardinal,pt,cardeal,altered
es,cardiología,pt,cárdio,transparent
es,cardiovascular,pt,cardiovascular,transparent
es,cardiólogo,pt,cardiologista,altered
es,cardo,pt,cardo,transparent
es,cardíaco,pt,cardíaco,transparent
es,carecer,pt,carecer,transparent
es,carencia,pt,carência,transparent
es,carente,pt,carente,transparent
es,careta,pt,careto,transparent
es,carga,pt,carga,transparent
es,cargador,pt,carregador,altered
es,cargamento,pt,carregamento,altered
es,cargar,pt,carregar,altered
es,cargo,pt,cargo,transparent
es,caribe,pt,caribe,transparent
es,caricatura,pt,caricaturar,transparent
es,caridad,pt,caridade,altered
es,carioca,pt,carioca,transparent
es,carisma,pt,carisma,transparent
es,carismático,pt,carismático,transparent
es,cariño,pt,caro,transparent
es,cariñoso,pt,carinhoso,altered
es,carnal,pt,carnal,transparent
es,carnaval,pt,carnaval,transparent
es,carne,pt,carne,transparent
es,carnero,pt,carneiro,altered
es,carnoso,pt,carnudo,altered
es,caro,pt,caro,transparent
es,caronte,pt,caronte,transparent
es,carpintero,pt,carpinteiro,transparent
es,carrasco,pt,carrasco,transparent
es,carrera,pt,carreira,altered
es,carreta,pt,carretar,transparent
es,carril,pt,carril,transparent
es,carrito,pt,carro,altered
es,carrocería,pt,carroceria,transparent
es,carruaje,pt,carruagem,altered
es,cartel,pt,cartaz,altered
es,cartera,pt,carteiro,altered
es,cartero,pt,carteiro,altered
es,cartilla,pt,cartilha,altered
es,cartografía,pt,cartografia,transparent
es,cartucho,pt,cartucho,transparent
es,carácter,pt,caráter,altered
es,casado,pt,casar,transparent
es,casal,pt,casal,transparent
es,casamiento,pt,casamento,altered
es,casar,pt,casar,transparent
es,cascada,pt,cascata,altered
es,casco,pt,casco,transparent
es,casero,pt,caseiro,altered
es,cash,pt,cash,transparent
es,casino,pt,casino,transparent
es,casita,pt,casinha,altered
es,caso,pt,caso,transparent
es,casta,pt,casto,transparent
es,castaña,pt,castanho,altered
es,castaño,pt,castanho,altered
es,castellano,pt,castelhano,altered
es,castigo,pt,castigo,transparent
es,castillo,pt,castelo,altered
es,casting,pt,casting,transparent
es,castor,pt,castor,transparent
es,casual,pt,casual,transparent
es,casualidad,pt,casualidade,transparent
es,casualmente,pt,casualmente,transparent
es,cata,pt,catar,transparent
es,catalizador,pt,catalisador,transparent
es,catalogar,pt,catalogar,transparent
es,catalán,pt,catalão,altered
es,catar,pt,catador,altered
es,catarata,pt,catarata,transparent
es,catastrófico,pt,catastrófico,transparent
es,catedral,pt,catedral,transparent
es,catedrático,pt,catedrático,transparent
es,categoria,pt,categoria,transparent
es,categoría,pt,categoria,transparent
es,catolicismo,pt,catolicismo,transparent
es,catorce,pt,catorze,altered
es,catálogo,pt,catálogo,transparent
es,catástrofe,pt,catástrofe,transparent
es,católico,pt,católico,transparent
es,cauda,pt,cauda,transparent
es,causa,pt,causar,transparent
es,causar,pt,causar,transparent
es,cautela,pt,cautelar,transparent
es,cautelar,pt,cautelar,transparent
es,cauteloso,pt,cauteloso,transparent
es,cautivar,pt,cativar,altered
es,cautiverio,pt,cativeiro,altered
es,cautivo,pt,cativo,altered
es,cava,pt,cavar,transparent
es,cavar,pt,cavar,transparent
es,caverna,pt,caverna,transparent
es,cavidad,pt,cavidade,altered
es,caza,pt,caçar,transparent
es,cazador,pt,caçador,altered
es,cazar,pt,caçar,altered
es,caído,pt,cair,transparent
es,caño,pt,cano,transparent
es,cañón,pt,canhão,altered
es,caótico,pt,caótico,transparent
es,cebolla,pt,cebola,altered
es,cecilia,pt,cecília,altered
es,ceder,pt,ceder,transparent
es,cedro,pt,cedro,transparent
es,cegar,pt,cegar,transparent
es,ceguera,pt,cegueira,altered
es,celda,pt,cela,altered
es,celebración,pt,celebração,altered
es,celebrar,pt,celebrar,transparent
es,celebridad,pt,celebridade,transparent
es,celeste,pt,celeste,transparent
es,celestial,pt,celestial,transparent
es,celta,pt,celta,transparent
es,celular,pt,celular,transparent
es,cementerio,pt,cemitério,altered
es,cemento,pt,cimento,altered
es,cena,pt,ceia,altered
es,ceniza,pt,cinzar,altered
es,censo,pt,censo,transparent
es,censor,pt,censor,transparent
es,censura,pt,censurar,transparent
es,censurar,pt,censurar,transparent
es,centavo,pt,centavo,transparent
es,centena,pt,centena,transparent
es,centenario,pt,centenário,transparent
es,centinela,pt,sentinela,altered
es,centrado,pt,centrar,transparent
es,central,pt,central,transparent
es,centralizar,pt,centralizar,transparent
es,centrar,pt,centrar,transparent
es,centro,pt,centro,transparent
es,centímetro,pt,centímetro,transparent
es,cera,pt,cerar,transparent
es,cerca,pt,cercar,transparent
es,cercado,pt,cercar,transparent
es,cercar,pt,cercar,transparent
es,cerco,pt,cerco,transparent
es,cerda,pt,cerda,transparent
es,cereal,pt,cereal,transparent
es,cerebral,pt,cerebral,transparent
es,cerebro,pt,cérebro,transparent
es,ceremonia,pt,cerimônia,altered
es,cereza,pt,cereja,altered
es,cerezo,pt,cerejeira,altered
es,cero,pt,zero,transparent
es,cerrada,pt,cerrar,transparent
es,cerrar,pt,cerrar,transparent
es,cerro,pt,cerro,transparent
es,certamen,pt,certame,altered
es,certero,pt,certeiro,transparent
es,certeza,pt,certeza,transparent
es,certificación,pt,certificação,transparent
es,certificado,pt,certificar,transparent
es,certificar,pt,certificar,transparent
es,cervecería,pt,cervejaria,altered
es,cervical,pt,cervical,transparent
es,cerámica,pt,cerâmico,transparent
es,cesar,pt,cessar,altered
es,cesión,pt,cessão,altered
es,cesta,pt,cesta,transparent
es,cesto,pt,cesto,transparent
es,cesárea,pt,cesariano,altered
es,chalet,pt,chalé,transparent
es,chamán,pt,xamã,altered
es,chance,pt,chance,transparent
es,chances,pt,chance,transparent
es,chantaje,pt,chantagem,altered
es,chapa,pt,chapar,transparent
es,charca,pt,charco,altered
es,charla,pt,charlar,transparent
es,charlar,pt,charlar,transparent
es,chasis,pt,chassi,transparent
es,chat,pt,chat,transparent
es,chatear,pt,chatear,transparent
es,chato,pt,chato,transparent
es,chau,pt,tchau,altered
es,checar,pt,checar,transparent
es,chef,pt,chef,transparent
es,cheque,pt,cheque,transparent
es,chic,pt,chique,altered
es,chicago,pt,chicago,transparent
es,chicle,pt,chiclete,altered
es,chicote,pt,chicote,transparent
es,chile,pt,chile,transparent
es,chileno,pt,chileno,transparent
es,chimenea,pt,chaminé,altered
es,chino,pt,chinês,altered
es,chip,pt,chip,transparent
es,chipre,pt,chipre,transparent
es,chocante,pt,chocante,transparent
es,chocolate,pt,chocolate,transparent
es,choque,pt,choque,transparent
es,chrome,pt,cromo,altered
es,chupa,pt,chupar,transparent
es,chupar,pt,chupar,transparent
es,churrasco,pt,churrasco,transparent
es,churro,pt,churro,transparent
es,chutar,pt,chutar,transparent
es,ciao,pt,ciao,transparent
es,cicatriz,pt,cicatriz,transparent
es,cicatrización,pt,cicatrização,transparent
es,cicatrizar,pt,cicatrizar,transparent
es,ciclismo,pt,ciclismo,transparent
es,ciclista,pt,ciclista,transparent
es,ciclo,pt,ciclo,transparent
es,ciclón,pt,ciclone,transparent
es,ciego,pt,cego,altered
es,cielo,pt,céu,altered
es,ciencia,pt,ciência,altered
es,ciento,pt,cento,altered
es,científicamente,pt,cientificamente,transparent
es,científico,pt,científico,transparent
es,ciertamente,pt,certamente,altered
es,cierto,pt,certo,altered
es,ciervo,pt,cervo,altered
es,cifra,pt,cifrar,transparent
es,cifrado,pt,cifrar,transparent
es,cifrar,pt,cifrar,transparent
es,cigarro,pt,cigarro,transparent
es,cilindro,pt,cilindro,transparent
es,cima,pt,cima,transparent
es,cincuenta,pt,cinquenta,altered
es,cine,pt,cinema,altered
es,cineasta,pt,cineasta,transparent
es,cinema,pt,cinema,transparent
es,cinematográfico,pt,cinematográfico,transparent
es,cinismo,pt,cinismo,transparent
es,cinto,pt,cinto,transparent
es,cintura,pt,cintura,transparent
es,cinturón,pt,cinturão,transparent
es,circo,pt,circo,transparent
es,circuito,pt,circuito,transparent
es,circulación,pt,circulação,altered
es,circular,pt,circular,transparent
es,circundante,pt,circundante,transparent
es,circunferencia,pt,circunferência,transparent
es,circunstancia,pt,circunstância,transparent
es,ciro,pt,ciro,transparent
es,cirugía,pt,cirurgia,altered
es,cirujano,pt,cirurgião,altered
es,cirílico,pt,cirílico,transparent
es,cisne,pt,cisne,transparent
es,cisterna,pt,cisterna,transparent
es,citación,pt,citação,transparent
es,citar,pt,citar,transparent
es,ciudad,pt,cidade,altered
es,ciudadano,pt,cidadão,altered
es,ciudadanía,pt,cidadania,altered
es,ciudadela,pt,cidadela,altered
es,civil,pt,civil,transparent
es,civilización,pt,civilização,transparent
es,civilizar,pt,civilizar,transparent
es,clamar,pt,clamar,transparent
es,clamor,pt,clamor,transparent
es,clan,pt,clã,altered
es,clandestinidad,pt,clandestinidade,transparent
es,clandestino,pt,clandestino,transparent
es,clara,pt,claro,transparent
es,claramente,pt,claramente,transparent
es,claridad,pt,claridade,transparent
es,claro,pt,claro,transparent
es,clase,pt,classe,transparent
es,clasificación,pt,classificação,transparent
es,clasificar,pt,classificar,transparent
es,clavar,pt,cravar,altered
es,clave,pt,chave,altered
es,clavo,pt,cravo,altered
es,clemencia,pt,clemência,transparent
es,clero,pt,clero,transparent
es,cleveland,pt,cleveland,transparent
es,clicar,pt,clique,transparent
es,cliché,pt,clichê,transparent
es,click,pt,clique,transparent
es,cliente,pt,cliente,transparent
es,clientela,pt,clientela,transparent
es,clima,pt,clima,transparent
es,climático,pt,climático,transparent
es,clip,pt,clipe,transparent
es,cliquear,pt,clicar,altered
es,clon,pt,clone,altered
es,clonar,pt,clonar,transparent
es,cloro,pt,cloro,transparent
es,cloruro,pt,cloreto,altered
es,closet,pt,closet,transparent
es,club,pt,clube,altered
es,clásico,pt,clássico,altered
es,cláusula,pt,cláusula,transparent
es,clérigo,pt,clérigo,transparent
es,clínica,pt,clínico,transparent
es,clínico,pt,clínico,transparent
es,clóset,pt,closet,transparent
es,coalición,pt,coalizão,transparent
es,cobarde,pt,covarde,altered
es,cobardía,pt,covardia,altered
es,cobertor,pt,cobertor,transparent
es,cobertura,pt,cobertura,transparent
es,cobija,pt,cobrir,altered
es,cobra,pt,cobrar,transparent
es,cobrar,pt,cobrar,transparent
es,cobro,pt,cobro,transparent
es,coca,pt,cocar,transparent
es,cocaína,pt,cocaína,transparent
es,cocer,pt,cozer,altered
es,cocido,pt,cozido,altered
es,cocina,pt,cozinhar,altered
es,cocinar,pt,cozinhar,altered
es,cocinero,pt,cozinheiro,altered
es,coco,pt,coco,transparent
es,cocodrilo,pt,crocodilo,altered
es,codicia,pt,cobiçar,altered
es,codificación,pt,codificação,transparent
es,codificar,pt,codificar,transparent
es,codigo,pt,código,transparent
es,codo,pt,cotovelo,altered
es,coeficiente,pt,coeficiente,transparent
es,coexistir,pt,coexistir,transparent
es,cofradía,pt,confraria,altered
es,cofre,pt,cofre,transparent
es,cognitivo,pt,cognitivo,transparent
es,coherencia,pt,coerência,altered
es,coherente,pt,coerente,altered
es,cohesión,pt,coesão,altered
es,cohete,pt,foguete,altered
es,coincidencia,pt,coincidência,transparent
es,coincidir,pt,coincidir,transparent
es,cojo,pt,coxo,transparent
es,cola,pt,colar,transparent
es,colaboración,pt,colaboração,transparent
es,colaborador,pt,colaborador,transparent
es,colaborar,pt,colaborar,transparent
es,colada,pt,colar,transparent
es,colapso,pt,colapso,transparent
es,colateral,pt,colateral,transparent
es,colchón,pt,colchão,altered
es,coleccionar,pt,colecionar,transparent
es,colección,pt,coleção,transparent
es,colecta,pt,coletar,altered
es,colectivamente,pt,coletivamente,transparent
es,colectividad,pt,coletividade,transparent
es,colectivo,pt,coletivo,altered
es,colector,pt,coletor,altered
es,colega,pt,colega,transparent
es,colegiado,pt,colegiado,transparent
es,colegial,pt,colegial,transparent
es,colegio,pt,colégio,transparent
es,colesterol,pt,colesterol,transparent
es,coleta,pt,coletar,transparent
es,colina,pt,colina,transparent
es,coliseo,pt,coliseu,altered
es,colisión,pt,colisão,transparent
es,collado,pt,colar,altered
es,collage,pt,colagem,altered
es,collar,pt,colar,altered
es,colmena,pt,colmeia,altered
es,colocación,pt,colocação,transparent
es,colocar,pt,colocar,transparent
es,colonia,pt,colónia,transparent
es,colonial,pt,colonial,transparent
es,colonialismo,pt,colonialismo,transparent
es,colonización,pt,colonização,transparent
es,colonizador,pt,colonizador,transparent
es,colonizar,pt,colonizar,transparent
es,colono,pt,colono,transparent
es,coloquial,pt,coloquial,transparent
es,color,pt,cor,altered
es,coloración,pt,coloração,transparent
es,colorar,pt,colorar,transparent
es,colorear,pt,colorir,altered
es,colorido,pt,colorido,transparent
es,colorir,pt,colorir,transparent
es,colosal,pt,colossal,transparent
es,columna,pt,coluna,transparent
es,columnista,pt,colunista,altered
es,colágeno,pt,colágeno,transparent
es,comandante,pt,comandante,transparent
es,comandar,pt,comandar,transparent
es,comando,pt,comando,transparent
es,combate,pt,combater,transparent
es,combatiente,pt,combatente,altered
es,combatir,pt,combater,altered
es,combinación,pt,combinação,transparent
es,combinado,pt,combinar,transparent
es,combinar,pt,combinar,transparent
es,combo,pt,combo,transparent
es,combustible,pt,combustível,altered
es,combustión,pt,combustão,transparent
es,comedia,pt,comédia,transparent
es,comediante,pt,comediante,transparent
es,comedor,pt,comedor,transparent
es,comensal,pt,comensal,transparent
es,comentar,pt,comentar,transparent
es,comentario,pt,comentário,transparent
es,comentarista,pt,comentarista,transparent
es,comento,pt,comento,transparent
es,comenzar,pt,começar,transparent
es,comer,pt,comer,transparent
es,comercial,pt,comercial,transparent
es,comercialización,pt,comercialização,transparent
es,comercializar,pt,comercializar,transparent
es,comerciante,pt,comerciante,transparent
es,comerciar,pt,comerciar,transparent
es,comercio,pt,comércio,altered
es,comestible,pt,comestível,transparent
es,comestibles,pt,comestível,transparent
es,cometer,pt,cometer,transparent
es,cometido,pt,cometido,transparent
es,comic,pt,comic,transparent
es,comicio,pt,comício,transparent
es,comida,pt,comido,transparent
es,comisario,pt,comissário,transparent
es,comision,pt,comissão,transparent
es,comisionado,pt,comissionar,altered
es,comisionar,pt,comissionar,altered
es,comisión,pt,comissão,transparent
es,comitiva,pt,comitiva,transparent
es,comité,pt,comitê,transparent
es,como,pt,como,transparent
es,compactar,pt,compactar,transparent
es,compacto,pt,compacto,transparent
es,compadre,pt,compadre,transparent
es,comparable,pt,comparável,transparent
es,comparación,pt,comparação,altered
es,comparar,pt,comparar,transparent
es,comparativa,pt,comparativo,transparent
es,comparativo,pt,comparativo,transparent
es,comparecer,pt,comparecer,transparent
es,comparsa,pt,comparsa,transparent
es,comparte,pt,compartilhar,altered
es,compartimento,pt,compartimento,transparent
es,compartimiento,pt,compartimento,transparent
es,compartir,pt,compartilhar,altered
es,compasión,pt,compaixão,altered
es,compatibilidad,pt,compatibilidade,transparent
es,compatible,pt,compatível,transparent
es,compatriota,pt,compatriota,transparent
es,compañero,pt,companheiro,altered
es,compañia,pt,companhia,altered
es,compañía,pt,companhia,transparent
es,compensación,pt,compensação,altered
es,compensar,pt,compensar,transparent
es,competencia,pt,competência,altered
es,competente,pt,competente,transparent
es,competer,pt,competir,altered
es,competición,pt,competição,transparent
es,competidor,pt,competidor,transparent
es,competir,pt,competir,transparent
es,competitividad,pt,competitividade,altered
es,competitivo,pt,competitivo,transparent
es,compilación,pt,compilação,altered
es,compilar,pt,compilar,transparent
es,complejidad,pt,complexidade,altered
es,complejo,pt,complexo,transparent
es,complementar,pt,complementar,transparent
es,complementario,pt,complementar,transparent
es,complemento,pt,complemento,transparent
es,completamente,pt,completamente,transparent
es,completar,pt,completar,transparent
es,completo,pt,completo,transparent
es,complicación,pt,complicação,transparent
es,complicar,pt,complicar,transparent
es,complicidad,pt,cumplicidade,altered
es,componente,pt,componente,transparent
es,componer,pt,compor,altered
es,comporta,pt,comportar,transparent
es,comportamiento,pt,comportamento,transparent
es,comportar,pt,comportar,transparent
es,composición,pt,composição,transparent
es,compositor,pt,compositor,transparent
es,compra,pt,comprar,transparent
es,comprador,pt,comprador,transparent
es,comprar,pt,comprar,transparent
es,comprender,pt,compreender,altered
es,comprensible,pt,compreensível,transparent
es,comprensivo,pt,compreensivo,altered
es,comprensión,pt,compreensão,altered
es,compresión,pt,compressão,altered
es,comprimido,pt,comprimir,transparent
es,comprimir,pt,comprimir,transparent
es,comprobación,pt,comprovação,transparent
es,comprobante,pt,comprovante,transparent
es,comprobar,pt,comprovar,transparent
es,comprometer,pt,comprometer,transparent
es,compromiso,pt,compromisso,transparent
es,comprueba,pt,comprovar,altered
es,compuesto,pt,composto,altered
es,compulsivo,pt,compulsivo,transparent
es,computación,pt,computação,transparent
es,computador,pt,computador,transparent
es,computar,pt,computar,transparent
es,compás,pt,compasso,altered
es,comun,pt,comum,transparent
es,comuna,pt,comuna,transparent
es,comunicacion,pt,comunicação,transparent
es,comunicación,pt,comunicação,transparent
es,comunicado,pt,comunicar,transparent
es,comunicador,pt,comunicador,transparent
es,comunicar,pt,comunicar,transparent
es,comunicativo,pt,comunicativo,transparent
es,comunidad,pt,comunidade,altered
es,comunismo,pt,comunismo,transparent
es,comunista,pt,comunista,transparent
es,comunitario,pt,comunitário,transparent
es,comunión,pt,comunhão,altered
es,común,pt,comum,transparent
es,comúnmente,pt,comumente,transparent
es,con,pt,com,altered
es,concebir,pt,conceber,transparent
es,conceder,pt,conceder,transparent
es,concentración,pt,concentração,altered
es,concentrado,pt,concentrar,transparent
es,concentrar,pt,concentrar,transparent
es,concepción,pt,concepção,transparent
es,concepto,pt,conceito,altered
es,conceptual,pt,conceptual,transparent
es,concernir,pt,concernir,transparent
es,concesionar,pt,conceder,altered
es,concesionario,pt,concessionário,transparent
es,concesión,pt,concessão,altered
es,concha,pt,concha,transparent
es,conciencia,pt,consciência,transparent
es,concienciar,pt,conscientizar,altered
es,concierto,pt,concerto,altered
es,conciliar,pt,conciliar,transparent
es,concilio,pt,concílio,transparent
es,concluir,pt,concluir,transparent
es,conclusión,pt,conclusão,transparent
es,concordancia,pt,concordância,transparent
es,concordar,pt,concordar,transparent
es,concretamente,pt,concretamente,transparent
es,concretar,pt,concretar,transparent
es,concretizar,pt,concretizar,transparent
es,concreto,pt,concreto,transparent
es,concurrencia,pt,concorrência,transparent
es,concurrente,pt,concorrente,transparent
es,concurrir,pt,concorrer,altered
es,concurso,pt,concurso,transparent
es,condado,pt,condado,transparent
es,condecoración,pt,condecoração,transparent
es,condena,pt,condenação,altered
es,condenado,pt,condenar,transparent
es,condenar,pt,condenar,transparent
es,condensar,pt,condensar,transparent
es,condesa,pt,condessar,altered
es,condicionado,pt,condicionar,transparent
es,condicional,pt,condicional,transparent
es,condicionar,pt,condicionar,transparent
es,condición,pt,condição,transparent
es,condolencia,pt,condolência,transparent
es,condominio,pt,condomínio,transparent
es,conducción,pt,condução,altered
es,conducir,pt,conduzir,altered
es,conducta,pt,conduta,altered
es,conductor,pt,condutor,altered
es,conectar,pt,conectar,transparent
es,conectividad,pt,conectividade,transparent
es,conector,pt,conector,transparent
es,conejo,pt,coelho,altered
es,conexión,pt,conexão,transparent
es,confeccionar,pt,confeccionar,transparent
es,confección,pt,confecção,transparent
es,confederación,pt,confederação,transparent
es,conferencia,pt,conferência,transparent
es,conferir,pt,conferir,transparent
es,confesar,pt,confessar,transparent
es,confesión,pt,confissão,altered
es,confeso,pt,confesso,altered
es,confiable,pt,confiável,transparent
es,confianza,pt,confiança,altered
es,confiar,pt,confiar,transparent
es,confidencial,pt,confidencial,transparent
es,confidencialidad,pt,confidencialidade,transparent
es,confidente,pt,confidente,transparent
es,configuración,pt,configuração,transparent
es,configurar,pt,configurar,transparent
es,confinado,pt,confinar,transparent
es,confinamiento,pt,confinamento,transparent
es,confinar,pt,confinar,transparent
es,confirmación,pt,confirmação,altered
es,confirmar,pt,confirmar,transparent
es,confiscar,pt,confiscar,transparent
es,conflicto,pt,conflito,altered
es,confluencia,pt,confluência,transparent
es,conformado,pt,conformar,transparent
es,conformar,pt,conformar,transparent
es,conforme,pt,conforme,transparent
es,conformidad,pt,conformidade,transparent
es,confort,pt,conforto,altered
es,confortable,pt,confortável,transparent
es,confrontar,pt,confronto,transparent
es,confundir,pt,confundir,transparent
es,confusión,pt,confusão,transparent
es,confuso,pt,confuso,transparent
es,congelador,pt,congelador,transparent
es,congelar,pt,congelar,transparent
es,conglomerado,pt,conglomerar,transparent
es,congregación,pt,congregação,transparent
es,congregar,pt,congregar,transparent
es,congresista,pt,congressista,transparent
es,congreso,pt,congresso,transparent
es,conjugar,pt,conjugar,transparent
es,conjunción,pt,conjunção,transparent
es,conjuntamente,pt,conjuntamente,transparent
es,conjuntar,pt,conjuntar,transparent
es,conjunto,pt,conjunto,transparent
es,conmemoración,pt,comemoração,altered
es,conmemorar,pt,comemorar,transparent
es,conmemorativo,pt,comemorativo,altered
es,conmigo,pt,comigo,altered
es,conmocionar,pt,comoção,altered
es,conmoción,pt,comoção,altered
es,conmover,pt,comover,transparent
es,connotación,pt,conotação,altered
es,cono,pt,cone,altered
es,conocedor,pt,conhecedor,altered
es,conocer,pt,conhecer,altered
es,conocido,pt,conhecido,altered
es,conocimiento,pt,conhecimento,altered
es,conquista,pt,conquistar,transparent
es,conquistador,pt,conquistador,transparent
es,conquistar,pt,conquistar,transparent
es,consagración,pt,consagração,transparent
es,consagrar,pt,consagrar,transparent
es,consciencia,pt,consciência,transparent
es,consciente,pt,consciente,transparent
es,conscientemente,pt,conscientemente,transparent
es,consecuencia,pt,consequência,altered
es,consecuente,pt,consequente,altered
es,consecuentemente,pt,consequentemente,altered
es,consecutiva,pt,consecutivo,transparent
es,consecutivo,pt,consecutivo,transparent
es,conseguir,pt,conseguir,transparent
es,consejero,pt,conselheiro,altered
es,consejo,pt,conselho,altered
es,consenso,pt,consenso,transparent
es,consentido,pt,consentir,transparent
es,consentimiento,pt,consentimento,transparent
es,consentir,pt,consentir,transparent
es,conserva,pt,conservar,transparent
es,conservación,pt,conservação,transparent
es,conservador,pt,conservador,transparent
es,conservar,pt,conservar,transparent
es,conservatorio,pt,conservatório,transparent
es,considerable,pt,considerável,transparent
es,considerablemente,pt,consideravelmente,altered
es,consideración,pt,consideração,transparent
es,considerando,pt,considerar,transparent
es,considerar,pt,considerar,transparent
es,consigo,pt,comigo,altered
es,consiguiente,pt,consequente,transparent
es,consistencia,pt,consistência,transparent
es,consistente,pt,consistente,transparent
es,consistir,pt,consistir,transparent
es,consola,pt,consolar,transparent
es,consolar,pt,consolar,transparent
es,consolidación,pt,consolidação,transparent
es,consolidar,pt,consolidar,transparent
es,consonante,pt,consoante,transparent
es,consorcio,pt,consórcio,altered
es,conspiración,pt,conspiração,transparent
es,conspirador,pt,conspirador,transparent
es,conspirar,pt,conspirar,transparent
es,constancia,pt,constância,altered
es,constante,pt,constante,transparent
es,constantemente,pt,constantemente,transparent
es,constar,pt,constar,transparent
es,constatar,pt,constatar,transparent
es,constelación,pt,constelação,transparent
es,constitucion,pt,constituição,transparent
es,constitucional,pt,constitucional,transparent
es,constitucionalista,pt,constitucionalista,transparent
es,constitución,pt,constituição,transparent
es,constituir,pt,constituir,transparent
es,constituyente,pt,constituinte,altered
es,construccion,pt,construção,transparent
es,construcción,pt,construção,altered
es,constructivo,pt,construtivo,altered
es,constructor,pt,construtor,altered
es,construir,pt,construir,transparent
es,consuelo,pt,consolo,altered
es,consulado,pt,consulado,transparent
es,consular,pt,consular,transparent
es,consulta,pt,consultar,transparent
es,consultar,pt,consultar,transparent
es,consultivo,pt,consultivo,transparent
es,consultor,pt,consultor,transparent
es,consultorio,pt,consultório,transparent
es,consultoría,pt,consultoria,transparent
es,consumar,pt,consumar,transparent
es,consumidor,pt,consumidor,transparent
es,consumir,pt,consumir,transparent
es,consumo,pt,consumo,transparent
es,contabilidad,pt,contabilidade,transparent
es,contabilizar,pt,contabilizar,transparent
es,contactar,pt,contactar,transparent
es,contacto,pt,contato,transparent
es,contado,pt,contar,transparent
es,contador,pt,contador,transparent
es,contagiar,pt,contagiar,transparent
es,contagio,pt,contágio,transparent
es,contagioso,pt,contagioso,transparent
es,contaminación,pt,contaminação,transparent
es,contaminar,pt,contaminar,transparent
es,contar,pt,contar,transparent
es,contemplación,pt,contemplação,transparent
es,contemplar,pt,contemplar,transparent
es,contemporáneo,pt,contemporâneo,transparent
es,contención,pt,contenção,transparent
es,contener,pt,conter,transparent
es,contenido,pt,conteúdo,transparent
es,contentar,pt,contentar,transparent
es,contento,pt,contente,transparent
es,conteo,pt,contagem,altered
es,contestación,pt,contestação,transparent
es,contestar,pt,contestar,transparent
es,contexto,pt,contexto,transparent
es,contextualizar,pt,contextualizar,transparent
es,contienda,pt,contender,altered
es,contigo,pt,comigo,transparent
es,continental,pt,continental,transparent
es,continente,pt,continente,transparent
es,contingencia,pt,contingência,transparent
es,contingente,pt,contingente,transparent
es,continuación,pt,continuação,transparent
es,continuamente,pt,continuamente,transparent
es,continuar,pt,continuar,transparent
es,continuidad,pt,continuidade,transparent
es,continuo,pt,contínuo,transparent
es,contorno,pt,contorno,transparent
es,contra,pt,contra,transparent
es,contrabando,pt,contrabando,transparent
es,contracción,pt,contração,transparent
es,contractual,pt,contratual,altered
es,contradecir,pt,contradizer,altered
es,contradicción,pt,contradição,altered
es,contradictorio,pt,contraditório,transparent
es,contraer,pt,contrair,altered
es,contrapartida,pt,contrapartida,transparent
es,contraponer,pt,contrapor,altered
es,contrariar,pt,contrariar,transparent
es,contrario,pt,contrário,transparent
es,contrastar,pt,contrastar,transparent
es,contraste,pt,contraste,transparent
es,contrata,pt,contratar,transparent
es,contratación,pt,contratação,transparent
es,contratar,pt,contratar,transparent
es,contratiempo,pt,contratempo,transparent
es,contrato,pt,contrato,transparent
es,contribución,pt,contribuição,transparent
es,contribuir,pt,contribuir,transparent
es,contribuyente,pt,contribuinte,altered
es,control,pt,controlo,transparent
es,controlador,pt,controlador,transparent
es,controlar,pt,controlar,transparent
es,controversia,pt,controvérsia,transparent
es,controversial,pt,controverso,altered
es,contundente,pt,contundente,transparent
es,convencer,pt,convencer,transparent
es,convencional,pt,convencional,transparent
es,convención,pt,convenção,transparent
es,conveniencia,pt,conveniência,transparent
es,conveniente,pt,conveniente,transparent
es,convenientemente,pt,convenientemente,transparent
es,convenio,pt,convênio,transparent
es,convenir,pt,convir,altered
es,convento,pt,convento,transparent
es,convergencia,pt,convergência,transparent
es,converger,pt,convergir,altered
es,conversacion,pt,conversação,transparent
es,conversación,pt,conversação,transparent
es,conversar,pt,conversar,transparent
es,conversión,pt,conversão,altered
es,converso,pt,converso,transparent
es,convertir,pt,converter,altered
es,convicción,pt,convicção,transparent
es,convidado,pt,convidar,transparent
es,convidar,pt,convidar,transparent
es,convincente,pt,convincente,transparent
es,convite,pt,convite,transparent
es,convivencia,pt,convivência,transparent
es,convivir,pt,conviver,altered
es,convocar,pt,convocar,transparent
es,conyugal,pt,conjugal,altered
es,cooperación,pt,cooperação,transparent
es,cooperar,pt,cooperar,transparent
es,cooperativa,pt,cooperativo,transparent
es,cooperativo,pt,cooperativo,transparent
es,coordenada,pt,coordenar,transparent
es,coordinación,pt,coordenação,altered
es,coordinador,pt,coordenador,transparent
es,coordinar,pt,coordenar,altered
es,copa,pt,copar,transparent
es,copar,pt,copar,transparent
es,copia,pt,cópia,transparent
es,copiar,pt,copiar,transparent
es,copiloto,pt,copiloto,transparent
es,copo,pt,copo,transparent
es,coraje,pt,coragem,altered
es,coral,pt,coral,transparent
es,corazon,pt,coração,altered
es,corazón,pt,coração,altered
es,cordero,pt,cordeiro,altered
es,cordial,pt,cordial,transparent
es,cordillera,pt,cordilheira,altered
es,cordón,pt,cordão,altered
es,corea,pt,coreia,transparent
es,coreano,pt,coreano,transparent
es,coreografía,pt,coreografia,transparent
es,corneta,pt,corneta,transparent
es,coro,pt,coro,transparent
es,corona,pt,coroar,altered
es,coronación,pt,coroação,altered
es,coronar,pt,coroar,altered
es,coronel,pt,coronel,transparent
es,corporación,pt,corporação,transparent
es,corporal,pt,corporal,transparent
es,corporativo,pt,corporativo,transparent
es,corpus,pt,corpus,transparent
es,corral,pt,curral,altered
es,correa,pt,correia,altered
es,corrección,pt,correção,altered
es,correctamente,pt,corretamente,transparent
es,corredor,pt,corredor,transparent
es,corregir,pt,corrigir,altered
es,correlación,pt,correlação,transparent
es,correo,pt,correio,altered
es,correr,pt,correr,transparent
es,correspondencia,pt,correspondência,transparent
es,corresponder,pt,corresponder,transparent
es,correspondiente,pt,correspondente,altered
es,corretaje,pt,corretar,altered
es,corrida,pt,corrido,transparent
es,corrido,pt,corrido,transparent
es,corriente,pt,corrente,transparent
es,corroborar,pt,corroborar,transparent
es,corromper,pt,corromper,transparent
es,corrupcion,pt,corrupção,transparent
es,corrupción,pt,corrupção,transparent
es,corrupto,pt,corrupto,transparent
es,corso,pt,corso,transparent
es,corta,pt,curto,altered
es,cortado,pt,cortar,transparent
es,cortar,pt,cortar,transparent
es,corte,pt,corte,transparent
es,cortejo,pt,cortejo,transparent
es,cortes,pt,corte,transparent
es,cortesía,pt,cortesia,transparent
es,cortina,pt,cortinar,transparent
es,corto,pt,curto,altered
es,cortés,pt,cortês,transparent
es,cosa,pt,coisar,transparent
es,cosecha,pt,colheita,altered
es,cosechar,pt,colher,altered
es,cosmopolita,pt,cosmopolita,transparent
es,cosmos,pt,cosmos,transparent
es,cosmético,pt,cosmético,transparent
es,cost,pt,custo,altered
es,costa,pt,costa,transparent
es,coste,pt,custo,altered
es,costero,pt,costeiro,transparent
es,costilla,pt,costela,altered
es,costo,pt,custo,altered
es,costoso,pt,custoso,altered
es,costumbre,pt,costume,altered
es,costura,pt,costurar,transparent
es,cota,pt,cotar,transparent
es,cotidiano,pt,cotidiano,transparent
es,cotización,pt,cotação,altered
es,cotizar,pt,cotar,altered
es,country,pt,country,transparent
es,coyuntura,pt,conjuntura,altered
es,crack,pt,crack,transparent
es,creación,pt,criação,altered
es,creador,pt,criador,altered
es,creatividad,pt,criatividade,altered
es,creativo,pt,criativo,altered
es,crecer,pt,crescer,transparent
es,crecida,pt,crescido,altered
es,creciente,pt,crescente,altered
es,crecimiento,pt,crescimento,transparent
es,credencial,pt,credencial,transparent
es,credibilidad,pt,credibilidade,transparent
es,credito,pt,crédito,transparent
es,credo,pt,credo,transparent
es,creencia,pt,crença,altered
es,creer,pt,crer,altered
es,crema,pt,creme,altered
es,cremoso,pt,cremoso,transparent
es,crepúsculo,pt,crepúsculo,transparent
es,crespo,pt,crespo,transparent
es,cresta,pt,crista,altered
es,creyente,pt,crente,altered
es,criado,pt,criar,transparent
es,criador,pt,criador,transparent
es,criar,pt,criar,transparent
es,criatura,pt,criatura,transparent
es,crimen,pt,crime,transparent
es,criminal,pt,criminoso,altered
es,criminalidad,pt,criminalidade,transparent
es,criminalizar,pt,criminalizar,transparent
es,criollo,pt,crioulo,altered
es,crisis,pt,crise,altered
es,cristal,pt,cristal,transparent
es,cristalino,pt,cristalino,transparent
es,cristianismo,pt,cristianismo,transparent
es,cristiano,pt,cristão,altered
es,cristo,pt,cristo,transparent
es,criterio,pt,critério,transparent
es,criticar,pt,criticar,transparent
es,croata,pt,croata,transparent
es,cromo,pt,cromo,transparent
es,cronista,pt,cronista,transparent
es,cronograma,pt,cronograma,transparent
es,cronología,pt,cronologia,transparent
es,cronológico,pt,cronológico,transparent
es,cruce,pt,cruzamento,altered
es,crucero,pt,cruzeiro,altered
es,crucial,pt,crucial,transparent
es,crucificar,pt,crucificar,transparent
es,crudo,pt,cru,altered
es,cruel,pt,cruel,transparent
es,crueldad,pt,crueldade,transparent
es,cruz,pt,cruz,transparent
es,cruzada,pt,cruzar,transparent
es,cruzado,pt,cruzar,transparent
es,cruzar,pt,cruzar,transparent
es,cráneo,pt,crânio,altered
es,cráter,pt,cratera,altered
es,crédito,pt,crédito,transparent
es,cría,pt,criação,altered
es,crítica,pt,crítico,transparent
es,crítico,pt,crítico,transparent
es,crónica,pt,crônica,altered
es,crónico,pt,crónico,transparent
es,cuaderno,pt,caderno,altered
es,cuadra,pt,quadrar,altered
es,cuadrada,pt,quadrar,altered
es,cuadrado,pt,quadrar,altered
es,cuadrante,pt,quadrante,transparent
es,cuadrar,pt,quadrar,altered
es,cuadrilla,pt,quadrilha,altered
es,cuadro,pt,quadro,altered
es,cual,pt,qual,transparent
es,cualidad,pt,qualidade,altered
es,cualificar,pt,qualificar,altered
es,cualitativo,pt,qualitativo,altered
es,cualquiera,pt,qualquer,altered
es,cuando,pt,quando,transparent
es,cuantificar,pt,quantificar,altered
es,cuantitativo,pt,quantitativo,altered
es,cuanto,pt,quantum,altered
es,cuartel,pt,quartel,altered
es,cuarteto,pt,quarteto,altered
es,cuarto,pt,quarto,transparent
es,cuarzo,pt,quartzo,altered
es,cuasi,pt,quase,altered
es,cuatro,pt,quatro,altered
es,cuatrocientos,pt,quatrocentos,altered
es,cubano,pt,cubano,transparent
es,cubierta,pt,cobrir,altered
es,cubierto,pt,cobrir,transparent
es,cubo,pt,cubo,transparent
es,cubrir,pt,cobrir,altered
es,cuello,pt,colo,altered
es,cuenta,pt,contar,altered
es,cuento,pt,conto,altered
es,cuerda,pt,cordo,altered
es,cuerno,pt,corno,altered
es,cuero,pt,couro,altered
es,cuerpo,pt,corpo,altered
es,cuervo,pt,corvo,altered
es,cuestion,pt,questão,altered
es,cuestionable,pt,questionável,altered
es,cuestionamiento,pt,questionamento,altered
es,cuestionar,pt,questionar,altered
es,cuestionario,pt,questionário,altered
es,cuestión,pt,questão,altered
es,cueva,pt,cova,altered
es,cuidado,pt,cuidar,transparent
es,cuidador,pt,cuidador,transparent
es,cuidadosamente,pt,cuidadosamente,transparent
es,cuidadoso,pt,cuidadoso,transparent
es,cuidar,pt,cuidar,transparent
es,culinario,pt,culinário,transparent
es,culminar,pt,culminar,transparent
es,culo,pt,cu,altered
es,culpa,pt,culpar,transparent
es,culpar,pt,culpar,transparent
es,cultivar,pt,cultivar,transparent
es,cultivo,pt,cultivo,transparent
es,culto,pt,culto,transparent
es,cultura,pt,cultura,transparent
es,cultural,pt,cultural,transparent
es,culturalmente,pt,culturalmente,transparent
es,cum,pt,cum,transparent
es,cumplido,pt,cumprir,altered
es,cumplimentar,pt,cumprimentar,altered
es,cumplir,pt,cumprir,transparent
es,cupón,pt,cupom,altered
es,cura,pt,curar,transparent
es,curador,pt,curador,transparent
es,curar,pt,curar,transparent
es,curativa,pt,curativo,transparent
es,curiosamente,pt,curiosamente,transparent
es,curiosidad,pt,curiosidade,transparent
es,curioso,pt,curioso,transparent
es,curricular,pt,curricular,transparent
es,curriculum,pt,currículo,altered
es,curry,pt,curry,transparent
es,currículo,pt,currículo,transparent
es,currículum,pt,currículo,altered
es,cursar,pt,cursar,transparent
es,curso,pt,curso,transparent
es,curtido,pt,curtir,transparent
es,curva,pt,curvar,transparent
es,custodia,pt,custódio,transparent
es,custodio,pt,custódio,transparent
es,cutáneo,pt,cutâneo,altered
es,cuyo,pt,cujo,transparent
es,cuál,pt,qual,transparent
es,cuán,pt,quão,altered
es,cuándo,pt,quando,transparent
es,cuántico,pt,quântico,transparent
es,cuánto,pt,quantum,transparent
es,cuña,pt,cunhar,transparent
es,cyber,pt,cyber,transparent
es,cálculo,pt,cálculo,transparent
es,cáliz,pt,cálice,altered
es,cámara,pt,câmera,transparent
es,cáncer,pt,câncer,transparent
es,cántico,pt,cântico,transparent
es,cápsula,pt,cápsula,transparent
es,cárcel,pt,cárcere,altered
es,cártel,pt,cartel,transparent
es,cátedra,pt,cátedra,transparent
es,cáucaso,pt,cáucaso,transparent
es,cédula,pt,cédula,transparent
es,célebre,pt,célebre,transparent
es,célula,pt,célula,transparent
es,céntimo,pt,centavo,altered
es,césar,pt,césar,transparent
es,cíclico,pt,cíclico,transparent
es,cínico,pt,cínico,transparent
es,círculo,pt,círculo,transparent
es,cítrico,pt,cítrico,transparent
es,cívico,pt,cívico,transparent
es,cóctel,pt,coquetel,altered
es,código,pt,código,transparent
es,cólera,pt,cólera,transparent
es,cólico,pt,cólico,transparent
es,cómic,pt,cômico,altered
es,cómico,pt,cômico,transparent
es,cómplice,pt,cúmplice,transparent
es,cóndor,pt,condor,transparent
es,cónsul,pt,cônsul,transparent
es,cónyuge,pt,cônjuge,altered
es,cósmico,pt,cósmico,transparent
es,cúbico,pt,cúbico,transparent
es,cúmulo,pt,cúmulo,transparent
es,cúpula,pt,cúpula,transparent
es,dado,pt,dar,transparent
es,daga,pt,adaga,altered
es,dama,pt,dama,transparent
es,damasco,pt,damasco,transparent
es,damián,pt,damião,altered
es,danza,pt,dançar,transparent
es,danzar,pt,dançar,altered
es,dar,pt,dar,transparent
es,dardo,pt,dardo,transparent
es,data,pt,datar,transparent
es,datar,pt,datar,transparent
es,dato,pt,dar,altered
es,david,pt,david,transparent
es,dañar,pt,danificar,altered
es,daño,pt,dano,transparent
es,debajo,pt,debaixo,altered
es,debate,pt,debater,transparent
es,debatir,pt,debater,altered
es,debe,pt,dever,altered
es,deber,pt,dever,transparent
es,deberiamos,pt,dever,altered
es,debidamente,pt,devidamente,altered
es,debilitar,pt,debilitar,transparent
es,debut,pt,debut,transparent
es,debutar,pt,debutar,transparent
es,decadencia,pt,decadência,transparent
es,decadente,pt,decadente,transparent
es,decaer,pt,decair,altered
es,decapitar,pt,decapitar,transparent
es,decena,pt,dezena,altered
es,decencia,pt,decência,transparent
es,decente,pt,decente,transparent
es,decepcionante,pt,decepcionante,transparent
es,decepcionar,pt,decepcionar,transparent
es,decepción,pt,decepção,transparent
es,decidir,pt,decidir,transparent
es,decimal,pt,decimal,transparent
es,decir,pt,dizer,altered
es,decision,pt,decisão,altered
es,decisivo,pt,decisivo,transparent
es,decisión,pt,decisão,transparent
es,declaración,pt,declaração,transparent
es,declarar,pt,declarar,transparent
es,declinar,pt,declinar,transparent
es,declive,pt,declive,transparent
es,decoración,pt,decoração,altered
es,decorado,pt,decorar,transparent
es,decorar,pt,decorar,transparent
es,decorativo,pt,decorativo,transparent
es,decretar,pt,decretar,transparent
es,decreto,pt,decreto,transparent
es,dedicación,pt,dedicação,transparent
es,dedicar,pt,dedicar,transparent
es,dedicatoria,pt,dedicatória,transparent
es,dedo,pt,dedo,transparent
es,deducción,pt,dedução,altered
es,deducir,pt,deduzir,transparent
es,defecto,pt,defeito,transparent
es,defectuoso,pt,defeituoso,transparent
es,defender,pt,defender,transparent
es,defendido,pt,defendido,transparent
es,defensa,pt,defeso,altered
es,defensiva,pt,defensivo,transparent
es,defensivo,pt,defensivo,transparent
es,defensor,pt,defensor,transparent
es,defensoría,pt,defensoria,transparent
es,deficiencia,pt,deficiência,transparent
es,deficiente,pt,deficiente,transparent
es,definición,pt,definição,transparent
es,definido,pt,definir,transparent
es,definir,pt,definir,transparent
es,definitivamente,pt,definitivamente,transparent
es,definitivo,pt,definitivo,transparent
es,deformación,pt,deformação,transparent
es,deformar,pt,deformar,transparent
es,degenerado,pt,degenerar,transparent
es,degradación,pt,degradação,transparent
es,degradado,pt,degradar,transparent
es,degradar,pt,degradar,transparent
es,deja,pt,deixar,altered
es,dejar,pt,deixar,transparent
es,del,pt,del,transparent
es,delante,pt,diante,altered
es,delantera,pt,dianteiro,altered
es,delantero,pt,dianteiro,altered
es,delegación,pt,delegacia,altered
es,delegado,pt,delegar,transparent
es,delegar,pt,delegar,transparent
es,deleite,pt,deleite,transparent
es,delgado,pt,delgado,transparent
es,deliberación,pt,deliberação,transparent
es,deliberadamente,pt,deliberadamente,transparent
es,deliberar,pt,deliberar,transparent
es,delicadeza,pt,delicadeza,transparent
es,delicado,pt,delicado,transparent
es,delicia,pt,delícia,transparent
es,delicioso,pt,delicioso,transparent
es,delimitación,pt,delimitação,transparent
es,delimitar,pt,delimitar,transparent
es,delincuente,pt,delinquente,altered
es,delinear,pt,delinear,transparent
es,delirante,pt,delirante,transparent
es,delirio,pt,delírio,transparent
es,delito,pt,delito,transparent
es,delivery,pt,delivery,transparent
es,delta,pt,delta,transparent
es,demanda,pt,demandar,transparent
es,demandar,pt,demandar,transparent
es,demarcación,pt,demarcação,transparent
es,demas,pt,demais,transparent
es,demasiado,pt,demasiar,transparent
es,demencia,pt,demência,transparent
es,demente,pt,demente,transparent
es,democracia,pt,democracia,transparent
es,democratización,pt,democratização,transparent
es,democráticamente,pt,democraticamente,altered
es,democrático,pt,democrático,transparent
es,demográfico,pt,demográfico,transparent
es,demoledor,pt,demolidor,altered
es,demoler,pt,demolir,altered
es,demolición,pt,demolição,transparent
es,demonio,pt,demónio,transparent
es,demoníaco,pt,demoníaco,transparent
es,demora,pt,demorar,transparent
es,demostración,pt,demonstração,altered
es,demostrar,pt,demonstrar,transparent
es,demás,pt,demais,altered
es,demócrata,pt,democrata,transparent
es,dengue,pt,dengue,transparent
es,denominación,pt,denominação,transparent
es,denominador,pt,denominador,transparent
es,denominar,pt,denominar,transparent
es,denotar,pt,denotar,transparent
es,densidad,pt,densidade,altered
es,denso,pt,denso,transparent
es,dental,pt,dental,transparent
es,dentista,pt,dentista,transparent
es,denuncia,pt,denúncia,transparent
es,denunciado,pt,denunciar,transparent
es,denunciar,pt,denunciar,transparent
es,deparar,pt,deparar,transparent
es,departamento,pt,departamento,transparent
es,dependencia,pt,dependência,transparent
es,depender,pt,depender,transparent
es,dependiente,pt,dependente,transparent
es,depilar,pt,depilar,transparent
es,deplorable,pt,deplorável,altered
es,deponer,pt,depor,altered
es,deportación,pt,deportação,transparent
es,deportar,pt,deportar,transparent
es,deporte,pt,esporte,altered
es,deportista,pt,desportista,altered
es,deportivo,pt,esportivo,altered
es,deposición,pt,depoimento,altered
es,depositar,pt,depositar,transparent
es,depresivo,pt,depressivo,altered
es,depresión,pt,depressão,transparent
es,deprimente,pt,deprimente,transparent
es,deprimir,pt,deprimir,transparent
es,deprisa,pt,depressa,altered
es,depósito,pt,depósito,transparent
es,derecho,pt,direito,altered
es,deriva,pt,derivar,transparent
es,derivación,pt,derivação,transparent
es,derivada,pt,derivar,transparent
es,derivado,pt,derivar,transparent
es,derivar,pt,derivar,transparent
es,derramamiento,pt,derramamento,altered
es,derramar,pt,derramar,transparent
es,derrame,pt,derrame,transparent
es,derretir,pt,derreter,transparent
es,derribar,pt,derrubar,transparent
es,derribo,pt,derrube,altered
es,derrota,pt,derrotar,transparent
es,derrotar,pt,derrotar,transparent
es,derrumbe,pt,derrube,altered
es,desacreditar,pt,desacreditar,transparent
es,desactivar,pt,desativar,altered
es,desacuerdo,pt,desacordo,altered
es,desafiante,pt,desafiante,transparent
es,desafiar,pt,desafiar,transparent
es,desafío,pt,desafio,transparent
es,desagradable,pt,desagradável,transparent
es,desanimar,pt,desanimar,transparent
es,desaparecer,pt,desaparecer,transparent
es,desaparecido,pt,desaparecido,transparent
es,desapercibido,pt,despercebido,altered
es,desaprobar,pt,desaprovar,transparent
es,desarmar,pt,desarmar,transparent
es,desarme,pt,desarmamento,altered
es,desarrollado,pt,desenvolvido,altered
es,desarrollador,pt,desenvolvedor,altered
es,desarrollar,pt,desenvolver,altered
es,desarrollo,pt,desenvolvimento,altered
es,desastre,pt,desastre,transparent
es,desastroso,pt,desastroso,transparent
es,desatar,pt,desatar,transparent
es,desbloquear,pt,desbloquear,transparent
es,descalificar,pt,desqualificar,altered
es,descalzo,pt,descalço,altered
es,descansar,pt,descansar,transparent
es,descanso,pt,descanso,transparent
es,descarga,pt,descarga,transparent
es,descargar,pt,descarregar,altered
es,descartar,pt,descartar,transparent
es,descarte,pt,descarte,transparent
es,descendencia,pt,descendência,transparent
es,descendente,pt,descendente,transparent
es,descender,pt,descer,altered
es,descendiente,pt,descendente,altered
es,descentralización,pt,descentralização,transparent
es,descifrar,pt,decifrar,altered
es,descomposición,pt,decomposição,transparent
es,desconcertante,pt,desconcertante,transparent
es,desconectar,pt,desconectar,transparent
es,desconfiado,pt,desconfiar,transparent
es,desconfianza,pt,desconfiança,transparent
es,desconfiar,pt,desconfiar,transparent
es,desconocer,pt,desconhecer,altered
es,desconocido,pt,desconhecido,altered
es,desconocimiento,pt,desconhecimento,altered
es,descontar,pt,descontar,transparent
es,descontento,pt,descontente,transparent
es,descontrolar,pt,descontrolar,transparent
es,describir,pt,descrever,altered
es,descripción,pt,descrição,altered
es,descriptivo,pt,descritivo,altered
es,descubierta,pt,descobrir,altered
es,descubierto,pt,descobrir,altered
es,descubrimiento,pt,descobrimento,transparent
es,descubrir,pt,descobrir,transparent
es,descuento,pt,desconto,altered
es,descuidado,pt,descuidar,transparent
es,descuidar,pt,descuidar,transparent
es,descuido,pt,descuido,transparent
es,desde,pt,desde,transparent
es,deseable,pt,desejável,altered
es,desear,pt,desejar,altered
es,desechable,pt,descartável,altered
es,desembarcar,pt,desembarcar,transparent
es,desembarco,pt,desembarque,altered
es,desempeñar,pt,desempenhar,altered
es,desempeño,pt,desempenho,altered
es,desempleado,pt,desempregado,altered
es,desempleo,pt,desemprego,transparent
es,desencadenar,pt,desencadear,altered
es,desenmascarar,pt,desmascarar,altered
es,desenterrar,pt,desenterrar,transparent
es,desenvolver,pt,desenvolver,transparent
es,deseo,pt,desejo,altered
es,deseoso,pt,desejoso,altered
es,desequilibrar,pt,desequilibrar,transparent
es,desequilibrio,pt,desequilíbrio,transparent
es,desertar,pt,desertar,transparent
es,desertor,pt,desertor,transparent
es,desesperado,pt,desesperado,transparent
es,desesperar,pt,desesperar,transparent
es,desestabilizar,pt,desestabilizar,transparent
es,desfallecer,pt,desfalecer,altered
es,desfavorable,pt,desfavorável,transparent
es,desfilar,pt,desfilar,transparent
es,desfile,pt,desfile,transparent
es,desgastar,pt,desgastar,transparent
es,desgaste,pt,desgaste,transparent
es,desgracia,pt,desgraçar,transparent
es,desgraciado,pt,desgraçar,altered
es,deshacer,pt,desfazer,altered
es,deshonesto,pt,desonesto,altered
es,desierto,pt,deserto,altered
es,designación,pt,designação,transparent
es,designar,pt,designar,transparent
es,desigual,pt,desigual,transparent
es,desigualdad,pt,desigualdade,transparent
es,desilusión,pt,desilusão,altered
es,desinformación,pt,desinformação,transparent
es,desintegrar,pt,desintegrar,transparent
es,desinterés,pt,desinteresse,altered
es,desistir,pt,desistir,transparent
es,desleal,pt,desleal,transparent
es,desligar,pt,desligar,transparent
es,deslizamiento,pt,deslizamento,transparent
es,deslizar,pt,deslizar,transparent
es,deslumbrante,pt,deslumbrante,transparent
es,deslumbrar,pt,deslumbrar,transparent
es,desmantelar,pt,desmantelar,transparent
es,desmayar,pt,desmaiar,altered
es,desmayo,pt,desmaio,altered
es,desmentir,pt,desmentir,transparent
es,desmontar,pt,desmontar,transparent
es,desmoronar,pt,desmoronar,transparent
es,desnudez,pt,nudez,altered
es,desnutrición,pt,desnutrição,transparent
es,desobedecer,pt,desobedecer,transparent
es,desobediencia,pt,desobediência,transparent
es,desocupar,pt,desocupar,transparent
es,desorden,pt,desordem,transparent
es,despachar,pt,despachar,transparent
es,despacho,pt,despacho,transparent
es,despedida,pt,despedir,transparent
es,despedir,pt,despedir,transparent
es,despejar,pt,despejar,transparent
es,despensa,pt,despensa,transparent
es,desperdiciar,pt,desperdiçar,altered
es,desperdicio,pt,desperdício,transparent
es,despertador,pt,despertador,transparent
es,despertar,pt,despertar,transparent
es,despistado,pt,despistar,transparent
es,despreciar,pt,desprezar,altered
es,desprecio,pt,desprezo,altered
es,desprender,pt,desprender,transparent
es,destacamento,pt,destacamento,transparent
es,destacar,pt,destacar,transparent
es,destilar,pt,destilar,transparent
es,destinar,pt,destinado,transparent
es,destinatario,pt,destinatário,transparent
es,destino,pt,destino,transparent
es,destituir,pt,destituir,transparent
es,destreza,pt,destreza,transparent
es,destrozo,pt,destroço,altered
es,destrucción,pt,destruição,altered
es,destructivo,pt,destrutivo,altered
es,destruir,pt,destruir,transparent
es,desuso,pt,desuso,transparent
es,desventaja,pt,desvantagem,transparent
es,desviación,pt,desvio,altered
es,desviar,pt,desviar,transparent
es,desvío,pt,desvio,transparent
es,desértico,pt,desértico,transparent
es,detalladamente,pt,detalhadamente,transparent
es,detallar,pt,detalhar,transparent
es,detalle,pt,detalhe,altered
es,detección,pt,detecção,transparent
es,detectar,pt,detectar,transparent
es,detective,pt,detective,transparent
es,detector,pt,detector,transparent
es,detención,pt,detenção,transparent
es,detener,pt,deter,altered
es,detenido,pt,detido,transparent
es,detergente,pt,detergente,transparent
es,deteriorar,pt,deteriorar,transparent
es,determinación,pt,determinação,altered
es,determinante,pt,determinante,transparent
es,determinar,pt,determinar,transparent
es,detestar,pt,detestar,transparent
es,detonar,pt,detonar,transparent
es,detrimento,pt,detrimento,transparent
es,detrás,pt,detrás,transparent
es,deuda,pt,dívida,altered
es,deudor,pt,devedor,altered
es,devastación,pt,devastação,transparent
es,devastador,pt,devastador,transparent
es,devastar,pt,devastar,transparent
es,devoción,pt,devoção,transparent
es,devolución,pt,devolução,transparent
es,devolver,pt,devolver,transparent
es,devorar,pt,devorar,transparent
es,devoto,pt,devoto,transparent
es,dia,pt,dia,transparent
es,diabetes,pt,diabetes,transparent
es,diablo,pt,diabo,altered
es,diabético,pt,diabético,transparent
es,diabólico,pt,diabólico,transparent
es,diagnosticar,pt,diagnosticar,transparent
es,diagnóstico,pt,diagnóstico,transparent
es,diagonal,pt,diagonal,transparent
es,diagrama,pt,diagrama,transparent
es,dialecto,pt,dialeto,altered
es,dialogar,pt,dialogar,transparent
es,dialéctica,pt,dialética,altered
es,diamante,pt,diamante,transparent
es,diariamente,pt,diariamente,transparent
es,diario,pt,diário,transparent
es,diarrea,pt,diarreia,altered
es,dias,pt,dia,transparent
es,diccionario,pt,dicionário,altered
es,diciembre,pt,dezembro,altered
es,dictado,pt,ditar,altered
es,dictador,pt,ditador,altered
es,dictadura,pt,ditadura,altered
es,dictar,pt,ditar,altered
es,dictatorial,pt,ditatorial,altered
es,didáctica,pt,didática,transparent
es,didáctico,pt,didático,transparent
es,diecinueve,pt,dezenove,altered
es,diecisiete,pt,dezessete,altered
es,dieciséis,pt,dezesseis,altered
es,diente,pt,dente,altered
es,diesel,pt,diesel,transparent
es,diestra,pt,destro,altered
es,dieta,pt,dieta,transparent
es,diez,pt,dez,altered
es,difamación,pt,difamação,transparent
es,difamar,pt,difamar,transparent
es,diferencia,pt,diferençar,transparent
es,diferenciación,pt,diferenciação,transparent
es,diferencial,pt,diferencial,transparent
es,diferenciar,pt,diferenciar,transparent
es,diferente,pt,diferente,transparent
es,diferir,pt,diferir,transparent
es,dificil,pt,difícil,altered
es,dificultad,pt,dificuldade,transparent
es,dificultar,pt,dificultar,transparent
es,difundir,pt,difundir,transparent
es,difusión,pt,difusão,transparent
es,difuso,pt,difuso,transparent
es,difícil,pt,difícil,transparent
es,difícilmente,pt,dificilmente,transparent
es,digerir,pt,digerir,transparent
es,digestivo,pt,digestivo,transparent
es,digestión,pt,digestão,transparent
es,digital,pt,digital,transparent
es,dignar,pt,dignar,transparent
es,dignidad,pt,dignidade,altered
es,digno,pt,digno,transparent
es,dilatar,pt,dilatar,transparent
es,dilema,pt,dilema,transparent
es,diligencia,pt,diligência,transparent
es,diluir,pt,diluir,transparent
es,diluvio,pt,dilúvio,transparent
es,dimensionar,pt,dimensionar,transparent
es,dimensión,pt,dimensão,altered
es,diminuto,pt,diminuto,transparent
es,dimisión,pt,demissão,altered
es,dimitir,pt,demitir,altered
es,dinamarca,pt,dinamarca,transparent
es,dinamismo,pt,dinamismo,transparent
es,dinamita,pt,dinamite,transparent
es,dinastía,pt,dinastia,transparent
es,dinero,pt,dinheiro,altered
es,dinosaurio,pt,dinossauro,altered
es,dinámica,pt,dinâmico,transparent
es,dinámico,pt,dinâmico,altered
es,diocesano,pt,diocesano,transparent
es,dios,pt,deus,altered
es,diploma,pt,diplomar,transparent
es,diplomacia,pt,diplomacia,transparent
es,diplomado,pt,diplomar,transparent
es,diplomático,pt,diplomático,transparent
es,diputado,pt,deputar,altered
es,diputar,pt,deputar,altered
es,dique,pt,dique,transparent
es,direccion,pt,direção,altered
es,dirección,pt,direção,transparent
es,directamente,pt,diretamente,transparent
es,directiva,pt,diretiva,transparent
es,directo,pt,direto,altered
es,director,pt,diretor,altered
es,directorio,pt,diretório,transparent
es,dirigente,pt,dirigente,transparent
es,dirigible,pt,dirigível,transparent
es,dirigir,pt,dirigir,transparent
es,disciplina,pt,disciplinar,transparent
es,disciplinar,pt,disciplinar,transparent
es,disco,pt,disco,transparent
es,discordia,pt,discórdia,transparent
es,discoteca,pt,discoteca,transparent
es,discreción,pt,discrição,altered
es,discrepancia,pt,discrepância,transparent
es,discreto,pt,discreto,transparent
es,discriminación,pt,discriminação,transparent
es,discriminar,pt,discriminar,transparent
es,discriminatorio,pt,discriminatório,transparent
es,disculpa,pt,desculpar,altered
es,disculpar,pt,desculpar,altered
es,discurrir,pt,discorrer,altered
es,discurso,pt,discurso,transparent
es,discusion,pt,discussão,transparent
es,discusión,pt,discussão,transparent
es,discutible,pt,discutível,transparent
es,discutir,pt,discutir,transparent
es,discípulo,pt,discípulo,transparent
es,diseminar,pt,disseminar,transparent
es,diseñador,pt,designer,transparent
es,diseño,pt,desenho,altered
es,disfraz,pt,disfarce,altered
es,disfrazar,pt,disfarçar,altered
es,disfrutar,pt,desfrutar,transparent
es,disfrute,pt,desfrute,altered
es,disfunción,pt,disfunção,transparent
es,disgusto,pt,desgosto,altered
es,disidencia,pt,dissidência,transparent
es,disidente,pt,dissidente,altered
es,disipar,pt,dissipar,altered
es,disminución,pt,diminuição,altered
es,disminuir,pt,diminuir,transparent
es,disolución,pt,dissolução,transparent
es,disolver,pt,dissolver,altered
es,disparada,pt,disparar,transparent
es,disparar,pt,disparar,transparent
es,disparate,pt,disparate,transparent
es,disparo,pt,disparo,transparent
es,dispersar,pt,dispersar,transparent
es,dispersión,pt,dispersão,transparent
es,disperso,pt,disperso,transparent
es,disponer,pt,disposto,altered
es,disponibilidad,pt,disponibilidade,transparent
es,disponible,pt,disponível,transparent
es,disposición,pt,disposição,transparent
es,dispositivo,pt,dispositivo,transparent
es,disputa,pt,disputar,transparent
es,disputar,pt,disputar,transparent
es,distancia,pt,distância,transparent
es,distanciar,pt,distanciar,transparent
es,distante,pt,distante,transparent
es,distar,pt,distar,transparent
es,distinción,pt,distinção,transparent
es,distinguido,pt,distinto,altered
es,distinguir,pt,distinguir,transparent
es,distintivo,pt,distintivo,transparent
es,distinto,pt,distinto,transparent
es,distorsión,pt,distorção,transparent
es,distracción,pt,distração,transparent
es,distraer,pt,distrair,altered
es,distraído,pt,distrair,transparent
es,distribución,pt,distribuição,transparent
es,distribuidor,pt,distribuidor,transparent
es,distribuidora,pt,distribuidor,transparent
es,distribuir,pt,distribuir,transparent
es,distrital,pt,distrital,transparent
es,distrito,pt,distrito,transparent
es,disturbio,pt,distúrbio,altered
es,disuadir,pt,dissuadir,altered
es,diurno,pt,diurno,transparent
es,diva,pt,divo,transparent
es,divergencia,pt,divergência,transparent
es,divergente,pt,divergente,transparent
es,diversidad,pt,diversidade,transparent
es,diversificar,pt,diversificar,transparent
es,diversión,pt,diversão,transparent
es,diverso,pt,diverso,transparent
es,divertir,pt,divertir,transparent
es,dividendo,pt,dividendo,transparent
es,dividir,pt,dividir,transparent
es,divino,pt,divino,transparent
es,divisa,pt,divisar,transparent
es,divisar,pt,divisar,transparent
es,division,pt,divisão,altered
es,división,pt,divisão,transparent
es,divorciado,pt,divorciar,transparent
es,divorciar,pt,divorciar,transparent
es,divorcio,pt,divórcio,transparent
es,divulgación,pt,divulgação,transparent
es,divulgar,pt,divulgar,transparent
es,diálogo,pt,diálogo,transparent
es,diámetro,pt,diâmetro,altered
es,diésel,pt,diesel,transparent
es,diócesis,pt,diocese,altered
es,dióxido,pt,dióxido,transparent
es,dobla,pt,dobrar,altered
es,doblado,pt,dobrar,altered
es,doblar,pt,dobrar,transparent
es,doble,pt,dobro,altered
es,doblemente,pt,duplamente,altered
es,doce,pt,doce,transparent
es,docente,pt,docente,transparent
es,doctor,pt,doutor,altered
es,doctorado,pt,doutorar,altered
es,doctorar,pt,doutorar,altered
es,doctrina,pt,doutrinar,transparent
es,documentación,pt,documentação,transparent
es,documental,pt,documentário,transparent
es,documentar,pt,documentar,transparent
es,documento,pt,documento,transparent
es,dogma,pt,dogma,transparent
es,dolar,pt,dólar,transparent
es,dolencia,pt,doença,altered
es,doliente,pt,doente,altered
es,dolor,pt,dor,altered
es,dolorido,pt,dolorido,transparent
es,dolorosa,pt,doloroso,transparent
es,doloroso,pt,doloroso,transparent
es,domar,pt,domar,transparent
es,domesticar,pt,domesticar,transparent
es,domicilio,pt,domicílio,transparent
es,dominación,pt,dominação,transparent
es,dominado,pt,dominar,transparent
es,dominante,pt,dominante,transparent
es,dominar,pt,dominar,transparent
es,domingo,pt,domingo,transparent
es,dominical,pt,dominical,transparent
es,dominicano,pt,dominicano,transparent
es,dominico,pt,dominicano,altered
es,dominio,pt,domínio,transparent
es,dominó,pt,dominó,transparent
es,doméstico,pt,doméstico,transparent
es,don,pt,dom,altered
es,donación,pt,doação,altered
es,donar,pt,doar,altered
es,donativo,pt,donativo,transparent
es,doncella,pt,donzel,altered
es,donde,pt,onde,transparent
es,dorada,pt,dourar,altered
es,dorado,pt,dourar,altered
es,dorar,pt,dourar,altered
es,dormida,pt,dormir,transparent
es,dormir,pt,dormir,transparent
es,dormitorio,pt,dormitório,transparent
es,dorsal,pt,dorsal,transparent
es,dos,pt,dois,altered
es,doscientos,pt,duzentos,altered
es,dosis,pt,dose,altered
es,dotar,pt,dotar,transparent
es,dote,pt,dote,transparent
es,dragon,pt,dragão,altered
es,dragón,pt,dragão,altered
es,drama,pt,drama,transparent
es,dramaturgo,pt,dramaturgo,transparent
es,dramática,pt,dramático,transparent
es,dramático,pt,dramático,transparent
es,drenaje,pt,drenagem,altered
es,drenar,pt,drenar,transparent
es,driver,pt,driver,transparent
es,droga,pt,droga,transparent
es,drogar,pt,drogar,transparent
es,dron,pt,drone,altered
es,drone,pt,drone,transparent
es,drácula,pt,drácula,transparent
es,drásticamente,pt,drasticamente,transparent
es,drástico,pt,drástico,transparent
es,dual,pt,dual,transparent
es,dualidad,pt,dualidade,transparent
es,dublín,pt,dublin,transparent
es,ducha,pt,duche,altered
es,duchar,pt,duchar,transparent
es,duda,pt,dúvida,altered
es,dudar,pt,duvidar,altered
es,dudoso,pt,duvidoso,altered
es,duelo,pt,duelo,transparent
es,dueño,pt,dono,altered
es,dulce,pt,doce,altered
es,dulzura,pt,doçura,altered
es,duna,pt,duna,transparent
es,duo,pt,duo,transparent
es,duplicado,pt,duplicar,transparent
es,duplicar,pt,duplicar,transparent
es,duplo,pt,duplo,transparent
es,duque,pt,duque,transparent
es,duración,pt,duração,transparent
es,duradero,pt,duradouro,altered
es,duramente,pt,duramente,transparent
es,durante,pt,durante,transparent
es,durar,pt,durar,transparent
es,dureza,pt,dureza,transparent
es,durmiente,pt,dormente,altered
es,duro,pt,duro,transparent
es,débil,pt,débil,transparent
es,débito,pt,débito,transparent
es,década,pt,década,transparent
es,décima,pt,décimo,transparent
es,décimo,pt,décimo,transparent
es,déficit,pt,déficit,transparent
es,día,pt,dia,transparent
es,díez,pt,dez,altered
es,dígito,pt,dígito,transparent
es,dólar,pt,dólar,transparent
es,dónde,pt,donde,transparent
es,dúo,pt,duo,transparent
es,e-mail,pt,email,transparent
es,eclesiástico,pt,eclesiástico,transparent
es,eclipse,pt,eclipse,transparent
es,eco,pt,eco,transparent
es,ecologista,pt,ecologista,transparent
es,ecología,pt,ecologia,transparent
es,ecológico,pt,ecológico,transparent
es,economia,pt,economia,transparent
es,economica,pt,econômico,transparent
es,economista,pt,economista,transparent
es,economía,pt,economia,transparent
es,económicamente,pt,economicamente,transparent
es,económico,pt,econômico,altered
es,ecosistema,pt,ecossistema,altered
es,ecuación,pt,equação,altered
es,ecuador,pt,equador,altered
es,ecuatorial,pt,equatorial,altered
es,ecuatoriano,pt,equatoriano,altered
es,edad,pt,idade,altered
es,edicion,pt,edição,transparent
es,edición,pt,edição,transparent
es,edificación,pt,edificação,transparent
es,edificar,pt,edificar,transparent
es,edificio,pt,edifício,altered
es,edil,pt,edil,transparent
es,editar,pt,editar,transparent
es,editor,pt,editor,transparent
es,editorial,pt,editorial,transparent
es,educacion,pt,educação,transparent
es,educacional,pt,educacional,transparent
es,educación,pt,educação,altered
es,educador,pt,educador,transparent
es,educando,pt,educar,transparent
es,educar,pt,educar,transparent
es,educativo,pt,educativo,transparent
es,efectivamente,pt,efetivamente,altered
es,efectividad,pt,efetividade,transparent
es,efectivo,pt,efetivo,altered
es,efecto,pt,efeito,altered
es,efectuar,pt,efectuar,transparent
es,eficacia,pt,eficácia,transparent
es,eficaz,pt,eficaz,transparent
es,eficazmente,pt,eficazmente,transparent
es,eficiencia,pt,eficiência,transparent
es,eficiente,pt,eficiente,transparent
es,egipcio,pt,egípcio,altered
es,egipto,pt,egito,altered
es,ego,pt,ego,transparent
es,egoísmo,pt,egoísmo,transparent
es,egoísta,pt,egoísta,transparent
es,ejecución,pt,execução,altered
es,ejecutar,pt,executar,transparent
es,ejecutiva,pt,executivo,transparent
es,ejecutivo,pt,executivo,altered
es,ejecutor,pt,executor,transparent
es,ejemplar,pt,exemplar,transparent
es,ejemplificar,pt,exemplificar,transparent
es,ejemplo,pt,exemplo,altered
es,ejercer,pt,exercer,altered
es,ejercicio,pt,exercício,transparent
es,ejercitar,pt,exercitar,altered
es,ejército,pt,exército,altered
es,elaboración,pt,elaboração,transparent
es,elaborar,pt,elaborar,transparent
es,elasticidad,pt,elasticidade,transparent
es,eleccion,pt,eleição,altered
es,elección,pt,eleição,altered
es,electo,pt,eleito,altered
es,elector,pt,eleitor,altered
es,electorado,pt,eleitorado,altered
es,electoral,pt,eleitoral,altered
es,electric,pt,elétrico,altered
es,electricidad,pt,electricidade,transparent
es,electricista,pt,eletricista,altered
es,electro,pt,eletro,transparent
es,electrónica,pt,electrónico,transparent
es,electrónico,pt,eletrônico,altered
es,elefante,pt,elefante,transparent
es,elegancia,pt,elegância,altered
es,elegante,pt,elegante,transparent
es,elegible,pt,elegível,altered
es,elegido,pt,eleito,altered
es,elegir,pt,eleger,altered
es,elemento,pt,elemento,transparent
es,elenco,pt,elenco,transparent
es,elevación,pt,elevação,transparent
es,elevador,pt,elevador,transparent
es,elevar,pt,elevar,transparent
es,elfo,pt,elfo,transparent
es,eligir,pt,eleger,altered
es,eliminación,pt,eliminação,transparent
es,eliminar,pt,eliminar,transparent
es,eliminatoria,pt,eliminatório,transparent
es,elite,pt,elite,transparent
es,elogiar,pt,elogiar,transparent
es,elogio,pt,elogio,transparent
es,elástico,pt,elástico,transparent
es,eléctrico,pt,elétrico,altered
es,email,pt,email,transparent
es,emails,pt,email,transparent
es,emanar,pt,emanar,transparent
es,emancipación,pt,emancipação,transparent
es,embajada,pt,embaixar,altered
es,embajador,pt,embaixador,altered
es,embalaje,pt,embalagem,transparent
es,embarazoso,pt,embaraçoso,transparent
es,embarcación,pt,embarcação,transparent
es,embarcar,pt,embarcar,transparent
es,embargo,pt,embargo,transparent
es,embarque,pt,embarque,transparent
es,emblemático,pt,emblemático,transparent
es,embriagar,pt,embriagar,transparent
es,embrión,pt,embrião,altered
es,embutido,pt,embutir,transparent
es,emergencia,pt,emergência,transparent
es,emergente,pt,emergente,transparent
es,emerger,pt,emergir,transparent
es,emigración,pt,emigração,altered
es,emigrado,pt,emigrar,transparent
es,emigrante,pt,emigrante,transparent
es,emigrar,pt,emigrar,transparent
es,eminente,pt,eminente,transparent
es,emir,pt,emir,transparent
es,emirato,pt,emirado,altered
es,emisión,pt,emissão,transparent
es,emisor,pt,emissor,altered
es,emisora,pt,emissor,altered
es,emitir,pt,emitir,transparent
es,emocional,pt,emocional,transparent
es,emocionalmente,pt,emocionalmente,transparent
es,emocionante,pt,emocionante,transparent
es,emocionar,pt,emocionado,transparent
es,emoción,pt,emoção,transparent
es,emotivo,pt,emotivo,transparent
es,empate,pt,empate,transparent
es,empatía,pt,empatia,altered
es,emperador,pt,imperador,altered
es,emperatriz,pt,imperador,altered
es,empeñar,pt,empenhar,altered
es,empeño,pt,empenho,altered
es,empinar,pt,empinar,transparent
es,empleado,pt,empregado,altered
es,empleador,pt,empregador,altered
es,emplear,pt,empregar,altered
es,empleo,pt,emprego,altered
es,empoderamiento,pt,empoderamento,transparent
es,emprendedor,pt,empreendedor,altered
es,emprender,pt,empreender,altered
es,emprendimiento,pt,empreendimento,altered
es,empresarial,pt,empresarial,transparent
es,empresario,pt,empresário,transparent
es,empujar,pt,empurrar,altered
es,empujón,pt,empurrão,altered
es,empírico,pt,empírico,transparent
es,emérito,pt,emérito,transparent
es,enamorado,pt,namorar,altered
es,enamorar,pt,namorar,altered
es,enano,pt,anão,altered
es,encabezado,pt,encabeçar,altered
es,encabezar,pt,encabeçar,altered
es,encajar,pt,encaixar,altered
es,encaje,pt,encaixe,altered
es,encaminar,pt,encaminhar,altered
es,encantador,pt,encantador,transparent
es,encantar,pt,encantar,transparent
es,encanto,pt,encanto,transparent
es,encarar,pt,encarar,transparent
es,encarcelamiento,pt,encarceramento,transparent
es,encargado,pt,encarregar,altered
es,encargar,pt,encarregar,altered
es,encarnación,pt,encarnação,transparent
es,encarnado,pt,encarnar,transparent
es,encarnar,pt,encarnar,transparent
es,encender,pt,acender,altered
es,encerrar,pt,encerrar,transparent
es,enciclopedia,pt,enciclopédia,transparent
es,enclave,pt,enclave,transparent
es,encoger,pt,encolher,altered
es,encomendar,pt,encomendar,transparent
es,encontrar,pt,encontrar,transparent
es,encuadrar,pt,enquadrar,altered
es,encubrir,pt,encobrir,transparent
es,encuentro,pt,encontro,altered
es,encuesta,pt,enquete,altered
es,encuestar,pt,enquete,altered
es,endeudar,pt,endividar,altered
es,endurecer,pt,endurecer,transparent
es,enemigo,pt,inimigo,altered
es,enemistad,pt,inimizade,altered
es,energia,pt,energia,transparent
es,energética,pt,energético,transparent
es,energético,pt,energético,transparent
es,energía,pt,energia,transparent
es,enero,pt,janeiro,altered
es,enfatizar,pt,enfatizar,transparent
es,enfermedad,pt,enfermidade,altered
es,enfermero,pt,enfermeiro,transparent
es,enfermería,pt,enfermaria,altered
es,enfermo,pt,enfermo,transparent
es,enfocar,pt,focar,altered
es,enfoque,pt,enfoque,transparent
es,enfrentamiento,pt,enfrentamento,transparent
es,enfrentar,pt,enfrentar,transparent
es,enfriar,pt,esfriar,altered
es,enfurecer,pt,enfurecer,transparent
es,engañar,pt,enganar,altered
es,engaño,pt,engano,transparent
es,engañoso,pt,enganoso,altered
es,englobar,pt,englobar,transparent
es,engomar,pt,gomar,altered
es,engordar,pt,engordar,transparent
es,engranaje,pt,engrenagem,altered
es,engullir,pt,engolir,altered
es,enigmático,pt,enigmático,transparent
es,enjambre,pt,enxame,altered
es,enlace,pt,enlace,transparent
es,enloquecer,pt,enlouquecer,transparent
es,enmarcar,pt,enquadrar,altered
es,enmendar,pt,emendar,altered
es,enmienda,pt,emendar,altered
es,enorme,pt,enorme,transparent
es,enredo,pt,enredo,transparent
es,enriquecer,pt,enriquecer,transparent
es,enriquecimiento,pt,enriquecimento,transparent
es,enrollar,pt,enrolar,altered
es,ensalada,pt,salada,altered
es,ensayar,pt,ensaiar,altered
es,ensayo,pt,ensaio,transparent
es,ensenada,pt,enseada,transparent
es,enseñar,pt,ensinar,altered
es,ensuciar,pt,sujar,altered
es,ente,pt,ente,transparent
es,entender,pt,entender,transparent
es,entendido,pt,entendido,transparent
es,entendimiento,pt,entendimento,transparent
es,enteramente,pt,inteiramente,altered
es,enterar,pt,inteirar,altered
es,entero,pt,inteiro,altered
es,enterrar,pt,enterrar,transparent
es,entidad,pt,entidade,transparent
es,entierro,pt,enterro,altered
es,entonar,pt,entoar,altered
es,entonces,pt,então,altered
es,entorno,pt,entornar,transparent
es,entrabar,pt,entravar,altered
es,entrada,pt,entrar,transparent
es,entrar,pt,entrar,transparent
es,entraña,pt,entranha,altered
es,entre,pt,entre,transparent
es,entrega,pt,entregar,transparent
es,entregar,pt,entregar,transparent
es,entrenador,pt,treinador,altered
es,entrenamiento,pt,treinamento,altered
es,entrenar,pt,treinar,altered
es,entretanto,pt,entretanto,transparent
es,entretener,pt,entreter,transparent
es,entretenimiento,pt,entretenimento,transparent
es,entrevistador,pt,entrevistador,transparent
es,entrevistar,pt,entrevistar,transparent
es,entristecer,pt,entristecer,transparent
es,entusiasmar,pt,entusiasmar,transparent
es,entusiasmo,pt,entusiasmo,transparent
es,entusiasta,pt,entusiasta,transparent
es,enumerar,pt,enumerar,transparent
es,enunciado,pt,enunciar,transparent
es,envejecer,pt,envelhecer,altered
es,envejecimiento,pt,envelhecimento,transparent
es,envenenamiento,pt,envenenamento,transparent
es,envenenar,pt,envenenar,transparent
es,enviado,pt,enviar,transparent
es,enviar,pt,enviar,transparent
es,envidiar,pt,invejar,altered
es,envidioso,pt,invejoso,altered
es,envolver,pt,envolver,transparent
es,envés,pt,invés,altered
es,envío,pt,envio,transparent
es,enzima,pt,enzima,transparent
es,enérgico,pt,enérgico,transparent
es,epicentro,pt,epicentro,transparent
es,epilepsia,pt,epilepsia,transparent
es,episcopal,pt,episcopal,transparent
es,episodio,pt,episódio,transparent
es,epoca,pt,época,transparent
es,epístola,pt,epístola,transparent
es,equidad,pt,equidade,transparent
es,equilibrado,pt,equilibrar,transparent
es,equilibrar,pt,equilibrar,transparent
es,equilibrio,pt,equilíbrio,transparent
es,equipado,pt,equipar,transparent
es,equipamiento,pt,equipamento,altered
es,equipar,pt,equipar,transparent
es,equiparar,pt,equiparar,transparent
es,equivalencia,pt,equivalência,transparent
es,equivalente,pt,equivalente,transparent
es,equivaler,pt,equivaler,transparent
es,equivocar,pt,equivocar,transparent
es,erección,pt,ereção,altered
es,erguir,pt,erguer,altered
es,erigir,pt,erigir,transparent
es,erosión,pt,erosão,transparent
es,erradicación,pt,erradicação,transparent
es,erradicar,pt,erradicar,transparent
es,errante,pt,errante,transparent
es,errar,pt,errar,transparent
es,error,pt,erro,transparent
es,erróneamente,pt,erroneamente,transparent
es,erudito,pt,erudito,transparent
es,erupción,pt,erupção,transparent
es,erótico,pt,erótico,transparent
es,escala,pt,escalar,transparent
es,escalada,pt,escada,altered
es,escalar,pt,escalar,transparent
es,escalera,pt,escada,altered
es,escalinata,pt,escadaria,altered
es,escandaloso,pt,escandaloso,transparent
es,escandinavo,pt,escandinavo,transparent
es,escanear,pt,escanear,transparent
es,escapada,pt,escapar,transparent
es,escapar,pt,escapar,transparent
es,escape,pt,escape,transparent
es,escasez,pt,escassez,altered
es,escaso,pt,escasso,transparent
es,escena,pt,cena,altered
es,escenario,pt,cenário,altered
es,esclarecer,pt,esclarecer,transparent
es,esclavizar,pt,escravizar,altered
es,esclavo,pt,escravo,altered
es,escoba,pt,escovar,altered
es,escocés,pt,escocês,transparent
es,escoger,pt,escolher,altered
es,escolar,pt,escolar,transparent
es,escolta,pt,escoltar,transparent
es,escoltar,pt,escoltar,transparent
es,esconder,pt,esconder,transparent
es,escondite,pt,esconderijo,altered
es,escoria,pt,escória,transparent
es,escorpión,pt,escorpião,altered
es,escriba,pt,escriba,transparent
es,escribano,pt,escrivão,altered
es,escribir,pt,escrever,altered
es,escrito,pt,escrito,transparent
es,escritor,pt,escritor,transparent
es,escritorio,pt,escritório,altered
es,escritura,pt,escriturar,transparent
es,escrutinio,pt,escrutínio,transparent
es,escrúpulo,pt,escrúpulo,transparent
es,escuadra,pt,esquadrar,altered
es,escuadrón,pt,esquadrão,altered
es,escucha,pt,escutar,altered
es,escuchar,pt,escutar,altered
es,escudero,pt,escudeiro,altered
es,escudo,pt,escudo,transparent
es,escuela,pt,escola,altered
es,esculpir,pt,esculpir,transparent
es,escultor,pt,escultor,transparent
es,escultura,pt,esculturar,transparent
es,escupir,pt,cuspir,altered
es,escándalo,pt,escândalo,transparent
es,escáner,pt,scanner,transparent
es,escénico,pt,cenário,altered
es,escéptico,pt,cético,altered
es,ese,pt,esse,altered
es,esencia,pt,essência,altered
es,esencial,pt,essencial,transparent
es,esencialmente,pt,essencialmente,transparent
es,esfera,pt,esfera,transparent
es,esforzar,pt,esforçar,altered
es,esfuerzo,pt,esforço,altered
es,esgrimir,pt,esgrimir,transparent
es,eslogan,pt,slogan,altered
es,esmalte,pt,esmalte,transparent
es,esmeralda,pt,esmeralda,transparent
es,espacial,pt,espacial,transparent
es,espacio,pt,espaço,altered
es,espacioso,pt,espaçoso,altered
es,espantar,pt,espantar,transparent
es,espanto,pt,espanto,transparent
es,espantoso,pt,espantoso,transparent
es,esparcir,pt,espalhar,altered
es,españa,pt,espanha,transparent
es,español,pt,espanhol,altered
es,especial,pt,especial,transparent
es,especialidad,pt,especialidade,transparent
es,especialista,pt,especialista,transparent
es,especialización,pt,especialização,transparent
es,especializar,pt,especializado,transparent
es,especialmente,pt,especialmente,transparent
es,especie,pt,espécie,transparent
es,especificación,pt,especificação,transparent
es,especificar,pt,especificar,transparent
es,espectacular,pt,espetacular,altered
es,espectador,pt,espectador,transparent
es,espectro,pt,espectro,transparent
es,espectáculo,pt,espetáculo,altered
es,especulación,pt,especulação,transparent
es,especular,pt,especular,transparent
es,especulativo,pt,especulativo,transparent
es,específicamente,pt,especificamente,transparent
es,específico,pt,específico,transparent
es,espejo,pt,espelho,altered
es,espera,pt,esperar,transparent
es,esperanza,pt,esperançar,transparent
es,esperar,pt,esperar,transparent
es,esperma,pt,esperma,transparent
es,espeso,pt,espesso,transparent
es,espesor,pt,espessura,altered
es,espiar,pt,espiar,transparent
es,espina,pt,espinhar,altered
es,espinar,pt,espinhar,altered
es,espino,pt,espinho,altered
es,espionaje,pt,espionagem,altered
es,espiral,pt,espiral,transparent
es,espiritu,pt,espírito,altered
es,espiritual,pt,espiritual,transparent
es,espiritualidad,pt,espiritualidade,transparent
es,esplendor,pt,esplendor,transparent
es,espléndido,pt,esplêndido,transparent
es,esponja,pt,esponjar,transparent
es,espontáneamente,pt,espontaneamente,transparent
es,espontáneo,pt,espontâneo,altered
es,esporádico,pt,esporádico,transparent
es,esposar,pt,esposar,transparent
es,esposo,pt,esposo,transparent
es,espuma,pt,espumar,transparent
es,espía,pt,espiar,transparent
es,espíritu,pt,espírito,altered
es,esqueleto,pt,esqueleto,transparent
es,esquema,pt,esquema,transparent
es,esquina,pt,esquinar,transparent
es,esquivar,pt,esquivar,transparent
es,esquizofrenia,pt,esquizofrenia,transparent
es,esquí,pt,esqui,transparent
es,estabilidad,pt,estabilidade,transparent
es,estabilización,pt,estabilização,transparent
es,estabilizar,pt,estabilizar,transparent
es,estable,pt,estável,transparent
es,establecer,pt,estabelecer,altered
es,establecimiento,pt,estabelecimento,altered
es,establo,pt,estábulo,altered
es,estaca,pt,estacar,transparent
es,estacion,pt,estação,altered
es,estacionamiento,pt,estacionamento,transparent
es,estacionar,pt,estacionar,transparent
es,estación,pt,estação,transparent
es,estadio,pt,estádio,transparent
es,estadista,pt,estadista,transparent
es,estadounidense,pt,estadunidense,altered
es,estadía,pt,estadia,transparent
es,estadística,pt,estatística,altered
es,estadísticamente,pt,estatisticamente,transparent
es,estadístico,pt,estatístico,transparent
es,estallar,pt,estalar,altered
es,estampa,pt,estampar,transparent
es,estampado,pt,estampar,transparent
es,estampar,pt,estampar,transparent
es,estancar,pt,estancar,transparent
es,estandarte,pt,estandarte,transparent
es,estante,pt,estante,transparent
es,estar,pt,estar,transparent
es,estaria,pt,estar,transparent
es,estatal,pt,estadual,altered
es,estatua,pt,estátua,transparent
es,estatura,pt,estatura,transparent
es,estatus,pt,status,altered
es,estatuto,pt,estatuto,transparent
es,este,pt,este,transparent
es,estela,pt,estelar,transparent
es,estelar,pt,estelar,transparent
es,estereotipo,pt,estereótipo,transparent
es,esterilización,pt,esterilização,transparent
es,estigma,pt,estigma,transparent
es,estilista,pt,estilista,transparent
es,estilo,pt,estilo,transparent
es,estima,pt,estimar,transparent
es,estimación,pt,estimação,transparent
es,estimar,pt,estimar,transparent
es,estimulación,pt,estimulação,transparent
es,estimulante,pt,estimulante,transparent
es,estimular,pt,estimular,transparent
es,estipular,pt,estipular,transparent
es,estirar,pt,esticar,altered
es,estofado,pt,estufar,altered
es,estrada,pt,estradar,transparent
es,estrago,pt,estrago,transparent
es,estrangular,pt,estrangular,transparent
es,estrategia,pt,estratégia,transparent
es,estrato,pt,estrato,transparent
es,estratégico,pt,estratégico,transparent
es,estraño,pt,estranho,transparent
es,estrechar,pt,estreitar,altered
es,estrecho,pt,estreito,altered
es,estrella,pt,estrelar,altered
es,estremecer,pt,estremecer,transparent
es,estrenar,pt,estreiar,transparent
es,estreno,pt,estreiar,altered
es,estresante,pt,estressante,transparent
es,estresar,pt,estressar,transparent
es,estrictamente,pt,estritamente,altered
es,estricto,pt,estrito,transparent
es,estructura,pt,estruturar,transparent
es,estructural,pt,estrutural,altered
es,estructurar,pt,estruturar,altered
es,estrés,pt,estresse,transparent
es,estudiante,pt,estudante,altered
es,estudiantil,pt,estudantil,transparent
es,estudiar,pt,estudar,altered
es,estudio,pt,estudo,altered
es,estudioso,pt,estudioso,transparent
es,estufa,pt,estufar,transparent
es,estupefacto,pt,estupefato,altered
es,estupida,pt,estúpido,transparent
es,estupidez,pt,estupidez,transparent
es,estupido,pt,estúpido,transparent
es,estática,pt,estático,transparent
es,estático,pt,estático,transparent
es,estéril,pt,estéril,transparent
es,estética,pt,estético,transparent
es,estético,pt,estético,transparent
es,estímulo,pt,estímulo,transparent
es,estómago,pt,estômago,transparent
es,estúpido,pt,estúpido,transparent
es,eta,pt,eta,transparent
es,etapa,pt,etapa,transparent
es,eternamente,pt,eternamente,transparent
es,eternidad,pt,eternidade,transparent
es,eterno,pt,eterno,transparent
es,etiqueta,pt,etiquetar,transparent
es,etiquetado,pt,etiquetar,transparent
es,etiquetar,pt,etiquetar,transparent
es,etnia,pt,etnia,transparent
es,eucaristía,pt,eucaristia,transparent
es,euforia,pt,euforia,transparent
es,eugenia,pt,eugenia,transparent
es,euro,pt,euro,transparent
es,europa,pt,europa,transparent
es,europeo,pt,europeu,transparent
es,eutanasia,pt,eutanásia,altered
es,evacuación,pt,evacuação,transparent
es,evacuado,pt,evacuar,transparent
es,evacuar,pt,evacuar,transparent
es,evaluación,pt,avaliação,altered
es,evaluar,pt,avaliar,altered
es,evangelio,pt,evangelho,altered
es,evangelista,pt,evangelista,transparent
es,evangelización,pt,evangelização,transparent
es,evangélico,pt,evangélico,transparent
es,evaporar,pt,evaporar,transparent
es,evasión,pt,evasão,altered
es,evento,pt,evento,transparent
es,eventual,pt,eventual,transparent
es,eventualmente,pt,eventualmente,transparent
es,evidencia,pt,evidência,transparent
es,evidenciar,pt,evidenciar,transparent
es,evidente,pt,evidente,transparent
es,evidentemente,pt,evidentemente,transparent
es,evitar,pt,evitar,transparent
es,evocar,pt,evocar,transparent
es,evolucionar,pt,evoluir,altered
es,evolución,pt,evolução,transparent
es,evolutivo,pt,evolutivo,transparent
es,ex,pt,ex,transparent
es,exactamente,pt,exatamente,transparent
es,exactitud,pt,exatidão,altered
es,exacto,pt,exato,altered
es,exagerar,pt,exagerar,transparent
es,exaltación,pt,exaltação,transparent
es,exaltado,pt,exaltado,transparent
es,examen,pt,exame,transparent
es,examinar,pt,examinar,transparent
es,excavación,pt,escavação,altered
es,excedente,pt,excedente,transparent
es,exceder,pt,exceder,transparent
es,excelencia,pt,excelência,transparent
es,excelente,pt,excelente,transparent
es,excepcional,pt,excepcional,transparent
es,excepcionalmente,pt,excepcionalmente,transparent
es,excepción,pt,exceção,altered
es,excepto,pt,exceto,altered
es,excesivo,pt,excessivo,transparent
es,exceso,pt,excesso,transparent
es,excitación,pt,excitação,transparent
es,excitante,pt,excitante,transparent
es,excitar,pt,excitar,transparent
es,exclamar,pt,exclamar,transparent
es,excluir,pt,excluir,transparent
es,exclusiva,pt,exclusivo,transparent
es,exclusivamente,pt,exclusivamente,transparent
es,exclusividad,pt,exclusividade,transparent
es,exclusivo,pt,exclusivo,transparent
es,exclusión,pt,exclusão,transparent
es,excursión,pt,excursão,transparent
es,excéntrico,pt,excêntrico,transparent
es,exento,pt,isento,altered
es,exhaustivo,pt,exaustivo,altered
es,exhausto,pt,exausto,transparent
es,exhibición,pt,exibição,altered
es,exhibir,pt,exibir,altered
es,exhortar,pt,exortar,altered
es,exigencia,pt,exigência,transparent
es,exigente,pt,exigente,transparent
es,exigir,pt,exigir,transparent
es,exiliado,pt,exilar,altered
es,exilio,pt,exílio,transparent
es,existencia,pt,existência,transparent
es,existencial,pt,existencial,transparent
es,existente,pt,existente,transparent
es,existir,pt,existir,transparent
es,exito,pt,êxito,transparent
es,exonerar,pt,exonerar,transparent
es,expandir,pt,expandir,transparent
es,expansión,pt,expansão,transparent
es,expectación,pt,expectativa,altered
es,expectativa,pt,expectativa,transparent
es,expedición,pt,expedição,transparent
es,expediente,pt,expediente,transparent
es,expedir,pt,expedir,transparent
es,experiencia,pt,experiência,transparent
es,experimentación,pt,experimentação,transparent
es,experimental,pt,experimental,transparent
es,experimentar,pt,experimentar,transparent
es,experimento,pt,experimento,transparent
es,expiatorio,pt,expiatório,transparent
es,expirar,pt,expirar,transparent
es,explanada,pt,esplanada,altered
es,explicación,pt,explicação,transparent
es,explicar,pt,explicar,transparent
es,explicativo,pt,explicativo,transparent
es,exploración,pt,exploração,altered
es,explorador,pt,explorador,transparent
es,explorar,pt,explorar,transparent
es,explosionar,pt,explodir,altered
es,explosivo,pt,explosivo,transparent
es,explosión,pt,explosão,altered
es,explotación,pt,exploração,altered
es,explícito,pt,explícito,transparent
es,expo,pt,expo,transparent
es,exponencial,pt,exponencial,transparent
es,exponente,pt,expoente,altered
es,exponer,pt,expor,altered
es,exportación,pt,exportação,transparent
es,exportador,pt,exportador,transparent
es,exportar,pt,exportar,transparent
es,exposición,pt,exposição,altered
es,expresar,pt,expressar,transparent
es,expresion,pt,expressão,altered
es,expresivo,pt,expressivo,transparent
es,expresión,pt,expressão,altered
es,expreso,pt,expresso,transparent
es,exprimir,pt,exprimir,transparent
es,expropiación,pt,expropriação,transparent
es,expulsar,pt,expulsar,transparent
es,expulsión,pt,expulsão,altered
es,exquisito,pt,esquisito,altered
es,extender,pt,estender,altered
es,extensivo,pt,extensivo,transparent
es,extensión,pt,extensão,altered
es,extenso,pt,extenso,transparent
es,exterior,pt,exterior,transparent
es,exterminar,pt,exterminar,transparent
es,exterminio,pt,extermínio,transparent
es,externar,pt,externar,transparent
es,externo,pt,externo,transparent
es,extinción,pt,extinção,altered
es,extinguir,pt,extinguir,transparent
es,extinto,pt,extinto,transparent
es,extorsión,pt,extorsão,transparent
es,extra,pt,extra,transparent
es,extracción,pt,extração,altered
es,extradición,pt,extradição,transparent
es,extraer,pt,extrair,altered
es,extranjero,pt,estrangeiro,altered
es,extraordinariamente,pt,extraordinariamente,transparent
es,extraordinario,pt,extraordinário,transparent
es,extraterrestre,pt,extraterrestre,transparent
es,extravagante,pt,extravagante,transparent
es,extrañamente,pt,estranhamente,altered
es,extrañar,pt,estranhar,altered
es,extraño,pt,estranho,altered
es,extremadamente,pt,extremamente,altered
es,extremar,pt,extremar,transparent
es,extremidad,pt,extremidade,transparent
es,extremista,pt,extremista,transparent
es,extremo,pt,extremo,transparent
es,exótico,pt,exótico,transparent
es,eólico,pt,eólico,transparent
es,fabricación,pt,fabricação,transparent
es,fabricante,pt,fabricante,transparent
es,fabricar,pt,fabricar,transparent
es,fabuloso,pt,fabuloso,transparent
es,faca,pt,faca,transparent
es,facción,pt,facção,transparent
es,facer,pt,fazer,altered
es,facha,pt,fachada,altered
es,fachada,pt,fachada,transparent
es,facial,pt,facial,transparent
es,facil,pt,fácil,transparent
es,facilidad,pt,facilidade,transparent
es,facilitar,pt,facilitar,transparent
es,facilmente,pt,facilmente,transparent
es,facto,pt,facto,transparent
es,factor,pt,fator,altered
es,factura,pt,faturar,altered
es,facturación,pt,faturação,altered
es,facultad,pt,faculdade,altered
es,faja,pt,faixar,altered
es,fake,pt,fake,transparent
es,falcón,pt,falcão,altered
es,falla,pt,falhar,altered
es,fallar,pt,falhar,transparent
es,fallecer,pt,falecer,transparent
es,fallecido,pt,falecido,transparent
es,fallecimiento,pt,falecimento,altered
es,fallir,pt,falir,altered
es,falo,pt,falo,transparent
es,falsamente,pt,falsamente,transparent
es,falsear,pt,falsar,altered
es,falsedad,pt,falsidade,altered
es,falsificación,pt,falsificação,transparent
es,falsificar,pt,falsificar,transparent
es,falso,pt,falso,transparent
es,falta,pt,faltar,transparent
es,faltar,pt,faltar,transparent
es,fama,pt,fama,transparent
es,familia,pt,família,transparent
es,familiar,pt,familiar,transparent
es,familiarizar,pt,familiarizar,transparent
es,famoso,pt,famoso,transparent
es,fanatismo,pt,fanatismo,transparent
es,fantasiar,pt,fantasiar,transparent
es,fantasma,pt,fantasma,transparent
es,fantasía,pt,fantasiar,transparent
es,fantástico,pt,fantástico,transparent
es,fanático,pt,fanático,transparent
es,faraón,pt,faraó,transparent
es,farmacia,pt,farmácia,altered
es,farmacéutico,pt,farmacêutico,transparent
es,faro,pt,farol,altered
es,farol,pt,farol,transparent
es,farsa,pt,farsa,transparent
es,fascinante,pt,fascinante,transparent
es,fascinar,pt,fascinar,transparent
es,fascismo,pt,fascismo,transparent
es,fascista,pt,fascista,transparent
es,fase,pt,fase,transparent
es,fatal,pt,fatal,transparent
es,fatiga,pt,fadigar,altered
es,fauna,pt,fauna,transparent
es,fausto,pt,fausto,transparent
es,favor,pt,favor,transparent
es,favorable,pt,favorável,transparent
es,favorecer,pt,favorecer,transparent
es,favorito,pt,favorito,transparent
es,fax,pt,fax,transparent
es,faz,pt,face,altered
es,fe,pt,fé,transparent
es,febrero,pt,fevereiro,altered
es,federación,pt,federação,altered
es,federal,pt,federal,transparent
es,federativo,pt,federativo,transparent
es,feeling,pt,feeling,transparent
es,felicidad,pt,felicidade,transparent
es,felicitación,pt,felicitação,transparent
es,felicitar,pt,felicitar,transparent
es,felino,pt,felino,transparent
es,feliz,pt,feliz,transparent
es,felizmente,pt,felizmente,transparent
es,femenino,pt,feminino,transparent
es,feminismo,pt,feminismo,transparent
es,feminista,pt,feminista,transparent
es,fenomenal,pt,fenomenal,transparent
es,fenómeno,pt,fenômeno,transparent
es,feo,pt,feio,altered
es,feria,pt,feirar,altered
es,feriar,pt,feriar,transparent
es,fermentación,pt,fermentação,transparent
es,fermentar,pt,fermentar,transparent
es,feroz,pt,feroz,transparent
es,ferrar,pt,ferrar,transparent
es,ferro,pt,ferro,transparent
es,ferroviario,pt,ferroviário,transparent
es,ferry,pt,ferry,transparent
es,fertilidad,pt,fertilidade,transparent
es,fertilizante,pt,fertilizante,transparent
es,fervor,pt,fervor,transparent
es,festejar,pt,festejar,transparent
es,festejo,pt,festejar,altered
es,festival,pt,festival,transparent
es,festividad,pt,festividade,transparent
es,festivo,pt,festivo,transparent
es,fetal,pt,fetal,transparent
es,fetiche,pt,fetiche,transparent
es,feto,pt,feto,transparent
es,feudal,pt,feudal,transparent
es,fiable,pt,fiável,transparent
es,fianza,pt,fiança,altered
es,fiar,pt,fiar,transparent
es,fiasco,pt,fiasco,transparent
es,fibra,pt,fibra,transparent
es,ficción,pt,ficção,transparent
es,ficha,pt,fichar,transparent
es,fichar,pt,fichar,transparent
es,fichero,pt,ficheiro,altered
es,ficticio,pt,fictício,transparent
es,fidelidad,pt,fidelidade,transparent
es,fiebre,pt,febre,altered
es,fiel,pt,fiel,transparent
es,fielmente,pt,fielmente,transparent
es,fierro,pt,ferro,altered
es,fiesta,pt,festar,altered
es,figura,pt,figurar,transparent
es,figurar,pt,figurar,transparent
es,fijación,pt,fixação,altered
es,fijamente,pt,fixamente,altered
es,fijar,pt,fixar,altered
es,fijo,pt,fixo,transparent
es,fila,pt,filar,transparent
es,filar,pt,filar,transparent
es,filial,pt,filial,transparent
es,filiar,pt,filhar,altered
es,filipino,pt,filipino,altered
es,film,pt,filme,altered
es,filmación,pt,filmagem,altered
es,filmar,pt,filmar,transparent
es,filme,pt,filme,transparent
es,filosofia,pt,filosofia,transparent
es,filosofía,pt,filosofia,altered
es,filosófico,pt,filosófico,transparent
es,filtrado,pt,filtrar,transparent
es,filtrar,pt,filtrar,transparent
es,filtro,pt,filtro,transparent
es,filósofo,pt,filósofo,transparent
es,fin,pt,fim,altered
es,final,pt,final,transparent
es,finalidad,pt,finalidade,transparent
es,finalista,pt,finalista,transparent
es,finalización,pt,finalização,transparent
es,finalizar,pt,finalizar,transparent
es,finalmente,pt,finalmente,transparent
es,financiamiento,pt,financiamento,transparent
es,financiar,pt,financiar,transparent
es,financiera,pt,financeiro,altered
es,financiero,pt,financeiro,transparent
es,finanzas,pt,finanças,transparent
es,fingir,pt,fingir,transparent
es,finlandia,pt,finlândia,altered
es,finlandés,pt,finlandês,transparent
es,fino,pt,fino,transparent
es,firma,pt,firmar,transparent
es,firmar,pt,firmar,transparent
es,firme,pt,firme,transparent
es,firmemente,pt,firmemente,transparent
es,firmeza,pt,firmeza,transparent
es,fiscal,pt,fiscal,transparent
es,fiscalización,pt,fiscalização,transparent
es,fisicamente,pt,fisicamente,transparent
es,fisico,pt,físico,transparent
es,fisiología,pt,fisiologia,transparent
es,fisiológico,pt,fisiológico,transparent
es,flaco,pt,fraco,altered
es,flamenco,pt,flamengo,altered
es,flanco,pt,flanco,transparent
es,flauta,pt,flautar,transparent
es,flavio,pt,flávio,transparent
es,flecha,pt,flechar,transparent
es,flexibilidad,pt,flexibilidade,altered
es,flexible,pt,flexível,altered
es,flojo,pt,frouxo,altered
es,flor,pt,flor,transparent
es,flora,pt,florir,transparent
es,floral,pt,floral,transparent
es,florecer,pt,florescer,altered
es,florencia,pt,florença,altered
es,floresta,pt,florestar,transparent
es,florido,pt,florido,transparent
es,flota,pt,frota,altered
es,flotante,pt,flutuante,altered
es,flotar,pt,flutuar,altered
es,fluctuación,pt,flutuação,altered
es,fluido,pt,fluir,transparent
es,fluir,pt,fluir,transparent
es,flujo,pt,fluxo,altered
es,fluvial,pt,fluvial,transparent
es,fobia,pt,fobia,transparent
es,foco,pt,foco,transparent
es,focus,pt,foco,transparent
es,fofo,pt,fofo,transparent
es,fogata,pt,fogueira,altered
es,folclore,pt,folclore,transparent
es,folio,pt,folhar,altered
es,folklore,pt,folclore,transparent
es,folklórico,pt,folclórico,transparent
es,folleto,pt,folheto,altered
es,fomentar,pt,fomentar,transparent
es,fomento,pt,fomento,transparent
es,fondo,pt,fundo,altered
es,forastero,pt,forasteiro,altered
es,forense,pt,forense,transparent
es,forestal,pt,florestal,altered
es,forja,pt,forjar,transparent
es,forjado,pt,forjar,transparent
es,forjar,pt,forjar,transparent
es,forma,pt,formar,transparent
es,formacion,pt,formação,altered
es,formación,pt,formação,transparent
es,formador,pt,formador,transparent
es,formal,pt,formal,transparent
es,formalidad,pt,formalidade,altered
es,formalizar,pt,formalizar,transparent
es,formalmente,pt,formalmente,transparent
es,formar,pt,formar,transparent
es,formato,pt,formato,transparent
es,formidable,pt,formidável,transparent
es,formosa,pt,formoso,transparent
es,formulación,pt,formulação,transparent
es,formular,pt,formular,transparent
es,formulario,pt,formulário,transparent
es,foro,pt,fórum,altered
es,forro,pt,forro,transparent
es,fortalecimiento,pt,fortalecimento,transparent
es,fortuna,pt,fortuna,transparent
es,forum,pt,fórum,transparent
es,forzar,pt,forçar,altered
es,fosa,pt,fossar,altered
es,foso,pt,fosso,transparent
es,foto,pt,foto,transparent
es,fotografiar,pt,fotografar,altered
es,fotografía,pt,fotografia,altered
es,fotográfico,pt,fotográfico,transparent
es,fotógrafo,pt,fotógrafo,transparent
es,fracasado,pt,fracassar,transparent
es,fracasar,pt,fracassar,transparent
es,fracaso,pt,fracasso,altered
es,fracción,pt,fração,altered
es,fractura,pt,fraturar,altered
es,fracturar,pt,fraturar,altered
es,fraga,pt,fraga,transparent
es,fragancia,pt,fragrância,transparent
es,fragilidad,pt,fragilidade,transparent
es,fragmentación,pt,fragmentação,transparent
es,fragmentar,pt,fragmentar,transparent
es,fragmento,pt,fragmento,transparent
es,fraile,pt,frade,altered
es,francamente,pt,francamente,transparent
es,frances,pt,francês,transparent
es,francia,pt,frança,transparent
es,franciscano,pt,franciscano,transparent
es,francisco,pt,francisco,transparent
es,franco,pt,franco,transparent
es,francés,pt,francês,altered
es,franja,pt,franjar,transparent
es,franquicia,pt,franquiar,transparent
es,frasco,pt,frasco,transparent
es,frase,pt,frase,transparent
es,fraternidad,pt,fraternidade,altered
es,fraude,pt,fraude,transparent
es,fraudulento,pt,fraudulento,transparent
es,fray,pt,frei,altered
es,frecuencia,pt,frequência,transparent
es,frecuentar,pt,frequentar,altered
es,frecuente,pt,frequente,altered
es,frecuentemente,pt,frequentemente,transparent
es,frente,pt,frente,transparent
es,frenético,pt,frenético,transparent
es,fresco,pt,fresco,transparent
es,frescura,pt,frescura,transparent
es,freír,pt,fritar,altered
es,fricción,pt,fricção,transparent
es,frigorífico,pt,frigorífico,transparent
es,fritar,pt,fritar,transparent
es,frontal,pt,frontal,transparent
es,frontera,pt,fronteirar,altered
es,fronterizo,pt,fronteirar,altered
es,fructífero,pt,frutífero,altered
es,frustración,pt,frustração,transparent
es,frustrante,pt,frustrante,transparent
es,frustrar,pt,frustrar,transparent
es,frutar,pt,frutar,transparent
es,fruto,pt,fruto,transparent
es,frágil,pt,frágil,transparent
es,fríjol,pt,feijão,altered
es,frío,pt,frio,transparent
es,fuego,pt,fogo,altered
es,fuente,pt,fonte,altered
es,fuero,pt,foro,altered
es,fuerte,pt,forte,altered
es,fuertemente,pt,fortemente,altered
es,fuerza,pt,forçar,altered
es,fuga,pt,fuga,transparent
es,fugar,pt,fugir,altered
es,fugitivo,pt,fugitivo,transparent
es,fumar,pt,fumar,transparent
es,funcion,pt,função,altered
es,funcional,pt,funcional,transparent
es,funcionalidad,pt,funcionalidade,transparent
es,funcionamiento,pt,funcionamento,transparent
es,funcionar,pt,funcionar,transparent
es,funcionario,pt,funcionário,transparent
es,función,pt,função,altered
es,fundación,pt,fundação,transparent
es,fundador,pt,fundador,transparent
es,fundamental,pt,fundamental,transparent
es,fundamentalmente,pt,fundamentalmente,transparent
es,fundamentar,pt,fundamentar,transparent
es,fundamento,pt,fundamento,transparent
es,fundar,pt,fundar,transparent
es,fundición,pt,fundição,transparent
es,fundido,pt,fundir,transparent
es,fundir,pt,fundir,transparent
es,fundo,pt,fundo,transparent
es,funeral,pt,funeral,transparent
es,funeraria,pt,funerário,transparent
es,funerario,pt,funerário,transparent
es,funk,pt,funk,transparent
es,furia,pt,fúria,altered
es,furioso,pt,furioso,transparent
es,furtivo,pt,furtivo,transparent
es,fusil,pt,fuzil,altered
es,fusilar,pt,fuzilar,altered
es,fusión,pt,fusão,transparent
es,futbol,pt,futebol,altered
es,futbolístico,pt,futebolístico,transparent
es,futurista,pt,futurista,transparent
es,futuro,pt,futuro,transparent
es,fábrica,pt,fábrica,transparent
es,fábula,pt,fábula,transparent
es,fácil,pt,fácil,transparent
es,fácilmente,pt,facilmente,altered
es,fármaco,pt,fármaco,transparent
es,fé,pt,fé,transparent
es,fértil,pt,fértil,transparent
es,física,pt,físico,transparent
es,físicamente,pt,fisicamente,altered
es,físico,pt,físico,transparent
es,fórmula,pt,fórmula,transparent
es,fósforo,pt,fósforo,transparent
es,fósil,pt,fóssil,transparent
es,fúnebre,pt,fúnebre,transparent
es,fútbol,pt,futebol,altered
es,gabinete,pt,gabinete,transparent
es,gaceta,pt,gazeta,altered
es,galardón,pt,galardão,transparent
es,galaxia,pt,galáxia,transparent
es,galera,pt,galera,transparent
es,galería,pt,galeria,transparent
es,gales,pt,galês,altered
es,gallego,pt,galego,transparent
es,gallina,pt,galinha,altered
es,gallinero,pt,galinheiro,altered
es,gallo,pt,galo,altered
es,galo,pt,galo,transparent
es,galpón,pt,galpão,altered
es,galáctico,pt,galáctico,transparent
es,galán,pt,galã,altered
es,galés,pt,galês,transparent
es,galón,pt,galão,altered
es,gamer,pt,gamer,transparent
es,gaming,pt,gaming,transparent
es,ganadero,pt,gado,altered
es,ganado,pt,gado,altered
es,ganador,pt,ganhador,altered
es,ganancia,pt,ganho,altered
es,ganar,pt,ganhar,transparent
es,gancho,pt,gancho,transparent
es,ganso,pt,ganso,transparent
es,garage,pt,garagem,altered
es,garaje,pt,garagem,altered
es,garante,pt,garantir,transparent
es,garantizar,pt,garantir,transparent
es,garantía,pt,garantir,transparent
es,garganta,pt,garganta,transparent
es,garra,pt,garrar,transparent
es,garrafa,pt,garrafa,transparent
es,gas,pt,gás,transparent
es,gaseosa,pt,gasoso,transparent
es,gasolina,pt,gasolina,transparent
es,gastar,pt,gastar,transparent
es,gasto,pt,gasto,transparent
es,gastronomía,pt,gastronomia,transparent
es,gatear,pt,gatinhar,altered
es,gatillo,pt,gatilho,altered
es,gato,pt,gato,transparent
es,gaucho,pt,gaúcho,transparent
es,gaveta,pt,gaveta,transparent
es,gaviota,pt,gaivota,altered
es,gay,pt,gay,transparent
es,gel,pt,gel,transparent
es,gelatina,pt,gelatina,transparent
es,gema,pt,gemar,transparent
es,gemelo,pt,gêmeo,altered
es,gemido,pt,gemido,transparent
es,gemir,pt,gemer,altered
es,gene,pt,gene,transparent
es,generación,pt,geração,transparent
es,generador,pt,gerador,altered
es,general,pt,geral,transparent
es,generalidad,pt,generalidade,transparent
es,generalización,pt,generalização,transparent
es,generalizar,pt,generalizar,transparent
es,generalmente,pt,geralmente,transparent
es,generar,pt,gerar,altered
es,generosidad,pt,generosidade,transparent
es,generoso,pt,generoso,transparent
es,genial,pt,genial,transparent
es,genialidad,pt,genialidade,transparent
es,genio,pt,gênio,altered
es,genital,pt,genital,transparent
es,genitales,pt,genital,transparent
es,genocida,pt,genocida,transparent
es,genocidio,pt,genocídio,transparent
es,genoma,pt,genoma,transparent
es,gente,pt,gente,transparent
es,gentil,pt,gentil,transparent
es,gentío,pt,gentio,transparent
es,genuinamente,pt,genuinamente,transparent
es,genuino,pt,genuíno,transparent
es,genérico,pt,genérico,transparent
es,genética,pt,genético,transparent
es,genéticamente,pt,geneticamente,altered
es,genético,pt,genético,transparent
es,geografía,pt,geografia,transparent
es,geográfico,pt,geográfico,transparent
es,geología,pt,geologia,transparent
es,geológico,pt,geológico,transparent
es,geometría,pt,geometria,transparent
es,geométrico,pt,geométrico,transparent
es,geopolítica,pt,geopolítico,transparent
es,geopolítico,pt,geopolítico,transparent
es,george,pt,george,transparent
es,gerencia,pt,gerência,transparent
es,gerente,pt,gerente,transparent
es,germano,pt,germano,transparent
es,germán,pt,germano,altered
es,germánico,pt,germânico,altered
es,gestación,pt,gestação,transparent
es,gestionar,pt,gerir,altered
es,gestión,pt,gestão,transparent
es,gesto,pt,gesto,transparent
es,gestor,pt,gestor,transparent
es,gigante,pt,gigante,transparent
es,gigantesco,pt,gigantesco,transparent
es,gimnasia,pt,ginástico,altered
es,gimnasio,pt,ginásio,altered
es,ginebra,pt,genebra,altered
es,ginecólogo,pt,ginecologista,altered
es,gira,pt,girar,transparent
es,girar,pt,girar,transparent
es,girasol,pt,girassol,transparent
es,giratorio,pt,giratório,transparent
es,giro,pt,giro,transparent
es,gitano,pt,cigano,altered
es,gladiador,pt,gladiador,transparent
es,global,pt,global,transparent
es,globalización,pt,globalização,transparent
es,globo,pt,globo,transparent
es,gloria,pt,glória,altered
es,glorificar,pt,glorificar,transparent
es,glorioso,pt,glorioso,transparent
es,glucosa,pt,glicose,altered
es,gluten,pt,glúten,transparent
es,glándula,pt,glândula,transparent
es,glóbulo,pt,glóbulo,transparent
es,gobernación,pt,governação,transparent
es,gobernador,pt,governador,altered
es,gobernante,pt,governante,altered
es,gobernar,pt,governar,altered
es,gobierno,pt,governo,altered
es,goce,pt,gozo,altered
es,gol,pt,gol,transparent
es,golazo,pt,gol,altered
es,goleada,pt,golear,transparent
es,golf,pt,golfe,altered
es,golfo,pt,golfo,transparent
es,golpe,pt,golpe,transparent
es,golpear,pt,golpear,transparent
es,golpista,pt,golpista,transparent
es,goma,pt,gomar,transparent
es,gordito,pt,gordo,altered
es,gordo,pt,gordo,transparent
es,gorila,pt,gorila,transparent
es,gota,pt,gota,transparent
es,gourmet,pt,gourmet,transparent
es,gozar,pt,gozar,transparent
es,gozo,pt,gozo,transparent
es,grabación,pt,gravação,altered
es,grabado,pt,gravar,altered
es,grabadora,pt,gravador,altered
es,grabar,pt,gravar,transparent
es,gracia,pt,graça,transparent
es,gracioso,pt,engraçar,altered
es,grado,pt,grau,altered
es,graduación,pt,graduação,transparent
es,graduado,pt,graduar,transparent
es,gradual,pt,gradual,transparent
es,gradualmente,pt,gradualmente,transparent
es,graduar,pt,graduar,transparent
es,graffiti,pt,graffiti,transparent
es,gramatical,pt,gramatical,transparent
es,gramática,pt,gramático,transparent
es,granada,pt,granar,transparent
es,granado,pt,granar,transparent
es,grande,pt,grande,transparent
es,grandeza,pt,grandeza,transparent
es,grandioso,pt,grandioso,transparent
es,grandote,pt,grandão,altered
es,granito,pt,granito,transparent
es,granizo,pt,granizo,transparent
es,granja,pt,granja,transparent
es,grano,pt,grão,altered
es,grasa,pt,graxo,altered
es,grata,pt,grato,transparent
es,gratificante,pt,gratificante,transparent
es,gratis,pt,gratis,transparent
es,gratitud,pt,gratidão,altered
es,grato,pt,grato,transparent
es,gratuitamente,pt,gratuitamente,transparent
es,gratuito,pt,gratuito,transparent
es,gravar,pt,gravar,transparent
es,grave,pt,grave,transparent
es,gravedad,pt,gravidade,altered
es,gravemente,pt,gravemente,transparent
es,gravidez,pt,gravidez,transparent
es,grecia,pt,grécia,transparent
es,green,pt,green,transparent
es,grid,pt,grid,transparent
es,griego,pt,grego,altered
es,grillo,pt,grilo,altered
es,gringo,pt,gringo,transparent
es,gripe,pt,gripe,transparent
es,grita,pt,gritar,transparent
es,gritar,pt,gritar,transparent
es,grito,pt,grito,transparent
es,grosero,pt,grosseiro,altered
es,grosso,pt,grosso,transparent
es,grotesco,pt,grotesco,transparent
es,gruesa,pt,grosso,altered
es,grueso,pt,grosso,altered
es,grupo,pt,grupo,transparent
es,gruta,pt,gruta,transparent
es,gráfica,pt,gráfico,transparent
es,gráfico,pt,gráfico,transparent
es,guadalupe,pt,guadalupe,transparent
es,guaraní,pt,guarani,transparent
es,guarda,pt,guardar,transparent
es,guardar,pt,guardar,transparent
es,guardia,pt,guardar,altered
es,guardián,pt,guardião,altered
es,guarnición,pt,guarnição,transparent
es,guayana,pt,guiana,altered
es,gubernamental,pt,governamental,altered
es,guerra,pt,guerra,transparent
es,guerrera,pt,guerreiro,transparent
es,guerrero,pt,guerreiro,altered
es,guerrilla,pt,guerrilhar,altered
es,guerrillero,pt,guerrilheiro,altered
es,guiado,pt,guiar,transparent
es,guiar,pt,guiar,transparent
es,guillermo,pt,guilherme,altered
es,guion,pt,guião,transparent
es,guitarra,pt,guitarra,transparent
es,guitarrista,pt,guitarrista,transparent
es,guión,pt,guião,altered
es,gurú,pt,guru,transparent
es,gustar,pt,gostar,altered
es,gustaria,pt,gostar,altered
es,gustavo,pt,gustavo,transparent
es,gusto,pt,gosto,altered
es,guía,pt,guiar,transparent
es,género,pt,gênero,altered
es,gótico,pt,gótico,transparent
es,habano,pt,havano,altered
es,haber,pt,haver,altered
es,habilidad,pt,habilidade,transparent
es,habilitación,pt,habilitação,transparent
es,habilitado,pt,habilitar,transparent
es,habilitar,pt,habilitar,transparent
es,habitable,pt,habitável,altered
es,habitacion,pt,habitação,altered
es,habitacional,pt,habitacional,transparent
es,habitación,pt,habitação,transparent
es,habitante,pt,habitante,transparent
es,habitar,pt,habitar,transparent
es,habitual,pt,habitual,transparent
es,habitualmente,pt,habitualmente,transparent
es,habla,pt,falar,altered
es,hablante,pt,falante,altered
es,hablar,pt,falar,altered
es,hacer,pt,fazer,altered
es,hacienda,pt,fazenda,altered
es,hackear,pt,hackear,transparent
es,hacker,pt,hacker,transparent
es,haitiano,pt,haitiano,transparent
es,halcón,pt,falcão,altered
es,hallar,pt,achar,altered
es,halloween,pt,halloween,transparent
es,halo,pt,halo,transparent
es,hambriento,pt,faminto,altered
es,hamburgo,pt,hamburgo,transparent
es,hamburguesa,pt,hambúrguer,transparent
es,hardware,pt,hardware,transparent
es,harina,pt,farinha,altered
es,harto,pt,farto,altered
es,hasta,pt,até,altered
es,hawaii,pt,havaí,altered
es,hazaña,pt,façanha,altered
es,hebreo,pt,hebraico,altered
es,hechicero,pt,feiticeiro,altered
es,hechizo,pt,feitiço,altered
es,hecho,pt,feito,altered
es,hectárea,pt,hectare,transparent
es,hegemonía,pt,hegemonia,transparent
es,helada,pt,gelar,altered
es,helado,pt,gelar,altered
es,helar,pt,gelar,altered
es,heleno,pt,heleno,transparent
es,helicóptero,pt,helicóptero,transparent
es,helio,pt,hélio,altered
es,hemisferio,pt,hemisfério,altered
es,hemorragia,pt,hemorragia,transparent
es,henry,pt,henrique,altered
es,hepatitis,pt,hepatite,altered
es,hepática,pt,hepático,transparent
es,heredar,pt,herdar,altered
es,heredero,pt,herdeiro,altered
es,hereditario,pt,hereditário,transparent
es,hereje,pt,herege,altered
es,herejía,pt,heresia,altered
es,herencia,pt,herança,altered
es,herida,pt,ferir,altered
es,herido,pt,ferir,altered
es,herir,pt,ferir,altered
es,hermandad,pt,irmandade,altered
es,hermanito,pt,irmão,altered
es,hermano,pt,irmão,altered
es,hermes,pt,hermes,transparent
es,hernia,pt,hérnia,transparent
es,heroico,pt,heróico,transparent
es,heroína,pt,heroína,transparent
es,herradura,pt,ferradura,altered
es,herramienta,pt,ferramenta,altered
es,herrero,pt,ferreiro,altered
es,hetero,pt,hetero,transparent
es,heterosexual,pt,heterossexual,transparent
es,hidalgo,pt,fidalgo,altered
es,hidratante,pt,hidratante,transparent
es,hidrocarburo,pt,hidrocarboneto,altered
es,hidráulica,pt,hidráulico,transparent
es,hidráulico,pt,hidráulico,transparent
es,hidrógeno,pt,hidrogênio,altered
es,hielo,pt,gelo,altered
es,hierba,pt,erva,altered
es,hierro,pt,ferro,altered
es,higiene,pt,higiene,transparent
es,higo,pt,figo,transparent
es,higuera,pt,figueira,altered
es,hijo,pt,filho,altered
es,hilo,pt,fio,altered
es,himno,pt,hino,altered
es,hinchada,pt,inchar,altered
es,hinchar,pt,inchar,transparent
es,hinchazón,pt,inchaço,altered
es,hindú,pt,hindu,transparent
es,hipertensión,pt,hipertensão,transparent
es,hipocresía,pt,hipocrisia,altered
es,hipopótamo,pt,hipopótamo,transparent
es,hipoteca,pt,hipotecar,transparent
es,hipotético,pt,hipotético,transparent
es,hippie,pt,hippie,transparent
es,hipócrita,pt,hipócrita,transparent
es,hipótesis,pt,hipótese,transparent
es,hispánico,pt,hispânico,transparent
es,histeria,pt,histeria,transparent
es,historia,pt,história,transparent
es,historiador,pt,historiador,transparent
es,historial,pt,historial,transparent
es,histérico,pt,histérico,transparent
es,históricamente,pt,historicamente,transparent
es,histórico,pt,histórico,transparent
es,históricos,pt,histórico,transparent
es,hit,pt,hit,transparent
es,hobby,pt,hobby,transparent
es,hocico,pt,focinho,altered
es,hockey,pt,hóquei,altered
es,hoguera,pt,fogueira,altered
es,hoja,pt,folhar,altered
es,holandés,pt,holandês,altered
es,holgar,pt,folgar,altered
es,holocausto,pt,holocausto,transparent
es,hombre,pt,homem,altered
es,hombro,pt,ombro,altered
es,homenaje,pt,homenagem,altered
es,homenajear,pt,homenagear,altered
es,homicida,pt,homicida,transparent
es,homicidio,pt,homicídio,transparent
es,homo,pt,homo,transparent
es,homofobia,pt,homofobia,transparent
es,homosexual,pt,homossexual,altered
es,homosexualidad,pt,homossexualidade,altered
es,hondo,pt,fundo,altered
es,hondureño,pt,hondurenho,altered
es,honestamente,pt,honestamente,transparent
es,honestidad,pt,honestidade,transparent
es,honesto,pt,honesto,transparent
es,hongo,pt,fungo,altered
es,honor,pt,honor,transparent
es,honorario,pt,honorário,transparent
es,honra,pt,honrar,transparent
es,honrar,pt,honrar,transparent
es,horario,pt,horário,transparent
es,horda,pt,horda,transparent
es,horizontal,pt,horizontal,transparent
es,horizonte,pt,horizonte,transparent
es,hormiga,pt,formiga,altered
es,hormona,pt,hormona,transparent
es,hormonal,pt,hormonal,transparent
es,horno,pt,forno,altered
es,horrendo,pt,horrendo,transparent
es,horrible,pt,horrível,altered
es,horriblemente,pt,horrivelmente,transparent
es,horripilante,pt,horripilante,transparent
es,horror,pt,horror,transparent
es,horroroso,pt,horroroso,transparent
es,hospedaje,pt,hospedagem,altered
es,hospedar,pt,hospedar,transparent
es,hospital,pt,hospital,transparent
es,hospitalario,pt,hospitalar,altered
es,hospitalidad,pt,hospitalidade,transparent
es,hostil,pt,hostil,transparent
es,hostilidad,pt,hostilidade,altered
es,hotel,pt,hotel,transparent
es,hotelero,pt,hoteleiro,altered
es,house,pt,house,transparent
es,hueco,pt,oco,altered
es,hueso,pt,osso,altered
es,huevo,pt,ovo,altered
es,hugo,pt,hugo,transparent
es,huida,pt,fuga,altered
es,humanidad,pt,humanidade,transparent
es,humanismo,pt,humanismo,transparent
es,humanista,pt,humanista,transparent
es,humanitario,pt,humanitário,transparent
es,humano,pt,humano,transparent
es,humareda,pt,fumaça,altered
es,humedad,pt,humidade,altered
es,humildad,pt,humildade,transparent
es,humilde,pt,humilde,transparent
es,humillación,pt,humilhação,altered
es,humillante,pt,humilhante,transparent
es,humillar,pt,humilhar,transparent
es,humo,pt,fumo,altered
es,humor,pt,humor,transparent
es,humorista,pt,humorista,transparent
es,humorístico,pt,humorístico,transparent
es,hundir,pt,afundar,altered
es,huracán,pt,furacão,altered
es,huérfano,pt,órfão,altered
es,huésped,pt,hóspede,altered
es,hábil,pt,hábil,transparent
es,hábitat,pt,habitat,altered
es,hábito,pt,hábito,transparent
es,hércules,pt,hércules,transparent
es,héroe,pt,herói,altered
es,híbrido,pt,híbrido,transparent
es,hídrico,pt,hídrico,transparent
es,hígado,pt,fígado,altered
es,húmedo,pt,húmido,transparent
es,húngaro,pt,húngaro,transparent
es,ibero,pt,ibero,transparent
es,ibérico,pt,ibérico,transparent
es,icono,pt,ícone,transparent
es,icónico,pt,icônico,transparent
es,idea,pt,ideia,transparent
es,ideal,pt,ideal,transparent
es,idealista,pt,idealista,transparent
es,idealizar,pt,idealizar,transparent
es,identidad,pt,identidade,transparent
es,identificación,pt,identificação,transparent
es,identificar,pt,identificar,transparent
es,ideología,pt,ideologia,transparent
es,ideológico,pt,ideológico,transparent
es,idioma,pt,idioma,transparent
es,idiota,pt,idiota,transparent
es,idiotez,pt,idiotice,altered
es,idéntico,pt,idêntico,altered
es,iglesia,pt,igreja,altered
es,iglú,pt,iglu,transparent
es,ignorancia,pt,ignorância,transparent
es,ignorante,pt,ignorante,transparent
es,ignorar,pt,ignorar,transparent
es,igual,pt,igual,transparent
es,iguala,pt,igualar,transparent
es,igualar,pt,igualar,transparent
es,igualdad,pt,igualdade,transparent
es,igualitario,pt,igualitário,transparent
es,igualmente,pt,igualmente,transparent
es,ilegal,pt,ilegal,transparent
es,ilegalidad,pt,ilegalidade,transparent
es,ilegalmente,pt,ilegalmente,transparent
es,ilegítimo,pt,ilegítimo,transparent
es,ileso,pt,ileso,transparent
es,ilimitado,pt,ilimitado,transparent
es,iluminación,pt,iluminação,transparent
es,iluminado,pt,iluminar,transparent
es,iluminar,pt,iluminar,transparent
es,ilusion,pt,ilusão,altered
es,ilusión,pt,ilusão,transparent
es,iluso,pt,iludir,altered
es,ilustración,pt,ilustração,transparent
es,ilustrador,pt,ilustrador,transparent
es,ilustrar,pt,ilustrar,transparent
es,ilustrativo,pt,ilustrativo,transparent
es,ilustre,pt,ilustre,transparent
es,ilícito,pt,ilícito,transparent
es,imagen,pt,imagem,transparent
es,imagenes,pt,imagem,altered
es,imaginación,pt,imaginação,transparent
es,imaginar,pt,imaginar,transparent
es,imaginaria,pt,imaginário,transparent
es,imaginario,pt,imaginário,transparent
es,imbecil,pt,imbecil,transparent
es,imbécil,pt,imbecil,transparent
es,imitación,pt,imitação,altered
es,imitar,pt,imitar,transparent
es,impaciencia,pt,impaciência,transparent
es,impaciente,pt,impaciente,transparent
es,impactante,pt,impactante,transparent
es,impactar,pt,impactar,transparent
es,impacto,pt,impacto,transparent
es,impar,pt,ímpar,transparent
es,imparcial,pt,imparcial,transparent
es,imparcialidad,pt,imparcialidade,transparent
es,impecable,pt,impecável,transparent
es,impedido,pt,impedir,transparent
es,impedimento,pt,impedimento,transparent
es,impedir,pt,impedir,transparent
es,impensable,pt,impensável,transparent
es,imperativo,pt,imperativo,transparent
es,imperfección,pt,imperfeição,transparent
es,imperfecto,pt,imperfeito,altered
es,imperial,pt,imperial,transparent
es,imperialismo,pt,imperialismo,transparent
es,imperialista,pt,imperialista,transparent
es,imperio,pt,império,transparent
es,implacable,pt,implacável,transparent
es,implantación,pt,implantação,transparent
es,implantar,pt,implantar,transparent
es,implante,pt,implante,transparent
es,implementación,pt,implementação,transparent
es,implementar,pt,implementar,transparent
es,implicación,pt,implicação,transparent
es,implicado,pt,implicar,transparent
es,implicar,pt,implicar,transparent
es,implorar,pt,implorar,transparent
es,implícito,pt,implícito,transparent
es,imponente,pt,imponente,transparent
es,imponer,pt,impor,altered
es,impopular,pt,impopular,transparent
es,importación,pt,importação,transparent
es,importador,pt,importador,transparent
es,importancia,pt,importância,transparent
es,importante,pt,importante,transparent
es,importantísimo,pt,importante,transparent
es,importar,pt,importar,transparent
es,importe,pt,importe,transparent
es,imposibilidad,pt,impossibilidade,transparent
es,imposible,pt,impossível,transparent
es,imposición,pt,imposição,transparent
es,impostor,pt,impostor,transparent
es,impotencia,pt,impotência,transparent
es,impotente,pt,impotente,transparent
es,impreciso,pt,impreciso,transparent
es,impredecible,pt,imprevisível,altered
es,imprenta,pt,imprensar,altered
es,imprescindible,pt,imprescindível,altered
es,impresion,pt,impressão,transparent
es,impresionante,pt,impressionante,transparent
es,impresionar,pt,impressionar,transparent
es,impresión,pt,impressão,altered
es,impreso,pt,impresso,altered
es,impresora,pt,impressor,altered
es,imprevisto,pt,imprevisto,transparent
es,imprimir,pt,imprimir,transparent
es,improbable,pt,improvável,altered
es,impropio,pt,impróprio,transparent
es,improvisación,pt,improvisação,transparent
es,improvisar,pt,improvisar,transparent
es,imprudente,pt,imprudente,transparent
es,impuesto,pt,imposto,altered
es,impulsar,pt,impulsionar,altered
es,impulsivo,pt,impulsivo,transparent
es,impulso,pt,impulso,transparent
es,impune,pt,impune,transparent
es,impunidad,pt,impunidade,altered
es,imágen,pt,imagem,altered
es,inaccesible,pt,inacessível,altered
es,inaceptable,pt,inaceitável,altered
es,inactividad,pt,inatividade,altered
es,inactivo,pt,inativo,altered
es,inadecuado,pt,inadequado,altered
es,inadmisible,pt,inadmissível,altered
es,inalcanzable,pt,inalcançável,transparent
es,inapropiado,pt,inapropriado,transparent
es,inauguración,pt,inauguração,transparent
es,inaugural,pt,inaugural,transparent
es,inaugurar,pt,inaugurar,transparent
es,inca,pt,inca,transparent
es,incansable,pt,incansável,altered
es,incapacidad,pt,incapacidade,transparent
es,incapaz,pt,incapaz,transparent
es,incendiar,pt,incendiar,transparent
es,incendiario,pt,incendiário,transparent
es,incendio,pt,incêndio,transparent
es,incentivar,pt,incentivar,transparent
es,incentivo,pt,incentivo,transparent
es,incesto,pt,incesto,transparent
es,incidencia,pt,incidência,transparent
es,incidente,pt,incidente,transparent
es,incidir,pt,incidir,transparent
es,incienso,pt,incenso,altered
es,incierto,pt,incerto,transparent
es,incisión,pt,incisão,altered
es,inciso,pt,inciso,transparent
es,incitar,pt,incitar,transparent
es,inclinación,pt,inclinação,transparent
es,inclinar,pt,inclinar,transparent
es,incluir,pt,incluir,transparent
es,inclusive,pt,inclusive,transparent
es,inclusivo,pt,inclusivo,transparent
es,inclusión,pt,inclusão,transparent
es,incluso,pt,incluso,transparent
es,incoherencia,pt,incoerência,transparent
es,incoherente,pt,incoerente,transparent
es,incomodar,pt,incomodar,transparent
es,incomodo,pt,incômodo,transparent
es,incomparable,pt,incomparável,transparent
es,incompatibilidad,pt,incompatibilidade,transparent
es,incompatible,pt,incompatível,transparent
es,incompetencia,pt,incompetência,transparent
es,incompetente,pt,incompetente,transparent
es,incompleto,pt,incompleto,transparent
es,incomprensible,pt,incompreensível,altered
es,incondicional,pt,incondicional,transparent
es,inconformidad,pt,inconformidade,transparent
es,inconsciente,pt,inconsciente,transparent
es,inconscientemente,pt,inconscientemente,transparent
es,inconsistencia,pt,inconsistência,transparent
es,inconstitucional,pt,inconstitucional,transparent
es,inconstitucionalidad,pt,inconstitucionalidade,transparent
es,incontable,pt,incontável,transparent
es,incontrolable,pt,incontrolável,transparent
es,inconveniente,pt,inconveniente,transparent
es,incorporación,pt,incorporação,transparent
es,incorporar,pt,incorporar,transparent
es,incredulidad,pt,incredulidade,altered
es,increible,pt,incrível,transparent
es,incrementar,pt,incrementar,transparent
es,incremento,pt,incremento,transparent
es,increíble,pt,incrível,transparent
es,increíblemente,pt,incrivelmente,altered
es,incurrir,pt,incorrer,transparent
es,incursión,pt,incursão,transparent
es,incógnita,pt,incógnito,transparent
es,incómodo,pt,incómodo,transparent
es,indagar,pt,indagar,transparent
es,indebido,pt,indevido,altered
es,indecente,pt,indecente,transparent
es,indeciso,pt,indeciso,transparent
es,indefenso,pt,indefeso,altered
es,indefinidamente,pt,indefinidamente,transparent
es,indefinido,pt,indefinido,transparent
es,indemnización,pt,indemnização,transparent
es,independencia,pt,independência,transparent
es,independiente,pt,independente,altered
es,independientemente,pt,independentemente,transparent
es,indescriptible,pt,indescritível,altered
es,indeseable,pt,indesejável,transparent
es,indeterminado,pt,indeterminar,transparent
es,indiano,pt,indiano,transparent
es,indicación,pt,indicação,transparent
es,indicador,pt,indicador,transparent
es,indicar,pt,indicar,transparent
es,indicativo,pt,indicativo,transparent
es,indicio,pt,indício,transparent
es,indiferencia,pt,indiferença,transparent
es,indiferente,pt,indiferente,transparent
es,indignación,pt,indignação,transparent
es,indignar,pt,indignar,transparent
es,indigno,pt,indigno,transparent
es,indio,pt,índio,altered
es,indirecta,pt,indireta,transparent
es,indirectamente,pt,indiretamente,altered
es,indirecto,pt,indireto,altered
es,indiscriminado,pt,indiscriminado,transparent
es,indiscutible,pt,indiscutível,transparent
es,indispensable,pt,indispensável,altered
es,individual,pt,individual,transparent
es,individualidad,pt,individualidade,transparent
es,individualmente,pt,individualmente,transparent
es,individuo,pt,indivíduo,altered
es,indonesio,pt,indonésio,altered
es,inducción,pt,indução,transparent
es,inducido,pt,induzir,altered
es,inducir,pt,induzir,altered
es,industria,pt,indústria,transparent
es,industrial,pt,industrial,transparent
es,industrialización,pt,industrialização,transparent
es,indígena,pt,indígena,transparent
es,ineficaz,pt,ineficaz,transparent
es,ineficiencia,pt,ineficiência,transparent
es,ineficiente,pt,ineficiente,transparent
es,inequívoco,pt,inequívoco,transparent
es,inercia,pt,inércia,transparent
es,inerte,pt,inerte,transparent
es,inesperadamente,pt,inesperadamente,transparent
es,inesperado,pt,inesperado,transparent
es,inevitable,pt,inevitável,transparent
es,inevitablemente,pt,inevitavelmente,altered
es,inexistente,pt,inexistente,transparent
es,inexplicable,pt,inexplicável,transparent
es,infalible,pt,infalível,transparent
es,infame,pt,infame,transparent
es,infancia,pt,infância,transparent
es,infante,pt,infante,transparent
es,infantería,pt,infantaria,altered
es,infantil,pt,infantil,transparent
es,infeccioso,pt,infeccioso,transparent
es,infección,pt,infecção,transparent
es,infectar,pt,infectar,transparent
es,infeliz,pt,infeliz,transparent
es,infelizmente,pt,infelizmente,transparent
es,inferior,pt,inferior,transparent
es,inferioridad,pt,inferioridade,transparent
es,infernal,pt,infernal,transparent
es,infidelidad,pt,infidelidade,transparent
es,infiel,pt,infiel,transparent
es,infierno,pt,inferno,transparent
es,infiltración,pt,infiltração,transparent
es,infiltrar,pt,infiltrar,transparent
es,infinidad,pt,infinidade,transparent
es,infinitamente,pt,infinitamente,transparent
es,infinito,pt,infinito,transparent
es,inflación,pt,inflação,transparent
es,inflamable,pt,inflamável,altered
es,inflamación,pt,inflamação,transparent
es,inflamar,pt,inflamar,transparent
es,inflamatorio,pt,inflamatório,transparent
es,inflar,pt,inflar,transparent
es,inflexible,pt,inflexível,transparent
es,inflexión,pt,inflexão,transparent
es,infligir,pt,infligir,transparent
es,influencia,pt,influência,altered
es,influenciar,pt,influenciar,transparent
es,influyente,pt,influente,transparent
es,informacion,pt,informação,transparent
es,información,pt,informação,transparent
es,informal,pt,informal,transparent
es,informante,pt,informante,transparent
es,informar,pt,informar,transparent
es,informativo,pt,informativo,transparent
es,informe,pt,informe,transparent
es,informático,pt,informático,transparent
es,infracción,pt,infração,altered
es,infraestructura,pt,infraestrutura,altered
es,infrarrojo,pt,infravermelho,altered
es,infringir,pt,infringir,transparent
es,infundado,pt,infundado,transparent
es,ingeniero,pt,engenheiro,altered
es,ingeniería,pt,engenharia,altered
es,ingenio,pt,engenho,altered
es,ingenioso,pt,engenhoso,altered
es,ingenuidad,pt,ingenuidade,transparent
es,ingenuo,pt,ingênuo,altered
es,ingerir,pt,ingerir,transparent
es,inglaterra,pt,inglaterra,transparent
es,inglés,pt,inglês,transparent
es,ingrato,pt,ingrato,transparent
es,ingrediente,pt,ingrediente,transparent
es,ingresar,pt,ingressar,transparent
es,ingreso,pt,ingresso,transparent
es,inherente,pt,inerente,altered
es,inhibición,pt,inibição,transparent
es,inhibidor,pt,inibidor,altered
es,inhibir,pt,inibir,transparent
es,iniciación,pt,iniciação,transparent
es,inicial,pt,inicial,transparent
es,inicialmente,pt,inicialmente,transparent
es,iniciar,pt,iniciar,transparent
es,inicio,pt,início,altered
es,inimaginable,pt,inimaginável,altered
es,injerto,pt,enxerto,altered
es,injuria,pt,injúria,transparent
es,injustamente,pt,injustamente,transparent
es,injusto,pt,injusto,transparent
es,inmaculado,pt,imaculado,altered
es,inmaduro,pt,imaturo,altered
es,inmediación,pt,imediação,altered
es,inmediatamente,pt,imediatamente,altered
es,inmediato,pt,imediato,altered
es,inmensamente,pt,imensamente,altered
es,inmenso,pt,imenso,transparent
es,inmersivo,pt,imersivo,altered
es,inmersión,pt,imersão,altered
es,inmerso,pt,imerso,altered
es,inmigración,pt,imigração,altered
es,inmigrante,pt,imigrante,altered
es,inminente,pt,iminente,altered
es,inmobiliaria,pt,imobiliário,altered
es,inmobiliario,pt,imobiliário,altered
es,inmoral,pt,imoral,transparent
es,inmortal,pt,imortal,transparent
es,inmortalidad,pt,imortalidade,transparent
es,inmueble,pt,imóvel,altered
es,inmundo,pt,imundo,altered
es,inmune,pt,imune,altered
es,inmunidad,pt,imunidade,altered
es,inmunológico,pt,imunológico,transparent
es,inmóvil,pt,imóvel,altered
es,innato,pt,inato,transparent
es,innegable,pt,inegável,altered
es,innovación,pt,inovação,transparent
es,innovador,pt,inovador,altered
es,innovar,pt,inovar,altered
es,inocencia,pt,inocência,transparent
es,inocente,pt,inocente,transparent
es,inofensivo,pt,inofensivo,transparent
es,inquietante,pt,inquietante,transparent
es,inquietar,pt,inquietar,transparent
es,inquieto,pt,inquieto,transparent
es,inquilino,pt,inquilino,transparent
es,inquisición,pt,inquisição,transparent
es,insatisfacción,pt,insatisfação,altered
es,insatisfecho,pt,insatisfeito,altered
es,inscripción,pt,inscrição,altered
es,insecto,pt,inseto,altered
es,inseguridad,pt,insegurança,altered
es,inseguro,pt,inseguro,transparent
es,insensato,pt,insensato,transparent
es,insensible,pt,insensível,transparent
es,inseparable,pt,inseparável,transparent
es,inserción,pt,inserção,altered
es,insignia,pt,insígnia,transparent
es,insignificante,pt,insignificante,transparent
es,insinuar,pt,insinuar,transparent
es,insistencia,pt,insistência,transparent
es,insistente,pt,insistente,transparent
es,insistir,pt,insistir,transparent
es,insomnio,pt,insônia,altered
es,insoportable,pt,insuportável,altered
es,insostenible,pt,insustentável,altered
es,inspeccionar,pt,inspecionar,altered
es,inspección,pt,inspeção,transparent
es,inspector,pt,inspector,transparent
es,inspiración,pt,inspiração,transparent
es,inspirador,pt,inspirador,transparent
es,inspirar,pt,inspirar,transparent
es,instagram,pt,instagram,transparent
es,instalación,pt,instalação,transparent
es,instalar,pt,instalar,transparent
es,instancia,pt,instância,transparent
es,instante,pt,instante,transparent
es,instantánea,pt,instantâneo,transparent
es,instantáneamente,pt,instantaneamente,altered
es,instantáneo,pt,instantâneo,transparent
es,instaurar,pt,instaurar,transparent
es,instinto,pt,instinto,transparent
es,institucional,pt,institucional,transparent
es,institución,pt,instituição,transparent
es,instituir,pt,instituir,transparent
es,instituto,pt,instituto,transparent
es,instrucción,pt,instrução,altered
es,instructor,pt,instrutor,altered
es,instruir,pt,instruir,transparent
es,instrumental,pt,instrumental,transparent
es,instrumento,pt,instrumento,transparent
es,insuficiencia,pt,insuficiência,transparent
es,insuficiente,pt,insuficiente,transparent
es,insular,pt,insular,transparent
es,insulina,pt,insulina,transparent
es,insultar,pt,insultar,transparent
es,insulto,pt,insulto,transparent
es,insumo,pt,insumo,transparent
es,insurgente,pt,insurgente,transparent
es,insurrección,pt,insurreição,altered
es,intacto,pt,intacto,transparent
es,integración,pt,integração,transparent
es,integral,pt,integral,transparent
es,integrante,pt,integrante,transparent
es,integrar,pt,integrar,transparent
es,integridad,pt,integridade,transparent
es,intelecto,pt,intelecto,transparent
es,intelectual,pt,intelectual,transparent
es,inteligencia,pt,inteligência,transparent
es,inteligente,pt,inteligente,transparent
es,intencion,pt,intenção,transparent
es,intencionado,pt,intencionado,transparent
es,intencional,pt,intencional,transparent
es,intencionalmente,pt,intencionalmente,transparent
es,intención,pt,intenção,altered
es,intensamente,pt,intensamente,transparent
es,intensidad,pt,intensidade,transparent
es,intensificar,pt,intensificar,transparent
es,intensivo,pt,intensivo,transparent
es,intenso,pt,intenso,transparent
es,intento,pt,intento,transparent
es,interacción,pt,interação,altered
es,interactivo,pt,interativo,altered
es,interactuar,pt,interagir,altered
es,intercalar,pt,intercalar,transparent
es,intercambio,pt,intercâmbio,altered
es,interceptar,pt,interceptar,transparent
es,interes,pt,interesse,altered
es,interesado,pt,interessar,transparent
es,interesante,pt,interessante,altered
es,interesar,pt,interessar,transparent
es,interfaz,pt,interface,transparent
es,interferencia,pt,interferência,transparent
es,interferir,pt,interferir,transparent
es,interino,pt,interino,transparent
es,interior,pt,interior,transparent
es,interlocutor,pt,interlocutor,transparent
es,intermediar,pt,intermediar,transparent
es,intermediario,pt,intermediário,transparent
es,intermedio,pt,intermédio,altered
es,interminable,pt,interminável,transparent
es,intermitente,pt,intermitente,transparent
es,internacional,pt,internacional,transparent
es,internacionalmente,pt,internacionalmente,transparent
es,internado,pt,internar,transparent
es,internamente,pt,internamente,transparent
es,internar,pt,internar,transparent
es,internet,pt,internet,transparent
es,interno,pt,interno,transparent
es,interpol,pt,interpol,transparent
es,interpretación,pt,interpretação,altered
es,interpretar,pt,interpretar,transparent
es,interrogación,pt,interrogação,transparent
es,interrogar,pt,interrogar,transparent
es,interrogatorio,pt,interrogatório,altered
es,interrumpir,pt,interromper,altered
es,interrupción,pt,interrupção,transparent
es,interruptor,pt,interruptor,transparent
es,intersección,pt,intersecção,transparent
es,intervalo,pt,intervalo,transparent
es,intervención,pt,intervenção,transparent
es,intervenir,pt,intervir,altered
es,interventor,pt,interventor,transparent
es,interés,pt,interesse,altered
es,intestinal,pt,intestinal,transparent
es,intestino,pt,intestino,transparent
es,intimar,pt,intimar,transparent
es,intimidación,pt,intimidação,transparent
es,intimidad,pt,intimidade,transparent
es,intimidar,pt,intimidar,transparent
es,intitular,pt,intitular,transparent
es,intocable,pt,intocável,transparent
es,intolerable,pt,intolerável,transparent
es,intolerancia,pt,intolerância,transparent
es,intolerante,pt,intolerante,transparent
es,intoxicación,pt,intoxicação,transparent
es,intriga,pt,intrigar,transparent
es,intrigar,pt,intrigar,transparent
es,introducción,pt,introdução,transparent
es,introducir,pt,introduzir,altered
es,intromisión,pt,intromissão,altered
es,intrusión,pt,intrusão,transparent
es,intruso,pt,intruso,transparent
es,intrínseco,pt,intrínseco,transparent
es,intuición,pt,intuição,transparent
es,intuitivo,pt,intuitivo,transparent
es,intérprete,pt,intérprete,transparent
es,inundación,pt,inundação,transparent
es,inundado,pt,inundar,transparent
es,inundar,pt,inundar,transparent
es,invadir,pt,invadir,transparent
es,invalidar,pt,invalidar,transparent
es,invasión,pt,invasão,transparent
es,invasor,pt,invasor,transparent
es,invencible,pt,invencível,transparent
es,invención,pt,invenção,transparent
es,inventar,pt,inventar,transparent
es,inventario,pt,inventário,transparent
es,invento,pt,invento,transparent
es,inventor,pt,inventor,transparent
es,inversa,pt,inverso,transparent
es,inversión,pt,inversão,transparent
es,inverso,pt,inverso,transparent
es,invertido,pt,invertido,transparent
es,invertir,pt,investir,altered
es,investidura,pt,investidura,transparent
es,investigacion,pt,investigação,transparent
es,investigación,pt,investigação,transparent
es,investigador,pt,investigador,transparent
es,investigar,pt,investigar,transparent
es,investir,pt,investir,transparent
es,inviable,pt,inviável,transparent
es,invicto,pt,invicto,transparent
es,invierno,pt,inverno,transparent
es,invisible,pt,invisível,transparent
es,invocar,pt,invocar,transparent
es,involuntario,pt,involuntário,transparent
es,inválido,pt,inválido,transparent
es,inyección,pt,injeção,altered
es,inyectar,pt,injetar,altered
es,inédito,pt,inédito,transparent
es,inútil,pt,inútil,transparent
es,ipad,pt,ipad,transparent
es,ir,pt,ir,transparent
es,ira,pt,irar,transparent
es,iraní,pt,iraniano,altered
es,iraquí,pt,iraquiano,altered
es,iris,pt,íris,transparent
es,irlandés,pt,irlandês,altered
es,ironía,pt,ironia,transparent
es,irracional,pt,irracional,transparent
es,irradiar,pt,irradiar,transparent
es,irreal,pt,irreal,transparent
es,irregular,pt,irregular,transparent
es,irregularidad,pt,irregularidade,transparent
es,irrelevante,pt,irrelevante,transparent
es,irresistible,pt,irresistível,altered
es,irresponsabilidad,pt,irresponsabilidade,transparent
es,irresponsable,pt,irresponsável,transparent
es,irreversible,pt,irreversível,transparent
es,irritación,pt,irritação,transparent
es,irritante,pt,irritante,transparent
es,irritar,pt,irritar,transparent
es,irónicamente,pt,ironicamente,transparent
es,irónico,pt,irônico,transparent
es,isabel,pt,isabel,transparent
es,isla,pt,ilhar,altered
es,islam,pt,islamismo,altered
es,isleño,pt,ilhéu,altered
es,islámico,pt,islâmico,transparent
es,israelita,pt,israelita,transparent
es,israelí,pt,israelita,altered
es,italia,pt,itália,transparent
es,italiano,pt,italiano,transparent
es,itinerante,pt,itinerante,transparent
es,itinerario,pt,itinerário,transparent
es,izar,pt,içar,altered
es,izquierdista,pt,esquerdista,altered
es,izquierdo,pt,esquerdo,altered
es,jabalí,pt,javali,altered
es,jabón,pt,sabão,altered
es,jacinto,pt,jacinto,transparent
es,jade,pt,jade,transparent
es,jaguar,pt,jaguar,transparent
es,jamás,pt,jamais,transparent
es,japonés,pt,japonês,transparent
es,japón,pt,japão,altered
es,jardin,pt,jardim,altered
es,jardinero,pt,jardineiro,altered
es,jardinería,pt,jardinagem,altered
es,jardín,pt,jardim,altered
es,jarra,pt,jarra,transparent
es,jarrita,pt,jarra,transparent
es,jaula,pt,jaula,transparent
es,jazmín,pt,jasmim,altered
es,jazz,pt,jazz,transparent
es,jean,pt,jeans,transparent
es,jeep,pt,jeep,transparent
es,jefe,pt,chefe,altered
es,jengibre,pt,gengibre,altered
es,jeque,pt,xeque,altered
es,jerarquía,pt,hierarquia,transparent
es,jersey,pt,jersey,transparent
es,jerusalén,pt,jerusalém,altered
es,jerárquico,pt,hierárquico,altered
es,jesuita,pt,jesuíta,altered
es,jesús,pt,jesus,transparent
es,joker,pt,joker,transparent
es,jornada,pt,jornada,transparent
es,josé,pt,josé,transparent
es,joven,pt,jovem,altered
es,jovencito,pt,jovem,altered
es,jovenes,pt,jovem,altered
es,joya,pt,joia,altered
es,judicial,pt,judicial,transparent
es,judío,pt,judeu,altered
es,juego,pt,jogo,altered
es,juez,pt,juiz,altered
es,jugada,pt,jogar,transparent
es,jugador,pt,jogador,altered
es,jugar,pt,jogar,altered
es,juicio,pt,juízo,altered
es,juliano,pt,juliano,transparent
es,julio,pt,julho,altered
es,junio,pt,junho,altered
es,junior,pt,júnior,altered
es,junta,pt,juntar,transparent
es,juntamente,pt,juntamente,transparent
es,juntar,pt,juntar,transparent
es,junto,pt,junto,transparent
es,jura,pt,jurar,transparent
es,jurado,pt,jurar,transparent
es,juramento,pt,juramento,transparent
es,jurar,pt,jurar,transparent
es,jurisdicción,pt,jurisdição,transparent
es,jurisprudencia,pt,jurisprudência,altered
es,jurista,pt,jurista,transparent
es,jurídico,pt,jurídico,transparent
es,justa,pt,justar,transparent
es,justamente,pt,justamente,transparent
es,justicia,pt,justiçar,transparent
es,justiciero,pt,justiceiro,transparent
es,justificación,pt,justificação,transparent
es,justificar,pt,justificar,transparent
es,justo,pt,justo,transparent
es,juvenil,pt,juvenil,transparent
es,juventud,pt,juventude,transparent
es,juzgado,pt,julgar,altered
es,juzgamiento,pt,julgamento,altered
es,juzgar,pt,julgar,altered
es,jóven,pt,jovem,altered
es,júnior,pt,júnior,transparent
es,júpiter,pt,júpiter,transparent
es,kaiser,pt,kaiser,transparent
es,karaoke,pt,karaoke,transparent
es,kazajistán,pt,cazaquistão,altered
es,kilo,pt,quilo,transparent
es,kilómetro,pt,quilômetro,transparent
es,kiosco,pt,quiosque,altered
es,kit,pt,kit,transparent
es,kremlin,pt,kremlin,transparent
es,kurdo,pt,curdo,altered
es,kuwait,pt,kuwait,transparent
es,laberinto,pt,labirinto,altered
es,labial,pt,labial,transparent
es,labio,pt,lábio,altered
es,labor,pt,labor,transparent
es,laboral,pt,laboral,transparent
es,laborar,pt,lavrar,altered
es,laboratorio,pt,laboratório,altered
es,labrador,pt,lavrador,altered
es,labrar,pt,lavrar,altered
es,lado,pt,lado,transparent
es,ladrar,pt,ladrar,transparent
es,ladrón,pt,ladrão,altered
es,lagartija,pt,lagartixa,altered
es,lagarto,pt,lagarto,transparent
es,lago,pt,lago,transparent
es,laguna,pt,laguna,transparent
es,laico,pt,laico,transparent
es,lama,pt,lama,transparent
es,lamentable,pt,lamentável,transparent
es,lamentablemente,pt,lamentavelmente,transparent
es,lamentar,pt,lamentar,transparent
es,lamento,pt,lamento,transparent
es,lamparilla,pt,lampião,altered
es,lana,pt,lã,altered
es,lance,pt,lance,transparent
es,land,pt,land,transparent
es,langosta,pt,lagosta,altered
es,lanza,pt,lançar,transparent
es,lanzada,pt,lançar,altered
es,lanzador,pt,lançador,transparent
es,lanzamiento,pt,lançamento,altered
es,lanzar,pt,lançar,altered
es,lapso,pt,lapso,transparent
es,lapsus,pt,lapso,altered
es,laptop,pt,laptop,transparent
es,lar,pt,lar,transparent
es,larga,pt,largar,transparent
es,largamente,pt,largamente,transparent
es,largar,pt,largar,transparent
es,largo,pt,largo,transparent
es,larva,pt,larva,transparent
es,laser,pt,laser,transparent
es,lata,pt,lata,transparent
es,latente,pt,latente,transparent
es,lateral,pt,lateral,transparent
es,latido,pt,latir,transparent
es,latin,pt,latim,altered
es,latino,pt,latino,transparent
es,latir,pt,latir,transparent
es,latitud,pt,latitude,transparent
es,latín,pt,latim,transparent
es,latón,pt,latão,altered
es,laura,pt,laura,transparent
es,laurel,pt,louro,altered
es,lava,pt,lavar,transparent
es,lavada,pt,lavar,transparent
es,lavado,pt,lavar,transparent
es,lavandería,pt,lavanderia,transparent
es,lavar,pt,lavar,transparent
es,lave,pt,lavar,transparent
es,lazo,pt,laço,transparent
es,leal,pt,leal,transparent
es,lealtad,pt,lealdade,transparent
es,lección,pt,lição,altered
es,leche,pt,leite,altered
es,lecho,pt,leito,altered
es,lector,pt,leitor,altered
es,lectura,pt,leitura,altered
es,leer,pt,ler,altered
es,legado,pt,legar,transparent
es,legal,pt,legal,transparent
es,legalidad,pt,legalidade,transparent
es,legalización,pt,legalização,altered
es,legalizar,pt,legalizar,transparent
es,legalmente,pt,legalmente,transparent
es,legar,pt,legar,transparent
es,legislación,pt,legislação,transparent
es,legislador,pt,legislador,transparent
es,legislar,pt,legislar,transparent
es,legislativo,pt,legislativo,transparent
es,legislatura,pt,legislatura,transparent
es,legitimar,pt,legitimar,transparent
es,legitimidad,pt,legitimidade,transparent
es,legión,pt,legião,altered
es,legua,pt,légua,transparent
es,legumbre,pt,legume,transparent
es,legítima,pt,legítimo,transparent
es,legítimo,pt,legítimo,transparent
es,lema,pt,lema,transparent
es,lengua,pt,língua,altered
es,lenguaje,pt,linguagem,altered
es,lentamente,pt,lentamente,transparent
es,lente,pt,lente,transparent
es,lentitud,pt,lentidão,altered
es,lento,pt,lento,transparent
es,leopardo,pt,leopardo,transparent
es,lesbiana,pt,lésbico,altered
es,lesionado,pt,lesionar,transparent
es,lesionar,pt,lesionar,transparent
es,lesión,pt,lesão,altered
es,leste,pt,leste,transparent
es,letal,pt,letal,transparent
es,letra,pt,letra,transparent
es,leucemia,pt,leucemia,transparent
es,levadura,pt,levedura,altered
es,levantamiento,pt,levantamento,transparent
es,levantar,pt,levantar,transparent
es,levante,pt,levante,transparent
es,leve,pt,leve,transparent
es,levemente,pt,levemente,transparent
es,ley,pt,lei,altered
es,leyenda,pt,lenda,transparent
es,leña,pt,lenhar,altered
es,león,pt,leão,altered
es,liar,pt,liar,transparent
es,libanés,pt,libanês,transparent
es,liberación,pt,libertação,altered
es,liberado,pt,liberar,transparent
es,liberador,pt,libertador,transparent
es,liberal,pt,liberal,transparent
es,liberalismo,pt,liberalismo,transparent
es,liberar,pt,liberar,transparent
es,libertad,pt,liberdade,altered
es,libertador,pt,libertador,transparent
es,libertar,pt,libertar,transparent
es,libertario,pt,libertário,transparent
es,libio,pt,líbio,transparent
es,librado,pt,librar,transparent
es,librar,pt,livrar,altered
es,libre,pt,livre,transparent
es,libremente,pt,livremente,altered
es,libro,pt,livro,altered
es,licenciado,pt,licenciar,transparent
es,licenciatura,pt,licenciatura,transparent
es,liceo,pt,liceu,altered
es,licitación,pt,licitação,transparent
es,licor,pt,licor,transparent
es,lider,pt,líder,transparent
es,liderar,pt,liderar,transparent
es,liderazgo,pt,liderança,altered
es,lidiar,pt,lidar,altered
es,liebre,pt,lebre,altered
es,lienzo,pt,linho,altered
es,liga,pt,ligar,transparent
es,ligación,pt,ligação,transparent
es,ligado,pt,ligar,transparent
es,ligamento,pt,ligamento,transparent
es,ligar,pt,ligar,transparent
es,ligeramente,pt,ligeiramente,altered
es,ligero,pt,ligeiro,transparent
es,lila,pt,lilás,altered
es,lima,pt,limar,transparent
es,limar,pt,limar,transparent
es,limbo,pt,limbo,transparent
es,limitación,pt,limitação,transparent
es,limitar,pt,limitar,transparent
es,limpia,pt,limpo,altered
es,limpiador,pt,limpador,transparent
es,limpiar,pt,limpar,altered
es,limpieza,pt,limpeza,altered
es,limpio,pt,limpo,altered
es,limón,pt,limão,altered
es,linaje,pt,linhagem,altered
es,lindar,pt,lindar,transparent
es,lindo,pt,lindo,transparent
es,lineal,pt,linear,transparent
es,lineamiento,pt,alinhamento,altered
es,linear,pt,linear,transparent
es,lingüista,pt,linguista,altered
es,lingüística,pt,linguístico,altered
es,lingüístico,pt,linguístico,transparent
es,lino,pt,linho,altered
es,linterna,pt,lanterna,altered
es,liquidación,pt,liquidação,altered
es,liquidar,pt,liquidar,transparent
es,lira,pt,lira,transparent
es,lisa,pt,liso,transparent
es,lisboa,pt,lisboa,transparent
es,liso,pt,liso,transparent
es,lista,pt,listar,transparent
es,listado,pt,listar,transparent
es,listar,pt,listar,transparent
es,literal,pt,literal,transparent
es,literalmente,pt,literalmente,transparent
es,literario,pt,literário,altered
es,literatura,pt,literatura,transparent
es,litigio,pt,litígio,transparent
es,litio,pt,lítio,transparent
es,litoral,pt,litoral,transparent
es,litro,pt,litro,transparent
es,liturgia,pt,liturgia,transparent
es,litúrgico,pt,litúrgico,transparent
es,llaga,pt,chaga,altered
es,llama,pt,chamar,altered
es,llamada,pt,chamar,altered
es,llamado,pt,chamar,altered
es,llamar,pt,chamar,altered
es,llamativo,pt,chamativo,altered
es,llano,pt,plano,transparent
es,llave,pt,chave,altered
es,llavero,pt,chaveiro,altered
es,llegada,pt,chegar,altered
es,llegar,pt,chegar,altered
es,lleno,pt,cheio,altered
es,llevada,pt,levar,altered
es,llevar,pt,levar,altered
es,llorar,pt,chorar,altered
es,lloro,pt,choro,altered
es,llorón,pt,chorão,altered
es,llover,pt,chover,altered
es,lluvia,pt,chuva,altered
es,lluvioso,pt,chuvoso,altered
es,loar,pt,louvar,altered
es,lobby,pt,lobby,transparent
es,lobo,pt,lobo,transparent
es,locación,pt,locação,transparent
es,local,pt,local,transparent
es,localidad,pt,localidade,altered
es,localización,pt,localização,transparent
es,localizar,pt,localizar,transparent
es,localmente,pt,localmente,transparent
es,loco,pt,louco,altered
es,locura,pt,loucura,transparent
es,locutor,pt,locutor,transparent
es,lodo,pt,lodo,transparent
es,logo,pt,logo,transparent
es,logos,pt,logos,transparent
es,lograr,pt,lograr,transparent
es,logística,pt,logístico,transparent
es,logístico,pt,logístico,transparent
es,lombriz,pt,lombriga,altered
es,lomo,pt,lombo,altered
es,lona,pt,lona,transparent
es,londinense,pt,londrino,altered
es,londres,pt,londres,transparent
es,longitud,pt,longitude,altered
es,longitudinal,pt,longitudinal,transparent
es,look,pt,look,transparent
es,lote,pt,lote,transparent
es,lotería,pt,loteria,transparent
es,louis,pt,luís,altered
es,love,pt,love,transparent
es,loza,pt,louça,transparent
es,lubricante,pt,lubrificante,altered
es,lucha,pt,lutar,altered
es,luchador,pt,lutador,transparent
es,luchar,pt,lutar,altered
es,luciano,pt,luciano,transparent
es,lucifer,pt,lúcifer,transparent
es,lucir,pt,luzir,transparent
es,lucrativo,pt,lucrativo,transparent
es,lucro,pt,lucro,transparent
es,ludo,pt,ludo,transparent
es,luengo,pt,longo,altered
es,lugar,pt,lugar,transparent
es,luis,pt,luiz,altered
es,lujo,pt,luxo,altered
es,lujoso,pt,luxuoso,altered
es,lujuria,pt,luxúria,altered
es,lumbar,pt,lombar,altered
es,luminosidad,pt,luminosidade,transparent
es,luminoso,pt,luminoso,transparent
es,luna,pt,lua,altered
es,lunar,pt,lunar,transparent
es,lupa,pt,lupa,transparent
es,luto,pt,luto,transparent
es,lux,pt,lux,transparent
es,luz,pt,luz,transparent
es,lácteo,pt,lácteo,transparent
es,lágrima,pt,lágrima,transparent
es,lámina,pt,lâmina,transparent
es,lámpara,pt,lâmpada,altered
es,lápida,pt,lápide,transparent
es,lápiz,pt,lápis,transparent
es,lésbico,pt,lésbico,transparent
es,líder,pt,líder,transparent
es,límite,pt,limite,altered
es,línea,pt,linha,altered
es,líquido,pt,líquido,transparent
es,lírica,pt,lírico,transparent
es,lírico,pt,lírico,transparent
es,lógica,pt,lógico,transparent
es,lógicamente,pt,logicamente,transparent
es,lógico,pt,lógico,transparent
es,lúcido,pt,lúcido,transparent
es,lúdico,pt,lúdico,transparent
es,macabro,pt,macabro,transparent
es,macaco,pt,macaco,transparent
es,machado,pt,machado,transparent
es,machismo,pt,machismo,transparent
es,machista,pt,machista,transparent
es,macho,pt,macho,transparent
es,machucar,pt,machucar,transparent
es,macizo,pt,maciço,transparent
es,macro,pt,macro,transparent
es,macroeconómico,pt,macroeconômico,transparent
es,madera,pt,madeirar,transparent
es,madrastra,pt,madrasta,altered
es,madre,pt,mãe,altered
es,madrugada,pt,madrugar,transparent
es,madrugar,pt,madrugar,altered
es,maduración,pt,maturação,altered
es,madurar,pt,madurar,transparent
es,maduro,pt,maduro,transparent
es,maestre,pt,mestre,altered
es,maestro,pt,mestre,altered
es,mafia,pt,máfia,altered
es,mafioso,pt,mafioso,transparent
es,magazine,pt,magazine,transparent
es,magdalena,pt,madalena,altered
es,magia,pt,magia,transparent
es,magisterio,pt,magistério,transparent
es,magistrado,pt,magistrado,transparent
es,magistratura,pt,magistratura,transparent
es,magnate,pt,magnata,altered
es,magnesio,pt,magnésio,transparent
es,magnificar,pt,magnificar,transparent
es,magnitud,pt,magnitude,transparent
es,magno,pt,magno,transparent
es,magnético,pt,magnético,transparent
es,magnífico,pt,magnífico,transparent
es,mago,pt,mago,transparent
es,magro,pt,magro,transparent
es,magullar,pt,magoar,altered
es,mail,pt,mail,transparent
es,majestad,pt,majestade,altered
es,majestuoso,pt,majestoso,transparent
es,mal,pt,mal,transparent
es,malaria,pt,malária,transparent
es,malasio,pt,malaio,transparent
es,malayo,pt,malaio,altered
es,maldad,pt,maldade,transparent
es,maldecir,pt,maldizer,altered
es,maldición,pt,maldição,transparent
es,maldito,pt,maldito,transparent
es,maleficio,pt,malefício,transparent
es,malicia,pt,malícia,transparent
es,malicioso,pt,malicioso,transparent
es,maligno,pt,maligno,transparent
es,malo,pt,mau,altered
es,malta,pt,maltar,transparent
es,maltratar,pt,maltratar,transparent
es,maluco,pt,maluco,transparent
es,malvado,pt,malvado,transparent
es,malware,pt,malware,transparent
es,malévolo,pt,malévolo,transparent
es,mama,pt,mamar,transparent
es,mamar,pt,mamar,transparent
es,mambo,pt,mambo,transparent
es,mamá,pt,mamãe,altered
es,mamífero,pt,mamífero,transparent
es,management,pt,management,transparent
es,manager,pt,manager,transparent
es,manantial,pt,manancial,transparent
es,manar,pt,manar,transparent
es,mancha,pt,manchar,transparent
es,manchar,pt,manchar,transparent
es,manda,pt,mandar,transparent
es,mandado,pt,mandar,transparent
es,mandamiento,pt,mandamento,transparent
es,mandar,pt,mandar,transparent
es,mandarina,pt,mandarim,transparent
es,mandarín,pt,mandarim,transparent
es,mandatario,pt,mandatário,transparent
es,mandato,pt,mandato,transparent
es,mando,pt,mando,transparent
es,mandíbula,pt,mandíbula,transparent
es,manejar,pt,manejar,transparent
es,manejo,pt,manejo,transparent
es,manera,pt,maneiro,altered
es,mango,pt,mango,transparent
es,manguera,pt,mangueira,transparent
es,manifestación,pt,manifestação,transparent
es,manifestante,pt,manifestante,transparent
es,manifestar,pt,manifestar,transparent
es,manifiesto,pt,manifesto,transparent
es,manija,pt,maçaneta,altered
es,maniobra,pt,manobrar,altered
es,maniobrar,pt,manobrar,altered
es,manipulación,pt,manipulação,transparent
es,manipulador,pt,manipulador,transparent
es,manipular,pt,manipular,transparent
es,manjar,pt,manjar,transparent
es,mano,pt,mão,altered
es,manojo,pt,molho,altered
es,mansión,pt,mansão,transparent
es,manso,pt,manso,transparent
es,manta,pt,mantar,transparent
es,manteca,pt,manteiga,altered
es,mantener,pt,manter,altered
es,mantenimiento,pt,manutenção,altered
es,mantequilla,pt,manteiga,altered
es,manto,pt,manto,transparent
es,manual,pt,manual,transparent
es,manualmente,pt,manualmente,transparent
es,manufactura,pt,manufaturar,transparent
es,manufacturar,pt,manufaturar,transparent
es,manuscrito,pt,manuscrito,transparent
es,manutención,pt,manutenção,transparent
es,manzana,pt,maçã,altered
es,manía,pt,manir,transparent
es,mapa,pt,mapa,transparent
es,maquillaje,pt,maquiagem,altered
es,maquinar,pt,maquinar,transparent
es,maquinaria,pt,maquinar,transparent
es,mar,pt,mar,transparent
es,maratón,pt,maratona,transparent
es,maravilla,pt,maravilhar,transparent
es,maravillar,pt,maravilhar,transparent
es,maravilloso,pt,maravilhoso,transparent
es,marca,pt,marcar,transparent
es,marcador,pt,marcador,transparent
es,marcar,pt,marcar,transparent
es,marcha,pt,marchar,transparent
es,marchar,pt,marchar,transparent
es,marcial,pt,marcial,transparent
es,marciano,pt,marciano,transparent
es,marea,pt,maré,transparent
es,marfil,pt,marfim,altered
es,margarita,pt,margarida,altered
es,margen,pt,margem,altered
es,marginal,pt,marginal,transparent
es,maria,pt,maria,transparent
es,marido,pt,marido,transparent
es,marihuana,pt,maconha,altered
es,marina,pt,marinhar,altered
es,marinar,pt,marinar,transparent
es,marine,pt,marinhar,altered
es,marinero,pt,marinheiro,altered
es,marino,pt,marinho,transparent
es,marioneta,pt,marionete,altered
es,mariscal,pt,marechal,altered
es,marisco,pt,marisco,transparent
es,marketing,pt,marketing,transparent
es,marqués,pt,marquês,transparent
es,marroquí,pt,marroquino,altered
es,marrueco,pt,marroquino,altered
es,marsella,pt,marselha,altered
es,marte,pt,marte,transparent
es,martillo,pt,martelo,altered
es,martirio,pt,martírio,transparent
es,martín,pt,martim,transparent
es,marxismo,pt,marxismo,transparent
es,marxista,pt,marxista,transparent
es,marzo,pt,março,altered
es,marítimo,pt,marítimo,transparent
es,mas,pt,mas,transparent
es,masa,pt,massa,transparent
es,masacrar,pt,massacrar,transparent
es,masacre,pt,massacre,altered
es,masaje,pt,massagem,altered
es,mascar,pt,mascar,transparent
es,mascarilla,pt,máscara,altered
es,masculinidad,pt,masculinidade,transparent
es,masculino,pt,masculino,transparent
es,masivo,pt,massivo,transparent
es,masonería,pt,maçonaria,altered
es,master,pt,master,transparent
es,masticar,pt,mastigar,altered
es,masturbación,pt,masturbação,transparent
es,masturbar,pt,masturbar,transparent
es,mata,pt,matar,transparent
es,matadero,pt,matadouro,altered
es,matador,pt,matador,transparent
es,matanza,pt,matança,altered
es,matar,pt,matar,transparent
es,mate,pt,mate,transparent
es,matemática,pt,matemático,transparent
es,matemático,pt,matemático,transparent
es,materia,pt,matéria,transparent
es,material,pt,material,transparent
es,materializar,pt,materializar,transparent
es,maternal,pt,maternal,transparent
es,maternidad,pt,maternidade,transparent
es,materno,pt,materno,transparent
es,matilda,pt,matilde,altered
es,matinal,pt,matinal,transparent
es,matricular,pt,matricular,transparent
es,matrimonial,pt,matrimonial,transparent
es,matriz,pt,matriz,transparent
es,matrícula,pt,matrícula,transparent
es,matutino,pt,matutino,transparent
es,mauritania,pt,mauritânia,transparent
es,mausoleo,pt,mausoléu,transparent
es,max,pt,max,transparent
es,maxi,pt,maxi,transparent
es,maximizar,pt,maximizar,transparent
es,maximo,pt,máximo,transparent
es,mayo,pt,maio,altered
es,mayonesa,pt,maionese,altered
es,mayor,pt,maior,altered
es,mayordomo,pt,mordomo,altered
es,mayoria,pt,maioria,altered
es,mayoritariamente,pt,maioritariamente,altered
es,mayoría,pt,maioria,altered
es,mayúscula,pt,maiúsculo,altered
es,maza,pt,maçar,transparent
es,mazo,pt,maço,altered
es,maíz,pt,milho,altered
es,maña,pt,manha,altered
es,mañana,pt,manhã,altered
es,mecanismo,pt,mecanismo,transparent
es,mecer,pt,mexer,altered
es,mecha,pt,mechar,transparent
es,mecánica,pt,mecânico,transparent
es,mecánico,pt,mecânico,transparent
es,medalla,pt,medalhar,altered
es,media,pt,médio,transparent
es,mediación,pt,mediação,transparent
es,mediador,pt,mediador,transparent
es,mediana,pt,mediano,transparent
es,mediano,pt,mediano,transparent
es,medianoche,pt,meia-noite,altered
es,mediante,pt,mediante,transparent
es,mediar,pt,mediar,transparent
es,medicación,pt,medicação,transparent
es,medical,pt,médico,altered
es,medicamento,pt,medicamento,transparent
es,medicar,pt,medicar,transparent
es,medicina,pt,medicinar,transparent
es,medicinal,pt,medicinal,transparent
es,medición,pt,medição,transparent
es,medida,pt,medida,transparent
es,medidor,pt,medidor,transparent
es,medieval,pt,medieval,transparent
es,medio,pt,meio,altered
es,medioambiental,pt,ambiental,altered
es,mediocre,pt,medíocre,transparent
es,mediocridad,pt,mediocridade,transparent
es,mediodía,pt,meio-dia,transparent
es,medir,pt,medido,transparent
es,meditación,pt,meditação,altered
es,meditar,pt,meditar,transparent
es,mediterráneo,pt,mediterrâneo,altered
es,mediático,pt,mediático,transparent
es,medusa,pt,medusa,transparent
es,mega,pt,mega,transparent
es,mejicano,pt,mexicano,altered
es,mejor,pt,melhor,altered
es,mejora,pt,melhorar,altered
es,mejoramiento,pt,melhoramento,altered
es,mejorar,pt,melhorar,altered
es,mejoría,pt,melhoria,altered
es,melancolía,pt,melancolia,transparent
es,melancólico,pt,melancólico,transparent
es,melar,pt,melo,transparent
es,melodía,pt,melodiar,transparent
es,melón,pt,melão,altered
es,membrana,pt,membrana,transparent
es,meme,pt,meme,transparent
es,memorable,pt,memorável,altered
es,memoria,pt,memória,transparent
es,memorial,pt,memorial,transparent
es,memorizar,pt,memorizar,transparent
es,mencionar,pt,mencionar,transparent
es,mención,pt,menção,transparent
es,mendigar,pt,mendigar,transparent
es,mendigo,pt,mendigo,transparent
es,menor,pt,menor,transparent
es,menos,pt,menos,transparent
es,menospreciar,pt,menosprezar,altered
es,mensaje,pt,mensagem,altered
es,mensajero,pt,mensageiro,altered
es,mensual,pt,mensal,transparent
es,menta,pt,menta,transparent
es,mental,pt,mental,transparent
es,mentalidad,pt,mentalidade,transparent
es,mentalmente,pt,mentalmente,transparent
es,mentir,pt,mentir,transparent
es,mentira,pt,mentir,transparent
es,mentiroso,pt,mentiroso,transparent
es,mentor,pt,mentor,transparent
es,menudo,pt,miúdo,altered
es,menú,pt,menu,transparent
es,meramente,pt,meramente,transparent
es,mercader,pt,mercador,altered
es,mercadería,pt,mercadoria,altered
es,mercado,pt,mercar,transparent
es,mercantil,pt,mercantil,transparent
es,merced,pt,mercê,altered
es,mercenario,pt,mercenário,transparent
es,mercurio,pt,mercúrio,transparent
es,merecedor,pt,merecedor,transparent
es,merecer,pt,merecer,transparent
es,merecido,pt,merecido,transparent
es,merengue,pt,merengue,transparent
es,meridional,pt,meridional,transparent
es,merienda,pt,merendar,altered
es,mero,pt,mero,transparent
es,mes,pt,mês,altered
es,mesa,pt,mesa,transparent
es,mesada,pt,mesada,transparent
es,mesita,pt,mesa,altered
es,mestizo,pt,mestiço,altered
es,mesías,pt,messias,transparent
es,metabolismo,pt,metabolismo,transparent
es,metabólico,pt,metabólico,transparent
es,metafísica,pt,metafísico,transparent
es,metal,pt,metal,transparent
es,metalúrgico,pt,metalúrgico,transparent
es,metamorfosis,pt,metamorfose,altered
es,metano,pt,metano,transparent
es,meteorito,pt,meteorito,transparent
es,meteorología,pt,meteorologia,transparent
es,meteorológico,pt,meteorológico,transparent
es,meter,pt,meter,transparent
es,metido,pt,metido,transparent
es,metodología,pt,metodologia,transparent
es,metro,pt,metrô,transparent
es,metropolitano,pt,metropolitano,transparent
es,metrópolis,pt,metrópole,altered
es,metáfora,pt,metáfora,transparent
es,metálico,pt,metálico,transparent
es,mexicano,pt,mexicano,transparent
es,mezclar,pt,misturar,altered
es,mezquino,pt,mesquinho,altered
es,mezquita,pt,mesquita,altered
es,mico,pt,mico,transparent
es,micro,pt,micro,transparent
es,microscopio,pt,microscópio,transparent
es,microscópico,pt,microscópico,transparent
es,micrófono,pt,microfone,altered
es,miedo,pt,medo,altered
es,miel,pt,mel,altered
es,miembro,pt,membro,altered
es,mierda,pt,merda,altered
es,migración,pt,migração,transparent
es,migrante,pt,migrante,transparent
es,migrar,pt,migrar,transparent
es,migratorio,pt,migratório,transparent
es,mijo,pt,milho,altered
es,mil,pt,mil,transparent
es,milagro,pt,milagre,altered
es,milagroso,pt,milagroso,transparent
es,milan,pt,milão,altered
es,milenio,pt,milênio,altered
es,milicia,pt,milícia,transparent
es,miliciano,pt,miliciano,transparent
es,milisegundo,pt,milissegundo,transparent
es,militancia,pt,militância,transparent
es,militante,pt,militante,transparent
es,militar,pt,militar,transparent
es,milk,pt,milk,transparent
es,millar,pt,mil,altered
es,millon,pt,milhão,altered
es,millonario,pt,milionário,altered
es,millón,pt,milhão,altered
es,milímetro,pt,milímetro,transparent
es,mimar,pt,mimar,transparent
es,mimo,pt,mimo,transparent
es,mina,pt,mina,transparent
es,minar,pt,minar,transparent
es,mineral,pt,mineral,transparent
es,minero,pt,mineiro,altered
es,minería,pt,mineração,altered
es,mini,pt,mini,transparent
es,miniatura,pt,miniatura,transparent
es,minimizar,pt,minimizar,transparent
es,minimo,pt,mínimo,transparent
es,ministerial,pt,ministerial,transparent
es,ministerio,pt,ministério,transparent
es,ministrar,pt,ministrar,transparent
es,ministro,pt,ministro,transparent
es,minoritario,pt,minoritário,transparent
es,minoría,pt,minoria,transparent
es,minucioso,pt,minucioso,transparent
es,minuto,pt,minuto,transparent
es,minúscula,pt,minúsculo,transparent
es,minúsculo,pt,minúsculo,transparent
es,mira,pt,mirar,transparent
es,mirada,pt,mirar,transparent
es,mirar,pt,mirar,transparent
es,misa,pt,missar,transparent
es,miserable,pt,miserável,altered
es,miseria,pt,miséria,transparent
es,misericordia,pt,misericórdia,transparent
es,misericordioso,pt,misericordioso,transparent
es,misil,pt,míssil,altered
es,mision,pt,missão,transparent
es,misionero,pt,missionário,altered
es,misión,pt,missão,altered
es,mismo,pt,mesmo,transparent
es,mismísimo,pt,mesmo,transparent
es,misterio,pt,mistério,transparent
es,misteriosamente,pt,misteriosamente,transparent
es,misterioso,pt,misterioso,transparent
es,mitad,pt,metade,altered
es,mitigar,pt,mitigar,transparent
es,mito,pt,mito,transparent
es,mitología,pt,mitologia,transparent
es,mitológico,pt,mitológico,transparent
es,mix,pt,mix,transparent
es,mixto,pt,misto,transparent
es,mobile,pt,móvel,altered
es,mobiliario,pt,mobiliário,transparent
es,mochila,pt,mochila,transparent
es,moción,pt,moção,transparent
es,moco,pt,muco,altered
es,moda,pt,moda,transparent
es,modales,pt,modal,altered
es,modalidad,pt,modalidade,transparent
es,modelado,pt,modelar,transparent
es,modelar,pt,modelar,transparent
es,modelo,pt,modelo,transparent
es,moderación,pt,moderação,transparent
es,moderado,pt,moderado,transparent
es,moderador,pt,moderador,transparent
es,moderar,pt,moderar,transparent
es,modernidad,pt,modernidade,transparent
es,modernismo,pt,modernismo,transparent
es,modernista,pt,modernista,transparent
es,modernización,pt,modernização,transparent
es,modernizar,pt,modernizar,transparent
es,moderno,pt,moderno,transparent
es,modestia,pt,modéstia,transparent
es,modesto,pt,modesto,transparent
es,modificación,pt,modificação,transparent
es,modificar,pt,modificar,transparent
es,modo,pt,modo,transparent
es,modular,pt,modular,transparent
es,modus,pt,modus,transparent
es,moho,pt,mofo,altered
es,mojada,pt,molhar,altered
es,mojar,pt,molhar,altered
es,mola,pt,mola,transparent
es,molar,pt,molar,transparent
es,molde,pt,molde,transparent
es,moldeado,pt,moldar,altered
es,molecular,pt,molecular,transparent
es,moler,pt,moer,altered
es,molino,pt,moinho,altered
es,molécula,pt,molécula,transparent
es,momento,pt,momento,transparent
es,momia,pt,múmia,altered
es,monarca,pt,monarca,transparent
es,monarquía,pt,monarquia,transparent
es,monasterio,pt,mosteiro,altered
es,mondar,pt,mondar,transparent
es,moneda,pt,moeda,altered
es,monetario,pt,monetário,transparent
es,mongol,pt,mongol,transparent
es,monitor,pt,monitor,transparent
es,monitorear,pt,monitorar,altered
es,monje,pt,monge,transparent
es,mono,pt,mono,transparent
es,monografía,pt,monografia,transparent
es,monopolio,pt,monopólio,transparent
es,monseñor,pt,monsenhor,altered
es,monstruo,pt,monstro,altered
es,monstruoso,pt,monstruoso,transparent
es,montada,pt,montar,transparent
es,montado,pt,montar,transparent
es,montaje,pt,montagem,altered
es,montano,pt,montano,transparent
es,montar,pt,montar,transparent
es,montaña,pt,montanha,altered
es,montañoso,pt,montanhoso,transparent
es,monte,pt,monte,transparent
es,montero,pt,monteiro,altered
es,montevideo,pt,montevidéu,altered
es,monto,pt,montar,transparent
es,monton,pt,montão,transparent
es,montón,pt,montão,altered
es,monument,pt,monumento,altered
es,monumental,pt,monumental,transparent
es,monumento,pt,monumento,transparent
es,monzón,pt,monção,altered
es,monárquico,pt,monárquico,transparent
es,monólogo,pt,monólogo,transparent
es,mora,pt,morar,transparent
es,morada,pt,morar,transparent
es,morado,pt,morar,transparent
es,morador,pt,morador,transparent
es,moral,pt,moral,transparent
es,moralidad,pt,moralidade,transparent
es,moralmente,pt,moralmente,transparent
es,morar,pt,morar,transparent
es,morder,pt,morder,transparent
es,mordisco,pt,mordido,altered
es,morena,pt,moreno,transparent
es,moreno,pt,moreno,transparent
es,morfología,pt,morfologia,transparent
es,moribundo,pt,moribundo,transparent
es,morir,pt,morrer,altered
es,morisco,pt,mouro,altered
es,moro,pt,mouro,altered
es,morro,pt,morro,transparent
es,mortal,pt,mortal,transparent
es,mortalidad,pt,mortalidade,transparent
es,mortero,pt,morteiro,transparent
es,mortífero,pt,mortífero,transparent
es,mosaico,pt,mosaico,transparent
es,moscú,pt,moscou,altered
es,mosquito,pt,mosquito,transparent
es,mostaza,pt,mostarda,altered
es,mostrar,pt,mostrar,transparent
es,mota,pt,mota,transparent
es,motel,pt,motel,transparent
es,motivación,pt,motivação,transparent
es,motivar,pt,motivar,transparent
es,motivo,pt,motivo,transparent
es,moto,pt,moto,transparent
es,motocicleta,pt,motocicleta,transparent
es,motociclista,pt,motociclista,transparent
es,motor,pt,motor,transparent
es,motorista,pt,motorista,transparent
es,motriz,pt,motriz,transparent
es,motín,pt,motim,altered
es,mouse,pt,mouse,transparent
es,mover,pt,mover,transparent
es,movida,pt,movido,transparent
es,movil,pt,móvel,transparent
es,movilidad,pt,mobilidade,altered
es,movilización,pt,mobilização,altered
es,movilizar,pt,mobilizar,altered
es,movimiento,pt,movimento,transparent
es,mozo,pt,moço,transparent
es,mu,pt,mu,transparent
es,mucho,pt,muito,altered
es,muchísimo,pt,muito,transparent
es,mucosa,pt,mucoso,transparent
es,muda,pt,mudar,transparent
es,mudanza,pt,mudança,transparent
es,mudar,pt,mudar,transparent
es,mudo,pt,mudo,transparent
es,mueble,pt,móvel,altered
es,muerta,pt,morto,altered
es,muerte,pt,morte,altered
es,muerto,pt,morto,altered
es,muestra,pt,mostrar,altered
es,muestreo,pt,amostragem,altered
es,mujer,pt,mulher,altered
es,muleta,pt,muleta,transparent
es,mulo,pt,mulo,transparent
es,multa,pt,multar,transparent
es,multar,pt,multar,transparent
es,multi,pt,multi,transparent
es,multilateral,pt,multilateral,transparent
es,multimedia,pt,multimédia,altered
es,multinacional,pt,multinacional,transparent
es,multiplicación,pt,multiplicação,transparent
es,multiplicar,pt,multiplicar,transparent
es,multitud,pt,multidão,altered
es,mundano,pt,mundano,transparent
es,mundial,pt,mundial,transparent
es,mundialmente,pt,mundialmente,transparent
es,mundo,pt,mundo,transparent
es,municipal,pt,municipal,transparent
es,municipalidad,pt,municipalidade,transparent
es,municipio,pt,município,transparent
es,munición,pt,munição,transparent
es,mural,pt,mural,transparent
es,muralla,pt,muralhar,altered
es,murciélago,pt,morcego,altered
es,murmurar,pt,murmurar,transparent
es,muro,pt,muro,transparent
es,musa,pt,musa,transparent
es,musculación,pt,musculação,transparent
es,muscular,pt,muscular,transparent
es,musculatura,pt,musculatura,transparent
es,musculoso,pt,musculoso,transparent
es,museo,pt,museu,altered
es,museum,pt,museu,altered
es,musical,pt,musical,transparent
es,musulmán,pt,muçulmano,altered
es,mutación,pt,mutação,transparent
es,mutante,pt,mutante,transparent
es,mutuamente,pt,mutuamente,transparent
es,mutuo,pt,mútuo,transparent
es,muñeco,pt,boneco,altered
es,mágico,pt,mágico,transparent
es,málaga,pt,málaga,transparent
es,máquina,pt,máquina,transparent
es,mármol,pt,mármore,altered
es,mártir,pt,mártir,transparent
es,más,pt,mais,transparent
es,máscara,pt,máscara,transparent
es,máster,pt,mestre,altered
es,mástil,pt,mastro,altered
es,máxima,pt,máximo,transparent
es,máximo,pt,máximo,transparent
es,médico,pt,médico,transparent
es,médium,pt,médium,transparent
es,médula,pt,medular,transparent
es,mérito,pt,mérito,transparent
es,método,pt,método,transparent
es,métrica,pt,métrico,transparent
es,méxico,pt,méxico,transparent
es,mínima,pt,mínimo,transparent
es,mínimo,pt,mínimo,transparent
es,mística,pt,místico,transparent
es,místico,pt,místico,transparent
es,mítico,pt,mítico,transparent
es,módulo,pt,módulo,transparent
es,móvil,pt,móvel,altered
es,múltiple,pt,múltiplo,altered
es,múltiplo,pt,múltiplo,transparent
es,músculo,pt,músculo,transparent
es,música,pt,músico,transparent
es,músico,pt,músico,transparent
es,nacer,pt,nascer,altered
es,nacido,pt,nascido,altered
es,naciente,pt,nascente,altered
es,nacimiento,pt,nascimento,altered
es,nacion,pt,nação,transparent
es,nacional,pt,nacional,transparent
es,nacionalidad,pt,nacionalidade,transparent
es,nacionalismo,pt,nacionalismo,transparent
es,nacionalista,pt,nacionalista,transparent
es,nacionalización,pt,nacionalização,transparent
es,nación,pt,nação,transparent
es,nadador,pt,nadador,transparent
es,nadar,pt,nadar,transparent
es,naipe,pt,naipe,transparent
es,nana,pt,nanar,transparent
es,napolitano,pt,napolitano,transparent
es,naranja,pt,laranjo,altered
es,naranjo,pt,laranjo,altered
es,narcotráfico,pt,narcotráfico,transparent
es,narcótico,pt,narcótico,transparent
es,narguile,pt,narguilé,transparent
es,nariz,pt,nariz,transparent
es,narración,pt,narração,transparent
es,narrador,pt,narrador,transparent
es,narrar,pt,narrar,transparent
es,narrativa,pt,narrativo,transparent
es,narrativo,pt,narrativo,transparent
es,nasal,pt,nasal,transparent
es,natación,pt,natação,transparent
es,natal,pt,natal,transparent
es,natalidad,pt,natalidade,transparent
es,nativo,pt,nativo,transparent
es,nato,pt,nato,transparent
es,natura,pt,natura,transparent
es,natural,pt,natural,transparent
es,naturaleza,pt,natureza,altered
es,naturalidad,pt,naturalidade,transparent
es,naturalista,pt,naturalista,transparent
es,naturalmente,pt,naturalmente,transparent
es,naufragar,pt,naufragar,transparent
es,naufragio,pt,naufrágio,transparent
es,navaja,pt,navalhar,altered
es,naval,pt,naval,transparent
es,navarro,pt,navarro,transparent
es,nave,pt,nave,transparent
es,navegación,pt,navegação,altered
es,navegador,pt,navegador,transparent
es,navegante,pt,navegante,transparent
es,navegar,pt,navegar,transparent
es,navío,pt,navio,transparent
es,nazi,pt,nazi,transparent
es,nazismo,pt,nazismo,transparent
es,neblina,pt,neblinar,transparent
es,nebulosa,pt,nebuloso,transparent
es,necesariamente,pt,necessariamente,transparent
es,necesario,pt,necessário,transparent
es,necesidad,pt,necessidade,transparent
es,necesitado,pt,necessitar,transparent
es,necesitar,pt,necessitar,transparent
es,nefasto,pt,nefasto,transparent
es,negación,pt,negação,transparent
es,negado,pt,negar,transparent
es,negar,pt,negar,transparent
es,negativa,pt,negativar,transparent
es,negativamente,pt,negativamente,transparent
es,negativo,pt,negativo,transparent
es,negligencia,pt,negligência,altered
es,negociación,pt,negociação,altered
es,negociado,pt,negociar,transparent
es,negociador,pt,negociador,transparent
es,negociar,pt,negociar,transparent
es,negocio,pt,negócio,transparent
es,negrita,pt,negro,transparent
es,negrito,pt,negro,altered
es,negro,pt,negro,transparent
es,neoliberal,pt,neoliberal,transparent
es,neoyorquino,pt,novaiorquino,altered
es,nerd,pt,nerd,transparent
es,nervio,pt,nervo,altered
es,nervioso,pt,nervoso,transparent
es,neumonía,pt,pneumonia,altered
es,neurológico,pt,neurológico,transparent
es,neutralidad,pt,neutralidade,transparent
es,neutralizar,pt,neutralizar,transparent
es,neutro,pt,neutro,transparent
es,nevada,pt,nevar,altered
es,nevado,pt,nevar,transparent
es,nevar,pt,nevar,transparent
es,nexo,pt,nexo,transparent
es,neón,pt,neon,transparent
es,nicaragua,pt,nicarágua,altered
es,nicho,pt,nicho,transparent
es,nido,pt,ninho,altered
es,niebla,pt,neblinar,altered
es,nieto,pt,neto,altered
es,nieve,pt,neve,altered
es,nigeriano,pt,nigeriano,transparent
es,ningun,pt,nenhum,altered
es,ninja,pt,ninja,transparent
es,nivel,pt,nível,transparent
es,nivelar,pt,nivelar,transparent
es,no,pt,não,altered
es,noble,pt,nobre,altered
es,nobleza,pt,nobreza,altered
es,noche,pt,noite,altered
es,nocivo,pt,nocivo,transparent
es,noción,pt,noção,transparent
es,nocturno,pt,nocturno,transparent
es,nombramiento,pt,nomeação,altered
es,nombrar,pt,nomear,altered
es,nombre,pt,nome,altered
es,nomenclatura,pt,nomenclatura,transparent
es,nominación,pt,nomeação,altered
es,nominal,pt,nominal,transparent
es,nono,pt,nono,transparent
es,nordeste,pt,nordeste,transparent
es,norma,pt,norma,transparent
es,normal,pt,normal,transparent
es,normalidad,pt,normalidade,transparent
es,normalización,pt,normalização,transparent
es,normalizar,pt,normalizar,transparent
es,normalmente,pt,normalmente,transparent
es,normativa,pt,normativo,transparent
es,normativo,pt,normativo,transparent
es,noroeste,pt,noroeste,transparent
es,norte,pt,norte,transparent
es,noruego,pt,norueguês,altered
es,nostalgia,pt,nostalgia,transparent
es,nostálgico,pt,nostálgico,transparent
es,nota,pt,notar,transparent
es,notable,pt,notável,transparent
es,notablemente,pt,notavelmente,altered
es,notar,pt,notar,transparent
es,noticia,pt,notícia,transparent
es,noticiero,pt,noticiário,altered
es,notificación,pt,notificação,transparent
es,notificar,pt,notificar,transparent
es,notoriamente,pt,notoriamente,transparent
es,notoriedad,pt,notoriedade,transparent
es,notorio,pt,notório,transparent
es,nova,pt,novo,transparent
es,novato,pt,novato,transparent
es,novecientos,pt,novecentos,altered
es,novedad,pt,novidade,altered
es,novela,pt,novelar,transparent
es,novelar,pt,novelar,transparent
es,noveno,pt,nono,altered
es,noventa,pt,noventa,transparent
es,noviar,pt,namorar,altered
es,noviazgo,pt,noivar,altered
es,noviembre,pt,novembro,altered
es,novio,pt,noivo,altered
es,nube,pt,nuvem,altered
es,nublado,pt,nublar,transparent
es,nublar,pt,nublar,transparent
es,nuca,pt,nuca,transparent
es,nuclear,pt,nuclear,transparent
es,nuestro,pt,nosso,altered
es,nuevamente,pt,novamente,altered
es,nueve,pt,nove,altered
es,nuevo,pt,novo,altered
es,nuez,pt,noz,altered
es,nulo,pt,nulo,transparent
es,numeración,pt,numeração,transparent
es,numerar,pt,numerar,transparent
es,numeroso,pt,numeroso,transparent
es,numérico,pt,numérico,transparent
es,nunca,pt,nunca,transparent
es,nutricional,pt,nutricional,transparent
es,nutrición,pt,nutrição,transparent
es,nutriente,pt,nutriente,transparent
es,nutrir,pt,nutrir,transparent
es,nutritivo,pt,nutritivo,transparent
es,náusea,pt,náusea,transparent
es,náutica,pt,náutico,transparent
es,nítido,pt,nítido,transparent
es,nórdico,pt,nórdico,transparent
es,núcleo,pt,núcleo,transparent
es,número,pt,número,transparent
es,o,pt,ou,transparent
es,oasis,pt,oásis,transparent
es,obedecer,pt,obedecer,transparent
es,obediencia,pt,obediência,transparent
es,obediente,pt,obediente,transparent
es,obesidad,pt,obesidade,transparent
es,obeso,pt,obeso,transparent
es,obispo,pt,bispo,altered
es,objeción,pt,objeção,transparent
es,objetividad,pt,objetividade,transparent
es,objetivo,pt,objetivo,transparent
es,objeto,pt,objeto,transparent
es,obligación,pt,obrigação,transparent
es,obligado,pt,obrigado,transparent
es,obligar,pt,obrigar,altered
es,obligatoriamente,pt,obrigatoriamente,altered
es,obligatorio,pt,obrigatório,altered
es,obra,pt,obrar,transparent
es,obrar,pt,obrar,transparent
es,obrero,pt,operário,altered
es,obsceno,pt,obsceno,transparent
es,obscuro,pt,obscuro,transparent
es,observación,pt,observação,transparent
es,observador,pt,observador,transparent
es,observar,pt,observar,transparent
es,observatorio,pt,observatório,transparent
es,obsesivo,pt,obsessivo,transparent
es,obsesión,pt,obsessão,transparent
es,obsoleto,pt,obsoleto,transparent
es,obstante,pt,obstante,transparent
es,obstrucción,pt,obstrução,transparent
es,obstruir,pt,obstruir,transparent
es,obstáculo,pt,obstáculo,transparent
es,obtención,pt,obtenção,transparent
es,obtener,pt,obter,altered
es,obviamente,pt,obviamente,transparent
es,obviar,pt,obviar,transparent
es,obvio,pt,óbvio,altered
es,ocasional,pt,ocasional,transparent
es,ocasionalmente,pt,ocasionalmente,transparent
es,ocasionar,pt,ocasionar,transparent
es,ocasión,pt,ocasião,transparent
es,occidental,pt,ocidental,transparent
es,occidente,pt,ocidente,transparent
es,oceánico,pt,oceânico,transparent
es,ochenta,pt,oitenta,altered
es,ocho,pt,oito,altered
es,ochocientos,pt,oitocentos,altered
es,octavo,pt,oitavo,altered
es,octubre,pt,outubro,altered
es,ocular,pt,ocular,transparent
es,ocultar,pt,ocultar,transparent
es,oculto,pt,oculto,transparent
es,ocupacional,pt,ocupacional,transparent
es,ocupación,pt,ocupação,transparent
es,ocupante,pt,ocupante,transparent
es,ocupar,pt,ocupar,transparent
es,ocurrencia,pt,ocorrência,altered
es,ocurrir,pt,ocorrer,altered
es,océano,pt,oceano,transparent
es,odiar,pt,odiar,transparent
es,odio,pt,ódio,transparent
es,odioso,pt,odioso,transparent
es,odisea,pt,odisseia,altered
es,odontología,pt,odontologia,transparent
es,oeste,pt,oeste,transparent
es,ofender,pt,ofender,transparent
es,ofensiva,pt,ofensivo,transparent
es,ofensivo,pt,ofensivo,transparent
es,oferta,pt,ofertar,transparent
es,ofertar,pt,ofertar,transparent
es,office,pt,office,transparent
es,offline,pt,offline,transparent
es,oficial,pt,oficial,transparent
es,oficialmente,pt,oficialmente,transparent
es,oficiar,pt,oficiar,transparent
es,oficio,pt,ofício,transparent
es,ofrecer,pt,oferecer,altered
es,ojalá,pt,oxalá,altered
es,ojear,pt,olhar,altered
es,ojo,pt,olho,altered
es,ok,pt,ok,transparent
es,ola,pt,onda,altered
es,oleoso,pt,oleoso,transparent
es,olfato,pt,olfato,transparent
es,oligarquía,pt,oligarquia,transparent
es,olimpiada,pt,olimpíada,altered
es,olimpo,pt,olimpo,transparent
es,oliva,pt,oliva,transparent
es,oliveira,pt,oliveira,transparent
es,olivera,pt,oliveira,altered
es,olivo,pt,oliveira,altered
es,olor,pt,odor,altered
es,olá,pt,olá,transparent
es,olímpico,pt,olímpico,transparent
es,ombligo,pt,umbigo,altered
es,omisión,pt,omissão,transparent
es,omitir,pt,omitir,transparent
es,omán,pt,omã,transparent
es,once,pt,onze,altered
es,onda,pt,onda,transparent
es,ondulante,pt,ondulante,transparent
es,ondular,pt,ondular,transparent
es,online,pt,online,transparent
es,onu,pt,onu,transparent
es,onza,pt,onça,altered
es,opcion,pt,opção,transparent
es,opcional,pt,opcional,transparent
es,opción,pt,opção,transparent
es,operacion,pt,operação,transparent
es,operacional,pt,operacional,transparent
es,operación,pt,operação,altered
es,operador,pt,operador,transparent
es,operando,pt,operar,transparent
es,operar,pt,operar,transparent
es,operario,pt,operário,transparent
es,operativo,pt,operativo,transparent
es,opinar,pt,opinar,transparent
es,opinion,pt,opinião,transparent
es,opinión,pt,opinião,transparent
es,opio,pt,ópio,transparent
es,oponente,pt,oponente,transparent
es,oponer,pt,oposto,altered
es,oporto,pt,porto,transparent
es,oportunidad,pt,oportunidade,transparent
es,oportunista,pt,oportunista,transparent
es,oportuno,pt,oportuno,transparent
es,oposicion,pt,oposição,transparent
es,oposición,pt,oposição,transparent
es,opositor,pt,opositor,transparent
es,opresión,pt,opressão,altered
es,opresor,pt,opressor,transparent
es,oprimir,pt,oprimir,transparent
es,optar,pt,optar,transparent
es,optimismo,pt,otimismo,altered
es,optimización,pt,otimização,altered
es,optimizar,pt,otimizar,altered
es,oración,pt,oração,transparent
es,orador,pt,orador,transparent
es,oral,pt,oral,transparent
es,orar,pt,orar,transparent
es,oratoria,pt,oratório,transparent
es,orbitar,pt,orbitar,transparent
es,orden,pt,ordem,altered
es,ordenación,pt,ordenação,transparent
es,ordenada,pt,ordenar,transparent
es,ordenamiento,pt,ordenamento,transparent
es,ordenando,pt,ordenar,transparent
es,ordenar,pt,ordenar,transparent
es,ordinario,pt,ordinário,transparent
es,orfanato,pt,orfanato,transparent
es,organismo,pt,organismo,transparent
es,organizacion,pt,organização,transparent
es,organizacional,pt,organizacional,transparent
es,organización,pt,organização,transparent
es,organizador,pt,organizador,transparent
es,organizar,pt,organizar,transparent
es,orgasmo,pt,orgasmo,transparent
es,orgullo,pt,orgulho,altered
es,orgulloso,pt,orgulhoso,altered
es,orgánico,pt,orgânico,altered
es,orgía,pt,orgia,transparent
es,orientación,pt,orientação,transparent
es,orientador,pt,orientador,transparent
es,oriental,pt,oriental,transparent
es,orientar,pt,orientar,transparent
es,oriente,pt,oriente,transparent
es,orificio,pt,orifício,transparent
es,origen,pt,origem,altered
es,original,pt,original,transparent
es,originalidad,pt,originalidade,transparent
es,originalmente,pt,originalmente,transparent
es,originar,pt,originar,transparent
es,originario,pt,originário,transparent
es,orilla,pt,orlar,altered
es,orina,pt,urina,altered
es,orinar,pt,urinar,altered
es,oriundo,pt,oriundo,transparent
es,orlar,pt,orlar,transparent
es,oro,pt,ouro,altered
es,orquesta,pt,orquestrar,altered
es,orquestar,pt,orquestrar,transparent
es,orquídea,pt,orquídea,transparent
es,ortodoxo,pt,ortodoxo,transparent
es,ortografía,pt,ortografia,transparent
es,ortográfico,pt,ortográfico,transparent
es,oráculo,pt,oráculo,transparent
es,osado,pt,ousado,altered
es,osar,pt,ousar,altered
es,oscilar,pt,oscilar,transparent
es,oscurecer,pt,escurecer,altered
es,oscuro,pt,escuro,altered
es,oso,pt,urso,altered
es,ostentar,pt,ostentar,transparent
es,ostra,pt,ostra,transparent
es,otomano,pt,otomano,transparent
es,otorgar,pt,outorgar,transparent
es,otoño,pt,outono,altered
es,otro,pt,outro,transparent
es,otrora,pt,outrora,transparent
es,ovario,pt,ovário,transparent
es,oveja,pt,ovelha,transparent
es,ovni,pt,ovni,transparent
es,oxígeno,pt,oxigênio,transparent
es,oír,pt,ouvir,altered
es,pabellón,pt,pavilhão,altered
es,paciencia,pt,paciência,transparent
es,paciente,pt,paciente,transparent
es,pacientemente,pt,pacientemente,transparent
es,pacificar,pt,pacificar,transparent
es,pacifista,pt,pacifista,transparent
es,pacto,pt,pacto,transparent
es,pacíficamente,pt,pacificamente,transparent
es,pacífico,pt,pacífico,transparent
es,padecer,pt,padecer,transparent
es,padrastro,pt,padrasto,altered
es,padre,pt,pai,altered
es,padrino,pt,padrinho,altered
es,padrón,pt,padrão,altered
es,paga,pt,pagar,transparent
es,pagano,pt,pagão,altered
es,pagar,pt,pagar,transparent
es,pagaré,pt,pagar,transparent
es,paginar,pt,paginar,transparent
es,pago,pt,pago,transparent
es,pais,pt,país,transparent
es,paisaje,pt,paisagem,altered
es,paisano,pt,paisano,transparent
es,paises,pt,país,transparent
es,paja,pt,palha,altered
es,pakistán,pt,paquistão,altered
es,pala,pt,pá,altered
es,palabra,pt,palavra,transparent
es,palacio,pt,palácio,transparent
es,paladar,pt,paladar,transparent
es,palanca,pt,alavancar,altered
es,palco,pt,palco,transparent
es,palestino,pt,palestino,transparent
es,paleta,pt,paleta,transparent
es,palidecer,pt,empalidecer,altered
es,palito,pt,palito,transparent
es,palma,pt,palmar,transparent
es,palmada,pt,palmar,transparent
es,palmar,pt,palmar,transparent
es,palmera,pt,palmeira,altered
es,palo,pt,pau,altered
es,paloma,pt,pombo,altered
es,palpable,pt,palpável,altered
es,palpitar,pt,palpitar,transparent
es,pan,pt,pão,altered
es,panadero,pt,padeiro,altered
es,panadería,pt,padaria,altered
es,panama,pt,panamá,transparent
es,panda,pt,pando,transparent
es,pandemia,pt,pandemia,transparent
es,pandora,pt,pandora,transparent
es,panecillo,pt,pão,altered
es,panel,pt,painel,altered
es,panela,pt,panela,transparent
es,panfleto,pt,panfleto,transparent
es,panorama,pt,panorama,transparent
es,panorámica,pt,panorâmico,transparent
es,panqueques,pt,panqueca,transparent
es,pantano,pt,pântano,altered
es,pantera,pt,pantera,transparent
es,papal,pt,papal,transparent
es,papel,pt,papel,transparent
es,papelera,pt,papelaria,altered
es,papelería,pt,papelaria,altered
es,papo,pt,papo,transparent
es,papúa,pt,papua,transparent
es,paquete,pt,pacote,altered
es,par,pt,par,transparent
es,para,pt,parar,transparent
es,parabién,pt,parabém,transparent
es,paracaídas,pt,paraquedas,altered
es,parada,pt,parar,transparent
es,paradigma,pt,paradigma,transparent
es,parado,pt,parar,transparent
es,paradoja,pt,paradoxo,altered
es,paraguayo,pt,paraguaio,altered
es,paraiso,pt,paraíso,transparent
es,paraje,pt,paragem,altered
es,paralela,pt,paralelo,transparent
es,paralelamente,pt,paralelamente,transparent
es,paralelo,pt,paralelo,transparent
es,paralizar,pt,paralisar,altered
es,paramilitar,pt,paramilitar,transparent
es,paranoia,pt,paranoia,transparent
es,paranormal,pt,paranormal,transparent
es,parar,pt,parar,transparent
es,paraíso,pt,paraíso,transparent
es,parcela,pt,parcelar,transparent
es,parcero,pt,parceiro,altered
es,parcial,pt,parcial,transparent
es,parcialmente,pt,parcialmente,transparent
es,pardo,pt,pardo,transparent
es,parecer,pt,parecer,transparent
es,parecido,pt,parecido,transparent
es,pared,pt,parede,altered
es,parentesco,pt,parentesco,transparent
es,paridad,pt,paridade,transparent
es,pariente,pt,parente,altered
es,parir,pt,parir,transparent
es,parisino,pt,parisiense,altered
es,parlamentario,pt,parlamentar,altered
es,parlamento,pt,parlamento,transparent
es,paro,pt,parar,transparent
es,parodia,pt,paródia,transparent
es,parque,pt,parque,transparent
es,parroquia,pt,paróquia,altered
es,parroquial,pt,paroquial,transparent
es,parte,pt,partir,transparent
es,participación,pt,participação,transparent
es,participante,pt,participante,transparent
es,participar,pt,participar,transparent
es,participativo,pt,participativo,transparent
es,partición,pt,partição,transparent
es,particular,pt,particular,transparent
es,particularidad,pt,particularidade,transparent
es,particularmente,pt,particularmente,transparent
es,partida,pt,partir,transparent
es,partidario,pt,partidário,altered
es,partido,pt,partir,transparent
es,partir,pt,partir,transparent
es,partitura,pt,partitura,transparent
es,parto,pt,parto,transparent
es,partícula,pt,partícula,transparent
es,parábola,pt,parábola,transparent
es,parálisis,pt,paralisia,altered
es,parámetro,pt,parâmetro,altered
es,parásito,pt,parasita,altered
es,pasa,pt,passar,transparent
es,pasada,pt,passar,transparent
es,pasado,pt,passar,transparent
es,pasaje,pt,passagem,altered
es,pasajero,pt,passageiro,altered
es,pasaporte,pt,passaporte,altered
es,pasar,pt,passar,transparent
es,pasarela,pt,passarela,transparent
es,pasatiempo,pt,passatempo,transparent
es,pascua,pt,páscoa,altered
es,pase,pt,passe,transparent
es,pasear,pt,passear,altered
es,paseo,pt,passeio,altered
es,pasion,pt,paixão,altered
es,pasional,pt,passional,transparent
es,pasiva,pt,passivar,transparent
es,pasivo,pt,passivo,altered
es,pasión,pt,paixão,altered
es,paso,pt,passo,transparent
es,pasta,pt,pastar,transparent
es,pastar,pt,pastar,transparent
es,pastel,pt,pastel,transparent
es,pastilla,pt,pastilha,transparent
es,pasto,pt,pasto,transparent
es,pastor,pt,pastor,transparent
es,pastoral,pt,pastoral,transparent
es,pata,pt,pato,transparent
es,patata,pt,batata,altered
es,patente,pt,patente,transparent
es,paternidad,pt,paternidade,transparent
es,paterno,pt,paterno,transparent
es,patinar,pt,patinar,transparent
es,patineta,pt,patinete,transparent
es,patio,pt,pátio,altered
es,patito,pt,pato,transparent
es,pato,pt,pato,transparent
es,patología,pt,patologia,transparent
es,patológico,pt,patológico,transparent
es,patria,pt,pátrio,transparent
es,patriarca,pt,patriarca,transparent
es,patriarcado,pt,patriarcado,transparent
es,patriarcal,pt,patriarcal,transparent
es,patricio,pt,patrício,transparent
es,patrimonial,pt,patrimonial,transparent
es,patrimonio,pt,patrimônio,altered
es,patrio,pt,pátrio,transparent
es,patriota,pt,patriota,transparent
es,patriotismo,pt,patriotismo,transparent
es,patriótico,pt,patriótico,transparent
es,patrocinador,pt,patrocinador,transparent
es,patrocinar,pt,patrocinar,transparent
es,patrocinio,pt,patrocínio,transparent
es,patrono,pt,patrono,transparent
es,patrulla,pt,patrulhar,altered
es,patrullar,pt,patrulhar,transparent
es,patrón,pt,patrão,altered
es,patético,pt,patético,transparent
es,pausa,pt,pausar,transparent
es,pausar,pt,pausar,transparent
es,pauta,pt,pautar,transparent
es,pautar,pt,pautar,transparent
es,pavimento,pt,pavimento,transparent
es,pavor,pt,pavor,transparent
es,pavón,pt,pavão,altered
es,payaso,pt,palhaço,altered
es,paz,pt,paz,transparent
es,país,pt,país,transparent
es,paño,pt,pano,transparent
es,pe,pt,pé,transparent
es,peatón,pt,peão,altered
es,peca,pt,pecar,transparent
es,pecado,pt,pecar,transparent
es,pecador,pt,pecador,transparent
es,pecar,pt,pecar,transparent
es,pecho,pt,peito,altered
es,peculiar,pt,peculiar,transparent
es,peculiaridad,pt,peculiaridade,transparent
es,pedacito,pt,pedaço,altered
es,pedagogía,pt,pedagogia,transparent
es,pedagógico,pt,pedagógico,transparent
es,pedal,pt,pedal,transparent
es,pedalear,pt,pedalar,transparent
es,pedazo,pt,pedaço,altered
es,pedestal,pt,pedestal,transparent
es,pedido,pt,pedir,transparent
es,pedir,pt,pedir,transparent
es,pedófilo,pt,pedófilo,transparent
es,pega,pt,pegar,transparent
es,pegada,pt,pegar,transparent
es,pegado,pt,pegar,transparent
es,pegajoso,pt,pegajoso,transparent
es,pegar,pt,pegar,transparent
es,peinado,pt,pentear,altered
es,peinar,pt,pentear,altered
es,peine,pt,pente,altered
es,pelada,pt,pelar,transparent
es,pelado,pt,pelar,transparent
es,pelar,pt,pelar,transparent
es,pelicula,pt,película,transparent
es,peliculas,pt,película,altered
es,peligro,pt,perigo,altered
es,peligrosamente,pt,perigosamente,altered
es,peligroso,pt,perigoso,altered
es,pellejo,pt,pele,altered
es,pelo,pt,pelar,transparent
es,pelota,pt,pelota,transparent
es,pelotón,pt,pelotão,transparent
es,peluca,pt,peruca,altered
es,peluche,pt,pelúcia,altered
es,peluda,pt,peludo,transparent
es,peludo,pt,peludo,transparent
es,peluquero,pt,peruca,altered
es,película,pt,película,transparent
es,pena,pt,penar,transparent
es,penado,pt,penar,transparent
es,penal,pt,penal,transparent
es,penalización,pt,penalização,transparent
es,penalizar,pt,penalizar,transparent
es,pender,pt,pender,transparent
es,pendiente,pt,pendente,altered
es,pene,pt,pénis,transparent
es,penetración,pt,penetração,transparent
es,penetrante,pt,penetrante,transparent
es,penetrar,pt,penetrar,transparent
es,penitencia,pt,penitência,transparent
es,penitenciario,pt,penitenciário,transparent
es,penny,pt,penny,transparent
es,pensador,pt,pensador,transparent
es,pensamiento,pt,pensamento,altered
es,pensar,pt,pensar,transparent
es,pensativo,pt,pensativo,transparent
es,pentágono,pt,pentágono,transparent
es,península,pt,península,transparent
es,penúltimo,pt,penúltimo,transparent
es,peor,pt,pior,altered
es,pepino,pt,pepino,transparent
es,peque,pt,pequeno,altered
es,pequeñito,pt,pequenino,altered
es,pequeño,pt,pequeno,altered
es,pera,pt,pera,transparent
es,percepción,pt,percepção,altered
es,percibir,pt,perceber,altered
es,percusión,pt,percussão,transparent
es,perdedor,pt,perdedor,transparent
es,perder,pt,perder,transparent
es,perdición,pt,perdição,transparent
es,perdido,pt,perdido,transparent
es,perdiz,pt,perdiz,transparent
es,perdon,pt,perdão,altered
es,perdonar,pt,perdoar,altered
es,perdurar,pt,perdurar,transparent
es,perdón,pt,perdão,transparent
es,perecer,pt,perecer,transparent
es,peregrinación,pt,peregrinação,transparent
es,peregrino,pt,peregrino,transparent
es,pereira,pt,pereira,transparent
es,perenne,pt,perene,transparent
es,pereza,pt,preguiçar,altered
es,perezoso,pt,preguiçoso,altered
es,perfeccionamiento,pt,aperfeiçoamento,altered
es,perfeccionar,pt,aperfeiçoar,altered
es,perfección,pt,perfeição,altered
es,perfectamente,pt,perfeitamente,altered
es,perfecto,pt,perfeito,altered
es,perfil,pt,perfil,transparent
es,perforación,pt,perfuração,transparent
es,perforar,pt,perfurar,altered
es,performance,pt,performance,transparent
es,perfumar,pt,perfumar,transparent
es,perfume,pt,perfume,transparent
es,pergamino,pt,pergaminho,altered
es,pericia,pt,perícia,transparent
es,periferia,pt,periferia,transparent
es,periférico,pt,periférico,transparent
es,periodo,pt,período,transparent
es,perito,pt,perito,transparent
es,periódicamente,pt,periodicamente,transparent
es,periódico,pt,periódico,transparent
es,perjudicado,pt,prejudicar,altered
es,perjudicar,pt,prejudicar,transparent
es,perjudicial,pt,prejudicial,transparent
es,perjuicio,pt,prejuízo,altered
es,perla,pt,pérola,altered
es,permanecer,pt,permanecer,transparent
es,permanencia,pt,permanência,transparent
es,permanente,pt,permanente,transparent
es,permanentemente,pt,permanentemente,transparent
es,permisión,pt,permissão,altered
es,permiso,pt,permissão,altered
es,permitir,pt,permitir,transparent
es,perna,pt,perna,transparent
es,perpetua,pt,perpétuo,transparent
es,perpetuar,pt,perpetuar,transparent
es,perpetuo,pt,perpétuo,transparent
es,perplejo,pt,perplexo,transparent
es,persa,pt,persa,transparent
es,persecución,pt,perseguição,altered
es,perseguir,pt,perseguir,transparent
es,perseverancia,pt,perseverança,transparent
es,persistencia,pt,persistência,transparent
es,persistente,pt,persistente,transparent
es,persistir,pt,persistir,transparent
es,persona,pt,pessoa,transparent
es,personaje,pt,personagem,altered
es,personal,pt,pessoal,altered
es,personalidad,pt,personalidade,altered
es,personalizar,pt,personalizar,transparent
es,personalmente,pt,pessoalmente,altered
es,persuadir,pt,persuadir,transparent
es,pertenecer,pt,pertencer,altered
es,perteneciente,pt,pertencente,transparent
es,pertenencia,pt,pertencer,altered
es,pertinente,pt,pertinente,transparent
es,perturbación,pt,perturbação,transparent
es,perturbador,pt,perturbador,transparent
es,perturbar,pt,perturbar,transparent
es,peruano,pt,peruano,transparent
es,perverso,pt,perverso,transparent
es,perímetro,pt,perímetro,transparent
es,período,pt,período,transparent
es,pesa,pt,pesar,transparent
es,pesada,pt,pesar,transparent
es,pesadilla,pt,pesadelo,altered
es,pesado,pt,pesar,transparent
es,pesar,pt,pesar,transparent
es,pesca,pt,pescar,transparent
es,pescado,pt,pescar,transparent
es,pescador,pt,pescador,transparent
es,pescar,pt,pescar,transparent
es,pescuezo,pt,pescoço,altered
es,pesimismo,pt,pessimismo,transparent
es,pesimista,pt,pessimista,altered
es,peso,pt,peso,transparent
es,pesquera,pt,pesqueiro,altered
es,pesquero,pt,pesqueiro,altered
es,pesquisa,pt,pesquisar,transparent
es,pestaña,pt,pestana,transparent
es,peste,pt,peste,transparent
es,pesticida,pt,pesticida,transparent
es,petar,pt,petar,transparent
es,petición,pt,petição,transparent
es,petrolero,pt,petroleiro,altered
es,petrolífero,pt,petrolífero,transparent
es,petróleo,pt,petróleo,transparent
es,pez,pt,peixe,altered
es,peña,pt,penha,altered
es,peón,pt,peão,altered
es,piadoso,pt,piedoso,transparent
es,pianista,pt,pianista,transparent
es,piano,pt,piano,transparent
es,piar,pt,piar,transparent
es,pica,pt,picar,transparent
es,picado,pt,picar,transparent
es,picante,pt,picante,transparent
es,picar,pt,picar,transparent
es,picnic,pt,piquenique,altered
es,pico,pt,pico,transparent
es,pie,pt,pé,altered
es,piedad,pt,piedade,altered
es,piel,pt,pele,altered
es,pienso,pt,penso,altered
es,piercing,pt,piercing,transparent
es,pierna,pt,perna,transparent
es,pigmento,pt,pigmento,transparent
es,pijama,pt,pijama,transparent
es,pilar,pt,pilar,transparent
es,pilates,pt,pilates,transparent
es,piloto,pt,piloto,transparent
es,pimienta,pt,pimenta,altered
es,pin,pt,pin,transparent
es,pinar,pt,pinhal,altered
es,pincel,pt,pincel,transparent
es,pingüino,pt,pinguim,altered
es,pino,pt,pinho,altered
es,pinta,pt,pintar,transparent
es,pintada,pt,pintar,transparent
es,pintado,pt,pintar,transparent
es,pintar,pt,pintar,transparent
es,pintor,pt,pintor,transparent
es,pintura,pt,pintura,transparent
es,pinza,pt,pinçar,transparent
es,piojo,pt,piolho,altered
es,pionero,pt,pioneiro,altered
es,pipa,pt,pipa,transparent
es,pique,pt,pique,transparent
es,piquete,pt,piquete,transparent
es,pirata,pt,pirata,transparent
es,piratería,pt,pirataria,transparent
es,piraña,pt,piranha,transparent
es,pirámide,pt,pirâmide,altered
es,pisada,pt,pisar,transparent
es,pisar,pt,pisar,transparent
es,piscina,pt,piscina,transparent
es,piso,pt,piso,transparent
es,pistola,pt,pistola,transparent
es,pistolero,pt,pistoleiro,altered
es,pito,pt,apito,altered
es,pizza,pt,pizza,transparent
es,pizzería,pt,pizzaria,altered
es,placa,pt,placar,transparent
es,placer,pt,prazer,altered
es,plaga,pt,praga,altered
es,plagio,pt,plágio,transparent
es,plan,pt,plano,altered
es,plancha,pt,pranchar,altered
es,planeación,pt,planeamento,altered
es,planear,pt,planejar,transparent
es,planeo,pt,planear,transparent
es,planeta,pt,planeta,transparent
es,planetario,pt,planetário,transparent
es,planicie,pt,planície,transparent
es,planificar,pt,planificar,transparent
es,planilla,pt,planilha,altered
es,plano,pt,plano,transparent
es,planta,pt,planta,transparent
es,plantación,pt,plantação,transparent
es,plantar,pt,plantar,transparent
es,plantel,pt,plantel,transparent
es,plasma,pt,plasmar,transparent
es,plasmar,pt,plasmar,transparent
es,plata,pt,prata,altered
es,plataforma,pt,plataforma,transparent
es,plateado,pt,pratear,altered
es,platillo,pt,prato,altered
es,platino,pt,platinar,transparent
es,plato,pt,prato,altered
es,plausible,pt,plausível,transparent
es,playa,pt,praia,altered
es,playboy,pt,playboy,transparent
es,player,pt,player,transparent
es,plaza,pt,praça,altered
es,plazo,pt,prazo,altered
es,plebeyo,pt,plebeu,altered
es,plebiscito,pt,plebiscito,transparent
es,pleito,pt,pleito,transparent
es,plenamente,pt,plenamente,transparent
es,plenario,pt,plenário,transparent
es,plenitud,pt,plenitude,transparent
es,pleno,pt,pleno,transparent
es,pluma,pt,pluma,transparent
es,plural,pt,plural,transparent
es,pluralidad,pt,pluralidade,transparent
es,pluralismo,pt,pluralismo,transparent
es,plus,pt,plus,transparent
es,plástica,pt,plástico,transparent
es,plástico,pt,plástico,transparent
es,poblacion,pt,população,altered
es,poblacional,pt,populacional,transparent
es,población,pt,população,altered
es,pobre,pt,pobre,transparent
es,pobrecita,pt,pobre,altered
es,pobrecito,pt,pobre,altered
es,pobreza,pt,pobreza,transparent
es,poco,pt,pouco,transparent
es,podar,pt,podar,transparent
es,podcast,pt,podcast,transparent
es,poder,pt,poder,transparent
es,poderoso,pt,poderoso,transparent
es,poderío,pt,poderio,transparent
es,podio,pt,pódio,transparent
es,poema,pt,poema,transparent
es,poesía,pt,poesia,altered
es,poeta,pt,poetar,transparent
es,polar,pt,polar,transparent
es,polarización,pt,polarização,transparent
es,polarizar,pt,polarizar,transparent
es,polen,pt,pólen,transparent
es,polenta,pt,polenta,transparent
es,policia,pt,polícia,transparent
es,policiaco,pt,policial,altered
es,policial,pt,policial,transparent
es,policias,pt,polícia,transparent
es,policía,pt,polícia,transparent
es,polir,pt,polir,transparent
es,politica,pt,político,transparent
es,politico,pt,político,transparent
es,politicos,pt,político,transparent
es,politécnico,pt,politécnico,transparent
es,polo,pt,pólo,transparent
es,polvo,pt,pó,altered
es,polémica,pt,polêmica,altered
es,polémico,pt,polêmico,transparent
es,política,pt,político,transparent
es,políticamente,pt,politicamente,altered
es,político,pt,político,transparent
es,pomada,pt,pomada,transparent
es,ponderar,pt,ponderar,transparent
es,poner,pt,pôr,altered
es,poniente,pt,poente,altered
es,pontífice,pt,pontífice,transparent
es,pool,pt,pool,transparent
es,pop,pt,pop,transparent
es,popa,pt,popa,transparent
es,popular,pt,popular,transparent
es,popularidad,pt,popularidade,transparent
es,popularizar,pt,popularizar,transparent
es,popularmente,pt,popularmente,transparent
es,populista,pt,populista,transparent
es,poquito,pt,pouquinho,altered
es,por,pt,por,transparent
es,porcelana,pt,porcelana,transparent
es,porcentaje,pt,percentagem,altered
es,porcentual,pt,percentual,altered
es,porción,pt,porção,transparent
es,porno,pt,porno,transparent
es,pornografía,pt,pornografia,transparent
es,pornográfico,pt,pornográfico,transparent
es,poro,pt,poro,transparent
es,porque,pt,porque,transparent
es,porqué,pt,porquê,transparent
es,porra,pt,porra,transparent
es,porro,pt,porro,transparent
es,portador,pt,portador,transparent
es,portafolio,pt,portfólio,altered
es,portal,pt,portal,transparent
es,portar,pt,portar,transparent
es,porte,pt,porte,transparent
es,porter,pt,porteiro,altered
es,portuario,pt,portuário,transparent
es,portugal,pt,portugal,transparent
es,portugués,pt,português,transparent
es,portátil,pt,portátil,transparent
es,portón,pt,portão,altered
es,pos,pt,pós,transparent
es,posa,pt,posar,transparent
es,posada,pt,pousar,altered
es,posar,pt,pousar,altered
es,pose,pt,pose,transparent
es,poseedor,pt,possuidor,altered
es,poseer,pt,possuir,altered
es,poseído,pt,possuir,transparent
es,posibilidad,pt,possibilidade,altered
es,posibilitar,pt,possibilitar,transparent
es,posible,pt,possível,transparent
es,posiblemente,pt,possivelmente,transparent
es,posicion,pt,posição,transparent
es,posicionado,pt,posicionar,transparent
es,posicionamiento,pt,posicionamento,transparent
es,posicionar,pt,posicionar,transparent
es,posición,pt,posição,transparent
es,positivamente,pt,positivamente,transparent
es,positivo,pt,positivo,transparent
es,post,pt,post,transparent
es,posta,pt,postar,transparent
es,postal,pt,postal,transparent
es,poste,pt,poste,transparent
es,poster,pt,poster,transparent
es,posterior,pt,posterior,transparent
es,posteriormente,pt,posteriormente,transparent
es,postura,pt,posturar,transparent
es,potable,pt,potável,transparent
es,potasio,pt,potássio,transparent
es,pote,pt,pote,transparent
es,potencia,pt,potência,transparent
es,potencial,pt,potencial,transparent
es,potencialidad,pt,potencialidade,transparent
es,potente,pt,potente,transparent
es,potro,pt,potro,transparent
es,pozo,pt,poço,altered
es,poética,pt,poético,transparent
es,poético,pt,poético,transparent
es,practicante,pt,praticante,transparent
es,practicar,pt,praticar,transparent
es,prada,pt,prada,transparent
es,prado,pt,prado,transparent
es,pragmático,pt,pragmático,transparent
es,prato,pt,prato,transparent
es,pre,pt,pré,transparent
es,precariedad,pt,precariedade,transparent
es,precario,pt,precário,transparent
es,precaución,pt,precaução,transparent
es,precedente,pt,precedente,transparent
es,preceder,pt,preceder,transparent
es,precepto,pt,preceito,altered
es,precio,pt,preço,altered
es,precioso,pt,precioso,transparent
es,precipicio,pt,precipício,transparent
es,precipitación,pt,precipitação,transparent
es,precipitar,pt,precipitar,transparent
es,precisamente,pt,precisamente,transparent
es,precisión,pt,precisão,transparent
es,preciso,pt,preciso,transparent
es,precoz,pt,precoce,altered
es,precursor,pt,precursor,transparent
es,predecesor,pt,predecessor,transparent
es,predecir,pt,predizer,transparent
es,predicar,pt,pregar,altered
es,predio,pt,prédio,transparent
es,predominante,pt,predominante,transparent
es,predominantemente,pt,predominantemente,transparent
es,predominar,pt,predominar,transparent
es,prefecto,pt,prefeito,altered
es,prefectura,pt,prefeitura,altered
es,preferencia,pt,preferência,transparent
es,preferencial,pt,preferencial,transparent
es,preferible,pt,preferível,transparent
es,preferir,pt,preferir,transparent
es,pregunta,pt,perguntar,altered
es,preguntar,pt,perguntar,altered
es,prejuicio,pt,prejuízo,transparent
es,preliminar,pt,preliminar,transparent
es,prematuro,pt,prematuro,transparent
es,premiar,pt,premiar,transparent
es,premio,pt,prêmio,transparent
es,premisa,pt,premissa,altered
es,premium,pt,premium,transparent
es,prenda,pt,prendar,transparent
es,prendar,pt,prender,altered
es,prensa,pt,prensar,transparent
es,preocupación,pt,preocupação,transparent
es,preocupante,pt,preocupante,transparent
es,preocupar,pt,preocupar,transparent
es,preparación,pt,preparação,transparent
es,preparado,pt,preparar,transparent
es,preparar,pt,preparar,transparent
es,preparatorio,pt,preparatório,transparent
es,presbítero,pt,presbítero,transparent
es,prescribir,pt,prescrever,altered
es,prescripción,pt,prescrição,altered
es,presencia,pt,presença,transparent
es,presencial,pt,presencial,transparent
es,presenciar,pt,presenciar,transparent
es,presentable,pt,apresentável,altered
es,presentación,pt,apresentação,altered
es,presentador,pt,apresentador,altered
es,presentar,pt,apresentar,altered
es,presente,pt,presente,transparent
es,preservación,pt,preservação,transparent
es,preservar,pt,preservar,transparent
es,presidencia,pt,presidência,transparent
es,presidencial,pt,presidencial,transparent
es,presidente,pt,presidente,transparent
es,presidir,pt,presidir,transparent
es,presion,pt,pressão,transparent
es,presionar,pt,pressionar,transparent
es,presión,pt,pressão,transparent
es,preso,pt,preso,transparent
es,prestación,pt,prestação,transparent
es,prestar,pt,prestar,transparent
es,preste,pt,prestes,transparent
es,prestigio,pt,prestígio,transparent
es,presto,pt,presto,transparent
es,presumiblemente,pt,presumivelmente,transparent
es,presumido,pt,presumir,transparent
es,presumir,pt,presumir,transparent
es,presunción,pt,presunção,transparent
es,presuntamente,pt,presumivelmente,altered
es,presunto,pt,presunto,transparent
es,presupuesto,pt,pressuposto,altered
es,pretender,pt,pretender,transparent
es,pretendiente,pt,pretendente,altered
es,pretensión,pt,pretensão,transparent
es,pretexto,pt,pretexto,transparent
es,prevalecer,pt,prevalecer,transparent
es,prevalencia,pt,prevalência,transparent
es,prevención,pt,prevenção,transparent
es,prevenir,pt,prevenir,transparent
es,preventivo,pt,preventivo,transparent
es,prever,pt,previsto,transparent
es,previamente,pt,previamente,transparent
es,previo,pt,prévio,transparent
es,previsible,pt,previsível,transparent
es,previsión,pt,previsão,transparent
es,primar,pt,primar,transparent
es,primario,pt,primário,transparent
es,primera,pt,primeiro,altered
es,primeramente,pt,primeiramente,altered
es,primero,pt,primeiro,altered
es,primitivo,pt,primitivo,transparent
es,primo,pt,primo,transparent
es,primogénito,pt,primogênito,transparent
es,primordial,pt,primordial,transparent
es,princesa,pt,príncipe,transparent
es,principal,pt,principal,transparent
es,principalmente,pt,principalmente,transparent
es,principe,pt,príncipe,transparent
es,principio,pt,princípio,transparent
es,prior,pt,prior,transparent
es,priori,pt,priori,transparent
es,prioridad,pt,prioridade,altered
es,prioritario,pt,prioritário,transparent
es,priorizar,pt,priorizar,transparent
es,prisa,pt,pressa,altered
es,prision,pt,prisão,transparent
es,prisionero,pt,prisioneiro,transparent
es,prisión,pt,prisão,transparent
es,prisma,pt,prisma,transparent
es,privacidad,pt,privacidade,transparent
es,privación,pt,privação,transparent
es,privado,pt,privado,transparent
es,privar,pt,privar,transparent
es,privatización,pt,privatização,transparent
es,privatizar,pt,privatizar,transparent
es,privilegiado,pt,privilegiado,transparent
es,privilegio,pt,privilégio,altered
es,pro,pt,pro,transparent
es,probabilidad,pt,probabilidade,transparent
es,probable,pt,provável,altered
es,probablemente,pt,provavelmente,altered
es,probar,pt,provar,altered
es,problema,pt,problema,transparent
es,problemática,pt,problemático,transparent
es,problemático,pt,problemático,transparent
es,procedencia,pt,procedência,transparent
es,procedente,pt,procedente,transparent
es,proceder,pt,proceder,transparent
es,procedimiento,pt,procedimento,transparent
es,procesado,pt,processar,altered
es,procesador,pt,processador,altered
es,procesal,pt,processual,altered
es,procesamiento,pt,processamento,altered
es,procesar,pt,processar,altered
es,procesión,pt,procissão,altered
es,proceso,pt,processo,transparent
es,proclama,pt,proclamar,transparent
es,proclamación,pt,proclamação,transparent
es,proclamar,pt,proclamar,transparent
es,procura,pt,procurar,transparent
es,procurador,pt,procurador,transparent
es,procuraduría,pt,procuradoria,altered
es,procurar,pt,procurar,transparent
es,prodigio,pt,prodígio,transparent
es,produccion,pt,produção,altered
es,producción,pt,produção,transparent
es,producir,pt,produzir,altered
es,productividad,pt,produtividade,transparent
es,productivo,pt,produtivo,altered
es,producto,pt,produto,altered
es,productor,pt,produtor,transparent
es,profanar,pt,profanar,transparent
es,profecía,pt,profecia,transparent
es,profesional,pt,profissional,transparent
es,profesionalismo,pt,profissionalismo,altered
es,profesionalmente,pt,profissionalmente,transparent
es,profesión,pt,profissão,altered
es,profesor,pt,professor,transparent
es,profeta,pt,profeta,transparent
es,profetizar,pt,profetizar,transparent
es,profundamente,pt,profundamente,transparent
es,profundar,pt,profundar,transparent
es,profundidad,pt,profundidade,transparent
es,profundizar,pt,profundar,altered
es,profundo,pt,profundo,transparent
es,progenitor,pt,progenitor,transparent
es,programa,pt,programar,transparent
es,programación,pt,programação,transparent
es,programador,pt,programador,transparent
es,programar,pt,programar,transparent
es,progresar,pt,progredir,altered
es,progresista,pt,progressista,altered
es,progresivamente,pt,progressivamente,transparent
es,progresivo,pt,progressivo,altered
es,progresión,pt,progressão,altered
es,progreso,pt,progresso,transparent
es,prohibición,pt,proibição,transparent
es,prohibir,pt,proibir,altered
es,proletariado,pt,proletariado,transparent
es,proletario,pt,proletário,transparent
es,proliferación,pt,proliferação,transparent
es,proliferar,pt,proliferar,transparent
es,prolongar,pt,prolongar,transparent
es,prolífico,pt,prolífico,transparent
es,promesa,pt,promessa,altered
es,prometer,pt,prometer,transparent
es,prometido,pt,prometido,transparent
es,prominente,pt,proeminente,altered
es,promisión,pt,promissão,altered
es,promo,pt,promo,transparent
es,promocional,pt,promocional,transparent
es,promocionar,pt,promover,altered
es,promoción,pt,promoção,altered
es,promotor,pt,promotor,transparent
es,promover,pt,promover,transparent
es,promulgación,pt,promulgação,transparent
es,promulgar,pt,promulgar,transparent
es,pronombre,pt,pronome,altered
es,pronto,pt,pronto,transparent
es,pronunciación,pt,pronúncia,altered
es,pronunciamiento,pt,pronunciamento,transparent
es,pronunciar,pt,pronunciar,transparent
es,pronóstico,pt,prognóstico,altered
es,propagación,pt,propagação,transparent
es,propaganda,pt,propaganda,transparent
es,propagar,pt,propagar,transparent
es,propenso,pt,propenso,transparent
es,propiamente,pt,propriamente,altered
es,propiciar,pt,propiciar,transparent
es,propicio,pt,propício,transparent
es,propiedad,pt,propriedade,altered
es,propietario,pt,proprietário,transparent
es,propina,pt,propinar,transparent
es,propinar,pt,propinar,transparent
es,propio,pt,próprio,transparent
es,proponer,pt,proposto,transparent
es,proporcional,pt,proporcional,transparent
es,proporcionar,pt,proporcionar,transparent
es,proporción,pt,proporção,altered
es,proposición,pt,proposição,transparent
es,propuesta,pt,proposto,altered
es,propulsor,pt,propulsor,transparent
es,propósito,pt,propósito,transparent
es,prorrogar,pt,prorrogar,transparent
es,proseguir,pt,prosseguir,altered
es,prosperar,pt,prosperar,transparent
es,prosperidad,pt,prosperidade,transparent
es,prostitución,pt,prostituição,transparent
es,prostituta,pt,prostituto,transparent
es,protagonismo,pt,protagonismo,transparent
es,protagonista,pt,protagonista,transparent
es,protagonizar,pt,protagonizar,transparent
es,proteccion,pt,proteção,transparent
es,protección,pt,proteção,transparent
es,protector,pt,protetor,transparent
es,proteger,pt,proteger,transparent
es,protegido,pt,protegido,transparent
es,protesta,pt,protesto,altered
es,protestante,pt,protestante,transparent
es,protestar,pt,protestar,transparent
es,proteína,pt,proteína,transparent
es,protocolo,pt,protocolo,transparent
es,prototipo,pt,protótipo,transparent
es,provecho,pt,proveito,altered
es,proveedor,pt,provedor,transparent
es,proveer,pt,prover,altered
es,proveniente,pt,proveniente,transparent
es,provenir,pt,provir,altered
es,proverbio,pt,provérbio,transparent
es,proveído,pt,provido,altered
es,providencia,pt,providência,transparent
es,provincia,pt,província,transparent
es,provincial,pt,provincial,transparent
es,provisional,pt,provisório,transparent
es,provisión,pt,provisão,transparent
es,provisorio,pt,provisório,transparent
es,provocación,pt,provocação,transparent
es,provocador,pt,provocador,transparent
es,provocar,pt,provocar,transparent
es,proxima,pt,próximo,transparent
es,proximidad,pt,proximidade,altered
es,proximo,pt,próximo,transparent
es,proxy,pt,proxy,transparent
es,proyección,pt,projeção,transparent
es,proyectar,pt,projetar,altered
es,proyectil,pt,projétil,altered
es,proyecto,pt,projeto,altered
es,prudencia,pt,prudência,transparent
es,prudente,pt,prudente,transparent
es,prueba,pt,provar,altered
es,práctica,pt,prático,transparent
es,prácticamente,pt,praticamente,transparent
es,práctico,pt,prático,transparent
es,préstamo,pt,empréstimo,altered
es,príncipe,pt,príncipe,transparent
es,prójimo,pt,próximo,transparent
es,prólogo,pt,prólogo,transparent
es,prórroga,pt,prorrogação,altered
es,próspero,pt,próspero,transparent
es,próstata,pt,próstata,transparent
es,prótesis,pt,prótese,transparent
es,próximo,pt,próximo,transparent
es,pseudo,pt,pseudo,transparent
es,psicoanálisis,pt,psicanálise,altered
es,psicología,pt,psicologia,transparent
es,psicológicamente,pt,psicologicamente,transparent
es,psicológico,pt,psicológico,transparent
es,psicosis,pt,psicose,altered
es,psicólogo,pt,psicólogo,transparent
es,psicópata,pt,psicopata,altered
es,psiquiatría,pt,psiquiatria,transparent
es,psiquiátrico,pt,psiquiátrico,transparent
es,psíquico,pt,psíquico,transparent
es,pubertad,pt,puberdade,transparent
es,publicación,pt,publicação,altered
es,publicar,pt,publicar,transparent
es,publicidad,pt,publicidade,transparent
es,publicitario,pt,publicitário,transparent
es,pudor,pt,pudor,transparent
es,puente,pt,ponte,altered
es,puerco,pt,porco,altered
es,puerto,pt,porto,altered
es,pues,pt,pois,altered
es,puesto,pt,posto,altered
es,pulgada,pt,polegada,altered
es,pulgar,pt,polegar,altered
es,pulido,pt,polir,altered
es,pulir,pt,polir,altered
es,pulmonar,pt,pulmonar,transparent
es,pulmón,pt,pulmão,transparent
es,pulpa,pt,polpa,altered
es,pulsar,pt,pulsar,transparent
es,pulsera,pt,pulseira,altered
es,pulso,pt,pulso,transparent
es,puma,pt,puma,transparent
es,punir,pt,punir,transparent
es,punk,pt,punk,transparent
es,puntaje,pt,pontuação,altered
es,puntero,pt,ponteiro,altered
es,punto,pt,ponto,altered
es,puntuación,pt,pontuação,altered
es,puntual,pt,pontual,altered
es,puntuar,pt,pontuar,altered
es,pupila,pt,pupilar,transparent
es,puramente,pt,puramente,transparent
es,pure,pt,purê,transparent
es,pureza,pt,pureza,transparent
es,purificación,pt,purificação,transparent
es,purificar,pt,purificar,transparent
es,puro,pt,puro,transparent
es,puré,pt,purê,transparent
es,pus,pt,pus,transparent
es,puta,pt,puta,transparent
es,puto,pt,puto,transparent
es,puñado,pt,punhado,altered
es,puño,pt,punho,transparent
es,página,pt,página,transparent
es,pájaro,pt,pássaro,altered
es,pálido,pt,pálido,transparent
es,pánico,pt,pânico,transparent
es,párpado,pt,pálpebra,altered
es,párrafo,pt,parágrafo,altered
es,párroco,pt,pároco,transparent
es,pérdida,pt,perda,altered
es,pétalo,pt,pétala,altered
es,pícnic,pt,piquenique,transparent
es,píldora,pt,pílula,altered
es,póker,pt,poker,transparent
es,póliza,pt,apólice,altered
es,pólvora,pt,pólvora,transparent
es,públicamente,pt,publicamente,altered
es,público,pt,público,transparent
es,púrpura,pt,púrpura,transparent
es,quantum,pt,quantum,transparent
es,que,pt,que,transparent
es,quebrada,pt,quebrar,transparent
es,quebrado,pt,quebrar,transparent
es,quebrar,pt,quebrar,transparent
es,queda,pt,quedar,transparent
es,queja,pt,queixar,altered
es,quejar,pt,queixar,altered
es,quema,pt,queimar,altered
es,quemado,pt,queimar,transparent
es,quemadura,pt,queimadura,altered
es,quemar,pt,queimar,altered
es,querer,pt,querer,transparent
es,querido,pt,querido,transparent
es,quesito,pt,quesito,transparent
es,queso,pt,queijo,altered
es,quien,pt,quem,altered
es,quietar,pt,quietar,transparent
es,quieto,pt,quieto,transparent
es,quimioterapia,pt,quimioterapia,transparent
es,quince,pt,quinze,altered
es,quinientas,pt,quinhentos,altered
es,quinientos,pt,quinhentos,altered
es,quinta,pt,quintar,transparent
es,quintal,pt,quintal,transparent
es,quinto,pt,quinto,transparent
es,quiosco,pt,quiosque,transparent
es,quirúrgico,pt,cirúrgico,altered
es,quita,pt,quitar,transparent
es,quitar,pt,quitar,transparent
es,quito,pt,quitar,transparent
es,quiza,pt,quiçá,altered
es,quizas,pt,quiçá,altered
es,quizá,pt,quiçá,altered
es,quizás,pt,quiçá,altered
es,quién,pt,quem,altered
es,qué,pt,quê,transparent
es,química,pt,químico,transparent
es,químico,pt,químico,transparent
es,rabia,pt,raivar,altered
es,rabino,pt,rabino,transparent
es,rabo,pt,rabo,transparent
es,racha,pt,rachar,transparent
es,racial,pt,racial,transparent
es,racing,pt,racing,transparent
es,raciocinio,pt,raciocínio,transparent
es,racional,pt,racional,transparent
es,racionalidad,pt,racionalidade,transparent
es,racionamiento,pt,racionamento,transparent
es,racionar,pt,racionar,transparent
es,racismo,pt,racismo,transparent
es,racista,pt,racista,transparent
es,ración,pt,ração,transparent
es,radar,pt,radar,transparent
es,radiación,pt,radiação,transparent
es,radiactivo,pt,radioativo,altered
es,radial,pt,radial,transparent
es,radiante,pt,radiante,transparent
es,radical,pt,radical,transparent
es,radicalmente,pt,radicalmente,transparent
es,radicar,pt,radicar,transparent
es,radio,pt,rádio,transparent
es,radioactivo,pt,radioativo,altered
es,radiodifusión,pt,radiodifusão,altered
es,radiografía,pt,radiografia,transparent
es,raer,pt,raer,transparent
es,raiz,pt,raiz,transparent
es,rajar,pt,rachar,altered
es,rallar,pt,ralar,altered
es,ramal,pt,ramal,transparent
es,ramificación,pt,ramificação,transparent
es,ramo,pt,ramo,transparent
es,rampa,pt,rampa,transparent
es,rana,pt,rã,altered
es,rancho,pt,rancho,transparent
es,rancio,pt,rançoso,altered
es,ranking,pt,ranking,transparent
es,rapar,pt,rapar,transparent
es,rapaz,pt,rapaz,transparent
es,rapero,pt,rapper,altered
es,rapidez,pt,rapidez,transparent
es,rapidito,pt,rapidinho,altered
es,rapido,pt,rápido,transparent
es,rapidísimo,pt,rápido,altered
es,raramente,pt,raramente,transparent
es,raro,pt,raro,transparent
es,rasgar,pt,rasgar,transparent
es,rasgo,pt,rasgo,transparent
es,raso,pt,raso,transparent
es,raspar,pt,raspar,transparent
es,rastrear,pt,rastrear,transparent
es,rastreo,pt,rastreio,transparent
es,rastro,pt,rastro,transparent
es,rata,pt,ratar,transparent
es,ratificación,pt,ratificação,transparent
es,ratificar,pt,ratificar,transparent
es,rato,pt,rato,transparent
es,rayado,pt,raiar,altered
es,rayar,pt,raiar,altered
es,rayo,pt,raio,altered
es,raza,pt,raça,transparent
es,razon,pt,razão,altered
es,razonable,pt,razoável,transparent
es,razonablemente,pt,razoavelmente,altered
es,razón,pt,razão,altered
es,raíz,pt,raiz,transparent
es,reabrir,pt,reabrir,transparent
es,reacción,pt,reação,transparent
es,reafirmar,pt,reafirmar,transparent
es,real,pt,real,transparent
es,realeza,pt,realeza,transparent
es,realidad,pt,realidade,transparent
es,realismo,pt,realismo,transparent
es,realización,pt,realização,transparent
es,realizador,pt,realizador,transparent
es,realizar,pt,realizar,transparent
es,realmente,pt,realmente,transparent
es,realzar,pt,realçar,altered
es,reaparecer,pt,reaparecer,transparent
es,reapertura,pt,reabertura,altered
es,rebaja,pt,rebaixar,altered
es,rebajar,pt,rebaixar,altered
es,rebaño,pt,rebanho,altered
es,rebeca,pt,rebeca,transparent
es,rebelar,pt,rebelar,transparent
es,rebelde,pt,rebelde,transparent
es,rebeldía,pt,rebeldia,transparent
es,rebelión,pt,rebelião,transparent
es,rebote,pt,rebote,transparent
es,recado,pt,recado,transparent
es,recaer,pt,recair,altered
es,recargar,pt,recarregar,altered
es,recaída,pt,recair,altered
es,recelo,pt,receio,altered
es,recepcionista,pt,recepcionista,transparent
es,recepción,pt,recepção,transparent
es,receptor,pt,receptor,transparent
es,recesión,pt,recessão,altered
es,receso,pt,recesso,transparent
es,receta,pt,receitar,altered
es,recetar,pt,receitar,altered
es,recibimiento,pt,recebimento,altered
es,recibir,pt,receber,altered
es,recibo,pt,recibo,transparent
es,recibí,pt,receber,altered
es,reciclado,pt,reciclar,transparent
es,reciclaje,pt,reciclagem,altered
es,reciclar,pt,reciclar,transparent
es,recien,pt,recém,altered
es,reciente,pt,recente,altered
es,recientemente,pt,recentemente,altered
es,recinto,pt,recinto,transparent
es,recipiente,pt,recipiente,transparent
es,recital,pt,recital,transparent
es,recitar,pt,recitar,transparent
es,recién,pt,recém,altered
es,reclamación,pt,reclamação,transparent
es,reclamar,pt,reclamar,transparent
es,reclamo,pt,reclamação,altered
es,reclusión,pt,reclusão,transparent
es,recluso,pt,recluso,transparent
es,recluta,pt,recrutar,altered
es,reclutamiento,pt,recrutamento,altered
es,reclutar,pt,recrutar,transparent
es,recoger,pt,recolher,altered
es,recogida,pt,recolhido,altered
es,recogimiento,pt,recolhimento,altered
es,recolectar,pt,recolher,altered
es,recomendación,pt,recomendação,transparent
es,recomendado,pt,recomendar,transparent
es,recomendar,pt,recomendar,transparent
es,recompensa,pt,recompensar,transparent
es,recompensar,pt,recompensar,transparent
es,reconciliación,pt,reconciliação,transparent
es,reconciliar,pt,reconciliar,transparent
es,reconocer,pt,reconhecer,altered
es,reconocimiento,pt,reconhecimento,altered
es,reconquista,pt,reconquistar,transparent
es,reconquistar,pt,reconquistar,transparent
es,reconsiderar,pt,reconsiderar,transparent
es,reconstrucción,pt,reconstrução,altered
es,reconstruir,pt,reconstruir,transparent
es,record,pt,recorde,altered
es,recordar,pt,recordar,transparent
es,recorrer,pt,percorrer,altered
es,recorte,pt,recorte,transparent
es,recreación,pt,recreação,transparent
es,recrear,pt,recriar,transparent
es,recreativo,pt,recreativo,transparent
es,recreo,pt,recreio,altered
es,recta,pt,recto,transparent
es,rectangular,pt,retangular,altered
es,rectitud,pt,retidão,altered
es,recto,pt,reto,altered
es,rector,pt,reitor,altered
es,recuperación,pt,recuperação,altered
es,recuperar,pt,recuperar,transparent
es,recurrente,pt,recorrente,altered
es,recurrir,pt,recorrer,altered
es,recurso,pt,recurso,transparent
es,recusar,pt,recusar,transparent
es,red,pt,rede,altered
es,redacción,pt,redação,transparent
es,redactor,pt,redator,altered
es,rededor,pt,redor,altered
es,redención,pt,redenção,transparent
es,redentor,pt,redentor,transparent
es,redirigir,pt,redirecionar,altered
es,redistribución,pt,redistribuição,altered
es,redonda,pt,redondo,transparent
es,redondo,pt,redondo,transparent
es,reducción,pt,redução,transparent
es,reducir,pt,reduzir,altered
es,reelección,pt,reeleição,altered
es,reelegir,pt,reeleger,transparent
es,reembolso,pt,reembolso,transparent
es,reencontrar,pt,reencontrar,transparent
es,reencuentro,pt,reencontro,transparent
es,reescribir,pt,reescrever,transparent
es,reestructuración,pt,reestruturação,transparent
es,referencia,pt,referência,transparent
es,referendo,pt,referendo,transparent
es,referendum,pt,referendo,altered
es,referente,pt,referente,transparent
es,referir,pt,referir,transparent
es,referéndum,pt,referendo,altered
es,refinado,pt,refinar,transparent
es,refinar,pt,refinar,transparent
es,refinería,pt,refinar,altered
es,reflejar,pt,refletir,altered
es,reflejo,pt,reflexo,altered
es,reflexionar,pt,refletir,altered
es,reflexivo,pt,reflexivo,transparent
es,reflexión,pt,reflexão,transparent
es,reforma,pt,reformar,transparent
es,reformar,pt,reformar,transparent
es,reformista,pt,reformista,transparent
es,reforzado,pt,reforçar,altered
es,reforzar,pt,reforçar,altered
es,refrescante,pt,refrescante,transparent
es,refrescar,pt,refrescar,transparent
es,refresco,pt,refresco,transparent
es,refrigeración,pt,refrigeração,transparent
es,refrigerante,pt,refrigerante,transparent
es,refrán,pt,refrão,transparent
es,refuerzo,pt,reforço,altered
es,refugiado,pt,refugiado,transparent
es,refugiar,pt,refugiar,transparent
es,refugio,pt,refúgio,transparent
es,refutar,pt,refutar,transparent
es,regar,pt,regar,transparent
es,regencia,pt,regência,transparent
es,regeneración,pt,regeneração,transparent
es,regenerar,pt,regenerar,transparent
es,regente,pt,regente,transparent
es,regimen,pt,regime,transparent
es,regimiento,pt,regimento,transparent
es,regio,pt,régio,transparent
es,region,pt,região,transparent
es,regional,pt,regional,transparent
es,registrador,pt,registrador,transparent
es,registrar,pt,registrar,transparent
es,registro,pt,registro,transparent
es,región,pt,região,altered
es,regla,pt,regra,transparent
es,reglamentación,pt,regulamentação,altered
es,reglamentar,pt,regulamentar,altered
es,reglamentario,pt,regulamentar,altered
es,reglamento,pt,regulamento,transparent
es,reglar,pt,regrar,transparent
es,regresar,pt,regressar,transparent
es,regresivo,pt,regressivo,transparent
es,regresión,pt,regressão,transparent
es,regreso,pt,regresso,transparent
es,regulación,pt,regulação,transparent
es,regulador,pt,regulador,transparent
es,regular,pt,regular,transparent
es,regularidad,pt,regularidade,transparent
es,regularización,pt,regularização,transparent
es,regularizar,pt,regularizar,transparent
es,regularmente,pt,regularmente,transparent
es,rehabilitación,pt,reabilitação,transparent
es,rehabilitar,pt,reabilitar,transparent
es,rehacer,pt,refazer,altered
es,rehusar,pt,recusar,altered
es,rehén,pt,refém,altered
es,reina,pt,regina,altered
es,reinado,pt,reinar,transparent
es,reinar,pt,reinar,transparent
es,reiniciar,pt,reiniciar,transparent
es,reino,pt,reino,transparent
es,reir,pt,rir,altered
es,reiterar,pt,reiterar,transparent
es,reivindicación,pt,reivindicação,transparent
es,reivindicar,pt,reivindicar,transparent
es,relacion,pt,relação,transparent
es,relacionamiento,pt,relacionamento,transparent
es,relacionar,pt,relacionado,transparent
es,relación,pt,relação,transparent
es,relajante,pt,relaxante,altered
es,relajar,pt,relaxar,altered
es,relatar,pt,relatar,transparent
es,relativamente,pt,relativamente,transparent
es,relatividad,pt,relatividade,transparent
es,relativo,pt,relativo,transparent
es,relato,pt,relato,transparent
es,relator,pt,relator,transparent
es,relevancia,pt,relevância,transparent
es,relevante,pt,relevante,transparent
es,relevar,pt,relevar,transparent
es,relevo,pt,relevo,transparent
es,relieve,pt,relevo,altered
es,religion,pt,religião,altered
es,religioso,pt,religioso,transparent
es,religión,pt,religião,altered
es,relincho,pt,relincho,transparent
es,reliquia,pt,relíquia,transparent
es,relleno,pt,rechear,altered
es,reloj,pt,relógio,altered
es,reluciente,pt,reluzente,altered
es,relámpago,pt,relâmpago,transparent
es,remanente,pt,remanescente,altered
es,remar,pt,remar,transparent
es,remarcar,pt,remarcar,transparent
es,remate,pt,remate,transparent
es,remediar,pt,remediar,transparent
es,remedio,pt,remédio,transparent
es,remembranza,pt,lembrança,altered
es,remite,pt,remeter,altered
es,remix,pt,remix,transparent
es,remo,pt,remo,transparent
es,remoción,pt,remoção,transparent
es,remodelación,pt,remodelação,transparent
es,remodelar,pt,remodelar,transparent
es,remolino,pt,redemoinho,altered
es,remonta,pt,remontar,transparent
es,remontar,pt,remontar,transparent
es,remordimiento,pt,remorso,altered
es,remotamente,pt,remotamente,transparent
es,remoto,pt,remoto,transparent
es,remover,pt,remover,transparent
es,remuneración,pt,remuneração,transparent
es,remunerar,pt,remunerar,transparent
es,rena,pt,rena,transparent
es,renacer,pt,renascer,altered
es,renacimiento,pt,renascimento,altered
es,renal,pt,renal,transparent
es,rencor,pt,rancor,transparent
es,rendición,pt,rendição,transparent
es,rendimiento,pt,rendimento,transparent
es,rendir,pt,render,transparent
es,renegar,pt,renegar,transparent
es,reno,pt,rena,altered
es,renombrado,pt,renomado,altered
es,renombre,pt,renome,altered
es,renovable,pt,renovável,altered
es,renovación,pt,renovação,transparent
es,renovar,pt,renovar,transparent
es,renta,pt,rendar,altered
es,rentabilidad,pt,rentabilidade,transparent
es,rentable,pt,rentável,transparent
es,renuncia,pt,renúncia,transparent
es,renunciar,pt,renunciar,transparent
es,reo,pt,réu,altered
es,reorganización,pt,reorganização,transparent
es,reorganizar,pt,reorganizar,transparent
es,reparación,pt,reparação,transparent
es,reparar,pt,reparar,transparent
es,reparo,pt,reparo,transparent
es,repartir,pt,repartir,transparent
es,reparto,pt,repartir,transparent
es,repasar,pt,repassar,transparent
es,repaso,pt,repasso,transparent
es,repeler,pt,repelir,altered
es,repente,pt,repente,transparent
es,repentinamente,pt,repentinamente,transparent
es,repentino,pt,repentino,transparent
es,repercusión,pt,repercussão,altered
es,repercutir,pt,repercutir,transparent
es,repertorio,pt,repertório,transparent
es,repetición,pt,repetição,transparent
es,repetidamente,pt,repetidamente,transparent
es,repetir,pt,repetir,transparent
es,repetitivo,pt,repetitivo,transparent
es,repleto,pt,repleto,transparent
es,replicar,pt,replicar,transparent
es,repollo,pt,repolho,altered
es,reponer,pt,repor,transparent
es,reportaje,pt,reportagem,altered
es,reportar,pt,reportar,transparent
es,reporte,pt,reportar,transparent
es,reportero,pt,repórter,altered
es,reposición,pt,reposição,transparent
es,reposo,pt,repouso,altered
es,reprender,pt,repreender,altered
es,represa,pt,represar,transparent
es,represalia,pt,represália,transparent
es,representación,pt,representação,transparent
es,representante,pt,representante,transparent
es,representar,pt,representar,transparent
es,representativo,pt,representativo,transparent
es,represivo,pt,repressivo,transparent
es,represión,pt,repressão,altered
es,reprimir,pt,reprimir,transparent
es,reprobar,pt,reprovar,altered
es,reproducción,pt,reprodução,transparent
es,reproducir,pt,reproduzir,altered
es,reproductivo,pt,reprodutivo,altered
es,reproductor,pt,reprodutor,transparent
es,reptil,pt,réptil,transparent
es,republicano,pt,republicano,transparent
es,repudiar,pt,repudiar,transparent
es,repudio,pt,repúdio,transparent
es,repugnante,pt,repugnante,transparent
es,reputación,pt,reputação,transparent
es,requerimiento,pt,requerimento,altered
es,requerir,pt,requerer,altered
es,requisito,pt,requisito,transparent
es,resaltar,pt,ressaltar,transparent
es,rescatar,pt,resgatar,altered
es,rescate,pt,resgate,altered
es,resentimiento,pt,ressentimento,transparent
es,reserva,pt,reservar,transparent
es,reservado,pt,reservar,transparent
es,reservar,pt,reservar,transparent
es,reseña,pt,resenhar,transparent
es,reseñar,pt,resenhar,transparent
es,resfriado,pt,resfriar,transparent
es,resguardar,pt,resguardar,transparent
es,residencia,pt,residência,transparent
es,residencial,pt,residencial,transparent
es,residente,pt,residente,transparent
es,residir,pt,residir,transparent
es,residual,pt,residual,transparent
es,residuo,pt,resíduo,altered
es,resina,pt,resinar,transparent
es,resistencia,pt,resistência,transparent
es,resistente,pt,resistente,transparent
es,resistir,pt,resistir,transparent
es,resolución,pt,resolução,transparent
es,resolver,pt,resolver,transparent
es,resonancia,pt,ressonância,altered
es,resort,pt,resort,transparent
es,respaldo,pt,respaldo,transparent
es,respectivamente,pt,respectivamente,transparent
es,respectivo,pt,respectivo,transparent
es,respecto,pt,respeito,altered
es,respetable,pt,respeitável,altered
es,respetar,pt,respeitar,altered
es,respeto,pt,respeito,altered
es,respetuoso,pt,respeitoso,transparent
es,respiración,pt,respiração,transparent
es,respirar,pt,respirar,transparent
es,respiratorio,pt,respiratório,transparent
es,respiro,pt,respiro,transparent
es,responder,pt,responder,transparent
es,responsabilidad,pt,responsabilidade,transparent
es,responsabilizar,pt,responsabilizar,transparent
es,responsable,pt,responsável,transparent
es,resquicio,pt,resquício,transparent
es,rest,pt,rest,transparent
es,resta,pt,restar,transparent
es,restablecer,pt,restabelecer,altered
es,restablecimiento,pt,restabelecimento,transparent
es,restante,pt,restante,transparent
es,restar,pt,restar,transparent
es,restauración,pt,restauração,transparent
es,restaurant,pt,restaurante,altered
es,restaurante,pt,restaurante,transparent
es,restaurar,pt,restaurar,transparent
es,restitución,pt,restituição,transparent
es,resto,pt,resto,transparent
es,restricción,pt,restrição,altered
es,restrictivo,pt,restritivo,transparent
es,restringir,pt,restringir,transparent
es,resucitar,pt,ressuscitar,altered
es,resulta,pt,resultar,transparent
es,resultado,pt,resultar,transparent
es,resultando,pt,resultar,transparent
es,resultante,pt,resultante,transparent
es,resultar,pt,resultar,transparent
es,resumen,pt,resumo,altered
es,resumir,pt,resumir,transparent
es,resurgimiento,pt,ressurgimento,transparent
es,resurgir,pt,ressurgir,altered
es,resurrección,pt,ressurreição,altered
es,retaguardia,pt,retaguarda,altered
es,retardar,pt,retardar,transparent
es,retención,pt,retenção,transparent
es,retener,pt,reter,transparent
es,retirada,pt,retirar,transparent
es,retirado,pt,retirar,transparent
es,retirar,pt,retirar,transparent
es,retiro,pt,retiro,transparent
es,reto,pt,reto,transparent
es,retomar,pt,retomar,transparent
es,retornar,pt,retornar,transparent
es,retorno,pt,retorno,transparent
es,retratar,pt,retratar,transparent
es,retrato,pt,retrato,transparent
es,retribución,pt,retribuição,transparent
es,retro,pt,retro,transparent
es,retroceder,pt,retroceder,transparent
es,retroceso,pt,retrocesso,transparent
es,retrospectiva,pt,retrospectivo,transparent
es,retrovisor,pt,retrovisor,transparent
es,retrógrado,pt,retrógrado,transparent
es,retórica,pt,retórico,transparent
es,retórico,pt,retórico,transparent
es,reunion,pt,reunião,transparent
es,reunir,pt,reunir,transparent
es,reunión,pt,reunião,altered
es,revancha,pt,revanche,transparent
es,revelación,pt,revelação,transparent
es,revelado,pt,revelar,transparent
es,revelador,pt,revelador,transparent
es,revelar,pt,revelar,transparent
es,revender,pt,revender,transparent
es,reventar,pt,rebentar,altered
es,rever,pt,rever,transparent
es,reverencia,pt,reverência,transparent
es,reverendo,pt,reverendo,transparent
es,reverso,pt,reverso,transparent
es,revertir,pt,reverter,transparent
es,revestimiento,pt,revestimento,transparent
es,revestir,pt,revestir,transparent
es,revisión,pt,revisão,transparent
es,revistar,pt,revistar,transparent
es,revivir,pt,reviver,transparent
es,revocación,pt,revogação,altered
es,revolucion,pt,revolução,altered
es,revolucionar,pt,revolucionar,transparent
es,revolucionario,pt,revolucionário,transparent
es,revolución,pt,revolução,transparent
es,revolver,pt,revolver,transparent
es,revuelta,pt,revoltar,transparent
es,revés,pt,revés,transparent
es,revólver,pt,revólver,transparent
es,rey,pt,rei,altered
es,rezar,pt,rezar,transparent
es,rezo,pt,rezar,transparent
es,reír,pt,rir,altered
es,riachuelo,pt,riachuelo,transparent
es,ribera,pt,ribeira,altered
es,richard,pt,ricardo,altered
es,rico,pt,rico,transparent
es,ridiculizar,pt,ridicularizar,altered
es,ridiculo,pt,ridículo,transparent
es,ridículo,pt,ridículo,transparent
es,riego,pt,rego,altered
es,rienda,pt,rédea,altered
es,riesgo,pt,risco,altered
es,rifle,pt,rifle,transparent
es,rigidez,pt,rigidez,transparent
es,rigor,pt,rigor,transparent
es,riguroso,pt,rigoroso,transparent
es,rima,pt,rimar,transparent
es,ring,pt,ring,transparent
es,rinoceronte,pt,rinoceronte,transparent
es,rip,pt,rip,transparent
es,riqueza,pt,riqueza,transparent
es,risco,pt,risco,transparent
es,ritmo,pt,ritmo,transparent
es,rito,pt,rito,transparent
es,ritual,pt,ritual,transparent
es,rival,pt,rival,transparent
es,rivalidad,pt,rivalidade,transparent
es,river,pt,river,transparent
es,riñón,pt,rim,altered
es,robar,pt,roubar,altered
es,robo,pt,roubo,altered
es,robot,pt,robô,altered
es,robusto,pt,robusto,transparent
es,robótica,pt,robótico,transparent
es,roca,pt,rocha,altered
es,rock,pt,rock,transparent
es,rocoso,pt,rochoso,altered
es,rodado,pt,rodar,transparent
es,rodaje,pt,rodagem,altered
es,rodar,pt,rolar,altered
es,rodea,pt,rodear,altered
es,rodear,pt,rodear,transparent
es,rodeo,pt,rodeio,altered
es,roedor,pt,roedor,transparent
es,roer,pt,roer,transparent
es,rogar,pt,rogar,transparent
es,rol,pt,rol,transparent
es,rolar,pt,rodar,altered
es,rollo,pt,rolo,altered
es,romano,pt,romano,transparent
es,romanticismo,pt,romantismo,transparent
es,romo,pt,roma,transparent
es,romper,pt,romper,transparent
es,romántico,pt,romântico,altered
es,roncar,pt,roncar,transparent
es,ronco,pt,rouco,altered
es,ronda,pt,rondar,transparent
es,rondar,pt,rondar,transparent
es,rosa,pt,rosar,transparent
es,rosada,pt,rosar,transparent
es,rosado,pt,rosar,transparent
es,rosario,pt,rosário,transparent
es,rostro,pt,rosto,transparent
es,rotación,pt,rotação,transparent
es,rotar,pt,rotar,transparent
es,rozar,pt,roçar,altered
es,rubí,pt,rubi,transparent
es,rudo,pt,rude,transparent
es,rueda,pt,rodar,altered
es,rugby,pt,rugby,transparent
es,ruido,pt,ruir,transparent
es,ruina,pt,ruína,transparent
es,ruleta,pt,roleta,altered
es,rumano,pt,romeno,altered
es,rumbo,pt,rumo,altered
es,rumor,pt,rumor,transparent
es,runner,pt,runner,transparent
es,ruptura,pt,ruptura,transparent
es,rural,pt,rural,transparent
es,rusia,pt,rússia,altered
es,ruso,pt,russo,altered
es,rutina,pt,rotina,altered
es,rutinario,pt,rotineiro,altered
es,rápidamente,pt,rapidamente,transparent
es,rápido,pt,rápido,transparent
es,récord,pt,recorde,altered
es,régimen,pt,regime,altered
es,réplica,pt,réplica,transparent
es,rígido,pt,rígido,transparent
es,rímel,pt,rímel,transparent
es,rítmica,pt,rítmico,transparent
es,rústico,pt,rústico,transparent
es,sabana,pt,savana,altered
es,saber,pt,saber,transparent
es,sabiduría,pt,sabedoria,altered
es,sabiendas,pt,sabedoria,altered
es,sabio,pt,sábio,transparent
es,sabor,pt,sabor,transparent
es,saborear,pt,saborear,transparent
es,sabotaje,pt,sabotagem,transparent
es,sabotear,pt,sabotar,altered
es,sabroso,pt,saboroso,altered
es,saca,pt,saca,transparent
es,sacar,pt,sacar,transparent
es,sacerdote,pt,sacerdote,transparent
es,saco,pt,saco,transparent
es,sacramento,pt,sacramento,transparent
es,sacrificar,pt,sacrificar,transparent
es,sacrificio,pt,sacrifício,transparent
es,sacro,pt,sagrar,altered
es,sacudida,pt,sacudir,transparent
es,sacudir,pt,sacudir,transparent
es,safari,pt,safari,transparent
es,saga,pt,saga,transparent
es,sagrado,pt,sagrar,transparent
es,sal,pt,sal,transparent
es,sala,pt,sala,transparent
es,salarial,pt,salarial,transparent
es,salario,pt,salário,transparent
es,salchicha,pt,salsicha,altered
es,saldo,pt,saldo,transparent
es,salida,pt,sair,transparent
es,saliente,pt,saliente,transparent
es,salina,pt,salino,transparent
es,salir,pt,sair,altered
es,saliva,pt,saliva,transparent
es,salmo,pt,salmo,transparent
es,salmón,pt,salmão,altered
es,salon,pt,salão,transparent
es,salsa,pt,salso,transparent
es,saltar,pt,saltar,transparent
es,salteador,pt,salteador,transparent
es,salto,pt,salto,transparent
es,salud,pt,saúde,altered
es,saludable,pt,saudável,altered
es,saludar,pt,saudar,altered
es,saludo,pt,saudação,altered
es,salvación,pt,salvação,transparent
es,salvado,pt,salvar,transparent
es,salvador,pt,salvador,transparent
es,salvaguardar,pt,salvaguardar,transparent
es,salvaje,pt,selvagem,altered
es,salvamento,pt,salvamento,transparent
es,salvar,pt,salvar,transparent
es,salve,pt,salvo,altered
es,salvo,pt,salvo,transparent
es,salón,pt,salão,transparent
es,samba,pt,samba,transparent
es,samuel,pt,samuel,transparent
es,samurai,pt,samurai,transparent
es,sanar,pt,sarar,altered
es,sanatorio,pt,sanatório,transparent
es,sancionar,pt,sancionar,transparent
es,sanción,pt,sanção,transparent
es,sandalia,pt,sandália,transparent
es,sandwich,pt,sanduíche,altered
es,sandía,pt,melancia,altered
es,saneamiento,pt,saneamento,transparent
es,sangrado,pt,sangrar,transparent
es,sangrar,pt,sangrar,transparent
es,sangre,pt,sangue,altered
es,sangriento,pt,sangrento,altered
es,sangría,pt,sangria,transparent
es,sanguinario,pt,sanguinário,transparent
es,sanguíneo,pt,sanguíneo,transparent
es,sanidad,pt,sanidade,transparent
es,sanitario,pt,sanitário,transparent
es,santidad,pt,santidade,transparent
es,santo,pt,santo,transparent
es,santuario,pt,santuário,transparent
es,santísimo,pt,santo,transparent
es,sapo,pt,sapo,transparent
es,saque,pt,saque,transparent
es,saquear,pt,saquear,transparent
es,saqueo,pt,saque,altered
es,sarcasmo,pt,sarcasmo,transparent
es,sarcástico,pt,sarcástico,transparent
es,sardina,pt,sardinha,altered
es,sargento,pt,sargento,transparent
es,satanás,pt,satanás,transparent
es,satisfacción,pt,satisfação,transparent
es,satisfacer,pt,satisfeito,altered
es,satisfactorio,pt,satisfatório,transparent
es,saturación,pt,saturação,transparent
es,saturar,pt,saturar,transparent
es,saturno,pt,saturno,transparent
es,satánico,pt,satânico,transparent
es,satélite,pt,satélite,transparent
es,satírico,pt,satírico,transparent
es,saudita,pt,saudita,transparent
es,saudí,pt,saudita,altered
es,scooter,pt,scooter,transparent
es,scout,pt,scout,transparent
es,screen,pt,screen,transparent
es,sebastián,pt,sebastião,altered
es,secado,pt,secar,transparent
es,secadora,pt,secador,transparent
es,secar,pt,secar,transparent
es,seccion,pt,secção,altered
es,sección,pt,seção,transparent
es,seco,pt,seco,transparent
es,secreción,pt,secreção,transparent
es,secretamente,pt,secretamente,transparent
es,secretar,pt,secretar,transparent
es,secretario,pt,secretário,altered
es,secreto,pt,segredo,altered
es,secta,pt,seita,altered
es,sector,pt,setor,transparent
es,secuela,pt,sequela,altered
es,secuencia,pt,sequência,transparent
es,secuestrador,pt,sequestrador,altered
es,secuestrar,pt,sequestrar,altered
es,secuestro,pt,sequestro,transparent
es,secular,pt,secular,transparent
es,secundario,pt,secundário,transparent
es,seda,pt,seda,transparent
es,sediento,pt,sedento,altered
es,sedimento,pt,sedimento,transparent
es,sedoso,pt,sedoso,transparent
es,seducción,pt,sedução,transparent
es,seducir,pt,seduzir,altered
es,seductor,pt,sedutor,transparent
es,segar,pt,segar,transparent
es,segmento,pt,segmento,transparent
es,segregación,pt,segregação,transparent
es,seguida,pt,seguir,transparent
es,seguidor,pt,seguidor,transparent
es,seguimiento,pt,seguimento,transparent
es,seguir,pt,seguir,transparent
es,segundo,pt,segundo,transparent
es,seguramente,pt,seguramente,transparent
es,segurar,pt,segurar,transparent
es,seguridad,pt,segurança,altered
es,seguro,pt,seguro,transparent
es,según,pt,segundo,altered
es,seis,pt,seis,transparent
es,seiscientos,pt,seiscentos,altered
es,seleccion,pt,seleção,altered
es,seleccionar,pt,selecionar,transparent
es,selección,pt,seleção,altered
es,sellado,pt,selar,altered
es,sellar,pt,selar,altered
es,sello,pt,selo,transparent
es,selva,pt,selva,transparent
es,semana,pt,semana,transparent
es,semanal,pt,semanal,transparent
es,semanalmente,pt,semanalmente,transparent
es,semanario,pt,semanário,transparent
es,sembrar,pt,semear,altered
es,semejante,pt,semelhante,altered
es,semejanza,pt,semelhança,altered
es,semen,pt,sêmen,transparent
es,semestre,pt,semestre,transparent
es,semi,pt,semi,transparent
es,semifinal,pt,semifinal,transparent
es,seminario,pt,seminário,transparent
es,semáforo,pt,semáforo,transparent
es,semántica,pt,semântico,transparent
es,senado,pt,senado,transparent
es,senador,pt,senador,transparent
es,senior,pt,senhor,altered
es,seno,pt,seio,altered
es,sensacion,pt,sensação,transparent
es,sensacional,pt,sensacional,transparent
es,sensacionalista,pt,sensacionalista,transparent
es,sensación,pt,sensação,transparent
es,sensato,pt,sensato,transparent
es,sensibilidad,pt,sensibilidade,transparent
es,sensibilización,pt,sensibilização,transparent
es,sensibilizar,pt,sensibilizar,transparent
es,senso,pt,senso,transparent
es,sensor,pt,sensor,transparent
es,sensorial,pt,sensorial,transparent
es,sensual,pt,sensual,transparent
es,sensualidad,pt,sensualidade,transparent
es,sentada,pt,sentar,transparent
es,sentar,pt,sentar,transparent
es,sentencia,pt,sentença,transparent
es,sentenciar,pt,sentenciar,transparent
es,sentido,pt,sentir,transparent
es,sentimental,pt,sentimental,transparent
es,sentimiento,pt,sentimento,transparent
es,sentir,pt,sentir,transparent
es,separación,pt,separação,transparent
es,separar,pt,separar,transparent
es,separatista,pt,separatista,transparent
es,septiembre,pt,setembro,altered
es,sepultar,pt,sepultar,transparent
es,sepultura,pt,sepultura,transparent
es,ser,pt,ser,transparent
es,serbio,pt,sérvio,altered
es,serenidad,pt,serenidade,transparent
es,sereno,pt,sereno,transparent
es,serial,pt,serial,transparent
es,seriamente,pt,seriamente,transparent
es,seriar,pt,seriar,transparent
es,serie,pt,série,transparent
es,seriedad,pt,seriedade,altered
es,serio,pt,sério,transparent
es,sermón,pt,sermão,transparent
es,serpiente,pt,serpente,altered
es,serrano,pt,serrano,transparent
es,serrar,pt,serrar,transparent
es,servicio,pt,serviço,altered
es,servidor,pt,servidor,transparent
es,servidumbre,pt,servidão,altered
es,servir,pt,servir,transparent
es,sesenta,pt,sessenta,altered
es,sesión,pt,sessão,altered
es,seta,pt,seta,transparent
es,setecientos,pt,setecentos,transparent
es,setenta,pt,setenta,transparent
es,setiembre,pt,setembro,altered
es,seudónimo,pt,pseudónimo,altered
es,seven,pt,seven,transparent
es,severamente,pt,severamente,transparent
es,severidad,pt,severidade,altered
es,severo,pt,severo,transparent
es,sexo,pt,sexo,transparent
es,sexta,pt,sexto,transparent
es,sexto,pt,sexto,transparent
es,sexual,pt,sexual,transparent
es,sexualidad,pt,sexualidade,transparent
es,sexualmente,pt,sexualmente,transparent
es,sexy,pt,sexy,transparent
es,señal,pt,sinal,altered
es,señalar,pt,sinalizar,altered
es,señalización,pt,sinalização,altered
es,señor,pt,senhor,altered
es,señorito,pt,senhor,altered
es,señoría,pt,senhorio,altered
es,señorío,pt,senhorio,altered
es,shadow,pt,shadow,transparent
es,shampoo,pt,shampoo,transparent
es,share,pt,share,transparent
es,shock,pt,choque,altered
es,shop,pt,shop,transparent
es,show,pt,show,transparent
es,si,pt,se,altered
es,siberia,pt,sibéria,transparent
es,sic,pt,sic,transparent
es,sida,pt,sida,transparent
es,siempre,pt,sempre,altered
es,sierra,pt,serra,altered
es,siervo,pt,servo,altered
es,siete,pt,sete,altered
es,sigla,pt,sigla,transparent
es,siglo,pt,século,altered
es,significado,pt,significar,transparent
es,significante,pt,significante,transparent
es,significar,pt,significar,transparent
es,significativamente,pt,significativamente,transparent
es,significativo,pt,significativo,transparent
es,signo,pt,signo,transparent
es,siguiente,pt,seguinte,transparent
es,silenciar,pt,silenciar,transparent
es,silencio,pt,silêncio,altered
es,silenciosamente,pt,silenciosamente,transparent
es,silencioso,pt,silencioso,transparent
es,silla,pt,sela,altered
es,silo,pt,silo,transparent
es,silueta,pt,silhueta,altered
es,silva,pt,silva,transparent
es,silvestre,pt,silvestre,transparent
es,simbolismo,pt,simbolismo,transparent
es,simbolizar,pt,simbolizar,transparent
es,simbólico,pt,simbólico,transparent
es,simetría,pt,simetria,transparent
es,similar,pt,similar,transparent
es,simpatizante,pt,simpatizante,transparent
es,simpatizar,pt,simpatizar,transparent
es,simpatía,pt,simpatia,transparent
es,simple,pt,simples,transparent
es,simplemente,pt,simplesmente,transparent
es,simplicidad,pt,simplicidade,transparent
es,simplificar,pt,simplificar,transparent
es,simplista,pt,simplista,transparent
es,simposio,pt,simpósio,transparent
es,simpático,pt,simpático,transparent
es,simulación,pt,simulação,transparent
es,simulador,pt,simulador,transparent
es,simular,pt,simular,transparent
es,simultáneamente,pt,simultaneamente,transparent
es,simultáneo,pt,simultâneo,transparent
es,simétrico,pt,simétrico,transparent
es,sinagoga,pt,sinagoga,transparent
es,sinceramente,pt,sinceramente,transparent
es,sinceridad,pt,sinceridade,transparent
es,sincero,pt,sincero,transparent
es,sincronización,pt,sincronização,transparent
es,sincronizar,pt,sincronizar,transparent
es,sindical,pt,sindical,transparent
es,sindicalista,pt,sindicalista,transparent
es,sindicato,pt,sindicato,transparent
es,sinfonía,pt,sinfonia,transparent
es,singular,pt,singular,transparent
es,singularidad,pt,singularidade,transparent
es,siniestro,pt,sinistro,transparent
es,sinopsis,pt,sinopse,altered
es,sintaxis,pt,sintaxe,altered
es,sintetizar,pt,sintetizar,transparent
es,sintonizar,pt,sintonizar,transparent
es,sintonía,pt,sintonia,transparent
es,sintético,pt,sintético,transparent
es,sinónimo,pt,sinónimo,transparent
es,sionista,pt,sionista,transparent
es,siquiera,pt,sequer,altered
es,sirena,pt,sereia,altered
es,sirio,pt,sírio,transparent
es,sismo,pt,sismo,transparent
es,sistema,pt,sistema,transparent
es,sistemática,pt,sistemático,transparent
es,sistemáticamente,pt,sistematicamente,altered
es,sistemático,pt,sistemático,transparent
es,site,pt,site,transparent
es,sitiar,pt,sitiar,transparent
es,sitio,pt,site,altered
es,sito,pt,sito,transparent
es,situ,pt,situ,transparent
es,situacion,pt,situação,transparent
es,situación,pt,situação,transparent
es,situado,pt,situado,transparent
es,situar,pt,situar,transparent
es,skate,pt,skate,transparent
es,sketch,pt,sketch,transparent
es,smartphone,pt,smartphone,transparent
es,sms,pt,sms,transparent
es,soar,pt,soar,transparent
es,soberano,pt,soberano,transparent
es,soberanía,pt,soberania,altered
es,soberbia,pt,soberbo,altered
es,soberbio,pt,soberbo,altered
es,sobornar,pt,subornar,altered
es,soborno,pt,suborno,altered
es,sobra,pt,sobra,transparent
es,sobrado,pt,sobrar,transparent
es,sobrar,pt,sobrar,transparent
es,sobre,pt,sobre,transparent
es,sobrecarga,pt,sobrecarga,transparent
es,sobremesa,pt,sobremesa,transparent
es,sobrenatural,pt,sobrenatural,transparent
es,sobrenombre,pt,sobrenome,altered
es,sobresalir,pt,sobressair,altered
es,sobretodo,pt,sobretudo,transparent
es,sobreviviente,pt,sobrevivente,altered
es,sobrevivir,pt,sobreviver,transparent
es,sobrevolar,pt,sobrevoar,altered
es,sobrino,pt,sobrinho,altered
es,sobrio,pt,sóbrio,transparent
es,sociable,pt,sociável,transparent
es,social,pt,social,transparent
es,socialismo,pt,socialismo,transparent
es,socialista,pt,socialista,transparent
es,socialización,pt,socialização,transparent
es,socializar,pt,socializar,transparent
es,sociedad,pt,sociedade,transparent
es,socio,pt,sócio,transparent
es,sociología,pt,sociologia,transparent
es,sociológico,pt,sociológico,transparent
es,sociólogo,pt,sociólogo,transparent
es,socorro,pt,socorro,transparent
es,soda,pt,soda,transparent
es,sodio,pt,sódio,transparent
es,sofisticar,pt,sofisticar,transparent
es,sofocar,pt,sufocar,altered
es,software,pt,software,transparent
es,sofá,pt,sofá,transparent
es,soja,pt,soja,transparent
es,sol,pt,sol,transparent
es,solamente,pt,somente,altered
es,solar,pt,solar,transparent
es,soldado,pt,soldado,transparent
es,soledad,pt,solidão,altered
es,solemne,pt,solene,transparent
es,solicitar,pt,solicitar,transparent
es,solicitud,pt,solicitação,altered
es,solidaridad,pt,solidariedade,altered
es,solidario,pt,solidário,transparent
es,solitaria,pt,solitário,transparent
es,solitario,pt,solitário,transparent
es,solo,pt,só,altered
es,soltar,pt,soltar,transparent
es,soltero,pt,solteiro,altered
es,solucion,pt,solução,transparent
es,solucionar,pt,solucionar,transparent
es,solución,pt,solução,transparent
es,sombra,pt,sombra,transparent
es,sombrilla,pt,sombrinha,altered
es,sombrío,pt,sombrio,transparent
es,someter,pt,submeter,altered
es,something,pt,something,transparent
es,sonda,pt,sonda,transparent
es,sondeo,pt,sondagem,altered
es,sonoro,pt,sonoro,transparent
es,sonreír,pt,sorrir,altered
es,sonriente,pt,sorridente,altered
es,sonrisa,pt,sorriso,altered
es,sopa,pt,sopa,transparent
es,soplar,pt,soprar,transparent
es,soplo,pt,sopro,altered
es,soportar,pt,suportar,altered
es,soporte,pt,suporte,altered
es,soprano,pt,soprano,transparent
es,sor,pt,sor,transparent
es,sorber,pt,sorver,altered
es,sorbete,pt,sorvete,altered
es,sordo,pt,surdo,altered
es,sorprendente,pt,surpreendente,altered
es,sorprendentemente,pt,surpreendentemente,altered
es,sorprender,pt,surpreso,altered
es,sorpresa,pt,surpreso,transparent
es,sortear,pt,sortear,transparent
es,sorteo,pt,sorteio,transparent
es,sosa,pt,soda,altered
es,sospecha,pt,suspeito,altered
es,sospechar,pt,suspeitar,altered
es,sospechoso,pt,suspeito,altered
es,sostener,pt,sustentar,altered
es,sostenibilidad,pt,sustentabilidade,altered
es,sostenible,pt,sustentável,altered
es,sostenido,pt,sustentar,altered
es,soto,pt,soto,transparent
es,sound,pt,sound,transparent
es,soviético,pt,soviético,transparent
es,soya,pt,soja,altered
es,soñador,pt,sonhador,altered
es,soñar,pt,sonhar,altered
es,spa,pt,spa,transparent
es,spam,pt,spam,transparent
es,split,pt,split,transparent
es,sport,pt,sport,transparent
es,sporting,pt,sporting,transparent
es,spot,pt,spot,transparent
es,spray,pt,spray,transparent
es,sprint,pt,sprint,transparent
es,staff,pt,staff,transparent
es,states,pt,states,transparent
es,station,pt,station,transparent
es,status,pt,status,transparent
es,stock,pt,stock,transparent
es,stories,pt,stories,transparent
es,streaming,pt,streaming,transparent
es,studies,pt,studies,transparent
es,studio,pt,estúdio,altered
es,styles,pt,styles,transparent
es,suave,pt,suave,transparent
es,suavemente,pt,suavemente,transparent
es,suavidad,pt,suavidade,transparent
es,suavizar,pt,suavizar,transparent
es,sub,pt,sub,transparent
es,subconsciente,pt,subconsciente,transparent
es,subestimar,pt,subestimar,transparent
es,subida,pt,subir,transparent
es,subir,pt,subir,transparent
es,subjetivo,pt,subjetivar,transparent
es,sublime,pt,sublime,transparent
es,submarino,pt,submarino,transparent
es,subordinado,pt,subordinado,transparent
es,subsecretario,pt,subsecretário,transparent
es,subsidiar,pt,subsidiar,transparent
es,subsidiaria,pt,subsidiário,transparent
es,subsidio,pt,subsídio,transparent
es,subsistencia,pt,subsistência,transparent
es,substancia,pt,substância,transparent
es,subsuelo,pt,subsolo,altered
es,subterráneo,pt,subterrâneo,transparent
es,subtítulo,pt,subtítulo,transparent
es,suburbio,pt,subúrbio,transparent
es,subversivo,pt,subversivo,transparent
es,subyacente,pt,subjacente,transparent
es,suceder,pt,suceder,transparent
es,sucedido,pt,sucedido,transparent
es,sucesivamente,pt,sucessivamente,altered
es,sucesivo,pt,sucessivo,transparent
es,sucesión,pt,sucessão,transparent
es,sucesor,pt,sucessor,transparent
es,suciedad,pt,sujidade,altered
es,sucio,pt,sujo,altered
es,sucumbir,pt,sucumbir,transparent
es,sud,pt,sul,altered
es,sudar,pt,suar,altered
es,sudeste,pt,sudeste,transparent
es,sudoeste,pt,sudoeste,transparent
es,sudor,pt,suor,altered
es,suecia,pt,suécio,altered
es,sueco,pt,sueco,transparent
es,suegro,pt,sogro,altered
es,suela,pt,sola,altered
es,suelo,pt,solo,transparent
es,suelto,pt,solto,altered
es,suero,pt,soro,altered
es,sueño,pt,sonho,altered
es,suficiente,pt,suficiente,transparent
es,suficientemente,pt,suficientemente,transparent
es,sufragio,pt,sufrágio,transparent
es,sufrido,pt,sofrido,altered
es,sufrimiento,pt,sofrimento,altered
es,sufrir,pt,sofrer,altered
es,sugerencia,pt,sugestão,altered
es,sugerir,pt,sugerir,transparent
es,sugestión,pt,sugestão,transparent
es,suicida,pt,suicida,transparent
es,suicidar,pt,suicidar,transparent
es,suicidio,pt,suicídio,transparent
es,suite,pt,suíte,transparent
es,suizo,pt,suíço,altered
es,sujetar,pt,sujeitar,transparent
es,sujeto,pt,sujeito,transparent
es,sultán,pt,sultão,transparent
es,sumar,pt,somar,altered
es,sumario,pt,sumário,transparent
es,sumir,pt,sumir,transparent
es,sumisión,pt,submissão,altered
es,sumo,pt,soma,altered
es,super,pt,super,transparent
es,superación,pt,superação,transparent
es,superar,pt,superar,transparent
es,superficial,pt,superficial,transparent
es,superficie,pt,superfície,transparent
es,superintendencia,pt,superintendência,transparent
es,superintendente,pt,superintendente,transparent
es,superior,pt,superior,transparent
es,superioridad,pt,superioridade,transparent
es,superman,pt,superman,transparent
es,supermercado,pt,supermercado,transparent
es,superstición,pt,superstição,transparent
es,supervisión,pt,supervisão,transparent
es,supervisor,pt,supervisor,transparent
es,supervivencia,pt,sobrevivência,altered
es,superviviente,pt,sobrevivente,altered
es,suplementario,pt,suplementar,altered
es,suplemento,pt,suplemento,transparent
es,suplente,pt,suplente,transparent
es,suplicar,pt,suplicar,transparent
es,suplico,pt,suplicar,transparent
es,suponer,pt,supor,altered
es,suposición,pt,suposição,transparent
es,suprema,pt,supremo,transparent
es,supremacía,pt,supremacia,transparent
es,supremo,pt,supremo,transparent
es,supresión,pt,supressão,transparent
es,suprimir,pt,suprimir,transparent
es,supuestamente,pt,supostamente,altered
es,supuesto,pt,suposto,altered
es,sur,pt,sul,altered
es,surco,pt,sulco,altered
es,sureste,pt,sudeste,altered
es,surf,pt,surfe,altered
es,surgimiento,pt,surgimento,transparent
es,surgir,pt,surgir,transparent
es,suroeste,pt,sudoeste,altered
es,surreal,pt,surreal,transparent
es,susceptible,pt,suscetível,altered
es,suscitar,pt,suscitar,transparent
es,suscribir,pt,subscrever,altered
es,sushi,pt,sushi,transparent
es,suspender,pt,suspender,transparent
es,suspensión,pt,suspensão,transparent
es,suspenso,pt,suspense,altered
es,suspirar,pt,suspirar,transparent
es,suspiro,pt,suspiro,transparent
es,sustancia,pt,substância,altered
es,sustancial,pt,substancial,altered
es,sustancialmente,pt,substancialmente,transparent
es,sustantivo,pt,substantivo,transparent
es,sustentable,pt,sustentável,transparent
es,sustentar,pt,sustentar,transparent
es,sustento,pt,sustento,transparent
es,sustitución,pt,substituição,transparent
es,sustituir,pt,substituir,altered
es,sustituto,pt,substituto,altered
es,susto,pt,susto,transparent
es,sustraer,pt,subtrair,altered
es,sustrato,pt,substrato,altered
es,susurrar,pt,sussurrar,altered
es,susurro,pt,sussurro,transparent
es,suyo,pt,seu,altered
es,sábado,pt,sábado,transparent
es,sándwich,pt,sanduíche,transparent
es,sándwiches,pt,sanduíche,altered
es,sátira,pt,sátira,transparent
es,séptimo,pt,sétimo,altered
es,sí,pt,si,transparent
es,sílaba,pt,sílaba,transparent
es,símbolo,pt,símbolo,transparent
es,síndrome,pt,síndrome,transparent
es,síntesis,pt,síntese,altered
es,síntoma,pt,sintoma,transparent
es,sísmico,pt,sísmico,transparent
es,sólido,pt,sólido,transparent
es,sólo,pt,só,altered
es,súbito,pt,súbito,transparent
es,súper,pt,super,transparent
es,tabaco,pt,tabaco,transparent
es,tabla,pt,tabela,altered
es,tablero,pt,tabuleiro,altered
es,tablet,pt,tablet,transparent
es,tabú,pt,tabu,transparent
es,tachar,pt,tachar,transparent
es,taco,pt,taco,transparent
es,tacto,pt,tato,altered
es,taekwondo,pt,taekwondo,transparent
es,tag,pt,tag,transparent
es,tal,pt,tal,transparent
es,talar,pt,talar,transparent
es,talento,pt,talento,transparent
es,talentoso,pt,talentoso,transparent
es,tallo,pt,talo,altered
es,tamaño,pt,tamanho,altered
es,tambien,pt,também,altered
es,también,pt,também,altered
es,tambor,pt,tambor,transparent
es,tampoco,pt,tampouco,transparent
es,tan,pt,tão,transparent
es,tanga,pt,tanga,transparent
es,tangible,pt,tangível,transparent
es,tango,pt,tango,transparent
es,tanque,pt,tanque,transparent
es,tanto,pt,tanto,transparent
es,tao,pt,tao,transparent
es,tap,pt,tap,transparent
es,tapa,pt,tapa,transparent
es,tapar,pt,tapar,transparent
es,tapete,pt,tapete,transparent
es,tapón,pt,tampão,altered
es,tara,pt,tara,transparent
es,tarado,pt,tarar,transparent
es,tarar,pt,tarar,transparent
es,tardar,pt,tardar,transparent
es,tarde,pt,tarde,transparent
es,tardío,pt,tardio,transparent
es,tarea,pt,tarefa,altered
es,target,pt,target,transparent
es,tarifa,pt,tarifa,transparent
es,tarifar,pt,tarifar,transparent
es,tasa,pt,taxa,transparent
es,tasar,pt,taxar,altered
es,tatuaje,pt,tatuagem,altered
es,tatuar,pt,tatuar,transparent
es,taxi,pt,táxi,transparent
es,taxista,pt,taxista,transparent
es,teatral,pt,teatral,transparent
es,teatro,pt,teatro,transparent
es,techo,pt,teto,altered
es,tecla,pt,tecla,transparent
es,teclado,pt,teclar,transparent
es,tecnica,pt,técnico,transparent
es,tecnico,pt,técnico,transparent
es,tecnologia,pt,tecnologia,transparent
es,tecnología,pt,tecnologia,transparent
es,tecnológico,pt,tecnológico,transparent
es,tedio,pt,tédio,transparent
es,tedioso,pt,tedioso,transparent
es,tejado,pt,telhar,altered
es,tejer,pt,tecer,altered
es,tejido,pt,tecido,altered
es,tela,pt,tela,transparent
es,tele,pt,tele,transparent
es,telecomunicación,pt,telecomunicação,transparent
es,telediario,pt,telejornal,altered
es,telefono,pt,telefone,transparent
es,telefonía,pt,telefonia,transparent
es,telefónico,pt,telefónico,transparent
es,telegram,pt,telegrama,altered
es,telegrama,pt,telegrama,transparent
es,telenovela,pt,telenovela,transparent
es,telescopio,pt,telescópio,transparent
es,television,pt,televisão,altered
es,televisivo,pt,televisivo,transparent
es,televisión,pt,televisão,transparent
es,televisor,pt,televisor,transparent
es,teléfono,pt,telefone,altered
es,telégrafo,pt,telégrafo,transparent
es,telón,pt,telão,transparent
es,temblar,pt,tremer,altered
es,temblor,pt,tremor,altered
es,temer,pt,temer,transparent
es,temeroso,pt,temeroso,transparent
es,temible,pt,temível,transparent
es,temor,pt,temor,transparent
es,temperamento,pt,temperamento,transparent
es,temperar,pt,temperado,transparent
es,temperatura,pt,temperatura,transparent
es,tempestad,pt,tempestade,altered
es,templar,pt,temperar,altered
es,templario,pt,templário,transparent
es,templo,pt,templo,transparent
es,tempo,pt,tempo,transparent
es,temporada,pt,temporada,transparent
es,temporal,pt,temporal,transparent
es,temporario,pt,temporário,altered
es,temática,pt,temático,transparent
es,temático,pt,temático,transparent
es,tendencia,pt,tendência,transparent
es,tender,pt,tender,transparent
es,tendón,pt,tendão,altered
es,tenebroso,pt,tenebroso,transparent
es,tener,pt,ter,altered
es,teniente,pt,tenente,altered
es,tenis,pt,tênis,transparent
es,tenista,pt,tenista,transparent
es,tensión,pt,tensão,transparent
es,tenso,pt,tenso,transparent
es,tentación,pt,tentação,transparent
es,tentador,pt,tentador,transparent
es,tentar,pt,tentar,transparent
es,tentativa,pt,tentativo,transparent
es,tentativo,pt,tentativo,transparent
es,tenue,pt,tênue,transparent
es,tenés,pt,ter,altered
es,teología,pt,teologia,transparent
es,teológico,pt,teológico,transparent
es,teorema,pt,teorema,transparent
es,teoria,pt,teoria,transparent
es,teoría,pt,teoria,altered
es,tequila,pt,tequila,transparent
es,terapeuta,pt,terapeuta,transparent
es,terapia,pt,terapia,transparent
es,terapéutica,pt,terapêutico,transparent
es,terapéutico,pt,terapêutico,transparent
es,tercer,pt,terço,altered
es,tercero,pt,terceiro,altered
es,tercio,pt,terço,altered
es,terco,pt,teimoso,altered
es,termal,pt,termal,transparent
es,terminación,pt,terminação,transparent
es,terminal,pt,terminal,transparent
es,terminar,pt,terminar,transparent
es,terminología,pt,terminologia,transparent
es,ternura,pt,ternura,transparent
es,terremoto,pt,terremoto,transparent
es,terrenal,pt,terreno,altered
es,terreno,pt,terreno,transparent
es,terrestre,pt,terrestre,transparent
es,terrible,pt,terrível,transparent
es,terriblemente,pt,terrivelmente,transparent
es,territorial,pt,territorial,transparent
es,territorio,pt,território,transparent
es,terror,pt,terror,transparent
es,terrorismo,pt,terrorismo,transparent
es,terrorista,pt,terrorista,transparent
es,tesis,pt,tese,altered
es,tesorero,pt,tesoureiro,altered
es,tesoro,pt,tesouro,altered
es,testamento,pt,testamento,transparent
es,testar,pt,testar,transparent
es,testificar,pt,testemunhar,altered
es,testimonio,pt,testemunho,altered
es,testosterona,pt,testosterona,transparent
es,testículo,pt,testículo,transparent
es,teta,pt,teta,transparent
es,textil,pt,têxtil,transparent
es,texto,pt,texto,transparent
es,textual,pt,textual,transparent
es,textura,pt,textura,transparent
es,teñido,pt,tingir,altered
es,teólogo,pt,teólogo,transparent
es,teóricamente,pt,teoricamente,transparent
es,teórico,pt,teórico,transparent
es,thing,pt,thing,transparent
es,thriller,pt,thriller,transparent
es,tibetano,pt,tibetano,transparent
es,tiburón,pt,tubarão,altered
es,tiempo,pt,tempo,transparent
es,tierno,pt,terno,altered
es,tierra,pt,terra,altered
es,tifón,pt,tufão,altered
es,tigre,pt,tigre,transparent
es,tijera,pt,tesoura,altered
es,timbre,pt,timbre,transparent
es,timidez,pt,timidez,transparent
es,timón,pt,timão,transparent
es,tintar,pt,tintar,transparent
es,tinte,pt,tinto,altered
es,tintineo,pt,tinir,altered
es,tinto,pt,tinto,transparent
es,tio,pt,tio,transparent
es,tipico,pt,típico,transparent
es,tipo,pt,tipo,transparent
es,tipografía,pt,tipografia,transparent
es,tipología,pt,tipologia,transparent
es,tira,pt,tira,transparent
es,tirada,pt,tirar,transparent
es,tirado,pt,tirar,transparent
es,tirano,pt,tirano,transparent
es,tiranía,pt,tirania,transparent
es,tirar,pt,tirar,transparent
es,tiro,pt,tiro,transparent
es,tiroteo,pt,tiroteio,altered
es,titulación,pt,titulação,transparent
es,titulado,pt,titular,transparent
es,titular,pt,titular,transparent
es,titularidad,pt,titularidade,transparent
es,titán,pt,titã,transparent
es,toalla,pt,toalha,altered
es,toallita,pt,toalha,altered
es,tobillo,pt,tornozelo,altered
es,toca,pt,toca,transparent
es,tocado,pt,tocar,transparent
es,tocar,pt,tocar,transparent
es,todavia,pt,todavia,transparent
es,todavía,pt,todavia,transparent
es,todo,pt,todo,transparent
es,toledo,pt,toledo,transparent
es,tolerancia,pt,tolerância,transparent
es,tolerante,pt,tolerante,transparent
es,tolerar,pt,tolerar,transparent
es,toma,pt,toma,transparent
es,tomar,pt,tomar,transparent
es,tomate,pt,tomate,transparent
es,tomo,pt,tomo,transparent
es,tomá,pt,toma,transparent
es,ton,pt,tom,transparent
es,tonalidad,pt,tonalidade,transparent
es,tonelada,pt,tonelada,transparent
es,tono,pt,tom,altered
es,tonto,pt,tonto,transparent
es,top,pt,top,transparent
es,topar,pt,topar,transparent
es,topo,pt,topo,transparent
es,topografía,pt,topografia,transparent
es,toque,pt,toque,transparent
es,torcedor,pt,torcedor,transparent
es,torcer,pt,torcer,transparent
es,torcido,pt,torcido,transparent
es,tormenta,pt,tormenta,transparent
es,tormento,pt,tormento,transparent
es,torna,pt,torna,transparent
es,tornado,pt,tornar,transparent
es,tornar,pt,tornar,transparent
es,torneo,pt,torneio,altered
es,torno,pt,torno,transparent
es,toro,pt,touro,altered
es,torpedo,pt,torpedo,transparent
es,torre,pt,torre,transparent
es,torrent,pt,torrent,transparent
es,tortuga,pt,tartaruga,altered
es,tortura,pt,tortura,transparent
es,torturar,pt,torturar,transparent
es,torácico,pt,torácico,transparent
es,tos,pt,tossir,altered
es,toscano,pt,toscano,transparent
es,tosco,pt,tosco,transparent
es,toser,pt,tossir,altered
es,tostada,pt,tostar,transparent
es,tostado,pt,tostar,transparent
es,total,pt,total,transparent
es,totalidad,pt,totalidade,transparent
es,totalitario,pt,totalitário,transparent
es,totalizar,pt,totalizar,transparent
es,totalmente,pt,totalmente,transparent
es,tour,pt,tour,transparent
es,toxicidad,pt,toxicidade,transparent
es,toxina,pt,toxina,transparent
es,traba,pt,trava,altered
es,trabajador,pt,trabalhador,transparent
es,trabajar,pt,trabalhar,transparent
es,trabajo,pt,trabalho,transparent
es,trabar,pt,travar,altered
es,tracción,pt,tração,altered
es,tractor,pt,trator,altered
es,tradicional,pt,tradicional,transparent
es,tradicionalmente,pt,tradicionalmente,transparent
es,tradición,pt,tradição,transparent
es,traducción,pt,tradução,transparent
es,traducir,pt,traduzir,altered
es,traductor,pt,tradutor,altered
es,traer,pt,trazer,altered
es,traficante,pt,traficante,transparent
es,traficar,pt,traficar,transparent
es,tragar,pt,tragar,transparent
es,tragedia,pt,tragédia,altered
es,traicionero,pt,traidor,altered
es,traición,pt,traição,transparent
es,traidor,pt,trair,altered
es,traje,pt,traje,transparent
es,trama,pt,trama,transparent
es,tramar,pt,tramar,transparent
es,tramitación,pt,tramitação,transparent
es,tramitar,pt,tramitar,transparent
es,trampa,pt,trampa,transparent
es,tranquilamente,pt,tranquilamente,transparent
es,tranquilidad,pt,tranquilidade,transparent
es,tranquilizar,pt,tranquilizar,transparent
es,tranquilo,pt,tranquilo,transparent
es,transacción,pt,transação,altered
es,transcribir,pt,transcrever,altered
es,transcripción,pt,transcrição,transparent
es,transexual,pt,transexual,transparent
es,transeúnte,pt,transeunte,altered
es,transferencia,pt,transferência,transparent
es,transferir,pt,transferir,transparent
es,transformación,pt,transformação,transparent
es,transformador,pt,transformador,transparent
es,transformar,pt,transformar,transparent
es,transición,pt,transição,transparent
es,transitar,pt,transitar,transparent
es,transitorio,pt,transitório,transparent
es,transmisión,pt,transmissão,altered
es,transmisor,pt,transmissor,transparent
es,transmitir,pt,transmitir,transparent
es,transnacional,pt,transnacional,transparent
es,transparencia,pt,transparência,altered
es,transparente,pt,transparente,transparent
es,transportador,pt,transportador,transparent
es,transportar,pt,transportar,transparent
es,transporte,pt,transporte,transparent
es,transversal,pt,transversal,transparent
es,trapo,pt,trapo,transparent
es,tras,pt,trás,altered
es,trascendental,pt,transcendental,transparent
es,trascender,pt,transcender,transparent
es,trasera,pt,traseiro,altered
es,trasero,pt,traseiro,altered
es,trasmitir,pt,transmitir,transparent
es,trasplantar,pt,transplantar,altered
es,trasplante,pt,transplantar,altered
es,trastorno,pt,transtorno,altered
es,trata,pt,tratar,transparent
es,tratado,pt,tratar,transparent
es,tratamiento,pt,tratamento,altered
es,tratar,pt,tratar,transparent
es,trato,pt,trato,transparent
es,trauma,pt,trauma,transparent
es,traumatismo,pt,traumatismo,transparent
es,traumático,pt,traumático,transparent
es,travesti,pt,travesti,transparent
es,travesía,pt,travessia,transparent
es,traviesa,pt,travesso,altered
es,travieso,pt,travesso,altered
es,trayecto,pt,trajeto,altered
es,trayectoria,pt,trajetória,altered
es,traza,pt,traça,transparent
es,trazado,pt,traçar,transparent
es,trazar,pt,traçar,altered
es,trazo,pt,traço,altered
es,trece,pt,treze,altered
es,trecho,pt,trecho,transparent
es,tregua,pt,trégua,transparent
es,tremendo,pt,tremer,transparent
es,tren,pt,trem,altered
es,trenza,pt,trança,altered
es,trenzar,pt,trançar,transparent
es,trepar,pt,trepar,transparent
es,tres,pt,três,transparent
es,trescientos,pt,trezentos,altered
es,triangular,pt,triangular,transparent
es,tribal,pt,tribal,transparent
es,tribu,pt,tribo,altered
es,tribuna,pt,tribuna,transparent
es,tribunal,pt,tribunal,transparent
es,tributación,pt,tributação,transparent
es,tributario,pt,tributário,transparent
es,tributo,pt,tributo,transparent
es,tricolor,pt,tricolor,transparent
es,tridimensional,pt,tridimensional,transparent
es,trigo,pt,trigo,transparent
es,trilla,pt,trilha,altered
es,trilogía,pt,trilogia,transparent
es,trimestre,pt,trimestre,transparent
es,trinchera,pt,trincheira,altered
es,trineo,pt,trenó,altered
es,trinidad,pt,trindade,altered
es,trio,pt,trio,transparent
es,tripa,pt,tripa,transparent
es,triple,pt,triplo,altered
es,triplicar,pt,triplicar,transparent
es,tripulación,pt,tripulação,altered
es,tripulante,pt,tripulante,transparent
es,triste,pt,triste,transparent
es,tristeza,pt,tristeza,transparent
es,triturar,pt,triturar,transparent
es,triunfar,pt,triunfar,transparent
es,triunfo,pt,triunfo,transparent
es,trivial,pt,trivial,transparent
es,triángulo,pt,triângulo,altered
es,trocar,pt,trocar,transparent
es,trofeo,pt,troféu,altered
es,trolls,pt,trolls,transparent
es,trompa,pt,trompa,transparent
es,trompeta,pt,trombeta,altered
es,tronco,pt,tronco,transparent
es,trono,pt,trono,transparent
es,tropa,pt,tropa,transparent
es,tropezar,pt,tropeçar,altered
es,tropical,pt,tropical,transparent
es,tropiezo,pt,tropeço,altered
es,trotar,pt,trotar,transparent
es,trote,pt,trote,transparent
es,trozo,pt,troço,transparent
es,trucha,pt,truta,altered
es,truco,pt,truque,altered
es,trueno,pt,trovão,altered
es,trueque,pt,troca,altered
es,tráfico,pt,tráfego,altered
es,trágico,pt,trágico,transparent
es,tráiler,pt,trailer,transparent
es,trámite,pt,trâmite,transparent
es,tránsito,pt,trânsito,altered
es,trío,pt,trio,transparent
es,trópico,pt,trópico,transparent
es,tsunami,pt,tsunami,transparent
es,tu,pt,teu,altered
es,tuberculosis,pt,tuberculose,altered
es,tubo,pt,tubo,transparent
es,tuerto,pt,torto,altered
es,tumba,pt,tumba,transparent
es,tumbar,pt,tombar,altered
es,tumor,pt,tumor,transparent
es,tumulto,pt,tumulto,transparent
es,tunar,pt,tunar,transparent
es,turbar,pt,turbar,transparent
es,turbulencia,pt,turbulência,transparent
es,turbulento,pt,turbulento,transparent
es,turco,pt,turco,transparent
es,turismo,pt,turismo,transparent
es,turista,pt,turista,transparent
es,turno,pt,turno,transparent
es,turquía,pt,turquia,transparent
es,turístico,pt,turístico,transparent
es,tutela,pt,tutela,transparent
es,tutor,pt,tutor,transparent
es,tutorial,pt,tutorial,transparent
es,tuya,pt,teu,altered
es,tuyo,pt,teu,altered
es,tweet,pt,tweet,transparent
es,tweets,pt,tweets,transparent
es,twitter,pt,twitter,transparent
es,tácito,pt,tácito,transparent
es,táctica,pt,tática,altered
es,táctico,pt,tático,transparent
es,tártaro,pt,tártaro,transparent
es,técnica,pt,técnico,transparent
es,técnicamente,pt,tecnicamente,transparent
es,técnico,pt,técnico,transparent
es,térmico,pt,térmico,transparent
es,tíbet,pt,tibete,altered
es,tímido,pt,tímido,transparent
es,tío,pt,tio,transparent
es,típicamente,pt,tipicamente,transparent
es,típico,pt,típico,transparent
es,título,pt,título,transparent
es,tómate,pt,tomate,transparent
es,tónica,pt,tônica,transparent
es,tónico,pt,tônico,transparent
es,tópico,pt,tópico,transparent
es,tórax,pt,tórax,transparent
es,tóxico,pt,tóxico,transparent
es,túmulo,pt,túmulo,transparent
es,túnel,pt,túnel,transparent
es,túnica,pt,túnica,transparent
es,ucraniano,pt,ucraniano,transparent
es,ucranio,pt,ucraniano,altered
es,ultimamente,pt,ultimamente,transparent
es,ultimar,pt,ultimar,transparent
es,ultimos,pt,último,transparent
es,ultra,pt,ultra,transparent
es,unanimidad,pt,unanimidade,transparent
es,unesco,pt,unesco,transparent
es,unicamente,pt,unicamente,transparent
es,unico,pt,único,transparent
es,unicornio,pt,unicórnio,altered
es,unidad,pt,unidade,altered
es,unificación,pt,unificação,transparent
es,unificar,pt,unificar,transparent
es,uniforme,pt,uniforme,transparent
es,unilateral,pt,unilateral,transparent
es,union,pt,união,altered
es,unir,pt,unido,transparent
es,unitario,pt,unitário,transparent
es,universal,pt,universal,transparent
es,universidad,pt,universidade,altered
es,universitario,pt,universitário,transparent
es,universo,pt,universo,transparent
es,unión,pt,união,transparent
es,untar,pt,untar,transparent
es,unánime,pt,unânime,transparent
es,uranio,pt,urânio,transparent
es,urban,pt,urbano,transparent
es,urbanismo,pt,urbanismo,transparent
es,urbanización,pt,urbanização,transparent
es,urbano,pt,urbano,transparent
es,urbanístico,pt,urbanístico,transparent
es,urgencia,pt,urgência,transparent
es,urgente,pt,urgente,transparent
es,urgentemente,pt,urgentemente,transparent
es,urinario,pt,urinário,transparent
es,urna,pt,urna,transparent
es,uruguay,pt,uruguai,transparent
es,uruguayo,pt,uruguaio,altered
es,usar,pt,usar,transparent
es,user,pt,user,transparent
es,uso,pt,uso,transparent
es,usual,pt,usual,transparent
es,usualmente,pt,usualmente,transparent
es,usuario,pt,usuário,transparent
es,utensilio,pt,utensílio,transparent
es,utilidad,pt,utilidade,transparent
es,utilización,pt,utilização,transparent
es,utilizar,pt,utilizar,transparent
es,utopía,pt,utopia,transparent
es,utópico,pt,utópico,transparent
es,uva,pt,uva,transparent
es,uña,pt,unha,altered
es,vacar,pt,vacar,transparent
es,vaciar,pt,vaziar,transparent
es,vacilar,pt,vacilar,transparent
es,vacunación,pt,vacinação,altered
es,vacunar,pt,vacinar,altered
es,vacío,pt,vazio,altered
es,vagabundo,pt,vagabundo,transparent
es,vagamente,pt,vagamente,transparent
es,vagar,pt,vagar,transparent
es,vagina,pt,vagina,transparent
es,vaginal,pt,vaginal,transparent
es,vago,pt,vago,transparent
es,vagón,pt,vagão,transparent
es,vainilla,pt,baunilha,altered
es,val,pt,val,transparent
es,vale,pt,vale,transparent
es,valencia,pt,valência,transparent
es,valentía,pt,valentia,transparent
es,valer,pt,valer,transparent
es,validación,pt,validação,altered
es,validar,pt,validar,transparent
es,validez,pt,validade,altered
es,valido,pt,válido,transparent
es,valiente,pt,valente,altered
es,valioso,pt,valioso,transparent
es,valla,pt,vala,altered
es,vallar,pt,valar,altered
es,valle,pt,vale,altered
es,valor,pt,valor,transparent
es,valorizar,pt,valorizar,transparent
es,vals,pt,valsa,altered
es,valía,pt,valia,transparent
es,vampiro,pt,vampiro,transparent
es,vandalismo,pt,vandalismo,transparent
es,vanguardia,pt,vanguarda,altered
es,vanidad,pt,vaidade,altered
es,vano,pt,vão,altered
es,vapor,pt,vapor,transparent
es,vaquero,pt,vaqueiro,altered
es,vara,pt,vara,transparent
es,varar,pt,varar,transparent
es,variable,pt,variável,transparent
es,variación,pt,variação,transparent
es,variante,pt,variante,transparent
es,variedad,pt,variedade,transparent
es,varilla,pt,vara,altered
es,vario,pt,vário,transparent
es,varios,pt,vário,transparent
es,varón,pt,varão,transparent
es,vasco,pt,vasco,transparent
es,vascular,pt,vascular,transparent
es,vasija,pt,vasilha,altered
es,vasito,pt,vaso,altered
es,vaso,pt,vaso,transparent
es,vasto,pt,vasto,transparent
es,vaticano,pt,vaticano,transparent
es,ve,pt,vê,altered
es,vecino,pt,vizinho,altered
es,vector,pt,vetor,altered
es,vedar,pt,vedar,transparent
es,vega,pt,vega,transparent
es,vegetación,pt,vegetação,transparent
es,vegetal,pt,vegetal,transparent
es,vegetariano,pt,vegetariano,transparent
es,vehicular,pt,veicular,transparent
es,vehículo,pt,veículo,transparent
es,veia,pt,veia,transparent
es,veinte,pt,vinte,altered
es,vejez,pt,velhice,altered
es,vela,pt,vela,transparent
es,velada,pt,velar,transparent
es,velar,pt,velar,transparent
es,velero,pt,veleiro,altered
es,velo,pt,véu,altered
es,velocidad,pt,velocidade,altered
es,veloz,pt,veloz,transparent
es,vena,pt,veia,altered
es,venado,pt,veado,altered
es,vencedor,pt,vencedor,transparent
es,vencer,pt,vencer,transparent
es,vencida,pt,vencido,transparent
es,vencimiento,pt,vencimento,transparent
es,vendedor,pt,vendedor,transparent
es,veneno,pt,veneno,transparent
es,venenoso,pt,venenoso,transparent
es,venerable,pt,venerável,transparent
es,venerar,pt,venerar,transparent
es,venezolano,pt,venezuelano,altered
es,venezuela,pt,venezuela,transparent
es,venganza,pt,vingança,altered
es,vengar,pt,vingar,altered
es,ventaja,pt,vantagem,altered
es,ventajoso,pt,vantajoso,altered
es,ventar,pt,ventar,transparent
es,ventilación,pt,ventilação,transparent
es,ventilador,pt,ventilador,transparent
es,ventura,pt,venturo,transparent
es,ver,pt,ver,transparent
es,veracidad,pt,veracidade,transparent
es,verbal,pt,verbal,transparent
es,verbalmente,pt,verbalmente,transparent
es,verbo,pt,verbo,transparent
es,verdad,pt,verdade,altered
es,verdaderamente,pt,verdadeiramente,altered
es,verdadero,pt,verdadeiro,transparent
es,verdura,pt,verdura,transparent
es,veredicto,pt,veredicto,transparent
es,vergonzoso,pt,vergonhoso,altered
es,verguenza,pt,vergonha,altered
es,vergüenza,pt,vergonha,altered
es,verificación,pt,verificação,transparent
es,verificar,pt,verificar,transparent
es,versar,pt,versar,transparent
es,version,pt,versão,altered
es,versión,pt,versão,transparent
es,verso,pt,verso,transparent
es,versus,pt,versus,transparent
es,versátil,pt,versátil,transparent
es,versículo,pt,versículo,transparent
es,vertebral,pt,vertebral,transparent
es,vertical,pt,vertical,transparent
es,vertiente,pt,vertente,transparent
es,verídico,pt,verídico,transparent
es,verónica,pt,verônica,altered
es,vestido,pt,vestir,transparent
es,vestigio,pt,vestígio,transparent
es,vestimenta,pt,vestimenta,transparent
es,vestuario,pt,vestuário,transparent
es,veta,pt,veia,altered
es,vetar,pt,vetar,transparent
es,veterano,pt,veterano,transparent
es,veterinario,pt,veterinário,altered
es,veto,pt,veto,transparent
es,vez,pt,vez,transparent
es,via,pt,via,transparent
es,viabilidad,pt,viabilidade,transparent
es,viable,pt,viável,transparent
es,viajar,pt,viajar,transparent
es,viaje,pt,viagem,altered
es,vibe,pt,vibe,transparent
es,vibración,pt,vibração,transparent
es,vibrante,pt,vibrante,transparent
es,vibrar,pt,vibrar,transparent
es,vice,pt,vice,transparent
es,viceversa,pt,vice-versa,transparent
es,viciar,pt,viciado,transparent
es,vicio,pt,vício,transparent
es,vicioso,pt,vicioso,transparent
es,victoria,pt,vitória,altered
es,victoriano,pt,vitoriano,altered
es,victorioso,pt,vitorioso,altered
es,vida,pt,vida,transparent
es,vidente,pt,vidente,transparent
es,video,pt,vídeo,transparent
es,videoclip,pt,videoclipe,altered
es,videollamada,pt,videochamada,altered
es,vidrio,pt,vidro,altered
es,vieira,pt,vieira,transparent
es,viejito,pt,velho,altered
es,viejitos,pt,velho,altered
es,viejo,pt,velho,altered
es,viena,pt,viena,transparent
es,viento,pt,vento,altered
es,vientre,pt,ventre,altered
es,vietnamita,pt,vietnamita,transparent
es,vigencia,pt,vigência,transparent
es,vigente,pt,vigente,transparent
es,vigilancia,pt,vigilância,transparent
es,vigilante,pt,vigilante,transparent
es,vigilia,pt,vigília,transparent
es,vigor,pt,vigor,transparent
es,vigoroso,pt,vigoroso,transparent
es,vigésimo,pt,vigésimo,transparent
es,vikingo,pt,viking,transparent
es,vil,pt,vil,transparent
es,vila,pt,vila,transparent
es,villa,pt,vila,altered
es,village,pt,village,transparent
es,villano,pt,vilão,altered
es,vinagre,pt,vinagre,transparent
es,vincular,pt,vincular,transparent
es,vinilo,pt,vinil,altered
es,vino,pt,vinho,altered
es,vintage,pt,vintage,transparent
es,viola,pt,viola,transparent
es,violación,pt,violação,transparent
es,violado,pt,violar,transparent
es,violador,pt,violador,transparent
es,violar,pt,violar,transparent
es,violencia,pt,violência,transparent
es,violentamente,pt,violentamente,transparent
es,violentar,pt,violentar,transparent
es,violento,pt,violento,transparent
es,violeta,pt,violeta,transparent
es,violín,pt,violino,transparent
es,virado,pt,virar,transparent
es,viral,pt,viral,transparent
es,viralizar,pt,viralizar,transparent
es,virar,pt,virar,transparent
es,virgen,pt,virgem,altered
es,virginidad,pt,virgindade,altered
es,virtual,pt,virtual,transparent
es,virtualmente,pt,virtualmente,transparent
es,virtud,pt,virtude,altered
es,virtuoso,pt,virtuoso,transparent
es,virus,pt,vírus,altered
es,visado,pt,visto,altered
es,visar,pt,visar,transparent
es,visibilidad,pt,visibilidade,transparent
es,visible,pt,visível,transparent
es,visiblemente,pt,visivelmente,transparent
es,vision,pt,visão,transparent
es,visionario,pt,visionário,transparent
es,visita,pt,visita,transparent
es,visitante,pt,visitante,transparent
es,visitar,pt,visitar,transparent
es,visión,pt,visão,transparent
es,vislumbrar,pt,vislumbrar,transparent
es,vista,pt,visto,transparent
es,vistazo,pt,visto,altered
es,vistoso,pt,vistoso,transparent
es,visual,pt,visual,transparent
es,visualización,pt,visualização,transparent
es,visualizar,pt,visualizar,transparent
es,visualmente,pt,visualmente,transparent
es,vital,pt,vital,transparent
es,vitalicio,pt,vitalício,transparent
es,vitalidad,pt,vitalidade,transparent
es,vitamina,pt,vitamina,transparent
es,viudo,pt,viúvo,transparent
es,vivenciar,pt,vivenciar,transparent
es,vivero,pt,viveiro,altered
es,vivir,pt,viver,altered
es,vivo,pt,vivo,transparent
es,viñedo,pt,vinhedo,altered
es,viñeta,pt,vinheta,altered
es,vlog,pt,vlog,transparent
es,vlogs,pt,vlogs,transparent
es,vocablo,pt,vocábulo,transparent
es,vocabulario,pt,vocabulário,transparent
es,vocacional,pt,vocacional,transparent
es,vocación,pt,vocação,transparent
es,vocal,pt,vocal,transparent
es,vocalista,pt,vocalista,transparent
es,volador,pt,voador,altered
es,volante,pt,volante,transparent
es,volar,pt,voar,altered
es,volcán,pt,vulcão,altered
es,volcánico,pt,vulcânico,altered
es,voleibol,pt,voleibol,transparent
es,voltaje,pt,voltagem,altered
es,volte,pt,volte,transparent
es,volumen,pt,volume,altered
es,voluntad,pt,vontade,altered
es,voluntariado,pt,voluntariado,transparent
es,voluntariamente,pt,voluntariamente,transparent
es,voluntario,pt,voluntário,transparent
es,volver,pt,voltar,altered
es,volátil,pt,volátil,transparent
es,vomitar,pt,vomitar,transparent
es,vos,pt,vos,transparent
es,vosotros,pt,vós,altered
es,votación,pt,votação,altered
es,votada,pt,votar,transparent
es,votante,pt,votante,transparent
es,votar,pt,votar,transparent
es,voto,pt,voto,transparent
es,voz,pt,voz,transparent
es,vuelo,pt,voo,altered
es,vuelta,pt,volta,altered
es,vuestro,pt,vosso,altered
es,vulgar,pt,vulgar,transparent
es,vulnerabilidad,pt,vulnerabilidade,transparent
es,vulnerable,pt,vulnerável,transparent
es,válido,pt,válido,transparent
es,válvula,pt,válvula,transparent
es,vértice,pt,vértice,transparent
es,vértigo,pt,vertigem,altered
es,vía,pt,via,transparent
es,víctima,pt,vítima,transparent
es,vídeo,pt,vídeo,transparent
es,vínculo,pt,vínculo,transparent
es,víspera,pt,véspera,altered
es,vítor,pt,vítor,transparent
es,vómito,pt,vômito,transparent
es,waffles,pt,waffles,transparent
es,walk,pt,walk,transparent
es,watt,pt,watt,transparent
es,web,pt,web,transparent
es,weber,pt,weber,transparent
es,website,pt,website,transparent
es,welcome,pt,welcome,transparent
es,whisky,pt,uísque,altered
es,xenofobia,pt,xenofobia,transparent
es,ya,pt,já,altered
es,yacer,pt,jazer,altered
es,yarda,pt,jarda,altered
es,yegua,pt,égua,transparent
es,yema,pt,gemar,transparent
es,yen,pt,iene,altered
es,yerba,pt,erva,altered
es,yerno,pt,genro,altered
es,yeso,pt,gesso,altered
es,yodo,pt,iodo,altered
es,yoga,pt,yoga,transparent
es,yogur,pt,iogurte,altered
es,youtube,pt,youtube,transparent
es,yuan,pt,yuan,transparent
es,yugoslavia,pt,jugoslávia,altered
es,zambia,pt,zâmbia,altered
es,zapatero,pt,sapateiro,altered
es,zapatilla,pt,sapatilha,altered
es,zapato,pt,sapato,altered
es,zar,pt,czar,transparent
es,zen,pt,zen,transparent
es,zero,pt,zero,transparent
es,zeus,pt,zeus,transparent
es,zinc,pt,zinco,altered
es,zipper,pt,zíper,transparent
es,zombi,pt,zumbi,altered
es,zombie,pt,zumbi,altered
es,zona,pt,zona,transparent
es,zoológico,pt,zoológico,transparent
es,zoom,pt,zoom,transparent
es,zumbido,pt,zumbir,transparent
es,zumo,pt,suco,altered
es,ácido,pt,ácido,transparent
es,áfrica,pt,áfrico,transparent
es,ágil,pt,ágil,transparent
es,águila,pt,águia,altered
es,álbum,pt,álbum,transparent
es,álgebra,pt,álgebra,transparent
es,ámbar,pt,âmbar,transparent
es,ámbito,pt,âmbito,transparent
es,ángel,pt,angeles,transparent
es,ángela,pt,ângela,transparent
es,ángulo,pt,ângulo,transparent
es,ánimo,pt,ânimo,transparent
es,ápice,pt,ápice,transparent
es,árabe,pt,árabe,transparent
es,árbitro,pt,árbitro,transparent
es,árbol,pt,árvore,altered
es,área,pt,área,transparent
es,árido,pt,árido,transparent
es,ártico,pt,ártico,transparent
es,áspero,pt,áspero,transparent
es,átomo,pt,átomo,transparent
es,ávido,pt,ávido,transparent
es,élder,pt,elder,transparent
es,élite,pt,elite,transparent
es,énfasis,pt,ênfase,altered
es,épica,pt,épico,transparent
es,épico,pt,épico,transparent
es,época,pt,época,transparent
es,ética,pt,ético,transparent
es,ético,pt,ético,transparent
es,étnico,pt,étnico,transparent
es,éxito,pt,êxito,transparent
es,éxodo,pt,êxodo,transparent
es,éxtasis,pt,êxtase,transparent
es,ícono,pt,ícone,altered
es,ídem,pt,idem,transparent
es,ídolo,pt,ídolo,transparent
es,índice,pt,índice,transparent
es,índico,pt,índico,transparent
es,índole,pt,índole,transparent
es,íntegramente,pt,integralmente,transparent
es,íntegro,pt,íntegro,transparent
es,íntima,pt,íntimo,transparent
es,íntimamente,pt,intimamente,transparent
es,íntimo,pt,íntimo,transparent
es,ítem,pt,item,transparent
es,óleo,pt,óleo,transparent
es,ómnibus,pt,ônibus,altered
es,ópera,pt,ópera,transparent
es,óptica,pt,óptico,transparent
es,óptico,pt,óptico,transparent
es,órbita,pt,órbita,transparent
es,órgano,pt,órgão,transparent
es,óscar,pt,oscar,transparent
es,óseo,pt,ósseo,transparent
es,óvulo,pt,óvulo,transparent
es,óxido,pt,óxido,transparent
es,úlcera,pt,úlcera,transparent
es,últimamente,pt,ultimamente,transparent
es,último,pt,último,transparent
es,únicamente,pt,unicamente,transparent
es,único,pt,único,transparent
es,útero,pt,útero,transparent
es,útil,pt,útil,transparent
pt,abacate,es,aguacate,altered
pt,abade,es,abad,altered
pt,abandonar,es,abandonar,transparent
pt,abandono,es,abandono,transparent
pt,abarcar,es,abarca,transparent
pt,abarrotar,es,abarrotar,transparent
pt,abastança,es,abasto,altered
pt,abastecer,es,abastecer,transparent
pt,abastecimento,es,abastecimiento,transparent
pt,abater,es,abatir,altered
pt,abdominal,es,abdominal,transparent
pt,abdómen,es,abdomen,altered
pt,abelardo,es,abelardo,transparent
pt,abelhar,es,abeja,altered
pt,abençoar,es,bendecir,altered
pt,aberração,es,aberración,transparent
pt,abertamente,es,abiertamente,transparent
pt,aberto,es,abrir,altered
pt,abertura,es,apertura,altered
pt,abismo,es,abismo,transparent
pt,abolir,es,abolir,transparent
pt,abolição,es,abolición,transparent
pt,abonar,es,abonar,transparent
pt,abono,es,abono,transparent
pt,abordagem,es,abordaje,altered
pt,abordar,es,abordar,transparent
pt,aborrecer,es,aburrir,altered
pt,aborrecimento,es,aburrimiento,transparent
pt,abortar,es,abortar,transparent
pt,aborto,es,aborto,transparent
pt,aborígene,es,aborigen,transparent
pt,abrasador,es,abrasador,transparent
pt,abraçar,es,abrazar,altered
pt,abraço,es,abrazo,altered
pt,abreviar,es,abreviar,transparent
pt,abrigar,es,abrigar,transparent
pt,abrigo,es,abrigo,transparent
pt,abril,es,abril,transparent
pt,abrir,es,abrir,transparent
pt,abrupto,es,abrupto,transparent
pt,absolutamente,es,absolutamente,transparent
pt,absoluto,es,absoluto,transparent
pt,absolver,es,absolver,transparent
pt,absolvição,es,absolución,altered
pt,absorvente,es,absorbente,altered
pt,absorver,es,absorber,altered
pt,absorção,es,absorción,transparent
pt,abstenção,es,abstención,transparent
pt,abster,es,abstener,altered
pt,abstinência,es,abstinencia,transparent
pt,abstrato,es,abstracto,transparent
pt,abstração,es,abstracción,transparent
pt,absurdo,es,absurdo,transparent
pt,abundante,es,abundante,transparent
pt,abundar,es,abundar,transparent
pt,abundância,es,abundancia,transparent
pt,abusar,es,abusar,transparent
pt,abusivo,es,abusivo,transparent
pt,abuso,es,abuso,transparent
pt,abutre,es,buitre,altered
pt,abóbada,es,bóveda,altered
pt,acabar,es,acabar,transparent
pt,academiar,es,academia,transparent
pt,académico,es,académico,transparent
pt,acadêmico,es,académico,transparent
pt,acampamento,es,campamento,altered
pt,acampar,es,acampar,transparent
pt,acariciar,es,acariciar,transparent
pt,acaso,es,acaso,transparent
pt,acatar,es,acatar,transparent
pt,accionar,es,accionar,transparent
pt,aceitar,es,aceptar,altered
pt,aceitação,es,aceptación,transparent
pt,aceite,es,aceite,transparent
pt,aceito,es,acepto,altered
pt,aceitável,es,aceptable,altered
pt,acelerador,es,acelerador,transparent
pt,acelerar,es,acelerar,transparent
pt,aceleração,es,aceleración,transparent
pt,acender,es,encender,altered
pt,acento,es,acento,transparent
pt,acentuar,es,acentuar,transparent
pt,acepção,es,acepción,transparent
pt,acercar,es,acercar,transparent
pt,acertar,es,acertar,transparent
pt,acerto,es,acierto,altered
pt,acervo,es,acervo,transparent
pt,acessar,es,accesar,transparent
pt,acessibilidade,es,accesibilidad,transparent
pt,acesso,es,acceso,transparent
pt,acessível,es,accesible,altered
pt,acessório,es,accesorio,altered
pt,achar,es,hallar,altered
pt,acidental,es,accidental,transparent
pt,acidentalmente,es,accidentalmente,altered
pt,acidentar,es,accidentado,transparent
pt,acidente,es,accidente,transparent
pt,acidez,es,acidez,transparent
pt,acionar,es,accionar,altered
pt,acionista,es,accionista,altered
pt,aclamar,es,aclamar,transparent
pt,aclarar,es,aclarar,transparent
pt,acolhedor,es,acogedor,transparent
pt,acolher,es,acoger,altered
pt,acolhido,es,acogida,altered
pt,acolá,es,allá,altered
pt,acometer,es,acometer,transparent
pt,acomodar,es,acomodar,transparent
pt,acompanhamento,es,acompañamiento,transparent
pt,acompanhante,es,acompañante,transparent
pt,acompanhar,es,acompañar,altered
pt,acondicionar,es,acondicionar,transparent
pt,aconselhar,es,aconsejar,altered
pt,aconselhável,es,aconsejable,altered
pt,acontecer,es,acontecer,transparent
pt,acontecimento,es,acontecimiento,altered
pt,acoplar,es,acoplar,transparent
pt,acordo,es,acuerdo,altered
pt,acostar,es,acostar,transparent
pt,acostumar,es,acostumbrar,altered
pt,acre,es,acre,transparent
pt,acreditar,es,acreditar,transparent
pt,acreditação,es,acreditación,transparent
pt,acrescentar,es,acrecentar,altered
pt,actividade,es,actividad,transparent
pt,acto,es,acto,transparent
pt,actor,es,actriz,transparent
pt,actuação,es,actuación,transparent
pt,acudir,es,acudir,transparent
pt,acumular,es,acumular,transparent
pt,acumulação,es,acumulación,transparent
pt,acusar,es,acusar,transparent
pt,acusação,es,acusación,transparent
pt,acá,es,acá,transparent
pt,acção,es,acción,transparent
pt,acústico,es,acústica,transparent
pt,adaga,es,daga,altered
pt,adaptar,es,adaptar,transparent
pt,adaptação,es,adaptación,transparent
pt,adentrar,es,adentrar,transparent
pt,adepto,es,adepto,transparent
pt,adequadamente,es,adecuadamente,altered
pt,adequar,es,adecuar,altered
pt,adequação,es,adecuación,altered
pt,adereço,es,aderezo,altered
pt,aderir,es,adherir,altered
pt,adesivo,es,adhesivo,transparent
pt,adesão,es,adhesión,transparent
pt,adeus,es,adiós,altered
pt,adiantamento,es,adelanto,altered
pt,adiantar,es,adelantar,transparent
pt,adiante,es,adelantar,altered
pt,adicional,es,adicional,transparent
pt,adicionalmente,es,adicionalmente,transparent
pt,adicionar,es,adicionar,transparent
pt,aditivo,es,adictivo,altered
pt,adivinhar,es,adivinar,altered
pt,adivinho,es,adivino,altered
pt,adição,es,adición,altered
pt,adjacente,es,adyacente,altered
pt,adjetivo,es,adjetivo,transparent
pt,adjudicar,es,adjudicar,transparent
pt,adjudicação,es,adjudicación,transparent
pt,adjunto,es,adjunto,transparent
pt,administrador,es,administrador,transparent
pt,administrar,es,administrar,transparent
pt,administrativo,es,administrativo,transparent
pt,administração,es,administración,transparent
pt,admirador,es,admirador,transparent
pt,admirar,es,admirar,transparent
pt,admiração,es,admiración,transparent
pt,admirável,es,admirable,transparent
pt,admissão,es,admisión,transparent
pt,admitir,es,admitir,transparent
pt,admoestação,es,amonestación,altered
pt,adobe,es,adobe,transparent
pt,adolescente,es,adolescente,transparent
pt,adolescência,es,adolescencia,transparent
pt,adoptar,es,adoptado,transparent
pt,adorar,es,adorar,transparent
pt,adoração,es,adoración,transparent
pt,adornar,es,adornar,transparent
pt,adorno,es,adorno,transparent
pt,adorável,es,adorable,transparent
pt,adotar,es,adoptar,altered
pt,adotivo,es,adoptivo,altered
pt,adoção,es,adopción,transparent
pt,adquirir,es,adquirir,transparent
pt,adrenalina,es,adrenalina,transparent
pt,aduana,es,aduana,transparent
pt,aduaneiro,es,aduanero,transparent
pt,adulto,es,adulto,transparent
pt,adultério,es,adulterio,transparent
pt,adversidade,es,adversidad,transparent
pt,adverso,es,adverso,transparent
pt,adversário,es,adversario,transparent
pt,advertir,es,advertir,transparent
pt,advertência,es,advertencia,transparent
pt,advocacia,es,abogacía,altered
pt,advogar,es,abogado,altered
pt,aerodinâmico,es,aerodinámica,altered
pt,aeroespacial,es,aeroespacial,transparent
pt,aeronave,es,aeronave,transparent
pt,aeronáutico,es,aeronáutica,transparent
pt,aeroporto,es,aeropuerto,altered
pt,aerossol,es,aerosol,altered
pt,afastamento,es,alejamiento,altered
pt,afastar,es,alejarse,altered
pt,afectar,es,afectado,transparent
pt,afectação,es,afectación,transparent
pt,afectuoso,es,afectuoso,transparent
pt,afegão,es,afgano,altered
pt,afeição,es,afición,altered
pt,afetar,es,afectar,altered
pt,afetivo,es,afectivo,altered
pt,afiançar,es,afianzar,transparent
pt,aficionado,es,aficionado,transparent
pt,afiliar,es,afiliado,transparent
pt,afiliação,es,afiliación,transparent
pt,afim,es,afín,altered
pt,afinar,es,afinar,transparent
pt,afinidade,es,afinidad,transparent
pt,afirmar,es,afirmar,transparent
pt,afirmativo,es,afirmativo,transparent
pt,afirmação,es,afirmación,transparent
pt,afligir,es,afligir,transparent
pt,aflorar,es,aflorar,transparent
pt,afluente,es,afluente,transparent
pt,afluência,es,afluencia,transparent
pt,afogar,es,ahogar,altered
pt,afonso,es,alonso,altered
pt,afortunadamente,es,afortunadamente,transparent
pt,africano,es,africano,transparent
pt,afroamericano,es,afroamericano,transparent
pt,afrontar,es,afrontar,transparent
pt,afrouxar,es,aflojar,altered
pt,afugentar,es,ahuyentar,altered
pt,afundar,es,hundir,altered
pt,afã,es,afán,transparent
pt,agachar,es,agachar,transparent
pt,agarrar,es,agarrar,transparent
pt,agendar,es,agenda,transparent
pt,agente,es,agente,transparent
pt,agilidade,es,agilidad,transparent
pt,agilizar,es,agilizar,transparent
pt,agitar,es,agitar,transparent
pt,agitação,es,agitación,altered
pt,aglutinar,es,aglutinar,transparent
pt,agoniar,es,agonía,transparent
pt,agora,es,ahora,altered
pt,agosto,es,agosto,transparent
pt,agradar,es,agradar,transparent
pt,agradecer,es,agradecer,transparent
pt,agradecimento,es,agradecimiento,transparent
pt,agrado,es,agrado,transparent
pt,agradável,es,agradable,transparent
pt,agravante,es,agravante,transparent
pt,agravar,es,agravar,transparent
pt,agravo,es,agravio,altered
pt,agredir,es,agredir,transparent
pt,agregar,es,agregar,transparent
pt,agressividade,es,agresividad,altered
pt,agressivo,es,agresivo,transparent
pt,agressor,es,agresor,altered
pt,agressão,es,agresión,altered
pt,agricultor,es,agricultor,transparent
pt,agricultura,es,agricultura,transparent
pt,agro,es,agro,transparent
pt,agropecuário,es,agropecuario,transparent
pt,agrupar,es,agrupar,transparent
pt,agrário,es,agrario,transparent
pt,agrícola,es,agrícola,transparent
pt,agrónomo,es,agrónomo,transparent
pt,aguar,es,agua,transparent
pt,aguardar,es,aguardar,transparent
pt,agudizar,es,agudizar,transparent
pt,agudo,es,agudo,transparent
pt,aguilhão,es,aguijón,altered
pt,aguinaldo,es,aguinaldo,transparent
pt,agência,es,agencia,transparent
pt,agüentar,es,aguantar,altered
pt,aha,es,ajá,transparent
pt,airar,es,airar,transparent
pt,ajoelhar,es,arrodillar,altered
pt,ajudante,es,ayudante,altered
pt,ajudar,es,ayudar,altered
pt,ajustar,es,ajustar,transparent
pt,ajuste,es,ajuste,transparent
pt,alamedar,es,alameda,transparent
pt,alar,es,ala,transparent
pt,alardear,es,alardear,transparent
pt,alargar,es,alargar,transparent
pt,alarmante,es,alarmante,transparent
pt,alarmar,es,alarma,transparent
pt,alavancar,es,palanca,altered
pt,alba,es,alba,transparent
pt,albanês,es,albanés,transparent
pt,alberca,es,alberca,transparent
pt,albergar,es,albergar,transparent
pt,albergue,es,albergue,transparent
pt,alberto,es,alberto,transparent
pt,alcaide,es,alcaide,transparent
pt,alcance,es,alcance,transparent
pt,alcançar,es,alcanzar,transparent
pt,alcoolismo,es,alcoholismo,transparent
pt,alcoólico,es,alcohólico,transparent
pt,alcácer,es,alcázar,altered
pt,aldeia,es,aldea,transparent
pt,aldeão,es,aldeano,altered
pt,aleatoriamente,es,aleatoriamente,transparent
pt,aleatório,es,aleatorio,transparent
pt,alegar,es,alegar,transparent
pt,alegação,es,alegación,transparent
pt,alegoria,es,alegoría,altered
pt,alegrar,es,alegrar,transparent
pt,alegre,es,alegre,transparent
pt,alegremente,es,alegremente,transparent
pt,alegria,es,alegría,transparent
pt,alemanha,es,alemania,altered
pt,alemão,es,alemán,altered
pt,alentador,es,alentador,transparent
pt,alentar,es,alentar,transparent
pt,alento,es,aliento,altered
pt,alergia,es,alergia,transparent
pt,alertar,es,alerta,transparent
pt,aleta,es,aleta,transparent
pt,alexandria,es,alejandría,altered
pt,alfabetização,es,alfabetización,transparent
pt,alfabeto,es,alfabeto,transparent
pt,alfar,es,alfa,transparent
pt,alferes,es,alférez,altered
pt,alfinete,es,alfiler,altered
pt,alga,es,alga,transparent
pt,algo,es,algo,transparent
pt,algodão,es,algodón,transparent
pt,algoritmo,es,algoritmo,transparent
pt,algum,es,alguno,altered
pt,alguém,es,alguien,altered
pt,alheio,es,ajeno,altered
pt,alho,es,ajo,altered
pt,ali,es,allí,altered
pt,aliançar,es,alianza,transparent
pt,aliar,es,aliado,transparent
pt,alienígena,es,alienígena,transparent
pt,alimentar,es,alimentar,transparent
pt,alimentação,es,alimentación,transparent
pt,alimento,es,alimento,transparent
pt,alimentício,es,alimenticio,transparent
pt,alinhamento,es,lineamiento,altered
pt,alistar,es,alistar,transparent
pt,aliviar,es,aliviar,transparent
pt,almirante,es,almirante,transparent
pt,almo,es,alma,transparent
pt,almofadar,es,almohada,altered
pt,almoçar,es,almorzar,altered
pt,almoço,es,almuerzo,altered
pt,alojamento,es,alojamiento,altered
pt,alojar,es,alojar,transparent
pt,alpes,es,alpes,transparent
pt,altamente,es,altamente,transparent
pt,altar,es,altar,transparent
pt,alterar,es,alterar,transparent
pt,alteração,es,alteración,transparent
pt,alternar,es,alternar,transparent
pt,alternativamente,es,alternativamente,transparent
pt,alternativo,es,alternativa,transparent
pt,alterno,es,alterno,transparent
pt,alternância,es,alternancia,transparent
pt,alteza,es,alteza,transparent
pt,altiplano,es,altiplano,transparent
pt,altitude,es,altitud,transparent
pt,altivez,es,altivez,transparent
pt,alto,es,alto,transparent
pt,altura,es,altura,transparent
pt,alucinante,es,alucinante,transparent
pt,alucinar,es,alucinar,transparent
pt,alucinação,es,alucinación,transparent
pt,aludir,es,aludir,transparent
pt,alugar,es,alquilar,altered
pt,alumiar,es,alumbrar,altered
pt,alumínio,es,aluminio,transparent
pt,aluno,es,alumno,altered
pt,alusão,es,alusión,transparent
pt,alvo,es,albo,altered
pt,alçar,es,alza,altered
pt,além,es,allende,altered
pt,alérgico,es,alérgico,transparent
pt,alívio,es,alivio,transparent
pt,amabilidade,es,amabilidad,transparent
pt,amamentar,es,amamantar,altered
pt,amanhecer,es,amanecer,altered
pt,amanhã,es,mañana,altered
pt,amante,es,amante,transparent
pt,amar,es,amar,transparent
pt,amarelo,es,amarillo,altered
pt,amargar,es,amargar,transparent
pt,amargo,es,amargo,transparent
pt,amargurar,es,amargura,transparent
pt,amarrar,es,amarrar,transparent
pt,amassar,es,amasar,altered
pt,amavelmente,es,amablemente,altered
pt,amazon,es,amazona,transparent
pt,amazona,es,amazon,altered
pt,amazônia,es,amazonia,altered
pt,amazônica,es,amazónico,altered
pt,amazônico,es,amazónico,altered
pt,ambicionar,es,ambicionar,transparent
pt,ambicioso,es,ambicioso,transparent
pt,ambiental,es,ambiental,transparent
pt,ambientar,es,ambientar,transparent
pt,ambiente,es,ambiente,transparent
pt,ambiguidade,es,ambigüedad,altered
pt,ambição,es,ambición,transparent
pt,ambos,es,ambos,transparent
pt,ambulante,es,ambulante,transparent
pt,ambulância,es,ambulancia,transparent
pt,ambíguo,es,ambiguo,transparent
pt,ameaçador,es,amenazador,altered
pt,ameaçar,es,amenaza,altered
pt,ameno,es,ameno,transparent
pt,americano,es,americano,transparent
pt,amigo,es,amigo,transparent
pt,amigável,es,amigable,altered
pt,aminoácido,es,aminoácido,transparent
pt,amistoso,es,amistoso,transparent
pt,amizade,es,amistad,altered
pt,amnésia,es,amnesia,transparent
pt,amo,es,amo,transparent
pt,amontoar,es,amontonar,transparent
pt,amor,es,amor,transparent
pt,amoroso,es,amoroso,transparent
pt,amortizar,es,amortizar,transparent
pt,amostragem,es,muestreo,altered
pt,amparar,es,amparar,transparent
pt,amparo,es,amparo,transparent
pt,amplamente,es,ampliamente,altered
pt,ampliar,es,ampliar,transparent
pt,ampliação,es,ampliación,altered
pt,amplificador,es,amplificador,transparent
pt,amplificar,es,amplificar,transparent
pt,amplitude,es,amplitud,transparent
pt,amplo,es,amplio,altered
pt,ampola,es,ampolla,transparent
pt,amputar,es,amputar,transparent
pt,amuleto,es,amuleto,transparent
pt,amável,es,amable,transparent
pt,amélia,es,amelia,transparent
pt,amém,es,amén,transparent
pt,américa,es,américa,transparent
pt,américas,es,américas,transparent
pt,amêndoa,es,almendra,altered
pt,ana,es,ana,transparent
pt,anal,es,anal,transparent
pt,analfabetismo,es,analfabetismo,transparent
pt,analfabeto,es,analfabeto,transparent
pt,analgésico,es,analgésico,transparent
pt,analisar,es,analizar,altered
pt,analista,es,analista,transparent
pt,analogia,es,analogía,transparent
pt,analítico,es,analítica,transparent
pt,analógico,es,analógico,transparent
pt,anarquia,es,anarquía,altered
pt,anarquismo,es,anarquismo,transparent
pt,anarquista,es,anarquista,transparent
pt,anatomia,es,anatomía,transparent
pt,anatômico,es,anatómico,altered
pt,ancestral,es,ancestral,transparent
pt,ancião,es,anciano,altered
pt,andaluz,es,andaluz,transparent
pt,andar,es,andar,transparent
pt,andas,es,andas,transparent
pt,andino,es,andino,transparent
pt,andorra,es,andorra,transparent
pt,android,es,android,transparent
pt,anel,es,anillo,altered
pt,anelo,es,anhelo,altered
pt,anemia,es,anemia,transparent
pt,anestesiar,es,anestesia,transparent
pt,anestesista,es,anestesista,transparent
pt,anexar,es,anexar,transparent
pt,anexação,es,anexión,altered
pt,anexo,es,anexo,transparent
pt,anfiteatro,es,anfiteatro,transparent
pt,anfitrião,es,anfitrión,transparent
pt,angela,es,angela,transparent
pt,angelical,es,angelical,transparent
pt,anglo,es,anglo,transparent
pt,angular,es,angular,transparent
pt,angustiar,es,angustiar,transparent
pt,angélico,es,angélica,transparent
pt,angústia,es,angustia,transparent
pt,animador,es,animador,transparent
pt,animal,es,animal,transparent
pt,animar,es,animar,transparent
pt,animação,es,animación,transparent
pt,aniquilar,es,aniquilar,transparent
pt,anistiar,es,amnistía,altered
pt,aniversário,es,aniversario,altered
pt,anjo,es,angelito,altered
pt,ano,es,año,transparent
pt,anoitecer,es,atardecer,altered
pt,anomalia,es,anomalía,transparent
pt,anonimato,es,anonimato,transparent
pt,anorexia,es,anorexia,transparent
pt,anormal,es,anormal,transparent
pt,anotar,es,anotar,transparent
pt,anotação,es,anotación,transparent
pt,ansiar,es,ansiar,transparent
pt,ansiedade,es,ansiedad,transparent
pt,ansioso,es,ansioso,transparent
pt,antanho,es,antaño,altered
pt,ante,es,ante,transparent
pt,antebraço,es,antebrazo,altered
pt,antecedente,es,antecedente,transparent
pt,antecipar,es,anticipar,altered
pt,antecipação,es,anticipación,transparent
pt,antena,es,antena,transparent
pt,anterior,es,anterior,transparent
pt,anterioridade,es,anterioridad,transparent
pt,anteriormente,es,anteriormente,transparent
pt,antes,es,antes,transparent
pt,anti,es,anti,transparent
pt,antibiótico,es,antibiótico,transparent
pt,anticoncepcional,es,anticonceptivo,altered
pt,anticorpo,es,anticuerpo,altered
pt,anticorrupção,es,anticorrupción,transparent
pt,antidemocrático,es,antidemocrático,transparent
pt,antigamente,es,antiguamente,transparent
pt,antigo,es,antiguo,transparent
pt,antiguidade,es,antigüedad,transparent
pt,antilhas,es,antillas,altered
pt,antipático,es,antipático,transparent
pt,antissemita,es,antisemita,altered
pt,antissocial,es,antisocial,transparent
pt,antiterrorista,es,antiterrorista,transparent
pt,antivírus,es,antivirus,transparent
pt,antologia,es,antología,transparent
pt,antro,es,antro,transparent
pt,antropologia,es,antropología,transparent
pt,antropológico,es,antropológico,transparent
pt,antropólogo,es,antropólogo,transparent
pt,antártico,es,antártico,transparent
pt,antártida,es,antártida,transparent
pt,anual,es,anual,transparent
pt,anualmente,es,anualmente,transparent
pt,anular,es,anular,transparent
pt,anulação,es,anulación,transparent
pt,anunciante,es,anunciante,transparent
pt,anunciar,es,anunciar,transparent
pt,anuário,es,anuario,transparent
pt,anzol,es,anzuelo,altered
pt,análise,es,análisis,altered
pt,análogo,es,análogo,transparent
pt,anão,es,enano,altered
pt,anónimo,es,anónimo,transparent
pt,anúncio,es,anuncio,transparent
pt,aonde,es,adonde,transparent
pt,apache,es,apache,transparent
pt,apadrinhar,es,apadrinar,altered
pt,apagar,es,apagar,transparent
pt,apagão,es,apagón,transparent
pt,apaixonante,es,apasionante,altered
pt,apaixonar,es,apasionar,altered
pt,apanhar,es,apañar,transparent
pt,aparador,es,aparador,transparent
pt,aparato,es,aparato,transparent
pt,aparecer,es,aparecer,transparent
pt,aparecido,es,aparecido,transparent
pt,aparelho,es,aparejo,transparent
pt,aparentar,es,aparentar,transparent
pt,aparente,es,aparente,transparent
pt,aparentemente,es,aparentemente,transparent
pt,aparição,es,aparición,transparent
pt,apartamento,es,apartamento,transparent
pt,apartar,es,apartado,transparent
pt,aparência,es,apariencia,transparent
pt,apatia,es,apatía,transparent
pt,apaziguar,es,apaciguar,altered
pt,apegar,es,apegar,transparent
pt,apego,es,apego,transparent
pt,apelar,es,apelar,transparent
pt,apelação,es,apelación,transparent
pt,apenar,es,apenar,transparent
pt,apenas,es,apenas,transparent
pt,aperfeiçoamento,es,perfeccionamiento,altered
pt,aperfeiçoar,es,perfeccionar,altered
pt,aperitivo,es,aperitivo,transparent
pt,apertar,es,apretar,altered
pt,aperto,es,aprieto,altered
pt,apetecer,es,apetecer,transparent
pt,apetite,es,apetito,altered
pt,aplanar,es,aplanar,transparent
pt,aplaudir,es,aplaudir,transparent
pt,aplauso,es,aplauso,transparent
pt,aplicar,es,aplicar,transparent
pt,aplicativo,es,aplicativo,transparent
pt,aplicação,es,aplicación,altered
pt,aplicável,es,aplicable,transparent
pt,aplique,es,aplique,transparent
pt,apocalipse,es,apocalipsis,altered
pt,apocalíptico,es,apocalíptico,transparent
pt,apoderar,es,apoderar,transparent
pt,apogeu,es,apogeo,altered
pt,apoiar,es,apoyar,altered
pt,apoio,es,apoyo,altered
pt,apologia,es,apología,transparent
pt,apontamento,es,apunte,altered
pt,apontar,es,apuntar,altered
pt,aportar,es,aportar,transparent
pt,aporte,es,aporte,transparent
pt,aposento,es,aposento,transparent
pt,apostólico,es,apostólico,transparent
pt,app,es,app,transparent
pt,apps,es,apps,transparent
pt,apreciar,es,apreciar,transparent
pt,apreciação,es,apreciación,transparent
pt,apreender,es,aprehender,altered
pt,apreensão,es,aprehensión,altered
pt,aprender,es,aprender,transparent
pt,aprendido,es,aprender,transparent
pt,aprendiz,es,aprendiz,transparent
pt,aprendizado,es,aprendizaje,transparent
pt,aprendizagem,es,aprendizaje,transparent
pt,apresar,es,apresar,transparent
pt,apresentador,es,presentador,altered
pt,apresentar,es,presentar,altered
pt,apresentação,es,presentación,altered
pt,apresentável,es,presentable,altered
pt,apressar,es,apresurar,altered
pt,apreço,es,aprecio,altered
pt,apropriadamente,es,apropiadamente,transparent
pt,apropriação,es,apropiación,transparent
pt,aprovar,es,aprobar,altered
pt,aprovação,es,aprobación,transparent
pt,aproveitamento,es,aprovechamiento,altered
pt,aproveitar,es,aprovechar,altered
pt,aproximadamente,es,aproximadamente,transparent
pt,aproximar,es,aproximar,transparent
pt,aproximação,es,aproximación,transparent
pt,aptidão,es,aptitud,altered
pt,apto,es,apto,transparent
pt,apunhalar,es,apuñalar,transparent
pt,apurar,es,apurar,transparent
pt,apuro,es,apuro,transparent
pt,apêndice,es,apéndice,altered
pt,apólice,es,póliza,altered
pt,apóstolo,es,apóstol,altered
pt,aquarela,es,acuarela,altered
pt,aqueduto,es,acueducto,altered
pt,aquele,es,aquel,altered
pt,aqui,es,aquí,transparent
pt,aquiles,es,aquiles,transparent
pt,aquisição,es,adquisición,altered
pt,aquário,es,acuario,altered
pt,aquático,es,acuático,transparent
pt,ar,es,aire,altered
pt,aragonês,es,aragonés,altered
pt,arame,es,alambre,altered
pt,aranha,es,araña,altered
pt,arar,es,arar,transparent
pt,arbitragem,es,arbitraje,altered
pt,arbitral,es,arbitral,transparent
pt,arbitrar,es,arbitrar,transparent
pt,arbitrariamente,es,arbitrariamente,transparent
pt,arbitrariedade,es,arbitrariedad,transparent
pt,arbitrário,es,arbitrario,transparent
pt,arbusto,es,arbusto,transparent
pt,arbítrio,es,arbitrio,transparent
pt,arcade,es,arcade,transparent
pt,arcaico,es,arcaico,transparent
pt,arcanjo,es,arcángel,altered
pt,arcar,es,arca,transparent
pt,arcebispo,es,arzobispo,altered
pt,arco,es,arco,transparent
pt,arco-íris,es,arcoiris,altered
pt,ardente,es,ardiente,altered
pt,arder,es,arder,transparent
pt,ardor,es,ardor,transparent
pt,arduamente,es,arduamente,transparent
pt,areia,es,arena,altered
pt,arena,es,arena,transparent
pt,arenal,es,arenal,transparent
pt,arenito,es,arenisca,altered
pt,arenoso,es,arenoso,transparent
pt,arepa,es,arepa,transparent
pt,aresta,es,arista,altered
pt,argelino,es,argelino,transparent
pt,argentino,es,argentino,transparent
pt,argila,es,arcilla,altered
pt,argumentar,es,argumentar,transparent
pt,argumentação,es,argumentación,transparent
pt,argumento,es,argumento,transparent
pt,aristocracia,es,aristocracia,transparent
pt,aristocrático,es,aristocrático,transparent
pt,aritmético,es,aritmética,transparent
pt,armadura,es,armadura,transparent
pt,armamento,es,armamento,transparent
pt,armar,es,arma,transparent
pt,armazenagem,es,almacenaje,altered
pt,armazenamento,es,almacenamiento,altered
pt,armazenar,es,almacenar,altered
pt,armazém,es,almacén,altered
pt,armistício,es,armisticio,altered
pt,armário,es,armario,transparent
pt,armênio,es,armenio,transparent
pt,aro,es,aro,transparent
pt,aromar,es,aroma,transparent
pt,aromático,es,aromático,transparent
pt,arquear,es,arquear,transparent
pt,arqueiro,es,arquero,altered
pt,arqueologia,es,arqueología,transparent
pt,arqueológico,es,arqueológico,transparent
pt,arqueólogo,es,arqueólogo,transparent
pt,arquipélago,es,archipiélago,altered
pt,arquiteto,es,arquitecto,altered
pt,arquitetura,es,arquitectura,altered
pt,arquitetônico,es,arquitectónico,altered
pt,arquivar,es,archivar,altered
pt,arquivo,es,archivo,transparent
pt,arquétipo,es,arquetipo,altered
pt,arrancar,es,arrancar,transparent
pt,arranque,es,arranque,transparent
pt,arrasar,es,arrasar,transparent
pt,arrastar,es,arrastrar,altered
pt,arrasto,es,arrastre,altered
pt,arre,es,arre,transparent
pt,arrebatamento,es,arrebato,altered
pt,arrebatar,es,arrebatar,transparent
pt,arrecife,es,arrecife,transparent
pt,arrendador,es,arrendador,transparent
pt,arrendamento,es,arrendamiento,transparent
pt,arrendar,es,arrendar,transparent
pt,arrepender,es,arrepentir,altered
pt,arrependido,es,arrepentir,altered
pt,arrependimento,es,arrepentimiento,altered
pt,arrestar,es,arrestar,transparent
pt,arresto,es,arresto,transparent
pt,arriscar,es,arriesgar,altered
pt,arrogante,es,arrogante,transparent
pt,arrogância,es,arrogancia,transparent
pt,arroio,es,arroyo,altered
pt,arrojar,es,arrojar,transparent
pt,arroz,es,arroz,transparent
pt,arruinar,es,arruinar,transparent
pt,arsenal,es,arsenal,transparent
pt,arte,es,arte,transparent
pt,artefacto,es,artefacto,transparent
pt,arterial,es,arterial,transparent
pt,artesanal,es,artesanal,transparent
pt,artesanato,es,artesanía,altered
pt,artesão,es,artesano,altered
pt,articular,es,articular,transparent
pt,articulação,es,articulación,transparent
pt,artificial,es,artificial,transparent
pt,artificialmente,es,artificialmente,transparent
pt,artigo,es,artículo,altered
pt,artilharia,es,artillería,altered
pt,artista,es,artista,transparent
pt,artrite,es,artritis,altered
pt,artéria,es,arteria,transparent
pt,artífice,es,artífice,transparent
pt,artístico,es,artístico,transparent
pt,arvoredo,es,arboleda,altered
pt,arábio,es,arabia,altered
pt,ascendente,es,ascendente,transparent
pt,ascender,es,ascender,transparent
pt,ascendência,es,ascendencia,transparent
pt,ascenso,es,ascenso,transparent
pt,ascensor,es,ascensor,transparent
pt,ascensão,es,ascensión,transparent
pt,asfalto,es,asfalto,transparent
pt,asfixiar,es,asfixia,transparent
pt,asilo,es,asilo,transparent
pt,asiático,es,asiático,transparent
pt,asma,es,asma,transparent
pt,asno,es,asno,transparent
pt,aspecto,es,aspecto,transparent
pt,aspirador,es,aspirador,transparent
pt,aspirante,es,aspirante,transparent
pt,aspirar,es,aspirar,transparent
pt,aspiração,es,aspiración,transparent
pt,asqueroso,es,asqueroso,transparent
pt,assaltante,es,asaltante,altered
pt,assaltar,es,asaltar,altered
pt,assalto,es,asalto,altered
pt,assar,es,asado,transparent
pt,assassinar,es,asesinar,altered
pt,assassinato,es,asesinato,altered
pt,assassino,es,asesino,altered
pt,assegurar,es,asegurar,altered
pt,asseio,es,aseo,altered
pt,assembleia,es,asamblea,altered
pt,assemelhar,es,asemejar,altered
pt,assentamento,es,asentamiento,altered
pt,assentar,es,asentar,altered
pt,assentir,es,asentir,transparent
pt,assento,es,asiento,transparent
pt,assessor,es,asesor,altered
pt,assessoramento,es,asesoramiento,altered
pt,assessorar,es,asesorar,transparent
pt,assessoria,es,asesoría,altered
pt,assim,es,así,altered
pt,assimetria,es,asimetría,altered
pt,assimilar,es,asimilar,transparent
pt,assimilação,es,asimilación,altered
pt,assimétrico,es,asimétrico,transparent
pt,assir,es,asir,altered
pt,assistencial,es,asistencial,altered
pt,assistente,es,asistente,altered
pt,assistir,es,asistir,transparent
pt,assistência,es,asistencia,transparent
pt,associar,es,asociado,altered
pt,associação,es,asociación,transparent
pt,assombro,es,asombro,altered
pt,assombrosamente,es,asombrosamente,altered
pt,assombroso,es,asombroso,transparent
pt,assumir,es,asumir,transparent
pt,assunto,es,asunto,transparent
pt,assunção,es,asunción,transparent
pt,assustar,es,asustar,transparent
pt,assédio,es,asedio,altered
pt,assíduo,es,asiduo,altered
pt,asta,es,asta,transparent
pt,asteca,es,azteca,altered
pt,asteroide,es,asteroide,transparent
pt,astro,es,astro,transparent
pt,astronauta,es,astronauta,transparent
pt,astronomia,es,astronomía,transparent
pt,astronômico,es,astronómico,transparent
pt,astrônomo,es,astrónomo,transparent
pt,asturiano,es,asturiano,transparent
pt,astuto,es,astuto,transparent
pt,astúcia,es,astucia,transparent
pt,atacante,es,atacante,transparent
pt,atacar,es,atacar,transparent
pt,atadura,es,atadura,transparent
pt,atalaia,es,atalaya,altered
pt,atalhar,es,atajar,altered
pt,ataque,es,ataque,transparent
pt,ataúde,es,ataúd,transparent
pt,atemorizar,es,atemorizar,transparent
pt,atenas,es,atenas,transparent
pt,atender,es,atender,transparent
pt,atentamente,es,atentamente,transparent
pt,atentar,es,atentado,transparent
pt,atento,es,atento,transparent
pt,atenuar,es,atenuar,transparent
pt,atenção,es,atención,altered
pt,aterragem,es,aterrizaje,altered
pt,aterrar,es,aterrar,transparent
pt,aterrissar,es,aterrizar,altered
pt,atestar,es,atestiguar,altered
pt,ateu,es,ateo,altered
pt,atinar,es,atinar,transparent
pt,atirar,es,tirar,altered
pt,atitude,es,actitud,altered
pt,ativamente,es,activamente,altered
pt,ativar,es,activar,altered
pt,ativação,es,activación,altered
pt,atividade,es,actividad,altered
pt,ativismo,es,activismo,altered
pt,ativista,es,activista,altered
pt,ativo,es,activo,altered
pt,atlas,es,atlas,transparent
pt,atleta,es,atleta,transparent
pt,atletismo,es,atletismo,transparent
pt,atlântico,es,atlántico,transparent
pt,atlético,es,atlético,transparent
pt,atmosfera,es,atmósfera,altered
pt,atmosférico,es,atmosférico,transparent
pt,ato,es,acto,transparent
pt,ator,es,actor,altered
pt,atordoamento,es,aturdimiento,altered
pt,atordoar,es,aturdir,altered
pt,atormentar,es,atormentar,transparent
pt,atracar,es,atracar,transparent
pt,atrair,es,atraer,altered
pt,atrasar,es,atrasar,transparent
pt,atraso,es,retraso,altered
pt,atrativo,es,atractivo,altered
pt,atravessar,es,atravesar,altered
pt,atração,es,atracción,transparent
pt,atrever,es,atrever,transparent
pt,atrevido,es,atrevido,transparent
pt,atrevimento,es,atrevimiento,transparent
pt,atribuir,es,atribuir,transparent
pt,atribuição,es,atribución,transparent
pt,atributo,es,atributo,transparent
pt,atrocidade,es,atrocidad,transparent
pt,atropelo,es,atropello,transparent
pt,atroz,es,atroz,transparent
pt,atrás,es,atrás,transparent
pt,atual,es,actual,transparent
pt,atualidade,es,actualidad,transparent
pt,atualizar,es,actualizar,altered
pt,atualização,es,actualización,altered
pt,atualmente,es,actualmente,transparent
pt,atuar,es,actuar,altered
pt,atuação,es,actuación,transparent
pt,atum,es,atún,altered
pt,até,es,hasta,altered
pt,atípico,es,atípico,transparent
pt,atômico,es,atómico,transparent
pt,atônito,es,atónito,transparent
pt,audaz,es,audaz,transparent
pt,audi,es,audi,transparent
pt,audiovisual,es,audiovisual,transparent
pt,auditar,es,auditar,transparent
pt,auditivo,es,auditivo,transparent
pt,auditor,es,auditor,transparent
pt,auditoria,es,auditoría,transparent
pt,auditório,es,auditorio,transparent
pt,audição,es,audición,transparent
pt,audiência,es,audiencia,transparent
pt,audácia,es,audacia,transparent
pt,auge,es,auge,transparent
pt,aula,es,aula,transparent
pt,aumentar,es,aumentar,transparent
pt,aumento,es,aumento,transparent
pt,aura,es,aura,transparent
pt,auricular,es,auricular,transparent
pt,aurora,es,aurora,transparent
pt,ausente,es,ausente,transparent
pt,auspício,es,auspicio,altered
pt,austeridade,es,austeridad,transparent
pt,austero,es,austero,transparent
pt,austral,es,austral,transparent
pt,australiano,es,australiano,transparent
pt,austrália,es,australia,transparent
pt,austríaco,es,austriaco,transparent
pt,ausência,es,ausencia,altered
pt,autenticar,es,autenticar,transparent
pt,autenticidade,es,autenticidad,transparent
pt,autismo,es,autismo,transparent
pt,auto,es,auto,transparent
pt,autobiografia,es,autobiografía,transparent
pt,autocontrolo,es,autocontrol,altered
pt,autocrítica,es,autocrítica,transparent
pt,autodefesa,es,autodefensa,transparent
pt,autodeterminação,es,autodeterminación,altered
pt,autodidata,es,autodidacta,altered
pt,autoestima,es,autoestima,transparent
pt,automaticamente,es,automáticamente,transparent
pt,automatizar,es,automatizar,transparent
pt,automatização,es,automatización,transparent
pt,automotor,es,automotor,transparent
pt,automotriz,es,automotriz,transparent
pt,automático,es,automático,transparent
pt,automóvel,es,automóvil,transparent
pt,autonomia,es,autonomía,transparent
pt,autonômico,es,autonómico,transparent
pt,autor,es,autor,transparent
pt,autoria,es,autoría,transparent
pt,autoridade,es,autoridad,altered
pt,autoritarismo,es,autoritarismo,transparent
pt,autoritário,es,autoritario,transparent
pt,autorizar,es,autorizar,transparent
pt,autorização,es,autorización,transparent
pt,autossuficiente,es,autosuficiente,altered
pt,autêntico,es,auténtico,transparent
pt,autóctone,es,autóctono,transparent
pt,autógrafo,es,autógrafo,transparent
pt,autónomo,es,autónomo,transparent
pt,autópsia,es,autopsia,transparent
pt,auxiliar,es,auxiliar,transparent
pt,auxílio,es,auxilio,altered
pt,aval,es,aval,transparent
pt,avalancha,es,avalancha,transparent
pt,avaliar,es,evaluar,altered
pt,avaliação,es,evaluación,altered
pt,avançar,es,avanzar,altered
pt,avanço,es,avance,altered
pt,avareza,es,avaricia,altered
pt,avariar,es,avería,transparent
pt,avatar,es,avatar,transparent
pt,ave,es,ave,transparent
pt,aveia,es,avena,altered
pt,avenida,es,avenida,transparent
pt,aventar,es,aventar,transparent
pt,aventurar,es,aventura,transparent
pt,aventureiro,es,aventurero,altered
pt,averiguar,es,averiguar,transparent
pt,aversão,es,aversión,transparent
pt,aviador,es,aviador,transparent
pt,aviar,es,aviar,transparent
pt,aviação,es,aviación,transparent
pt,avioneta,es,avioneta,transparent
pt,avisar,es,avisar,transparent
pt,aviso,es,aviso,transparent
pt,avistar,es,avistar,transparent
pt,avivar,es,avivar,transparent
pt,avião,es,avión,transparent
pt,axel,es,axel,transparent
pt,axila,es,axila,transparent
pt,azar,es,azar,transparent
pt,azeite,es,aceite,altered
pt,azeitona,es,aceituna,altered
pt,azul,es,azul,transparent
pt,azulejo,es,azulejo,transparent
pt,ação,es,acción,altered
pt,açúcar,es,azúcar,altered
pt,aéreo,es,aéreo,transparent
pt,aí,es,ahí,altered
pt,babar,es,baba,transparent
pt,babilônico,es,babilonio,altered
pt,bacalhau,es,bacalao,altered
pt,bacharel,es,bachiller,altered
pt,bacon,es,bacon,transparent
pt,bacteriano,es,bacteriano,transparent
pt,bactéria,es,bacteria,altered
pt,bagdá,es,bagdad,altered
pt,bagel,es,bagel,transparent
pt,bailar,es,bailar,transparent
pt,bailarino,es,bailarín,altered
pt,baile,es,baile,transparent
pt,bairro,es,barrio,altered
pt,baixar,es,baja,transparent
pt,baixo,es,bajo,altered
pt,baixão,es,bajón,altered
pt,balancear,es,balancear,transparent
pt,balançar,es,balanza,transparent
pt,balanço,es,balance,altered
pt,balar,es,bala,transparent
pt,balaço,es,balazo,altered
pt,balcão,es,balcón,altered
pt,balcãs,es,balcanes,altered
pt,balde,es,balde,transparent
pt,baleia,es,ballena,altered
pt,balneário,es,balneario,transparent
pt,balsa,es,balsa,transparent
pt,baluarte,es,baluarte,transparent
pt,balão,es,balón,altered
pt,balé,es,ballet,altered
pt,bambu,es,bambú,transparent
pt,banal,es,banal,transparent
pt,banana,es,banana,transparent
pt,bancar,es,banca,transparent
pt,bancarrota,es,bancarrota,transparent
pt,banco,es,banco,transparent
pt,bancário,es,bancario,transparent
pt,bandar,es,banda,transparent
pt,bandeirar,es,bandera,altered
pt,bandejar,es,bandeja,transparent
pt,bandido,es,bandido,transparent
pt,bando,es,bando,transparent
pt,banhar,es,bañar,altered
pt,banheira,es,bañera,altered
pt,banho,es,baño,altered
pt,banqueiro,es,banquero,altered
pt,banqueta,es,banqueta,transparent
pt,banquete,es,banquete,transparent
pt,bar,es,bar,transparent
pt,baralhar,es,barajar,altered
pt,baralho,es,baraja,altered
pt,baratar,es,barata,transparent
pt,barato,es,barato,transparent
pt,barbar,es,barba,transparent
pt,barbaridade,es,barbaridad,transparent
pt,barbeiro,es,barbero,altered
pt,barbudo,es,barbudo,transparent
pt,barbárie,es,barbarie,transparent
pt,barca,es,barca,transparent
pt,barco,es,barco,transparent
pt,bardo,es,bardo,transparent
pt,barraca,es,barraca,transparent
pt,barranca,es,barranca,transparent
pt,barranco,es,barranco,transparent
pt,barrar,es,barra,transparent
pt,barreirar,es,barrera,transparent
pt,barricar,es,barricada,transparent
pt,barriga,es,barriga,transparent
pt,barril,es,barril,transparent
pt,barro,es,barro,transparent
pt,barroco,es,barroco,transparent
pt,barrote,es,barrote,transparent
pt,barulho,es,barullo,altered
pt,barão,es,barón,altered
pt,basal,es,basal,transparent
pt,base,es,base,transparent
pt,basear,es,basar,transparent
pt,basicamente,es,básicamente,transparent
pt,basquete,es,básquet,transparent
pt,basquetebol,es,baloncesto,altered
pt,bastante,es,bastante,transparent
pt,bastar,es,bastar,transparent
pt,bastardo,es,bastardo,transparent
pt,bastidor,es,bastidor,transparent
pt,bastião,es,bastión,transparent
pt,basto,es,basto,transparent
pt,bastão,es,bastón,altered
pt,basílica,es,basílica,transparent
pt,batalhar,es,batalla,altered
pt,batalhão,es,batallón,transparent
pt,batata,es,patata,altered
pt,bater,es,batir,altered
pt,bateria,es,batería,transparent
pt,batido,es,batido,transparent
pt,batismo,es,bautismo,altered
pt,batizar,es,bautizar,altered
pt,baunilha,es,vainilla,altered
pt,bazar,es,bazar,transparent
pt,baía,es,bahía,transparent
pt,baú,es,baúl,transparent
pt,beato,es,beato,transparent
pt,beber,es,beber,transparent
pt,bebido,es,beber,transparent
pt,bebé,es,bebé,transparent
pt,bebês,es,bebé,transparent
pt,beijar,es,besar,altered
pt,beijo,es,beso,altered
pt,beisebol,es,béisbol,altered
pt,beleza,es,belleza,transparent
pt,belga,es,belga,transparent
pt,belgrado,es,belgrado,transparent
pt,belo,es,bello,altered
pt,belém,es,belén,transparent
pt,bem,es,bien,altered
pt,bem-estar,es,bienestar,altered
pt,bendizer,es,bendecir,altered
pt,beneficiar,es,beneficiar,transparent
pt,beneficiário,es,beneficiario,transparent
pt,beneficência,es,beneficencia,transparent
pt,benefício,es,beneficio,transparent
pt,benfeitor,es,benefactor,altered
pt,bengala,es,bengala,transparent
pt,benigno,es,benigno,transparent
pt,benjamim,es,benjamín,transparent
pt,benção,es,bendición,altered
pt,benéfico,es,beneficioso,altered
pt,berlim,es,berlín,altered
pt,besta,es,bestia,altered
pt,bestial,es,bestial,transparent
pt,betar,es,beta,transparent
pt,bibliografia,es,bibliografía,transparent
pt,bibliográfico,es,bibliográfico,transparent
pt,biblioteca,es,biblioteca,transparent
pt,bibliotecário,es,bibliotecario,transparent
pt,bicentenário,es,bicentenario,transparent
pt,bicho,es,bicho,transparent
pt,bici,es,bici,transparent
pt,bicicleta,es,bicicleta,transparent
pt,bid,es,bid,transparent
pt,bielorrusso,es,bielorruso,transparent
pt,bienal,es,bienal,transparent
pt,bigode,es,bigote,altered
pt,bike,es,bike,transparent
pt,bilateral,es,bilateral,transparent
pt,bilhar,es,billar,altered
pt,bilhete,es,billete,altered
pt,bilheteiro,es,billetero,altered
pt,biliar,es,biliar,transparent
pt,bilíngue,es,bilingüe,transparent
pt,bingo,es,bingo,transparent
pt,binário,es,binario,transparent
pt,biodiversidade,es,biodiversidad,altered
pt,biografia,es,biografía,transparent
pt,biográfico,es,biográfico,transparent
pt,biologia,es,biología,transparent
pt,biológico,es,biológico,transparent
pt,bioquímico,es,bioquímica,transparent
pt,bios,es,bios,transparent
pt,biotecnologia,es,biotecnología,transparent
pt,bipolar,es,bipolar,transparent
pt,biquíni,es,bikini,altered
pt,birmânia,es,birmania,altered
pt,bis,es,bis,transparent
pt,bisavô,es,bisabuelo,altered
pt,biscoito,es,bizcocho,altered
pt,bispo,es,obispo,altered
pt,bissexual,es,bisexual,altered
pt,bit,es,bit,transparent
pt,bitcoin,es,bitcoin,transparent
pt,bizantino,es,bizantino,transparent
pt,bizarro,es,bizarro,transparent
pt,biólogo,es,biólogo,transparent
pt,blasfêmia,es,blasfemia,transparent
pt,blindagem,es,blindaje,altered
pt,blindar,es,blindado,transparent
pt,blockchain,es,blockchain,transparent
pt,bloco,es,bloque,altered
pt,blog,es,blog,transparent
pt,bloqueador,es,bloqueador,transparent
pt,bloquear,es,bloquear,transparent
pt,bloqueio,es,bloqueo,altered
pt,blusa,es,blusa,transparent
pt,boato,es,boato,transparent
pt,bobo,es,bobo,transparent
pt,boda,es,boda,transparent
pt,bodega,es,bodega,transparent
pt,bofetada,es,bofetada,transparent
pt,boi,es,buey,altered
pt,boicotar,es,boicotear,altered
pt,boicote,es,boicot,altered
pt,bojo,es,bojar,transparent
pt,bol,es,bol,transparent
pt,bolar,es,bola,transparent
pt,bolas,es,bola,transparent
pt,bolchevique,es,bolchevique,transparent
pt,bolero,es,bolero,transparent
pt,boletim,es,boletín,transparent
pt,boleto,es,boleto,transparent
pt,bolivariano,es,bolivariano,transparent
pt,boliviano,es,boliviano,transparent
pt,bolo,es,bolo,transparent
pt,bolsar,es,bolsa,transparent
pt,bolso,es,bolsillo,altered
pt,boludo,es,boludo,transparent
pt,bom,es,bueno,altered
pt,bombar,es,bomba,transparent
pt,bombardear,es,bombardeo,altered
pt,bombardeiro,es,bombardero,transparent
pt,bombeiro,es,bombero,altered
pt,bombo,es,bombo,transparent
pt,bombom,es,bombón,altered
pt,bondade,es,bondad,altered
pt,bondoso,es,bondadoso,altered
pt,boneco,es,muñeco,altered
pt,bonificação,es,bonificación,transparent
pt,bonito,es,bonito,transparent
pt,bonus,es,bonus,transparent
pt,boom,es,boom,transparent
pt,bora,es,bora,transparent
pt,bordar,es,borde,altered
pt,bordel,es,burdel,altered
pt,bordo,es,bordo,transparent
pt,borracheiro,es,borrachera,altered
pt,borrar,es,borrar,transparent
pt,borrego,es,borrego,transparent
pt,bosque,es,bosque,transparent
pt,botar,es,bota,transparent
pt,bote,es,bote,transparent
pt,botim,es,botín,altered
pt,botox,es,botox,transparent
pt,botânico,es,botánico,transparent
pt,botão,es,botón,altered
pt,bourbon,es,borbón,transparent
pt,bovino,es,bovino,transparent
pt,box,es,box,transparent
pt,boxe,es,boxeo,altered
pt,boxeador,es,boxeador,transparent
pt,boêmio,es,bohemio,altered
pt,braga,es,braga,transparent
pt,branco,es,blanco,altered
pt,brandir,es,blandir,altered
pt,brando,es,blando,altered
pt,branquear,es,blanquear,altered
pt,brasa,es,brasa,transparent
pt,brasil,es,brasil,transparent
pt,brasileiro,es,brasileño,altered
pt,brasília,es,brasilia,transparent
pt,bravo,es,bravo,transparent
pt,braçada,es,brazada,transparent
pt,braço,es,brazo,altered
pt,brecha,es,brecha,transparent
pt,bretanha,es,bretaña,altered
pt,breve,es,breve,transparent
pt,brevemente,es,brevemente,transparent
pt,brevidade,es,brevedad,altered
pt,briefing,es,briefing,transparent
pt,brigadeiro,es,brigadier,altered
pt,brilhante,es,brillante,altered
pt,brilhar,es,brillar,altered
pt,brilho,es,brillo,altered
pt,brincar,es,brincar,transparent
pt,brinco,es,brinco,transparent
pt,brindar,es,brindar,transparent
pt,brisar,es,brisa,transparent
pt,britânico,es,británico,altered
pt,broadway,es,broadway,transparent
pt,broche,es,broche,transparent
pt,bronze,es,bronce,altered
pt,bronzear,es,bronceado,altered
pt,brotar,es,brotar,transparent
pt,broto,es,brote,altered
pt,bruno,es,bruno,transparent
pt,brusco,es,brusco,transparent
pt,brutal,es,brutal,transparent
pt,brutalidade,es,brutalidad,transparent
pt,brutalmente,es,brutalmente,transparent
pt,bruto,es,bruto,transparent
pt,bruxaria,es,brujería,altered
pt,bruxo,es,brujo,altered
pt,budismo,es,budismo,transparent
pt,budista,es,budista,transparent
pt,bufê,es,buffet,altered
pt,bulevar,es,boulevard,altered
pt,bullying,es,bullying,transparent
pt,bunker,es,búnker,transparent
pt,buque,es,buque,transparent
pt,burgo,es,burgo,transparent
pt,burguesia,es,burguesía,transparent
pt,burguês,es,burgués,transparent
pt,burlar,es,burlar,transparent
pt,burlão,es,burlón,altered
pt,burocracia,es,burocracia,transparent
pt,burocrata,es,burócrata,transparent
pt,burocrático,es,burocrático,transparent
pt,burro,es,burro,transparent
pt,buscador,es,buscador,transparent
pt,buscar,es,busca,transparent
pt,busto,es,busto,transparent
pt,buzo,es,buzo,transparent
pt,by,es,by,transparent
pt,báltico,es,báltico,transparent
pt,bárbaro,es,bárbaro,transparent
pt,básico,es,básico,transparent
pt,bélico,es,bélico,transparent
pt,bênção,es,bendición,altered
pt,bíblia,es,biblia,transparent
pt,bíblico,es,bíblico,transparent
pt,bílis,es,bilis,transparent
pt,bósnio,es,bosnio,altered
pt,bônus,es,bono,altered
pt,búfalo,es,búfalo,transparent
pt,búlgaro,es,búlgaro,transparent
pt,bússola,es,brújula,altered
pt,cabal,es,cabal,transparent
pt,cabano,es,cabaña,transparent
pt,cabaré,es,cabaret,transparent
pt,cabeceira,es,cabecera,transparent
pt,cabecilha,es,cabecilla,altered
pt,cabeleira,es,cabellera,transparent
pt,cabelo,es,cabello,altered
pt,cabeludo,es,cabelludo,altered
pt,caber,es,cabe,transparent
pt,cabeça,es,cabeza,altered
pt,cabeçudo,es,cabezón,altered
pt,cabina,es,cabina,transparent
pt,cabo,es,cabo,transparent
pt,cabra,es,cabra,transparent
pt,cabreiro,es,cabrero,altered
pt,cabrio,es,cabrío,transparent
pt,cabrito,es,cabrito,transparent
pt,cabrão,es,cabrón,altered
pt,cacau,es,cacao,transparent
pt,cachet,es,caché,transparent
pt,cachorro,es,cachorro,transparent
pt,cacique,es,cacique,transparent
pt,cacto,es,cactus,altered
pt,cada,es,cada,transparent
pt,cadear,es,candado,altered
pt,cadeia,es,cadena,altered
pt,caderno,es,cuaderno,altered
pt,cadete,es,cadete,transparent
pt,caducar,es,caducar,transparent
pt,caducidade,es,caducidad,transparent
pt,cadáver,es,cadáver,transparent
pt,cafetaria,es,cafetería,transparent
pt,cafeteria,es,cafetería,transparent
pt,cafeína,es,cafeína,transparent
pt,café,es,café,transparent
pt,cagar,es,cagar,transparent
pt,cair,es,caer,altered
pt,caixa,es,caja,altered
pt,cal,es,cal,transparent
pt,calabouço,es,calabozo,altered
pt,calamar,es,calamar,transparent
pt,calamidade,es,calamidad,transparent
pt,calar,es,callar,altered
pt,calculador,es,calculadora,transparent
pt,calcular,es,calcular,transparent
pt,caldo,es,caldo,transparent
pt,calefação,es,calefacción,transparent
pt,caleiro,es,calero,altered
pt,calendário,es,calendario,altered
pt,caleta,es,caleta,transparent
pt,calibre,es,calibre,transparent
pt,callejón,es,callejón,transparent
pt,calmar,es,calma,transparent
pt,calmo,es,calmo,transparent
pt,calo,es,callo,transparent
pt,calor,es,calor,transparent
pt,caloria,es,caloría,transparent
pt,caloroso,es,caluroso,transparent
pt,calvo,es,calvo,transparent
pt,calvário,es,calvario,transparent
pt,calçar,es,calzado,transparent
pt,calção,es,calzón,altered
pt,calúnia,es,calumnia,altered
pt,cama,es,cama,transparent
pt,camada,es,camada,transparent
pt,camarada,es,camarada,transparent
pt,camareiro,es,camarero,altered
pt,camarão,es,camarón,transparent
pt,cambalear,es,tambalear,altered
pt,cambiante,es,cambiante,transparent
pt,camelo,es,camello,altered
pt,camila,es,camilla,altered
pt,caminhante,es,caminante,altered
pt,caminhar,es,caminar,altered
pt,caminho,es,camino,altered
pt,caminhão,es,camión,transparent
pt,camioneiro,es,camionero,transparent
pt,camionete,es,camioneta,transparent
pt,camisa,es,camisa,transparent
pt,camiseta,es,camiseta,transparent
pt,camisão,es,camisón,altered
pt,camião,es,camión,altered
pt,campana,es,campana,transparent
pt,campanha,es,campaña,transparent
pt,campanário,es,campanario,transparent
pt,campeiro,es,campero,altered
pt,campeonato,es,campeonato,transparent
pt,campestre,es,campestre,transparent
pt,campeão,es,campeón,altered
pt,camping,es,camping,transparent
pt,campino,es,campesino,altered
pt,campista,es,campista,transparent
pt,campo,es,campo,transparent
pt,camponês,es,campesino,altered
pt,campus,es,campus,transparent
pt,camuflagem,es,camuflaje,altered
pt,camuflar,es,camuflar,transparent
pt,canada,es,canada,transparent
pt,canadense,es,canadiense,transparent
pt,canadá,es,canadá,transparent
pt,canal,es,canal,transparent
pt,canalha,es,canalla,transparent
pt,canalizar,es,canalizar,transparent
pt,canasta,es,canasta,transparent
pt,cancelar,es,cancelar,transparent
pt,cancha,es,cancha,transparent
pt,cancro,es,cáncer,altered
pt,candela,es,candela,transparent
pt,candente,es,candente,transparent
pt,candidatar,es,candidatar,transparent
pt,candidato,es,candidato,transparent
pt,candidatura,es,candidatura,transparent
pt,canelar,es,canela,transparent
pt,canelone,es,canelón,altered
pt,canguru,es,canguro,transparent
pt,canhão,es,cañón,altered
pt,caniche,es,caniche,transparent
pt,canino,es,canino,transparent
pt,cannabis,es,cannabis,transparent
pt,canoa,es,canoa,transparent
pt,cansar,es,cansar,transparent
pt,cansaço,es,cansancio,altered
pt,cantante,es,cantante,transparent
pt,cantar,es,cantar,transparent
pt,cantina,es,cantina,transparent
pt,canto,es,canto,transparent
pt,cantor,es,cantor,transparent
pt,cantão,es,cantón,altered
pt,canário,es,canario,transparent
pt,canção,es,canción,altered
pt,canónico,es,canónico,transparent
pt,caos,es,caos,transparent
pt,capacidade,es,capacidad,altered
pt,capacitar,es,capacitar,transparent
pt,capacitação,es,capacitación,transparent
pt,capataz,es,capataz,transparent
pt,capaz,es,capaz,transparent
pt,capela,es,capilla,altered
pt,capelão,es,capellán,transparent
pt,capilar,es,capilar,transparent
pt,capital,es,capital,transparent
pt,capitalismo,es,capitalismo,transparent
pt,capitalista,es,capitalista,transparent
pt,capitalização,es,capitalización,transparent
pt,capitania,es,capitanía,transparent
pt,capitular,es,capitular,transparent
pt,capitão,es,capitán,transparent
pt,capitólio,es,capitolio,transparent
pt,capricho,es,capricho,transparent
pt,caprichoso,es,caprichoso,transparent
pt,captar,es,captar,transparent
pt,captação,es,captación,transparent
pt,capturar,es,capturar,transparent
pt,capuchino,es,capuchino,transparent
pt,capítulo,es,capítulo,transparent
pt,carabineiro,es,carabinero,altered
pt,caracol,es,caracol,transparent
pt,caracterizar,es,caracterizar,transparent
pt,caracterização,es,caracterización,transparent
pt,característico,es,característica,transparent
pt,caramba,es,caramba,transparent
pt,caramelo,es,caramelo,transparent
pt,caranguejo,es,cangrejo,altered
pt,caravana,es,caravana,transparent
pt,carboidrato,es,carbohidrato,transparent
pt,carbono,es,carbono,transparent
pt,carburante,es,carburante,transparent
pt,cardeal,es,cardenal,altered
pt,cardiologia,es,cardiología,transparent
pt,cardiologista,es,cardiólogo,altered
pt,cardiovascular,es,cardiovascular,transparent
pt,cardo,es,cardo,transparent
pt,cardíaco,es,cardíaco,transparent
pt,carecer,es,carecer,transparent
pt,carente,es,carente,transparent
pt,careto,es,careta,transparent
pt,carga,es,carga,transparent
pt,cargo,es,cargo,transparent
pt,caribe,es,caribe,transparent
pt,caribenho,es,caribeño,transparent
pt,caricaturar,es,caricatura,transparent
pt,caridade,es,caridad,altered
pt,carinhoso,es,cariñoso,altered
pt,carioca,es,carioca,transparent
pt,carisma,es,carisma,transparent
pt,carismático,es,carismático,transparent
pt,caritativo,es,caritativo,transparent
pt,carlista,es,carlista,transparent
pt,carma,es,karma,altered
pt,carmelita,es,carmelita,transparent
pt,carnal,es,carnal,transparent
pt,carnaval,es,carnaval,transparent
pt,carne,es,carne,transparent
pt,carneiro,es,carnero,altered
pt,carniceiro,es,carnicero,altered
pt,carnudo,es,carnoso,altered
pt,caro,es,cara,transparent
pt,caronte,es,caronte,transparent
pt,carpintaria,es,carpintería,transparent
pt,carpinteiro,es,carpintero,transparent
pt,carrasco,es,carrasco,transparent
pt,carregador,es,cargador,altered
pt,carregamento,es,cargamento,altered
pt,carregar,es,cargar,altered
pt,carreira,es,carrera,altered
pt,carretar,es,carreta,transparent
pt,carretel,es,carrete,altered
pt,carril,es,carril,transparent
pt,carro,es,carrito,altered
pt,carroceria,es,carrocería,transparent
pt,carruagem,es,carruaje,altered
pt,cartaz,es,cartel,altered
pt,carteiro,es,cartera,altered
pt,cartel,es,cartel,transparent
pt,cartilha,es,cartilla,altered
pt,cartografia,es,cartografía,transparent
pt,cartucho,es,cartucho,transparent
pt,cartão,es,carné,altered
pt,carvão,es,carbón,altered
pt,carácter,es,caracter,transparent
pt,caráter,es,carácter,altered
pt,carência,es,carencia,transparent
pt,carícia,es,caricia,transparent
pt,casal,es,casal,transparent
pt,casamento,es,casamiento,altered
pt,cascata,es,cascada,altered
pt,casco,es,casco,transparent
pt,caseiro,es,casero,altered
pt,cash,es,cash,transparent
pt,casinha,es,casita,altered
pt,casino,es,casino,transparent
pt,caso,es,caso,transparent
pt,castanho,es,castaño,altered
pt,castela,es,castilla,altered
pt,castelhano,es,castellano,altered
pt,castelo,es,castillo,altered
pt,castidade,es,castidad,altered
pt,castigo,es,castigo,transparent
pt,casting,es,casting,transparent
pt,casto,es,casta,transparent
pt,castor,es,castor,transparent
pt,castrar,es,castrar,transparent
pt,casual,es,casual,transparent
pt,casualidade,es,casualidad,transparent
pt,casualmente,es,casualmente,transparent
pt,casulo,es,capullo,altered
pt,catador,es,catar,altered
pt,catalisador,es,catalizador,transparent
pt,catalogar,es,catalogar,transparent
pt,catalão,es,catalán,altered
pt,catar,es,cata,transparent
pt,catarata,es,catarata,transparent
pt,catastrófico,es,catastrófico,transparent
pt,catedral,es,catedral,transparent
pt,catedrático,es,catedrático,transparent
pt,categoria,es,categoría,transparent
pt,cativar,es,cautivar,altered
pt,cativeiro,es,cautiverio,altered
pt,cativo,es,cautivo,altered
pt,catolicismo,es,catolicismo,transparent
pt,catorze,es,catorce,altered
pt,catálogo,es,catálogo,transparent
pt,catástrofe,es,catástrofe,transparent
pt,católico,es,católico,transparent
pt,cauda,es,cauda,transparent
pt,caudal,es,caudal,transparent
pt,caudilho,es,caudillo,altered
pt,causal,es,causal,transparent
pt,causar,es,causa,transparent
pt,cautelar,es,cautela,transparent
pt,cauteloso,es,cauteloso,transparent
pt,cavalaria,es,caballería,altered
pt,cavaleiro,es,caballero,altered
pt,cavalgar,es,cabalgar,altered
pt,cavalo,es,caballo,altered
pt,cavar,es,cavar,transparent
pt,caverna,es,caverna,transparent
pt,cavidade,es,cavidad,altered
pt,cazaquistão,es,kazajistán,altered
pt,caçador,es,cazador,altered
pt,caçar,es,caza,transparent
pt,caçarola,es,cacerola,transparent
pt,caótico,es,caótico,transparent
pt,cebo,es,cebo,transparent
pt,cebola,es,cebolla,altered
pt,cecília,es,cecilia,altered
pt,ceder,es,ceder,transparent
pt,cedro,es,cedro,transparent
pt,cegar,es,cegar,transparent
pt,cego,es,ciego,altered
pt,cegueira,es,ceguera,altered
pt,ceia,es,cena,altered
pt,ceja,es,ceja,transparent
pt,cela,es,celda,altered
pt,celebrar,es,celebrar,transparent
pt,celebração,es,celebración,altered
pt,celebridade,es,celebridad,transparent
pt,celeste,es,celeste,transparent
pt,celestial,es,celestial,transparent
pt,celta,es,celta,transparent
pt,celular,es,celular,transparent
pt,cemitério,es,cementerio,altered
pt,cena,es,escena,altered
pt,cenho,es,ceño,transparent
pt,cenografia,es,escenografía,altered
pt,censo,es,censo,transparent
pt,censor,es,censor,transparent
pt,censurar,es,censura,transparent
pt,centavo,es,centavo,transparent
pt,centeio,es,centeno,altered
pt,centena,es,centena,transparent
pt,centenário,es,centenario,transparent
pt,cento,es,ciento,altered
pt,central,es,central,transparent
pt,centralizar,es,centralizar,transparent
pt,centrar,es,centrar,transparent
pt,centro,es,centro,transparent
pt,centurião,es,centurión,transparent
pt,centímetro,es,centímetro,transparent
pt,cenário,es,escenario,altered
pt,cepa,es,cepa,transparent
pt,cerar,es,cera,transparent
pt,cercar,es,cerca,transparent
pt,cerco,es,cerco,transparent
pt,cerda,es,cerda,transparent
pt,cereal,es,cereal,transparent
pt,cerebral,es,cerebral,transparent
pt,cereja,es,cereza,altered
pt,cerejeira,es,cerezo,altered
pt,cerimônia,es,ceremonia,altered
pt,cerrar,es,cerrar,transparent
pt,cerro,es,cerro,transparent
pt,certame,es,certamen,altered
pt,certamente,es,ciertamente,altered
pt,certeiro,es,certero,transparent
pt,certeza,es,certeza,transparent
pt,certificar,es,certificado,transparent
pt,certificação,es,certificación,transparent
pt,certo,es,cierto,altered
pt,cervejar,es,cerveza,altered
pt,cervejaria,es,cervecería,altered
pt,cervejeiro,es,cervecero,altered
pt,cervical,es,cervical,transparent
pt,cervo,es,ciervo,altered
pt,cerâmico,es,cerámica,transparent
pt,cesariano,es,cesárea,altered
pt,cessar,es,cesar,altered
pt,cessão,es,cesión,altered
pt,cesta,es,cesta,transparent
pt,cesto,es,cesto,transparent
pt,chagar,es,llaga,altered
pt,chalé,es,chalet,transparent
pt,chamamento,es,llamamiento,altered
pt,chamar,es,llamar,altered
pt,chamativo,es,llamativo,altered
pt,chaminé,es,chimenea,altered
pt,champanha,es,champagne,altered
pt,champô,es,champú,altered
pt,chance,es,chance,transparent
pt,chancelaria,es,cancillería,altered
pt,chanceler,es,canciller,altered
pt,chantagem,es,chantaje,altered
pt,chapar,es,chapa,transparent
pt,charco,es,charco,transparent
pt,charlar,es,charlar,transparent
pt,chassi,es,chasis,transparent
pt,chat,es,chat,transparent
pt,chatear,es,chatear,transparent
pt,chato,es,chato,transparent
pt,chavalo,es,chaval,altered
pt,chave,es,clave,altered
pt,chaveiro,es,llavero,altered
pt,checar,es,checar,transparent
pt,checkup,es,chequeo,transparent
pt,checo,es,checo,transparent
pt,chef,es,chef,transparent
pt,chefatura,es,jefatura,altered
pt,chefe,es,jefe,altered
pt,chegar,es,llegar,altered
pt,cheio,es,lleno,altered
pt,cheque,es,cheque,transparent
pt,chibo,es,chivo,altered
pt,chicago,es,chicago,transparent
pt,chiclete,es,chicle,altered
pt,chicote,es,chicote,transparent
pt,chile,es,chile,transparent
pt,chileno,es,chileno,transparent
pt,chinês,es,chino,altered
pt,chip,es,chip,transparent
pt,chipre,es,chipre,transparent
pt,chique,es,chic,altered
pt,chispa,es,chispa,transparent
pt,chiste,es,chiste,transparent
pt,chocante,es,chocante,transparent
pt,chocar,es,chocar,transparent
pt,chocolate,es,chocolate,transparent
pt,chofer,es,chofer,transparent
pt,choque,es,choque,transparent
pt,chorar,es,llorar,altered
pt,chorizo,es,chorizo,transparent
pt,choro,es,lloro,altered
pt,chorão,es,llorón,altered
pt,choupana,es,choza,altered
pt,chover,es,llover,altered
pt,chupar,es,chupar,transparent
pt,churrasco,es,churrasco,transparent
pt,churro,es,churro,transparent
pt,chutar,es,chutar,transparent
pt,chuva,es,lluvia,altered
pt,chuvoso,es,lluvioso,altered
pt,chão,es,llano,altered
pt,cianeto,es,cianuro,altered
pt,ciao,es,ciao,transparent
pt,cicatriz,es,cicatriz,transparent
pt,cicatrizar,es,cicatrizar,transparent
pt,cicatrização,es,cicatrización,transparent
pt,ciclismo,es,ciclismo,transparent
pt,ciclista,es,ciclista,transparent
pt,ciclo,es,ciclo,transparent
pt,ciclone,es,ciclón,transparent
pt,cidadania,es,ciudadanía,altered
pt,cidade,es,ciudad,altered
pt,cidadela,es,ciudadela,altered
pt,cidadão,es,ciudadano,altered
pt,cientificamente,es,científicamente,transparent
pt,cientista,es,científico,altered
pt,científico,es,científico,transparent
pt,cifrar,es,cifra,transparent
pt,cigano,es,gitano,altered
pt,cigarro,es,cigarro,transparent
pt,cilindro,es,cilindro,transparent
pt,cima,es,cima,transparent
pt,cimento,es,cemento,altered
pt,cineasta,es,cineasta,transparent
pt,cinema,es,cine,altered
pt,cinematográfico,es,cinematográfico,transparent
pt,cinismo,es,cinismo,transparent
pt,cinquenta,es,cincuenta,altered
pt,cinto,es,cinto,transparent
pt,cintura,es,cintura,transparent
pt,cinturão,es,cinturón,transparent
pt,circo,es,circo,transparent
pt,circuito,es,circuito,transparent
pt,circular,es,circular,transparent
pt,circulação,es,circulación,altered
pt,circundante,es,circundante,transparent
pt,circunferência,es,circunferencia,transparent
pt,circunscrição,es,circunscripción,transparent
pt,circunstancial,es,circunstancial,transparent
pt,circunstância,es,circunstancia,transparent
pt,ciro,es,ciro,transparent
pt,cirurgia,es,cirugía,altered
pt,cirurgião,es,cirujano,altered
pt,cirílico,es,cirílico,transparent
pt,cirúrgico,es,quirúrgico,altered
pt,cisne,es,cisne,transparent
pt,cisterna,es,cisterna,transparent
pt,citar,es,citar,transparent
pt,citação,es,citación,transparent
pt,civil,es,civil,transparent
pt,civilizar,es,civilizar,transparent
pt,civilização,es,civilización,transparent
pt,ciência,es,ciencia,altered
pt,clamar,es,clamar,transparent
pt,clamor,es,clamor,transparent
pt,clandestinidade,es,clandestinidad,transparent
pt,clandestino,es,clandestino,transparent
pt,clap,es,clap,transparent
pt,claramente,es,claramente,transparent
pt,claridade,es,claridad,transparent
pt,clarificar,es,clarificar,transparent
pt,clarim,es,clarín,altered
pt,claro,es,claro,transparent
pt,classe,es,clase,transparent
pt,classificar,es,clasificar,transparent
pt,classificação,es,clasificación,transparent
pt,classista,es,clasista,transparent
pt,claustro,es,claustro,transparent
pt,clava,es,clava,transparent
pt,clavícula,es,clavícula,transparent
pt,clemência,es,clemencia,transparent
pt,clero,es,clero,transparent
pt,cleveland,es,cleveland,transparent
pt,clicar,es,cliquear,altered
pt,clichê,es,cliché,transparent
pt,cliente,es,cliente,transparent
pt,clientela,es,clientela,transparent
pt,clima,es,clima,transparent
pt,climático,es,climático,transparent
pt,clipe,es,clip,transparent
pt,clique,es,click,transparent
pt,cloaca,es,cloaca,transparent
pt,clonar,es,clonar,transparent
pt,clone,es,clon,altered
pt,cloreto,es,cloruro,altered
pt,cloro,es,cloro,transparent
pt,closet,es,closet,transparent
pt,clube,es,club,altered
pt,clássico,es,clásico,altered
pt,cláusula,es,cláusula,transparent
pt,clã,es,clan,altered
pt,clérigo,es,clérigo,transparent
pt,clínico,es,clínica,transparent
pt,coalizão,es,coalición,transparent
pt,coação,es,coacción,altered
pt,cobertor,es,cobertor,transparent
pt,cobertura,es,cobertura,transparent
pt,cobiçar,es,codicia,altered
pt,cobrar,es,cobrar,transparent
pt,cobrir,es,cubrir,altered
pt,cobro,es,cobro,transparent
pt,cocar,es,coca,transparent
pt,cocaína,es,cocaína,transparent
pt,coche,es,coche,transparent
pt,coco,es,coco,transparent
pt,codificar,es,codificar,transparent
pt,codificação,es,codificación,transparent
pt,coeficiente,es,coeficiente,transparent
pt,coelho,es,conejo,altered
pt,coerente,es,coherente,altered
pt,coerência,es,coherencia,altered
pt,coesão,es,cohesión,altered
pt,coexistir,es,coexistir,transparent
pt,cofre,es,cofre,transparent
pt,cofundador,es,cofundador,transparent
pt,cognitivo,es,cognitivo,transparent
pt,coincidir,es,coincidir,transparent
pt,coincidência,es,coincidencia,transparent
pt,coiote,es,coyote,altered
pt,coisar,es,cosa,transparent
pt,colaborador,es,colaborador,transparent
pt,colaborar,es,colaborar,transparent
pt,colaboração,es,colaboración,transparent
pt,colagem,es,collage,altered
pt,colapsar,es,colapsar,transparent
pt,colapso,es,colapso,transparent
pt,colar,es,cola,transparent
pt,colateral,es,colateral,transparent
pt,colação,es,colación,transparent
pt,colcha,es,colcha,transparent
pt,colchão,es,colchón,altered
pt,colecionar,es,coleccionar,transparent
pt,colega,es,colega,transparent
pt,colegiado,es,colegiado,transparent
pt,colegial,es,colegial,transparent
pt,colesterol,es,colesterol,transparent
pt,coletar,es,colecta,altered
pt,coletivamente,es,colectivamente,transparent
pt,coletividade,es,colectividad,transparent
pt,coletivo,es,colectivo,altered
pt,coletor,es,colector,altered
pt,coleção,es,colección,transparent
pt,colheita,es,cosecha,altered
pt,colher,es,cosechar,altered
pt,colherada,es,cucharada,altered
pt,colina,es,colina,transparent
pt,coliseu,es,coliseo,altered
pt,colisão,es,colisión,transparent
pt,colmar,es,colmar,transparent
pt,colmeia,es,colmena,altered
pt,colmo,es,colmo,transparent
pt,colo,es,cuello,altered
pt,colocar,es,colocar,transparent
pt,colocação,es,colocación,transparent
pt,colombiano,es,colombiano,transparent
pt,colonial,es,colonial,transparent
pt,colonialismo,es,colonialismo,transparent
pt,colonizador,es,colonizador,transparent
pt,colonizar,es,colonizar,transparent
pt,colonização,es,colonización,transparent
pt,colono,es,colono,transparent
pt,coloquial,es,coloquial,transparent
pt,colorante,es,colorante,transparent
pt,colorar,es,colorar,transparent
pt,coloração,es,coloración,transparent
pt,colorir,es,colorido,transparent
pt,colossal,es,colosal,transparent
pt,coluna,es,columna,transparent
pt,colunista,es,columnista,altered
pt,colágeno,es,colágeno,transparent
pt,colégio,es,colegio,transparent
pt,colónia,es,colonia,transparent
pt,colóquio,es,coloquio,transparent
pt,com,es,con,altered
pt,comandante,es,comandante,transparent
pt,comandar,es,comandar,transparent
pt,comando,es,comando,transparent
pt,combatente,es,combatiente,altered
pt,combater,es,combate,transparent
pt,combativo,es,combativo,transparent
pt,combinar,es,combinar,transparent
pt,combinação,es,combinación,transparent
pt,combo,es,combo,transparent
pt,combustão,es,combustión,transparent
pt,combustível,es,combustible,altered
pt,comediante,es,comediante,transparent
pt,comedor,es,comedor,transparent
pt,comemorar,es,conmemorar,transparent
pt,comemorativo,es,conmemorativo,altered
pt,comemoração,es,conmemoración,altered
pt,comendador,es,comendador,transparent
pt,comensal,es,comensal,transparent
pt,comentar,es,comentar,transparent
pt,comentarista,es,comentarista,transparent
pt,comento,es,comento,transparent
pt,comentário,es,comentario,transparent
pt,comer,es,comer,transparent
pt,comercial,es,comercial,transparent
pt,comercializar,es,comercializar,transparent
pt,comercialização,es,comercialización,transparent
pt,comerciante,es,comerciante,transparent
pt,comerciar,es,comerciar,transparent
pt,comestível,es,comestibles,transparent
pt,cometer,es,cometer,transparent
pt,cometido,es,cometido,transparent
pt,começar,es,comenzar,transparent
pt,comic,es,comic,transparent
pt,comido,es,comida,transparent
pt,comigo,es,conmigo,altered
pt,comissionar,es,comisionar,altered
pt,comissário,es,comisario,transparent
pt,comissão,es,comisión,transparent
pt,comitiva,es,comitiva,transparent
pt,comité,es,comité,transparent
pt,comitê,es,comité,transparent
pt,como,es,como,transparent
pt,comodamente,es,cómodamente,transparent
pt,comodidade,es,comodidad,altered
pt,comodoro,es,comodoro,transparent
pt,comovedor,es,conmovedor,altered
pt,comover,es,conmover,transparent
pt,comoção,es,conmoción,altered
pt,compactar,es,compactar,transparent
pt,compacto,es,compacto,transparent
pt,compadre,es,compadre,transparent
pt,compaixão,es,compasión,altered
pt,companheiro,es,compañero,altered
pt,companhia,es,compañía,transparent
pt,comparar,es,comparar,transparent
pt,comparativo,es,comparativa,transparent
pt,comparação,es,comparación,altered
pt,comparecer,es,comparecer,transparent
pt,comparsa,es,comparsa,transparent
pt,compartilhar,es,compartir,altered
pt,compartimento,es,compartimento,transparent
pt,comparável,es,comparable,transparent
pt,comparência,es,comparecencia,transparent
pt,compassivo,es,compasivo,transparent
pt,compasso,es,compás,altered
pt,compatibilidade,es,compatibilidad,transparent
pt,compatriota,es,compatriota,transparent
pt,compatível,es,compatible,transparent
pt,compensar,es,compensar,transparent
pt,compensação,es,compensación,altered
pt,competente,es,competente,transparent
pt,competidor,es,competidor,transparent
pt,competir,es,competir,transparent
pt,competitividade,es,competitividad,altered
pt,competitivo,es,competitivo,transparent
pt,competição,es,competición,transparent
pt,competência,es,competencia,altered
pt,compilar,es,compilar,transparent
pt,compilação,es,compilación,altered
pt,complacente,es,complaciente,transparent
pt,complementar,es,complementario,transparent
pt,complemento,es,complemento,transparent
pt,completamente,es,completamente,transparent
pt,completar,es,completar,transparent
pt,completo,es,completo,transparent
pt,complexidade,es,complejidad,altered
pt,complexo,es,complejo,transparent
pt,complicar,es,complicar,transparent
pt,complicação,es,complicación,transparent
pt,complô,es,complot,altered
pt,componente,es,componente,transparent
pt,compor,es,componer,altered
pt,comportamento,es,comportamiento,transparent
pt,comportar,es,comportar,transparent
pt,compositor,es,compositor,transparent
pt,composição,es,composición,transparent
pt,compostela,es,compostela,transparent
pt,composto,es,compuesto,altered
pt,comprador,es,comprador,transparent
pt,comprar,es,comprar,transparent
pt,compreender,es,comprender,altered
pt,compreensivo,es,comprensivo,altered
pt,compreensão,es,comprensión,altered
pt,compreensível,es,comprensible,transparent
pt,compressão,es,compresión,altered
pt,comprimir,es,comprimido,transparent
pt,comprometer,es,comprometer,transparent
pt,compromisso,es,compromiso,transparent
pt,comprovante,es,comprobante,transparent
pt,comprovar,es,comprobar,transparent
pt,comprovação,es,comprobación,transparent
pt,compulsivo,es,compulsivo,transparent
pt,computador,es,computador,transparent
pt,computar,es,computar,transparent
pt,computação,es,computación,transparent
pt,compêndio,es,compendio,transparent
pt,comum,es,común,transparent
pt,comumente,es,comúnmente,transparent
pt,comuna,es,comuna,transparent
pt,comunal,es,comunal,transparent
pt,comunhão,es,comunión,altered
pt,comunicador,es,comunicador,transparent
pt,comunicar,es,comunicar,transparent
pt,comunicativo,es,comunicativo,transparent
pt,comunicação,es,comunicación,transparent
pt,comunidade,es,comunidad,altered
pt,comunismo,es,comunismo,transparent
pt,comunista,es,comunista,transparent
pt,comunitário,es,comunitario,transparent
pt,comédia,es,comedia,transparent
pt,comércio,es,comercio,altered
pt,comício,es,comicio,transparent
pt,conceber,es,concebir,transparent
pt,conceder,es,conceder,transparent
pt,concedido,es,conceder,transparent
pt,conceito,es,concepto,altered
pt,concentrar,es,concentrar,transparent
pt,concentração,es,concentración,altered
pt,conceptual,es,conceptual,transparent
pt,concepção,es,concepción,transparent
pt,concernente,es,concerniente,altered
pt,concernir,es,concernir,transparent
pt,concertar,es,concertar,transparent
pt,concertação,es,concertación,transparent
pt,concerto,es,concierto,altered
pt,concessionário,es,concesionario,transparent
pt,concessão,es,concesión,altered
pt,concha,es,concha,transparent
pt,concidadão,es,conciudadano,altered
pt,conciliar,es,conciliar,transparent
pt,conciliação,es,conciliación,altered
pt,conciso,es,conciso,transparent
pt,concludente,es,concluyente,altered
pt,concluir,es,concluir,transparent
pt,conclusão,es,conclusión,transparent
pt,concordar,es,concordar,transparent
pt,concordia,es,concordia,transparent
pt,concordância,es,concordancia,transparent
pt,concorrente,es,concurrente,transparent
pt,concorrer,es,concurrir,altered
pt,concorrência,es,concurrencia,transparent
pt,concretamente,es,concretamente,transparent
pt,concretar,es,concretar,transparent
pt,concreto,es,concreto,transparent
pt,concurso,es,concurso,transparent
pt,concílio,es,concilio,transparent
pt,condado,es,condado,transparent
pt,condecoração,es,condecoración,transparent
pt,condenar,es,condenado,transparent
pt,condenação,es,condena,altered
pt,condensar,es,condensar,transparent
pt,condessar,es,condesa,altered
pt,condicional,es,condicional,transparent
pt,condicionar,es,condicionar,transparent
pt,condimento,es,condimento,transparent
pt,condição,es,condición,transparent
pt,condolência,es,condolencia,transparent
pt,condomínio,es,condominio,transparent
pt,condor,es,cóndor,transparent
pt,conduta,es,conducta,altered
pt,conduto,es,conducto,altered
pt,condutor,es,conductor,altered
pt,conduzir,es,conducir,altered
pt,condução,es,conducción,altered
pt,cone,es,cono,altered
pt,conectar,es,conectar,transparent
pt,conectividade,es,conectividad,transparent
pt,conector,es,conector,transparent
pt,conexão,es,conexión,transparent
pt,confeccionar,es,confeccionar,transparent
pt,confecção,es,confección,transparent
pt,confederação,es,confederación,transparent
pt,conferir,es,conferir,transparent
pt,conferência,es,conferencia,transparent
pt,confessar,es,confesar,transparent
pt,confesso,es,confeso,altered
pt,confiança,es,confianza,altered
pt,confiar,es,confiar,transparent
pt,confidencial,es,confidencial,transparent
pt,confidencialidade,es,confidencialidad,transparent
pt,confidente,es,confidente,transparent
pt,configurar,es,configurar,transparent
pt,configuração,es,configuración,transparent
pt,confinamento,es,confinamiento,transparent
pt,confinar,es,confinado,transparent
pt,confirmar,es,confirmar,transparent
pt,confirmação,es,confirmación,altered
pt,confiscar,es,confiscar,transparent
pt,confissão,es,confesión,altered
pt,confiável,es,confiable,transparent
pt,conflito,es,conflicto,altered
pt,confluir,es,confluir,transparent
pt,confluência,es,confluencia,transparent
pt,conformar,es,conformar,transparent
pt,conformação,es,conformación,altered
pt,conforme,es,conforme,transparent
pt,conformidade,es,conformidad,transparent
pt,conforto,es,confort,altered
pt,confortável,es,confortable,transparent
pt,confraria,es,cofradía,altered
pt,confrontar,es,confrontar,transparent
pt,confrontação,es,confrontación,transparent
pt,confronto,es,confrontar,transparent
pt,confundir,es,confundir,transparent
pt,confuso,es,confuso,transparent
pt,confusão,es,confusión,transparent
pt,congelador,es,congelador,transparent
pt,congelar,es,congelar,transparent
pt,congelação,es,congelación,transparent
pt,congestão,es,congestión,transparent
pt,conglomerar,es,conglomerado,transparent
pt,congregar,es,congregar,transparent
pt,congregação,es,congregación,transparent
pt,congressista,es,congresista,transparent
pt,congresso,es,congreso,transparent
pt,congénito,es,congénito,transparent
pt,conhecedor,es,conocedor,altered
pt,conhecer,es,conocer,altered
pt,conhecido,es,conocido,altered
pt,conhecimento,es,conocimiento,altered
pt,conjugal,es,conyugal,altered
pt,conjugar,es,conjugar,transparent
pt,conjuntamente,es,conjuntamente,transparent
pt,conjuntar,es,conjuntar,transparent
pt,conjunto,es,conjunto,transparent
pt,conjuntura,es,coyuntura,altered
pt,conjunção,es,conjunción,transparent
pt,conjuro,es,conjuro,transparent
pt,conosco,es,conmigo,altered
pt,conotação,es,connotación,altered
pt,conquistador,es,conquistador,transparent
pt,conquistar,es,conquistar,transparent
pt,consagrar,es,consagrar,transparent
pt,consagração,es,consagración,transparent
pt,consciente,es,consciente,transparent
pt,conscientemente,es,conscientemente,transparent
pt,conscientizar,es,concienciar,altered
pt,consciência,es,conciencia,transparent
pt,consecutivo,es,consecutivo,transparent
pt,consecução,es,consecución,transparent
pt,conseguir,es,conseguir,transparent
pt,conselheiro,es,consejero,altered
pt,conselho,es,consejo,altered
pt,consenso,es,consenso,transparent
pt,consentimento,es,consentimiento,transparent
pt,consentir,es,consentir,transparent
pt,consequente,es,consiguiente,transparent
pt,consequentemente,es,consecuentemente,altered
pt,consequência,es,consecuencia,altered
pt,conservador,es,conservador,transparent
pt,conservar,es,conservar,transparent
pt,conservatório,es,conservatorio,transparent
pt,conservação,es,conservación,transparent
pt,considerar,es,considerar,transparent
pt,consideravelmente,es,considerablemente,altered
pt,consideração,es,consideración,transparent
pt,considerável,es,considerable,transparent
pt,consignar,es,consigna,transparent
pt,consistente,es,consistente,transparent
pt,consistir,es,consistir,transparent
pt,consistência,es,consistencia,transparent
pt,consoante,es,consonante,transparent
pt,consolador,es,consolador,transparent
pt,consolar,es,consola,transparent
pt,consolidar,es,consolidar,transparent
pt,consolidação,es,consolidación,transparent
pt,consolo,es,consuelo,altered
pt,consonância,es,consonancia,transparent
pt,conspirador,es,conspirador,transparent
pt,conspirar,es,conspirar,transparent
pt,conspiração,es,conspiración,transparent
pt,constante,es,constante,transparent
pt,constantemente,es,constantemente,transparent
pt,constar,es,constar,transparent
pt,constatar,es,constatar,transparent
pt,constelação,es,constelación,transparent
pt,constitucional,es,constitucional,transparent
pt,constitucionalista,es,constitucionalista,transparent
pt,constituinte,es,constituyente,altered
pt,constituir,es,constituir,transparent
pt,constituição,es,constitución,transparent
pt,constitutivo,es,constitutivo,transparent
pt,construir,es,construir,transparent
pt,construtivo,es,constructivo,altered
pt,construtor,es,constructor,altered
pt,construção,es,construcción,altered
pt,constância,es,constancia,altered
pt,consulado,es,consulado,transparent
pt,consular,es,consular,transparent
pt,consultar,es,consulta,transparent
pt,consultivo,es,consultivo,transparent
pt,consultor,es,consultor,transparent
pt,consultoria,es,consultoría,transparent
pt,consultório,es,consultorio,transparent
pt,consumar,es,consumar,transparent
pt,consumidor,es,consumidor,transparent
pt,consumir,es,consumir,transparent
pt,consumo,es,consumo,transparent
pt,consórcio,es,consorcio,altered
pt,contabilidade,es,contabilidad,transparent
pt,contabilizar,es,contabilizar,transparent
pt,contactar,es,contactar,transparent
pt,contacto,es,contacto,transparent
pt,contador,es,contador,transparent
pt,contagem,es,conteo,altered
pt,contagiar,es,contagiar,transparent
pt,contagioso,es,contagioso,transparent
pt,contaminante,es,contaminante,transparent
pt,contaminar,es,contaminar,transparent
pt,contaminação,es,contaminación,transparent
pt,contar,es,cuenta,altered
pt,contato,es,contacto,transparent
pt,contemplar,es,contemplar,transparent
pt,contemplação,es,contemplación,transparent
pt,contemporâneo,es,contemporáneo,transparent
pt,contencioso,es,contencioso,transparent
pt,contender,es,contienda,altered
pt,contendor,es,contendiente,altered
pt,contentar,es,contentar,transparent
pt,contente,es,contento,transparent
pt,contenção,es,contención,transparent
pt,conter,es,contener,transparent
pt,contestar,es,contestar,transparent
pt,contestação,es,contestación,transparent
pt,conteste,es,conteste,transparent
pt,contexto,es,contexto,transparent
pt,contextualizar,es,contextualizar,transparent
pt,conteúdo,es,contenido,transparent
pt,continental,es,continental,transparent
pt,continente,es,continente,transparent
pt,contingente,es,contingente,transparent
pt,contingência,es,contingencia,transparent
pt,continuamente,es,continuamente,transparent
pt,continuar,es,continuar,transparent
pt,continuação,es,continuación,transparent
pt,continuidade,es,continuidad,transparent
pt,conto,es,cuento,altered
pt,contorno,es,contorno,transparent
pt,contra,es,contra,transparent
pt,contrabando,es,contrabando,transparent
pt,contraditório,es,contradictorio,transparent
pt,contradizer,es,contradecir,altered
pt,contradição,es,contradicción,altered
pt,contrair,es,contraer,altered
pt,contraparte,es,contraparte,transparent
pt,contrapartida,es,contrapartida,transparent
pt,contrapeso,es,contrapeso,transparent
pt,contrapor,es,contraponer,altered
pt,contraposição,es,contraposición,transparent
pt,contraproducente,es,contraproducente,transparent
pt,contrariamente,es,contrariamente,transparent
pt,contrariar,es,contrariar,transparent
pt,contrastar,es,contrastar,transparent
pt,contraste,es,contraste,transparent
pt,contratar,es,contratar,transparent
pt,contratação,es,contratación,transparent
pt,contratempo,es,contratiempo,transparent
pt,contrato,es,contrato,transparent
pt,contratual,es,contractual,altered
pt,contração,es,contracción,transparent
pt,contribuinte,es,contribuyente,altered
pt,contribuir,es,contribuir,transparent
pt,contribuição,es,contribución,transparent
pt,contrito,es,contrito,transparent
pt,controlador,es,controlador,transparent
pt,controladoria,es,contraloría,altered
pt,controlar,es,controlar,transparent
pt,controlo,es,control,transparent
pt,controverso,es,controversial,altered
pt,controvérsia,es,controversia,transparent
pt,contrário,es,contrario,transparent
pt,contundente,es,contundente,transparent
pt,contágio,es,contagio,transparent
pt,contável,es,contable,transparent
pt,contíguo,es,contiguo,transparent
pt,contínuo,es,continuo,transparent
pt,convencer,es,convencer,transparent
pt,convencido,es,convencer,transparent
pt,convencional,es,convencional,transparent
pt,conveniente,es,conveniente,transparent
pt,convenientemente,es,convenientemente,transparent
pt,conveniência,es,conveniencia,transparent
pt,convento,es,convento,transparent
pt,convenção,es,convención,transparent
pt,convergir,es,converger,altered
pt,convergência,es,convergencia,transparent
pt,conversar,es,conversar,transparent
pt,conversação,es,conversación,transparent
pt,converso,es,converso,transparent
pt,conversão,es,conversión,altered
pt,converter,es,convertir,altered
pt,convicção,es,convicción,transparent
pt,convincente,es,convincente,transparent
pt,convir,es,convenir,altered
pt,convite,es,convite,transparent
pt,conviver,es,convivir,altered
pt,convivência,es,convivencia,transparent
pt,convocar,es,convocar,transparent
pt,convulsionar,es,convulsionar,transparent
pt,convênio,es,convenio,transparent
pt,cooperar,es,cooperar,transparent
pt,cooperativo,es,cooperativa,transparent
pt,cooperação,es,cooperación,transparent
pt,coordenador,es,coordinador,transparent
pt,coordenar,es,coordinar,altered
pt,coordenação,es,coordinación,altered
pt,copar,es,copa,transparent
pt,copiar,es,copiar,transparent
pt,copiloto,es,copiloto,transparent
pt,coquetel,es,cóctel,altered
pt,cor,es,color,altered
pt,coragem,es,coraje,altered
pt,coral,es,coral,transparent
pt,coração,es,corazón,altered
pt,cordeiro,es,cordero,altered
pt,cordial,es,cordial,transparent
pt,cordialidade,es,cordialidad,transparent
pt,cordilheira,es,cordillera,altered
pt,cordura,es,cordura,transparent
pt,cordão,es,cordón,altered
pt,coreano,es,coreano,transparent
pt,coreia,es,corea,transparent
pt,coreografia,es,coreografía,transparent
pt,corneta,es,corneta,transparent
pt,corno,es,cuerno,altered
pt,cornucópia,es,cornucopia,transparent
pt,coro,es,coro,transparent
pt,coroar,es,corona,altered
pt,coroação,es,coronación,altered
pt,coronel,es,coronel,transparent
pt,corpo,es,cuerpo,altered
pt,corporal,es,corporal,transparent
pt,corporativo,es,corporativo,transparent
pt,corporação,es,corporación,transparent
pt,corpus,es,corpus,transparent
pt,correctivo,es,correctivo,transparent
pt,corredor,es,corredor,transparent
pt,correia,es,correa,altered
pt,correio,es,correo,altered
pt,correlação,es,correlación,transparent
pt,corrente,es,corriente,transparent
pt,correr,es,correr,transparent
pt,correspondente,es,correspondiente,altered
pt,corresponder,es,corresponder,transparent
pt,correspondência,es,correspondencia,transparent
pt,corretamente,es,correctamente,transparent
pt,correção,es,corrección,altered
pt,corrido,es,corrido,transparent
pt,corrigir,es,corregir,altered
pt,corroborar,es,corroborar,transparent
pt,corromper,es,corromper,transparent
pt,corrupto,es,corrupto,transparent
pt,corrupção,es,corrupción,transparent
pt,corso,es,corso,transparent
pt,cortante,es,cortante,transparent
pt,cortar,es,cortar,transparent
pt,corte,es,corte,transparent
pt,cortejo,es,cortejo,transparent
pt,cortesia,es,cortesía,transparent
pt,cortesão,es,cortesano,altered
pt,cortinar,es,cortina,transparent
pt,cortiça,es,corteza,altered
pt,cortês,es,cortés,transparent
pt,corvo,es,cuervo,altered
pt,corão,es,corán,altered
pt,cosmopolita,es,cosmopolita,transparent
pt,cosmos,es,cosmos,transparent
pt,cosmético,es,cosmético,transparent
pt,costa,es,costa,transparent
pt,costado,es,costado,transparent
pt,costeiro,es,costero,transparent
pt,costela,es,costilla,altered
pt,costume,es,costumbre,altered
pt,costurar,es,costura,transparent
pt,cotar,es,cuota,altered
pt,cotação,es,cotización,altered
pt,cotidiano,es,cotidiano,transparent
pt,cotovelo,es,codo,altered
pt,country,es,country,transparent
pt,couro,es,cuero,altered
pt,cova,es,cueva,altered
pt,covarde,es,cobarde,altered
pt,covardia,es,cobardía,altered
pt,coxo,es,cojo,transparent
pt,cozer,es,cocer,altered
pt,cozido,es,cocido,altered
pt,cozinhar,es,cocina,altered
pt,cozinheiro,es,cocinero,altered
pt,crack,es,crack,transparent
pt,cratera,es,cráter,altered
pt,cravar,es,clavar,altered
pt,cravo,es,clavo,altered
pt,credencial,es,credencial,transparent
pt,credibilidade,es,credibilidad,transparent
pt,credo,es,credo,transparent
pt,creme,es,crema,altered
pt,cremoso,es,cremoso,transparent
pt,crente,es,creyente,altered
pt,crença,es,creencia,altered
pt,crepúsculo,es,crepúsculo,transparent
pt,crer,es,creer,altered
pt,crescente,es,creciente,altered
pt,crescer,es,crecer,transparent
pt,crescido,es,crecida,altered
pt,crescimento,es,crecimiento,transparent
pt,crespo,es,crespo,transparent
pt,criador,es,creador,altered
pt,criadouro,es,criadero,altered
pt,criar,es,criar,transparent
pt,criatividade,es,creatividad,altered
pt,criativo,es,creativo,altered
pt,criatura,es,criatura,transparent
pt,criação,es,creación,altered
pt,crime,es,crimen,transparent
pt,criminal,es,criminal,transparent
pt,criminalidade,es,criminalidad,transparent
pt,criminalizar,es,criminalizar,transparent
pt,criminoso,es,criminal,altered
pt,crioulo,es,criollo,altered
pt,criptomoedas,es,criptomonedas,altered
pt,crise,es,crisis,altered
pt,crista,es,cresta,altered
pt,cristal,es,cristal,transparent
pt,cristalino,es,cristalino,transparent
pt,cristianismo,es,cristianismo,transparent
pt,cristo,es,cristo,transparent
pt,cristão,es,cristiano,altered
pt,criticar,es,criticar,transparent
pt,critério,es,criterio,transparent
pt,croata,es,croata,transparent
pt,crocante,es,crujiente,altered
pt,crocodilo,es,cocodrilo,altered
pt,cromo,es,chrome,altered
pt,cromossoma,es,cromosoma,altered
pt,cronista,es,cronista,transparent
pt,cronograma,es,cronograma,transparent
pt,cronologia,es,cronología,transparent
pt,cronológico,es,cronológico,transparent
pt,cronometrar,es,cronometrar,transparent
pt,cronómetro,es,cronómetro,transparent
pt,cru,es,crudo,altered
pt,crucial,es,crucial,transparent
pt,crucificar,es,crucificar,transparent
pt,cruel,es,cruel,transparent
pt,crueldade,es,crueldad,transparent
pt,cruz,es,cruz,transparent
pt,cruzamento,es,cruce,altered
pt,cruzar,es,cruzar,transparent
pt,cruzeiro,es,crucero,altered
pt,crânio,es,cráneo,altered
pt,crédito,es,crédito,transparent
pt,crítico,es,crítica,transparent
pt,crível,es,creíble,altered
pt,crónico,es,crónico,transparent
pt,crônica,es,crónica,altered
pt,cu,es,culo,altered
pt,cubano,es,cubano,transparent
pt,cubo,es,cubo,transparent
pt,cuenca,es,cuenca,transparent
pt,cuesta,es,cuesta,transparent
pt,cuidador,es,cuidador,transparent
pt,cuidadosamente,es,cuidadosamente,transparent
pt,cuidadoso,es,cuidadoso,transparent
pt,cuidar,es,cuidado,transparent
pt,cujo,es,cuyo,transparent
pt,culinário,es,culinario,transparent
pt,culminar,es,culminar,transparent
pt,culminação,es,culminación,transparent
pt,culpabilidade,es,culpabilidad,transparent
pt,culpar,es,culpa,transparent
pt,culpável,es,culpable,transparent
pt,cultivar,es,cultivar,transparent
pt,cultivo,es,cultivo,transparent
pt,culto,es,culto,transparent
pt,cultura,es,cultura,transparent
pt,cultural,es,cultural,transparent
pt,culturalmente,es,culturalmente,transparent
pt,cum,es,cum,transparent
pt,cumbia,es,cumbia,transparent
pt,cumplicidade,es,complicidad,altered
pt,cumprimentar,es,cumplimentar,altered
pt,cumprir,es,cumplir,transparent
pt,cunhar,es,cuña,transparent
pt,cupom,es,cupón,altered
pt,curador,es,curador,transparent
pt,curar,es,cura,transparent
pt,curativo,es,curativa,transparent
pt,curação,es,curación,transparent
pt,curdo,es,kurdo,altered
pt,curiosamente,es,curiosamente,transparent
pt,curiosidade,es,curiosidad,transparent
pt,curioso,es,curioso,transparent
pt,curral,es,corral,altered
pt,curricular,es,curricular,transparent
pt,curry,es,curry,transparent
pt,currículo,es,currículum,altered
pt,cursar,es,cursar,transparent
pt,cursi,es,cursi,transparent
pt,curso,es,curso,transparent
pt,curtir,es,curtido,transparent
pt,curto,es,corto,altered
pt,curvar,es,curva,transparent
pt,cuspir,es,escupir,altered
pt,custo,es,costo,altered
pt,custodiar,es,custodiar,transparent
pt,custoso,es,costoso,altered
pt,custódio,es,custodia,transparent
pt,cutâneo,es,cutáneo,altered
pt,cyber,es,cyber,transparent
pt,czar,es,zar,transparent
pt,cá,es,acá,altered
pt,cálcio,es,calcio,transparent
pt,cálculo,es,cálculo,transparent
pt,cálice,es,cáliz,altered
pt,cálido,es,cálido,transparent
pt,cápsula,es,cápsula,transparent
pt,cárcere,es,cárcel,altered
pt,cárdio,es,cardiología,transparent
pt,cárie,es,caries,altered
pt,cáscara,es,cáscara,transparent
pt,cátedra,es,cátedra,transparent
pt,cáucaso,es,cáucaso,transparent
pt,câmara,es,cámara,transparent
pt,câmbio,es,cambio,transparent
pt,câmera,es,cámara,transparent
pt,câncer,es,cáncer,transparent
pt,cânion,es,canyon,altered
pt,cânon,es,canon,transparent
pt,cântico,es,cántico,transparent
pt,cão,es,can,altered
pt,cédula,es,cédula,transparent
pt,célebre,es,célebre,transparent
pt,célula,es,célula,transparent
pt,cérebro,es,cerebro,transparent
pt,césar,es,césar,transparent
pt,cético,es,escéptico,altered
pt,céu,es,cielo,altered
pt,cíclico,es,cíclico,transparent
pt,cínico,es,cínico,transparent
pt,círculo,es,círculo,transparent
pt,cítrico,es,cítrico,transparent
pt,cívico,es,cívico,transparent
pt,cócega,es,cosquillas,altered
pt,códice,es,códice,transparent
pt,código,es,código,transparent
pt,cólera,es,cólera,transparent
pt,cólico,es,cólico,transparent
pt,cólon,es,colón,altered
pt,cómodo,es,cómodo,transparent
pt,cópia,es,copia,transparent
pt,córdova,es,córdova,transparent
pt,cósmico,es,cósmico,transparent
pt,cômico,es,cómico,transparent
pt,cômoda,es,cómoda,transparent
pt,cômputo,es,cómputo,transparent
pt,cônjuge,es,cónyuge,altered
pt,cônsul,es,cónsul,transparent
pt,cúbico,es,cúbico,transparent
pt,cúmplice,es,cómplice,transparent
pt,cúmulo,es,cúmulo,transparent
pt,cúpula,es,cúpula,transparent
pt,cúspide,es,cúspide,transparent
pt,dacar,es,dakar,altered
pt,daltônico,es,daltónico,altered
pt,dama,es,dama,transparent
pt,damasco,es,damasco,transparent
pt,damião,es,damián,altered
pt,danificar,es,dañar,altered
pt,daninho,es,dañino,altered
pt,dano,es,daño,transparent
pt,dançar,es,danza,transparent
pt,danúbio,es,danubio,transparent
pt,dar,es,dar,transparent
pt,dardo,es,dardo,transparent
pt,datar,es,data,transparent
pt,david,es,david,transparent
pt,deambular,es,deambular,transparent
pt,debaixo,es,debajo,altered
pt,debater,es,debate,transparent
pt,debilidade,es,debilidad,transparent
pt,debilitar,es,debilitar,transparent
pt,debut,es,debut,transparent
pt,debutar,es,debutar,transparent
pt,decadente,es,decadente,transparent
pt,decadência,es,decadencia,transparent
pt,decair,es,decaer,altered
pt,decanato,es,decano,altered
pt,decantar,es,decantar,transparent
pt,decapitar,es,decapitar,transparent
pt,decente,es,decente,transparent
pt,decepcionante,es,decepcionante,transparent
pt,decepcionar,es,decepcionar,transparent
pt,decepção,es,decepción,transparent
pt,decidir,es,decidir,transparent
pt,decifrar,es,descifrar,altered
pt,decilitro,es,decilitro,transparent
pt,decimal,es,decimal,transparent
pt,decisivo,es,decisivo,transparent
pt,decisão,es,decisión,transparent
pt,declarar,es,declarar,transparent
pt,declaração,es,declaración,transparent
pt,declinar,es,declinar,transparent
pt,declive,es,declive,transparent
pt,decomposição,es,descomposición,transparent
pt,decorar,es,decorar,transparent
pt,decorativo,es,decorativo,transparent
pt,decoração,es,decoración,altered
pt,decretar,es,decretar,transparent
pt,decreto,es,decreto,transparent
pt,decência,es,decencia,transparent
pt,dedicar,es,dedicar,transparent
pt,dedicatória,es,dedicatoria,transparent
pt,dedicação,es,dedicación,transparent
pt,dedo,es,dedo,transparent
pt,deduzir,es,deducir,transparent
pt,dedução,es,deducción,altered
pt,defeito,es,defecto,transparent
pt,defeituoso,es,defectuoso,transparent
pt,defender,es,defender,transparent
pt,defendido,es,defendido,transparent
pt,defensivo,es,defensiva,transparent
pt,defensor,es,defensor,transparent
pt,defensoria,es,defensoría,transparent
pt,defeso,es,defensa,altered
pt,deficiente,es,deficiente,transparent
pt,deficiência,es,deficiencia,transparent
pt,definir,es,definir,transparent
pt,definitivamente,es,definitivamente,transparent
pt,definitivo,es,definitivo,transparent
pt,definição,es,definición,transparent
pt,deformar,es,deformar,transparent
pt,deformação,es,deformación,transparent
pt,deforme,es,deforme,transparent
pt,defraudar,es,defraudar,transparent
pt,degenerar,es,degenerado,transparent
pt,degradar,es,degradar,transparent
pt,degradação,es,degradación,transparent
pt,deidade,es,deidad,transparent
pt,deixar,es,dejar,transparent
pt,delatar,es,delatar,transparent
pt,delegacia,es,delegación,altered
pt,delegar,es,delegado,transparent
pt,delegação,es,delegación,transparent
pt,deleitar,es,deleitar,transparent
pt,deleite,es,deleite,transparent
pt,delgado,es,delgado,transparent
pt,deliberadamente,es,deliberadamente,transparent
pt,deliberar,es,deliberar,transparent
pt,deliberação,es,deliberación,transparent
pt,delicadeza,es,delicadeza,transparent
pt,delicado,es,delicado,transparent
pt,delicioso,es,delicioso,transparent
pt,delimitar,es,delimitar,transparent
pt,delimitação,es,delimitación,transparent
pt,delinear,es,delinear,transparent
pt,delinquente,es,delincuente,altered
pt,delinquir,es,delinquir,transparent
pt,delinquência,es,delincuencia,transparent
pt,delirante,es,delirante,transparent
pt,delitivo,es,delictivo,altered
pt,delito,es,delito,transparent
pt,delivery,es,delivery,transparent
pt,delta,es,delta,transparent
pt,delícia,es,delicia,transparent
pt,delírio,es,delirio,transparent
pt,demagogia,es,demagogia,transparent
pt,demais,es,demás,altered
pt,demandante,es,demandante,transparent
pt,demandar,es,demanda,transparent
pt,demarcação,es,demarcación,transparent
pt,demente,es,demente,transparent
pt,demissão,es,dimisión,altered
pt,demitir,es,dimitir,altered
pt,democracia,es,democracia,transparent
pt,democrata,es,demócrata,transparent
pt,democraticamente,es,democráticamente,altered
pt,democratização,es,democratización,transparent
pt,democrático,es,democrático,transparent
pt,demográfico,es,demográfico,transparent
pt,demolidor,es,demoledor,altered
pt,demolir,es,demoler,altered
pt,demolição,es,demolición,transparent
pt,demonstrar,es,demostrar,transparent
pt,demonstração,es,demostración,altered
pt,demoníaco,es,demoníaco,transparent
pt,demorar,es,demora,transparent
pt,demência,es,demencia,transparent
pt,demónio,es,demonio,transparent
pt,dengue,es,dengue,transparent
pt,denominador,es,denominador,transparent
pt,denominar,es,denominar,transparent
pt,denominação,es,denominación,transparent
pt,denotar,es,denotar,transparent
pt,densidade,es,densidad,altered
pt,denso,es,denso,transparent
pt,dentadura,es,dentadura,transparent
pt,dental,es,dental,transparent
pt,dente,es,diente,altered
pt,dentista,es,dentista,transparent
pt,denunciante,es,denunciante,transparent
pt,denunciar,es,denunciar,transparent
pt,denúncia,es,denuncia,transparent
pt,deparar,es,deparar,transparent
pt,departamental,es,departamental,transparent
pt,departamento,es,departamento,transparent
pt,dependente,es,dependiente,transparent
pt,depender,es,depender,transparent
pt,dependência,es,dependencia,transparent
pt,depilar,es,depilar,transparent
pt,deplorável,es,deplorable,altered
pt,depoimento,es,deposición,altered
pt,depor,es,deponer,altered
pt,deportar,es,deportar,transparent
pt,deportação,es,deportación,transparent
pt,depositar,es,depositar,transparent
pt,depreciar,es,depreciar,transparent
pt,depressa,es,deprisa,altered
pt,depressivo,es,depresivo,altered
pt,depressão,es,depresión,transparent
pt,deprimente,es,deprimente,transparent
pt,deprimir,es,deprimir,transparent
pt,depurar,es,depurar,transparent
pt,depuração,es,depuración,transparent
pt,deputar,es,diputado,altered
pt,deputação,es,diputación,altered
pt,depósito,es,depósito,transparent
pt,derivar,es,derivado,transparent
pt,derivação,es,derivación,transparent
pt,derramamento,es,derramamiento,altered
pt,derramar,es,derramar,transparent
pt,derrame,es,derrame,transparent
pt,derreter,es,derretir,transparent
pt,derrocar,es,derrocar,transparent
pt,derrogar,es,derogar,altered
pt,derrogação,es,derogación,transparent
pt,derrotar,es,derrota,transparent
pt,derrubar,es,derribar,transparent
pt,derrube,es,derrumbe,altered
pt,desabar,es,derrumbar,altered
pt,desacordo,es,desacuerdo,altered
pt,desacreditar,es,desacreditar,transparent
pt,desafiante,es,desafiante,transparent
pt,desafiar,es,desafiar,transparent
pt,desafio,es,desafío,transparent
pt,desafogar,es,desahogar,altered
pt,desafortunadamente,es,desafortunadamente,transparent
pt,desafortunado,es,desafortunado,transparent
pt,desagradável,es,desagradable,transparent
pt,desalojamento,es,desalojo,altered
pt,desalojar,es,desalojar,transparent
pt,desamparar,es,desamparado,transparent
pt,desanimar,es,desanimar,transparent
pt,desaparecer,es,desaparecer,transparent
pt,desaparecido,es,desaparecido,transparent
pt,desaparição,es,desaparición,transparent
pt,desaprovar,es,desaprobar,transparent
pt,desarmamento,es,desarme,altered
pt,desarmar,es,desarmar,transparent
pt,desastre,es,desastre,transparent
pt,desastroso,es,desastroso,transparent
pt,desatar,es,desatar,transparent
pt,desativar,es,desactivar,altered
pt,desbloquear,es,desbloquear,transparent
pt,descalçar,es,descalzar,altered
pt,descalço,es,descalzo,altered
pt,descansar,es,descansar,transparent
pt,descanso,es,descanso,transparent
pt,descaradamente,es,descaradamente,transparent
pt,descarga,es,descarga,transparent
pt,descarregar,es,descargar,altered
pt,descartar,es,descartar,transparent
pt,descarte,es,descarte,transparent
pt,descartável,es,desechable,altered
pt,descendente,es,descendiente,altered
pt,descender,es,descender,transparent
pt,descendência,es,descendencia,transparent
pt,descenso,es,descenso,transparent
pt,descentralizar,es,descentralizar,transparent
pt,descentralização,es,descentralización,transparent
pt,descer,es,descender,altered
pt,descobridor,es,descubridor,altered
pt,descobrimento,es,descubrimiento,transparent
pt,descobrir,es,descubrir,transparent
pt,descomunal,es,descomunal,transparent
pt,desconcertante,es,desconcertante,transparent
pt,desconcertar,es,desconcertar,transparent
pt,desconectar,es,desconectar,transparent
pt,desconexão,es,desconexión,transparent
pt,desconfiança,es,desconfianza,transparent
pt,desconfiar,es,desconfiar,transparent
pt,desconhecer,es,desconocer,altered
pt,desconhecido,es,desconocido,altered
pt,desconhecimento,es,desconocimiento,altered
pt,descontar,es,descontar,transparent
pt,descontente,es,descontento,transparent
pt,desconto,es,descuento,altered
pt,descontrolar,es,descontrolar,transparent
pt,descrever,es,describir,altered
pt,descritivo,es,descriptivo,altered
pt,descrito,es,describir,transparent
pt,descrição,es,descripción,altered
pt,descuidar,es,descuidar,transparent
pt,descuido,es,descuido,transparent
pt,desculpar,es,disculpa,altered
pt,desde,es,desde,transparent
pt,desejar,es,desear,altered
pt,desejo,es,deseo,altered
pt,desejoso,es,deseoso,altered
pt,desejável,es,deseable,altered
pt,desembarcar,es,desembarcar,transparent
pt,desembarque,es,desembarco,altered
pt,desembocadura,es,desembocadura,transparent
pt,desembocar,es,desembocar,transparent
pt,desempenhar,es,desempeñar,altered
pt,desempenho,es,desempeño,altered
pt,desempregar,es,desempleado,altered
pt,desemprego,es,desempleo,transparent
pt,desencadear,es,desencadenar,altered
pt,desenho,es,diseño,altered
pt,desenterrar,es,desenterrar,transparent
pt,desenvolvedor,es,desarrollador,altered
pt,desenvolver,es,desarrollar,altered
pt,desenvolvido,es,desarrollado,altered
pt,desenvolvimento,es,desarrollo,altered
pt,desequilibrar,es,desequilibrar,transparent
pt,desequilíbrio,es,desequilibrio,transparent
pt,desertar,es,desertar,transparent
pt,deserto,es,desierto,altered
pt,desertor,es,desertor,transparent
pt,deserção,es,deserción,transparent
pt,desesperança,es,desesperanza,transparent
pt,desesperar,es,desesperado,transparent
pt,desestabilizar,es,desestabilizar,transparent
pt,desfalecer,es,desfallecer,altered
pt,desfavorecer,es,desfavorecer,transparent
pt,desfavorável,es,desfavorable,transparent
pt,desfazer,es,deshacer,altered
pt,desfigurar,es,desfigurar,transparent
pt,desfilar,es,desfilar,transparent
pt,desfile,es,desfile,transparent
pt,desflorestação,es,deforestación,altered
pt,desfrutar,es,disfrutar,transparent
pt,desfrute,es,disfrute,altered
pt,desgarrar,es,desgarrar,transparent
pt,desgastar,es,desgastar,transparent
pt,desgaste,es,desgaste,transparent
pt,desgostar,es,disgustar,altered
pt,desgosto,es,disgusto,altered
pt,desgraçadamente,es,desgraciadamente,altered
pt,desgraçar,es,desgracia,transparent
pt,desidratar,es,deshidratar,transparent
pt,design,es,diseño,altered
pt,designar,es,designar,transparent
pt,designação,es,designación,transparent
pt,designer,es,diseñador,transparent
pt,desigual,es,desigual,transparent
pt,desigualdade,es,desigualdad,transparent
pt,desilusão,es,desilusión,altered
pt,desinformação,es,desinformación,transparent
pt,desintegrar,es,desintegrar,transparent
pt,desintegração,es,desintegración,transparent
pt,desinteressar,es,desinteresar,transparent
pt,desinteresse,es,desinterés,altered
pt,desistir,es,desistir,transparent
pt,desjejum,es,desayuno,altered
pt,desleal,es,desleal,transparent
pt,desligar,es,desligar,transparent
pt,deslizamento,es,deslizamiento,transparent
pt,deslizar,es,deslizar,transparent
pt,deslocar,es,desplazar,altered
pt,deslumbrante,es,deslumbrante,transparent
pt,deslumbrar,es,deslumbrar,transparent
pt,desmaiar,es,desmayar,altered
pt,desmaio,es,desmayo,altered
pt,desmantelar,es,desmantelar,transparent
pt,desmascarar,es,desenmascarar,altered
pt,desmentir,es,desmentir,transparent
pt,desmontar,es,desmontar,transparent
pt,desmoronar,es,desmoronar,transparent
pt,desnudar,es,desnudar,transparent
pt,desnudo,es,desnudo,transparent
pt,desnutrição,es,desnutrición,transparent
pt,desobedecer,es,desobedecer,transparent
pt,desobediência,es,desobediencia,transparent
pt,desocupar,es,desocupar,transparent
pt,desodorizante,es,desodorante,altered
pt,desonesto,es,deshonesto,altered
pt,desordem,es,desorden,transparent
pt,desorientar,es,desorientar,transparent
pt,despachar,es,despachar,transparent
pt,despacho,es,despacho,transparent
pt,despedir,es,despedir,transparent
pt,despejar,es,despejar,transparent
pt,despensa,es,despensa,transparent
pt,despentear,es,despeinar,altered
pt,despercebido,es,desapercibido,altered
pt,desperdiçar,es,desperdiciar,altered
pt,desperdício,es,desperdicio,transparent
pt,despertador,es,despertador,transparent
pt,despertar,es,despertar,transparent
pt,despistar,es,despistado,transparent
pt,despojar,es,despojar,transparent
pt,despojo,es,despojo,transparent
pt,desportista,es,deportista,altered
pt,desportivo,es,deportivo,transparent
pt,desporto,es,deporte,altered
pt,desprender,es,desprender,transparent
pt,desprezar,es,despreciar,altered
pt,desprezo,es,desprecio,altered
pt,desprezável,es,despreciable,altered
pt,desqualificar,es,descalificar,altered
pt,destacamento,es,destacamento,transparent
pt,destacar,es,destacar,transparent
pt,destacável,es,destacable,altered
pt,destapar,es,destapar,transparent
pt,destaque,es,destacar,transparent
pt,desterrar,es,desterrar,transparent
pt,destilar,es,destilar,transparent
pt,destinar,es,destinar,transparent
pt,destinatário,es,destinatario,transparent
pt,destino,es,destino,transparent
pt,destituir,es,destituir,transparent
pt,destituição,es,destitución,transparent
pt,destreza,es,destreza,transparent
pt,destro,es,diestra,altered
pt,destroçar,es,destrozar,transparent
pt,destroço,es,destrozo,altered
pt,destruir,es,destruir,transparent
pt,destruição,es,destrucción,altered
pt,destrutivo,es,destructivo,altered
pt,destrutor,es,destructor,altered
pt,desuso,es,desuso,transparent
pt,desvalorizar,es,devaluar,altered
pt,desvanecer,es,desvanecer,transparent
pt,desvantagem,es,desventaja,transparent
pt,desvelar,es,desvelar,transparent
pt,desviar,es,desviar,transparent
pt,desvio,es,desvío,transparent
pt,desvirtuar,es,desvirtuar,transparent
pt,desértico,es,desértico,transparent
pt,detalhadamente,es,detalladamente,transparent
pt,detalhar,es,detallar,transparent
pt,detalhe,es,detalle,altered
pt,detectar,es,detectar,transparent
pt,detective,es,detective,transparent
pt,detector,es,detector,transparent
pt,detecção,es,detección,transparent
pt,detenção,es,detención,transparent
pt,deter,es,detener,altered
pt,detergente,es,detergente,transparent
pt,deteriorar,es,deteriorar,transparent
pt,determinante,es,determinante,transparent
pt,determinar,es,determinar,transparent
pt,determinação,es,determinación,altered
pt,detestar,es,detestar,transparent
pt,detidamente,es,detenidamente,altered
pt,detido,es,detenido,transparent
pt,detonar,es,detonar,transparent
pt,detrator,es,detractor,altered
pt,detrimento,es,detrimento,transparent
pt,detrás,es,detrás,transparent
pt,deus,es,dios,altered
pt,devastador,es,devastador,transparent
pt,devastar,es,devastar,transparent
pt,devastação,es,devastación,transparent
pt,devedor,es,deudor,altered
pt,dever,es,deber,transparent
pt,devidamente,es,debidamente,altered
pt,devir,es,devenir,altered
pt,devolução,es,devolución,transparent
pt,devolver,es,devolver,transparent
pt,devorar,es,devorar,transparent
pt,devoto,es,devoto,transparent
pt,devoção,es,devoción,transparent
pt,dez,es,diez,altered
pt,dezembro,es,diciembre,altered
pt,dezena,es,decena,altered
pt,dezenove,es,diecinueve,altered
pt,dezesseis,es,dieciséis,altered
pt,dezessete,es,diecisiete,altered
pt,dia,es,día,transparent
pt,diabetes,es,diabetes,transparent
pt,diabo,es,diablo,altered
pt,diabético,es,diabético,transparent
pt,diabólico,es,diabólico,transparent
pt,diagnosticar,es,diagnosticar,transparent
pt,diagnóstico,es,diagnóstico,transparent
pt,diagonal,es,diagonal,transparent
pt,diagrama,es,diagrama,transparent
pt,dialeto,es,dialecto,altered
pt,dialogar,es,dialogar,transparent
pt,dialética,es,dialéctica,altered
pt,diamante,es,diamante,transparent
pt,diante,es,delante,altered
pt,dianteiro,es,delantero,altered
pt,diariamente,es,diariamente,transparent
pt,diarreia,es,diarrea,altered
pt,dicionário,es,diccionario,altered
pt,didática,es,didáctica,transparent
pt,didático,es,didáctico,transparent
pt,diesel,es,diesel,transparent
pt,dieta,es,dieta,transparent
pt,difamar,es,difamar,transparent
pt,difamação,es,difamación,transparent
pt,diferencial,es,diferencial,transparent
pt,diferenciar,es,diferenciar,transparent
pt,diferenciação,es,diferenciación,transparent
pt,diferente,es,diferente,transparent
pt,diferençar,es,diferencia,transparent
pt,diferir,es,diferir,transparent
pt,dificilmente,es,difícilmente,transparent
pt,dificuldade,es,dificultad,transparent
pt,dificultar,es,dificultar,transparent
pt,difundir,es,difundir,transparent
pt,difunto,es,difunto,transparent
pt,difuso,es,difuso,transparent
pt,difusão,es,difusión,transparent
pt,difícil,es,difícil,transparent
pt,digerir,es,digerir,transparent
pt,digestivo,es,digestivo,transparent
pt,digestão,es,digestión,transparent
pt,digital,es,digital,transparent
pt,dignar,es,dignar,transparent
pt,dignidade,es,dignidad,altered
pt,digno,es,digno,transparent
pt,dije,es,dije,transparent
pt,dilatar,es,dilatar,transparent
pt,dilação,es,dilación,transparent
pt,dilema,es,dilema,transparent
pt,diligência,es,diligencia,transparent
pt,diluir,es,diluir,transparent
pt,dilúvio,es,diluvio,transparent
pt,dimensionar,es,dimensionar,transparent
pt,dimensão,es,dimensión,altered
pt,diminuir,es,disminuir,transparent
pt,diminuição,es,disminución,altered
pt,diminuto,es,diminuto,transparent
pt,dinamarca,es,dinamarca,transparent
pt,dinamarquês,es,danés,altered
pt,dinamismo,es,dinamismo,transparent
pt,dinamite,es,dinamita,transparent
pt,dinar,es,dinar,transparent
pt,dinastia,es,dinastía,transparent
pt,dinheiro,es,dinero,altered
pt,dinossauro,es,dinosaurio,altered
pt,dinâmico,es,dinámica,transparent
pt,diocesano,es,diocesano,transparent
pt,diocese,es,diócesis,altered
pt,diplomacia,es,diplomacia,transparent
pt,diplomar,es,diploma,transparent
pt,diplomático,es,diplomático,transparent
pt,dique,es,dique,transparent
pt,direccionar,es,direccionar,transparent
pt,directivo,es,directivo,transparent
pt,director,es,director,transparent
pt,directriz,es,directriz,transparent
pt,direcção,es,dirección,transparent
pt,direitista,es,derechista,altered
pt,direito,es,derecho,altered
pt,direta,es,directo,transparent
pt,diretamente,es,directamente,transparent
pt,diretiva,es,directiva,transparent
pt,direto,es,directo,altered
pt,diretor,es,director,altered
pt,diretório,es,directorio,transparent
pt,direção,es,dirección,transparent
pt,dirigente,es,dirigente,transparent
pt,dirigir,es,dirigir,transparent
pt,dirigível,es,dirigible,transparent
pt,discernir,es,discernir,transparent
pt,disciplinar,es,disciplina,transparent
pt,disco,es,disco,transparent
pt,discográfico,es,discográfica,transparent
pt,discorrer,es,discurrir,altered
pt,discoteca,es,discoteca,transparent
pt,discrepância,es,discrepancia,transparent
pt,discreto,es,discreto,transparent
pt,discriminar,es,discriminar,transparent
pt,discriminatório,es,discriminatorio,transparent
pt,discriminação,es,discriminación,transparent
pt,discrição,es,discreción,altered
pt,discurso,es,discurso,transparent
pt,discussão,es,discusión,transparent
pt,discutir,es,discutir,transparent
pt,discutível,es,discutible,transparent
pt,discípulo,es,discípulo,transparent
pt,discórdia,es,discordia,transparent
pt,disfarce,es,disfraz,altered
pt,disfarçar,es,disfrazar,altered
pt,disfunção,es,disfunción,transparent
pt,disparar,es,disparar,transparent
pt,disparate,es,disparate,transparent
pt,disparo,es,disparo,transparent
pt,dispersar,es,dispersar,transparent
pt,disperso,es,disperso,transparent
pt,dispersão,es,dispersión,transparent
pt,disponibilidade,es,disponibilidad,transparent
pt,disponível,es,disponible,transparent
pt,dispor,es,disponer,altered
pt,dispositivo,es,dispositivo,transparent
pt,disposição,es,disposición,transparent
pt,disposto,es,disponer,altered
pt,disputar,es,disputa,transparent
pt,disseminar,es,diseminar,transparent
pt,dissidente,es,disidente,altered
pt,dissidência,es,disidencia,transparent
pt,dissimular,es,disimular,altered
pt,dissipar,es,disipar,altered
pt,dissolução,es,disolución,transparent
pt,dissolver,es,disolver,altered
pt,dissuadir,es,disuadir,altered
pt,distanciar,es,distanciar,transparent
pt,distante,es,distante,transparent
pt,distar,es,distar,transparent
pt,distinguir,es,distinguir,transparent
pt,distintivo,es,distintivo,transparent
pt,distinto,es,distinto,transparent
pt,distinção,es,distinción,transparent
pt,distorção,es,distorsión,transparent
pt,distrair,es,distraer,altered
pt,distração,es,distracción,transparent
pt,distribuidor,es,distribuidor,transparent
pt,distribuir,es,distribuir,transparent
pt,distribuição,es,distribución,transparent
pt,distrital,es,distrital,transparent
pt,distrito,es,distrito,transparent
pt,distância,es,distancia,transparent
pt,distúrbio,es,disturbio,altered
pt,ditador,es,dictador,altered
pt,ditadura,es,dictadura,altered
pt,ditame,es,dictamen,altered
pt,ditar,es,dictar,altered
pt,ditatorial,es,dictatorial,altered
pt,diurno,es,diurno,transparent
pt,divergente,es,divergente,transparent
pt,divergência,es,divergencia,transparent
pt,diversidade,es,diversidad,transparent
pt,diversificar,es,diversificar,transparent
pt,diversificação,es,diversificación,transparent
pt,diverso,es,diverso,transparent
pt,diversão,es,diversión,transparent
pt,divertir,es,divertir,transparent
pt,dividendo,es,dividendo,transparent
pt,dividir,es,dividir,transparent
pt,divinamente,es,divinamente,transparent
pt,divino,es,divino,transparent
pt,divisão,es,división,transparent
pt,divo,es,diva,transparent
pt,divorciar,es,divorciado,transparent
pt,divulgar,es,divulgar,transparent
pt,divulgação,es,divulgación,transparent
pt,divórcio,es,divorcio,transparent
pt,dizer,es,decir,altered
pt,diálogo,es,diálogo,transparent
pt,diário,es,diario,transparent
pt,diâmetro,es,diámetro,altered
pt,dióxido,es,dióxido,transparent
pt,doação,es,donación,altered
pt,dobragem,es,doblaje,altered
pt,dobrar,es,doblar,transparent
pt,dobro,es,doble,altered
pt,doce,es,dulce,altered
pt,docente,es,docente,transparent
pt,documental,es,documental,transparent
pt,documentar,es,documentar,transparent
pt,documentação,es,documentación,transparent
pt,documento,es,documento,transparent
pt,documentário,es,documental,transparent
pt,docência,es,docencia,transparent
pt,doente,es,doliente,altered
pt,doença,es,dolencia,altered
pt,doer,es,doler,altered
pt,dogma,es,dogma,transparent
pt,dois,es,dos,altered
pt,dolorido,es,dolorido,transparent
pt,doloroso,es,doloroso,transparent
pt,dom,es,don,altered
pt,domar,es,domar,transparent
pt,domesticar,es,domesticar,transparent
pt,domiciliário,es,domiciliario,transparent
pt,domicílio,es,domicilio,transparent
pt,dominante,es,dominante,transparent
pt,dominar,es,dominar,transparent
pt,dominação,es,dominación,transparent
pt,domingo,es,domingo,transparent
pt,dominical,es,dominical,transparent
pt,dominicano,es,dominicano,transparent
pt,dominó,es,dominó,transparent
pt,domo,es,domo,transparent
pt,doméstico,es,doméstico,transparent
pt,domínio,es,dominio,transparent
pt,donativo,es,donativo,transparent
pt,donde,es,dónde,transparent
pt,dono,es,dueño,altered
pt,donzel,es,doncella,altered
pt,dor,es,dolor,altered
pt,dormente,es,durmiente,altered
pt,dormir,es,dormir,transparent
pt,dormitório,es,dormitorio,transparent
pt,dorsal,es,dorsal,transparent
pt,dorso,es,dorso,transparent
pt,dose,es,dosis,altered
pt,dotar,es,dotar,transparent
pt,dotação,es,dotación,transparent
pt,dote,es,dote,transparent
pt,dourar,es,dorado,altered
pt,doutor,es,doctor,altered
pt,doutoral,es,doctoral,altered
pt,doutorar,es,doctorar,altered
pt,doutrinar,es,doctrina,transparent
pt,doze,es,doce,altered
pt,doçura,es,dulzura,altered
pt,dragão,es,dragón,altered
pt,drama,es,drama,transparent
pt,dramaturgo,es,dramaturgo,transparent
pt,dramático,es,dramática,transparent
pt,drasticamente,es,drásticamente,transparent
pt,drenagem,es,drenaje,altered
pt,drenar,es,drenar,transparent
pt,driver,es,driver,transparent
pt,drogar,es,droga,transparent
pt,drone,es,dron,altered
pt,drácula,es,drácula,transparent
pt,drástico,es,drástico,transparent
pt,dual,es,dual,transparent
pt,dualidade,es,dualidad,transparent
pt,dublin,es,dublín,transparent
pt,ducado,es,ducado,transparent
pt,duchar,es,duchar,transparent
pt,duche,es,ducha,altered
pt,duelar,es,duela,transparent
pt,duelo,es,duelo,transparent
pt,duna,es,duna,transparent
pt,duo,es,dúo,transparent
pt,duplamente,es,doblemente,altered
pt,duplicar,es,duplicar,transparent
pt,duplo,es,duplo,transparent
pt,duque,es,duque,transparent
pt,duradouro,es,duradero,altered
pt,duramente,es,duramente,transparent
pt,durante,es,durante,transparent
pt,durar,es,durar,transparent
pt,duração,es,duración,transparent
pt,dureza,es,dureza,transparent
pt,duro,es,duro,transparent
pt,duvidar,es,dudar,altered
pt,duvidoso,es,dudoso,altered
pt,duzentos,es,doscientos,altered
pt,débil,es,débil,transparent
pt,débito,es,débito,transparent
pt,década,es,década,transparent
pt,décimo,es,décima,transparent
pt,déficit,es,déficit,transparent
pt,dígito,es,dígito,transparent
pt,dívida,es,deuda,altered
pt,dói,es,doler,altered
pt,dólar,es,dólar,transparent
pt,dúvida,es,duda,altered
pt,eclesiástico,es,eclesiástico,transparent
pt,eclipsar,es,eclipsar,transparent
pt,eclipse,es,eclipse,transparent
pt,eco,es,eco,transparent
pt,ecologia,es,ecología,transparent
pt,ecologista,es,ecologista,transparent
pt,ecológico,es,ecológico,transparent
pt,economia,es,economía,transparent
pt,economicamente,es,económicamente,transparent
pt,economista,es,economista,transparent
pt,económico,es,económico,transparent
pt,econômico,es,económico,altered
pt,ecossistema,es,ecosistema,altered
pt,edificar,es,edificar,transparent
pt,edificação,es,edificación,transparent
pt,edifício,es,edificio,altered
pt,edil,es,edil,transparent
pt,editar,es,editar,transparent
pt,editor,es,editor,transparent
pt,editorial,es,editorial,transparent
pt,edição,es,edición,transparent
pt,educacional,es,educacional,transparent
pt,educador,es,educador,transparent
pt,educar,es,educar,transparent
pt,educativo,es,educativo,transparent
pt,educação,es,educación,altered
pt,efectuar,es,efectuar,transparent
pt,efeito,es,efecto,altered
pt,efetivamente,es,efectivamente,altered
pt,efetividade,es,efectividad,transparent
pt,efetivo,es,efectivo,altered
pt,eficaz,es,eficaz,transparent
pt,eficazmente,es,eficazmente,transparent
pt,eficiente,es,eficiente,transparent
pt,eficiência,es,eficiencia,transparent
pt,eficácia,es,eficacia,transparent
pt,efusão,es,efusión,transparent
pt,efémero,es,efímero,altered
pt,egito,es,egipto,altered
pt,ego,es,ego,transparent
pt,egoísmo,es,egoísmo,transparent
pt,egoísta,es,egoísta,transparent
pt,egresso,es,egreso,transparent
pt,egípcio,es,egipcio,altered
pt,elaborar,es,elaborar,transparent
pt,elaboração,es,elaboración,transparent
pt,elasticidade,es,elasticidad,transparent
pt,elder,es,élder,transparent
pt,ele,es,él,transparent
pt,electricidade,es,electricidad,transparent
pt,electrónico,es,electrónica,transparent
pt,elefante,es,elefante,transparent
pt,elegante,es,elegante,transparent
pt,eleger,es,elegir,altered
pt,elegia,es,elegía,altered
pt,elegância,es,elegancia,altered
pt,elegível,es,elegible,altered
pt,eleito,es,elegido,altered
pt,eleitor,es,elector,altered
pt,eleitorado,es,electorado,altered
pt,eleitoral,es,electoral,altered
pt,eleição,es,elección,altered
pt,elemental,es,elemental,transparent
pt,elemento,es,elemento,transparent
pt,elenco,es,elenco,transparent
pt,eletricista,es,electricista,altered
pt,eletro,es,electro,transparent
pt,eletrodo,es,electrodo,transparent
pt,eletrodoméstico,es,electrodoméstico,altered
pt,eletromagnético,es,electromagnético,transparent
pt,eletrónico,es,electrónico,transparent
pt,eletrônico,es,electrónico,altered
pt,elevador,es,elevador,transparent
pt,elevar,es,elevar,transparent
pt,elevação,es,elevación,transparent
pt,elfo,es,elfo,transparent
pt,eliminar,es,eliminar,transparent
pt,eliminatório,es,eliminatoria,transparent
pt,eliminação,es,eliminación,transparent
pt,elite,es,élite,transparent
pt,elogiar,es,elogiar,transparent
pt,elogio,es,elogio,transparent
pt,eloqüente,es,elocuente,transparent
pt,elástico,es,elástico,transparent
pt,elétrico,es,eléctrico,altered
pt,elétron,es,electrón,transparent
pt,email,es,email,transparent
pt,emanar,es,emanar,transparent
pt,emancipação,es,emancipación,transparent
pt,embaixador,es,embajador,altered
pt,embalagem,es,embalaje,transparent
pt,embaraçar,es,embarazar,transparent
pt,embaraço,es,embarazo,transparent
pt,embaraçoso,es,embarazoso,transparent
pt,embarcar,es,embarcar,transparent
pt,embarcação,es,embarcación,transparent
pt,embargar,es,embargar,transparent
pt,embargo,es,embargo,transparent
pt,embarque,es,embarque,transparent
pt,emblemar,es,emblema,transparent
pt,emblemático,es,emblemático,transparent
pt,emboscar,es,emboscada,transparent
pt,embriagar,es,embriagar,transparent
pt,embrião,es,embrión,altered
pt,embusteiro,es,embustero,altered
pt,embutir,es,embutido,transparent
pt,emendar,es,enmienda,altered
pt,emergente,es,emergente,transparent
pt,emergir,es,emerger,transparent
pt,emergência,es,emergencia,transparent
pt,emigrante,es,emigrante,transparent
pt,emigrar,es,emigrar,transparent
pt,emigração,es,emigración,altered
pt,eminente,es,eminente,transparent
pt,eminência,es,eminencia,transparent
pt,emir,es,emir,transparent
pt,emirado,es,emirato,altered
pt,emissor,es,emisora,altered
pt,emissão,es,emisión,transparent
pt,emitir,es,emitir,transparent
pt,emocional,es,emocional,transparent
pt,emocionalmente,es,emocionalmente,transparent
pt,emocionante,es,emocionante,transparent
pt,emocionar,es,emocionar,transparent
pt,emotivo,es,emotivo,transparent
pt,emoção,es,emoción,transparent
pt,empacar,es,empacar,transparent
pt,empacotamento,es,empaque,altered
pt,empacotar,es,empaquetar,altered
pt,empalidecer,es,palidecer,altered
pt,empanar,es,empanada,transparent
pt,empate,es,empate,transparent
pt,empatia,es,empatía,altered
pt,empenhar,es,empeñar,altered
pt,empenho,es,empeño,altered
pt,empinar,es,empinar,transparent
pt,emplacamento,es,emplazamiento,altered
pt,empobrecer,es,empobrecer,transparent
pt,empoderamento,es,empoderamiento,transparent
pt,empoderar,es,empoderar,transparent
pt,empreendedor,es,emprendedor,altered
pt,empreender,es,emprender,altered
pt,empreendimento,es,emprendimiento,altered
pt,empregador,es,empleador,altered
pt,empregar,es,empleado,altered
pt,emprego,es,empleo,altered
pt,empresar,es,empresa,transparent
pt,empresarial,es,empresarial,transparent
pt,empresário,es,empresario,transparent
pt,empréstimo,es,préstamo,altered
pt,empurrar,es,empujar,altered
pt,empurrão,es,empujón,altered
pt,empírico,es,empírico,transparent
pt,emular,es,emular,transparent
pt,emérito,es,emérito,transparent
pt,enamorar,es,enamorar,transparent
pt,encabeçar,es,encabezar,altered
pt,encadear,es,encadenado,altered
pt,encadernação,es,encuadernar,altered
pt,encaixar,es,encajar,altered
pt,encaixe,es,encaje,altered
pt,encaminhar,es,encaminar,altered
pt,encantador,es,encantador,transparent
pt,encantar,es,encantar,transparent
pt,encanto,es,encanto,transparent
pt,encarar,es,encarar,transparent
pt,encarecer,es,encarecer,transparent
pt,encarnar,es,encarnar,transparent
pt,encarnação,es,encarnación,transparent
pt,encarregar,es,encargado,altered
pt,encarrego,es,encargo,transparent
pt,encerramento,es,cierre,altered
pt,encerrar,es,encerrar,transparent
pt,encher,es,llenarse,altered
pt,enciclopédia,es,enciclopedia,transparent
pt,enclave,es,enclave,transparent
pt,encobrimento,es,encubrimiento,altered
pt,encolher,es,encoger,altered
pt,encomendar,es,encomendar,transparent
pt,encontrar,es,encontrar,transparent
pt,encontro,es,encuentro,altered
pt,encriptar,es,encriptar,transparent
pt,endereço,es,enderezar,altered
pt,endireitar,es,enderezar,altered
pt,endividamento,es,endeudamiento,altered
pt,endividar,es,endeudar,altered
pt,endurecer,es,endurecer,transparent
pt,endémico,es,endémico,transparent
pt,energia,es,energía,transparent
pt,energético,es,energética,transparent
pt,enfado,es,enfado,transparent
pt,enfarte,es,infarto,altered
pt,enfatizar,es,enfatizar,transparent
pt,enfermaria,es,enfermería,altered
pt,enfermeiro,es,enfermero,transparent
pt,enfermidade,es,enfermedad,altered
pt,enfermo,es,enfermo,transparent
pt,enfocar,es,enfocar,transparent
pt,enfoque,es,enfoque,transparent
pt,enforcar,es,ahorcado,altered
pt,enfrentamento,es,enfrentamiento,transparent
pt,enfrentar,es,enfrentar,transparent
pt,enfurecer,es,enfurecer,transparent
pt,enganar,es,engañar,altered
pt,enganchar,es,enganchar,transparent
pt,engano,es,engaño,transparent
pt,enganoso,es,engañoso,altered
pt,engate,es,enganche,altered
pt,engendrar,es,engendrar,transparent
pt,engenharia,es,ingeniería,altered
pt,engenheiro,es,ingeniero,altered
pt,engenho,es,ingenio,altered
pt,engenhoso,es,ingenioso,altered
pt,englobar,es,englobar,transparent
pt,engolir,es,engullir,altered
pt,engordar,es,engordar,transparent
pt,engraçar,es,gracioso,altered
pt,engrenagem,es,engranaje,altered
pt,enguia,es,anguila,altered
pt,enigmar,es,enigma,transparent
pt,enigmático,es,enigmático,transparent
pt,enlace,es,enlace,transparent
pt,enlouquecer,es,enloquecer,transparent
pt,enojo,es,enojo,transparent
pt,enorme,es,enorme,transparent
pt,enormemente,es,enormemente,transparent
pt,enquete,es,encuesta,altered
pt,enredar,es,enredar,transparent
pt,enredo,es,enredo,transparent
pt,enriquecer,es,enriquecer,transparent
pt,enriquecimento,es,enriquecimiento,transparent
pt,enrolar,es,enrollar,altered
pt,enrugar,es,arrugar,altered
pt,ensaboar,es,jabonar,transparent
pt,ensaiar,es,ensayar,altered
pt,ensaio,es,ensayo,transparent
pt,enseada,es,ensenada,transparent
pt,ensinar,es,enseñar,altered
pt,ente,es,ente,transparent
pt,entender,es,entender,transparent
pt,entendido,es,entendido,transparent
pt,entendimento,es,entendimiento,transparent
pt,entendível,es,entendible,transparent
pt,enterrar,es,enterrar,transparent
pt,enterro,es,entierro,altered
pt,entidade,es,entidad,transparent
pt,entoar,es,entonar,altered
pt,entornar,es,entorno,transparent
pt,entorpecer,es,entorpecer,transparent
pt,entrante,es,entrante,transparent
pt,entrar,es,entrar,transparent
pt,entravar,es,entrabar,altered
pt,entre,es,entre,transparent
pt,entregar,es,entregar,transparent
pt,entregue,es,entregar,transparent
pt,entretanto,es,entretanto,transparent
pt,entretenimento,es,entretenimiento,transparent
pt,entreter,es,entretener,transparent
pt,entretido,es,entretenido,altered
pt,entrevistador,es,entrevistador,transparent
pt,entrevistar,es,entrevistar,transparent
pt,entristecer,es,entristecer,transparent
pt,entropia,es,entropía,transparent
pt,entusiasmar,es,entusiasmar,transparent
pt,entusiasmo,es,entusiasmo,transparent
pt,entusiasta,es,entusiasta,transparent
pt,então,es,entonces,altered
pt,enumerar,es,enumerar,transparent
pt,enunciar,es,enunciado,transparent
pt,envelhecer,es,envejecer,altered
pt,envelhecimento,es,envejecimiento,transparent
pt,envenenamento,es,envenenamiento,transparent
pt,envenenar,es,envenenar,transparent
pt,envergadura,es,envergadura,transparent
pt,envergonhar,es,avergonzar,altered
pt,enviar,es,enviar,transparent
pt,envio,es,envío,transparent
pt,envolver,es,involucrar,altered
pt,envolvido,es,envolver,altered
pt,enxame,es,enjambre,altered
pt,enxerto,es,injerto,altered
pt,enxofre,es,azufre,altered
pt,enzima,es,enzima,transparent
pt,enérgico,es,enérgico,transparent
pt,epicentro,es,epicentro,transparent
pt,epidemiar,es,epidemia,transparent
pt,epilepsia,es,epilepsia,transparent
pt,episcopal,es,episcopal,transparent
pt,episódio,es,episodio,transparent
pt,epístola,es,epístola,transparent
pt,epíteto,es,epíteto,transparent
pt,equador,es,ecuador,altered
pt,equatorial,es,ecuatorial,altered
pt,equatoriano,es,ecuatoriano,altered
pt,equação,es,ecuación,altered
pt,equidade,es,equidad,transparent
pt,equilibrar,es,equilibrar,transparent
pt,equilíbrio,es,equilibrio,transparent
pt,equipagem,es,equipaje,altered
pt,equipamento,es,equipamiento,altered
pt,equipar,es,equipado,transparent
pt,equiparar,es,equiparar,transparent
pt,equiparável,es,equiparable,transparent
pt,equitativo,es,equitativo,transparent
pt,equivalente,es,equivalente,transparent
pt,equivaler,es,equivaler,transparent
pt,equivalência,es,equivalencia,transparent
pt,equivocar,es,equivocar,transparent
pt,erevan,es,ereván,altered
pt,ereção,es,erección,altered
pt,erguer,es,erguir,altered
pt,erigir,es,erigir,transparent
pt,ermida,es,ermita,altered
pt,erosão,es,erosión,transparent
pt,erradicar,es,erradicar,transparent
pt,erradicação,es,erradicación,transparent
pt,errante,es,errante,transparent
pt,errar,es,errar,transparent
pt,erro,es,error,transparent
pt,erroneamente,es,erróneamente,transparent
pt,erróneo,es,erróneo,transparent
pt,erudito,es,erudito,transparent
pt,erupção,es,erupción,transparent
pt,erva,es,hierba,altered
pt,erário,es,erario,transparent
pt,erótico,es,erótico,transparent
pt,escada,es,escalera,altered
pt,escadaria,es,escalinata,altered
pt,escalar,es,escala,transparent
pt,escalonar,es,escalonar,transparent
pt,escamar,es,escama,transparent
pt,escandalizar,es,escandalizar,transparent
pt,escandaloso,es,escandaloso,transparent
pt,escandinavo,es,escandinavo,transparent
pt,escanear,es,escanear,transparent
pt,escapar,es,escapar,transparent
pt,escape,es,escape,transparent
pt,escarafunchar,es,escarbar,altered
pt,escaravelho,es,escarabajo,altered
pt,escassamente,es,escasamente,altered
pt,escassear,es,escasear,altered
pt,escassez,es,escasez,altered
pt,escasso,es,escaso,transparent
pt,escavação,es,excavación,altered
pt,esclarecer,es,esclarecer,transparent
pt,escocês,es,escocés,transparent
pt,escola,es,escuela,altered
pt,escolar,es,escolar,transparent
pt,escolher,es,escoger,altered
pt,escolhido,es,escoger,altered
pt,escoltar,es,escolta,transparent
pt,escombro,es,escombro,transparent
pt,esconder,es,esconder,transparent
pt,esconderijo,es,escondite,altered
pt,escondido,es,esconder,transparent
pt,escopeta,es,escopeta,transparent
pt,escorpião,es,escorpión,altered
pt,escovar,es,escoba,altered
pt,escravizar,es,esclavizar,altered
pt,escravo,es,esclavo,altered
pt,escrever,es,escribir,altered
pt,escriba,es,escriba,transparent
pt,escrito,es,escrito,transparent
pt,escritor,es,escritor,transparent
pt,escriturar,es,escritura,transparent
pt,escritório,es,escritorio,altered
pt,escrivão,es,escribano,altered
pt,escrutínio,es,escrutinio,transparent
pt,escrúpulo,es,escrúpulo,transparent
pt,escudeiro,es,escudero,altered
pt,escudo,es,escudo,transparent
pt,esculpir,es,esculpir,transparent
pt,escultor,es,escultor,transparent
pt,esculturar,es,escultura,transparent
pt,escurecer,es,oscurecer,altered
pt,escuro,es,oscuro,altered
pt,escusar,es,excusa,altered
pt,escutar,es,escuchar,altered
pt,escândalo,es,escándalo,transparent
pt,escória,es,escoria,transparent
pt,esfera,es,esfera,transparent
pt,esforçar,es,esforzar,altered
pt,esforço,es,esfuerzo,altered
pt,esfriamento,es,enfriamiento,altered
pt,esfriar,es,enfriar,altered
pt,esfumar,es,esfumar,transparent
pt,esférico,es,esférico,transparent
pt,esgotamento,es,agotamiento,altered
pt,esgrimir,es,esgrimir,transparent
pt,eslavo,es,eslavo,transparent
pt,eslovaco,es,eslovaco,transparent
pt,esmalte,es,esmalte,transparent
pt,esmeralda,es,esmeralda,transparent
pt,espacial,es,espacial,transparent
pt,espadar,es,espada,transparent
pt,espalhamento,es,esparcimiento,altered
pt,espalhar,es,esparcir,altered
pt,espanha,es,españa,transparent
pt,espanhol,es,español,altered
pt,espantar,es,espantar,transparent
pt,espanto,es,espanto,transparent
pt,espantoso,es,espantoso,transparent
pt,esparramar,es,esparcir,altered
pt,espaço,es,espacio,altered
pt,espaçoso,es,espacioso,altered
pt,especial,es,especial,transparent
pt,especialidade,es,especialidad,transparent
pt,especialista,es,especialista,transparent
pt,especializar,es,especializar,transparent
pt,especialização,es,especialización,transparent
pt,especialmente,es,especialmente,transparent
pt,especificamente,es,específicamente,transparent
pt,especificar,es,especificar,transparent
pt,especificação,es,especificación,transparent
pt,espectador,es,espectador,transparent
pt,espectro,es,espectro,transparent
pt,especulador,es,especulador,transparent
pt,especular,es,especular,transparent
pt,especulativo,es,especulativo,transparent
pt,especulação,es,especulación,transparent
pt,específico,es,específico,transparent
pt,espelho,es,espejo,altered
pt,esperançar,es,esperanza,transparent
pt,esperar,es,esperar,transparent
pt,esperma,es,esperma,transparent
pt,espesso,es,espeso,transparent
pt,espessura,es,espesor,altered
pt,espetacular,es,espectacular,altered
pt,espetáculo,es,espectáculo,altered
pt,espiar,es,espía,transparent
pt,espinal,es,espinal,transparent
pt,espinhar,es,espina,altered
pt,espinho,es,espino,altered
pt,espinhoso,es,espinoso,altered
pt,espionagem,es,espionaje,altered
pt,espiral,es,espiral,transparent
pt,espiritual,es,espiritual,transparent
pt,espiritualidade,es,espiritualidad,transparent
pt,espiritualmente,es,espiritualmente,transparent
pt,esplanada,es,explanada,altered
pt,esplendor,es,esplendor,transparent
pt,esplêndido,es,espléndido,transparent
pt,esponjar,es,esponja,transparent
pt,esponjoso,es,esponjoso,transparent
pt,espontaneamente,es,espontáneamente,transparent
pt,espontâneo,es,espontáneo,altered
pt,esporádico,es,esporádico,transparent
pt,esposo,es,esposo,transparent
pt,espumar,es,espuma,transparent
pt,espumoso,es,espumoso,transparent
pt,espádua,es,espalda,altered
pt,espécie,es,especie,transparent
pt,espírito,es,espíritu,altered
pt,esquadrar,es,escuadra,altered
pt,esquadrão,es,escuadrón,altered
pt,esqueleto,es,esqueleto,transparent
pt,esquema,es,esquema,transparent
pt,esquerdista,es,izquierdista,altered
pt,esquerdo,es,izquierdo,altered
pt,esqui,es,esquí,transparent
pt,esquinar,es,esquina,transparent
pt,esquisito,es,exquisito,altered
pt,esquivar,es,esquivar,transparent
pt,esquizofrenia,es,esquizofrenia,transparent
pt,esse,es,ese,altered
pt,essencial,es,esencial,transparent
pt,essencialmente,es,esencialmente,transparent
pt,essência,es,esencia,altered
pt,estabelecer,es,establecer,altered
pt,estabelecido,es,establecer,altered
pt,estabelecimento,es,establecimiento,altered
pt,estabilidade,es,estabilidad,transparent
pt,estabilizar,es,estabilizar,transparent
pt,estabilização,es,estabilización,transparent
pt,estacar,es,estaca,transparent
pt,estacional,es,estacional,transparent
pt,estacionamento,es,estacionamiento,transparent
pt,estacionar,es,estacionar,transparent
pt,estadia,es,estadía,transparent
pt,estadista,es,estadista,transparent
pt,estadual,es,estatal,altered
pt,estadunidense,es,estadounidense,altered
pt,estalar,es,estallar,altered
pt,estaleiro,es,astillero,altered
pt,estamento,es,estamento,transparent
pt,estampar,es,estampa,transparent
pt,estampido,es,estallido,altered
pt,estancamento,es,estancamiento,transparent
pt,estancar,es,estancar,transparent
pt,estandarte,es,estandarte,transparent
pt,estanque,es,estanque,transparent
pt,estante,es,estante,transparent
pt,estar,es,estar,transparent
pt,estatal,es,estatal,transparent
pt,estatisticamente,es,estadísticamente,transparent
pt,estatura,es,estatura,transparent
pt,estatuto,es,estatuto,transparent
pt,estatístico,es,estadística,altered
pt,estação,es,estación,transparent
pt,este,es,este,transparent
pt,estelar,es,estela,transparent
pt,estender,es,extender,altered
pt,estereótipo,es,estereotipo,transparent
pt,esterilização,es,esterilización,transparent
pt,esteroide,es,esteroide,transparent
pt,esticar,es,estirar,altered
pt,estigma,es,estigma,transparent
pt,estilista,es,estilista,transparent
pt,estilo,es,estilo,transparent
pt,estimar,es,estimar,transparent
pt,estimação,es,estimación,transparent
pt,estimulante,es,estimulante,transparent
pt,estimular,es,estimular,transparent
pt,estimulação,es,estimulación,transparent
pt,estipular,es,estipular,transparent
pt,estorvar,es,estorbar,altered
pt,estradar,es,estrada,transparent
pt,estrago,es,estrago,transparent
pt,estrangeiro,es,extranjero,altered
pt,estrangular,es,estrangular,transparent
pt,estranhamente,es,extrañamente,altered
pt,estranhar,es,extrañar,altered
pt,estranho,es,extraño,altered
pt,estrar,es,estrado,transparent
pt,estratego,es,estratega,transparent
pt,estrato,es,estrato,transparent
pt,estratégia,es,estrategia,transparent
pt,estratégico,es,estratégico,transparent
pt,estrear,es,estrenar,altered
pt,estreitamente,es,estrechamente,altered
pt,estreitar,es,estrechar,altered
pt,estreito,es,estrecho,altered
pt,estrelar,es,estrella,altered
pt,estremecer,es,estremecer,transparent
pt,estremecimento,es,estremecimiento,transparent
pt,estressante,es,estresante,transparent
pt,estressar,es,estresar,transparent
pt,estresse,es,estrés,transparent
pt,estribilho,es,estribillo,altered
pt,estritamente,es,estrictamente,altered
pt,estrito,es,estricto,transparent
pt,estrofe,es,estrofa,altered
pt,estrutural,es,estructural,altered
pt,estruturar,es,estructura,transparent
pt,estudante,es,estudiante,altered
pt,estudantil,es,estudiantil,transparent
pt,estudar,es,estudiar,altered
pt,estudioso,es,estudioso,transparent
pt,estudo,es,estudio,altered
pt,estufar,es,estufa,transparent
pt,estupefato,es,estupefacto,altered
pt,estupendo,es,estupendo,transparent
pt,estupidez,es,estupidez,transparent
pt,estábulo,es,establo,altered
pt,estádio,es,estadio,transparent
pt,estático,es,estática,transparent
pt,estátua,es,estatua,transparent
pt,estável,es,estable,transparent
pt,estância,es,estancia,transparent
pt,estéril,es,estéril,transparent
pt,estético,es,estética,transparent
pt,estímulo,es,estímulo,transparent
pt,estômago,es,estómago,transparent
pt,estúdio,es,estudio,transparent
pt,estúpido,es,estúpido,transparent
pt,eta,es,eta,transparent
pt,etapa,es,etapa,transparent
pt,etcétera,es,etcétera,transparent
pt,eternamente,es,eternamente,transparent
pt,eternidade,es,eternidad,transparent
pt,eterno,es,eterno,transparent
pt,etimologia,es,etimología,transparent
pt,etiquetar,es,etiqueta,transparent
pt,etnia,es,etnia,transparent
pt,eucaristia,es,eucaristía,transparent
pt,eufemismo,es,eufemismo,transparent
pt,euforia,es,euforia,transparent
pt,eugenia,es,eugenia,transparent
pt,euro,es,euro,transparent
pt,eurocopa,es,eurocopa,transparent
pt,europa,es,europa,transparent
pt,europeu,es,europeo,transparent
pt,eurovisão,es,eurovisión,transparent
pt,eutanásia,es,eutanasia,altered
pt,evacuar,es,evacuar,transparent
pt,evacuação,es,evacuación,transparent
pt,evadir,es,evadir,transparent
pt,evangelho,es,evangelio,altered
pt,evangelista,es,evangelista,transparent
pt,evangelização,es,evangelización,transparent
pt,evangélico,es,evangélico,transparent
pt,evaporar,es,evaporar,transparent
pt,evasão,es,evasión,altered
pt,evento,es,evento,transparent
pt,eventual,es,eventual,transparent
pt,eventualmente,es,eventualmente,transparent
pt,evidenciar,es,evidenciar,transparent
pt,evidente,es,evidente,transparent
pt,evidentemente,es,evidentemente,transparent
pt,evidência,es,evidencia,transparent
pt,evitar,es,evitar,transparent
pt,evocar,es,evocar,transparent
pt,evoluir,es,evolucionar,altered
pt,evolutivo,es,evolutivo,transparent
pt,evolução,es,evolución,transparent
pt,ex,es,ex,transparent
pt,ex-ministro,es,exministro,transparent
pt,exagerar,es,exagerar,transparent
pt,exageração,es,exageración,transparent
pt,exaltar,es,exaltado,transparent
pt,exaltação,es,exaltación,transparent
pt,exame,es,examen,transparent
pt,examinador,es,examinador,transparent
pt,examinar,es,examinar,transparent
pt,exatamente,es,exactamente,transparent
pt,exatidão,es,exactitud,altered
pt,exato,es,exacto,altered
pt,exaustivo,es,exhaustivo,altered
pt,exausto,es,exhausto,transparent
pt,excedente,es,excedente,transparent
pt,exceder,es,exceder,transparent
pt,excelente,es,excelente,transparent
pt,excelência,es,excelencia,transparent
pt,excepcional,es,excepcional,transparent
pt,excepcionalmente,es,excepcionalmente,transparent
pt,excessivo,es,excesivo,transparent
pt,excesso,es,exceso,transparent
pt,exceto,es,excepto,altered
pt,exceção,es,excepción,altered
pt,excitante,es,excitante,transparent
pt,excitar,es,excitar,transparent
pt,excitação,es,excitación,transparent
pt,exclamar,es,exclamar,transparent
pt,excluir,es,excluir,transparent
pt,exclusivamente,es,exclusivamente,transparent
pt,exclusividade,es,exclusividad,transparent
pt,exclusivo,es,exclusiva,transparent
pt,exclusão,es,exclusión,transparent
pt,excremento,es,excremento,transparent
pt,excursão,es,excursión,transparent
pt,excêntrico,es,excéntrico,transparent
pt,executar,es,ejecutar,transparent
pt,executivo,es,ejecutivo,altered
pt,executor,es,ejecutor,transparent
pt,execução,es,ejecución,altered
pt,exemplar,es,ejemplar,transparent
pt,exemplificar,es,ejemplificar,transparent
pt,exemplo,es,ejemplo,altered
pt,exercer,es,ejercer,altered
pt,exercitar,es,ejercitar,altered
pt,exercício,es,ejercicio,transparent
pt,exibir,es,exhibir,altered
pt,exibição,es,exhibición,altered
pt,exigente,es,exigente,transparent
pt,exigir,es,exigir,transparent
pt,exigência,es,exigencia,transparent
pt,exilar,es,exiliado,altered
pt,eximir,es,eximir,transparent
pt,existencial,es,existencial,transparent
pt,existente,es,existente,transparent
pt,existir,es,existir,transparent
pt,existência,es,existencia,transparent
pt,exitoso,es,exitoso,transparent
pt,exonerar,es,exonerar,transparent
pt,exortar,es,exhortar,altered
pt,expandir,es,expandir,transparent
pt,expansão,es,expansión,transparent
pt,expectante,es,expectante,transparent
pt,expectativa,es,expectativa,transparent
pt,expediente,es,expediente,transparent
pt,expedir,es,expedir,transparent
pt,expedição,es,expedición,transparent
pt,expensas,es,expensas,transparent
pt,experimental,es,experimental,transparent
pt,experimentar,es,experimentar,transparent
pt,experimentação,es,experimentación,transparent
pt,experimento,es,experimento,transparent
pt,experiência,es,experiencia,transparent
pt,experto,es,experto,transparent
pt,expiar,es,expiar,transparent
pt,expiatório,es,expiatorio,transparent
pt,expiação,es,expiación,transparent
pt,expirar,es,expirar,transparent
pt,explicar,es,explicar,transparent
pt,explicativo,es,explicativo,transparent
pt,explicação,es,explicación,transparent
pt,explodir,es,explosionar,altered
pt,explorador,es,explorador,transparent
pt,explorar,es,explorar,transparent
pt,exploração,es,explotación,altered
pt,explosivo,es,explosivo,transparent
pt,explosão,es,explosión,altered
pt,explícito,es,explícito,transparent
pt,expo,es,expo,transparent
pt,expoente,es,exponente,altered
pt,exponencial,es,exponencial,transparent
pt,expor,es,exponer,altered
pt,exportador,es,exportador,transparent
pt,exportar,es,exportar,transparent
pt,exportação,es,exportación,transparent
pt,expositor,es,expositor,transparent
pt,exposição,es,exposición,altered
pt,exposto,es,exponer,altered
pt,expressar,es,expresar,transparent
pt,expressivo,es,expresivo,transparent
pt,expresso,es,expreso,transparent
pt,expressão,es,expresión,altered
pt,exprimir,es,exprimir,transparent
pt,expropriação,es,expropiación,transparent
pt,expulsar,es,expulsar,transparent
pt,expulsão,es,expulsión,altered
pt,extensamente,es,extensamente,transparent
pt,extensivo,es,extensivo,transparent
pt,extenso,es,extenso,transparent
pt,extensão,es,extensión,altered
pt,exterior,es,exterior,transparent
pt,exterminar,es,exterminar,transparent
pt,extermínio,es,exterminio,transparent
pt,externar,es,externar,transparent
pt,externo,es,externo,transparent
pt,extinguir,es,extinguir,transparent
pt,extinto,es,extinto,transparent
pt,extinção,es,extinción,altered
pt,extorsão,es,extorsión,transparent
pt,extra,es,extra,transparent
pt,extradição,es,extradición,transparent
pt,extrair,es,extraer,altered
pt,extraordinariamente,es,extraordinariamente,transparent
pt,extraordinário,es,extraordinario,transparent
pt,extraterrestre,es,extraterrestre,transparent
pt,extrator,es,extractor,altered
pt,extravagante,es,extravagante,transparent
pt,extraviar,es,extraviar,transparent
pt,extração,es,extracción,altered
pt,extremamente,es,extremadamente,altered
pt,extremar,es,extremar,transparent
pt,extremidade,es,extremidad,transparent
pt,extremista,es,extremista,transparent
pt,extremo,es,extremo,transparent
pt,exército,es,ejército,altered
pt,exílio,es,exilio,transparent
pt,exótico,es,exótico,transparent
pt,eólico,es,eólico,transparent
pt,fabricante,es,fabricante,transparent
pt,fabricar,es,fabricar,transparent
pt,fabricação,es,fabricación,transparent
pt,fabuloso,es,fabuloso,transparent
pt,faca,es,faca,transparent
pt,face,es,faz,altered
pt,fachada,es,fachada,transparent
pt,facial,es,facial,transparent
pt,facilidade,es,facilidad,transparent
pt,facilitar,es,facilitar,transparent
pt,facilmente,es,fácilmente,altered
pt,facto,es,facto,transparent
pt,facturação,es,facturación,transparent
pt,factível,es,factible,transparent
pt,faculdade,es,facultad,altered
pt,facultar,es,facultar,transparent
pt,facultativo,es,facultativo,transparent
pt,facção,es,facción,transparent
pt,fadar,es,hada,altered
pt,fadigar,es,fatiga,altered
pt,faena,es,faena,transparent
pt,faixar,es,faja,altered
pt,fake,es,fake,transparent
pt,falange,es,falange,transparent
pt,falante,es,hablante,altered
pt,falar,es,hablar,altered
pt,falcão,es,halcón,altered
pt,falda,es,falda,transparent
pt,falecer,es,fallecer,transparent
pt,falecido,es,fallecido,transparent
pt,falecimento,es,fallecimiento,altered
pt,falhar,es,fallar,transparent
pt,falo,es,falo,transparent
pt,falsamente,es,falsamente,transparent
pt,falsar,es,falsear,altered
pt,falsear,es,falsar,altered
pt,falsidade,es,falsedad,altered
pt,falsificar,es,falsificar,transparent
pt,falsificação,es,falsificación,transparent
pt,falso,es,falso,transparent
pt,faltante,es,faltante,transparent
pt,faltar,es,falta,transparent
pt,falto,es,falto,transparent
pt,fama,es,fama,transparent
pt,familiar,es,familiar,transparent
pt,familiarizar,es,familiarizar,transparent
pt,faminto,es,hambriento,altered
pt,famoso,es,famoso,transparent
pt,família,es,familia,transparent
pt,fanatismo,es,fanatismo,transparent
pt,fantasiar,es,fantasía,transparent
pt,fantasma,es,fantasma,transparent
pt,fantástico,es,fantástico,transparent
pt,fanático,es,fanático,transparent
pt,faraó,es,faraón,transparent
pt,farinha,es,harina,altered
pt,farmacêutico,es,farmacéutico,transparent
pt,farmácia,es,farmacia,altered
pt,farol,es,faro,altered
pt,farsa,es,farsa,transparent
pt,farto,es,harto,altered
pt,fascinante,es,fascinante,transparent
pt,fascinar,es,fascinar,transparent
pt,fascinação,es,fascinación,transparent
pt,fascismo,es,fascismo,transparent
pt,fascista,es,fascista,transparent
pt,fase,es,fase,transparent
pt,fastidioso,es,fastidioso,transparent
pt,fastio,es,fastidio,altered
pt,fatal,es,fatal,transparent
pt,fator,es,factor,altered
pt,faturar,es,factura,altered
pt,faturação,es,facturación,altered
pt,fauna,es,fauna,transparent
pt,fausto,es,fausto,transparent
pt,favor,es,favor,transparent
pt,favorecer,es,favorecer,transparent
pt,favorito,es,favorito,transparent
pt,favorável,es,favorable,transparent
pt,fax,es,fax,transparent
pt,fazenda,es,hacienda,altered
pt,fazer,es,hacer,altered
pt,façanha,es,hazaña,altered
pt,febre,es,fiebre,altered
pt,federal,es,federal,transparent
pt,federativo,es,federativo,transparent
pt,federação,es,federación,altered
pt,feeling,es,feeling,transparent
pt,feijão,es,fríjol,altered
pt,feio,es,feo,altered
pt,feirar,es,feria,altered
pt,feiticeiro,es,hechicero,altered
pt,feitiço,es,hechizo,altered
pt,feito,es,hecho,altered
pt,feitoria,es,factoría,altered
pt,felicidade,es,felicidad,transparent
pt,felicitar,es,felicitar,transparent
pt,felicitação,es,felicitación,transparent
pt,felino,es,felino,transparent
pt,feliz,es,feliz,transparent
pt,felizmente,es,felizmente,transparent
pt,feminino,es,femenino,transparent
pt,feminismo,es,feminismo,transparent
pt,feminista,es,feminista,transparent
pt,feno,es,heno,altered
pt,fenomenal,es,fenomenal,transparent
pt,fenômeno,es,fenómeno,transparent
pt,feriar,es,feriar,transparent
pt,ferir,es,herida,altered
pt,fermentar,es,fermentar,transparent
pt,fermentação,es,fermentación,transparent
pt,fero,es,fiera,altered
pt,feroz,es,feroz,transparent
pt,ferradura,es,herradura,altered
pt,ferramenta,es,herramienta,altered
pt,ferrar,es,ferrar,transparent
pt,ferreiro,es,herrero,altered
pt,ferro,es,hierro,altered
pt,ferrocarril,es,ferrocarril,transparent
pt,ferrolho,es,cerrojo,altered
pt,ferroviário,es,ferroviario,transparent
pt,ferry,es,ferry,transparent
pt,fertilidade,es,fertilidad,transparent
pt,fertilizante,es,fertilizante,transparent
pt,fervente,es,ferviente,altered
pt,fervor,es,fervor,transparent
pt,festar,es,fiesta,altered
pt,festejar,es,festejar,transparent
pt,festim,es,festín,altered
pt,festival,es,festival,transparent
pt,festividade,es,festividad,transparent
pt,festivo,es,festivo,transparent
pt,fetal,es,fetal,transparent
pt,fetiche,es,fetiche,transparent
pt,feto,es,feto,transparent
pt,feudal,es,feudal,transparent
pt,feudo,es,feudo,transparent
pt,fevereiro,es,febrero,altered
pt,fiabilidade,es,fiabilidad,transparent
pt,fiança,es,fianza,altered
pt,fiar,es,fiar,transparent
pt,fiasco,es,fiasco,transparent
pt,fibra,es,fibra,transparent
pt,fichar,es,ficha,transparent
pt,ficheiro,es,fichero,altered
pt,fictício,es,ficticio,transparent
pt,ficção,es,ficción,transparent
pt,fidalgo,es,hidalgo,altered
pt,fideicomisso,es,fideicomiso,transparent
pt,fidelidade,es,fidelidad,transparent
pt,fiel,es,fiel,transparent
pt,fielmente,es,fielmente,transparent
pt,figo,es,higo,transparent
pt,figueira,es,higuera,altered
pt,figurar,es,figura,transparent
pt,filamento,es,filamento,transparent
pt,filar,es,fila,transparent
pt,filete,es,filete,transparent
pt,filho,es,hijo,altered
pt,filial,es,filial,transparent
pt,filipino,es,filipino,altered
pt,filmagem,es,filmación,altered
pt,filmar,es,filmar,transparent
pt,filme,es,film,altered
pt,filologia,es,filología,transparent
pt,filosofia,es,filosofía,altered
pt,filosófico,es,filosófico,transparent
pt,filtrar,es,filtrar,transparent
pt,filtração,es,filtración,transparent
pt,filtro,es,filtro,transparent
pt,filósofo,es,filósofo,transparent
pt,fim,es,fin,altered
pt,final,es,final,transparent
pt,finalidade,es,finalidad,transparent
pt,finalista,es,finalista,transparent
pt,finalizar,es,finalizar,transparent
pt,finalização,es,finalización,transparent
pt,finalmente,es,finalmente,transparent
pt,financeiro,es,financiero,transparent
pt,financiamento,es,financiamiento,transparent
pt,financiar,es,financiar,transparent
pt,finanças,es,finanzas,transparent
pt,fincar,es,finca,transparent
pt,fingir,es,fingir,transparent
pt,finlandês,es,finlandés,transparent
pt,finlândia,es,finlandia,altered
pt,fino,es,fino,transparent
pt,fio,es,hilo,altered
pt,fiorde,es,fiordo,transparent
pt,firmar,es,firmar,transparent
pt,firme,es,firme,transparent
pt,firmemente,es,firmemente,transparent
pt,firmeza,es,firmeza,transparent
pt,fiscal,es,fiscal,transparent
pt,fiscalização,es,fiscalización,transparent
pt,fisicamente,es,físicamente,altered
pt,fisiologia,es,fisiología,transparent
pt,fisiológico,es,fisiológico,transparent
pt,fivela,es,hebilla,altered
pt,fixamente,es,fijamente,altered
pt,fixar,es,fijar,altered
pt,fixação,es,fijación,altered
pt,fixo,es,fijo,transparent
pt,fiável,es,fiable,transparent
pt,flaco,es,flaco,transparent
pt,flamengo,es,flamenco,altered
pt,flanco,es,flanco,transparent
pt,flautar,es,flauta,transparent
pt,flautista,es,flautista,transparent
pt,flechar,es,flecha,transparent
pt,flexibilidade,es,flexibilidad,altered
pt,flexionar,es,flexionar,transparent
pt,flexível,es,flexible,altered
pt,flor,es,flor,transparent
pt,floral,es,floral,transparent
pt,florentino,es,florentino,transparent
pt,florença,es,florencia,altered
pt,florescer,es,florecer,altered
pt,florestal,es,forestal,altered
pt,florestar,es,floresta,transparent
pt,florir,es,florido,transparent
pt,fluidez,es,fluidez,transparent
pt,fluir,es,fluir,transparent
pt,flutuante,es,flotante,altered
pt,flutuar,es,flotar,altered
pt,flutuação,es,fluctuación,altered
pt,fluvial,es,fluvial,transparent
pt,fluxo,es,flujo,altered
pt,flávio,es,flavio,transparent
pt,fobia,es,fobia,transparent
pt,focar,es,enfocar,altered
pt,focinho,es,hocico,altered
pt,foco,es,foco,transparent
pt,fofo,es,fofo,transparent
pt,fogo,es,fuego,altered
pt,fogueira,es,hoguera,altered
pt,folclore,es,folklore,transparent
pt,folclórico,es,folklórico,transparent
pt,folgar,es,holgar,altered
pt,folhagem,es,follaje,altered
pt,folhar,es,hoja,altered
pt,folheto,es,folleto,altered
pt,fomentar,es,fomentar,transparent
pt,fomento,es,fomento,transparent
pt,fonda,es,fonda,transparent
pt,fonte,es,fuente,altered
pt,forasteiro,es,forastero,altered
pt,forense,es,forense,transparent
pt,forjar,es,forjar,transparent
pt,formador,es,formador,transparent
pt,formal,es,formal,transparent
pt,formalidade,es,formalidad,altered
pt,formalizar,es,formalizar,transparent
pt,formalmente,es,formalmente,transparent
pt,formar,es,forma,transparent
pt,formativo,es,formativo,transparent
pt,formato,es,formato,transparent
pt,formação,es,formación,transparent
pt,formidável,es,formidable,transparent
pt,formigar,es,hormiga,altered
pt,formoso,es,formosa,transparent
pt,formular,es,formular,transparent
pt,formulação,es,formulación,transparent
pt,formulário,es,formulario,transparent
pt,forno,es,horno,altered
pt,foro,es,foro,transparent
pt,forrar,es,forrar,transparent
pt,forro,es,forro,transparent
pt,fortalecer,es,fortalecer,transparent
pt,fortalecimento,es,fortalecimiento,transparent
pt,forte,es,fuerte,altered
pt,fortemente,es,fuertemente,altered
pt,fortificar,es,fortificar,transparent
pt,fortificação,es,fortificación,transparent
pt,fortuna,es,fortuna,transparent
pt,forçar,es,fuerza,altered
pt,forçoso,es,forzoso,altered
pt,fossar,es,fosa,altered
pt,fosso,es,foso,transparent
pt,foto,es,foto,transparent
pt,fotocópia,es,fotocopia,transparent
pt,fotografar,es,fotografiar,altered
pt,fotografia,es,fotografía,altered
pt,fotográfico,es,fotográfico,transparent
pt,fotógrafo,es,fotógrafo,transparent
pt,fracassar,es,fracasar,transparent
pt,fracasso,es,fracaso,altered
pt,fracionar,es,fraccionar,transparent
pt,fraco,es,flaco,altered
pt,frade,es,fraile,altered
pt,fraga,es,fraga,transparent
pt,fragata,es,fragata,transparent
pt,fragilidade,es,fragilidad,transparent
pt,fragmentar,es,fragmentar,transparent
pt,fragmentação,es,fragmentación,transparent
pt,fragmento,es,fragmento,transparent
pt,fragrância,es,fragancia,transparent
pt,francamente,es,francamente,transparent
pt,franciscano,es,franciscano,transparent
pt,francisco,es,francisco,transparent
pt,franco,es,franco,transparent
pt,francês,es,francés,altered
pt,franjar,es,franja,transparent
pt,franqueza,es,franqueza,transparent
pt,franquiar,es,franquicia,transparent
pt,franquismo,es,franquismo,transparent
pt,franquista,es,franquista,transparent
pt,frança,es,francia,transparent
pt,frasco,es,frasco,transparent
pt,frase,es,frase,transparent
pt,fraternidade,es,fraternidad,altered
pt,fraturar,es,fractura,altered
pt,fraude,es,fraude,transparent
pt,fraudulento,es,fraudulento,transparent
pt,fração,es,fracción,altered
pt,frei,es,fray,altered
pt,frente,es,frente,transparent
pt,frenético,es,frenético,transparent
pt,frequentar,es,frecuentar,altered
pt,frequente,es,frecuente,altered
pt,frequentemente,es,frecuentemente,transparent
pt,frequência,es,frecuencia,transparent
pt,fresco,es,fresco,transparent
pt,frescura,es,frescura,transparent
pt,fricção,es,fricción,transparent
pt,frigorífico,es,frigorífico,transparent
pt,frio,es,frío,transparent
pt,fritar,es,freír,altered
pt,frondoso,es,frondoso,transparent
pt,frontal,es,frontal,transparent
pt,fronteirar,es,frontera,altered
pt,fronteiriço,es,fronterizo,altered
pt,frota,es,flota,altered
pt,frouxo,es,flojo,altered
pt,frustrante,es,frustrante,transparent
pt,frustrar,es,frustrar,transparent
pt,frustração,es,frustración,transparent
pt,frutal,es,frutal,transparent
pt,frutar,es,frutar,transparent
pt,fruto,es,fruto,transparent
pt,frutífero,es,fructífero,altered
pt,frágil,es,frágil,transparent
pt,fuga,es,fuga,transparent
pt,fugaz,es,fugaz,transparent
pt,fugir,es,fugar,altered
pt,fugitivo,es,fugitivo,transparent
pt,fulminante,es,fulminante,transparent
pt,fumador,es,fumador,transparent
pt,fumar,es,fumar,transparent
pt,fumaça,es,humareda,altered
pt,fumo,es,humo,altered
pt,funcional,es,funcional,transparent
pt,funcionalidade,es,funcionalidad,transparent
pt,funcionamento,es,funcionamiento,transparent
pt,funcionar,es,funcionar,transparent
pt,funcionário,es,funcionario,transparent
pt,fundacional,es,fundacional,transparent
pt,fundador,es,fundador,transparent
pt,fundamental,es,fundamental,transparent
pt,fundamentalmente,es,fundamentalmente,transparent
pt,fundamentar,es,fundamentar,transparent
pt,fundamento,es,fundamento,transparent
pt,fundar,es,fundar,transparent
pt,fundação,es,fundación,transparent
pt,fundir,es,fundir,transparent
pt,fundição,es,fundición,transparent
pt,fundo,es,fondo,altered
pt,fundos,es,fondo,altered
pt,funeral,es,funeral,transparent
pt,funerário,es,funeraria,transparent
pt,fungo,es,hongo,altered
pt,funk,es,funk,transparent
pt,função,es,función,altered
pt,furacão,es,huracán,altered
pt,furgoneta,es,furgoneta,transparent
pt,furioso,es,furioso,transparent
pt,furor,es,furor,transparent
pt,furtivo,es,furtivo,transparent
pt,fusão,es,fusión,transparent
pt,futebol,es,fútbol,altered
pt,futebolístico,es,futbolístico,transparent
pt,futurista,es,futurista,transparent
pt,futuro,es,futuro,transparent
pt,fuzil,es,fusil,altered
pt,fuzilamento,es,fusilamiento,altered
pt,fuzilar,es,fusilar,altered
pt,fábrica,es,fábrica,transparent
pt,fábula,es,fábula,transparent
pt,fácil,es,fácil,transparent
pt,fármaco,es,fármaco,transparent
pt,fé,es,fe,transparent
pt,fénix,es,fénix,transparent
pt,fértil,es,fértil,transparent
pt,fígado,es,hígado,altered
pt,físico,es,física,transparent
pt,fórmula,es,fórmula,transparent
pt,fórum,es,foro,altered
pt,fósforo,es,fósforo,transparent
pt,fóssil,es,fósil,transparent
pt,fúnebre,es,fúnebre,transparent
pt,fúria,es,furia,altered
pt,gabinete,es,gabinete,transparent
pt,gado,es,ganado,altered
pt,gaivota,es,gaviota,altered
pt,galardão,es,galardón,transparent
pt,galego,es,gallego,transparent
pt,galera,es,galera,transparent
pt,galeria,es,galería,transparent
pt,galhardo,es,gallardo,altered
pt,galinha,es,gallina,altered
pt,galinheiro,es,gallinero,altered
pt,galo,es,gallo,altered
pt,galpão,es,galpón,altered
pt,galáctico,es,galáctico,transparent
pt,galáxia,es,galaxia,transparent
pt,galã,es,galán,altered
pt,galão,es,galón,altered
pt,galês,es,gales,altered
pt,gamar,es,gama,transparent
pt,gamba,es,gamba,transparent
pt,gamer,es,gamer,transparent
pt,gaming,es,gaming,transparent
pt,gancho,es,gancho,transparent
pt,ganhador,es,ganador,altered
pt,ganhar,es,ganar,transparent
pt,ganho,es,ganancia,altered
pt,ganso,es,ganso,transparent
pt,ganância,es,ganancia,transparent
pt,garagem,es,garaje,altered
pt,garantir,es,garantizar,transparent
pt,garganta,es,garganta,transparent
pt,garrafa,es,garrafa,transparent
pt,garrar,es,garra,transparent
pt,garção,es,garzón,altered
pt,gasoduto,es,gasoducto,altered
pt,gasolina,es,gasolina,transparent
pt,gasolineira,es,gasolinera,altered
pt,gasoso,es,gaseosa,transparent
pt,gastar,es,gastar,transparent
pt,gasto,es,gasto,transparent
pt,gastronomia,es,gastronomía,transparent
pt,gastronômico,es,gastronómico,transparent
pt,gatilho,es,gatillo,altered
pt,gato,es,gato,transparent
pt,gaveta,es,gaveta,transparent
pt,gay,es,gay,transparent
pt,gaze,es,gasa,altered
pt,gazeta,es,gaceta,altered
pt,gaúcho,es,gaucho,transparent
pt,gel,es,gel,transparent
pt,gelar,es,helado,altered
pt,gelatina,es,gelatina,transparent
pt,gelo,es,hielo,altered
pt,gemar,es,gema,transparent
pt,gemer,es,gemir,altered
pt,gemido,es,gemido,transparent
pt,gendarmaria,es,gendarmería,transparent
pt,gene,es,gene,transparent
pt,genebra,es,ginebra,altered
pt,general,es,general,transparent
pt,generalidade,es,generalidad,transparent
pt,generalizar,es,generalizar,transparent
pt,generalização,es,generalización,transparent
pt,generosidade,es,generosidad,transparent
pt,generoso,es,generoso,transparent
pt,geneticamente,es,genéticamente,altered
pt,gengibre,es,jengibre,altered
pt,genial,es,genial,transparent
pt,genialidade,es,genialidad,transparent
pt,genital,es,genitales,transparent
pt,genocida,es,genocida,transparent
pt,genocídio,es,genocidio,transparent
pt,genoma,es,genoma,transparent
pt,genro,es,yerno,altered
pt,gente,es,gente,transparent
pt,gentil,es,gentil,transparent
pt,gentio,es,gentío,transparent
pt,genuinamente,es,genuinamente,transparent
pt,genuíno,es,genuino,transparent
pt,genérico,es,genérico,transparent
pt,genético,es,genética,transparent
pt,geografia,es,geografía,transparent
pt,geográfico,es,geográfico,transparent
pt,geologia,es,geología,transparent
pt,geológico,es,geológico,transparent
pt,geometria,es,geometría,transparent
pt,geométrico,es,geométrico,transparent
pt,geopolítico,es,geopolítica,transparent
pt,george,es,george,transparent
pt,geracional,es,generacional,transparent
pt,gerador,es,generador,altered
pt,geral,es,general,transparent
pt,geralmente,es,generalmente,transparent
pt,gerar,es,generar,altered
pt,geração,es,generación,transparent
pt,gerente,es,gerente,transparent
pt,germânico,es,germánico,altered
pt,gerência,es,gerencia,transparent
pt,gesso,es,yeso,altered
pt,gestar,es,gestar,transparent
pt,gestação,es,gestación,transparent
pt,gesto,es,gesto,transparent
pt,gestor,es,gestor,transparent
pt,gestão,es,gestión,transparent
pt,gigante,es,gigante,transparent
pt,gigantesco,es,gigantesco,transparent
pt,ginecologista,es,ginecólogo,altered
pt,ginásio,es,gimnasio,altered
pt,ginástico,es,gimnasia,altered
pt,girar,es,gira,transparent
pt,girassol,es,girasol,transparent
pt,giratório,es,giratorio,transparent
pt,giro,es,giro,transparent
pt,gladiador,es,gladiador,transparent
pt,glicose,es,glucosa,altered
pt,global,es,global,transparent
pt,globalização,es,globalización,transparent
pt,globo,es,globo,transparent
pt,glorificar,es,glorificar,transparent
pt,glorioso,es,glorioso,transparent
pt,glândula,es,glándula,transparent
pt,glóbulo,es,glóbulo,transparent
pt,glória,es,gloria,altered
pt,glúten,es,gluten,transparent
pt,gol,es,gol,transparent
pt,goleador,es,goleador,transparent
pt,golear,es,goleada,transparent
pt,golfe,es,golf,altered
pt,golfo,es,golfo,transparent
pt,golpe,es,golpe,transparent
pt,golpear,es,golpear,transparent
pt,golpista,es,golpista,transparent
pt,gomar,es,goma,transparent
pt,gongo,es,gong,altered
pt,gordo,es,gordo,transparent
pt,gorila,es,gorila,transparent
pt,gorro,es,gorra,transparent
pt,gostar,es,gustar,altered
pt,gosto,es,gusto,altered
pt,gota,es,gota,transparent
pt,gourmet,es,gourmet,transparent
pt,governabilidade,es,gobernabilidad,altered
pt,governador,es,gobernador,altered
pt,governamental,es,gubernamental,altered
pt,governante,es,gobernante,altered
pt,governar,es,gobernar,altered
pt,governação,es,gobernación,transparent
pt,governo,es,gobierno,altered
pt,gozar,es,gozar,transparent
pt,gozo,es,gozo,transparent
pt,gracioso,es,gracioso,transparent
pt,gradual,es,gradual,transparent
pt,gradualmente,es,gradualmente,transparent
pt,graduar,es,graduado,transparent
pt,graduação,es,graduación,transparent
pt,graffiti,es,graffiti,transparent
pt,gramatical,es,gramatical,transparent
pt,gramático,es,gramática,transparent
pt,grande,es,grande,transparent
pt,grandeza,es,grandeza,transparent
pt,grandioso,es,grandioso,transparent
pt,grandão,es,grandote,altered
pt,granito,es,granito,transparent
pt,granizo,es,granizo,transparent
pt,granja,es,granja,transparent
pt,granjeiro,es,granjero,altered
pt,gratidão,es,gratitud,altered
pt,gratificante,es,gratificante,transparent
pt,gratis,es,gratis,transparent
pt,grato,es,grata,transparent
pt,gratuitamente,es,gratuitamente,transparent
pt,gratuito,es,gratuito,transparent
pt,grau,es,grado,altered
pt,gravador,es,grabadora,altered
pt,gravar,es,grabar,transparent
pt,gravação,es,grabación,altered
pt,grave,es,grave,transparent
pt,gravemente,es,gravemente,transparent
pt,gravidade,es,gravedad,altered
pt,gravilha,es,grava,altered
pt,graxo,es,grasa,altered
pt,graça,es,gracia,transparent
pt,green,es,green,transparent
pt,grego,es,griego,altered
pt,grid,es,grid,transparent
pt,grifo,es,grifo,transparent
pt,grilo,es,grillo,altered
pt,gringo,es,gringo,transparent
pt,gripe,es,gripe,transparent
pt,gris,es,gris,transparent
pt,gritar,es,gritar,transparent
pt,grito,es,grito,transparent
pt,grosseiro,es,grosero,altered
pt,grosseria,es,grosería,transparent
pt,grosso,es,grueso,altered
pt,grotesco,es,grotesco,transparent
pt,grunhir,es,gruñir,altered
pt,grupal,es,grupal,transparent
pt,grupo,es,grupo,transparent
pt,gruta,es,gruta,transparent
pt,gráfico,es,gráfico,transparent
pt,grátis,es,gratis,transparent
pt,grão,es,grano,altered
pt,grécia,es,grecia,transparent
pt,grémio,es,gremio,transparent
pt,guadalupe,es,guadalupe,transparent
pt,guapo,es,guapo,transparent
pt,guarani,es,guaraní,transparent
pt,guardar,es,guardar,transparent
pt,guardião,es,guardián,altered
pt,guarnição,es,guarnición,transparent
pt,guerra,es,guerra,transparent
pt,guerreiro,es,guerrero,altered
pt,guerrilhar,es,guerrilla,altered
pt,guerrilheiro,es,guerrillero,altered
pt,guiana,es,guayana,altered
pt,guiar,es,guía,transparent
pt,guilherme,es,guillermo,altered
pt,guionista,es,guionista,transparent
pt,guitarra,es,guitarra,transparent
pt,guitarrista,es,guitarrista,transparent
pt,guião,es,guión,altered
pt,guloso,es,goloso,altered
pt,guru,es,gurú,transparent
pt,gusano,es,gusano,transparent
pt,gustavo,es,gustavo,transparent
pt,gás,es,gas,transparent
pt,género,es,género,transparent
pt,génova,es,génova,transparent
pt,gêmeo,es,gemelo,altered
pt,gênero,es,género,altered
pt,gênese,es,génesis,altered
pt,gênio,es,genio,altered
pt,gótico,es,gótico,transparent
pt,habilidade,es,habilidad,transparent
pt,habilitar,es,habilitar,transparent
pt,habilitação,es,habilitación,transparent
pt,habitacional,es,habitacional,transparent
pt,habitante,es,habitante,transparent
pt,habitar,es,habitar,transparent
pt,habitat,es,hábitat,altered
pt,habitação,es,habitación,transparent
pt,habitual,es,habitual,transparent
pt,habitualmente,es,habitualmente,transparent
pt,habitável,es,habitable,altered
pt,hackear,es,hackear,transparent
pt,hacker,es,hacker,transparent
pt,haitiano,es,haitiano,transparent
pt,halloween,es,halloween,transparent
pt,halo,es,halo,transparent
pt,hamburgo,es,hamburgo,transparent
pt,hambúrguer,es,hamburguesa,transparent
pt,hardware,es,hardware,transparent
pt,harmonia,es,armonía,transparent
pt,havano,es,habano,altered
pt,havaí,es,hawaii,altered
pt,haver,es,haber,altered
pt,hebraico,es,hebreo,altered
pt,hectare,es,hectárea,transparent
pt,hegemonia,es,hegemonía,transparent
pt,hegemônico,es,hegemónico,transparent
pt,helicóptero,es,helicóptero,transparent
pt,hemisfério,es,hemisferio,altered
pt,hemorragia,es,hemorragia,transparent
pt,henrique,es,henry,altered
pt,hepatite,es,hepatitis,altered
pt,hepático,es,hepática,transparent
pt,heraldo,es,heraldo,transparent
pt,herança,es,herencia,altered
pt,herdar,es,heredar,altered
pt,herdeiro,es,heredero,altered
pt,hereditário,es,hereditario,transparent
pt,herege,es,hereje,altered
pt,heresia,es,herejía,altered
pt,hermanita,es,hermanita,transparent
pt,hermano,es,hermano,transparent
pt,hermes,es,hermes,transparent
pt,hermético,es,hermético,transparent
pt,heroína,es,heroína,transparent
pt,herói,es,héroe,altered
pt,heróico,es,heroico,transparent
pt,hetero,es,hetero,transparent
pt,heterogêneo,es,heterogéneo,transparent
pt,heterossexual,es,heterosexual,transparent
pt,hidratante,es,hidratante,transparent
pt,hidrocarboneto,es,hidrocarburo,altered
pt,hidroelétrico,es,hidroeléctrico,transparent
pt,hidrogênio,es,hidrógeno,altered
pt,hidráulico,es,hidráulica,transparent
pt,hierarquia,es,jerarquía,transparent
pt,hierárquico,es,jerárquico,altered
pt,higiene,es,higiene,transparent
pt,higiénico,es,higiénico,transparent
pt,hindu,es,hindú,transparent
pt,hino,es,himno,altered
pt,hipertensão,es,hipertensión,transparent
pt,hipocrisia,es,hipocresía,altered
pt,hipogrifo,es,hipogrifo,transparent
pt,hipopótamo,es,hipopótamo,transparent
pt,hipotecar,es,hipoteca,transparent
pt,hipotecário,es,hipotecario,transparent
pt,hipotético,es,hipotético,transparent
pt,hippie,es,hippie,transparent
pt,hipócrita,es,hipócrita,transparent
pt,hipótese,es,hipótesis,transparent
pt,hipóxia,es,hipoxia,transparent
pt,hispano,es,hispano,transparent
pt,hispânico,es,hispánico,transparent
pt,histeria,es,histeria,transparent
pt,historiador,es,historiador,transparent
pt,historial,es,historial,transparent
pt,historicamente,es,históricamente,transparent
pt,historieta,es,historieta,transparent
pt,historiografia,es,historiografía,transparent
pt,histérico,es,histérico,transparent
pt,história,es,historia,transparent
pt,histórico,es,histórico,transparent
pt,hit,es,hit,transparent
pt,hobby,es,hobby,transparent
pt,holandês,es,holandés,altered
pt,holocausto,es,holocausto,transparent
pt,homem,es,hombre,altered
pt,homenagear,es,homenajear,altered
pt,homenagem,es,homenaje,altered
pt,homicida,es,homicida,transparent
pt,homicídio,es,homicidio,transparent
pt,homo,es,homo,transparent
pt,homofobia,es,homofobia,transparent
pt,homogéneo,es,homogéneo,transparent
pt,homossexual,es,homosexual,altered
pt,homossexualidade,es,homosexualidad,altered
pt,homólogo,es,homólogo,transparent
pt,homónimo,es,homónimo,transparent
pt,hondurenho,es,hondureño,altered
pt,honestamente,es,honestamente,transparent
pt,honestidade,es,honestidad,transparent
pt,honesto,es,honesto,transparent
pt,honor,es,honor,transparent
pt,honorário,es,honorario,transparent
pt,honorável,es,honorable,transparent
pt,honorífico,es,honorífico,transparent
pt,honradez,es,honradez,transparent
pt,honrar,es,honrar,transparent
pt,horda,es,horda,transparent
pt,horizontal,es,horizontal,transparent
pt,horizonte,es,horizonte,transparent
pt,hormona,es,hormona,transparent
pt,hormonal,es,hormonal,transparent
pt,horrendo,es,horrendo,transparent
pt,horripilante,es,horripilante,transparent
pt,horrivelmente,es,horriblemente,transparent
pt,horror,es,horror,transparent
pt,horroroso,es,horroroso,transparent
pt,horrível,es,horrible,altered
pt,hortaliça,es,hortaliza,transparent
pt,hortênsia,es,hortensia,altered
pt,horário,es,horario,transparent
pt,hospedagem,es,hospedaje,altered
pt,hospedar,es,hospedar,transparent
pt,hospital,es,hospital,transparent
pt,hospitalar,es,hospitalario,altered
pt,hospitalidade,es,hospitalidad,transparent
pt,hostil,es,hostil,transparent
pt,hostilidade,es,hostilidad,altered
pt,hotel,es,hotel,transparent
pt,hoteleiro,es,hotelero,altered
pt,house,es,house,transparent
pt,hugo,es,hugo,transparent
pt,humanidade,es,humanidad,transparent
pt,humanismo,es,humanismo,transparent
pt,humanista,es,humanista,transparent
pt,humanitário,es,humanitario,transparent
pt,humano,es,humano,transparent
pt,humidade,es,humedad,altered
pt,humildade,es,humildad,transparent
pt,humilde,es,humilde,transparent
pt,humilhante,es,humillante,transparent
pt,humilhar,es,humillar,transparent
pt,humilhação,es,humillación,altered
pt,humor,es,humor,transparent
pt,humorista,es,humorista,transparent
pt,humorístico,es,humorístico,transparent
pt,hábil,es,hábil,transparent
pt,hábito,es,hábito,transparent
pt,hélio,es,helio,altered
pt,hércules,es,hércules,transparent
pt,hérnia,es,hernia,transparent
pt,híbrido,es,híbrido,transparent
pt,hídrico,es,hídrico,transparent
pt,hóquei,es,hockey,altered
pt,hóspede,es,huésped,altered
pt,hóstia,es,hostia,altered
pt,húmido,es,húmedo,transparent
pt,húngaro,es,húngaro,transparent
pt,ianque,es,yankee,altered
pt,ibero,es,ibero,transparent
pt,ibérico,es,ibérico,transparent
pt,icebergue,es,iceberg,altered
pt,icônico,es,icónico,transparent
pt,idade,es,edad,altered
pt,ideal,es,ideal,transparent
pt,idealista,es,idealista,transparent
pt,idealizar,es,idealizar,transparent
pt,ideia,es,idea,transparent
pt,idem,es,ídem,transparent
pt,identidade,es,identidad,transparent
pt,identificar,es,identificar,transparent
pt,identificação,es,identificación,transparent
pt,ideologia,es,ideología,transparent
pt,ideológico,es,ideológico,transparent
pt,ideário,es,ideario,transparent
pt,idioma,es,idioma,transparent
pt,idiota,es,idiota,transparent
pt,idiotice,es,idiotez,altered
pt,idolatria,es,idolatría,transparent
pt,idêntico,es,idéntico,altered
pt,iene,es,yen,altered
pt,iglu,es,iglú,transparent
pt,ignorante,es,ignorante,transparent
pt,ignorar,es,ignorar,transparent
pt,ignorância,es,ignorancia,transparent
pt,igreja,es,iglesia,altered
pt,igual,es,igual,transparent
pt,igualar,es,igualar,transparent
pt,igualdade,es,igualdad,transparent
pt,igualitário,es,igualitario,transparent
pt,igualmente,es,igualmente,transparent
pt,iguana,es,iguana,transparent
pt,ilegal,es,ilegal,transparent
pt,ilegalidade,es,ilegalidad,transparent
pt,ilegalmente,es,ilegalmente,transparent
pt,ilegítimo,es,ilegítimo,transparent
pt,ileso,es,ileso,transparent
pt,ilhar,es,isla,altered
pt,ilhéu,es,isleño,altered
pt,ilimitado,es,ilimitado,transparent
pt,iludir,es,iluso,altered
pt,iluminar,es,iluminar,transparent
pt,iluminação,es,iluminación,transparent
pt,ilustrador,es,ilustrador,transparent
pt,ilustrar,es,ilustrar,transparent
pt,ilustrativo,es,ilustrativo,transparent
pt,ilustração,es,ilustración,transparent
pt,ilustre,es,ilustre,transparent
pt,ilusão,es,ilusión,transparent
pt,ilícito,es,ilícito,transparent
pt,ilógico,es,ilógico,transparent
pt,imaculado,es,inmaculado,altered
pt,imagem,es,imagen,transparent
pt,imaginar,es,imaginar,transparent
pt,imaginação,es,imaginación,transparent
pt,imaginário,es,imaginario,transparent
pt,imaturo,es,inmaduro,altered
pt,imbecil,es,imbécil,transparent
pt,imediatamente,es,inmediatamente,altered
pt,imediato,es,inmediato,altered
pt,imediação,es,inmediación,altered
pt,imensamente,es,inmensamente,altered
pt,imensidade,es,inmensidad,altered
pt,imenso,es,inmenso,transparent
pt,imersivo,es,inmersivo,altered
pt,imerso,es,inmerso,altered
pt,imersão,es,inmersión,altered
pt,imigrante,es,inmigrante,altered
pt,imigração,es,inmigración,altered
pt,iminente,es,inminente,altered
pt,imitar,es,imitar,transparent
pt,imitação,es,imitación,altered
pt,imobiliário,es,inmobiliaria,altered
pt,imoral,es,inmoral,transparent
pt,imortal,es,inmortal,transparent
pt,imortalidade,es,inmortalidad,transparent
pt,impaciente,es,impaciente,transparent
pt,impaciência,es,impaciencia,transparent
pt,impactante,es,impactante,transparent
pt,impactar,es,impactar,transparent
pt,impacto,es,impacto,transparent
pt,imparcial,es,imparcial,transparent
pt,imparcialidade,es,imparcialidad,transparent
pt,imparável,es,imparable,transparent
pt,impassível,es,impasible,transparent
pt,impecável,es,impecable,transparent
pt,impedimento,es,impedimento,transparent
pt,impedir,es,impedir,transparent
pt,impensável,es,impensable,transparent
pt,imperador,es,emperador,altered
pt,imperante,es,imperante,transparent
pt,imperar,es,imperar,transparent
pt,imperativo,es,imperativo,transparent
pt,imperfeito,es,imperfecto,altered
pt,imperfeição,es,imperfección,transparent
pt,imperial,es,imperial,transparent
pt,imperialismo,es,imperialismo,transparent
pt,imperialista,es,imperialista,transparent
pt,impermeável,es,impermeable,altered
pt,implacável,es,implacable,transparent
pt,implantar,es,implantar,transparent
pt,implantação,es,implantación,transparent
pt,implante,es,implante,transparent
pt,implementar,es,implementar,transparent
pt,implementação,es,implementación,transparent
pt,implicar,es,implicar,transparent
pt,implicação,es,implicación,transparent
pt,implorar,es,implorar,transparent
pt,implícito,es,implícito,transparent
pt,imponente,es,imponente,transparent
pt,impopular,es,impopular,transparent
pt,impor,es,imponer,altered
pt,importador,es,importador,transparent
pt,importante,es,importante,transparent
pt,importar,es,importar,transparent
pt,importação,es,importación,transparent
pt,importe,es,importe,transparent
pt,importância,es,importancia,transparent
pt,impositivo,es,impositivo,transparent
pt,imposição,es,imposición,transparent
pt,impossibilidade,es,imposibilidad,transparent
pt,impossível,es,imposible,transparent
pt,imposto,es,impuesto,altered
pt,impostor,es,impostor,transparent
pt,impotente,es,impotente,transparent
pt,impotência,es,impotencia,transparent
pt,impreciso,es,impreciso,transparent
pt,impregnar,es,impregnar,transparent
pt,imprensar,es,imprenta,altered
pt,imprescindível,es,imprescindible,altered
pt,impressionante,es,impresionante,transparent
pt,impressionar,es,impresionar,transparent
pt,impresso,es,impreso,altered
pt,impressor,es,impresora,altered
pt,impressão,es,impresión,altered
pt,imprevisto,es,imprevisto,transparent
pt,imprevisível,es,impredecible,altered
pt,imprimir,es,imprimir,transparent
pt,improvisar,es,improvisar,transparent
pt,improvisação,es,improvisación,transparent
pt,improvável,es,improbable,altered
pt,imprudente,es,imprudente,transparent
pt,imprudência,es,imprudencia,transparent
pt,impróprio,es,impropio,transparent
pt,impugnar,es,impugnar,transparent
pt,impugnação,es,impugnación,transparent
pt,impulsionar,es,impulsar,altered
pt,impulsivo,es,impulsivo,transparent
pt,impulso,es,impulso,transparent
pt,impune,es,impune,transparent
pt,impunidade,es,impunidad,altered
pt,imputar,es,imputar,transparent
pt,imputação,es,imputación,transparent
pt,império,es,imperio,transparent
pt,imundo,es,inmundo,altered
pt,imune,es,inmune,altered
pt,imunidade,es,inmunidad,altered
pt,imunológico,es,inmunológico,transparent
pt,imóvel,es,inmueble,altered
pt,inabilitar,es,inhabilitar,transparent
pt,inabilitação,es,inhabilitación,transparent
pt,inaceitável,es,inaceptable,altered
pt,inacessível,es,inaccesible,altered
pt,inacreditável,es,increíble,altered
pt,inadequado,es,inadecuado,altered
pt,inadmissível,es,inadmisible,altered
pt,inalcançável,es,inalcanzable,transparent
pt,inamovível,es,inamovible,transparent
pt,inapropriado,es,inapropiado,transparent
pt,inatividade,es,inactividad,altered
pt,inativo,es,inactivo,altered
pt,inato,es,innato,transparent
pt,inaudito,es,inaudito,transparent
pt,inaugural,es,inaugural,transparent
pt,inaugurar,es,inaugurar,transparent
pt,inauguração,es,inauguración,transparent
pt,inca,es,inca,transparent
pt,incalculável,es,incalculable,altered
pt,incansável,es,incansable,altered
pt,incapacidade,es,incapacidad,transparent
pt,incapacitar,es,incapacitado,transparent
pt,incapaz,es,incapaz,transparent
pt,incendiar,es,incendiar,transparent
pt,incendiário,es,incendiario,transparent
pt,incenso,es,incienso,altered
pt,incentivar,es,incentivar,transparent
pt,incentivo,es,incentivo,transparent
pt,incerto,es,incierto,transparent
pt,incesto,es,incesto,transparent
pt,inchar,es,hinchar,transparent
pt,inchaço,es,hinchazón,altered
pt,incidente,es,incidente,transparent
pt,incidir,es,incidir,transparent
pt,incidência,es,incidencia,transparent
pt,incipiente,es,incipiente,transparent
pt,inciso,es,inciso,transparent
pt,incisão,es,incisión,altered
pt,incitar,es,incitar,transparent
pt,inclinar,es,inclinar,transparent
pt,inclinação,es,inclinación,transparent
pt,incluir,es,incluir,transparent
pt,inclusive,es,inclusive,transparent
pt,inclusivo,es,inclusivo,transparent
pt,incluso,es,incluso,transparent
pt,inclusão,es,inclusión,transparent
pt,incoerente,es,incoherente,transparent
pt,incoerência,es,incoherencia,transparent
pt,incomodar,es,incomodar,transparent
pt,incomparável,es,incomparable,transparent
pt,incompatibilidade,es,incompatibilidad,transparent
pt,incompatível,es,incompatible,transparent
pt,incompetente,es,incompetente,transparent
pt,incompetência,es,incompetencia,transparent
pt,incompleto,es,incompleto,transparent
pt,incompreensível,es,incomprensible,altered
pt,inconclusivo,es,inconcluso,altered
pt,incondicional,es,incondicional,transparent
pt,inconformidade,es,inconformidad,transparent
pt,inconsciente,es,inconsciente,transparent
pt,inconscientemente,es,inconscientemente,transparent
pt,inconsistência,es,inconsistencia,transparent
pt,inconstitucional,es,inconstitucional,transparent
pt,inconstitucionalidade,es,inconstitucionalidad,transparent
pt,incontrolável,es,incontrolable,transparent
pt,incontável,es,incontable,transparent
pt,inconveniente,es,inconveniente,transparent
pt,incorporar,es,incorporar,transparent
pt,incorporação,es,incorporación,transparent
pt,incorrecto,es,incorrecto,transparent
pt,incorrer,es,incurrir,transparent
pt,incorretamente,es,incorrectamente,transparent
pt,incredulidade,es,incredulidad,altered
pt,incrementar,es,incrementar,transparent
pt,incremento,es,incremento,transparent
pt,incrivelmente,es,increíblemente,altered
pt,incrível,es,increíble,transparent
pt,inculcar,es,inculcar,transparent
pt,incumprimento,es,incumplimiento,altered
pt,incursão,es,incursión,transparent
pt,incêndio,es,incendio,transparent
pt,incógnito,es,incógnita,transparent
pt,incómodo,es,incómodo,transparent
pt,incômodo,es,incomodo,transparent
pt,indagar,es,indagar,transparent
pt,indecente,es,indecente,transparent
pt,indeciso,es,indeciso,transparent
pt,indefeso,es,indefenso,altered
pt,indefinidamente,es,indefinidamente,transparent
pt,indefinido,es,indefinido,transparent
pt,indemnização,es,indemnización,transparent
pt,independente,es,independiente,altered
pt,independentemente,es,independientemente,transparent
pt,independentista,es,independentista,transparent
pt,independência,es,independencia,transparent
pt,indescritível,es,indescriptible,altered
pt,indesejável,es,indeseable,transparent
pt,indeterminar,es,indeterminado,transparent
pt,indevido,es,indebido,altered
pt,indiano,es,indiano,transparent
pt,indicador,es,indicador,transparent
pt,indicar,es,indicar,transparent
pt,indicativo,es,indicativo,transparent
pt,indicação,es,indicación,transparent
pt,indiferente,es,indiferente,transparent
pt,indiferença,es,indiferencia,transparent
pt,indigente,es,indigente,transparent
pt,indignante,es,indignante,transparent
pt,indignar,es,indignar,transparent
pt,indignação,es,indignación,transparent
pt,indigno,es,indigno,transparent
pt,indireta,es,indirecta,transparent
pt,indiretamente,es,indirectamente,altered
pt,indireto,es,indirecto,altered
pt,indiscriminado,es,indiscriminado,transparent
pt,indiscutível,es,indiscutible,transparent
pt,indispensável,es,indispensable,altered
pt,individual,es,individual,transparent
pt,individualidade,es,individualidad,transparent
pt,individualmente,es,individualmente,transparent
pt,indivíduo,es,individuo,altered
pt,indonésio,es,indonesio,altered
pt,indulto,es,indulto,transparent
pt,industrial,es,industrial,transparent
pt,industrializar,es,industrializar,transparent
pt,industrialização,es,industrialización,transparent
pt,induzir,es,inducir,altered
pt,indução,es,inducción,transparent
pt,indício,es,indicio,transparent
pt,indígena,es,indígena,transparent
pt,indústria,es,industria,transparent
pt,ineficaz,es,ineficaz,transparent
pt,ineficiente,es,ineficiente,transparent
pt,ineficiência,es,ineficiencia,transparent
pt,inegável,es,innegable,altered
pt,inepto,es,inepto,transparent
pt,inequívoco,es,inequívoco,transparent
pt,inerente,es,inherente,altered
pt,inerte,es,inerte,transparent
pt,inesperadamente,es,inesperadamente,transparent
pt,inesperado,es,inesperado,transparent
pt,inevitavelmente,es,inevitablemente,altered
pt,inevitável,es,inevitable,transparent
pt,inexistente,es,inexistente,transparent
pt,inexplicável,es,inexplicable,transparent
pt,infalível,es,infalible,transparent
pt,infame,es,infame,transparent
pt,infantaria,es,infantería,altered
pt,infante,es,infante,transparent
pt,infantil,es,infantil,transparent
pt,infeccionar,es,infeccionar,transparent
pt,infeccioso,es,infeccioso,transparent
pt,infectar,es,infectar,transparent
pt,infecção,es,infección,transparent
pt,infeliz,es,infeliz,transparent
pt,infelizmente,es,infelizmente,transparent
pt,inferior,es,inferior,transparent
pt,inferioridade,es,inferioridad,transparent
pt,inferir,es,inferir,transparent
pt,infernal,es,infernal,transparent
pt,inferno,es,infierno,transparent
pt,infidelidade,es,infidelidad,transparent
pt,infiel,es,infiel,transparent
pt,infiltrar,es,infiltrar,transparent
pt,infiltração,es,infiltración,transparent
pt,infinidade,es,infinidad,transparent
pt,infinitamente,es,infinitamente,transparent
pt,infinito,es,infinito,transparent
pt,inflamar,es,inflamar,transparent
pt,inflamatório,es,inflamatorio,transparent
pt,inflamação,es,inflamación,transparent
pt,inflamável,es,inflamable,altered
pt,inflar,es,inflar,transparent
pt,inflação,es,inflación,transparent
pt,inflexão,es,inflexión,transparent
pt,inflexível,es,inflexible,transparent
pt,infligir,es,infligir,transparent
pt,influenciar,es,influenciar,transparent
pt,influente,es,influyente,transparent
pt,influir,es,influir,transparent
pt,influência,es,influencia,altered
pt,infografia,es,infografía,transparent
pt,informal,es,informal,transparent
pt,informante,es,informante,transparent
pt,informar,es,informar,transparent
pt,informativo,es,informativo,transparent
pt,informação,es,información,transparent
pt,informe,es,informe,transparent
pt,informático,es,informática,transparent
pt,infraestrutura,es,infraestructura,altered
pt,infrator,es,infractor,altered
pt,infravermelho,es,infrarrojo,altered
pt,infração,es,infracción,altered
pt,infringir,es,infringir,transparent
pt,infundado,es,infundado,transparent
pt,infundir,es,infundir,transparent
pt,infâmia,es,infamia,transparent
pt,infância,es,infancia,transparent
pt,ingente,es,ingente,transparent
pt,ingenuidade,es,ingenuidad,transparent
pt,ingerir,es,ingerir,transparent
pt,ingerência,es,injerencia,transparent
pt,ingesta,es,ingesta,transparent
pt,inglaterra,es,inglaterra,transparent
pt,inglês,es,inglés,transparent
pt,ingrato,es,ingrato,transparent
pt,ingrediente,es,ingrediente,transparent
pt,ingressar,es,ingresar,transparent
pt,ingresso,es,ingreso,transparent
pt,ingênuo,es,ingenuo,altered
pt,inibidor,es,inhibidor,altered
pt,inibir,es,inhibir,transparent
pt,inibição,es,inhibición,transparent
pt,inicial,es,inicial,transparent
pt,inicialmente,es,inicialmente,transparent
pt,iniciar,es,iniciar,transparent
pt,iniciativo,es,iniciativa,altered
pt,iniciação,es,iniciación,transparent
pt,inigualável,es,inigualable,transparent
pt,inimaginável,es,inimaginable,altered
pt,inimigo,es,enemigo,altered
pt,inimizade,es,enemistad,altered
pt,injetar,es,inyectar,altered
pt,injeção,es,inyección,altered
pt,injustamente,es,injustamente,transparent
pt,injustiçar,es,injusticia,transparent
pt,injusto,es,injusto,transparent
pt,injúria,es,injuria,transparent
pt,inocente,es,inocente,transparent
pt,inocência,es,inocencia,transparent
pt,inodoro,es,inodoro,transparent
pt,inofensivo,es,inofensivo,transparent
pt,inoportuno,es,inoportuno,transparent
pt,inovador,es,innovador,altered
pt,inovar,es,innovar,altered
pt,inovação,es,innovación,transparent
pt,inoxidável,es,inoxidable,transparent
pt,input,es,input,transparent
pt,inquebrantável,es,inquebrantable,transparent
pt,inquietante,es,inquietante,transparent
pt,inquietar,es,inquietar,transparent
pt,inquieto,es,inquieto,transparent
pt,inquietude,es,inquietud,transparent
pt,inquilino,es,inquilino,transparent
pt,inquisição,es,inquisición,transparent
pt,insatisfação,es,insatisfacción,altered
pt,insatisfeito,es,insatisfecho,altered
pt,inscrever,es,inscribir,altered
pt,inscrito,es,inscribir,transparent
pt,inscrição,es,inscripción,altered
pt,insegurança,es,inseguridad,altered
pt,inseguro,es,inseguro,transparent
pt,insensato,es,insensato,transparent
pt,insensível,es,insensible,transparent
pt,inseparável,es,inseparable,transparent
pt,inserir,es,insertar,altered
pt,inserção,es,inserción,altered
pt,inseto,es,insecto,altered
pt,insetos,es,insecto,altered
pt,insignificante,es,insignificante,transparent
pt,insinuar,es,insinuar,transparent
pt,insinuação,es,insinuación,transparent
pt,insistente,es,insistente,transparent
pt,insistir,es,insistir,transparent
pt,insistência,es,insistencia,transparent
pt,inspecionar,es,inspeccionar,altered
pt,inspector,es,inspector,transparent
pt,inspeção,es,inspección,transparent
pt,inspirador,es,inspirador,transparent
pt,inspirar,es,inspirar,transparent
pt,inspiração,es,inspiración,transparent
pt,instagram,es,instagram,transparent
pt,instalar,es,instalar,transparent
pt,instalação,es,instalación,transparent
pt,instantaneamente,es,instantáneamente,altered
pt,instante,es,instante,transparent
pt,instantâneo,es,instantánea,transparent
pt,instaurar,es,instaurar,transparent
pt,instinto,es,instinto,transparent
pt,institucional,es,institucional,transparent
pt,institucionalidade,es,institucionalidad,transparent
pt,institucionalizar,es,institucionalizar,transparent
pt,instituir,es,instituir,transparent
pt,instituição,es,institución,transparent
pt,instituto,es,instituto,transparent
pt,instruir,es,instruir,transparent
pt,instrumental,es,instrumental,transparent
pt,instrumento,es,instrumento,transparent
pt,instrutivo,es,instructivo,altered
pt,instrutor,es,instructor,altered
pt,instrução,es,instrucción,altered
pt,instância,es,instancia,transparent
pt,insuficiente,es,insuficiente,transparent
pt,insuficiência,es,insuficiencia,transparent
pt,insular,es,insular,transparent
pt,insulina,es,insulina,transparent
pt,insultante,es,insultante,transparent
pt,insultar,es,insultar,transparent
pt,insulto,es,insulto,transparent
pt,insumo,es,insumo,transparent
pt,insuperável,es,insuperable,transparent
pt,insuportável,es,insoportable,altered
pt,insurgente,es,insurgente,transparent
pt,insurreição,es,insurrección,altered
pt,insustentável,es,insostenible,altered
pt,insígnia,es,insignia,transparent
pt,insólito,es,insólito,transparent
pt,insônia,es,insomnio,altered
pt,intacto,es,intacto,transparent
pt,intangível,es,intangible,transparent
pt,integrador,es,integrador,transparent
pt,integral,es,integral,transparent
pt,integralmente,es,íntegramente,transparent
pt,integrante,es,integrante,transparent
pt,integrar,es,integrar,transparent
pt,integração,es,integración,transparent
pt,integridade,es,integridad,transparent
pt,inteiramente,es,enteramente,altered
pt,inteirar,es,enterar,altered
pt,inteiro,es,entero,altered
pt,intelecto,es,intelecto,transparent
pt,intelectual,es,intelectual,transparent
pt,inteligente,es,inteligente,transparent
pt,inteligência,es,inteligencia,transparent
pt,intencionado,es,intencionado,transparent
pt,intencional,es,intencional,transparent
pt,intencionalmente,es,intencionalmente,transparent
pt,intendente,es,intendente,transparent
pt,intendência,es,intendencia,transparent
pt,intensamente,es,intensamente,transparent
pt,intensidade,es,intensidad,transparent
pt,intensificar,es,intensificar,transparent
pt,intensivo,es,intensivo,transparent
pt,intenso,es,intenso,transparent
pt,intentar,es,intentar,transparent
pt,intento,es,intento,transparent
pt,intenção,es,intención,altered
pt,interagir,es,interactuar,altered
pt,interamericano,es,interamericano,transparent
pt,interativo,es,interactivo,altered
pt,interação,es,interacción,altered
pt,intercalar,es,intercalar,transparent
pt,intercambiar,es,intercambiar,transparent
pt,intercambiável,es,intercambiable,transparent
pt,interceptar,es,interceptar,transparent
pt,intercâmbio,es,intercambio,altered
pt,interessante,es,interesante,altered
pt,interessar,es,interesar,transparent
pt,interesse,es,interés,altered
pt,interface,es,interfaz,transparent
pt,interferir,es,interferir,transparent
pt,interferência,es,interferencia,transparent
pt,interino,es,interino,transparent
pt,interior,es,interior,transparent
pt,interlocutor,es,interlocutor,transparent
pt,intermediar,es,intermediar,transparent
pt,intermediário,es,intermediario,transparent
pt,interminável,es,interminable,transparent
pt,intermitente,es,intermitente,transparent
pt,intermédio,es,intermedio,altered
pt,internacional,es,internacional,transparent
pt,internacionalmente,es,internacionalmente,transparent
pt,internamente,es,internamente,transparent
pt,internar,es,internar,transparent
pt,international,es,internacional,transparent
pt,internet,es,internet,transparent
pt,interno,es,interno,transparent
pt,interpol,es,interpol,transparent
pt,interpor,es,interponer,altered
pt,interpretar,es,interpretar,transparent
pt,interpretação,es,interpretación,altered
pt,interrogar,es,interrogar,transparent
pt,interrogatório,es,interrogatorio,altered
pt,interrogação,es,interrogación,transparent
pt,interromper,es,interrumpir,altered
pt,interrompido,es,interrumpir,altered
pt,interruptor,es,interruptor,transparent
pt,interrupção,es,interrupción,transparent
pt,intersecção,es,intersección,transparent
pt,intervalo,es,intervalo,transparent
pt,interventor,es,interventor,transparent
pt,intervenção,es,intervención,transparent
pt,intervir,es,intervenir,altered
pt,intestinal,es,intestinal,transparent
pt,intestino,es,intestino,transparent
pt,intimamente,es,íntimamente,transparent
pt,intimar,es,intimar,transparent
pt,intimidade,es,intimidad,transparent
pt,intimidar,es,intimidar,transparent
pt,intimidação,es,intimidación,transparent
pt,intitular,es,intitular,transparent
pt,intocável,es,intocable,transparent
pt,intolerante,es,intolerante,transparent
pt,intolerável,es,intolerable,transparent
pt,intolerância,es,intolerancia,transparent
pt,intoxicação,es,intoxicación,transparent
pt,intrigar,es,intriga,transparent
pt,introduzir,es,introducir,altered
pt,introdução,es,introducción,transparent
pt,intromissão,es,intromisión,altered
pt,intruso,es,intruso,transparent
pt,intrusão,es,intrusión,transparent
pt,intrínseco,es,intrínseco,transparent
pt,intuir,es,intuir,transparent
pt,intuitivo,es,intuitivo,transparent
pt,intuição,es,intuición,transparent
pt,intérprete,es,intérprete,transparent
pt,inumano,es,inhumano,altered
pt,inumerável,es,innumerable,transparent
pt,inundar,es,inundar,transparent
pt,inundação,es,inundación,transparent
pt,inusual,es,inusual,transparent
pt,invadir,es,invadir,transparent
pt,invalidar,es,invalidar,transparent
pt,invasor,es,invasor,transparent
pt,invasão,es,invasión,transparent
pt,invejar,es,envidiar,altered
pt,invejoso,es,envidioso,altered
pt,invencível,es,invencible,transparent
pt,inventar,es,inventar,transparent
pt,invento,es,invento,transparent
pt,inventor,es,inventor,transparent
pt,inventário,es,inventario,transparent
pt,invenção,es,invención,transparent
pt,invernal,es,invernal,transparent
pt,inverno,es,invierno,transparent
pt,inverso,es,inversa,transparent
pt,inversor,es,inversor,transparent
pt,inversão,es,inversión,transparent
pt,inverter,es,invertir,transparent
pt,invertido,es,invertido,transparent
pt,investidura,es,investidura,transparent
pt,investigador,es,investigador,transparent
pt,investigar,es,investigar,transparent
pt,investigação,es,investigación,transparent
pt,investir,es,invertir,altered
pt,invicto,es,invicto,transparent
pt,invisível,es,invisible,transparent
pt,inviável,es,inviable,transparent
pt,invocar,es,invocar,transparent
pt,involuntário,es,involuntario,transparent
pt,inválido,es,inválido,transparent
pt,inédito,es,inédito,transparent
pt,inércia,es,inercia,transparent
pt,início,es,inicio,altered
pt,inúmero,es,innumerable,altered
pt,inútil,es,inútil,transparent
pt,iodo,es,yodo,altered
pt,iogurte,es,yogur,altered
pt,ipad,es,ipad,transparent
pt,ir,es,ir,transparent
pt,iraniano,es,iraní,altered
pt,iraquiano,es,iraquí,altered
pt,irar,es,ira,transparent
pt,irlandês,es,irlandés,altered
pt,irmandade,es,hermandad,altered
pt,irmão,es,hermano,altered
pt,ironia,es,ironía,transparent
pt,ironicamente,es,irónicamente,transparent
pt,irracional,es,irracional,transparent
pt,irradiar,es,irradiar,transparent
pt,irreal,es,irreal,transparent
pt,irrefutável,es,irrefutable,transparent
pt,irregular,es,irregular,transparent
pt,irregularidade,es,irregularidad,transparent
pt,irrelevante,es,irrelevante,transparent
pt,irreparável,es,irreparable,transparent
pt,irresistível,es,irresistible,altered
pt,irresponsabilidade,es,irresponsabilidad,transparent
pt,irresponsável,es,irresponsable,transparent
pt,irreversível,es,irreversible,transparent
pt,irritante,es,irritante,transparent
pt,irritar,es,irritar,transparent
pt,irritação,es,irritación,transparent
pt,irrupção,es,irrupción,transparent
pt,irônico,es,irónico,transparent
pt,isabel,es,isabel,transparent
pt,isento,es,exento,altered
pt,islamismo,es,islam,altered
pt,islamista,es,islamista,transparent
pt,islâmico,es,islámico,transparent
pt,isolamento,es,aislamiento,altered
pt,isolar,es,aislar,altered
pt,israelita,es,israelí,altered
pt,istmo,es,istmo,transparent
pt,it,es,it,transparent
pt,italiano,es,italiano,transparent
pt,item,es,ítem,transparent
pt,itinerante,es,itinerante,transparent
pt,itinerário,es,itinerario,transparent
pt,itália,es,italia,transparent
pt,içar,es,izar,altered
pt,jacinto,es,jacinto,transparent
pt,jacuzzi,es,jacuzzi,transparent
pt,jade,es,jade,transparent
pt,jaguar,es,jaguar,transparent
pt,jamais,es,jamás,transparent
pt,janeiro,es,enero,altered
pt,jantar,es,cenar,altered
pt,japonês,es,japonés,transparent
pt,japão,es,japón,altered
pt,jarda,es,yarda,altered
pt,jardim,es,jardín,altered
pt,jardinagem,es,jardinería,altered
pt,jardineiro,es,jardinero,altered
pt,jarra,es,jarrita,transparent
pt,jasmim,es,jazmín,altered
pt,jaula,es,jaula,transparent
pt,javali,es,jabalí,altered
pt,jazer,es,yacer,altered
pt,jazz,es,jazz,transparent
pt,jeans,es,jean,transparent
pt,jeep,es,jeep,transparent
pt,jersey,es,jersey,transparent
pt,jerusalém,es,jerusalén,altered
pt,jesus,es,jesús,transparent
pt,jesuíta,es,jesuita,altered
pt,jeta,es,jeta,transparent
pt,joalharia,es,joyería,altered
pt,joder,es,joder,transparent
pt,jogador,es,jugador,altered
pt,jogar,es,jugar,altered
pt,jogo,es,juego,altered
pt,joia,es,joya,altered
pt,joker,es,joker,transparent
pt,jornada,es,jornada,transparent
pt,jornaleiro,es,jornalero,altered
pt,josé,es,josé,transparent
pt,jovem,es,joven,altered
pt,jubilar,es,jubilado,transparent
pt,jubilação,es,jubilación,transparent
pt,judeu,es,judío,altered
pt,judiar,es,judía,transparent
pt,judicial,es,judicial,transparent
pt,jugo,es,yugo,altered
pt,jugoslávia,es,yugoslavia,altered
pt,juiz,es,juez,altered
pt,julgamento,es,juzgamiento,altered
pt,julgar,es,juzgar,altered
pt,julho,es,julio,altered
pt,juliano,es,juliano,transparent
pt,junho,es,junio,altered
pt,juntamente,es,juntamente,transparent
pt,juntar,es,junta,transparent
pt,junto,es,junto,transparent
pt,juramento,es,juramento,transparent
pt,jurar,es,jurar,transparent
pt,jurisdicional,es,jurisdiccional,transparent
pt,jurisdição,es,jurisdicción,transparent
pt,jurisprudência,es,jurisprudencia,altered
pt,jurista,es,jurista,transparent
pt,jurídico,es,jurídico,transparent
pt,justamente,es,justamente,transparent
pt,justar,es,justa,transparent
pt,justiceiro,es,justiciero,transparent
pt,justificar,es,justificar,transparent
pt,justificação,es,justificación,transparent
pt,justiçar,es,justicia,transparent
pt,justo,es,justo,transparent
pt,juvenil,es,juvenil,transparent
pt,juventude,es,juventud,transparent
pt,juízo,es,juicio,altered
pt,já,es,ya,altered
pt,júbilo,es,júbilo,transparent
pt,júnior,es,junior,altered
pt,júpiter,es,júpiter,transparent
pt,kaiser,es,kaiser,transparent
pt,karaoke,es,karaoke,transparent
pt,kindle,es,kindle,transparent
pt,kit,es,kit,transparent
pt,kremlin,es,kremlin,transparent
pt,kuwait,es,kuwait,transparent
pt,labial,es,labial,transparent
pt,labirinto,es,laberinto,altered
pt,labor,es,labor,transparent
pt,laboral,es,laboral,transparent
pt,laboratório,es,laboratorio,altered
pt,lacaio,es,lacayo,altered
pt,lacrimejar,es,lagrimar,altered
pt,lacrimogêneo,es,lacrimógeno,transparent
pt,lactância,es,lactancia,transparent
pt,ladeirar,es,ladera,altered
pt,lado,es,lado,transparent
pt,ladrar,es,ladrar,transparent
pt,ladrilho,es,ladrillo,altered
pt,ladrão,es,ladrón,altered
pt,lagartixa,es,lagartija,altered
pt,lagarto,es,lagarto,transparent
pt,lago,es,lago,transparent
pt,lagosta,es,langosta,altered
pt,laguna,es,laguna,transparent
pt,laico,es,laico,transparent
pt,lama,es,lama,transparent
pt,lamentar,es,lamentar,transparent
pt,lamentavelmente,es,lamentablemente,transparent
pt,lamento,es,lamento,transparent
pt,lamentável,es,lamentable,transparent
pt,laminar,es,laminar,transparent
pt,lance,es,lanza,altered
pt,lanchar,es,lancha,transparent
pt,lanterna,es,linterna,altered
pt,lançador,es,lanzador,transparent
pt,lançamento,es,lanzamiento,altered
pt,lançar,es,lanzar,altered
pt,lapso,es,lapso,transparent
pt,laptop,es,laptop,transparent
pt,lar,es,lar,transparent
pt,laranjeira,es,naranjo,altered
pt,largamente,es,largamente,transparent
pt,largar,es,larga,transparent
pt,largo,es,largo,transparent
pt,larva,es,larva,transparent
pt,laser,es,láser,altered
pt,lastimar,es,lastimar,transparent
pt,lastro,es,lastre,altered
pt,latente,es,latente,transparent
pt,lateral,es,lateral,transparent
pt,latim,es,latín,transparent
pt,latino,es,latino,transparent
pt,latir,es,latir,transparent
pt,latitude,es,latitud,transparent
pt,latão,es,latón,altered
pt,laura,es,laura,transparent
pt,lavador,es,lavadora,transparent
pt,lavadouro,es,lavadero,altered
pt,lavanderia,es,lavandería,transparent
pt,lavar,es,lavar,transparent
pt,lavatório,es,lavabo,transparent
pt,lavrador,es,labrador,altered
pt,lavrar,es,laborar,altered
pt,laço,es,lazo,transparent
pt,leal,es,leal,transparent
pt,lealdade,es,lealtad,transparent
pt,lebre,es,liebre,altered
pt,legal,es,legal,transparent
pt,legalidade,es,legalidad,transparent
pt,legalizar,es,legalizar,transparent
pt,legalização,es,legalización,altered
pt,legalmente,es,legalmente,transparent
pt,legar,es,legado,transparent
pt,legendar,es,leyenda,altered
pt,legendário,es,legendario,transparent
pt,legislador,es,legislador,transparent
pt,legislar,es,legislar,transparent
pt,legislativo,es,legislativo,transparent
pt,legislatura,es,legislatura,transparent
pt,legislação,es,legislación,transparent
pt,legitimamente,es,legítimamente,transparent
pt,legitimar,es,legitimar,transparent
pt,legitimação,es,legitimación,transparent
pt,legitimidade,es,legitimidad,transparent
pt,legião,es,legión,altered
pt,legume,es,legumbre,transparent
pt,legítimo,es,legítimo,transparent
pt,lei,es,ley,altered
pt,leite,es,leche,altered
pt,leito,es,lecho,altered
pt,leitor,es,lector,altered
pt,leitura,es,lectura,altered
pt,lema,es,lema,transparent
pt,lembrança,es,remembranza,altered
pt,lenda,es,leyenda,transparent
pt,lenhar,es,leña,altered
pt,lentamente,es,lentamente,transparent
pt,lente,es,lente,transparent
pt,lentidão,es,lentitud,altered
pt,lento,es,lento,transparent
pt,lençol,es,lienzo,altered
pt,leonês,es,leonés,transparent
pt,leopardo,es,leopardo,transparent
pt,ler,es,leer,altered
pt,lesionar,es,lesionar,transparent
pt,leso,es,leso,transparent
pt,leste,es,leste,transparent
pt,lesão,es,lesión,altered
pt,letal,es,letal,transparent
pt,letra,es,letra,transparent
pt,letrado,es,letrado,transparent
pt,letras,es,letra,transparent
pt,letão,es,letonio,altered
pt,leucemia,es,leucemia,transparent
pt,levantamento,es,levantamiento,transparent
pt,levantar,es,levantar,transparent
pt,levante,es,levante,transparent
pt,levar,es,llevar,altered
pt,leve,es,leve,transparent
pt,levedura,es,levadura,altered
pt,levemente,es,levemente,transparent
pt,leves,es,leve,transparent
pt,leão,es,león,altered
pt,liar,es,liar,transparent
pt,libanês,es,libanés,transparent
pt,liberal,es,liberal,transparent
pt,liberalismo,es,liberalismo,transparent
pt,liberar,es,liberar,transparent
pt,liberdade,es,libertad,altered
pt,libertador,es,libertador,transparent
pt,libertar,es,libertar,transparent
pt,libertação,es,liberación,altered
pt,libertário,es,libertario,transparent
pt,libreto,es,libreto,transparent
pt,licenciar,es,licenciado,transparent
pt,licenciatura,es,licenciatura,transparent
pt,liceu,es,liceo,altered
pt,licitação,es,licitación,transparent
pt,licor,es,licor,transparent
pt,lidar,es,lidiar,altered
pt,liderança,es,liderazgo,altered
pt,liderar,es,liderar,transparent
pt,ligamento,es,ligamento,transparent
pt,ligar,es,liga,transparent
pt,ligeiramente,es,ligeramente,altered
pt,ligeireza,es,ligereza,altered
pt,ligeiro,es,ligero,transparent
pt,lilás,es,lila,altered
pt,limar,es,lima,transparent
pt,limbo,es,limbo,transparent
pt,limitante,es,limitante,transparent
pt,limitar,es,limitar,transparent
pt,limitação,es,limitación,transparent
pt,limite,es,límite,altered
pt,limpador,es,limpiador,transparent
pt,limpar,es,limpiar,altered
pt,limpeza,es,limpieza,altered
pt,limpo,es,limpia,altered
pt,limão,es,limón,altered
pt,limítrofe,es,limítrofe,transparent
pt,lince,es,lince,transparent
pt,lindar,es,lindar,transparent
pt,lindo,es,lindo,transparent
pt,linear,es,linear,transparent
pt,linguagem,es,lenguaje,altered
pt,linguista,es,lingüista,altered
pt,linguístico,es,lingüística,altered
pt,linha,es,línea,altered
pt,linhagem,es,linaje,altered
pt,linhas,es,línea,transparent
pt,linho,es,lienzo,altered
pt,liquefazer,es,licuar,altered
pt,liquidar,es,liquidar,transparent
pt,liquidação,es,liquidación,altered
pt,liquidez,es,liquidez,transparent
pt,lira,es,lira,transparent
pt,lisboa,es,lisboa,transparent
pt,liso,es,lisa,transparent
pt,listar,es,lista,transparent
pt,liteira,es,litera,altered
pt,literal,es,literal,transparent
pt,literalmente,es,literalmente,transparent
pt,literatura,es,literatura,transparent
pt,literário,es,literario,altered
pt,litoral,es,litoral,transparent
pt,litro,es,litro,transparent
pt,liturgia,es,liturgia,transparent
pt,litígio,es,litigio,transparent
pt,litúrgico,es,litúrgico,transparent
pt,livre,es,libre,transparent
pt,livremente,es,libremente,altered
pt,livro,es,libro,altered
pt,lição,es,lección,altered
pt,loa,es,loa,transparent
pt,lobby,es,lobby,transparent
pt,lobo,es,lobo,transparent
pt,local,es,local,transparent
pt,localidade,es,localidad,altered
pt,localizar,es,localizar,transparent
pt,localização,es,localización,transparent
pt,localmente,es,localmente,transparent
pt,locação,es,locación,transparent
pt,locomotor,es,locomotora,transparent
pt,locutor,es,locutor,transparent
pt,lodo,es,lodo,transparent
pt,logia,es,logia,transparent
pt,logicamente,es,lógicamente,transparent
pt,logo,es,logo,transparent
pt,logos,es,logos,transparent
pt,lograr,es,lograr,transparent
pt,logro,es,logro,transparent
pt,logístico,es,logística,transparent
pt,logótipo,es,logotipo,transparent
pt,loma,es,loma,transparent
pt,lombar,es,lumbar,altered
pt,lombo,es,lomo,altered
pt,lombriga,es,lombriz,altered
pt,lona,es,lona,transparent
pt,londres,es,londres,transparent
pt,londrino,es,londinense,altered
pt,longitude,es,longitud,altered
pt,longitudinal,es,longitudinal,transparent
pt,longo,es,luengo,altered
pt,look,es,look,transparent
pt,loro,es,loro,transparent
pt,lote,es,lote,transparent
pt,loteria,es,lotería,transparent
pt,louco,es,loco,altered
pt,loucura,es,locura,transparent
pt,louro,es,laurel,altered
pt,louvar,es,loar,altered
pt,louça,es,loza,transparent
pt,love,es,love,transparent
pt,lua,es,luna,altered
pt,lubrificante,es,lubricante,altered
pt,luciano,es,luciano,transparent
pt,lucrativo,es,lucrativo,transparent
pt,lucro,es,lucro,transparent
pt,ludo,es,ludo,transparent
pt,lugar,es,lugar,transparent
pt,luiz,es,luis,altered
pt,luminosidade,es,luminosidad,transparent
pt,luminoso,es,luminoso,transparent
pt,lunar,es,lunar,transparent
pt,lupa,es,lupa,transparent
pt,lustro,es,lustro,transparent
pt,lutador,es,luchador,transparent
pt,lutar,es,lucha,altered
pt,luto,es,luto,transparent
pt,lux,es,lux,transparent
pt,luxo,es,lujo,altered
pt,luxuoso,es,lujoso,altered
pt,luxúria,es,lujuria,altered
pt,luz,es,luz,transparent
pt,luzir,es,lucir,transparent
pt,luís,es,luis,transparent
pt,lá,es,allá,altered
pt,lábio,es,labio,altered
pt,lácteo,es,lácteo,transparent
pt,lágrima,es,lágrima,transparent
pt,lápide,es,lápida,transparent
pt,lápis,es,lápiz,transparent
pt,lástima,es,lástima,transparent
pt,látego,es,látigo,altered
pt,lâmina,es,lámina,transparent
pt,lâmpada,es,lámpara,altered
pt,lã,es,lana,altered
pt,légua,es,legua,transparent
pt,lésbico,es,lesbiana,altered
pt,léxico,es,léxico,transparent
pt,líbio,es,libio,transparent
pt,lícito,es,lícito,transparent
pt,líder,es,líder,transparent
pt,língua,es,lengua,altered
pt,líquido,es,líquido,transparent
pt,lírico,es,lírica,transparent
pt,lítio,es,litio,transparent
pt,lóbulo,es,lóbulo,transparent
pt,lógico,es,lógica,transparent
pt,lúcido,es,lúcido,transparent
pt,lúcifer,es,lucifer,transparent
pt,lúdico,es,lúdico,transparent
pt,macabro,es,macabro,transparent
pt,macaco,es,macaco,transparent
pt,machado,es,machado,transparent
pt,machete,es,machete,transparent
pt,machismo,es,machismo,transparent
pt,machista,es,machista,transparent
pt,macho,es,macho,transparent
pt,machucar,es,machucar,transparent
pt,maciço,es,macizo,transparent
pt,macro,es,macro,transparent
pt,macroeconômico,es,macroeconómico,transparent
pt,madalena,es,magdalena,altered
pt,madama,es,madame,altered
pt,madeirar,es,madera,transparent
pt,madeiro,es,madero,altered
pt,madrasta,es,madrastra,altered
pt,madrileno,es,madrileño,altered
pt,madrugar,es,madrugada,transparent
pt,madurar,es,madurar,transparent
pt,maduro,es,maduro,transparent
pt,maestro,es,maestro,transparent
pt,mafioso,es,mafioso,transparent
pt,magazine,es,magazine,transparent
pt,magia,es,magia,transparent
pt,magistrado,es,magistrado,transparent
pt,magistral,es,magistral,transparent
pt,magistratura,es,magistratura,transparent
pt,magistério,es,magisterio,transparent
pt,magnata,es,magnate,altered
pt,magnificar,es,magnificar,transparent
pt,magnitude,es,magnitud,transparent
pt,magno,es,magno,transparent
pt,magnésio,es,magnesio,transparent
pt,magnético,es,magnético,transparent
pt,magnífico,es,magnífico,transparent
pt,mago,es,mago,transparent
pt,magoar,es,magullar,altered
pt,magro,es,magro,transparent
pt,mail,es,mail,transparent
pt,maio,es,mayo,altered
pt,maionese,es,mayonesa,altered
pt,maior,es,mayor,altered
pt,maioria,es,mayoría,altered
pt,maioritariamente,es,mayoritariamente,altered
pt,maioritário,es,mayoritario,transparent
pt,maiormente,es,mayormente,altered
pt,mais,es,más,transparent
pt,maiúsculo,es,mayúscula,altered
pt,majestade,es,majestad,altered
pt,majestoso,es,majestuoso,transparent
pt,majo,es,majo,transparent
pt,mal,es,mal,transparent
pt,malaio,es,malasio,transparent
pt,maldade,es,maldad,transparent
pt,maldizer,es,maldito,transparent
pt,maldição,es,maldición,transparent
pt,malefício,es,maleficio,transparent
pt,malicioso,es,malicioso,transparent
pt,maligno,es,maligno,transparent
pt,malo,es,malo,transparent
pt,maltar,es,malta,transparent
pt,maltratar,es,maltratar,transparent
pt,maluco,es,maluco,transparent
pt,malvado,es,malvado,transparent
pt,malversação,es,malversación,transparent
pt,malware,es,malware,transparent
pt,malária,es,malaria,transparent
pt,malévolo,es,malévolo,transparent
pt,malícia,es,malicia,transparent
pt,mamar,es,mama,transparent
pt,mambo,es,mambo,transparent
pt,mamã,es,mamá,transparent
pt,mamãe,es,mamá,altered
pt,mamífero,es,mamífero,transparent
pt,management,es,management,transparent
pt,manager,es,manager,transparent
pt,manancial,es,manantial,transparent
pt,manchar,es,mancha,transparent
pt,manco,es,manco,transparent
pt,mandamento,es,mandamiento,transparent
pt,mandar,es,mandar,transparent
pt,mandarim,es,mandarina,transparent
pt,mandato,es,mandato,transparent
pt,mandatário,es,mandatario,transparent
pt,mando,es,mando,transparent
pt,mandíbula,es,mandíbula,transparent
pt,manejar,es,manejar,transparent
pt,manejo,es,manejo,transparent
pt,mango,es,mango,transparent
pt,mangueira,es,manguera,transparent
pt,manha,es,maña,altered
pt,manhã,es,mañana,altered
pt,manicômio,es,manicomio,transparent
pt,manifestante,es,manifestante,transparent
pt,manifestar,es,manifestar,transparent
pt,manifestação,es,manifestación,transparent
pt,manifesto,es,manifiesto,transparent
pt,manipulador,es,manipulador,transparent
pt,manipular,es,manipular,transparent
pt,manipulação,es,manipulación,transparent
pt,manjar,es,manjar,transparent
pt,mano,es,mano,transparent
pt,manobrar,es,maniobra,altered
pt,manso,es,manso,transparent
pt,mansão,es,mansión,transparent
pt,mantar,es,manta,transparent
pt,manteiga,es,mantequilla,altered
pt,mantel,es,mantel,transparent
pt,manter,es,mantener,altered
pt,mantido,es,mantener,transparent
pt,manto,es,manto,transparent
pt,manual,es,manual,transparent
pt,manualmente,es,manualmente,transparent
pt,manufaturar,es,manufactura,transparent
pt,manufatureiro,es,manufacturero,transparent
pt,manuscrito,es,manuscrito,transparent
pt,manutenção,es,mantenimiento,altered
pt,mapa,es,mapa,transparent
pt,mapuche,es,mapuche,transparent
pt,maqueta,es,maqueta,transparent
pt,maquiagem,es,maquillaje,altered
pt,maquilhar,es,maquillar,transparent
pt,maquinar,es,maquinaria,transparent
pt,mar,es,mar,transparent
pt,maratona,es,maratón,transparent
pt,maravilhar,es,maravilla,transparent
pt,maravilhoso,es,maravilloso,transparent
pt,marcador,es,marcador,transparent
pt,marcar,es,marca,transparent
pt,marchar,es,marcha,transparent
pt,marcial,es,marcial,transparent
pt,marciano,es,marciano,transparent
pt,marear,es,marear,transparent
pt,marechal,es,mariscal,altered
pt,marfim,es,marfil,altered
pt,margarida,es,margarita,altered
pt,margem,es,margen,altered
pt,marginal,es,marginal,transparent
pt,marginalizar,es,marginar,altered
pt,maria,es,maria,transparent
pt,mariachi,es,mariachi,transparent
pt,marido,es,marido,transparent
pt,marinar,es,marinar,transparent
pt,marinheiro,es,marinero,altered
pt,marinho,es,marino,transparent
pt,marionete,es,marioneta,altered
pt,mariquice,es,marica,altered
pt,marisco,es,marisco,transparent
pt,marketing,es,marketing,transparent
pt,marmelada,es,mermelada,altered
pt,marquês,es,marqués,transparent
pt,marroquino,es,marrueco,altered
pt,marselha,es,marsella,altered
pt,marte,es,marte,transparent
pt,martelo,es,martillo,altered
pt,martim,es,martín,transparent
pt,martírio,es,martirio,transparent
pt,marxismo,es,marxismo,transparent
pt,marxista,es,marxista,transparent
pt,março,es,marzo,altered
pt,maré,es,marea,transparent
pt,marítimo,es,marítimo,transparent
pt,mas,es,mas,transparent
pt,mascar,es,mascar,transparent
pt,masculinidade,es,masculinidad,transparent
pt,masculino,es,masculino,transparent
pt,masmorra,es,mazmorra,altered
pt,massa,es,masa,transparent
pt,massacrar,es,masacrar,transparent
pt,massacre,es,masacre,altered
pt,massagem,es,masaje,altered
pt,massivamente,es,masivamente,transparent
pt,massivo,es,masivo,transparent
pt,master,es,master,transparent
pt,mastigar,es,masticar,altered
pt,mastro,es,mástil,altered
pt,masturbar,es,masturbar,transparent
pt,masturbação,es,masturbación,transparent
pt,matador,es,matador,transparent
pt,matadouro,es,matadero,altered
pt,matança,es,matanza,altered
pt,matar,es,matar,transparent
pt,mate,es,mate,transparent
pt,matemático,es,matemática,transparent
pt,material,es,material,transparent
pt,materializar,es,materializar,transparent
pt,maternal,es,maternal,transparent
pt,maternidade,es,maternidad,transparent
pt,materno,es,materno,transparent
pt,matilde,es,matilda,altered
pt,matinal,es,matinal,transparent
pt,matiz,es,matiz,transparent
pt,matizar,es,matizar,transparent
pt,matricular,es,matricular,transparent
pt,matrimonial,es,matrimonial,transparent
pt,matrimónio,es,matrimonio,transparent
pt,matriz,es,matriz,transparent
pt,matrícula,es,matrícula,transparent
pt,maturação,es,maduración,altered
pt,matutino,es,matutino,transparent
pt,matão,es,matón,altered
pt,matéria,es,materia,transparent
pt,mau,es,malo,altered
pt,mauritânia,es,mauritania,transparent
pt,mausoléu,es,mausoleo,transparent
pt,max,es,max,transparent
pt,maxi,es,maxi,transparent
pt,maximizar,es,maximizar,transparent
pt,maço,es,mazo,altered
pt,maçom,es,masón,altered
pt,maçonaria,es,masonería,altered
pt,maçã,es,manzana,altered
pt,mecanismo,es,mecanismo,transparent
pt,mechar,es,mecha,transparent
pt,mecânico,es,mecánico,transparent
pt,medalhar,es,medalla,altered
pt,mediador,es,mediador,transparent
pt,medianamente,es,medianamente,transparent
pt,mediano,es,mediana,transparent
pt,mediante,es,mediante,transparent
pt,mediar,es,mediar,transparent
pt,mediação,es,mediación,transparent
pt,medicamento,es,medicamento,transparent
pt,medicar,es,medicar,transparent
pt,medicação,es,medicación,transparent
pt,medicinal,es,medicinal,transparent
pt,medicinar,es,medicina,transparent
pt,medidor,es,medidor,transparent
pt,medieval,es,medieval,transparent
pt,mediocridade,es,mediocridad,transparent
pt,medir,es,medida,transparent
pt,meditar,es,meditar,transparent
pt,meditação,es,meditación,altered
pt,mediterrâneo,es,mediterráneo,altered
pt,mediático,es,mediático,transparent
pt,medição,es,medición,transparent
pt,medo,es,miedo,altered
pt,medular,es,médula,transparent
pt,medusa,es,medusa,transparent
pt,medíocre,es,mediocre,transparent
pt,mega,es,mega,transparent
pt,meia-noite,es,medianoche,altered
pt,meio,es,medio,altered
pt,meio-dia,es,mediodía,transparent
pt,meios,es,medio,transparent
pt,mel,es,miel,altered
pt,melancolia,es,melancolía,transparent
pt,melancólico,es,melancólico,transparent
pt,melena,es,melena,transparent
pt,melhor,es,mejor,altered
pt,melhoramento,es,mejoramiento,altered
pt,melhorar,es,mejorar,altered
pt,melhoria,es,mejoría,altered
pt,melodiar,es,melodía,transparent
pt,melão,es,melón,altered
pt,melódico,es,melódico,transparent
pt,membrana,es,membrana,transparent
pt,membro,es,miembro,altered
pt,meme,es,meme,transparent
pt,memo,es,memo,transparent
pt,memorial,es,memorial,transparent
pt,memorizar,es,memorizar,transparent
pt,memorável,es,memorable,altered
pt,memória,es,memoria,transparent
pt,memórias,es,memoria,transparent
pt,mencionar,es,mencionar,transparent
pt,mendigar,es,mendigar,transparent
pt,mendigo,es,mendigo,transparent
pt,menino,es,niño,altered
pt,menor,es,menor,transparent
pt,menos,es,menos,transparent
pt,menosprezar,es,menospreciar,altered
pt,mensageiro,es,mensajero,altered
pt,mensagem,es,mensaje,altered
pt,mensageria,es,mensajería,transparent
pt,mensal,es,mensual,transparent
pt,menta,es,menta,transparent
pt,mental,es,mental,transparent
pt,mentalidade,es,mentalidad,transparent
pt,mentalmente,es,mentalmente,transparent
pt,mentiroso,es,mentiroso,transparent
pt,mentor,es,mentor,transparent
pt,menu,es,menú,transparent
pt,menção,es,mención,transparent
pt,meramente,es,meramente,transparent
pt,mercador,es,mercader,altered
pt,mercadoria,es,mercadería,altered
pt,mercante,es,mercante,transparent
pt,mercantil,es,mercantil,transparent
pt,mercantilismo,es,mercantilismo,transparent
pt,mercantilista,es,mercantilista,transparent
pt,mercar,es,mercado,transparent
pt,mercenário,es,mercenario,transparent
pt,mercê,es,merced,altered
pt,mercúrio,es,mercurio,transparent
pt,merda,es,mierda,altered
pt,merecedor,es,merecedor,transparent
pt,merecer,es,merecer,transparent
pt,merecido,es,merecido,transparent
pt,merendar,es,merienda,altered
pt,merengue,es,merengue,transparent
pt,meridiano,es,meridiano,transparent
pt,meridional,es,meridional,transparent
pt,merino,es,merino,transparent
pt,mero,es,mero,transparent
pt,mesa,es,mesa,transparent
pt,mesada,es,mesada,transparent
pt,meseta,es,meseta,transparent
pt,mesmo,es,mismo,transparent
pt,mesquinho,es,mezquino,altered
pt,mesquita,es,mezquita,altered
pt,messias,es,mesías,transparent
pt,mestiço,es,mestizo,altered
pt,mestre,es,maestro,altered
pt,mestria,es,maestría,altered
pt,metabolismo,es,metabolismo,transparent
pt,metabólico,es,metabólico,transparent
pt,metade,es,mitad,altered
pt,metafísico,es,metafísica,transparent
pt,metal,es,metal,transparent
pt,metalúrgico,es,metalúrgico,transparent
pt,metamorfose,es,metamorfosis,altered
pt,metano,es,metano,transparent
pt,meteorito,es,meteorito,transparent
pt,meteorologia,es,meteorología,transparent
pt,meteorológico,es,meteorológico,transparent
pt,meter,es,meter,transparent
pt,metido,es,metido,transparent
pt,metodologia,es,metodología,transparent
pt,metodológico,es,metodológico,transparent
pt,metralhador,es,ametralladora,altered
pt,metro,es,metro,transparent
pt,metropolitano,es,metropolitano,transparent
pt,metrópole,es,metrópolis,altered
pt,metrô,es,metro,transparent
pt,metrôs,es,metro,transparent
pt,metáfora,es,metáfora,transparent
pt,metálico,es,metálico,transparent
pt,mexer,es,mecer,altered
pt,mexicano,es,mexicano,transparent
pt,mica,es,mica,transparent
pt,mico,es,mico,transparent
pt,micro,es,micro,transparent
pt,microfone,es,micrófono,altered
pt,microrganismo,es,microorganismo,transparent
pt,microscópico,es,microscópico,transparent
pt,microscópio,es,microscopio,transparent
pt,migrante,es,migrante,transparent
pt,migrar,es,migrar,transparent
pt,migratório,es,migratorio,transparent
pt,migração,es,migración,transparent
pt,mil,es,mil,transparent
pt,milagre,es,milagro,altered
pt,milagroso,es,milagroso,transparent
pt,milanês,es,milanés,transparent
pt,milenário,es,milenario,transparent
pt,milhão,es,millón,altered
pt,miliciano,es,miliciano,transparent
pt,miligrama,es,miligramo,transparent
pt,mililitro,es,mililitro,transparent
pt,milionário,es,millonario,altered
pt,milissegundo,es,milisegundo,transparent
pt,militante,es,militante,transparent
pt,militar,es,militar,transparent
pt,militância,es,militancia,transparent
pt,milk,es,milk,transparent
pt,milênio,es,milenio,altered
pt,milícia,es,milicia,transparent
pt,milímetro,es,milímetro,transparent
pt,mimar,es,mimar,transparent
pt,mimo,es,mimo,transparent
pt,minar,es,mina,transparent
pt,mineiro,es,minero,altered
pt,mineral,es,mineral,transparent
pt,mineração,es,minería,altered
pt,mini,es,mini,transparent
pt,miniaturar,es,miniatura,transparent
pt,minimizar,es,minimizar,transparent
pt,ministerial,es,ministerial,transparent
pt,ministrar,es,ministrar,transparent
pt,ministração,es,ministración,altered
pt,ministro,es,ministro,transparent
pt,ministério,es,ministerio,transparent
pt,minoria,es,minoría,transparent
pt,minoritário,es,minoritario,transparent
pt,minucioso,es,minucioso,transparent
pt,minuto,es,minuto,transparent
pt,minúsculo,es,minúscula,transparent
pt,mirador,es,mirador,transparent
pt,mirar,es,mirar,transparent
pt,misericordioso,es,misericordioso,transparent
pt,misericórdia,es,misericordia,transparent
pt,miserável,es,miserable,altered
pt,missar,es,misa,transparent
pt,missionário,es,misionero,altered
pt,missão,es,misión,altered
pt,mister,es,mister,transparent
pt,misteriosamente,es,misteriosamente,transparent
pt,misterioso,es,misterioso,transparent
pt,misto,es,mixto,transparent
pt,misturar,es,mezclar,altered
pt,mistério,es,misterio,transparent
pt,miséria,es,miseria,transparent
pt,mitigar,es,mitigar,transparent
pt,mito,es,mito,transparent
pt,mitologia,es,mitología,transparent
pt,mitológico,es,mitológico,transparent
pt,mix,es,mix,transparent
pt,miúdo,es,menudo,altered
pt,mobilidade,es,movilidad,altered
pt,mobilizar,es,movilizar,altered
pt,mobilização,es,movilización,altered
pt,mobiliário,es,mobiliario,transparent
pt,mochila,es,mochila,transparent
pt,moda,es,moda,transparent
pt,modal,es,modales,altered
pt,modalidade,es,modalidad,transparent
pt,modelar,es,modelar,transparent
pt,modelo,es,modelo,transparent
pt,moderador,es,moderador,transparent
pt,moderar,es,moderado,transparent
pt,moderação,es,moderación,transparent
pt,modernidade,es,modernidad,transparent
pt,modernismo,es,modernismo,transparent
pt,modernista,es,modernista,transparent
pt,modernizar,es,modernizar,transparent
pt,modernização,es,modernización,transparent
pt,moderno,es,moderno,transparent
pt,modesto,es,modesto,transparent
pt,modificar,es,modificar,transparent
pt,modificação,es,modificación,transparent
pt,modo,es,modo,transparent
pt,modular,es,modular,transparent
pt,modus,es,modus,transparent
pt,modéstia,es,modestia,transparent
pt,moeda,es,moneda,altered
pt,moer,es,moler,altered
pt,mofo,es,moho,altered
pt,moinho,es,molino,altered
pt,mola,es,mola,transparent
pt,molar,es,molar,transparent
pt,moldar,es,moldeado,altered
pt,molde,es,molde,transparent
pt,molecular,es,molecular,transparent
pt,molestar,es,molestar,transparent
pt,molesto,es,molesto,transparent
pt,molhar,es,mojar,altered
pt,molho,es,manojo,altered
pt,molécula,es,molécula,transparent
pt,momento,es,momento,transparent
pt,monarca,es,monarca,transparent
pt,monarquia,es,monarquía,transparent
pt,mondar,es,mondar,transparent
pt,monetário,es,monetario,transparent
pt,monge,es,monje,transparent
pt,mongol,es,mongol,transparent
pt,monitor,es,monitor,transparent
pt,monitorar,es,monitorear,altered
pt,mono,es,mono,transparent
pt,monociclo,es,monociclo,transparent
pt,monografia,es,monografía,transparent
pt,monopólio,es,monopolio,transparent
pt,monsenhor,es,monseñor,altered
pt,monstro,es,monstruo,altered
pt,monstruoso,es,monstruoso,transparent
pt,montagem,es,montaje,altered
pt,montanha,es,montaña,altered
pt,montanhoso,es,montañoso,transparent
pt,montano,es,montano,transparent
pt,montar,es,montar,transparent
pt,monte,es,monte,transparent
pt,monteiro,es,montero,altered
pt,montevidéu,es,montevideo,altered
pt,montão,es,montón,altered
pt,monumental,es,monumental,transparent
pt,monumento,es,monumento,transparent
pt,monárquico,es,monárquico,transparent
pt,monção,es,monzón,altered
pt,monólogo,es,monólogo,transparent
pt,moradia,es,morada,altered
pt,morador,es,morador,transparent
pt,moral,es,moral,transparent
pt,moralidade,es,moralidad,transparent
pt,moralmente,es,moralmente,transparent
pt,morar,es,morar,transparent
pt,morbo,es,morbo,transparent
pt,morcego,es,murciélago,altered
pt,mordaça,es,mordaza,altered
pt,mordedura,es,mordedura,transparent
pt,morder,es,morder,transparent
pt,mordido,es,mordisco,altered
pt,mordomia,es,mayordomía,altered
pt,mordomo,es,mayordomo,altered
pt,moreno,es,moreno,transparent
pt,morfologia,es,morfología,transparent
pt,morgue,es,morgue,transparent
pt,moribundo,es,moribundo,transparent
pt,morrer,es,morir,altered
pt,morro,es,morro,transparent
pt,mortal,es,mortal,transparent
pt,mortalidade,es,mortalidad,transparent
pt,morte,es,muerte,altered
pt,morteiro,es,mortero,transparent
pt,morto,es,muerto,altered
pt,mortífero,es,mortífero,transparent
pt,mosaico,es,mosaico,transparent
pt,moscar,es,mosca,transparent
pt,moscou,es,moscú,altered
pt,mosquito,es,mosquito,transparent
pt,mostarda,es,mostaza,altered
pt,mosteiro,es,monasterio,altered
pt,mostrador,es,mostrador,transparent
pt,mostrar,es,mostrar,transparent
pt,mota,es,mota,transparent
pt,motel,es,motel,transparent
pt,motim,es,motín,altered
pt,motivar,es,motivar,transparent
pt,motivação,es,motivación,transparent
pt,motivo,es,motivo,transparent
pt,moto,es,moto,transparent
pt,motocicleta,es,motocicleta,transparent
pt,motociclista,es,motociclista,transparent
pt,motor,es,motor,transparent
pt,motorista,es,motorista,transparent
pt,motriz,es,motriz,transparent
pt,mouro,es,moro,altered
pt,mouse,es,mouse,transparent
pt,mover,es,mover,transparent
pt,movido,es,mover,transparent
pt,movimento,es,movimiento,transparent
pt,moço,es,muchacho,altered
pt,moção,es,moción,transparent
pt,mu,es,mu,transparent
pt,muco,es,moco,altered
pt,mucoso,es,mucosa,transparent
pt,mudança,es,mudanza,transparent
pt,mudar,es,mudar,transparent
pt,mudo,es,mudo,transparent
pt,muela,es,muela,transparent
pt,muito,es,mucho,altered
pt,muleta,es,muleta,transparent
pt,mulher,es,mujer,altered
pt,mulo,es,mulo,transparent
pt,multar,es,multa,transparent
pt,multi,es,multi,transparent
pt,multidão,es,multitud,altered
pt,multilateral,es,multilateral,transparent
pt,multimilionário,es,multimillonario,transparent
pt,multimédia,es,multimedia,altered
pt,multinacional,es,multinacional,transparent
pt,multiplicador,es,multiplicador,transparent
pt,multiplicar,es,multiplicar,transparent
pt,multiplicação,es,multiplicación,transparent
pt,mundano,es,mundano,transparent
pt,mundial,es,mundial,transparent
pt,mundialmente,es,mundialmente,transparent
pt,mundo,es,mundo,transparent
pt,municipal,es,municipal,transparent
pt,municipalidade,es,municipalidad,transparent
pt,município,es,municipio,transparent
pt,munição,es,munición,transparent
pt,mural,es,mural,transparent
pt,muralhar,es,muralla,altered
pt,murmurar,es,murmurar,transparent
pt,murmúrio,es,murmullo,altered
pt,muro,es,muro,transparent
pt,musa,es,musa,transparent
pt,muscular,es,muscular,transparent
pt,musculatura,es,musculatura,transparent
pt,musculação,es,musculación,transparent
pt,musculoso,es,musculoso,transparent
pt,museu,es,museo,altered
pt,musical,es,musical,transparent
pt,mutante,es,mutante,transparent
pt,mutar,es,mutar,transparent
pt,mutação,es,mutación,transparent
pt,mutilar,es,mutilado,transparent
pt,mutuamente,es,mutuamente,transparent
pt,muçulmano,es,musulmán,altered
pt,máfia,es,mafia,altered
pt,mágico,es,mágico,transparent
pt,málaga,es,málaga,transparent
pt,máquina,es,máquina,transparent
pt,mármore,es,mármol,altered
pt,mártir,es,mártir,transparent
pt,máscara,es,máscara,transparent
pt,máximo,es,máximo,transparent
pt,mãe,es,madre,altered
pt,mão,es,mano,altered
pt,médico,es,médico,transparent
pt,médio,es,medio,transparent
pt,médium,es,médium,transparent
pt,mérito,es,mérito,transparent
pt,método,es,método,transparent
pt,métrico,es,métrica,transparent
pt,méxico,es,méxico,transparent
pt,mês,es,mes,altered
pt,mínimo,es,mínimo,transparent
pt,míssil,es,misil,altered
pt,místico,es,mística,transparent
pt,mítico,es,mítico,transparent
pt,módulo,es,módulo,transparent
pt,mónaco,es,mónaco,transparent
pt,mórmon,es,mormón,transparent
pt,móvel,es,móvil,altered
pt,múltiplo,es,múltiple,altered
pt,múmia,es,momia,altered
pt,músculo,es,músculo,transparent
pt,músico,es,música,transparent
pt,mútuo,es,mutuo,transparent
pt,nabo,es,nabo,transparent
pt,nacional,es,nacional,transparent
pt,nacionalidade,es,nacionalidad,transparent
pt,nacionalismo,es,nacionalismo,transparent
pt,nacionalista,es,nacionalista,transparent
pt,nacionalizar,es,nacionalizar,transparent
pt,nacionalização,es,nacionalización,transparent
pt,nadador,es,nadador,transparent
pt,nadar,es,nada,transparent
pt,nafta,es,nafta,transparent
pt,naipe,es,naipe,transparent
pt,nanar,es,nana,transparent
pt,napolitano,es,napolitano,transparent
pt,narciso,es,narciso,transparent
pt,narco,es,narco,transparent
pt,narcotraficante,es,narcotraficante,transparent
pt,narcotráfico,es,narcotráfico,transparent
pt,narcótico,es,narcótico,transparent
pt,nariz,es,nariz,transparent
pt,narrador,es,narrador,transparent
pt,narrar,es,narrar,transparent
pt,narrativo,es,narrativa,transparent
pt,narração,es,narración,transparent
pt,nasal,es,nasal,transparent
pt,nascente,es,naciente,altered
pt,nascer,es,nacer,altered
pt,nascido,es,nacido,altered
pt,nascimento,es,nacimiento,altered
pt,natal,es,natal,transparent
pt,natalidade,es,natalidad,transparent
pt,natalino,es,navideño,altered
pt,natação,es,natación,transparent
pt,nativo,es,nativo,transparent
pt,nato,es,nato,transparent
pt,natura,es,natura,transparent
pt,natural,es,natural,transparent
pt,naturalidade,es,naturalidad,transparent
pt,naturalista,es,naturalista,transparent
pt,naturalmente,es,naturalmente,transparent
pt,natureza,es,naturaleza,altered
pt,naufragar,es,naufragar,transparent
pt,naufrágio,es,naufragio,transparent
pt,naval,es,naval,transparent
pt,navalhar,es,navaja,altered
pt,navarro,es,navarro,transparent
pt,nave,es,nave,transparent
pt,navegador,es,navegador,transparent
pt,navegante,es,navegante,transparent
pt,navegar,es,navegar,transparent
pt,navegação,es,navegación,altered
pt,navio,es,navío,transparent
pt,nazareno,es,nazareno,transparent
pt,nazi,es,nazi,transparent
pt,nazismo,es,nazismo,transparent
pt,nação,es,nación,transparent
pt,neblinar,es,niebla,altered
pt,nebuloso,es,nebulosa,transparent
pt,necessariamente,es,necesariamente,transparent
pt,necessidade,es,necesidad,transparent
pt,necessitar,es,necesitar,transparent
pt,necessário,es,necesario,transparent
pt,nefasto,es,nefasto,transparent
pt,negar,es,negar,transparent
pt,negativamente,es,negativamente,transparent
pt,negativar,es,negativa,transparent
pt,negativo,es,negativo,transparent
pt,negação,es,negación,transparent
pt,negligência,es,negligencia,altered
pt,negociador,es,negociador,transparent
pt,negociar,es,negociar,transparent
pt,negociação,es,negociación,altered
pt,negociável,es,negociable,transparent
pt,negro,es,negro,transparent
pt,negócio,es,negocio,transparent
pt,nene,es,nene,transparent
pt,nenhum,es,ningun,altered
pt,neoliberal,es,neoliberal,transparent
pt,neoliberalismo,es,neoliberalismo,transparent
pt,neon,es,neón,transparent
pt,neonazi,es,neonazi,transparent
pt,nepotismo,es,nepotismo,transparent
pt,nerd,es,nerd,transparent
pt,nervo,es,nervio,altered
pt,nervoso,es,nervioso,transparent
pt,neto,es,nieto,altered
pt,network,es,network,transparent
pt,neurológico,es,neurológico,transparent
pt,neuronal,es,neuronal,transparent
pt,neutral,es,neutral,transparent
pt,neutralidade,es,neutralidad,transparent
pt,neutralizar,es,neutralizar,transparent
pt,neutro,es,neutro,transparent
pt,nevar,es,nevada,altered
pt,neve,es,nieve,altered
pt,nexo,es,nexo,transparent
pt,nicarágua,es,nicaragua,altered
pt,nicho,es,nicho,transparent
pt,nigeriano,es,nigeriano,transparent
pt,ninfa,es,ninfa,transparent
pt,ninho,es,nido,altered
pt,ninja,es,ninja,transparent
pt,nitrogénio,es,nitrógeno,transparent
pt,nivelar,es,nivelar,transparent
pt,nobre,es,noble,altered
pt,nobreza,es,nobleza,altered
pt,nocivo,es,nocivo,transparent
pt,nocturno,es,nocturno,transparent
pt,nodo,es,nodo,transparent
pt,noite,es,noche,altered
pt,noivar,es,noviazgo,altered
pt,noivo,es,novio,altered
pt,nome,es,nombre,altered
pt,nomear,es,nombrar,altered
pt,nomeação,es,nombramiento,altered
pt,nomenclatura,es,nomenclatura,transparent
pt,nominal,es,nominal,transparent
pt,nominar,es,nominar,transparent
pt,nono,es,noveno,altered
pt,nordeste,es,nordeste,transparent
pt,norma,es,norma,transparent
pt,normal,es,normal,transparent
pt,normalidade,es,normalidad,transparent
pt,normalista,es,normalista,transparent
pt,normalizar,es,normalizar,transparent
pt,normalização,es,normalización,transparent
pt,normalmente,es,normalmente,transparent
pt,normativo,es,normativa,transparent
pt,noroeste,es,noroeste,transparent
pt,norte,es,norte,transparent
pt,norteamericano,es,norteamericano,transparent
pt,norueguês,es,noruego,altered
pt,nostalgia,es,nostalgia,transparent
pt,nostálgico,es,nostálgico,transparent
pt,notavelmente,es,notablemente,altered
pt,noticiário,es,noticiero,altered
pt,notificar,es,notificar,transparent
pt,notificação,es,notificación,transparent
pt,notoriamente,es,notoriamente,transparent
pt,notoriedade,es,notoriedad,transparent
pt,notário,es,notario,transparent
pt,notável,es,notable,transparent
pt,notícia,es,noticia,transparent
pt,notório,es,notorio,transparent
pt,novaiorquino,es,neoyorquino,altered
pt,novamente,es,nuevamente,altered
pt,novato,es,novato,transparent
pt,nove,es,nueve,altered
pt,novecentos,es,novecientos,altered
pt,novelar,es,novela,transparent
pt,novelista,es,novelista,transparent
pt,novembro,es,noviembre,altered
pt,noventa,es,noventa,transparent
pt,novidade,es,novedad,altered
pt,novo,es,nuevo,altered
pt,noz,es,nuez,altered
pt,noção,es,noción,transparent
pt,nu,es,nudo,altered
pt,nublar,es,nublado,transparent
pt,nuca,es,nuca,transparent
pt,nuclear,es,nuclear,transparent
pt,nudez,es,desnudez,altered
pt,nulidade,es,nulidad,transparent
pt,nulo,es,nulo,transparent
pt,numeral,es,numeral,transparent
pt,numerar,es,numerar,transparent
pt,numeração,es,numeración,transparent
pt,numeroso,es,numeroso,transparent
pt,numérico,es,numérico,transparent
pt,nunca,es,nunca,transparent
pt,nutricional,es,nutricional,transparent
pt,nutriente,es,nutriente,transparent
pt,nutrir,es,nutrir,transparent
pt,nutritivo,es,nutritivo,transparent
pt,nutrição,es,nutrición,transparent
pt,nuvem,es,nube,altered
pt,nádega,es,nalga,altered
pt,náusea,es,náusea,transparent
pt,náutico,es,náutica,transparent
pt,não,es,no,altered
pt,néscio,es,necio,altered
pt,nítido,es,nítido,transparent
pt,nível,es,nivel,transparent
pt,nó,es,nudo,altered
pt,nórdico,es,nórdico,transparent
pt,nômade,es,nómada,transparent
pt,núcleo,es,núcleo,transparent
pt,número,es,número,transparent
pt,oasis,es,oasis,transparent
pt,obedecer,es,obedecer,transparent
pt,obediente,es,obediente,transparent
pt,obediência,es,obediencia,transparent
pt,obelisco,es,obelisco,transparent
pt,obesidade,es,obesidad,transparent
pt,obeso,es,obeso,transparent
pt,objectivo,es,objetivo,transparent
pt,objetar,es,objetar,transparent
pt,objetivamente,es,objetivamente,transparent
pt,objetivar,es,objetivar,transparent
pt,objetividade,es,objetividad,transparent
pt,objetivo,es,objetivo,transparent
pt,objeto,es,objeto,transparent
pt,objeção,es,objeción,transparent
pt,obrador,es,obrador,transparent
pt,obrar,es,obra,transparent
pt,obrigar,es,obligar,altered
pt,obrigatoriamente,es,obligatoriamente,altered
pt,obrigatório,es,obligatorio,altered
pt,obrigação,es,obligación,transparent
pt,obsceno,es,obsceno,transparent
pt,obscuridade,es,oscuridad,altered
pt,obscuro,es,obscuro,transparent
pt,observador,es,observador,transparent
pt,observar,es,observar,transparent
pt,observatório,es,observatorio,transparent
pt,observação,es,observación,transparent
pt,obsessivo,es,obsesivo,transparent
pt,obsessão,es,obsesión,transparent
pt,obsoleto,es,obsoleto,transparent
pt,obstante,es,obstante,transparent
pt,obstinação,es,obstinación,transparent
pt,obstruir,es,obstruir,transparent
pt,obstrução,es,obstrucción,transparent
pt,obstáculo,es,obstáculo,transparent
pt,obséquio,es,obsequio,transparent
pt,obtenção,es,obtención,transparent
pt,obter,es,obtener,altered
pt,obviamente,es,obviamente,transparent
pt,obviar,es,obviar,transparent
pt,ocar,es,oca,transparent
pt,ocasional,es,ocasional,transparent
pt,ocasionalmente,es,ocasionalmente,transparent
pt,ocasionar,es,ocasionar,transparent
pt,ocasião,es,ocasión,transparent
pt,ocaso,es,ocaso,transparent
pt,oceano,es,océano,transparent
pt,oceânico,es,oceánico,transparent
pt,ocidental,es,occidental,transparent
pt,ocidente,es,occidente,transparent
pt,ocioso,es,ocioso,transparent
pt,oco,es,hueco,altered
pt,ocorrer,es,ocurrir,altered
pt,ocorrido,es,ocurrir,transparent
pt,ocorrência,es,ocurrencia,altered
pt,ocular,es,ocular,transparent
pt,ocultar,es,ocultar,transparent
pt,oculto,es,oculto,transparent
pt,ocupacional,es,ocupacional,transparent
pt,ocupante,es,ocupante,transparent
pt,ocupar,es,ocupar,transparent
pt,ocupação,es,ocupación,transparent
pt,oda,es,oda,transparent
pt,odiar,es,odiar,transparent
pt,odioso,es,odioso,transparent
pt,odisseia,es,odisea,altered
pt,odisseu,es,odiseo,altered
pt,odontologia,es,odontología,transparent
pt,odor,es,olor,altered
pt,oeste,es,oeste,transparent
pt,ofender,es,ofender,transparent
pt,ofensivo,es,ofensiva,transparent
pt,ofenso,es,ofensa,transparent
pt,oferecer,es,ofrecer,altered
pt,oferecido,es,ofrecer,altered
pt,oferecimento,es,ofrecimiento,altered
pt,ofertar,es,oferta,transparent
pt,office,es,office,transparent
pt,offline,es,offline,transparent
pt,oficial,es,oficial,transparent
pt,oficialismo,es,oficialismo,transparent
pt,oficialmente,es,oficialmente,transparent
pt,oficiar,es,oficiar,transparent
pt,ofício,es,oficio,transparent
pt,oitavar,es,octava,altered
pt,oitavo,es,octavo,altered
pt,oitenta,es,ochenta,altered
pt,oito,es,ocho,altered
pt,oitocentos,es,ochocientos,altered
pt,ok,es,ok,transparent
pt,oleoso,es,oleoso,transparent
pt,olfato,es,olfato,transparent
pt,olhar,es,ojear,altered
pt,olho,es,ojo,altered
pt,oligarca,es,oligarca,transparent
pt,oligarquia,es,oligarquía,transparent
pt,olimpo,es,olimpo,transparent
pt,olimpíada,es,olimpiada,altered
pt,oliva,es,oliva,transparent
pt,oliveira,es,olivo,altered
pt,olla,es,olla,transparent
pt,olmo,es,olmo,transparent
pt,olvidar,es,olvidar,transparent
pt,olvido,es,olvido,transparent
pt,olímpico,es,olímpico,transparent
pt,ombro,es,hombro,altered
pt,omisso,es,omiso,altered
pt,omissão,es,omisión,transparent
pt,omitir,es,omitir,transparent
pt,omã,es,omán,transparent
pt,onda,es,onda,transparent
pt,onde,es,donde,transparent
pt,ondulante,es,ondulante,transparent
pt,ondular,es,ondular,transparent
pt,online,es,online,transparent
pt,onu,es,onu,transparent
pt,onze,es,once,altered
pt,onça,es,onza,altered
pt,opcional,es,opcional,transparent
pt,operacional,es,operacional,transparent
pt,operador,es,operador,transparent
pt,operar,es,operar,transparent
pt,operativo,es,operativo,transparent
pt,operação,es,operación,altered
pt,opinar,es,opinar,transparent
pt,opinião,es,opinión,transparent
pt,oponente,es,oponente,transparent
pt,opor,es,oponer,altered
pt,oportunamente,es,oportunamente,transparent
pt,oportunidade,es,oportunidad,transparent
pt,oportunista,es,oportunista,transparent
pt,oportuno,es,oportuno,transparent
pt,opositor,es,opositor,transparent
pt,oposição,es,oposición,transparent
pt,oposto,es,oponer,altered
pt,opressor,es,opresor,transparent
pt,opressão,es,opresión,altered
pt,oprimir,es,oprimir,transparent
pt,optar,es,optar,transparent
pt,optimista,es,optimista,transparent
pt,opção,es,opción,transparent
pt,orador,es,orador,transparent
pt,oral,es,oral,transparent
pt,orar,es,orar,transparent
pt,oratório,es,oratoria,transparent
pt,oração,es,oración,transparent
pt,orbe,es,orbe,transparent
pt,orbitar,es,orbitar,transparent
pt,ordem,es,orden,altered
pt,ordenamento,es,ordenamiento,transparent
pt,ordenança,es,ordenanza,transparent
pt,ordenar,es,ordenar,transparent
pt,ordenação,es,ordenación,transparent
pt,ordenhar,es,ordeñar,altered
pt,ordinário,es,ordinario,transparent
pt,orelhar,es,oreja,altered
pt,orfanato,es,orfanato,transparent
pt,organismo,es,organismo,transparent
pt,organizacional,es,organizacional,transparent
pt,organizador,es,organizador,transparent
pt,organizar,es,organizar,transparent
pt,organizativo,es,organizativo,transparent
pt,organização,es,organización,transparent
pt,orgasmo,es,orgasmo,transparent
pt,orgia,es,orgía,transparent
pt,orgulhar,es,enorgullecer,altered
pt,orgulho,es,orgullo,altered
pt,orgulhoso,es,orgulloso,altered
pt,orgânico,es,orgánico,altered
pt,orientador,es,orientador,transparent
pt,oriental,es,oriental,transparent
pt,orientar,es,orientar,transparent
pt,orientação,es,orientación,transparent
pt,oriente,es,oriente,transparent
pt,orifício,es,orificio,transparent
pt,origem,es,origen,altered
pt,original,es,original,transparent
pt,originalidade,es,originalidad,transparent
pt,originalmente,es,originalmente,transparent
pt,originar,es,originar,transparent
pt,originário,es,originario,transparent
pt,oriundo,es,oriundo,transparent
pt,orlar,es,orilla,altered
pt,ornamentar,es,ornamentar,transparent
pt,orquestrar,es,orquesta,altered
pt,orquídea,es,orquídea,transparent
pt,ortodoxo,es,ortodoxo,transparent
pt,ortografia,es,ortografía,transparent
pt,ortográfico,es,ortográfico,transparent
pt,oráculo,es,oráculo,transparent
pt,oscar,es,óscar,transparent
pt,oscilar,es,oscilar,transparent
pt,osso,es,hueso,altered
pt,ostentar,es,ostentar,transparent
pt,ostra,es,ostra,transparent
pt,otimismo,es,optimismo,altered
pt,otimizar,es,optimizar,altered
pt,otimização,es,optimización,altered
pt,otomano,es,otomano,transparent
pt,ou,es,o,transparent
pt,ouro,es,oro,altered
pt,ousar,es,osar,altered
pt,outono,es,otoño,altered
pt,outorgar,es,otorgar,transparent
pt,output,es,output,transparent
pt,outro,es,otro,transparent
pt,outrora,es,otrora,transparent
pt,outubro,es,octubre,altered
pt,ouvir,es,oír,altered
pt,ovação,es,ovación,transparent
pt,ovelha,es,oveja,transparent
pt,ovni,es,ovni,transparent
pt,ovo,es,huevo,altered
pt,ovário,es,ovario,transparent
pt,oxalá,es,ojalá,altered
pt,oxidar,es,oxidar,transparent
pt,oxigenar,es,oxigenar,transparent
pt,oxigênio,es,oxígeno,transparent
pt,oásis,es,oasis,transparent
pt,pacer,es,pacer,transparent
pt,paciente,es,paciente,transparent
pt,pacientemente,es,pacientemente,transparent
pt,pacificamente,es,pacíficamente,transparent
pt,pacificar,es,pacificar,transparent
pt,pacifista,es,pacifista,transparent
pt,paciência,es,paciencia,transparent
pt,pacote,es,paquete,altered
pt,pacto,es,pacto,transparent
pt,pacífico,es,pacífico,transparent
pt,padaria,es,panadería,altered
pt,padecer,es,padecer,transparent
pt,padecimento,es,padecimiento,transparent
pt,padeiro,es,panadero,altered
pt,padrasto,es,padrastro,altered
pt,padre,es,padre,transparent
pt,padrinho,es,padrino,altered
pt,padrão,es,padrón,altered
pt,pagamento,es,pago,altered
pt,pagar,es,pagar,transparent
pt,paginar,es,paginar,transparent
pt,pago,es,pago,transparent
pt,pagão,es,pagano,altered
pt,pai,es,padre,altered
pt,painel,es,panel,altered
pt,pais,es,país,transparent
pt,paisa,es,paisa,transparent
pt,paisagem,es,paisaje,altered
pt,paisano,es,paisano,transparent
pt,paixão,es,pasión,altered
pt,paladar,es,paladar,transparent
pt,palavra,es,palabra,transparent
pt,palco,es,palco,transparent
pt,palestino,es,palestino,transparent
pt,paleta,es,paleta,transparent
pt,palha,es,paja,altered
pt,palhaço,es,payaso,altered
pt,palito,es,palito,transparent
pt,palmar,es,palma,transparent
pt,palmeiro,es,palmera,altered
pt,palo,es,palo,transparent
pt,palpar,es,palpar,transparent
pt,palpitar,es,palpitar,transparent
pt,palpável,es,palpable,altered
pt,palácio,es,palacio,transparent
pt,panamenho,es,panameño,altered
pt,panamericano,es,panamericano,transparent
pt,panamá,es,panama,transparent
pt,pandemia,es,pandemia,transparent
pt,pando,es,panda,transparent
pt,pandora,es,pandora,transparent
pt,panela,es,panela,transparent
pt,panfleto,es,panfleto,transparent
pt,pano,es,paño,transparent
pt,panorama,es,panorama,transparent
pt,panorâmico,es,panorámica,transparent
pt,panqueca,es,panqueques,transparent
pt,pantera,es,pantera,transparent
pt,panteão,es,panteón,transparent
pt,panturrilha,es,pantorrilla,altered
pt,pança,es,panza,altered
pt,papal,es,papal,transparent
pt,papel,es,papel,transparent
pt,papelaria,es,papelera,altered
pt,papeleta,es,papeleta,transparent
pt,papo,es,papo,transparent
pt,papua,es,papúa,transparent
pt,paquistão,es,pakistán,altered
pt,par,es,par,transparent
pt,para,es,para,transparent
pt,parabrisa,es,parabrisas,transparent
pt,parabém,es,parabién,transparent
pt,paradigma,es,paradigma,transparent
pt,paradoxalmente,es,paradójicamente,altered
pt,paradoxo,es,paradoja,altered
pt,paragem,es,paraje,altered
pt,paraguaio,es,paraguayo,altered
pt,paralelamente,es,paralelamente,transparent
pt,paralelismo,es,paralelismo,transparent
pt,paralelo,es,paralelo,transparent
pt,paralisar,es,paralizar,altered
pt,paralisia,es,parálisis,altered
pt,paralização,es,paralización,transparent
pt,paralímpico,es,paralímpico,transparent
pt,paramilitar,es,paramilitar,transparent
pt,paramédico,es,paramédico,transparent
pt,paranoia,es,paranoia,transparent
pt,paranoico,es,paranoico,transparent
pt,paranormal,es,paranormal,transparent
pt,paraquedas,es,paracaídas,altered
pt,paraquedista,es,paracaidista,altered
pt,parar,es,para,transparent
pt,parasitar,es,parásito,altered
pt,paraíso,es,paraíso,transparent
pt,parceiro,es,parcero,altered
pt,parcelar,es,parcela,transparent
pt,parcial,es,parcial,transparent
pt,parcialidade,es,parcialidad,transparent
pt,parcialmente,es,parcialmente,transparent
pt,pardo,es,pardo,transparent
pt,parecer,es,parecer,transparent
pt,parecido,es,parecido,transparent
pt,parede,es,pared,altered
pt,parelho,es,pareja,altered
pt,parente,es,pariente,altered
pt,parentesco,es,parentesco,transparent
pt,paridade,es,paridad,transparent
pt,parir,es,parir,transparent
pt,parisiense,es,parisino,altered
pt,paritário,es,paritario,transparent
pt,parlamentar,es,parlamentario,altered
pt,parlamento,es,parlamento,transparent
pt,paroquial,es,parroquial,transparent
pt,parque,es,parque,transparent
pt,parreira,es,parra,altered
pt,participante,es,participante,transparent
pt,participar,es,participar,transparent
pt,participativo,es,participativo,transparent
pt,participação,es,participación,transparent
pt,particular,es,particular,transparent
pt,particularidade,es,particularidad,transparent
pt,particularmente,es,particularmente,transparent
pt,partidário,es,partidario,altered
pt,partir,es,parte,transparent
pt,partitura,es,partitura,transparent
pt,partição,es,partición,transparent
pt,parto,es,parto,transparent
pt,partícipe,es,partícipe,transparent
pt,partícula,es,partícula,transparent
pt,parábola,es,parábola,transparent
pt,parágrafo,es,párrafo,altered
pt,parâmetro,es,parámetro,altered
pt,parêntese,es,paréntesis,altered
pt,paródia,es,parodia,transparent
pt,paróquia,es,parroquia,altered
pt,passadiço,es,pasadizo,altered
pt,passageiro,es,pasajero,altered
pt,passagem,es,pasaje,altered
pt,passante,es,pasante,transparent
pt,passaporte,es,pasaporte,altered
pt,passar,es,pasar,transparent
pt,passarela,es,pasarela,transparent
pt,passatempo,es,pasatiempo,transparent
pt,passe,es,pase,transparent
pt,passear,es,pasear,altered
pt,passeio,es,paseo,altered
pt,passional,es,pasional,transparent
pt,passivar,es,pasiva,transparent
pt,passividade,es,pasividad,altered
pt,passivo,es,pasivo,altered
pt,passo,es,paso,transparent
pt,pastel,es,pastel,transparent
pt,pastilha,es,pastilla,transparent
pt,pasto,es,pasto,transparent
pt,pastor,es,pastor,transparent
pt,pastoral,es,pastoral,transparent
pt,patada,es,patada,transparent
pt,patente,es,patente,transparent
pt,paternidade,es,paternidad,transparent
pt,paterno,es,paterno,transparent
pt,patinagem,es,patinaje,altered
pt,patinar,es,patinar,transparent
pt,patinete,es,patineta,transparent
pt,pato,es,pata,transparent
pt,patogénico,es,patógeno,altered
pt,patologia,es,patología,transparent
pt,patológico,es,patológico,transparent
pt,patriarca,es,patriarca,transparent
pt,patriarcado,es,patriarcado,transparent
pt,patriarcal,es,patriarcal,transparent
pt,patrimonial,es,patrimonial,transparent
pt,patrimônio,es,patrimonio,altered
pt,patriota,es,patriota,transparent
pt,patriotismo,es,patriotismo,transparent
pt,patriótico,es,patriótico,transparent
pt,patrocinador,es,patrocinador,transparent
pt,patrocinar,es,patrocinar,transparent
pt,patrocínio,es,patrocinio,transparent
pt,patronal,es,patronal,transparent
pt,patronato,es,patronato,transparent
pt,patrono,es,patrono,transparent
pt,patrulhar,es,patrulla,altered
pt,patrulheiro,es,patrullero,altered
pt,patrão,es,patrón,altered
pt,patrício,es,patricio,transparent
pt,patético,es,patético,transparent
pt,pau,es,palo,altered
pt,paulatinamente,es,paulatinamente,transparent
pt,paulatino,es,paulatino,transparent
pt,pausar,es,pausa,transparent
pt,pautar,es,pauta,transparent
pt,pavilhão,es,pabellón,altered
pt,pavimentar,es,pavimentar,transparent
pt,pavimento,es,pavimento,transparent
pt,pavor,es,pavor,transparent
pt,pavão,es,pavo,altered
pt,paz,es,paz,transparent
pt,país,es,país,transparent
pt,pecador,es,pecador,transparent
pt,pecar,es,pecado,transparent
pt,peculiar,es,peculiar,transparent
pt,peculiaridade,es,peculiaridad,transparent
pt,pedagogia,es,pedagogía,transparent
pt,pedagógico,es,pedagógico,transparent
pt,pedal,es,pedal,transparent
pt,pedalar,es,pedalear,transparent
pt,pedaço,es,pedazo,altered
pt,pedestal,es,pedestal,transparent
pt,pedir,es,pedir,transparent
pt,pedonal,es,peatonal,altered
pt,pedófilo,es,pedófilo,transparent
pt,pegajoso,es,pegajoso,transparent
pt,pegar,es,pegar,transparent
pt,pego,es,pego,transparent
pt,peito,es,pecho,altered
pt,peixe,es,pez,altered
pt,pelagem,es,pelaje,altered
pt,pelar,es,pelo,transparent
pt,pele,es,piel,altered
pt,pelota,es,pelota,transparent
pt,pelotão,es,pelotón,transparent
pt,peludo,es,peludo,transparent
pt,película,es,película,transparent
pt,pelúcia,es,peluche,altered
pt,penal,es,penal,transparent
pt,penalizar,es,penalizar,transparent
pt,penalização,es,penalización,transparent
pt,penalti,es,penalti,transparent
pt,penar,es,pena,transparent
pt,pendente,es,pendiente,altered
pt,pender,es,pender,transparent
pt,penetrante,es,penetrante,transparent
pt,penetrar,es,penetrar,transparent
pt,penetração,es,penetración,transparent
pt,penha,es,peña,altered
pt,peninsular,es,peninsular,transparent
pt,penitenciário,es,penitenciario,transparent
pt,penitência,es,penitencia,transparent
pt,penny,es,penny,transparent
pt,penoso,es,penoso,transparent
pt,pensador,es,pensador,transparent
pt,pensamento,es,pensamiento,altered
pt,pensar,es,pensar,transparent
pt,pensativo,es,pensativo,transparent
pt,pensionista,es,pensionista,transparent
pt,penso,es,pienso,altered
pt,pensão,es,pensión,transparent
pt,pente,es,peine,altered
pt,pentear,es,peinado,altered
pt,pentágono,es,pentágono,transparent
pt,península,es,península,transparent
pt,penúltimo,es,penúltimo,transparent
pt,penúria,es,penuria,transparent
pt,pepino,es,pepino,transparent
pt,pequenino,es,pequeñito,altered
pt,pequeno,es,pequeño,altered
pt,pera,es,pera,transparent
pt,perceber,es,percibir,altered
pt,percebido,es,percibir,altered
pt,percentagem,es,porcentaje,altered
pt,percentual,es,porcentual,altered
pt,percepção,es,percepción,altered
pt,perceção,es,percepción,transparent
pt,percorrer,es,recorrer,altered
pt,percussão,es,percusión,transparent
pt,perda,es,pérdida,altered
pt,perdedor,es,perdedor,transparent
pt,perder,es,perder,transparent
pt,perdido,es,perdido,transparent
pt,perdiz,es,perdiz,transparent
pt,perdição,es,perdición,transparent
pt,perdoar,es,perdonar,altered
pt,perdurar,es,perdurar,transparent
pt,perdão,es,perdón,transparent
pt,perecer,es,perecer,transparent
pt,peregrinação,es,peregrinación,transparent
pt,peregrino,es,peregrino,transparent
pt,pereira,es,pereira,transparent
pt,perene,es,perenne,transparent
pt,perfeitamente,es,perfectamente,altered
pt,perfeito,es,perfecto,altered
pt,perfeição,es,perfección,altered
pt,perfil,es,perfil,transparent
pt,perfilar,es,perfilar,transparent
pt,performance,es,performance,transparent
pt,perfumar,es,perfumar,transparent
pt,perfume,es,perfume,transparent
pt,perfurar,es,perforar,altered
pt,perfuração,es,perforación,transparent
pt,pergaminho,es,pergamino,altered
pt,perguntar,es,pregunta,altered
pt,perico,es,perico,transparent
pt,periferia,es,periferia,transparent
pt,periférico,es,periférico,transparent
pt,perigar,es,peligrar,altered
pt,perigo,es,peligro,altered
pt,perigosamente,es,peligrosamente,altered
pt,perigoso,es,peligroso,altered
pt,periodicamente,es,periódicamente,transparent
pt,perito,es,perito,transparent
pt,periódico,es,periódico,transparent
pt,permanecer,es,permanecer,transparent
pt,permanente,es,permanente,transparent
pt,permanentemente,es,permanentemente,transparent
pt,permanência,es,permanencia,transparent
pt,permissão,es,permiso,altered
pt,permitir,es,permitir,transparent
pt,perna,es,pierna,transparent
pt,perno,es,perno,transparent
pt,peronista,es,peronista,transparent
pt,perpendicular,es,perpendicular,transparent
pt,perpetrar,es,perpetrar,transparent
pt,perpetuar,es,perpetuar,transparent
pt,perplexo,es,perplejo,transparent
pt,perpétuo,es,perpetua,transparent
pt,persa,es,persa,transparent
pt,perseguir,es,perseguir,transparent
pt,perseguição,es,persecución,altered
pt,perseverança,es,perseverancia,transparent
pt,persistente,es,persistente,transparent
pt,persistir,es,persistir,transparent
pt,persistência,es,persistencia,transparent
pt,personagem,es,personaje,altered
pt,personal,es,personal,transparent
pt,personalidade,es,personalidad,altered
pt,personalizar,es,personalizar,transparent
pt,personificar,es,personificar,transparent
pt,persuadir,es,persuadir,transparent
pt,pertencente,es,perteneciente,transparent
pt,pertencer,es,pertenecer,altered
pt,pertinente,es,pertinente,transparent
pt,perturbador,es,perturbador,transparent
pt,perturbar,es,perturbar,transparent
pt,perturbação,es,perturbación,transparent
pt,peru,es,perú,transparent
pt,peruano,es,peruano,transparent
pt,peruca,es,peluca,altered
pt,perversidade,es,perversidad,altered
pt,perverso,es,perverso,transparent
pt,perversão,es,perversión,transparent
pt,perverter,es,pervertir,transparent
pt,perícia,es,pericia,transparent
pt,perímetro,es,perímetro,transparent
pt,período,es,período,transparent
pt,pesadelo,es,pesadilla,altered
pt,pesagem,es,pesaje,altered
pt,pesar,es,pesar,transparent
pt,pescador,es,pescador,transparent
pt,pescar,es,pescado,transparent
pt,pescoço,es,pescuezo,altered
pt,peseta,es,peseta,transparent
pt,peso,es,peso,transparent
pt,pesqueiro,es,pesquero,altered
pt,pesquisar,es,pesquisa,transparent
pt,pessimismo,es,pesimismo,transparent
pt,pessimista,es,pesimista,altered
pt,pessoa,es,persona,transparent
pt,pessoal,es,personal,altered
pt,pessoalmente,es,personalmente,altered
pt,pestana,es,pestaña,transparent
pt,peste,es,peste,transparent
pt,pesticida,es,pesticida,transparent
pt,petar,es,petar,transparent
pt,petardo,es,petardo,transparent
pt,petição,es,petición,transparent
pt,petroleiro,es,petrolero,altered
pt,petrolífero,es,petrolífero,transparent
pt,petróleo,es,petróleo,transparent
pt,pez,es,pez,transparent
pt,peão,es,peatón,altered
pt,pi,es,pis,transparent
pt,pianista,es,pianista,transparent
pt,piano,es,piano,transparent
pt,piar,es,piar,transparent
pt,pibe,es,pibe,transparent
pt,picante,es,picante,transparent
pt,picar,es,picar,transparent
pt,pico,es,pico,transparent
pt,pictórico,es,pictórico,transparent
pt,piedade,es,piedad,altered
pt,piedoso,es,piadoso,transparent
pt,piercing,es,piercing,transparent
pt,pigmento,es,pigmento,transparent
pt,pijama,es,pijama,transparent
pt,pilar,es,pilar,transparent
pt,pilates,es,pilates,transparent
pt,piloto,es,piloto,transparent
pt,pimenta,es,pimienta,altered
pt,pimento,es,pimiento,altered
pt,pin,es,pin,transparent
pt,pincel,es,pincel,transparent
pt,pinguim,es,pingüino,altered
pt,pinha,es,piña,altered
pt,pinhal,es,pinar,altered
pt,pinho,es,pino,altered
pt,pintar,es,pintar,transparent
pt,pintor,es,pintor,transparent
pt,pintura,es,pintura,transparent
pt,pinçar,es,pinza,transparent
pt,piolho,es,piojo,altered
pt,pioneiro,es,pionero,altered
pt,pior,es,peor,altered
pt,pipa,es,pipa,transparent
pt,pipi,es,pipí,transparent
pt,pique,es,pique,transparent
pt,piquenique,es,picnic,altered
pt,piquete,es,piquete,transparent
pt,piranha,es,piraña,transparent
pt,pirata,es,pirata,transparent
pt,pirataria,es,piratería,transparent
pt,piropo,es,piropo,transparent
pt,pirâmide,es,pirámide,altered
pt,pisar,es,pisar,transparent
pt,piscina,es,piscina,transparent
pt,pisco,es,pisco,transparent
pt,piso,es,piso,transparent
pt,pisotear,es,pisotear,transparent
pt,pistola,es,pistola,transparent
pt,pistoleiro,es,pistolero,altered
pt,pit,es,pit,transparent
pt,pizza,es,pizza,transparent
pt,pizzaria,es,pizzería,altered
pt,piñata,es,piñata,transparent
pt,planar,es,plana,transparent
pt,planeamento,es,planeación,altered
pt,planear,es,planear,transparent
pt,planejar,es,planear,transparent
pt,planeta,es,planeta,transparent
pt,planetário,es,planetario,transparent
pt,planificar,es,planificar,transparent
pt,planificação,es,planificación,transparent
pt,planilha,es,planilla,altered
pt,plano,es,plan,altered
pt,plantar,es,planta,transparent
pt,plantação,es,plantación,transparent
pt,plantel,es,plantel,transparent
pt,planura,es,llanura,altered
pt,planície,es,planicie,transparent
pt,plasmar,es,plasma,transparent
pt,plataforma,es,plataforma,transparent
pt,platinar,es,platino,transparent
pt,platô,es,plató,transparent
pt,platônico,es,platónico,transparent
pt,plausível,es,plausible,transparent
pt,playboy,es,playboy,transparent
pt,player,es,player,transparent
pt,plebeu,es,plebeyo,altered
pt,plebiscito,es,plebiscito,transparent
pt,pleito,es,pleito,transparent
pt,plenamente,es,plenamente,transparent
pt,plenitude,es,plenitud,transparent
pt,pleno,es,pleno,transparent
pt,plenário,es,plenario,transparent
pt,pluma,es,pluma,transparent
pt,plural,es,plural,transparent
pt,pluralidade,es,pluralidad,transparent
pt,pluralismo,es,pluralismo,transparent
pt,plus,es,plus,transparent
pt,pluvial,es,pluvial,transparent
pt,plágio,es,plagio,transparent
pt,plástico,es,plástico,transparent
pt,plátano,es,plátano,transparent
pt,pme,es,pyme,altered
pt,pneumonia,es,neumonía,altered
pt,pneumático,es,neumático,transparent
pt,pobre,es,pobre,transparent
pt,pobreza,es,pobreza,transparent
pt,podar,es,podar,transparent
pt,podcast,es,podcast,transparent
pt,poder,es,poder,transparent
pt,poderio,es,poderío,transparent
pt,poderoso,es,poderoso,transparent
pt,poema,es,poema,transparent
pt,poemário,es,poemario,transparent
pt,poente,es,poniente,altered
pt,poesia,es,poesía,altered
pt,poetar,es,poeta,transparent
pt,pois,es,pues,altered
pt,poker,es,póker,transparent
pt,polar,es,polar,transparent
pt,polarizar,es,polarizar,transparent
pt,polarização,es,polarización,transparent
pt,polegada,es,pulgada,altered
pt,polegar,es,pulgar,altered
pt,polenta,es,polenta,transparent
pt,policial,es,policial,transparent
pt,politicamente,es,políticamente,altered
pt,politizar,es,politizar,transparent
pt,politécnico,es,politécnico,transparent
pt,politólogo,es,politólogo,transparent
pt,polpa,es,pulpa,altered
pt,polêmica,es,polémica,altered
pt,polêmico,es,polémico,transparent
pt,polícia,es,policía,transparent
pt,polígono,es,polígono,transparent
pt,político,es,política,transparent
pt,polónio,es,polonia,altered
pt,pomada,es,pomada,transparent
pt,pombo,es,paloma,altered
pt,pomelo,es,pomelo,transparent
pt,ponche,es,poncho,altered
pt,ponderar,es,ponderar,transparent
pt,pontar,es,punta,transparent
pt,ponte,es,puente,altered
pt,ponteiro,es,puntero,altered
pt,pontiagudo,es,puntiagudo,altered
pt,ponto,es,punto,altered
pt,pontual,es,puntual,altered
pt,pontualidade,es,puntualidad,altered
pt,pontualmente,es,puntualmente,altered
pt,pontuar,es,puntuar,altered
pt,pontuação,es,puntuación,altered
pt,pontífice,es,pontífice,transparent
pt,pool,es,pool,transparent
pt,pop,es,pop,transparent
pt,popa,es,popa,transparent
pt,populacional,es,poblacional,transparent
pt,popular,es,popular,transparent
pt,popularidade,es,popularidad,transparent
pt,popularizar,es,popularizar,transparent
pt,popularmente,es,popularmente,transparent
pt,população,es,población,altered
pt,populismo,es,populismo,transparent
pt,populista,es,populista,transparent
pt,por,es,por,transparent
pt,porcelana,es,porcelana,transparent
pt,porcino,es,porcino,transparent
pt,porco,es,puerco,altered
pt,porno,es,porno,transparent
pt,pornografia,es,pornografía,transparent
pt,pornográfico,es,pornográfico,transparent
pt,poro,es,poro,transparent
pt,porque,es,porque,transparent
pt,porquê,es,porqué,transparent
pt,porra,es,porra,transparent
pt,porro,es,porro,transparent
pt,portador,es,portador,transparent
pt,portal,es,portal,transparent
pt,porte,es,porte,transparent
pt,porteiro,es,portero,transparent
pt,portfólio,es,portafolio,altered
pt,porto,es,puerto,altered
pt,portugal,es,portugal,transparent
pt,português,es,portugués,transparent
pt,portuário,es,portuario,transparent
pt,portátil,es,portátil,transparent
pt,portão,es,portón,altered
pt,porvir,es,porvenir,transparent
pt,porção,es,porción,transparent
pt,posar,es,posa,transparent
pt,pose,es,pose,transparent
pt,posicionamento,es,posicionamiento,transparent
pt,posicionar,es,posicionar,transparent
pt,positivamente,es,positivamente,transparent
pt,positivo,es,positivo,transparent
pt,posição,es,posición,transparent
pt,possibilidade,es,posibilidad,altered
pt,possibilitar,es,posibilitar,transparent
pt,possivelmente,es,posiblemente,transparent
pt,possuidor,es,poseedor,altered
pt,possuir,es,poseer,altered
pt,possível,es,posible,transparent
pt,post,es,post,transparent
pt,postal,es,postal,transparent
pt,poste,es,poste,transparent
pt,poster,es,poster,transparent
pt,postergar,es,postergar,transparent
pt,posterior,es,posterior,transparent
pt,posterioridade,es,posterioridad,transparent
pt,posteriormente,es,posteriormente,transparent
pt,posto,es,puesto,altered
pt,postulante,es,postulante,transparent
pt,postular,es,postular,transparent
pt,postulação,es,postulación,transparent
pt,posturar,es,postura,transparent
pt,pote,es,pote,transparent
pt,potencial,es,potencial,transparent
pt,potencialidade,es,potencialidad,transparent
pt,potenciar,es,potenciar,transparent
pt,potente,es,potente,transparent
pt,potro,es,potro,transparent
pt,potássio,es,potasio,transparent
pt,potável,es,potable,transparent
pt,potência,es,potencia,transparent
pt,pouco,es,poco,transparent
pt,pouquinho,es,poquito,altered
pt,pousar,es,posada,altered
pt,poço,es,pozo,altered
pt,poético,es,poética,transparent
pt,prada,es,prada,transparent
pt,pradaria,es,pradera,altered
pt,prado,es,prado,transparent
pt,praga,es,plaga,altered
pt,pragmático,es,pragmático,transparent
pt,praia,es,playa,altered
pt,praieiro,es,playero,altered
pt,pranchar,es,plancha,altered
pt,prata,es,plata,altered
pt,pratear,es,plateado,altered
pt,praticamente,es,prácticamente,transparent
pt,praticante,es,practicante,transparent
pt,praticar,es,practicar,transparent
pt,prato,es,plato,altered
pt,praxis,es,praxis,transparent
pt,prazer,es,placer,altered
pt,prazo,es,plazo,altered
pt,praça,es,plaza,altered
pt,precariedade,es,precariedad,transparent
pt,precaução,es,precaución,transparent
pt,precedente,es,precedente,transparent
pt,preceder,es,preceder,transparent
pt,preceito,es,precepto,altered
pt,precioso,es,precioso,transparent
pt,precipitar,es,precipitar,transparent
pt,precipitação,es,precipitación,transparent
pt,precipício,es,precipicio,transparent
pt,precisamente,es,precisamente,transparent
pt,preciso,es,preciso,transparent
pt,precisão,es,precisión,transparent
pt,precoce,es,precoz,altered
pt,precursor,es,precursor,transparent
pt,precário,es,precario,transparent
pt,predecessor,es,predecesor,transparent
pt,predicação,es,predicación,transparent
pt,predileto,es,predilecto,altered
pt,predizer,es,predecir,transparent
pt,predição,es,predicción,transparent
pt,predominante,es,predominante,transparent
pt,predominantemente,es,predominantemente,transparent
pt,predominar,es,predominar,transparent
pt,predomínio,es,predominio,transparent
pt,prefeito,es,prefecto,altered
pt,prefeitura,es,prefectura,altered
pt,preferencial,es,preferencial,transparent
pt,preferentemente,es,preferentemente,transparent
pt,preferir,es,preferir,transparent
pt,preferência,es,preferencia,transparent
pt,preferível,es,preferible,transparent
pt,pregar,es,predicar,altered
pt,preguiçar,es,pereza,altered
pt,preguiçoso,es,perezoso,altered
pt,preguntar,es,preguntar,transparent
pt,prejudicar,es,perjudicar,transparent
pt,prejudicial,es,perjudicial,transparent
pt,prejuízo,es,prejuicio,transparent
pt,preliminar,es,preliminar,transparent
pt,prelúdio,es,preludio,transparent
pt,prematuro,es,prematuro,transparent
pt,premiar,es,premiar,transparent
pt,premissa,es,premisa,altered
pt,premium,es,premium,transparent
pt,prendar,es,prenda,transparent
pt,prendido,es,prendido,transparent
pt,prensar,es,prensa,transparent
pt,preocupante,es,preocupante,transparent
pt,preocupar,es,preocupar,transparent
pt,preocupação,es,preocupación,transparent
pt,preparar,es,preparar,transparent
pt,preparativo,es,preparativo,transparent
pt,preparatório,es,preparatorio,transparent
pt,preparação,es,preparación,transparent
pt,presar,es,presa,transparent
pt,presbítero,es,presbítero,transparent
pt,prescindir,es,prescindir,transparent
pt,prescrever,es,prescribir,altered
pt,prescrição,es,prescripción,altered
pt,presencial,es,presencial,transparent
pt,presenciar,es,presenciar,transparent
pt,presente,es,presente,transparent
pt,presentes,es,presente,transparent
pt,presentimento,es,presentimiento,transparent
pt,presença,es,presencia,transparent
pt,preservar,es,preservar,transparent
pt,preservação,es,preservación,transparent
pt,presidencial,es,presidencial,transparent
pt,presidente,es,presidente,transparent
pt,presidir,es,presidir,transparent
pt,presidência,es,presidencia,transparent
pt,preso,es,preso,transparent
pt,pressa,es,prisa,altered
pt,pressionar,es,presionar,transparent
pt,pressão,es,presión,transparent
pt,prestamista,es,prestamista,transparent
pt,prestar,es,prestar,transparent
pt,prestação,es,prestación,transparent
pt,prestes,es,preste,transparent
pt,prestigioso,es,prestigioso,transparent
pt,presto,es,presto,transparent
pt,prestígio,es,prestigio,transparent
pt,presumir,es,presumir,transparent
pt,presumivelmente,es,presuntamente,altered
pt,presunto,es,presunto,transparent
pt,presunção,es,presunción,transparent
pt,pretendente,es,pretendiente,altered
pt,pretender,es,pretender,transparent
pt,pretensão,es,pretensión,transparent
pt,pretexto,es,pretexto,transparent
pt,prevalecer,es,prevalecer,transparent
pt,prevalência,es,prevalencia,transparent
pt,prevenir,es,prevenir,transparent
pt,preventivo,es,preventivo,transparent
pt,prevenção,es,prevención,transparent
pt,prever,es,prever,transparent
pt,previamente,es,previamente,transparent
pt,previsto,es,prever,transparent
pt,previsão,es,previsión,transparent
pt,preâmbulo,es,preámbulo,transparent
pt,preço,es,precio,altered
pt,primaverar,es,primavera,transparent
pt,primeiramente,es,primeramente,altered
pt,primeiro,es,primero,altered
pt,primitivar,es,primitiva,transparent
pt,primitivo,es,primitivo,transparent
pt,primo,es,primo,transparent
pt,primogênito,es,primogénito,transparent
pt,primordial,es,primordial,transparent
pt,primário,es,primario,transparent
pt,principado,es,principado,transparent
pt,principal,es,principal,transparent
pt,principalmente,es,principalmente,transparent
pt,principiante,es,principiante,transparent
pt,princípio,es,principio,transparent
pt,prior,es,prior,transparent
pt,priori,es,priori,transparent
pt,prioridade,es,prioridad,altered
pt,prioritário,es,prioritario,transparent
pt,priorizar,es,priorizar,transparent
pt,prisioneiro,es,prisionero,transparent
pt,prisma,es,prisma,transparent
pt,prisão,es,prisión,transparent
pt,privacidade,es,privacidad,transparent
pt,privar,es,privado,transparent
pt,privatizar,es,privatizar,transparent
pt,privatização,es,privatización,transparent
pt,privação,es,privación,transparent
pt,privilegiar,es,privilegiado,transparent
pt,privilégio,es,privilegio,altered
pt,pro,es,pro,transparent
pt,proar,es,proa,transparent
pt,probabilidade,es,probabilidad,transparent
pt,problema,es,problema,transparent
pt,problemático,es,problemática,transparent
pt,procedente,es,procedente,transparent
pt,proceder,es,proceder,transparent
pt,procedimento,es,procedimiento,transparent
pt,procedência,es,procedencia,transparent
pt,processador,es,procesador,altered
pt,processamento,es,procesamiento,altered
pt,processar,es,procesado,altered
pt,processo,es,proceso,transparent
pt,processual,es,procesal,altered
pt,procissão,es,procesión,altered
pt,proclamar,es,proclamar,transparent
pt,proclamação,es,proclamación,transparent
pt,procurador,es,procurador,transparent
pt,procuradoria,es,procuraduría,altered
pt,procurar,es,procurar,transparent
pt,produtividade,es,productividad,transparent
pt,produtivo,es,productivo,altered
pt,produto,es,producto,altered
pt,produtor,es,productor,transparent
pt,produzir,es,producir,altered
pt,produção,es,producción,transparent
pt,prodígio,es,prodigio,transparent
pt,proeminente,es,prominente,altered
pt,profanar,es,profanar,transparent
pt,profecia,es,profecía,transparent
pt,professor,es,profesor,transparent
pt,profeta,es,profeta,transparent
pt,profetizar,es,profetizar,transparent
pt,profissional,es,profesional,transparent
pt,profissionalidade,es,profesionalidad,altered
pt,profissionalismo,es,profesionalismo,altered
pt,profissionalmente,es,profesionalmente,transparent
pt,profissão,es,profesión,altered
pt,profundamente,es,profundamente,transparent
pt,profundar,es,profundar,transparent
pt,profundidade,es,profundidad,transparent
pt,profundo,es,profundo,transparent
pt,progenitor,es,progenitor,transparent
pt,prognosticar,es,pronosticar,altered
pt,prognóstico,es,pronóstico,altered
pt,programador,es,programador,transparent
pt,programar,es,programa,transparent
pt,programação,es,programación,transparent
pt,programático,es,programático,transparent
pt,progredir,es,progresar,altered
pt,progressismo,es,progresismo,altered
pt,progressista,es,progresista,altered
pt,progressivamente,es,progresivamente,transparent
pt,progressivo,es,progresivo,altered
pt,progresso,es,progreso,transparent
pt,progressão,es,progresión,altered
pt,proibir,es,prohibir,altered
pt,proibição,es,prohibición,transparent
pt,projecto,es,proyecto,transparent
pt,projector,es,proyector,transparent
pt,projetar,es,proyectar,altered
pt,projeto,es,proyecto,altered
pt,projeção,es,proyección,transparent
pt,projétil,es,proyectil,altered
pt,proletariado,es,proletariado,transparent
pt,proletário,es,proletario,transparent
pt,proliferar,es,proliferar,transparent
pt,proliferação,es,proliferación,transparent
pt,prolongar,es,prolongar,transparent
pt,prolongação,es,prolongación,transparent
pt,prolífico,es,prolífico,transparent
pt,promessa,es,promesa,altered
pt,prometedor,es,prometedor,transparent
pt,prometer,es,prometer,transparent
pt,prometido,es,prometido,transparent
pt,promissão,es,promisión,altered
pt,promo,es,promo,transparent
pt,promocional,es,promocional,transparent
pt,promotor,es,promotor,transparent
pt,promover,es,promover,transparent
pt,promovido,es,promover,transparent
pt,promoção,es,promoción,altered
pt,promulgar,es,promulgar,transparent
pt,promulgação,es,promulgación,transparent
pt,pronome,es,pronombre,altered
pt,pronto,es,pronto,transparent
pt,pronunciamento,es,pronunciamiento,transparent
pt,pronunciar,es,pronunciar,transparent
pt,pronúncia,es,pronunciación,altered
pt,propaganda,es,propaganda,transparent
pt,propagar,es,propagar,transparent
pt,propagação,es,propagación,transparent
pt,propenso,es,propenso,transparent
pt,propiciar,es,propiciar,transparent
pt,propinar,es,propina,transparent
pt,propor,es,proponer,altered
pt,proporcional,es,proporcional,transparent
pt,proporcionar,es,proporcionar,transparent
pt,proporção,es,proporción,altered
pt,proposição,es,proposición,transparent
pt,proposto,es,proponer,transparent
pt,propriamente,es,propiamente,altered
pt,propriedade,es,propiedad,altered
pt,proprietário,es,propietario,transparent
pt,propulsor,es,propulsor,transparent
pt,propício,es,propicio,transparent
pt,propósito,es,propósito,transparent
pt,prorrogar,es,prorrogar,transparent
pt,prorrogação,es,prórroga,altered
pt,prosar,es,prosa,transparent
pt,prospecto,es,prospecto,transparent
pt,prosperar,es,prosperar,transparent
pt,prosperidade,es,prosperidad,transparent
pt,prosseguir,es,proseguir,altered
pt,prostituição,es,prostitución,transparent
pt,prostituto,es,prostituta,transparent
pt,prostíbulo,es,prostíbulo,transparent
pt,protagonismo,es,protagonismo,transparent
pt,protagonista,es,protagonista,transparent
pt,protagonizar,es,protagonizar,transparent
pt,proteger,es,proteger,transparent
pt,protegido,es,protegido,transparent
pt,protestante,es,protestante,transparent
pt,protestar,es,protesta,transparent
pt,protesto,es,protesta,altered
pt,protetor,es,protector,transparent
pt,proteção,es,protección,transparent
pt,proteína,es,proteína,transparent
pt,protocolo,es,protocolo,transparent
pt,protótipo,es,prototipo,transparent
pt,provar,es,prueba,altered
pt,provavelmente,es,probablemente,altered
pt,provedor,es,proveedor,transparent
pt,proveito,es,provecho,altered
pt,proveniente,es,proveniente,transparent
pt,prover,es,proveer,altered
pt,provido,es,proveído,altered
pt,providência,es,providencia,transparent
pt,provincial,es,provincial,transparent
pt,provir,es,provenir,altered
pt,provisão,es,provisión,transparent
pt,provisório,es,provisional,transparent
pt,provocador,es,provocador,transparent
pt,provocar,es,provocar,transparent
pt,provocação,es,provocación,transparent
pt,provável,es,probable,altered
pt,provérbio,es,proverbio,transparent
pt,província,es,provincia,transparent
pt,proximamente,es,próximamente,transparent
pt,proximidade,es,proximidad,altered
pt,proxy,es,proxy,transparent
pt,prudente,es,prudente,transparent
pt,prudência,es,prudencia,transparent
pt,prático,es,práctica,transparent
pt,pré,es,pre,transparent
pt,pré-história,es,prehistoria,transparent
pt,pré-histórico,es,prehistórico,altered
pt,prédio,es,predio,transparent
pt,prémio,es,premio,transparent
pt,prévio,es,previo,transparent
pt,prêmio,es,premio,transparent
pt,príncipe,es,príncipe,transparent
pt,pró,es,pro,transparent
pt,prólogo,es,prólogo,transparent
pt,próprio,es,propio,transparent
pt,próprios,es,propio,altered
pt,próspero,es,próspero,transparent
pt,próstata,es,próstata,transparent
pt,prótese,es,prótesis,transparent
pt,próximo,es,próximo,transparent
pt,pseudo,es,pseudo,transparent
pt,pseudónimo,es,seudónimo,altered
pt,psicanálise,es,psicoanálisis,altered
pt,psicologia,es,psicología,transparent
pt,psicologicamente,es,psicológicamente,transparent
pt,psicológico,es,psicológico,transparent
pt,psicopata,es,psicópata,altered
pt,psicose,es,psicosis,altered
pt,psicólogo,es,psicólogo,transparent
pt,psiquiatria,es,psiquiatría,transparent
pt,psiquiatro,es,psiquiatra,transparent
pt,psiquiátrico,es,psiquiátrico,transparent
pt,psíquico,es,psíquico,transparent
pt,puberdade,es,pubertad,transparent
pt,publicamente,es,públicamente,altered
pt,publicar,es,publicar,transparent
pt,publicação,es,publicación,altered
pt,publicidade,es,publicidad,transparent
pt,publicista,es,publicista,transparent
pt,publicitar,es,publicitar,transparent
pt,publicitário,es,publicitario,transparent
pt,pudor,es,pudor,transparent
pt,puf,es,puf,transparent
pt,pulmonar,es,pulmonar,transparent
pt,pulmão,es,pulmón,transparent
pt,pulsar,es,pulsar,transparent
pt,pulsação,es,pulsación,transparent
pt,pulseira,es,pulsera,altered
pt,pulso,es,pulso,transparent
pt,puma,es,puma,transparent
pt,punhado,es,puñado,altered
pt,punhal,es,puñal,transparent
pt,punhalada,es,puñalada,altered
pt,punho,es,puño,transparent
pt,punir,es,punir,transparent
pt,punk,es,punk,transparent
pt,pupilar,es,pupila,transparent
pt,puramente,es,puramente,transparent
pt,pureza,es,pureza,transparent
pt,purgar,es,purga,transparent
pt,purificar,es,purificar,transparent
pt,purificação,es,purificación,transparent
pt,puro,es,puro,transparent
pt,purê,es,puré,transparent
pt,pus,es,pus,transparent
pt,puta,es,puta,transparent
pt,puto,es,puto,transparent
pt,pá,es,pala,altered
pt,página,es,página,transparent
pt,pálido,es,pálido,transparent
pt,pálpebra,es,párpado,altered
pt,pária,es,paria,transparent
pt,pároco,es,párroco,transparent
pt,páscoa,es,pascua,altered
pt,pássaro,es,pájaro,altered
pt,pátio,es,patio,altered
pt,pátrio,es,patria,transparent
pt,pânico,es,pánico,transparent
pt,pântano,es,pantano,altered
pt,pão,es,pan,altered
pt,pé,es,pie,altered
pt,pénis,es,pene,transparent
pt,pérola,es,perla,altered
pt,pétala,es,pétalo,altered
pt,pícaro,es,pícaro,transparent
pt,pílula,es,píldora,altered
pt,pó,es,polvo,altered
pt,pódio,es,podio,transparent
pt,pólen,es,polen,transparent
pt,pólo,es,polo,transparent
pt,pólvora,es,pólvora,transparent
pt,pórtico,es,porche,altered
pt,pós,es,pos,transparent
pt,póster,es,póster,transparent
pt,pônei,es,pony,transparent
pt,pôquer,es,póker,altered
pt,pôr,es,poner,altered
pt,público,es,público,transparent
pt,púrpura,es,púrpura,transparent
pt,quadrante,es,cuadrante,transparent
pt,quadrar,es,cuadrado,altered
pt,quadrilha,es,cuadrilla,altered
pt,quadro,es,cuadro,altered
pt,qual,es,cual,transparent
pt,qualidade,es,calidad,altered
pt,qualificar,es,calificar,altered
pt,qualificação,es,calificación,altered
pt,qualitativo,es,cualitativo,altered
pt,qualquer,es,cualquiera,altered
pt,quando,es,cuando,transparent
pt,quantidade,es,cantidad,altered
pt,quantificar,es,cuantificar,altered
pt,quantitativo,es,cuantitativo,altered
pt,quantum,es,cuanto,altered
pt,quartel,es,cuartel,altered
pt,quarteto,es,cuarteto,altered
pt,quarto,es,cuarto,transparent
pt,quartzo,es,cuarzo,altered
pt,quase,es,cuasi,altered
pt,quatro,es,cuatro,altered
pt,quatrocentos,es,cuatrocientos,altered
pt,que,es,que,transparent
pt,quebrar,es,quebrar,transparent
pt,quedo,es,quedo,transparent
pt,queijo,es,queso,altered
pt,queimador,es,quemador,altered
pt,queimadura,es,quemadura,altered
pt,queimar,es,quemar,altered
pt,queixar,es,queja,altered
pt,quem,es,quien,altered
pt,querer,es,querer,transparent
pt,querido,es,querido,transparent
pt,quesito,es,quesito,transparent
pt,questionamento,es,cuestionamiento,altered
pt,questionar,es,cuestionar,altered
pt,questionário,es,cuestionario,altered
pt,questionável,es,cuestionable,altered
pt,questão,es,cuestión,altered
pt,quietar,es,quietar,transparent
pt,quieto,es,quieto,transparent
pt,quilo,es,kilo,transparent
pt,quilograma,es,kilogramo,altered
pt,quilómetro,es,kilómetro,altered
pt,quilômetro,es,kilómetro,transparent
pt,quimioterapia,es,quimioterapia,transparent
pt,quinhentos,es,quinientos,altered
pt,quintal,es,quintal,transparent
pt,quinto,es,quinto,transparent
pt,quinze,es,quince,altered
pt,quinzena,es,quincena,altered
pt,quiosque,es,kiosco,altered
pt,quitar,es,quitar,transparent
pt,quite,es,quite,transparent
pt,quiçá,es,quizás,altered
pt,quotidiano,es,cotidiano,altered
pt,quântico,es,cuántico,transparent
pt,quão,es,cuán,altered
pt,quê,es,qué,transparent
pt,químico,es,química,transparent
pt,quórum,es,cuórum,transparent
pt,rabino,es,rabino,transparent
pt,rabo,es,rabo,transparent
pt,rachar,es,racha,transparent
pt,racial,es,racial,transparent
pt,racing,es,racing,transparent
pt,raciocínio,es,raciocinio,transparent
pt,racional,es,racional,transparent
pt,racionalidade,es,racionalidad,transparent
pt,racionamento,es,racionamiento,transparent
pt,racionar,es,racionar,transparent
pt,racismo,es,racismo,transparent
pt,racista,es,racista,transparent
pt,rada,es,rada,transparent
pt,radar,es,radar,transparent
pt,radial,es,radial,transparent
pt,radiante,es,radiante,transparent
pt,radiação,es,radiación,transparent
pt,radical,es,radical,transparent
pt,radicalismo,es,radicalismo,transparent
pt,radicalmente,es,radicalmente,transparent
pt,radicar,es,radicar,transparent
pt,radioativo,es,radiactivo,altered
pt,radiodifusão,es,radiodifusión,altered
pt,radiofônico,es,radiofónico,transparent
pt,radiografia,es,radiografía,transparent
pt,raer,es,raer,transparent
pt,raiar,es,rayar,altered
pt,raio,es,rayo,altered
pt,raivar,es,rabia,altered
pt,raiz,es,raíz,transparent
pt,ralar,es,rallar,altered
pt,ramal,es,ramal,transparent
pt,rambla,es,rambla,transparent
pt,ramificação,es,ramificación,transparent
pt,ramo,es,ramo,transparent
pt,rampa,es,rampa,transparent
pt,rancheiro,es,ranchero,altered
pt,rancho,es,rancho,transparent
pt,rancor,es,rencor,transparent
pt,ranhura,es,ranura,altered
pt,ranking,es,ranking,transparent
pt,rançoso,es,rancio,altered
pt,rapar,es,rapar,transparent
pt,rapaz,es,rapaz,transparent
pt,rapidamente,es,rápidamente,transparent
pt,rapidez,es,rapidez,transparent
pt,rapidinho,es,rapidito,altered
pt,rapper,es,rapero,altered
pt,raramente,es,raramente,transparent
pt,raro,es,raro,transparent
pt,rasgar,es,rasgar,transparent
pt,rasgo,es,rasgo,transparent
pt,raso,es,raso,transparent
pt,rastrear,es,rastrear,transparent
pt,rastreio,es,rastreo,transparent
pt,rastro,es,rastro,transparent
pt,ratificar,es,ratificar,transparent
pt,ratificação,es,ratificación,transparent
pt,ratio,es,ratio,transparent
pt,rato,es,rato,transparent
pt,ratão,es,ratón,altered
pt,razoavelmente,es,razonablemente,altered
pt,razoável,es,razonable,transparent
pt,razão,es,razón,altered
pt,raça,es,raza,transparent
pt,ração,es,ración,transparent
pt,reabertura,es,reapertura,altered
pt,reabilitar,es,rehabilitar,transparent
pt,reabilitação,es,rehabilitación,transparent
pt,reabrir,es,reabrir,transparent
pt,reacionário,es,reaccionario,altered
pt,reactivo,es,reactivo,transparent
pt,reactor,es,reactor,transparent
pt,reafirmar,es,reafirmar,transparent
pt,reagir,es,reaccionar,altered
pt,real,es,real,transparent
pt,realeza,es,realeza,transparent
pt,realidade,es,realidad,transparent
pt,realismo,es,realismo,transparent
pt,realizador,es,realizador,transparent
pt,realizar,es,realizar,transparent
pt,realização,es,realización,transparent
pt,realmente,es,realmente,transparent
pt,reaparecer,es,reaparecer,transparent
pt,reativar,es,reactivar,altered
pt,reativação,es,reactivación,altered
pt,reação,es,reacción,transparent
pt,rebaixar,es,rebajar,altered
pt,rebanho,es,rebaño,altered
pt,rebeca,es,rebeca,transparent
pt,rebelar,es,rebelar,transparent
pt,rebelde,es,rebelde,transparent
pt,rebeldia,es,rebeldía,transparent
pt,rebelião,es,rebelión,transparent
pt,rebentar,es,reventar,altered
pt,rebote,es,rebote,transparent
pt,rebuscar,es,rebuscar,transparent
pt,recado,es,recado,transparent
pt,recair,es,recaer,altered
pt,recalcar,es,recalcar,transparent
pt,recarregar,es,recargar,altered
pt,receber,es,recibir,altered
pt,recebido,es,recibir,transparent
pt,recebimento,es,recibimiento,altered
pt,receio,es,recelo,altered
pt,receitar,es,receta,altered
pt,recente,es,reciente,altered
pt,recentemente,es,recientemente,altered
pt,recepcionista,es,recepcionista,transparent
pt,receptor,es,receptor,transparent
pt,recepção,es,recepción,transparent
pt,recesso,es,receso,transparent
pt,recessão,es,recesión,altered
pt,recibo,es,recibo,transparent
pt,reciclagem,es,reciclaje,altered
pt,reciclar,es,reciclar,transparent
pt,recinto,es,recinto,transparent
pt,recipiente,es,recipiente,transparent
pt,recital,es,recital,transparent
pt,recitar,es,recitar,transparent
pt,reclamar,es,reclamar,transparent
pt,reclamação,es,reclamo,altered
pt,recluso,es,recluso,transparent
pt,reclusão,es,reclusión,transparent
pt,recobrar,es,recobrar,transparent
pt,recobrir,es,recubrir,altered
pt,recolher,es,recoger,altered
pt,recolhido,es,recogida,altered
pt,recolhimento,es,recogimiento,altered
pt,recomendar,es,recomendar,transparent
pt,recomendação,es,recomendación,transparent
pt,recomendável,es,recomendable,transparent
pt,recompensar,es,recompensa,transparent
pt,recompilar,es,recopilar,altered
pt,reconciliar,es,reconciliar,transparent
pt,reconciliação,es,reconciliación,transparent
pt,reconhecer,es,reconocer,altered
pt,reconhecido,es,reconocer,transparent
pt,reconhecimento,es,reconocimiento,altered
pt,reconhecível,es,reconocible,altered
pt,reconquistar,es,reconquista,transparent
pt,reconsiderar,es,reconsiderar,transparent
pt,reconstruir,es,reconstruir,transparent
pt,reconstrução,es,reconstrucción,altered
pt,reconto,es,recuento,altered
pt,recordar,es,recordar,transparent
pt,recorde,es,récord,altered
pt,recorrente,es,recurrente,altered
pt,recorrer,es,recurrir,altered
pt,recorrido,es,recorrido,transparent
pt,recortar,es,recortar,transparent
pt,recorte,es,recorte,transparent
pt,recreativo,es,recreativo,transparent
pt,recreação,es,recreación,transparent
pt,recreio,es,recreo,altered
pt,recriar,es,recrear,transparent
pt,recriminar,es,recriminar,transparent
pt,recrutamento,es,reclutamiento,altered
pt,recrutar,es,reclutar,transparent
pt,rectificação,es,rectificación,transparent
pt,recto,es,recta,transparent
pt,recuperar,es,recuperar,transparent
pt,recuperação,es,recuperación,altered
pt,recurso,es,recurso,transparent
pt,recusar,es,rehusar,altered
pt,recém,es,recién,altered
pt,recôndito,es,recóndito,altered
pt,redator,es,redactor,altered
pt,redação,es,redacción,transparent
pt,rede,es,red,altered
pt,redemoinho,es,remolino,altered
pt,redentor,es,redentor,transparent
pt,redenção,es,redención,transparent
pt,redirecionar,es,redirigir,altered
pt,redistribuição,es,redistribución,altered
pt,redondo,es,redonda,transparent
pt,redor,es,rededor,altered
pt,reduzir,es,reducir,altered
pt,redução,es,reducción,transparent
pt,reeleger,es,reelegir,transparent
pt,reeleição,es,reelección,altered
pt,reembolsar,es,reembolsar,transparent
pt,reembolso,es,reembolso,transparent
pt,reencontrar,es,reencontrar,transparent
pt,reencontro,es,reencuentro,transparent
pt,reescrever,es,reescribir,transparent
pt,reestruturar,es,reestructurar,transparent
pt,reestruturação,es,reestructuración,transparent
pt,refazer,es,rehacer,altered
pt,referendo,es,referéndum,altered
pt,referente,es,referente,transparent
pt,referir,es,referir,transparent
pt,referência,es,referencia,transparent
pt,refinanciar,es,refinanciar,transparent
pt,refinar,es,refinería,altered
pt,refletir,es,reflejar,altered
pt,reflexivo,es,reflexivo,transparent
pt,reflexo,es,reflejo,altered
pt,reflexão,es,reflexión,transparent
pt,reformar,es,reforma,transparent
pt,reformista,es,reformista,transparent
pt,reforçar,es,reforzar,altered
pt,reforço,es,refuerzo,altered
pt,refrear,es,refrenar,altered
pt,refrescante,es,refrescante,transparent
pt,refrescar,es,refrescar,transparent
pt,refresco,es,refresco,transparent
pt,refrigerador,es,refrigerador,transparent
pt,refrigerante,es,refrigerante,transparent
pt,refrigeração,es,refrigeración,transparent
pt,refrão,es,refrán,transparent
pt,refugiar,es,refugiado,transparent
pt,refutar,es,refutar,transparent
pt,refém,es,rehén,altered
pt,refúgio,es,refugio,transparent
pt,regador,es,regadera,altered
pt,regalar,es,regalar,transparent
pt,regar,es,regar,transparent
pt,regaço,es,regazo,altered
pt,regedor,es,regidor,altered
pt,regenerar,es,regenerar,transparent
pt,regeneração,es,regeneración,transparent
pt,regente,es,regente,transparent
pt,regime,es,régimen,altered
pt,regimento,es,regimiento,transparent
pt,regional,es,regional,transparent
pt,registrador,es,registrador,transparent
pt,registrar,es,registrar,transparent
pt,registro,es,registro,transparent
pt,região,es,región,altered
pt,rego,es,riego,altered
pt,regrar,es,regla,transparent
pt,regressar,es,regresar,transparent
pt,regressivo,es,regresivo,transparent
pt,regresso,es,regreso,transparent
pt,regressão,es,regresión,transparent
pt,regulador,es,regulador,transparent
pt,regulamentar,es,reglamentario,altered
pt,regulamentação,es,reglamentación,altered
pt,regulamento,es,reglamento,transparent
pt,regular,es,regular,transparent
pt,regularidade,es,regularidad,transparent
pt,regularizar,es,regularizar,transparent
pt,regularização,es,regularización,transparent
pt,regularmente,es,regularmente,transparent
pt,regulação,es,regulación,transparent
pt,regência,es,regencia,transparent
pt,rei,es,rey,altered
pt,reinar,es,reinado,transparent
pt,reiniciar,es,reiniciar,transparent
pt,reino,es,reino,transparent
pt,reintegrar,es,reintegrar,transparent
pt,reinício,es,reinicio,transparent
pt,reiterar,es,reiterar,transparent
pt,reitor,es,rector,altered
pt,reivindicar,es,reivindicar,transparent
pt,reivindicação,es,reivindicación,transparent
pt,rejeitar,es,rechazar,altered
pt,rejeição,es,rechazo,altered
pt,relacionamento,es,relacionamiento,transparent
pt,relacionar,es,relacionar,transparent
pt,relatar,es,relatar,transparent
pt,relativamente,es,relativamente,transparent
pt,relatividade,es,relatividad,transparent
pt,relativo,es,relativo,transparent
pt,relato,es,relato,transparent
pt,relator,es,relator,transparent
pt,relax,es,relax,transparent
pt,relaxante,es,relajante,altered
pt,relaxar,es,relajar,altered
pt,relaxação,es,relajación,transparent
pt,relação,es,relación,transparent
pt,relegar,es,relegar,transparent
pt,relevante,es,relevante,transparent
pt,relevar,es,relevar,transparent
pt,relevo,es,relieve,altered
pt,relevância,es,relevancia,transparent
pt,religioso,es,religioso,transparent
pt,religião,es,religión,altered
pt,relincho,es,relincho,transparent
pt,reluzente,es,reluciente,altered
pt,reluzir,es,relucir,altered
pt,relâmpago,es,relámpago,transparent
pt,relíquia,es,reliquia,transparent
pt,relógio,es,reloj,altered
pt,remanescente,es,remanente,altered
pt,remar,es,remar,transparent
pt,remarcar,es,remarcar,transparent
pt,rematar,es,rematar,transparent
pt,remate,es,remate,transparent
pt,remediar,es,remediar,transparent
pt,rememorar,es,rememorar,transparent
pt,remeter,es,remite,altered
pt,remissão,es,remisión,transparent
pt,remix,es,remix,transparent
pt,remo,es,remo,transparent
pt,remodelar,es,remodelar,transparent
pt,remodelação,es,remodelación,transparent
pt,remontar,es,remontar,transparent
pt,remorso,es,remordimiento,altered
pt,remotamente,es,remotamente,transparent
pt,remoto,es,remoto,transparent
pt,remover,es,remover,transparent
pt,remoção,es,remoción,transparent
pt,remunerar,es,remunerar,transparent
pt,remuneração,es,remuneración,transparent
pt,remédio,es,remedio,transparent
pt,rena,es,reno,altered
pt,renal,es,renal,transparent
pt,renascentista,es,renacentista,transparent
pt,renascer,es,renacer,altered
pt,renascimento,es,renacimiento,altered
pt,rendar,es,renta,altered
pt,render,es,rendir,transparent
pt,rendimento,es,rendimiento,transparent
pt,rendição,es,rendición,transparent
pt,renegar,es,renegar,transparent
pt,renomado,es,renombrado,altered
pt,renome,es,renombre,altered
pt,renovador,es,renovador,transparent
pt,renovar,es,renovar,transparent
pt,renovação,es,renovación,transparent
pt,renovável,es,renovable,altered
pt,rentabilidade,es,rentabilidad,transparent
pt,rentável,es,rentable,transparent
pt,renunciar,es,renunciar,transparent
pt,renúncia,es,renuncia,transparent
pt,reorganizar,es,reorganizar,transparent
pt,reorganização,es,reorganización,transparent
pt,reparar,es,reparar,transparent
pt,reparação,es,reparación,transparent
pt,reparo,es,reparo,transparent
pt,repartir,es,repartir,transparent
pt,repassar,es,repasar,transparent
pt,repasso,es,repaso,transparent
pt,repelir,es,repeler,altered
pt,repente,es,repente,transparent
pt,repentinamente,es,repentinamente,transparent
pt,repentino,es,repentino,transparent
pt,repercussão,es,repercusión,altered
pt,repercutir,es,repercutir,transparent
pt,repertório,es,repertorio,transparent
pt,repetidamente,es,repetidamente,transparent
pt,repetir,es,repetir,transparent
pt,repetitivo,es,repetitivo,transparent
pt,repetição,es,repetición,transparent
pt,repleto,es,repleto,transparent
pt,replicar,es,replicar,transparent
pt,repolho,es,repollo,altered
pt,repor,es,reponer,transparent
pt,reportagem,es,reportaje,altered
pt,reportar,es,reportar,transparent
pt,reposição,es,reposición,transparent
pt,reposto,es,repuesto,altered
pt,repouso,es,reposo,altered
pt,repreender,es,reprender,altered
pt,represar,es,represa,transparent
pt,representante,es,representante,transparent
pt,representar,es,representar,transparent
pt,representativo,es,representativo,transparent
pt,representação,es,representación,transparent
pt,repressivo,es,represivo,transparent
pt,repressão,es,represión,altered
pt,represália,es,represalia,transparent
pt,reprimir,es,reprimir,transparent
pt,reprodutivo,es,reproductivo,altered
pt,reprodutor,es,reproductor,transparent
pt,reproduzir,es,reproducir,altered
pt,reprodução,es,reproducción,transparent
pt,reprogramar,es,reprogramar,transparent
pt,reprovar,es,reprobar,altered
pt,republicano,es,republicano,transparent
pt,repudiar,es,repudiar,transparent
pt,repugnante,es,repugnante,transparent
pt,repugnância,es,repugnancia,transparent
pt,reputação,es,reputación,transparent
pt,repórter,es,reportero,altered
pt,repúdio,es,repudio,transparent
pt,requerer,es,requerir,altered
pt,requerimento,es,requerimiento,altered
pt,requisito,es,requisito,transparent
pt,resenhar,es,reseña,transparent
pt,reservar,es,reserva,transparent
pt,resfriar,es,resfriado,transparent
pt,resgatar,es,rescatar,altered
pt,resgate,es,rescate,altered
pt,resguardar,es,resguardar,transparent
pt,resguardo,es,resguardo,transparent
pt,residencial,es,residencial,transparent
pt,residente,es,residente,transparent
pt,residir,es,residir,transparent
pt,residual,es,residual,transparent
pt,residência,es,residencia,transparent
pt,resignar,es,resignar,transparent
pt,resignação,es,resignación,transparent
pt,resinar,es,resina,transparent
pt,resistente,es,resistente,transparent
pt,resistir,es,resistir,transparent
pt,resistência,es,resistencia,transparent
pt,resolução,es,resolución,transparent
pt,resolver,es,resolver,transparent
pt,resolvido,es,resolver,altered
pt,resort,es,resort,transparent
pt,resorte,es,resorte,transparent
pt,respaldar,es,respaldar,transparent
pt,respaldo,es,respaldo,transparent
pt,respectivamente,es,respectivamente,transparent
pt,respectivo,es,respectivo,transparent
pt,respeitar,es,respetar,altered
pt,respeito,es,respecto,altered
pt,respeitoso,es,respetuoso,transparent
pt,respeitável,es,respetable,altered
pt,respirar,es,respirar,transparent
pt,respiratório,es,respiratorio,transparent
pt,respiração,es,respiración,transparent
pt,respiro,es,respiro,transparent
pt,resplendor,es,resplandor,transparent
pt,responder,es,responder,transparent
pt,responsabilidade,es,responsabilidad,transparent
pt,responsabilizar,es,responsabilizar,transparent
pt,responsável,es,responsable,transparent
pt,resquício,es,resquicio,transparent
pt,ressaltar,es,resaltar,transparent
pt,ressentimento,es,resentimiento,transparent
pt,ressoar,es,resonar,altered
pt,ressonância,es,resonancia,altered
pt,ressurgimento,es,resurgimiento,transparent
pt,ressurgir,es,resurgir,altered
pt,ressurreição,es,resurrección,altered
pt,ressuscitar,es,resucitar,altered
pt,restabelecer,es,restablecer,altered
pt,restabelecimento,es,restablecimiento,transparent
pt,restante,es,restante,transparent
pt,restar,es,restar,transparent
pt,restaurante,es,restaurante,transparent
pt,restaurar,es,restaurar,transparent
pt,restauração,es,restauración,transparent
pt,restituir,es,restituir,transparent
pt,restituição,es,restitución,transparent
pt,resto,es,resto,transparent
pt,restringir,es,restringir,transparent
pt,restritivo,es,restrictivo,transparent
pt,restrição,es,restricción,altered
pt,resultante,es,resultante,transparent
pt,resultar,es,resultado,transparent
pt,resumir,es,resumir,transparent
pt,resumo,es,resumen,altered
pt,resíduo,es,residuo,altered
pt,retaguarda,es,retaguardia,altered
pt,retangular,es,rectangular,altered
pt,retardar,es,retardar,transparent
pt,retenção,es,retención,transparent
pt,reter,es,retener,transparent
pt,retidão,es,rectitud,altered
pt,retificar,es,rectificar,altered
pt,retirar,es,retirar,transparent
pt,retiro,es,retiro,transparent
pt,reto,es,reto,transparent
pt,retomar,es,retomar,transparent
pt,retorcer,es,retorcer,transparent
pt,retornar,es,retornar,transparent
pt,retorno,es,retorno,transparent
pt,retransmissão,es,retransmisión,transparent
pt,retransmitir,es,retransmitir,transparent
pt,retrasado,es,retrasado,transparent
pt,retratar,es,retratar,transparent
pt,retrato,es,retrato,transparent
pt,retrete,es,retrete,transparent
pt,retribuição,es,retribución,transparent
pt,retro,es,retro,transparent
pt,retroalimentação,es,retroalimentación,transparent
pt,retroceder,es,retroceder,transparent
pt,retrocesso,es,retroceso,transparent
pt,retrospectivo,es,retrospectiva,transparent
pt,retrovisor,es,retrovisor,transparent
pt,retrógrado,es,retrógrado,transparent
pt,retábulo,es,retablo,transparent
pt,retângulo,es,rectángulo,transparent
pt,retórico,es,retórica,transparent
pt,reunir,es,reunir,transparent
pt,reunião,es,reunión,altered
pt,reutilizar,es,reutilizar,transparent
pt,revanche,es,revancha,transparent
pt,revelador,es,revelador,transparent
pt,revelar,es,revelar,transparent
pt,revelação,es,revelación,transparent
pt,revender,es,revender,transparent
pt,rever,es,rever,transparent
pt,reverendo,es,reverendo,transparent
pt,reverso,es,reverso,transparent
pt,reverter,es,revertir,transparent
pt,reverência,es,reverencia,transparent
pt,revestimento,es,revestimiento,transparent
pt,revestir,es,revestir,transparent
pt,revistar,es,revisar,altered
pt,revisão,es,revisión,transparent
pt,reviver,es,revivir,transparent
pt,revogatório,es,revocatorio,altered
pt,revogação,es,revocación,altered
pt,revoltar,es,revuelta,transparent
pt,revoltoso,es,revuelto,altered
pt,revolucionar,es,revolucionar,transparent
pt,revolucionário,es,revolucionario,transparent
pt,revolução,es,revolución,transparent
pt,revolver,es,revolver,transparent
pt,revés,es,revés,transparent
pt,revólver,es,revólver,transparent
pt,rezar,es,rezar,transparent
pt,riachuelo,es,riachuelo,transparent
pt,rial,es,rial,transparent
pt,ribeira,es,ribera,altered
pt,ricardo,es,richard,altered
pt,rico,es,rico,transparent
pt,ridicularizar,es,ridiculizar,altered
pt,ridículo,es,ridículo,transparent
pt,rifar,es,rifa,transparent
pt,rifle,es,rifle,transparent
pt,rigidez,es,rigidez,transparent
pt,rigor,es,rigor,transparent
pt,rigoroso,es,riguroso,transparent
pt,rim,es,riñón,altered
pt,rimar,es,rima,transparent
pt,rincão,es,rincón,altered
pt,ring,es,ring,transparent
pt,rinoceronte,es,rinoceronte,transparent
pt,rip,es,rip,transparent
pt,riqueza,es,riqueza,transparent
pt,risco,es,riesgo,altered
pt,risonho,es,risueño,altered
pt,ritmo,es,ritmo,transparent
pt,rito,es,rito,transparent
pt,ritual,es,ritual,transparent
pt,rival,es,rival,transparent
pt,rivalidade,es,rivalidad,transparent
pt,river,es,river,transparent
pt,robusto,es,robusto,transparent
pt,robótico,es,robótica,transparent
pt,robô,es,robot,altered
pt,rocha,es,roca,altered
pt,rochoso,es,rocoso,altered
pt,rocio,es,rocío,transparent
pt,rock,es,rock,transparent
pt,rodar,es,rueda,altered
pt,rodear,es,rodear,transparent
pt,rodeio,es,rodeo,altered
pt,roedor,es,roedor,transparent
pt,roer,es,roer,transparent
pt,rogar,es,rogar,transparent
pt,rogo,es,ruego,transparent
pt,rol,es,rol,transparent
pt,rolar,es,rodar,altered
pt,roleta,es,ruleta,altered
pt,rolo,es,rollo,altered
pt,romano,es,romano,transparent
pt,romantismo,es,romanticismo,transparent
pt,romeno,es,rumano,altered
pt,romo,es,romo,transparent
pt,romper,es,romper,transparent
pt,romântico,es,romántico,altered
pt,roncar,es,roncar,transparent
pt,rondar,es,ronda,transparent
pt,rosal,es,rosal,transparent
pt,rosar,es,rosa,transparent
pt,rosto,es,rostro,transparent
pt,rosário,es,rosario,transparent
pt,rotação,es,rotación,transparent
pt,rotina,es,rutina,altered
pt,rotineiro,es,rutinario,altered
pt,roto,es,roto,transparent
pt,rotundamente,es,rotundamente,transparent
pt,rotundo,es,rotundo,transparent
pt,rotura,es,rotura,transparent
pt,roubar,es,robar,altered
pt,roubo,es,robo,altered
pt,rouco,es,ronca,altered
pt,roupar,es,ropa,altered
pt,roçar,es,rozar,altered
pt,roço,es,roce,altered
pt,rubi,es,rubí,transparent
pt,rubor,es,rubor,transparent
pt,rubrica,es,rubro,altered
pt,rude,es,rudo,transparent
pt,rudo,es,ruda,transparent
pt,rugby,es,rugby,transparent
pt,ruidoso,es,ruidoso,transparent
pt,rumba,es,rumba,transparent
pt,rumbo,es,rumbo,transparent
pt,rumo,es,rumbo,altered
pt,rumor,es,rumor,transparent
pt,runner,es,runner,transparent
pt,ruptura,es,ruptura,transparent
pt,rural,es,rural,transparent
pt,russo,es,ruso,altered
pt,ruína,es,ruina,transparent
pt,rádio,es,radio,transparent
pt,rápido,es,rápido,transparent
pt,rã,es,rana,altered
pt,rédea,es,rienda,altered
pt,régio,es,regio,transparent
pt,réplica,es,réplica,transparent
pt,réptil,es,reptil,transparent
pt,réu,es,reo,altered
pt,rês,es,res,altered
pt,rígido,es,rígido,transparent
pt,rímel,es,rímel,transparent
pt,rítmico,es,rítmica,transparent
pt,rússia,es,rusia,altered
pt,rústico,es,rústico,transparent
pt,sabedoria,es,sabiduría,altered
pt,saber,es,saber,transparent
pt,sabor,es,sabor,transparent
pt,saborear,es,saborear,transparent
pt,saboroso,es,sabroso,altered
pt,sabotagem,es,sabotaje,transparent
pt,sabotar,es,sabotear,altered
pt,sabão,es,jabón,altered
pt,saca,es,saca,transparent
pt,sacar,es,sacar,transparent
pt,sacerdote,es,sacerdote,transparent
pt,sacerdócio,es,sacerdocio,transparent
pt,saco,es,saco,transparent
pt,sacramental,es,sacramental,transparent
pt,sacramento,es,sacramento,transparent
pt,sacrificar,es,sacrificar,transparent
pt,sacrifício,es,sacrificio,transparent
pt,sacudir,es,sacudir,transparent
pt,safari,es,safari,transparent
pt,saga,es,saga,transparent
pt,sagrar,es,sagrado,transparent
pt,sair,es,salir,altered
pt,sal,es,sal,transparent
pt,sala,es,sala,transparent
pt,salada,es,ensalada,altered
pt,salarial,es,salarial,transparent
pt,saldar,es,saldar,transparent
pt,saldo,es,saldo,transparent
pt,saliente,es,saliente,transparent
pt,salino,es,salina,transparent
pt,saliva,es,saliva,transparent
pt,salmo,es,salmo,transparent
pt,salmão,es,salmón,altered
pt,salpicar,es,salpicar,transparent
pt,salsicha,es,salchicha,altered
pt,salso,es,salsa,transparent
pt,saltar,es,saltar,transparent
pt,salteador,es,salteador,transparent
pt,salto,es,salto,transparent
pt,salva-vidar,es,salvavidas,transparent
pt,salvador,es,salvador,transparent
pt,salvadorenho,es,salvadoreño,altered
pt,salvaguardar,es,salvaguardar,transparent
pt,salvamento,es,salvamento,transparent
pt,salvar,es,salvar,transparent
pt,salvação,es,salvación,transparent
pt,salvo,es,salvo,transparent
pt,salário,es,salario,transparent
pt,salão,es,salón,transparent
pt,samba,es,samba,transparent
pt,samuel,es,samuel,transparent
pt,samurai,es,samurai,transparent
pt,sanatório,es,sanatorio,transparent
pt,sancionar,es,sancionar,transparent
pt,sanduíche,es,sandwich,altered
pt,sandália,es,sandalia,transparent
pt,saneamento,es,saneamiento,transparent
pt,sangrar,es,sangrar,transparent
pt,sangrento,es,sangriento,altered
pt,sangria,es,sangría,transparent
pt,sangue,es,sangre,altered
pt,sanguinário,es,sanguinario,transparent
pt,sanguíneo,es,sanguíneo,transparent
pt,sanidade,es,sanidad,transparent
pt,sanitário,es,sanitario,transparent
pt,sano,es,sano,transparent
pt,santidade,es,santidad,transparent
pt,santo,es,santo,transparent
pt,santuário,es,santuario,transparent
pt,sanção,es,sanción,transparent
pt,sapata,es,zapata,altered
pt,sapateiro,es,zapatero,altered
pt,sapatilha,es,zapatilla,altered
pt,sapato,es,zapato,altered
pt,sapo,es,sapo,transparent
pt,saque,es,saque,transparent
pt,saquear,es,saquear,transparent
pt,saragoça,es,zaragoza,altered
pt,sarar,es,sanar,altered
pt,sarcasmo,es,sarcasmo,transparent
pt,sarcasticamente,es,sarcásticamente,transparent
pt,sarcástico,es,sarcástico,transparent
pt,sardinha,es,sardina,altered
pt,sargento,es,sargento,transparent
pt,satanás,es,satanás,transparent
pt,satelital,es,satelital,transparent
pt,satisfatório,es,satisfactorio,transparent
pt,satisfazer,es,satisfacer,transparent
pt,satisfação,es,satisfacción,transparent
pt,satisfeito,es,satisfacer,altered
pt,saturar,es,saturar,transparent
pt,saturação,es,saturación,transparent
pt,saturno,es,saturno,transparent
pt,satânico,es,satánico,transparent
pt,satélite,es,satélite,transparent
pt,satírico,es,satírico,transparent
pt,saudar,es,saludar,altered
pt,saudação,es,saludo,altered
pt,saudita,es,saudita,transparent
pt,saudável,es,saludable,altered
pt,savana,es,sabana,altered
pt,saúde,es,salud,altered
pt,scanner,es,escáner,transparent
pt,scooter,es,scooter,transparent
pt,scout,es,scout,transparent
pt,screen,es,screen,transparent
pt,seat,es,seat,transparent
pt,sebastião,es,sebastián,altered
pt,secador,es,secadora,transparent
pt,secar,es,secar,transparent
pt,secessão,es,secesión,altered
pt,seco,es,seco,transparent
pt,secretamente,es,secretamente,transparent
pt,secreto,es,secreto,transparent
pt,secretário,es,secretario,altered
pt,secreção,es,secreción,transparent
pt,sector,es,sector,transparent
pt,sectário,es,sectario,transparent
pt,secular,es,secular,transparent
pt,secundário,es,secundario,transparent
pt,secção,es,seccion,altered
pt,seda,es,seda,transparent
pt,sedento,es,sediento,altered
pt,sedimento,es,sedimento,transparent
pt,sedoso,es,sedoso,transparent
pt,sedutor,es,seductor,transparent
pt,seduzir,es,seducir,altered
pt,sedução,es,seducción,transparent
pt,segar,es,segar,transparent
pt,segmento,es,segmento,transparent
pt,segredo,es,secreto,altered
pt,segregar,es,segregar,transparent
pt,segregação,es,segregación,transparent
pt,seguidamente,es,seguidamente,transparent
pt,seguidor,es,seguidor,transparent
pt,seguimento,es,seguimiento,transparent
pt,seguinte,es,siguiente,transparent
pt,seguir,es,seguir,transparent
pt,segundo,es,segundo,transparent
pt,segurador,es,aseguradora,altered
pt,seguramente,es,seguramente,transparent
pt,segurança,es,seguridad,altered
pt,segurar,es,asegurar,altered
pt,seguro,es,seguro,transparent
pt,seio,es,seno,altered
pt,seis,es,seis,transparent
pt,seiscentos,es,seiscientos,altered
pt,seita,es,secta,altered
pt,sela,es,silla,altered
pt,selar,es,sellar,altered
pt,selecionar,es,seleccionar,transparent
pt,selectivo,es,selectivo,transparent
pt,seleção,es,selección,altered
pt,selo,es,sello,transparent
pt,selva,es,selva,transparent
pt,selvagem,es,salvaje,altered
pt,semana,es,semana,transparent
pt,semanal,es,semanal,transparent
pt,semanalmente,es,semanalmente,transparent
pt,semanário,es,semanario,transparent
pt,semeadura,es,siembra,altered
pt,semear,es,sembrar,altered
pt,semelhante,es,semejante,altered
pt,semelhança,es,semejanza,altered
pt,semestre,es,semestre,transparent
pt,semi,es,semi,transparent
pt,semifinal,es,semifinal,transparent
pt,seminário,es,seminario,transparent
pt,sempre,es,siempre,altered
pt,semáforo,es,semáforo,transparent
pt,semântico,es,semántica,transparent
pt,senado,es,senado,transparent
pt,senador,es,senador,transparent
pt,senda,es,senda,transparent
pt,senhor,es,señor,altered
pt,senhorio,es,señoría,altered
pt,sensacional,es,sensacional,transparent
pt,sensacionalista,es,sensacionalista,transparent
pt,sensatez,es,sensatez,transparent
pt,sensato,es,sensato,transparent
pt,sensação,es,sensación,transparent
pt,sensibilidade,es,sensibilidad,transparent
pt,sensibilizar,es,sensibilizar,transparent
pt,sensibilização,es,sensibilización,transparent
pt,senso,es,senso,transparent
pt,sensor,es,sensor,transparent
pt,sensorial,es,sensorial,transparent
pt,sensual,es,sensual,transparent
pt,sensualidade,es,sensualidad,transparent
pt,sentar,es,sentar,transparent
pt,sentenciar,es,sentenciar,transparent
pt,sentença,es,sentencia,transparent
pt,sentimental,es,sentimental,transparent
pt,sentimento,es,sentimiento,transparent
pt,sentinela,es,centinela,altered
pt,sentir,es,sentido,transparent
pt,separar,es,separar,transparent
pt,separatista,es,separatista,transparent
pt,separação,es,separación,transparent
pt,sepulcro,es,sepulcro,transparent
pt,sepultar,es,sepultar,transparent
pt,sepultura,es,sepultura,transparent
pt,sequela,es,secuela,altered
pt,sequenciar,es,secuenciar,transparent
pt,sequer,es,siquiera,altered
pt,sequestrador,es,secuestrador,altered
pt,sequestrar,es,secuestrar,altered
pt,sequestro,es,secuestro,transparent
pt,sequência,es,secuencia,transparent
pt,ser,es,ser,transparent
pt,sereia,es,sirena,altered
pt,serenidade,es,serenidad,transparent
pt,sereno,es,sereno,transparent
pt,serial,es,serial,transparent
pt,seriamente,es,seriamente,transparent
pt,seriar,es,seriar,transparent
pt,seriedade,es,seriedad,altered
pt,sermão,es,sermón,transparent
pt,serpente,es,serpiente,altered
pt,serra,es,sierra,altered
pt,serrano,es,serrano,transparent
pt,serrar,es,serrar,transparent
pt,sertã,es,sartén,altered
pt,servidor,es,servidor,transparent
pt,servidão,es,servidumbre,altered
pt,servir,es,servir,transparent
pt,serviço,es,servicio,altered
pt,servo,es,siervo,altered
pt,sessenta,es,sesenta,altered
pt,sessão,es,sesión,altered
pt,sesta,es,siesta,altered
pt,seta,es,seta,transparent
pt,sete,es,siete,altered
pt,setecentos,es,setecientos,transparent
pt,setembro,es,septiembre,altered
pt,setenta,es,setenta,transparent
pt,setentrional,es,septentrional,altered
pt,setor,es,sector,transparent
pt,setorial,es,sectorial,altered
pt,seu,es,suyo,altered
pt,severamente,es,severamente,transparent
pt,severidade,es,severidad,altered
pt,severo,es,severo,transparent
pt,sevilhano,es,sevillano,altered
pt,sexista,es,sexista,transparent
pt,sexo,es,sexo,transparent
pt,sexto,es,sexto,transparent
pt,sexual,es,sexual,transparent
pt,sexualidade,es,sexualidad,transparent
pt,sexualmente,es,sexualmente,transparent
pt,sexy,es,sexy,transparent
pt,seção,es,sección,transparent
pt,shadow,es,shadow,transparent
pt,shampoo,es,champú,altered
pt,share,es,share,transparent
pt,shop,es,shop,transparent
pt,show,es,show,transparent
pt,si,es,sí,transparent
pt,sibéria,es,siberia,transparent
pt,sic,es,sic,transparent
pt,sicário,es,sicario,transparent
pt,sida,es,sida,transparent
pt,sidra,es,sidra,transparent
pt,sien,es,sien,transparent
pt,sigla,es,sigla,transparent
pt,significante,es,significante,transparent
pt,significar,es,significar,transparent
pt,significativamente,es,significativamente,transparent
pt,significativo,es,significativo,transparent
pt,significação,es,significación,transparent
pt,signo,es,signo,transparent
pt,silenciar,es,silenciar,transparent
pt,silenciosamente,es,silenciosamente,transparent
pt,silencioso,es,silencioso,transparent
pt,silhueta,es,silueta,altered
pt,silo,es,silo,transparent
pt,silva,es,silva,transparent
pt,silvestre,es,silvestre,transparent
pt,silvo,es,silbido,altered
pt,silêncio,es,silencio,altered
pt,simbolismo,es,simbolismo,transparent
pt,simbolizar,es,simbolizar,transparent
pt,simbólico,es,simbólico,transparent
pt,simetria,es,simetría,transparent
pt,similar,es,similar,transparent
pt,similitude,es,similitud,transparent
pt,simpatia,es,simpatía,transparent
pt,simpatizante,es,simpatizante,transparent
pt,simpatizar,es,simpatizar,transparent
pt,simples,es,simple,transparent
pt,simplesmente,es,simplemente,transparent
pt,simplicidade,es,simplicidad,transparent
pt,simplificar,es,simplificar,transparent
pt,simplificação,es,simplificación,transparent
pt,simplista,es,simplista,transparent
pt,simpático,es,simpático,transparent
pt,simpósio,es,simposio,transparent
pt,simulacro,es,simulacro,transparent
pt,simulador,es,simulador,transparent
pt,simular,es,simular,transparent
pt,simulação,es,simulación,transparent
pt,simultaneamente,es,simultáneamente,transparent
pt,simultâneo,es,simultáneo,transparent
pt,simétrico,es,simétrico,transparent
pt,sinagoga,es,sinagoga,transparent
pt,sinal,es,señal,altered
pt,sinalizar,es,señalar,altered
pt,sinalização,es,señalización,altered
pt,sinceramente,es,sinceramente,transparent
pt,sinceridade,es,sinceridad,transparent
pt,sincero,es,sincero,transparent
pt,sincronizar,es,sincronizar,transparent
pt,sincronização,es,sincronización,transparent
pt,sindical,es,sindical,transparent
pt,sindicalismo,es,sindicalismo,transparent
pt,sindicalista,es,sindicalista,transparent
pt,sindicato,es,sindicato,transparent
pt,sinfonia,es,sinfonía,transparent
pt,sinfônico,es,sinfónico,transparent
pt,singular,es,singular,transparent
pt,singularidade,es,singularidad,transparent
pt,sinistro,es,siniestro,transparent
pt,sinopse,es,sinopsis,altered
pt,sintaxe,es,sintaxis,altered
pt,sintetizar,es,sintetizar,transparent
pt,sintoma,es,síntoma,transparent
pt,sintonia,es,sintonía,transparent
pt,sintonizar,es,sintonizar,transparent
pt,sintético,es,sintético,transparent
pt,sinónimo,es,sinónimo,transparent
pt,sionista,es,sionista,transparent
pt,sismo,es,sismo,transparent
pt,sistema,es,sistema,transparent
pt,sistematicamente,es,sistemáticamente,altered
pt,sistemático,es,sistemática,transparent
pt,sistêmico,es,sistémico,transparent
pt,site,es,sitio,altered
pt,sitiar,es,sitiar,transparent
pt,sito,es,sito,transparent
pt,situ,es,situ,transparent
pt,situar,es,situar,transparent
pt,situação,es,situación,transparent
pt,skate,es,skate,transparent
pt,sketch,es,sketch,transparent
pt,slate,es,slate,transparent
pt,slogan,es,eslogan,altered
pt,smartphone,es,smartphone,transparent
pt,sms,es,sms,transparent
pt,soar,es,soar,transparent
pt,soberania,es,soberanía,altered
pt,soberano,es,soberano,transparent
pt,sobra,es,sobra,transparent
pt,sobrante,es,sobrante,transparent
pt,sobrar,es,sobrar,transparent
pt,sobre,es,sobre,transparent
pt,sobrecarga,es,sobrecarga,transparent
pt,sobremesa,es,sobremesa,transparent
pt,sobrenatural,es,sobrenatural,transparent
pt,sobrenome,es,sobrenombre,altered
pt,sobrepeso,es,sobrepeso,transparent
pt,sobressair,es,sobresalir,altered
pt,sobretudo,es,sobretodo,transparent
pt,sobrevivente,es,sobreviviente,altered
pt,sobreviver,es,sobrevivir,transparent
pt,sobrevivência,es,supervivencia,altered
pt,sobrevoar,es,sobrevolar,altered
pt,sobrinho,es,sobrino,altered
pt,social,es,social,transparent
pt,socialdemocracia,es,socialdemócrata,altered
pt,socialismo,es,socialismo,transparent
pt,socialista,es,socialista,transparent
pt,socializar,es,socializar,transparent
pt,socialização,es,socialización,transparent
pt,sociedade,es,sociedad,transparent
pt,sociocultural,es,sociocultural,transparent
pt,socioeconômico,es,socioeconómico,transparent
pt,sociologia,es,sociología,transparent
pt,sociológico,es,sociológico,transparent
pt,sociável,es,sociable,transparent
pt,sociólogo,es,sociólogo,transparent
pt,socorro,es,socorro,transparent
pt,soda,es,sosa,altered
pt,sofisticar,es,sofisticar,transparent
pt,sofrer,es,sufrir,altered
pt,sofrido,es,sufrido,altered
pt,sofrimento,es,sufrimiento,altered
pt,software,es,software,transparent
pt,sofá,es,sofá,transparent
pt,soga,es,soga,transparent
pt,sogro,es,suegro,altered
pt,soja,es,soja,transparent
pt,sol,es,sol,transparent
pt,sola,es,suela,altered
pt,solamente,es,solamente,transparent
pt,solana,es,solana,transparent
pt,solapar,es,solapar,transparent
pt,solar,es,solar,transparent
pt,soldadura,es,soldadura,transparent
pt,soldo,es,sueldo,altered
pt,solene,es,solemne,transparent
pt,solenemente,es,solemnemente,transparent
pt,solicitante,es,solicitante,transparent
pt,solicitar,es,solicitar,transparent
pt,solicitação,es,solicitud,altered
pt,solidariedade,es,solidaridad,altered
pt,solidarizar,es,solidarizar,transparent
pt,solidez,es,solidez,transparent
pt,solidário,es,solidario,transparent
pt,solidão,es,soledad,altered
pt,solista,es,solista,transparent
pt,solitário,es,solitario,transparent
pt,solo,es,solo,transparent
pt,soltar,es,soltar,transparent
pt,solteiro,es,soltero,altered
pt,solto,es,suelto,altered
pt,solucionar,es,solucionar,transparent
pt,solução,es,solución,transparent
pt,solvência,es,solvencia,transparent
pt,somar,es,sumar,altered
pt,sombra,es,sombra,transparent
pt,sombrinha,es,sombrilla,altered
pt,sombrio,es,sombrío,transparent
pt,somente,es,solamente,altered
pt,sonda,es,sonda,transparent
pt,sondagem,es,sondeo,altered
pt,sonhador,es,soñador,altered
pt,sonhar,es,soñar,altered
pt,sonho,es,sueño,altered
pt,sonoro,es,sonoro,transparent
pt,sopa,es,sopa,transparent
pt,soprano,es,soprano,transparent
pt,soprar,es,soplar,transparent
pt,sopro,es,soplo,altered
pt,sor,es,sor,transparent
pt,soro,es,suero,altered
pt,sorridente,es,sonriente,altered
pt,sorrir,es,sonreír,altered
pt,sorriso,es,sonrisa,altered
pt,sortear,es,sortear,transparent
pt,sorteio,es,sorteo,transparent
pt,sorver,es,sorber,altered
pt,sorvete,es,sorbete,altered
pt,soto,es,soto,transparent
pt,sotão,es,sótano,altered
pt,sound,es,sound,transparent
pt,soviético,es,soviético,transparent
pt,spa,es,spa,transparent
pt,spam,es,spam,transparent
pt,split,es,split,transparent
pt,sponsor,es,sponsor,transparent
pt,sport,es,sport,transparent
pt,sporting,es,sporting,transparent
pt,spot,es,spot,transparent
pt,spray,es,spray,transparent
pt,sprint,es,sprint,transparent
pt,staff,es,staff,transparent
pt,states,es,states,transparent
pt,station,es,station,transparent
pt,status,es,estatus,altered
pt,stock,es,stock,transparent
pt,stories,es,stories,transparent
pt,strategy,es,strategy,transparent
pt,streaming,es,streaming,transparent
pt,strippers,es,strippers,transparent
pt,studies,es,studies,transparent
pt,styles,es,styles,transparent
pt,sua,es,suyo,altered
pt,suar,es,sudar,altered
pt,suave,es,suave,transparent
pt,suavemente,es,suavemente,transparent
pt,suavidade,es,suavidad,transparent
pt,suavizar,es,suavizar,transparent
pt,sub,es,sub,transparent
pt,subconsciente,es,subconsciente,transparent
pt,subdesenvolvido,es,subdesarrollado,altered
pt,subdiretor,es,subdirector,transparent
pt,subestimar,es,subestimar,transparent
pt,subgrupo,es,subgrupo,transparent
pt,subir,es,subir,transparent
pt,subjacente,es,subyacente,transparent
pt,subjetivar,es,subjetivo,transparent
pt,subjetividade,es,subjetividad,transparent
pt,sublevar,es,sublevar,transparent
pt,sublevação,es,sublevación,transparent
pt,sublime,es,sublime,transparent
pt,submarino,es,submarino,transparent
pt,submergir,es,sumergir,altered
pt,submeter,es,someter,altered
pt,submissão,es,sumisión,altered
pt,subnormal,es,subnormal,transparent
pt,suboficial,es,suboficial,transparent
pt,subordinar,es,subordinado,transparent
pt,subornar,es,sobornar,altered
pt,suborno,es,soborno,altered
pt,subscrever,es,suscribir,altered
pt,subscritor,es,suscriptor,altered
pt,subscrição,es,suscripción,altered
pt,subsecretário,es,subsecretario,transparent
pt,subsidiar,es,subsidiar,transparent
pt,subsidiário,es,subsidiaria,transparent
pt,subsistir,es,subsistir,transparent
pt,subsistência,es,subsistencia,transparent
pt,subsolo,es,subsuelo,altered
pt,substancial,es,sustancial,altered
pt,substancialmente,es,sustancialmente,transparent
pt,substanciar,es,sustanciar,altered
pt,substantivo,es,sustantivo,transparent
pt,substituir,es,sustituir,altered
pt,substituição,es,sustitución,transparent
pt,substituto,es,sustituto,altered
pt,substrato,es,sustrato,altered
pt,substância,es,sustancia,altered
pt,subsídio,es,subsidio,transparent
pt,subterrâneo,es,subterráneo,transparent
pt,subtil,es,sutil,transparent
pt,subtrair,es,sustraer,altered
pt,subtítulo,es,subtítulo,transparent
pt,subvencionar,es,subvencionar,transparent
pt,subvenção,es,subvención,transparent
pt,subversivo,es,subversivo,transparent
pt,subúrbio,es,suburbio,transparent
pt,suceder,es,suceder,transparent
pt,sucedido,es,sucedido,transparent
pt,sucessivamente,es,sucesivamente,altered
pt,sucessivo,es,sucesivo,transparent
pt,sucessor,es,sucesor,transparent
pt,sucessão,es,sucesión,transparent
pt,sucumbir,es,sucumbir,transparent
pt,sucursal,es,sucursal,transparent
pt,sudeste,es,sureste,altered
pt,sudoeste,es,suroeste,altered
pt,sueco,es,sueco,transparent
pt,suficiente,es,suficiente,transparent
pt,suficientemente,es,suficientemente,transparent
pt,sufocar,es,sofocar,altered
pt,sufrágio,es,sufragio,transparent
pt,sugerir,es,sugerir,transparent
pt,sugestão,es,sugerencia,altered
pt,suicida,es,suicida,transparent
pt,suicidar,es,suicidar,transparent
pt,suicídio,es,suicidio,transparent
pt,sujar,es,ensuciar,altered
pt,sujeitar,es,sujetar,transparent
pt,sujeito,es,sujeto,transparent
pt,sujeição,es,sujeción,transparent
pt,sujidade,es,suciedad,altered
pt,sujo,es,sucio,altered
pt,sul,es,sur,altered
pt,sulco,es,surco,altered
pt,sultão,es,sultán,transparent
pt,sumamente,es,sumamente,transparent
pt,sumir,es,sumir,transparent
pt,sumo,es,sumo,transparent
pt,sumário,es,sumario,transparent
pt,suor,es,sudor,altered
pt,super,es,super,transparent
pt,superar,es,superar,transparent
pt,superação,es,superación,transparent
pt,superficial,es,superficial,transparent
pt,superfície,es,superficie,transparent
pt,superintendente,es,superintendente,transparent
pt,superintendência,es,superintendencia,transparent
pt,superior,es,superior,transparent
pt,superioridade,es,superioridad,transparent
pt,superman,es,superman,transparent
pt,supermercado,es,supermercado,transparent
pt,superstição,es,superstición,transparent
pt,supervisar,es,supervisar,transparent
pt,supervisor,es,supervisor,transparent
pt,supervisão,es,supervisión,transparent
pt,superávit,es,superávit,transparent
pt,suplantar,es,suplantar,transparent
pt,suplementar,es,suplementario,altered
pt,suplemento,es,suplemento,transparent
pt,suplente,es,suplente,transparent
pt,suplicar,es,suplicar,transparent
pt,supor,es,suponer,altered
pt,suportar,es,soportar,altered
pt,suporte,es,soporte,altered
pt,suposição,es,suposición,transparent
pt,supostamente,es,supuestamente,altered
pt,suposto,es,supuesto,altered
pt,supremacia,es,supremacía,transparent
pt,supremo,es,supremo,transparent
pt,supressão,es,supresión,transparent
pt,suprimir,es,suprimir,transparent
pt,surdez,es,sordera,altered
pt,surdo,es,sordo,altered
pt,surfe,es,surf,altered
pt,surgimento,es,surgimiento,transparent
pt,surgir,es,surgir,transparent
pt,surpreendente,es,sorprendente,altered
pt,surpreendentemente,es,sorprendentemente,altered
pt,surpreender,es,sorprender,altered
pt,surpreso,es,sorprender,altered
pt,surreal,es,surreal,transparent
pt,surrealista,es,surrealista,transparent
pt,surtir,es,surtir,transparent
pt,suscetível,es,susceptible,altered
pt,suscitar,es,suscitar,transparent
pt,sushi,es,sushi,transparent
pt,suspeitar,es,sospechar,altered
pt,suspeito,es,sospechoso,altered
pt,suspeitoso,es,sospechoso,altered
pt,suspender,es,suspender,transparent
pt,suspenso,es,suspenso,transparent
pt,suspensão,es,suspensión,transparent
pt,suspirar,es,suspirar,transparent
pt,suspiro,es,suspiro,transparent
pt,sussurrar,es,susurrar,altered
pt,sussurro,es,susurro,transparent
pt,sustentabilidade,es,sostenibilidad,altered
pt,sustentar,es,sostener,altered
pt,sustento,es,sustento,transparent
pt,sustentável,es,sostenible,altered
pt,suster,es,sostén,altered
pt,susto,es,susto,transparent
pt,sutileza,es,sutileza,transparent
pt,sutilmente,es,sutilmente,transparent
pt,suécio,es,suecia,altered
pt,suéter,es,suéter,transparent
pt,suíte,es,suite,transparent
pt,suíço,es,suizo,altered
pt,sweet,es,sweet,transparent
pt,sábado,es,sábado,transparent
pt,sábio,es,sabio,transparent
pt,sátira,es,sátira,transparent
pt,século,es,siglo,altered
pt,séquito,es,séquito,transparent
pt,série,es,serie,transparent
pt,sério,es,serio,transparent
pt,sérvio,es,serbio,altered
pt,sétimo,es,séptimo,altered
pt,sêmen,es,semen,transparent
pt,sílaba,es,sílaba,transparent
pt,símbolo,es,símbolo,transparent
pt,símio,es,simio,transparent
pt,síndrome,es,síndrome,transparent
pt,síntese,es,síntesis,altered
pt,sírio,es,sirio,transparent
pt,sísmico,es,sísmico,transparent
pt,sítio,es,sitio,transparent
pt,só,es,solo,altered
pt,sóbrio,es,sobrio,transparent
pt,sócio,es,socio,transparent
pt,sódio,es,sodio,transparent
pt,sólido,es,sólido,transparent
pt,súbdito,es,súbdito,transparent
pt,súbito,es,súbito,transparent
pt,súplica,es,súplica,transparent
pt,taba,es,taba,transparent
pt,tabaco,es,tabaco,transparent
pt,tabela,es,tabla,altered
pt,taberna,es,taberna,transparent
pt,tablet,es,tablet,transparent
pt,tabu,es,tabú,transparent
pt,tabuleiro,es,tablero,altered
pt,tachar,es,tachar,transparent
pt,taco,es,taco,transparent
pt,tacão,es,tacón,altered
pt,taekwondo,es,taekwondo,transparent
pt,tag,es,tag,transparent
pt,tal,es,tal,transparent
pt,talar,es,talar,transparent
pt,talento,es,talento,transparent
pt,talentoso,es,talentoso,transparent
pt,talhar,es,tallar,transparent
pt,talhe,es,talle,altered
pt,talho,es,tajo,altered
pt,talo,es,tallo,altered
pt,talão,es,talón,transparent
pt,tamanho,es,tamaño,altered
pt,tambo,es,tambo,transparent
pt,tambor,es,tambor,transparent
pt,também,es,también,altered
pt,tampouco,es,tampoco,transparent
pt,tampão,es,tapón,altered
pt,tanga,es,tanga,transparent
pt,tango,es,tango,transparent
pt,tangível,es,tangible,transparent
pt,tanque,es,tanque,transparent
pt,tanto,es,tanto,transparent
pt,tao,es,tao,transparent
pt,tap,es,tap,transparent
pt,tapa,es,tapa,transparent
pt,tapar,es,tapar,transparent
pt,tapete,es,tapete,transparent
pt,tara,es,tara,transparent
pt,tardar,es,tardar,transparent
pt,tarde,es,tarde,transparent
pt,tardio,es,tardío,transparent
pt,tardo,es,tardo,transparent
pt,tarefa,es,tarea,altered
pt,target,es,target,transparent
pt,tarifa,es,tarifa,transparent
pt,tarifar,es,tarifar,transparent
pt,tarjeta,es,tarjeta,transparent
pt,tarro,es,tarro,transparent
pt,tartaruga,es,tortuga,altered
pt,tarte,es,tarta,altered
pt,tataravô,es,tatarabuelo,altered
pt,tato,es,tacto,altered
pt,tatuagem,es,tatuaje,altered
pt,tatuar,es,tatuar,transparent
pt,taurino,es,taurino,transparent
pt,taxa,es,tasa,transparent
pt,taxar,es,tasar,altered
pt,taxista,es,taxista,transparent
pt,tchau,es,chao,transparent
pt,teatral,es,teatral,transparent
pt,teatro,es,teatro,transparent
pt,tecer,es,tejer,altered
pt,tecido,es,tejido,altered
pt,tecla,es,tecla,transparent
pt,teclar,es,teclado,transparent
pt,tecnicamente,es,técnicamente,transparent
pt,tecnologia,es,tecnología,transparent
pt,tecnológico,es,tecnológico,transparent
pt,tecto,es,techo,altered
pt,tedioso,es,tedioso,transparent
pt,teimoso,es,terco,altered
pt,tela,es,tela,transparent
pt,tele,es,tele,transparent
pt,telecomunicação,es,telecomunicación,transparent
pt,telefone,es,teléfono,altered
pt,telefonia,es,telefonía,transparent
pt,telefónico,es,telefónico,transparent
pt,telegrama,es,telegrama,transparent
pt,telejornal,es,telediario,altered
pt,telenovela,es,telenovela,transparent
pt,telescópio,es,telescopio,transparent
pt,televisivo,es,televisivo,transparent
pt,televisor,es,televisor,transparent
pt,televisão,es,televisión,transparent
pt,telhar,es,tejado,altered
pt,telão,es,telón,transparent
pt,telégrafo,es,telégrafo,transparent
pt,temeroso,es,temeroso,transparent
pt,temerário,es,temerario,transparent
pt,temor,es,temor,transparent
pt,temperamento,es,temperamento,transparent
pt,temperar,es,templar,altered
pt,temperatura,es,temperatura,transparent
pt,tempestade,es,tempestad,altered
pt,templo,es,templo,transparent
pt,templário,es,templario,transparent
pt,tempo,es,tiempo,transparent
pt,temporada,es,temporada,transparent
pt,temporal,es,temporal,transparent
pt,temporalmente,es,temporalmente,transparent
pt,temporizador,es,temporizador,transparent
pt,temporário,es,temporario,altered
pt,temprano,es,temprano,transparent
pt,temático,es,temática,transparent
pt,temível,es,temible,transparent
pt,tender,es,tender,transparent
pt,tendão,es,tendón,altered
pt,tendência,es,tendencia,transparent
pt,tenebroso,es,tenebroso,transparent
pt,tenente,es,teniente,altered
pt,tenista,es,tenista,transparent
pt,tenor,es,tenor,transparent
pt,tensionar,es,tensionar,transparent
pt,tenso,es,tenso,transparent
pt,tensão,es,tensión,transparent
pt,tentador,es,tentador,transparent
pt,tentar,es,tentar,transparent
pt,tentativo,es,tentativa,transparent
pt,tentação,es,tentación,transparent
pt,tenência,es,tenencia,transparent
pt,teologia,es,teología,transparent
pt,teológico,es,teológico,transparent
pt,teorema,es,teorema,transparent
pt,teoria,es,teoría,altered
pt,teoricamente,es,teóricamente,transparent
pt,tequila,es,tequila,transparent
pt,ter,es,tener,altered
pt,terapeuta,es,terapeuta,transparent
pt,terapia,es,terapia,transparent
pt,terapêutico,es,terapéutico,transparent
pt,terceiro,es,tercero,altered
pt,terciário,es,terciario,transparent
pt,termal,es,termal,transparent
pt,terminal,es,terminal,transparent
pt,terminar,es,terminar,transparent
pt,terminação,es,terminación,transparent
pt,terminologia,es,terminología,transparent
pt,termostato,es,termostato,transparent
pt,termómetro,es,termómetro,transparent
pt,terno,es,tierno,altered
pt,ternura,es,ternura,transparent
pt,terra,es,tierra,altered
pt,terraza,es,terraza,transparent
pt,terremoto,es,terremoto,transparent
pt,terreno,es,terreno,transparent
pt,terrestre,es,terrestre,transparent
pt,territorial,es,territorial,transparent
pt,território,es,territorio,transparent
pt,terrivelmente,es,terriblemente,transparent
pt,terror,es,terror,transparent
pt,terrorismo,es,terrorismo,transparent
pt,terrorista,es,terrorista,transparent
pt,terrível,es,terrible,transparent
pt,terço,es,tercer,altered
pt,tese,es,tesis,altered
pt,tesoura,es,tijera,altered
pt,tesoureiro,es,tesorero,altered
pt,tesouro,es,tesoro,altered
pt,testamento,es,testamento,transparent
pt,testar,es,testar,transparent
pt,testemunhar,es,testificar,altered
pt,testemunho,es,testimonio,altered
pt,testificar,es,testificar,transparent
pt,testosterona,es,testosterona,transparent
pt,testículo,es,testículo,transparent
pt,teta,es,teta,transparent
pt,teto,es,techo,altered
pt,teu,es,tu,altered
pt,texto,es,texto,transparent
pt,textual,es,textual,transparent
pt,textura,es,textura,transparent
pt,tez,es,tez,transparent
pt,teólogo,es,teólogo,transparent
pt,teórico,es,teórico,transparent
pt,thing,es,thing,transparent
pt,thriller,es,thriller,transparent
pt,tibetano,es,tibetano,transparent
pt,tibete,es,tíbet,altered
pt,tiger,es,tiger,transparent
pt,tigre,es,tigre,transparent
pt,til,es,tilde,altered
pt,timbre,es,timbre,transparent
pt,timidez,es,timidez,transparent
pt,timo,es,timo,transparent
pt,timão,es,timón,transparent
pt,tintar,es,tintar,transparent
pt,tinteiro,es,tintero,altered
pt,tinto,es,tinto,transparent
pt,tio,es,tío,transparent
pt,tipicamente,es,típicamente,transparent
pt,tipificar,es,tipificar,transparent
pt,tipo,es,tipo,transparent
pt,tipografia,es,tipografía,transparent
pt,tipologia,es,tipología,transparent
pt,tique,es,tic,transparent
pt,tira,es,tira,transparent
pt,tirador,es,tirador,transparent
pt,tirania,es,tiranía,transparent
pt,tirano,es,tirano,transparent
pt,tirante,es,tirante,transparent
pt,tirar,es,tirar,transparent
pt,tiro,es,tiro,transparent
pt,tiroteio,es,tiroteo,altered
pt,titular,es,titular,transparent
pt,titularidade,es,titularidad,transparent
pt,titulação,es,titulación,transparent
pt,titã,es,titán,transparent
pt,toalha,es,toalla,altered
pt,tobogã,es,tobogán,transparent
pt,toca,es,toca,transparent
pt,tocador,es,tocador,transparent
pt,tocar,es,tocar,transparent
pt,todavia,es,todavía,transparent
pt,todo,es,todo,transparent
pt,toldo,es,toldo,transparent
pt,toledo,es,toledo,transparent
pt,tolerante,es,tolerante,transparent
pt,tolerar,es,tolerar,transparent
pt,tolerância,es,tolerancia,transparent
pt,tom,es,tono,altered
pt,toma,es,toma,transparent
pt,tomar,es,tomar,transparent
pt,tomate,es,tomate,transparent
pt,tombar,es,tumbar,altered
pt,tomo,es,tomo,transparent
pt,tonalidade,es,tonalidad,transparent
pt,tonelada,es,tonelada,transparent
pt,tonga,es,tonga,transparent
pt,tonto,es,tonto,transparent
pt,top,es,top,transparent
pt,topar,es,topar,transparent
pt,tope,es,tope,transparent
pt,topo,es,topo,transparent
pt,topografia,es,topografía,transparent
pt,toque,es,toque,transparent
pt,torcer,es,torcer,transparent
pt,torcido,es,torcido,transparent
pt,tormenta,es,tormenta,transparent
pt,tormento,es,tormento,transparent
pt,torna,es,torna,transparent
pt,tornar,es,tornar,transparent
pt,torneio,es,torneo,altered
pt,torno,es,torno,transparent
pt,torpe,es,torpe,transparent
pt,torpedo,es,torpedo,transparent
pt,torpeza,es,torpeza,transparent
pt,torre,es,torre,transparent
pt,torrent,es,torrent,transparent
pt,torrente,es,torrente,transparent
pt,torreão,es,torreón,transparent
pt,torso,es,torso,transparent
pt,tortilha,es,tortilla,transparent
pt,torto,es,torta,transparent
pt,tortura,es,tortura,transparent
pt,torturar,es,torturar,transparent
pt,torácico,es,torácico,transparent
pt,toscano,es,toscano,transparent
pt,tosco,es,tosco,transparent
pt,tossir,es,tos,altered
pt,tostar,es,tostada,transparent
pt,total,es,total,transparent
pt,totalidade,es,totalidad,transparent
pt,totalitário,es,totalitario,transparent
pt,totalizar,es,totalizar,transparent
pt,totalmente,es,totalmente,transparent
pt,toucinho,es,tocino,altered
pt,tour,es,tour,transparent
pt,toureiro,es,torero,altered
pt,touro,es,toro,altered
pt,toxicidade,es,toxicidad,transparent
pt,toxina,es,toxina,transparent
pt,traba,es,traba,transparent
pt,trabalhador,es,trabajador,transparent
pt,trabalhar,es,trabajar,transparent
pt,trabalho,es,trabajo,transparent
pt,tradicional,es,tradicional,transparent
pt,tradicionalmente,es,tradicionalmente,transparent
pt,tradição,es,tradición,transparent
pt,tradutor,es,traductor,altered
pt,traduzir,es,traducir,altered
pt,tradução,es,traducción,transparent
pt,traficante,es,traficante,transparent
pt,traficar,es,traficar,transparent
pt,tragar,es,tragar,transparent
pt,tragédia,es,tragedia,altered
pt,traidor,es,traidor,transparent
pt,trailer,es,tráiler,transparent
pt,trair,es,traidor,altered
pt,traiçoeiro,es,traidor,altered
pt,traição,es,traición,transparent
pt,traje,es,traje,transparent
pt,trajecto,es,trayecto,transparent
pt,trajeto,es,trayecto,altered
pt,trajetória,es,trayectoria,altered
pt,trama,es,trama,transparent
pt,tramar,es,tramar,transparent
pt,tramitar,es,tramitar,transparent
pt,tramitação,es,tramitación,transparent
pt,tramo,es,tramo,transparent
pt,trampa,es,trampa,transparent
pt,tranquilamente,es,tranquilamente,transparent
pt,tranquilidade,es,tranquilidad,transparent
pt,tranquilizar,es,tranquilizar,transparent
pt,tranquilo,es,tranquilo,transparent
pt,transação,es,transacción,altered
pt,transcendental,es,trascendental,transparent
pt,transcendente,es,trascendente,transparent
pt,transcender,es,trascender,transparent
pt,transcendência,es,trascendencia,altered
pt,transcorrer,es,transcurrir,altered
pt,transcrever,es,transcribir,altered
pt,transcrição,es,transcripción,transparent
pt,transcurso,es,transcurso,transparent
pt,transeunte,es,transeúnte,altered
pt,transexual,es,transexual,transparent
pt,transferir,es,transferir,transparent
pt,transferência,es,transferencia,transparent
pt,transformador,es,transformador,transparent
pt,transformar,es,transformar,transparent
pt,transformação,es,transformación,transparent
pt,transgênero,es,transgénero,transparent
pt,transgênico,es,transgénico,transparent
pt,transitar,es,transitar,transparent
pt,transitório,es,transitorio,transparent
pt,transição,es,transición,transparent
pt,translação,es,traslación,altered
pt,transmissor,es,transmisor,transparent
pt,transmissão,es,transmisión,altered
pt,transmitir,es,transmitir,transparent
pt,transnacional,es,transnacional,transparent
pt,transparente,es,transparente,transparent
pt,transparência,es,transparencia,altered
pt,transpiração,es,transpiración,transparent
pt,transplantar,es,trasplante,altered
pt,transportador,es,transportador,transparent
pt,transportar,es,transportar,transparent
pt,transporte,es,transporte,transparent
pt,transtornar,es,trastornar,altered
pt,transtorno,es,trastorno,altered
pt,transversal,es,transversal,transparent
pt,trança,es,trenza,altered
pt,trançar,es,trenzar,transparent
pt,trapo,es,trapo,transparent
pt,traseiro,es,trasero,altered
pt,trasladar,es,trasladar,transparent
pt,traslado,es,traslado,transparent
pt,traste,es,traste,transparent
pt,tratamento,es,tratamiento,altered
pt,tratar,es,tratar,transparent
pt,trato,es,trato,transparent
pt,trator,es,tractor,altered
pt,trauma,es,trauma,transparent
pt,traumatismo,es,traumatismo,transparent
pt,traumático,es,traumático,transparent
pt,trava,es,traba,altered
pt,travar,es,trabar,altered
pt,travel,es,travel,transparent
pt,travessia,es,travesía,transparent
pt,travesso,es,travieso,altered
pt,travessura,es,travesura,transparent
pt,travesti,es,travesti,transparent
pt,través,es,través,transparent
pt,trazer,es,traer,altered
pt,trazido,es,traer,altered
pt,traça,es,traza,transparent
pt,traçar,es,trazar,altered
pt,traço,es,trazo,altered
pt,tração,es,tracción,altered
pt,trecho,es,trecho,transparent
pt,tree,es,tree,transparent
pt,treinador,es,entrenador,altered
pt,treinamento,es,entrenamiento,altered
pt,treinar,es,entrenar,altered
pt,trem,es,tren,altered
pt,tremendamente,es,tremendamente,transparent
pt,tremor,es,temblor,altered
pt,trenó,es,trineo,altered
pt,trepar,es,trepar,transparent
pt,treze,es,trece,altered
pt,trezentos,es,trescientos,altered
pt,triangular,es,triangular,transparent
pt,tribal,es,tribal,transparent
pt,tribo,es,tribu,altered
pt,tribuna,es,tribuna,transparent
pt,tribunal,es,tribunal,transparent
pt,tributar,es,tributar,transparent
pt,tributação,es,tributación,transparent
pt,tributo,es,tributo,transparent
pt,tributário,es,tributario,transparent
pt,triciclo,es,triciclo,transparent
pt,tricolor,es,tricolor,transparent
pt,tridimensional,es,tridimensional,transparent
pt,trigo,es,trigo,transparent
pt,trilha,es,trilla,altered
pt,trilogia,es,trilogía,transparent
pt,trimestral,es,trimestral,transparent
pt,trimestre,es,trimestre,transparent
pt,trincheira,es,trinchera,altered
pt,trindade,es,trinidad,altered
pt,trio,es,trío,transparent
pt,tripa,es,tripa,transparent
pt,triplicar,es,triplicar,transparent
pt,triplo,es,triple,altered
pt,tripulante,es,tripulante,transparent
pt,tripular,es,tripular,transparent
pt,tripulação,es,tripulación,altered
pt,triste,es,triste,transparent
pt,tristemente,es,tristemente,transparent
pt,tristeza,es,tristeza,transparent
pt,triturar,es,triturar,transparent
pt,tritão,es,tritón,altered
pt,triunfador,es,triunfador,transparent
pt,triunfal,es,triunfal,transparent
pt,triunfar,es,triunfar,transparent
pt,triunfo,es,triunfo,transparent
pt,trivial,es,trivial,transparent
pt,triângulo,es,triángulo,altered
pt,troca,es,trueque,altered
pt,trocar,es,trocar,transparent
pt,troféu,es,trofeo,altered
pt,troiano,es,troyano,altered
pt,trolls,es,trolls,transparent
pt,trombeta,es,trompeta,altered
pt,trompa,es,trompa,transparent
pt,tronco,es,tronco,transparent
pt,trono,es,trono,transparent
pt,tropa,es,tropa,transparent
pt,tropeçar,es,tropezar,altered
pt,tropeço,es,tropiezo,altered
pt,tropical,es,tropical,transparent
pt,trotar,es,trotar,transparent
pt,trote,es,trote,transparent
pt,trouxe,es,traer,altered
pt,trovão,es,trueno,altered
pt,troço,es,trozo,transparent
pt,truque,es,truco,altered
pt,truta,es,trucha,altered
pt,tráfego,es,tráfico,altered
pt,tráfico,es,tráfico,transparent
pt,trágico,es,trágico,transparent
pt,trás,es,tras,altered
pt,trâmite,es,trámite,transparent
pt,trânsito,es,tránsito,altered
pt,trégua,es,tregua,transparent
pt,três,es,tres,transparent
pt,trópico,es,trópico,transparent
pt,tsunami,es,tsunami,transparent
pt,tu,es,tú,transparent
pt,tubagem,es,tubería,altered
pt,tubarão,es,tiburón,altered
pt,tuberculose,es,tuberculosis,altered
pt,tubo,es,tubo,transparent
pt,tubérculo,es,tubérculo,transparent
pt,tudo,es,todo,transparent
pt,tufão,es,tifón,altered
pt,tumba,es,tumba,transparent
pt,tumor,es,tumor,transparent
pt,tumulto,es,tumulto,transparent
pt,tunar,es,tunar,transparent
pt,turba,es,turba,transparent
pt,turbulento,es,turbulento,transparent
pt,turbulência,es,turbulencia,transparent
pt,turco,es,turco,transparent
pt,turismo,es,turismo,transparent
pt,turista,es,turista,transparent
pt,turno,es,turno,transparent
pt,turquesa,es,turquesa,transparent
pt,turquia,es,turquía,transparent
pt,turístico,es,turístico,transparent
pt,tutela,es,tutela,transparent
pt,tutor,es,tutor,transparent
pt,tutorial,es,tutorial,transparent
pt,tweet,es,tweet,transparent
pt,tweets,es,tweets,transparent
pt,twenty,es,twenty,transparent
pt,twitter,es,twitter,transparent
pt,tábua,es,tabla,altered
pt,tácito,es,tácito,transparent
pt,tártaro,es,tártaro,transparent
pt,tática,es,táctica,altered
pt,tático,es,táctico,transparent
pt,tátil,es,táctil,altered
pt,táxi,es,taxi,transparent
pt,tão,es,tan,transparent
pt,técnico,es,técnica,transparent
pt,tédio,es,tedio,transparent
pt,ténis,es,tenis,transparent
pt,térmico,es,térmico,transparent
pt,tênis,es,tenis,transparent
pt,tênue,es,tenue,transparent
pt,têxtil,es,textil,transparent
pt,tíbio,es,tibia,transparent
pt,tímido,es,tímido,transparent
pt,típico,es,típico,transparent
pt,tíquete,es,ticket,transparent
pt,títere,es,títere,transparent
pt,título,es,título,transparent
pt,tópico,es,tópico,transparent
pt,tórax,es,tórax,transparent
pt,tóxico,es,tóxico,transparent
pt,tônica,es,tónica,transparent
pt,tônico,es,tónico,transparent
pt,túmulo,es,túmulo,transparent
pt,túnel,es,túnel,transparent
pt,túnica,es,túnica,transparent
pt,ucraniano,es,ucranio,altered
pt,uivo,es,aullido,transparent
pt,ultimamente,es,últimamente,transparent
pt,ultimar,es,ultimar,transparent
pt,ultra,es,ultra,transparent
pt,ultramar,es,ultramar,transparent
pt,umbigo,es,ombligo,altered
pt,umbral,es,umbral,transparent
pt,unanimidade,es,unanimidad,transparent
pt,unesco,es,unesco,transparent
pt,ungir,es,ungir,transparent
pt,unha,es,uña,altered
pt,unicamente,es,únicamente,transparent
pt,unicórnio,es,unicornio,altered
pt,unidade,es,unidad,altered
pt,unificar,es,unificar,transparent
pt,unificação,es,unificación,transparent
pt,uniforme,es,uniforme,transparent
pt,uniformizar,es,uniformar,altered
pt,unilateral,es,unilateral,transparent
pt,unir,es,unir,transparent
pt,unitário,es,unitario,transparent
pt,universal,es,universal,transparent
pt,universidade,es,universidad,altered
pt,universitário,es,universitario,transparent
pt,universo,es,universo,transparent
pt,união,es,unión,transparent
pt,untar,es,untar,transparent
pt,unânime,es,unánime,transparent
pt,urbanismo,es,urbanismo,transparent
pt,urbanização,es,urbanización,transparent
pt,urbano,es,urbano,transparent
pt,urbanístico,es,urbanístico,transparent
pt,urbe,es,urbe,transparent
pt,urgente,es,urgente,transparent
pt,urgentemente,es,urgentemente,transparent
pt,urgência,es,urgencia,transparent
pt,urina,es,orina,altered
pt,urinar,es,orinar,altered
pt,urinário,es,urinario,transparent
pt,urna,es,urna,transparent
pt,urso,es,oso,altered
pt,uruguai,es,uruguay,transparent
pt,uruguaio,es,uruguayo,altered
pt,urânio,es,uranio,transparent
pt,usar,es,usar,transparent
pt,user,es,user,transparent
pt,uso,es,uso,transparent
pt,usual,es,usual,transparent
pt,usualmente,es,usualmente,transparent
pt,usurpar,es,usurpar,transparent
pt,usuário,es,usuario,transparent
pt,utensílio,es,utensilio,transparent
pt,utilidade,es,utilidad,transparent
pt,utilizar,es,utilizar,transparent
pt,utilização,es,utilización,transparent
pt,utopia,es,utopía,transparent
pt,utópico,es,utópico,transparent
pt,uva,es,uva,transparent
pt,uísque,es,whisky,altered
pt,vacante,es,vacante,transparent
pt,vacar,es,vacar,transparent
pt,vacilar,es,vacilar,transparent
pt,vacinar,es,vacunar,altered
pt,vacinação,es,vacunación,altered
pt,vagabundo,es,vagabundo,transparent
pt,vagamente,es,vagamente,transparent
pt,vagar,es,vagar,transparent
pt,vagina,es,vagina,transparent
pt,vaginal,es,vaginal,transparent
pt,vago,es,vago,transparent
pt,vagão,es,vagón,transparent
pt,vaidade,es,vanidad,altered
pt,vala,es,valla,altered
pt,valar,es,vallar,altered
pt,vale,es,vale,transparent
pt,valenciano,es,valenciano,transparent
pt,valente,es,valiente,altered
pt,valentia,es,valentía,transparent
pt,valer,es,valer,transparent
pt,valia,es,valía,transparent
pt,validade,es,validez,altered
pt,validar,es,validar,transparent
pt,validação,es,validación,altered
pt,valioso,es,valioso,transparent
pt,valor,es,valor,transparent
pt,valorar,es,valorar,transparent
pt,valoração,es,valoración,transparent
pt,valorizar,es,valorizar,transparent
pt,valsa,es,vals,altered
pt,valência,es,valencia,transparent
pt,vampiro,es,vampiro,transparent
pt,vandalismo,es,vandalismo,transparent
pt,vanguarda,es,vanguardia,altered
pt,vanguardista,es,vanguardista,transparent
pt,vantagem,es,ventaja,altered
pt,vantajoso,es,ventajoso,altered
pt,vapor,es,vapor,transparent
pt,vaqueiro,es,vaquero,altered
pt,vara,es,vara,transparent
pt,varar,es,varar,transparent
pt,vareta,es,varita,altered
pt,variante,es,variante,transparent
pt,variar,es,variar,transparent
pt,variação,es,variación,transparent
pt,variedade,es,variedad,transparent
pt,variável,es,variable,transparent
pt,varrido,es,barrido,altered
pt,varão,es,varón,transparent
pt,varíola,es,viruela,altered
pt,vasco,es,vasco,transparent
pt,vascular,es,vascular,transparent
pt,vasilha,es,vasija,altered
pt,vaso,es,vaso,transparent
pt,vassalo,es,vasallo,altered
pt,vasto,es,vasto,transparent
pt,vaticano,es,vaticano,transparent
pt,vaziar,es,vaciar,transparent
pt,vazio,es,vacío,altered
pt,veado,es,venado,altered
pt,vedar,es,vedar,transparent
pt,vega,es,vega,transparent
pt,vegetal,es,vegetal,transparent
pt,vegetariano,es,vegetariano,transparent
pt,vegetação,es,vegetación,transparent
pt,veia,es,vena,altered
pt,veicular,es,vehicular,transparent
pt,vela,es,vela,transparent
pt,velar,es,velar,transparent
pt,veleiro,es,velero,altered
pt,velhice,es,vejez,altered
pt,velho,es,viejo,altered
pt,velocidade,es,velocidad,altered
pt,veloz,es,veloz,transparent
pt,vencedor,es,vencedor,transparent
pt,vencer,es,vencer,transparent
pt,vencido,es,vencida,transparent
pt,vencimento,es,vencimiento,transparent
pt,vendedor,es,vendedor,transparent
pt,vender,es,vender,transparent
pt,vendido,es,vender,transparent
pt,veneno,es,veneno,transparent
pt,venenoso,es,venenoso,transparent
pt,venerar,es,venerar,transparent
pt,venerável,es,venerable,transparent
pt,veneziano,es,veneciano,altered
pt,venezuela,es,venezuela,transparent
pt,venezuelano,es,venezolano,altered
pt,vengador,es,vengador,transparent
pt,ventar,es,ventar,transparent
pt,ventilador,es,ventilador,transparent
pt,ventilar,es,ventilar,transparent
pt,ventilação,es,ventilación,transparent
pt,vento,es,viento,altered
pt,ventre,es,vientre,altered
pt,venturo,es,ventura,transparent
pt,ver,es,ver,transparent
pt,veracidade,es,veracidad,transparent
pt,veraz,es,veraz,transparent
pt,verbal,es,verbal,transparent
pt,verbalmente,es,verbalmente,transparent
pt,verbo,es,verbo,transparent
pt,verdade,es,verdad,altered
pt,verdadeiramente,es,verdaderamente,altered
pt,verdadeiro,es,verdadero,transparent
pt,verdugo,es,verdugo,transparent
pt,verdura,es,verdura,transparent
pt,vereda,es,vereda,transparent
pt,veredicto,es,veredicto,transparent
pt,verga,es,verga,transparent
pt,vergonha,es,vergüenza,altered
pt,vergonhoso,es,vergonzoso,altered
pt,verificar,es,verificar,transparent
pt,verificação,es,verificación,transparent
pt,vermelho,es,bermejo,altered
pt,versar,es,versar,transparent
pt,verso,es,verso,transparent
pt,versus,es,versus,transparent
pt,versátil,es,versátil,transparent
pt,versão,es,versión,transparent
pt,versículo,es,versículo,transparent
pt,vertebral,es,vertebral,transparent
pt,vertedouro,es,vertedero,altered
pt,vertente,es,vertiente,transparent
pt,verter,es,verter,transparent
pt,vertical,es,vertical,transparent
pt,vertido,es,vertido,transparent
pt,vertigem,es,vértigo,altered
pt,vertiginoso,es,vertiginoso,transparent
pt,verídico,es,verídico,transparent
pt,verônica,es,verónica,altered
pt,vespa,es,avispa,altered
pt,vestimenta,es,vestimenta,transparent
pt,vestir,es,vestir,transparent
pt,vestuário,es,vestuario,transparent
pt,vestíbulo,es,vestíbulo,transparent
pt,vestígio,es,vestigio,transparent
pt,vetar,es,vetar,transparent
pt,veterano,es,veterano,transparent
pt,veterinário,es,veterinario,altered
pt,veto,es,veto,transparent
pt,vetor,es,vector,altered
pt,vez,es,vez,transparent
pt,veículo,es,vehículo,transparent
pt,via,es,vía,transparent
pt,viabilidade,es,viabilidad,transparent
pt,viagem,es,viaje,altered
pt,viajar,es,viajar,transparent
pt,vial,es,vial,transparent
pt,vibe,es,vibe,transparent
pt,vibrante,es,vibrante,transparent
pt,vibrar,es,vibrar,transparent
pt,vibração,es,vibración,transparent
pt,vice,es,vice,transparent
pt,vice-versa,es,viceversa,transparent
pt,vicepresidente,es,vicepresidente,transparent
pt,viciar,es,viciar,transparent
pt,vicinal,es,vecinal,altered
pt,vicioso,es,vicioso,transparent
pt,vicunha,es,vicuña,altered
pt,vicário,es,vicario,transparent
pt,vida,es,vida,transparent
pt,vidente,es,vidente,transparent
pt,video,es,vídeo,transparent
pt,videochamada,es,videollamada,altered
pt,videoclipe,es,videoclip,altered
pt,videojogo,es,videojuego,altered
pt,vidro,es,vidrio,altered
pt,vieira,es,vieira,transparent
pt,viena,es,viena,transparent
pt,vietnamita,es,vietnamita,transparent
pt,viga,es,viga,transparent
pt,vigente,es,vigente,transparent
pt,vigilante,es,vigilante,transparent
pt,vigilância,es,vigilancia,transparent
pt,vigor,es,vigor,transparent
pt,vigoroso,es,vigoroso,transparent
pt,vigésimo,es,vigésimo,transparent
pt,vigência,es,vigencia,transparent
pt,vigília,es,vigilia,transparent
pt,viking,es,vikingo,transparent
pt,vil,es,vil,transparent
pt,vila,es,villa,altered
pt,vilão,es,villano,altered
pt,vinagre,es,vinagre,transparent
pt,vinculante,es,vinculante,transparent
pt,vincular,es,vincular,transparent
pt,vinculação,es,vinculación,altered
pt,vingança,es,venganza,altered
pt,vingar,es,vengar,altered
pt,vinhedo,es,viñedo,altered
pt,vinheta,es,viñeta,altered
pt,vinho,es,vino,altered
pt,vinil,es,vinilo,altered
pt,vintage,es,vintage,transparent
pt,vinte,es,veinte,altered
pt,viola,es,viola,transparent
pt,violador,es,violador,transparent
pt,violar,es,violar,transparent
pt,violação,es,violación,transparent
pt,violentamente,es,violentamente,transparent
pt,violentar,es,violentar,transparent
pt,violento,es,violento,transparent
pt,violeta,es,violeta,transparent
pt,violino,es,violín,transparent
pt,violência,es,violencia,transparent
pt,viral,es,viral,transparent
pt,viralizar,es,viralizar,transparent
pt,virar,es,virar,transparent
pt,virgem,es,virgen,altered
pt,virgindade,es,virginidad,altered
pt,virtual,es,virtual,transparent
pt,virtualmente,es,virtualmente,transparent
pt,virtude,es,virtud,altered
pt,virtuoso,es,virtuoso,transparent
pt,visar,es,visar,transparent
pt,visceral,es,visceral,transparent
pt,viscoso,es,viscosa,transparent
pt,visibilidade,es,visibilidad,transparent
pt,visita,es,visita,transparent
pt,visitante,es,visitante,transparent
pt,visitar,es,visitar,transparent
pt,visivelmente,es,visiblemente,transparent
pt,vislumbrar,es,vislumbrar,transparent
pt,vistoso,es,vistoso,transparent
pt,visual,es,visual,transparent
pt,visualizar,es,visualizar,transparent
pt,visualização,es,visualización,transparent
pt,visualmente,es,visualmente,transparent
pt,visão,es,visión,transparent
pt,visível,es,visible,transparent
pt,vital,es,vital,transparent
pt,vitalidade,es,vitalidad,transparent
pt,vitalício,es,vitalicio,transparent
pt,vitamina,es,vitamina,transparent
pt,vitoriano,es,victoriano,altered
pt,vitorioso,es,victorioso,altered
pt,vitrina,es,vitrina,transparent
pt,vitro,es,vitro,transparent
pt,vitória,es,victoria,altered
pt,viveiro,es,vivero,altered
pt,vivenciar,es,vivenciar,transparent
pt,vivenda,es,vivienda,altered
pt,vivente,es,viviente,altered
pt,viver,es,vivir,altered
pt,vivido,es,vivir,transparent
pt,vivo,es,vivo,transparent
pt,vizinho,es,vecino,altered
pt,viável,es,viable,transparent
pt,viúvo,es,viudo,transparent
pt,vlog,es,vlog,transparent
pt,vlogs,es,vlogs,transparent
pt,voador,es,volador,altered
pt,voar,es,volar,altered
pt,vocabulário,es,vocabulario,transparent
pt,vocacional,es,vocacional,transparent
pt,vocal,es,vocal,transparent
pt,vocalista,es,vocalista,transparent
pt,vocação,es,vocación,transparent
pt,vociferar,es,vociferar,altered
pt,vocábulo,es,vocablo,transparent
pt,vodca,es,vodka,altered
pt,volante,es,volante,transparent
pt,volatilidade,es,volatilidad,transparent
pt,voleibol,es,voleibol,transparent
pt,volta,es,vuelta,altered
pt,voltagem,es,voltaje,altered
pt,voltar,es,volver,altered
pt,volte,es,volte,transparent
pt,volume,es,volumen,altered
pt,voluntariado,es,voluntariado,transparent
pt,voluntariamente,es,voluntariamente,transparent
pt,voluntário,es,voluntario,transparent
pt,volátil,es,volátil,transparent
pt,vomitar,es,vomitar,transparent
pt,vontade,es,voluntad,altered
pt,voo,es,vuelo,altered
pt,vos,es,vos,transparent
pt,votante,es,votante,transparent
pt,votar,es,votar,transparent
pt,votação,es,votación,altered
pt,voto,es,voto,transparent
pt,voz,es,voz,transparent
pt,vulcânico,es,volcánico,altered
pt,vulcão,es,volcán,altered
pt,vulgar,es,vulgar,transparent
pt,vulnerabilidade,es,vulnerabilidad,transparent
pt,vulnerável,es,vulnerable,transparent
pt,válido,es,válido,transparent
pt,válvula,es,válvula,transparent
pt,vário,es,varios,transparent
pt,vão,es,vano,altered
pt,vértice,es,vértice,transparent
pt,véspera,es,víspera,altered
pt,véu,es,velo,altered
pt,vê,es,ve,altered
pt,vênia,es,venia,transparent
pt,víbora,es,víbora,transparent
pt,vício,es,vicio,transparent
pt,vídeo,es,video,transparent
pt,vínculo,es,vínculo,transparent
pt,vírus,es,virus,altered
pt,vítima,es,víctima,transparent
pt,vítor,es,vítor,transparent
pt,víveres,es,víveres,transparent
pt,vós,es,vos,altered
pt,vôlei,es,voleibol,altered
pt,vômito,es,vómito,transparent
pt,waffles,es,waffles,transparent
pt,walk,es,walk,transparent
pt,watt,es,watt,transparent
pt,web,es,web,transparent
pt,weber,es,weber,transparent
pt,website,es,website,transparent
pt,xadrez,es,ajedrez,altered
pt,xamã,es,chamán,altered
pt,xenofobia,es,xenofobia,transparent
pt,xenófobo,es,xenófobo,transparent
pt,xeque,es,jeque,altered
pt,xerife,es,sheriff,altered
pt,yoga,es,yoga,transparent
pt,youtube,es,youtube,transparent
pt,yuan,es,yuan,transparent
pt,zafar,es,zafar,transparent
pt,zarpar,es,zarpar,transparent
pt,zarzuela,es,zarzuela,transparent
pt,zen,es,zen,transparent
pt,zero,es,cero,transparent
pt,zeta,es,zeta,transparent
pt,zeus,es,zeus,transparent
pt,zinco,es,zinc,altered
pt,zona,es,zona,transparent
pt,zoológico,es,zoológico,transparent
pt,zoom,es,zoom,transparent
pt,zumbi,es,zombi,altered
pt,zumbir,es,zumbido,transparent
pt,zâmbia,es,zambia,altered
pt,zíper,es,zipper,transparent
pt,ácer,es,arce,altered
pt,ácido,es,ácido,transparent
pt,áfrico,es,áfrica,transparent
pt,ágil,es,ágil,transparent
pt,águia,es,águila,altered
pt,álamo,es,álamo,transparent
pt,álbum,es,álbum,transparent
pt,álcool,es,alcohol,transparent
pt,álgebra,es,álgebra,transparent
pt,ápice,es,ápice,transparent
pt,árabe,es,árabe,transparent
pt,árbitro,es,árbitro,transparent
pt,árduo,es,arduo,transparent
pt,área,es,área,transparent
pt,ária,es,aria,altered
pt,árido,es,árido,transparent
pt,áries,es,aries,transparent
pt,ártico,es,ártico,transparent
pt,árvore,es,árbol,altered
pt,ásia,es,asia,transparent
pt,áspero,es,áspero,transparent
pt,ático,es,ático,transparent
pt,átomo,es,átomo,transparent
pt,áudio,es,audio,transparent
pt,ávido,es,ávido,transparent
pt,âmbar,es,ámbar,transparent
pt,âmbito,es,ámbito,transparent
pt,âncora,es,ancla,transparent
pt,ângela,es,ángela,transparent
pt,ângulo,es,ángulo,transparent
pt,ânimo,es,ánimo,transparent
pt,ânsia,es,ansia,transparent
pt,ânus,es,ano,transparent
pt,ébola,es,ébola,transparent
pt,ébrio,es,ebrio,transparent
pt,égua,es,yegua,transparent
pt,épico,es,épica,transparent
pt,época,es,época,transparent
pt,ético,es,ética,transparent
pt,étnico,es,étnico,transparent
pt,ênfase,es,énfasis,altered
pt,êxito,es,éxito,transparent
pt,êxodo,es,éxodo,transparent
pt,êxtase,es,éxtasis,transparent
pt,ícone,es,icono,transparent
pt,ídolo,es,ídolo,transparent
pt,íman,es,imán,transparent
pt,ímpar,es,impar,transparent
pt,ímpio,es,impío,transparent
pt,índice,es,índice,transparent
pt,índico,es,índico,transparent
pt,índio,es,indio,altered
pt,índole,es,índole,transparent
pt,ínfimo,es,ínfimo,transparent
pt,íntegro,es,íntegro,transparent
pt,íntimo,es,íntimo,transparent
pt,íon,es,ion,transparent
pt,íris,es,iris,transparent
pt,óbvio,es,obvio,altered
pt,ócio,es,ocio,transparent
pt,ódio,es,odio,transparent
pt,óleo,es,óleo,transparent
pt,ómega,es,omega,transparent
pt,ónibus,es,ómnibus,altered
pt,ópera,es,ópera,transparent
pt,ópio,es,opio,transparent
pt,óptico,es,óptica,transparent
pt,órbita,es,órbita,transparent
pt,órfão,es,huérfano,altered
pt,órgão,es,órgano,transparent
pt,ósseo,es,óseo,transparent
pt,óvulo,es,óvulo,transparent
pt,óxido,es,óxido,transparent
pt,ônibus,es,ómnibus,altered
pt,úlcera,es,úlcera,transparent
pt,último,es,último,transparent
pt,úmido,es,húmedo,altered
pt,único,es,único,transparent
pt,útero,es,útero,transparent
pt,útil,es,útil,transparent
