receiver_lang,receiver_word,donor_lang,donor_word,class
es,aberración,ru,аберрация,transparent
es,abjasia,ru,абхазия,altered
es,abonado,ru,абонент,altered
es,aborto,ru,аборт,transparent
es,abril,ru,апрель,altered
es,absolutamente,ru,абсолютно,altered
es,absoluto,ru,абсолют,altered
es,absorción,ru,абсорбция,transparent
es,abstracción,ru,абстракция,transparent
es,absurdo,ru,абсурд,altered
es,academia,ru,академия,transparent
es,académico,ru,академик,transparent
es,accesorio,ru,аксессуар,altered
es,accion,ru,акция,transparent
es,accionario,ru,акционерный,altered
es,accionista,ru,акционер,altered
es,acelerador,ru,акселератор,altered
es,acento,ru,акцент,altered
es,acorde,ru,аккорд,transparent
es,acre,ru,акр,transparent
es,acta,ru,акт,altered
es,activación,ru,активация,transparent
es,actividad,ru,активность,altered
es,activismo,ru,активизм,altered
es,activista,ru,активист,transparent
es,activo,ru,актив,altered
es,acto,ru,акт,transparent
es,actor,ru,актёр,transparent
es,actoral,ru,актёрский,altered
es,actriz,ru,актриса,altered
es,actualidad,ru,актуальность,altered
es,acuarela,ru,акварель,altered
es,acuario,ru,аквариум,altered
es,acumulador,ru,аккумулятор,altered
es,acústico,ru,акустический,transparent
es,adaptación,ru,адаптация,transparent
es,adaptar,ru,адаптировать,altered
es,adaptativo,ru,адаптивный,altered
es,adecuadamente,ru,адекватно,transparent
es,adepto,ru,адепт,transparent
es,adherir,ru,адгезия,altered
es,adhesión,ru,адгезия,altered
es,administracion,ru,администрация,altered
es,administración,ru,администрация,transparent
es,administrador,ru,администратор,altered
es,administrativamente,ru,административно,transparent
es,administrativo,ru,административный,altered
es,adrenalina,ru,адреналин,altered
es,adán,ru,адам,transparent
es,aerodinámica,ru,аэродинамика,transparent
es,aeropuerto,ru,аэропорт,transparent
es,aerosol,ru,аэрозоль,transparent
es,aeródromo,ru,аэродром,transparent
es,afganistán,ru,афганистан,transparent
es,afgano,ru,афганский,altered
es,africano,ru,африканец,altered
es,afro,ru,афро,transparent
es,agencia,ru,агентство,altered
es,agente,ru,агент,transparent
es,agitación,ru,агитация,transparent
es,agonía,ru,агония,transparent
es,agrario,ru,аграрный,transparent
es,agregado,ru,агрегат,altered
es,agresividad,ru,агрессивность,altered
es,agresivo,ru,агрессивный,transparent
es,agresión,ru,агрессия,transparent
es,agresor,ru,агрессор,altered
es,agro,ru,агро,transparent
es,ala,ru,алый,transparent
es,albaricoque,ru,абрикосовый,altered
es,alberto,ru,альберт,transparent
es,album,ru,альбом,transparent
es,alcohol,ru,алкоголь,transparent
es,alcoholismo,ru,алкоголизм,altered
es,alcohólico,ru,алкогольный,transparent
es,alejandro,ru,александр,altered
es,alergia,ru,аллергия,altered
es,alfa,ru,альфа,transparent
es,alfabeto,ru,алфавит,altered
es,alfredo,ru,альфред,altered
es,algoritmo,ru,алгоритм,altered
es,alianza,ru,альянс,altered
es,alina,ru,алина,transparent
es,alma,ru,алма,transparent
es,almirante,ru,адмирал,altered
es,alonso,ru,алонсо,transparent
es,alpes,ru,альпы,altered
es,alpha,ru,альфа,transparent
es,altar,ru,алтарь,transparent
es,alternativa,ru,альтернатива,transparent
es,alternativo,ru,альтернативный,transparent
es,alucinación,ru,галлюцинация,altered
es,aluminio,ru,алюминий,altered
es,alusión,ru,аллюзия,altered
es,alérgico,ru,аллергический,transparent
es,amazon,ru,амазон,transparent
es,ambicionar,ru,амбициозный,altered
es,ambicioso,ru,амбициозный,transparent
es,ambición,ru,амбиция,transparent
es,america,ru,америка,transparent
es,amnesia,ru,амнезия,transparent
es,amnistía,ru,амнистия,transparent
es,amplitud,ru,амплитуда,transparent
es,amputar,ru,ампутировать,altered
es,amuleto,ru,амулет,transparent
es,amén,ru,аминь,transparent
es,américa,ru,америка,transparent
es,ana,ru,анна,transparent
es,analisis,ru,анализ,transparent
es,analizar,ru,анализировать,altered
es,analogía,ru,аналогия,altered
es,analítica,ru,аналитик,transparent
es,analítico,ru,аналитический,altered
es,analógico,ru,аналоговый,transparent
es,anarquista,ru,анархист,altered
es,anarquía,ru,анархия,altered
es,anastasia,ru,анастасия,transparent
es,anatoli,ru,анатолий,transparent
es,anatomía,ru,анатомия,transparent
es,android,ru,андроид,transparent
es,andrés,ru,андрей,altered
es,anemia,ru,анемия,transparent
es,anestesia,ru,анестезия,transparent
es,anexión,ru,аннексия,altered
es,anfiteatro,ru,амфитеатр,altered
es,anglo,ru,англо,transparent
es,anglosajón,ru,англосакс,altered
es,animación,ru,анимация,transparent
es,animador,ru,аниматор,altered
es,ankara,ru,анкара,transparent
es,anomalía,ru,аномалия,transparent
es,anonimato,ru,анонимность,altered
es,anorexia,ru,анорексия,transparent
es,anotación,ru,аннотация,altered
es,antena,ru,антенна,transparent
es,anti,ru,анти,transparent
es,antibiótico,ru,антибиотик,altered
es,anticristo,ru,антихрист,altered
es,antivirus,ru,антивирус,transparent
es,antología,ru,антология,transparent
es,antropología,ru,антропология,transparent
es,antropólogo,ru,антрополог,transparent
es,antártico,ru,антарктический,altered
es,anunciar,ru,анонсировать,altered
es,análisis,ru,анализ,transparent
es,análogamente,ru,аналогично,altered
es,análogo,ru,аналогичный,altered
es,anécdota,ru,анекдот,altered
es,anómalo,ru,аномальный,transparent
es,anónimo,ru,анонимный,transparent
es,aparcar,ru,припарковать,altered
es,apatía,ru,апатия,transparent
es,apelación,ru,апелляция,transparent
es,apetito,ru,аппетит,altered
es,aplaudir,ru,аплодировать,altered
es,aplicacion,ru,аппликация,altered
es,aplicación,ru,аппликация,transparent
es,apocalipsis,ru,апокалипсис,altered
es,apogeo,ru,апогей,altered
es,apolo,ru,аполлон,altered
es,apología,ru,апология,transparent
es,apostólico,ru,апостольский,transparent
es,apéndice,ru,аппендикс,altered
es,apóstol,ru,апостол,transparent
es,arabia,ru,аравия,altered
es,arbitral,ru,арбитражный,altered
es,arca,ru,арка,transparent
es,arcaico,ru,архаический,altered
es,archipiélago,ru,архипелаг,altered
es,archivo,ru,архив,altered
es,arcángel,ru,архангел,altered
es,areal,ru,ареал,transparent
es,arena,ru,арена,transparent
es,argentino,ru,аргентина,transparent
es,argumentación,ru,аргументация,transparent
es,argumento,ru,аргумент,transparent
es,aria,ru,ария,transparent
es,aristocracia,ru,аристократия,altered
es,armonía,ru,гармония,altered
es,armónico,ru,гармоничный,altered
es,aroma,ru,аромат,altered
es,aromático,ru,ароматический,altered
es,arqueología,ru,археология,altered
es,arqueológico,ru,археологический,altered
es,arquetipo,ru,архетип,altered
es,arqueólogo,ru,археолог,altered
es,arquitecto,ru,архитектор,altered
es,arquitectura,ru,архитектура,altered
es,arquitectónico,ru,архитектурный,altered
es,arrestar,ru,арестовать,altered
es,arresto,ru,арест,altered
es,arsenal,ru,арсенал,transparent
es,arte,ru,арт,transparent
es,artefacto,ru,артефакт,altered
es,arteria,ru,артерия,altered
es,arterial,ru,артериальный,altered
es,articulación,ru,артикуляция,transparent
es,articulos,ru,артикул,altered
es,artista,ru,артист,transparent
es,artritis,ru,артрит,altered
es,arturo,ru,артур,altered
es,artículo,ru,артикль,altered
es,artístico,ru,артистический,transparent
es,arzobispo,ru,архиепископ,altered
es,asamblea,ru,ассамблея,altered
es,asfalto,ru,асфальт,altered
es,asfixia,ru,асфиксия,transparent
es,asia,ru,азия,altered
es,asimétrico,ru,асимметричный,altered
es,asistente,ru,ассистент,altered
es,asistir,ru,ассистент,altered
es,asma,ru,астма,altered
es,asociación,ru,ассоциация,transparent
es,asociado,ru,ассоциировать,altered
es,asociar,ru,ассоциироваться,altered
es,aspecto,ru,аспект,altered
es,aspirante,ru,аспирант,transparent
es,asteroide,ru,астероид,altered
es,astro,ru,астро,transparent
es,astronauta,ru,астронавт,altered
es,astronomía,ru,астрономия,transparent
es,astronómico,ru,астрономический,altered
es,astrónomo,ru,астроном,altered
es,atacar,ru,атаковать,altered
es,ataque,ru,атака,altered
es,atlanta,ru,атланта,transparent
es,atlas,ru,атлас,transparent
es,atleta,ru,атлет,altered
es,atlántico,ru,атлантический,transparent
es,atlético,ru,атлетико,altered
es,atmosfera,ru,атмосфера,transparent
es,atmosférico,ru,атмосферный,altered
es,atmósfera,ru,атмосфера,transparent
es,atracción,ru,аттракцион,altered
es,atributo,ru,атрибут,transparent
es,audiencia,ru,аудиенция,transparent
es,audio,ru,аудио,transparent
es,audiovisual,ru,аудиовизуальный,transparent
es,auditor,ru,аудитор,transparent
es,auditorio,ru,аудитория,altered
es,auditoría,ru,аудитория,transparent
es,aura,ru,аура,transparent
es,aurora,ru,аврора,altered
es,austro,ru,австро,transparent
es,autenticidad,ru,аутентичность,altered
es,autismo,ru,аутизм,transparent
es,auto,ru,авто,transparent
es,autobiografía,ru,автобиография,transparent
es,autobús,ru,автобус,transparent
es,automatización,ru,автоматизация,altered
es,automatizar,ru,автоматизированный,altered
es,automovilista,ru,автомобилист,transparent
es,automovilístico,ru,автомобильный,altered
es,automática,ru,автоматический,transparent
es,automático,ru,автоматический,transparent
es,automóvil,ru,автомобиль,transparent
es,autonomía,ru,автономия,transparent
es,autonómico,ru,автономный,transparent
es,autor,ru,автор,transparent
es,autoridad,ru,авторитет,altered
es,autoritario,ru,авторитарный,transparent
es,autoritarismo,ru,авторитаризм,transparent
es,autorización,ru,авторизация,transparent
es,autoría,ru,авторство,altered
es,autógrafo,ru,автограф,altered
es,autónomo,ru,автономный,altered
es,avance,ru,аванс,transparent
es,avatar,ru,аватар,transparent
es,avenida,ru,авеню,altered
es,avería,ru,авария,transparent
es,aviación,ru,авиационный,transparent
es,avogadro,ru,авогадро,transparent
es,azerbaiyán,ru,азербайджан,altered
es,azúcar,ru,сахар,altered
es,bacon,ru,бекон,transparent
es,bacteria,ru,бактерия,transparent
es,bagaje,ru,багаж,transparent
es,bagdad,ru,багдад,transparent
es,bahamas,ru,багамы,altered
es,balada,ru,баллада,altered
es,balance,ru,баланс,transparent
es,balcánico,ru,балканский,altered
es,balcón,ru,балкон,transparent
es,ballet,ru,балет,transparent
es,balístico,ru,баллистический,altered
es,bambú,ru,бамбук,altered
es,banal,ru,банальный,altered
es,banana,ru,банан,transparent
es,banca,ru,банк,altered
es,bancarrota,ru,банкротство,altered
es,banco,ru,банк,altered
es,banda,ru,банда,transparent
es,bandido,ru,бандит,altered
es,banner,ru,баннер,transparent
es,banquete,ru,банкет,altered
es,bar,ru,бар,transparent
es,barnaúl,ru,барнаул,transparent
es,barrera,ru,барьер,altered
es,barricada,ru,баррикада,transparent
es,barril,ru,баррель,transparent
es,barroco,ru,барокко,transparent
es,barón,ru,барон,transparent
es,basal,ru,базальный,altered
es,base,ru,базовый,transparent
es,basquetbolista,ru,баскетболист,altered
es,bastión,ru,бастион,transparent
es,bat,ru,бат,transparent
es,batallón,ru,батальон,transparent
es,bateria,ru,батарея,altered
es,batería,ru,батарея,transparent
es,baviera,ru,бавария,altered
es,bazar,ru,базар,transparent
es,beauty,ru,бьюти,transparent
es,belgrado,ru,белград,altered
es,bencina,ru,бензин,altered
es,berlín,ru,берлин,transparent
es,bestia,ru,бестия,altered
es,beta,ru,бета,transparent
es,biatlón,ru,биатлон,transparent
es,biblia,ru,библия,transparent
es,bibliografía,ru,библиография,transparent
es,bibliográfico,ru,библиографический,transparent
es,biblioteca,ru,библиотека,transparent
es,bielorrusia,ru,беларусь,altered
es,bienal,ru,биеннале,altered
es,big,ru,биг,transparent
es,bikini,ru,бикини,transparent
es,bill,ru,билл,transparent
es,billar,ru,бильярд,altered
es,billboard,ru,билборд,transparent
es,bin,ru,бин,transparent
es,binario,ru,бинарный,transparent
es,bingo,ru,бинго,transparent
es,binocular,ru,бинокль,transparent
es,bio,ru,био,transparent
es,biografía,ru,биография,transparent
es,biográfico,ru,биографический,transparent
es,biología,ru,биология,transparent
es,biológico,ru,биологический,transparent
es,bioquímica,ru,биохимия,altered
es,biotecnología,ru,биотехнология,altered
es,bipolar,ru,биполярный,altered
es,bis,ru,бис,transparent
es,bitcoin,ru,биткоин,transparent
es,bizantino,ru,византийский,transparent
es,biólogo,ru,биолог,altered
es,bloc,ru,блокнот,altered
es,blog,ru,блог,transparent
es,blogger,ru,блогер,transparent
es,bloguero,ru,блогер,altered
es,blonda,ru,блондинка,altered
es,bloqueado,ru,блокировать,transparent
es,bloquear,ru,заблокировать,altered
es,bloqueo,ru,блокада,altered
es,blues,ru,блюз,altered
es,blusa,ru,блуза,transparent
es,bocal,ru,бокал,transparent
es,boeing,ru,боинг,transparent
es,boicot,ru,бойкот,altered
es,bolchevique,ru,большевик,altered
es,bolero,ru,болеро,transparent
es,boletín,ru,бюллетень,altered
es,bolt,ru,болт,transparent
es,bomba,ru,бомба,transparent
es,bombardear,ru,бомбить,altered
es,bond,ru,бонд,transparent
es,bonus,ru,бонус,transparent
es,boom,ru,бум,transparent
es,bosnio,ru,босния,transparent
es,boss,ru,босс,transparent
es,bot,ru,бот,transparent
es,botox,ru,ботокс,transparent
es,bots,ru,бот,transparent
es,botánica,ru,ботаник,transparent
es,botánico,ru,ботанический,transparent
es,boulevard,ru,бульвар,altered
es,boxeador,ru,боксёр,altered
es,boxeo,ru,бокс,altered
es,boxer,ru,боксёр,transparent
es,boyfriend,ru,бойфренд,transparent
es,brad,ru,брэд,transparent
es,brand,ru,бренд,transparent
es,brasil,ru,бразилия,altered
es,bravo,ru,бравый,transparent
es,brazalete,ru,браслет,altered
es,break,ru,брейк,transparent
es,briefing,ru,брифинг,transparent
es,brigada,ru,бригада,transparent
es,brigadier,ru,бригадир,transparent
es,brisa,ru,бриз,altered
es,britania,ru,британия,transparent
es,británico,ru,британский,transparent
es,broker,ru,брокер,transparent
es,brusela,ru,брюссель,altered
es,brócoli,ru,брокколи,transparent
es,buda,ru,будда,transparent
es,budapest,ru,будапешт,altered
es,budismo,ru,буддизм,altered
es,budista,ru,буддист,transparent
es,buffet,ru,буфет,transparent
es,bula,ru,булла,altered
es,bulevar,ru,бульвар,altered
es,bulgaria,ru,болгария,altered
es,bulla,ru,булла,transparent
es,bumper,ru,бампер,altered
es,buqué,ru,букет,altered
es,burger,ru,бургер,transparent
es,burgo,ru,бург,transparent
es,burguesía,ru,буржуазия,altered
es,burgués,ru,буржуа,altered
es,burocracia,ru,бюрократия,transparent
es,burocrático,ru,бюрократический,altered
es,buró,ru,бюро,altered
es,burócrata,ru,бюрократ,altered
es,bush,ru,буш,transparent
es,busto,ru,бюст,transparent
es,bálsamo,ru,бальзам,altered
es,báltico,ru,балтийский,altered
es,bárbaro,ru,варвар,altered
es,básquet,ru,баскетбол,altered
es,básquetbol,ru,баскетбол,altered
es,bíblico,ru,библейский,altered
es,búlgaro,ru,болгарин,altered
es,búnker,ru,бункер,altered
es,caballero,ru,кавалер,altered
es,caballería,ru,кавалерия,transparent
es,cabaret,ru,кабаре,transparent
es,cabina,ru,кабина,transparent
es,cable,ru,кабель,altered
es,cabriolé,ru,кабриолет,altered
es,cacao,ru,какао,transparent
es,caché,ru,кэш,altered
es,cactus,ru,кактус,transparent
es,cadete,ru,кадет,transparent
es,cafe,ru,кафе,transparent
es,cafetería,ru,кафетерий,transparent
es,cafeína,ru,кофеин,altered
es,café,ru,кофе,altered
es,cairo,ru,каир,altered
es,caja,ru,касса,transparent
es,cake,ru,кекс,transparent
es,calamar,ru,кальмар,altered
es,calculadora,ru,калькулятор,altered
es,calendario,ru,календарь,altered
es,calibre,ru,калибр,altered
es,calificación,ru,квалификация,altered
es,calificar,ru,квалифицировать,altered
es,california,ru,калифорния,altered
es,californiano,ru,калифорнийский,altered
es,caloría,ru,калория,transparent
es,campaña,ru,кампания,altered
es,campeon,ru,чемпион,altered
es,campeonato,ru,чемпионат,altered
es,campeón,ru,чемпион,altered
es,camping,ru,кемпинг,transparent
es,campus,ru,кампус,transparent
es,camuflaje,ru,камуфляж,altered
es,camín,ru,камин,transparent
es,cana,ru,канна,transparent
es,canadiense,ru,канадский,transparent
es,canadá,ru,канада,transparent
es,canal,ru,канал,transparent
es,canalización,ru,канализация,transparent
es,canciller,ru,канцлер,altered
es,cancillería,ru,канцелярия,altered
es,candidato,ru,кандидат,transparent
es,candidatura,ru,кандидатура,transparent
es,canoa,ru,каноэ,altered
es,canon,ru,канон,transparent
es,cantor,ru,кантор,transparent
es,canyon,ru,каньон,altered
es,canónico,ru,канонический,transparent
es,caos,ru,хаос,altered
es,capilla,ru,капелла,altered
es,capital,ru,капитал,altered
es,capitalismo,ru,капитализм,altered
es,capitalista,ru,капиталист,transparent
es,capitalización,ru,капитализация,transparent
es,capitan,ru,капитан,transparent
es,capitanía,ru,капитан,transparent
es,capitán,ru,капитан,transparent
es,capot,ru,капот,transparent
es,carabinero,ru,карабинер,altered
es,caracter,ru,характер,altered
es,caracterizar,ru,характеризовать,altered
es,característica,ru,характеристика,transparent
es,característico,ru,характерный,altered
es,caravana,ru,караван,transparent
es,carbon,ru,карбон,transparent
es,carcasa,ru,каркас,altered
es,card,ru,карта,transparent
es,cardenal,ru,кардинал,altered
es,cardinal,ru,кардинал,transparent
es,cardiología,ru,кардиология,transparent
es,caribeño,ru,карибский,altered
es,caricatura,ru,карикатура,transparent
es,carisma,ru,харизма,altered
es,carlos,ru,чарльз,altered
es,carnaval,ru,карнавал,transparent
es,carreta,ru,карета,altered
es,carrusel,ru,карусель,transparent
es,carta,ru,карта,transparent
es,cartografía,ru,картография,transparent
es,cartón,ru,картонный,transparent
es,carácter,ru,характер,transparent
es,cascada,ru,каскад,altered
es,casete,ru,кассета,altered
es,cash,ru,кэш,transparent
es,casino,ru,казино,transparent
es,caspio,ru,каспийский,transparent
es,casting,ru,кастинг,transparent
es,castor,ru,кастор,transparent
es,catalina,ru,катерина,altered
es,catalizador,ru,катализатор,altered
es,catamarán,ru,катамаран,transparent
es,catastrófico,ru,катастрофический,altered
es,categoria,ru,категория,altered
es,categoría,ru,категория,transparent
es,categórico,ru,категорический,transparent
es,catolicismo,ru,католицизм,transparent
es,catálogo,ru,каталог,transparent
es,catástrofe,ru,катастрофа,transparent
es,católico,ru,католический,altered
es,caucásico,ru,кавказский,altered
es,cava,ru,кава,transparent
es,cañón,ru,канон,transparent
es,cemento,ru,цемент,transparent
es,cenit,ru,зенит,altered
es,censor,ru,цензор,transparent
es,censura,ru,цензура,transparent
es,centauro,ru,кентавр,altered
es,centavo,ru,цент,transparent
es,central,ru,центральный,altered
es,centralizar,ru,централизовать,transparent
es,centro,ru,центр,transparent
es,centurión,ru,центурион,transparent
es,centímetro,ru,сантиметр,altered
es,ceremonia,ru,церемония,transparent
es,ceremonial,ru,церемониальный,transparent
es,certificación,ru,сертификация,altered
es,certificado,ru,сертификат,altered
es,cerámica,ru,керамика,altered
es,cerámico,ru,керамический,altered
es,cesárea,ru,кесарев,altered
es,champagne,ru,шампанский,altered
es,champán,ru,шампанский,transparent
es,champú,ru,шампунь,altered
es,chamán,ru,шаман,altered
es,chantaje,ru,шантаж,altered
es,chao,ru,чао,transparent
es,chasis,ru,шасси,transparent
es,chat,ru,чат,transparent
es,checklist,ru,чек-лист,transparent
es,checoslovaquia,ru,чехословакия,altered
es,chef,ru,шеф,transparent
es,chelsea,ru,челси,transparent
es,chequia,ru,чехия,altered
es,chi,ru,чи,transparent
es,chic,ru,шик,altered
es,chile,ru,чили,transparent
es,chip,ru,чип,transparent
es,chocolate,ru,шоколад,altered
es,chofer,ru,шофер,transparent
es,chrome,ru,хром,transparent
es,chófer,ru,шофер,altered
es,ciclo,ru,цикл,transparent
es,ciclón,ru,циклон,altered
es,cifra,ru,цифра,altered
es,cigarrillo,ru,сигарета,altered
es,cigarro,ru,сигара,altered
es,cilindro,ru,цилиндр,altered
es,cilíndrico,ru,цилиндрический,altered
es,cine,ru,кино,altered
es,cinema,ru,синема,altered
es,cinematógrafo,ru,кинематограф,altered
es,cinismo,ru,цинизм,altered
es,circo,ru,цирк,altered
es,circulación,ru,циркуляция,transparent
es,cirugía,ru,хирургия,altered
es,cirílico,ru,кириллица,altered
es,cisterna,ru,цистерна,transparent
es,citar,ru,цитировать,altered
es,civilización,ru,цивилизация,transparent
es,civilizar,ru,цивилизовать,transparent
es,clan,ru,клан,transparent
es,clara,ru,клара,transparent
es,clase,ru,класс,altered
es,clasificación,ru,классификация,altered
es,classic,ru,классический,altered
es,clic,ru,клик,transparent
es,cliché,ru,клише,transparent
es,cliente,ru,клиент,transparent
es,clima,ru,климат,altered
es,climático,ru,климатический,altered
es,clip,ru,клип,transparent
es,cloaca,ru,клоака,transparent
es,clon,ru,клон,transparent
es,clonar,ru,клонировать,altered
es,cloro,ru,хлор,altered
es,cloruro,ru,хлорид,altered
es,clown,ru,клоун,transparent
es,club,ru,клуб,transparent
es,clásico,ru,классический,altered
es,clínica,ru,клиника,transparent
es,clínico,ru,клинический,transparent
es,clúster,ru,кластер,transparent
es,coalición,ru,коалиция,transparent
es,cobra,ru,кобра,transparent
es,cocaína,ru,кокаин,altered
es,coco,ru,кокос,altered
es,cocodrilo,ru,крокодил,altered
es,cocotero,ru,кокосовый,altered
es,cognitivo,ru,когнитивный,transparent
es,cola,ru,кола,transparent
es,colapso,ru,коллапс,altered
es,colección,ru,коллекция,altered
es,colectivo,ru,коллектив,altered
es,colector,ru,коллектор,altered
es,colega,ru,коллега,altered
es,colegiata,ru,коллегия,altered
es,colesterol,ru,холестерин,altered
es,coliseo,ru,колизей,altered
es,colisión,ru,коллизия,altered
es,collage,ru,коллаж,transparent
es,colonia,ru,колония,transparent
es,colonización,ru,колонизация,transparent
es,colonizar,ru,колонизировать,altered
es,coloquio,ru,коллоквиум,altered
es,colorido,ru,колоритный,altered
es,colosal,ru,колоссальный,altered
es,columnista,ru,колумнист,transparent
es,colágeno,ru,коллаген,transparent
es,comandante,ru,команда,altered
es,comandar,ru,команда,altered
es,comando,ru,команда,altered
es,combinación,ru,комбинация,altered
es,combinado,ru,комбинированный,altered
es,combinar,ru,комбинировать,altered
es,comedia,ru,комедия,transparent
es,comediante,ru,комедиант,transparent
es,comentador,ru,комментатор,transparent
es,comentar,ru,комментировать,altered
es,comentario,ru,комментарий,altered
es,comercial,ru,коммерческий,altered
es,comerciante,ru,коммерсант,altered
es,cometa,ru,комета,transparent
es,comic,ru,комикс,altered
es,comisariato,ru,комиссариат,transparent
es,comisario,ru,комиссар,altered
es,comision,ru,комиссия,altered
es,comisión,ru,комиссия,altered
es,comité,ru,комитет,transparent
es,comodoro,ru,коммодор,altered
es,compacto,ru,компактный,altered
es,compañía,ru,компания,altered
es,compensación,ru,компенсация,transparent
es,compensar,ru,компенсировать,altered
es,competencia,ru,компетенция,transparent
es,competente,ru,компетентный,altered
es,compilación,ru,компиляция,altered
es,complejo,ru,комплекс,altered
es,completar,ru,комплектовать,transparent
es,componente,ru,компонент,altered
es,composición,ru,композиция,transparent
es,compositor,ru,композитор,transparent
es,compromiso,ru,компромисс,altered
es,computador,ru,компьютер,altered
es,computar,ru,компьютер,altered
es,compás,ru,компас,altered
es,comun,ru,коммуна,transparent
es,comuna,ru,коммуна,altered
es,comunicacion,ru,коммуникация,transparent
es,comunicación,ru,коммуникация,altered
es,comunicador,ru,коммуникатор,transparent
es,comunicativo,ru,коммуникативный,altered
es,comunismo,ru,коммунизм,altered
es,comunista,ru,коммунист,altered
es,común,ru,коммунальный,transparent
es,concentración,ru,концентрация,transparent
es,concentrado,ru,концентрировать,transparent
es,concentrar,ru,концентрировать,altered
es,concepción,ru,концепция,altered
es,concepto,ru,концепция,transparent
es,conceptual,ru,концептуальный,transparent
es,concern,ru,концерн,transparent
es,concesión,ru,концессия,transparent
es,concierto,ru,концерт,altered
es,concretamente,ru,конкретно,transparent
es,concreto,ru,конкретный,transparent
es,concurrencia,ru,конкуренция,altered
es,concurrir,ru,конкурировать,altered
es,concurso,ru,конкурс,altered
es,confederación,ru,конфедерация,transparent
es,conferencia,ru,конференция,transparent
es,confidencial,ru,конфиденциальный,transparent
es,configuración,ru,конфигурация,transparent
es,confiscación,ru,конфискация,transparent
es,confiscar,ru,конфисковать,transparent
es,conflicto,ru,конфликт,altered
es,confort,ru,комфорт,altered
es,confortable,ru,комфортный,altered
es,confrontación,ru,конфронтация,transparent
es,conglomerado,ru,конгломерат,altered
es,congreso,ru,конгресс,transparent
es,cono,ru,конус,transparent
es,conserva,ru,консервы,altered
es,conservación,ru,консервация,transparent
es,conservador,ru,консервативный,altered
es,conservatorio,ru,консерватория,altered
es,consistencia,ru,консистенция,transparent
es,consola,ru,консоль,transparent
es,consolidación,ru,консолидация,transparent
es,consolidar,ru,консолидировать,altered
es,consorcio,ru,консорциум,altered
es,constatar,ru,констатировать,transparent
es,constitucion,ru,конституция,altered
es,constitución,ru,конституция,transparent
es,constituir,ru,конституция,altered
es,construccion,ru,конструкция,altered
es,construcción,ru,конструкция,transparent
es,constructivo,ru,конструктивный,transparent
es,constructor,ru,конструктор,transparent
es,consulado,ru,консульство,altered
es,consular,ru,консульский,altered
es,consultivo,ru,консультативный,transparent
es,consultor,ru,консультант,altered
es,contacto,ru,контакт,altered
es,contenedor,ru,контейнер,altered
es,contexto,ru,контекст,transparent
es,continental,ru,континентальный,transparent
es,continente,ru,континент,transparent
es,contingente,ru,контингент,transparent
es,continuo,ru,континуум,altered
es,contorno,ru,контур,altered
es,contra,ru,контра,transparent
es,contraatacar,ru,контратака,altered
es,contrabando,ru,контрабанда,transparent
es,contrastar,ru,контраст,altered
es,contraste,ru,контраст,altered
es,contrato,ru,контракт,transparent
es,contribución,ru,контрибуция,transparent
es,contribuir,ru,контрибуция,altered
es,control,ru,контроль,transparent
es,controlador,ru,контроллер,altered
es,controlar,ru,контролировать,altered
es,convención,ru,конвенция,altered
es,convenio,ru,конвенция,altered
es,convento,ru,конвент,transparent
es,convergencia,ru,конвергенция,altered
es,conversión,ru,конверсия,transparent
es,convoy,ru,конвой,altered
es,cooperación,ru,кооперация,transparent
es,cooperativa,ru,кооператив,transparent
es,cooperativo,ru,кооперативный,altered
es,coordenada,ru,координата,altered
es,coordinación,ru,координация,altered
es,coordinador,ru,координатор,transparent
es,coordinar,ru,координировать,transparent
es,copia,ru,копия,transparent
es,copiar,ru,копировать,altered
es,coral,ru,коралл,transparent
es,coreografía,ru,хореография,transparent
es,corner,ru,корнер,transparent
es,coro,ru,хор,transparent
es,corona,ru,корона,transparent
es,corporación,ru,корпорация,transparent
es,corporation,ru,корпорация,transparent
es,corporativo,ru,корпоративный,transparent
es,corrección,ru,коррекция,transparent
es,correctamente,ru,корректный,altered
es,correctivo,ru,корректив,transparent
es,correcto,ru,корректный,altered
es,corrector,ru,корректор,altered
es,corredor,ru,коридор,altered
es,corregir,ru,корректировать,altered
es,correlación,ru,корреляция,transparent
es,correspondencia,ru,корреспонденция,altered
es,corresponsal,ru,корреспондент,altered
es,corrupcion,ru,коррупция,transparent
es,corrupción,ru,коррупция,transparent
es,corán,ru,коран,altered
es,cosaco,ru,казак,altered
es,cosmonauta,ru,космонавт,altered
es,cosmopolita,ru,космополит,transparent
es,cosmos,ru,космос,transparent
es,cosmética,ru,косметика,altered
es,cosmético,ru,косметический,altered
es,coupé,ru,купе,altered
es,cover,ru,кавер,transparent
es,coñac,ru,коньяк,transparent
es,crack,ru,крах,transparent
es,crash,ru,краш,transparent
es,creative,ru,креативный,altered
es,creatividad,ru,креативность,transparent
es,creativo,ru,креативный,transparent
es,crediticio,ru,кредитный,altered
es,credito,ru,кредит,transparent
es,creditos,ru,кредит,altered
es,credo,ru,кредо,transparent
es,criminal,ru,криминальный,altered
es,crisis,ru,кризис,transparent
es,cristal,ru,кристалл,altered
es,cristalino,ru,кристаллический,altered
es,cristianismo,ru,христианство,altered
es,cristiano,ru,христианский,altered
es,cristo,ru,христос,altered
es,criterio,ru,критерий,transparent
es,criticar,ru,критиковать,altered
es,cromo,ru,хром,altered
es,cromosoma,ru,хромосома,altered
es,cronología,ru,хронология,transparent
es,cronológico,ru,хронологический,altered
es,cronometrar,ru,хронометр,altered
es,cronómetro,ru,хронометр,altered
es,cross,ru,кросс,transparent
es,crossover,ru,кросс,transparent
es,crucero,ru,круиз,altered
es,crystal,ru,кристалл,altered
es,cráter,ru,кратер,transparent
es,crédito,ru,кредит,transparent
es,críticamente,ru,критически,altered
es,crítico,ru,критический,altered
es,crónico,ru,хронический,altered
es,cuadrado,ru,квадрат,altered
es,cualificar,ru,квалифицировать,altered
es,cuarentena,ru,карантин,altered
es,cuarteto,ru,квартет,altered
es,cubano,ru,кубинский,altered
es,cubo,ru,куб,altered
es,culinario,ru,кулинарный,transparent
es,culminación,ru,кульминация,transparent
es,culto,ru,культ,altered
es,cultura,ru,культура,transparent
es,cultural,ru,культурный,transparent
es,cumplido,ru,комплимент,altered
es,cuota,ru,квота,transparent
es,cupón,ru,купон,transparent
es,curador,ru,куратор,transparent
es,curry,ru,карри,altered
es,curso,ru,курс,altered
es,cuántico,ru,квантовый,altered
es,cyber,ru,кибер,altered
es,cápsula,ru,капсула,transparent
es,cártel,ru,картель,transparent
es,cárter,ru,картер,transparent
es,cátedra,ru,кафедра,altered
es,célula,ru,клетка,transparent
es,césar,ru,цезарь,transparent
es,cíclico,ru,циклический,altered
es,cínico,ru,циничный,transparent
es,círculo,ru,циркуль,altered
es,códice,ru,кодекс,altered
es,código,ru,код,transparent
es,cómic,ru,комикс,transparent
es,cómico,ru,комик,transparent
es,cónsul,ru,консул,transparent
es,cósmico,ru,космический,transparent
es,cúbico,ru,кубический,transparent
es,cúpula,ru,купол,altered
es,dakota,ru,дакота,transparent
es,dama,ru,дама,transparent
es,damasco,ru,дамаск,altered
es,damián,ru,дамиан,transparent
es,danny,ru,дэнни,transparent
es,dante,ru,данте,transparent
es,dar,ru,дать,transparent
es,darwin,ru,дарвин,transparent
es,datar,ru,датировать,transparent
es,david,ru,дэвид,transparent
es,debate,ru,дебаты,transparent
es,debut,ru,дебют,transparent
es,debutar,ru,дебютировать,transparent
es,decano,ru,декан,altered
es,declaración,ru,декларация,transparent
es,declarar,ru,декларировать,transparent
es,decoración,ru,декорация,transparent
es,decorativo,ru,декоративный,transparent
es,decreto,ru,декрет,transparent
es,deducción,ru,дедукция,altered
es,defecto,ru,дефект,altered
es,deformación,ru,деформация,transparent
es,degradación,ru,деградация,transparent
es,degradar,ru,деградировать,altered
es,delegación,ru,делегация,transparent
es,delegado,ru,делегат,altered
es,delegar,ru,делегировать,altered
es,delfín,ru,дельфин,altered
es,delta,ru,дельта,transparent
es,demagogia,ru,демагогия,transparent
es,demarcación,ru,демаркация,transparent
es,demo,ru,демо,transparent
es,democracia,ru,демократия,transparent
es,democratización,ru,демократизация,transparent
es,demográfico,ru,демографический,transparent
es,demonio,ru,демон,altered
es,demostración,ru,демонстрация,altered
es,demostrar,ru,демонстрировать,altered
es,demócrata,ru,демократ,transparent
es,departamento,ru,департамент,altered
es,deportación,ru,депортация,transparent
es,depresión,ru,депрессия,transparent
es,depósito,ru,депозит,altered
es,derbi,ru,дерби,transparent
es,descentralización,ru,децентрализация,altered
es,despachador,ru,диспетчер,altered
es,destructivo,ru,деструктивный,altered
es,detallar,ru,детальный,altered
es,detalle,ru,деталь,transparent
es,detective,ru,детектив,transparent
es,detector,ru,детектор,transparent
es,detonador,ru,детонатор,transparent
es,detroit,ru,детройт,transparent
es,devaluación,ru,девальвация,transparent
es,diabetes,ru,диабет,altered
es,diagnosticar,ru,диагностировать,altered
es,diagnóstico,ru,диагноз,altered
es,diagonal,ru,диагональ,transparent
es,diagrama,ru,диаграмма,altered
es,dialecto,ru,диалект,transparent
es,diamante,ru,диамант,transparent
es,diana,ru,диана,transparent
es,diapasón,ru,диапазон,altered
es,dictado,ru,диктант,altered
es,dictador,ru,диктатор,transparent
es,dictadura,ru,диктатура,transparent
es,dictaminar,ru,диктовать,altered
es,didáctico,ru,дидактический,transparent
es,diesel,ru,дизель,transparent
es,dieta,ru,диета,transparent
es,diferencial,ru,дифференциальный,transparent
es,dilema,ru,дилемма,altered
es,dinamita,ru,динамит,transparent
es,dinamo,ru,динамо,transparent
es,dinastía,ru,династия,transparent
es,dinosaurio,ru,динозавр,altered
es,dinámico,ru,динамический,altered
es,diploma,ru,диплом,altered
es,diplomacia,ru,дипломатия,altered
es,diplomado,ru,дипломировать,altered
es,diplomático,ru,дипломат,altered
es,diputado,ru,депутат,altered
es,direccion,ru,дирекция,altered
es,dirección,ru,дирекция,altered
es,directiva,ru,директива,transparent
es,director,ru,директор,transparent
es,directorio,ru,директория,transparent
es,disciplina,ru,дисциплина,transparent
es,disciplinar,ru,дисциплинировать,altered
es,disciplinario,ru,дисциплинарный,transparent
es,disco,ru,диск,transparent
es,discoteca,ru,дискотека,transparent
es,discreto,ru,дискретный,transparent
es,discriminación,ru,дискриминация,altered
es,discusion,ru,дискуссия,transparent
es,discusión,ru,дискуссия,transparent
es,discutir,ru,дискутировать,altered
es,disertación,ru,диссертация,altered
es,diseñador,ru,дизайнер,altered
es,disidente,ru,диссидент,altered
es,dislocación,ru,дислокация,transparent
es,dispersión,ru,дисперсия,transparent
es,disputa,ru,диспут,transparent
es,distancia,ru,дистанция,transparent
es,distribuidor,ru,дистрибьютор,altered
es,distribuidora,ru,дистрибьютор,altered
es,distrito,ru,дистрикт,transparent
es,diva,ru,диво,transparent
es,divergencia,ru,дивергенция,altered
es,diversificación,ru,диверсификация,transparent
es,diversión,ru,дивергенция,altered
es,division,ru,дивизион,transparent
es,división,ru,дивизия,altered
es,diván,ru,диван,transparent
es,diálogo,ru,диалог,transparent
es,diámetro,ru,диаметр,transparent
es,diésel,ru,дизель,altered
es,dióxido,ru,диоксид,transparent
es,dj,ru,диджей,transparent
es,doble,ru,дубль,altered
es,docente,ru,доцент,altered
es,doctrina,ru,доктрина,transparent
es,documentación,ru,документация,transparent
es,documentar,ru,документировать,transparent
es,documento,ru,документ,altered
es,dogma,ru,догма,transparent
es,dogo,ru,дог,transparent
es,dolina,ru,долина,transparent
es,dominante,ru,доминанта,transparent
es,dominar,ru,доминировать,altered
es,dominicano,ru,доминиканский,altered
es,dominio,ru,домен,transparent
es,dominó,ru,домино,transparent
es,don,ru,дон,transparent
es,donald,ru,дональд,transparent
es,dopaje,ru,допинг,altered
es,dosier,ru,досье,transparent
es,dragon,ru,дракон,transparent
es,dragón,ru,дракон,altered
es,drama,ru,драма,transparent
es,dramaturgia,ru,драматургия,transparent
es,dramaturgo,ru,драматург,altered
es,dramática,ru,драматический,altered
es,dramático,ru,драматический,transparent
es,driver,ru,драйвер,transparent
es,dron,ru,дрон,transparent
es,drones,ru,дрон,transparent
es,druida,ru,друид,transparent
es,duelo,ru,дуэль,transparent
es,duna,ru,дюна,transparent
es,duo,ru,дуо,transparent
es,duplicar,ru,дублировать,altered
es,década,ru,декада,transparent
es,déficit,ru,дефицит,transparent
es,dólar,ru,доллар,transparent
es,eco,ru,эхо,transparent
es,ecologista,ru,эколог,altered
es,ecología,ru,экология,altered
es,ecológico,ru,экологический,altered
es,economista,ru,экономист,altered
es,economía,ru,экономика,altered
es,económicamente,ru,экономически,altered
es,económico,ru,экономический,transparent
es,ecosistema,ru,экосистема,transparent
es,eduardo,ru,эдуард,transparent
es,efectista,ru,эффектный,transparent
es,efectivamente,ru,эффективно,altered
es,efectividad,ru,эффективность,transparent
es,efectivo,ru,эффективный,altered
es,efecto,ru,эффект,altered
es,egipto,ru,египет,altered
es,ego,ru,эго,transparent
es,egoísmo,ru,эгоизм,transparent
es,egoísta,ru,эгоист,transparent
es,ejemplar,ru,экземпляр,altered
es,elasticidad,ru,эластичность,altered
es,electorado,ru,электорат,altered
es,electoral,ru,электоральный,transparent
es,electricidad,ru,электричество,altered
es,electricista,ru,электрик,altered
es,electro,ru,электро,transparent
es,electrodo,ru,электрод,transparent
es,electromagnético,ru,электромагнитный,altered
es,electrón,ru,электрон,transparent
es,electrónica,ru,электроника,transparent
es,electrónico,ru,электронный,altered
es,elegante,ru,элегантный,transparent
es,elegía,ru,элегия,transparent
es,elemental,ru,элементарный,altered
es,elemento,ru,элемент,transparent
es,elena,ru,елена,transparent
es,elevador,ru,элеватор,transparent
es,elfo,ru,эльф,altered
es,elite,ru,элита,transparent
es,elixir,ru,эликсир,transparent
es,eléctrico,ru,электрический,transparent
es,emancipación,ru,эмансипация,transparent
es,emblema,ru,эмблема,transparent
es,embrión,ru,эмбрион,transparent
es,emigración,ru,эмиграция,altered
es,emigrado,ru,эмигрант,altered
es,emigrante,ru,эмигрант,altered
es,emir,ru,эмир,transparent
es,emirato,ru,эмират,transparent
es,emisario,ru,эмиссар,altered
es,emisión,ru,эмиссия,transparent
es,emocionalmente,ru,эмоционально,transparent
es,emoción,ru,эмоция,transparent
es,empacar,ru,упаковать,altered
es,empatía,ru,эмпатия,transparent
es,emperador,ru,император,altered
es,emperatriz,ru,императрица,altered
es,enciclopedia,ru,энциклопедия,altered
es,enclave,ru,анклав,transparent
es,energia,ru,энергия,transparent
es,energética,ru,энергетический,transparent
es,energético,ru,энергетический,altered
es,energía,ru,энергия,transparent
es,enigma,ru,энигма,transparent
es,enrique,ru,генрих,altered
es,ensamble,ru,ансамбль,altered
es,enterprise,ru,энтерпрайз,transparent
es,entonación,ru,интонация,transparent
es,entrenar,ru,тренироваться,altered
es,entropía,ru,энтропия,transparent
es,entusiasmo,ru,энтузиазм,altered
es,entusiasta,ru,энтузиаст,transparent
es,enérgico,ru,энергичный,altered
es,eparquía,ru,епархия,transparent
es,epicentro,ru,эпицентр,transparent
es,epidemia,ru,эпидемия,transparent
es,epilepsia,ru,эпилепсия,transparent
es,episode,ru,эпизод,altered
es,episodio,ru,эпизод,altered
es,epoca,ru,эпоха,transparent
es,epopeya,ru,эпос,altered
es,equipaje,ru,экипаж,altered
es,equivalencia,ru,эквивалентность,altered
es,equivalente,ru,эквивалентный,transparent
es,equivaler,ru,эквивалент,altered
es,erección,ru,эрекция,transparent
es,ereván,ru,ереван,transparent
es,erosión,ru,эрозия,transparent
es,erótico,ru,эротический,transparent
es,escandaloso,ru,скандальный,altered
es,escandinavo,ru,скандинав,altered
es,escanear,ru,сканировать,altered
es,escena,ru,сцена,transparent
es,escenario,ru,сценарий,altered
es,escenografía,ru,сценография,transparent
es,escolar,ru,школьный,altered
es,escolta,ru,эскорт,altered
es,escorpión,ru,скорпион,altered
es,escuadra,ru,эскадра,altered
es,escuadrón,ru,эскадрон,transparent
es,escultor,ru,скульптор,transparent
es,escultura,ru,скульптура,altered
es,escándalo,ru,скандал,altered
es,escáner,ru,сканер,altered
es,escénico,ru,сценический,altered
es,esencia,ru,эссенция,altered
es,esférico,ru,сферический,transparent
es,eslavo,ru,славянский,altered
es,eslogan,ru,слоган,transparent
es,eslovenia,ru,словения,altered
es,esmalte,ru,эмаль,altered
es,espada,ru,шпага,altered
es,especia,ru,специя,altered
es,especial,ru,специальный,transparent
es,especialista,ru,специалист,transparent
es,especializar,ru,специализироваться,altered
es,especialmente,ru,специальный,transparent
es,especificación,ru,спецификация,altered
es,espectro,ru,спектр,transparent
es,espectáculo,ru,спектакль,altered
es,especulación,ru,спекуляция,altered
es,específico,ru,специфический,transparent
es,esperma,ru,сперма,altered
es,espina,ru,спина,transparent
es,espionaje,ru,шпионаж,altered
es,espiral,ru,спираль,transparent
es,espontáneamente,ru,спонтанный,altered
es,espontáneo,ru,спонтанный,transparent
es,espíritu,ru,спирт,altered
es,esqueleto,ru,скелет,altered
es,esquema,ru,схема,altered
es,esquizofrenia,ru,шизофрения,altered
es,estabilidad,ru,стабильность,altered
es,estabilización,ru,стабилизация,altered
es,estabilizar,ru,стабилизировать,transparent
es,estable,ru,стабильно,altered
es,estacional,ru,сезонный,transparent
es,estacionario,ru,стационарный,transparent
es,estación,ru,станция,altered
es,estadio,ru,стадион,altered
es,estadísticamente,ru,статистически,altered
es,estadístico,ru,статистический,altered
es,estafeta,ru,эстафета,transparent
es,estampa,ru,штамп,altered
es,estatua,ru,статуя,altered
es,estatus,ru,статус,transparent
es,estatuto,ru,статут,altered
es,esteban,ru,стивен,altered
es,estereotipo,ru,стереотип,altered
es,esterilización,ru,стерилизация,transparent
es,estilo,ru,стиль,transparent
es,estiloso,ru,стильный,altered
es,estilística,ru,стилистика,transparent
es,estimulación,ru,стимуляция,altered
es,estipendio,ru,стипендия,altered
es,estomatología,ru,стоматология,altered
es,estonio,ru,эстония,transparent
es,estrada,ru,эстрада,transparent
es,estratega,ru,стратег,altered
es,estrategia,ru,стратегия,transparent
es,estratégico,ru,стратегический,altered
es,estricto,ru,строгий,altered
es,estrofa,ru,строфа,altered
es,estructura,ru,структура,transparent
es,estructural,ru,структурный,transparent
es,estructurar,ru,структурировать,altered
es,estrés,ru,стресс,transparent
es,estudiante,ru,студент,transparent
es,estudiar,ru,студент,transparent
es,estudio,ru,студия,altered
es,estándar,ru,стандарт,transparent
es,estática,ru,статика,transparent
es,estático,ru,статический,altered
es,estético,ru,эстетический,transparent
es,estímulo,ru,стимул,altered
es,etapa,ru,этап,transparent
es,etimología,ru,этимология,transparent
es,etnografía,ru,этнография,transparent
es,etnográfico,ru,этнографический,transparent
es,eufemismo,ru,эвфемизм,transparent
es,euforia,ru,эйфория,altered
es,eurasia,ru,евразия,transparent
es,euro,ru,евро,transparent
es,europa,ru,европа,transparent
es,europeo,ru,европейский,altered
es,eurovisión,ru,евровидение,transparent
es,eutanasia,ru,эвтаназия,transparent
es,eva,ru,ева,transparent
es,evacuación,ru,эвакуация,transparent
es,evacuar,ru,эвакуировать,transparent
es,evangelio,ru,евангелие,transparent
es,evangelista,ru,евангелист,altered
es,evelyn,ru,эвелина,transparent
es,evolucionar,ru,эволюционировать,transparent
es,evolución,ru,эволюция,transparent
es,ex,ru,экс,transparent
es,examen,ru,экзамен,transparent
es,examenes,ru,экзамен,altered
es,examinador,ru,экзаменатор,altered
es,excavador,ru,экскаватор,altered
es,exclusiva,ru,эксклюзивный,transparent
es,exclusivo,ru,эксклюзивный,altered
es,excursión,ru,экскурсия,altered
es,excéntrico,ru,эксцентричный,altered
es,existencial,ru,экзистенциальный,transparent
es,expansión,ru,экспансия,altered
es,expedición,ru,экспедиция,altered
es,expedir,ru,экспедиция,transparent
es,experimental,ru,экспериментальный,altered
es,experimentar,ru,экспериментировать,altered
es,experimento,ru,эксперимент,transparent
es,experto,ru,эксперт,transparent
es,explotación,ru,эксплуатация,altered
es,explotar,ru,эксплуатировать,transparent
es,exportación,ru,экспорт,altered
es,exportador,ru,экспортный,altered
es,exportar,ru,экспортировать,transparent
es,exposición,ru,экспозиция,altered
es,expresion,ru,экспрессия,altered
es,expreso,ru,экспресс,altered
es,express,ru,экспресс,transparent
es,expropiación,ru,экспроприация,transparent
es,exterior,ru,экстерьер,transparent
es,extra,ru,экстра,transparent
es,extracto,ru,экстракт,transparent
es,extractor,ru,экстракт,transparent
es,extradición,ru,экстрадиция,transparent
es,extraordinario,ru,экстраординарный,transparent
es,extremismo,ru,экстремизм,transparent
es,extremista,ru,экстремист,transparent
es,exótico,ru,экзотический,transparent
es,fa,ru,фа,transparent
es,fabricante,ru,фабрикант,transparent
es,fachada,ru,фасад,altered
es,factico,ru,фактический,transparent
es,facto,ru,факт,altered
es,factor,ru,фактор,transparent
es,facultad,ru,факультет,altered
es,facultativo,ru,факультативный,transparent
es,fake,ru,фейк,transparent
es,falange,ru,фаланга,transparent
es,falsificación,ru,фальсификация,transparent
es,familiar,ru,фамилия,transparent
es,fan,ru,фан,transparent
es,fanatismo,ru,фанатизм,transparent
es,fantasía,ru,фантазия,transparent
es,fantástico,ru,фантастический,transparent
es,fanático,ru,фанат,altered
es,faraón,ru,фараон,transparent
es,farmacéutico,ru,фармацевтический,transparent
es,farsa,ru,фарс,transparent
es,fascismo,ru,фашизм,transparent
es,fascista,ru,фашист,altered
es,fase,ru,фаза,altered
es,fatal,ru,фатальный,transparent
es,fauna,ru,фауна,transparent
es,favorito,ru,фаворит,altered
es,fax,ru,факс,transparent
es,faz,ru,фас,transparent
es,federación,ru,федерация,transparent
es,federal,ru,федеральный,transparent
es,federativo,ru,федеративный,transparent
es,federico,ru,фридрих,altered
es,felipe,ru,филип,altered
es,feminismo,ru,феминизм,transparent
es,fenomenal,ru,феноменальный,transparent
es,fenómeno,ru,феномен,transparent
es,ferma,ru,ферма,transparent
es,fermento,ru,фермент,transparent
es,fernando,ru,фернандо,transparent
es,ferrari,ru,феррари,transparent
es,festival,ru,фестиваль,transparent
es,feudal,ru,феодальный,altered
es,fiasco,ru,фиаско,transparent
es,ficción,ru,фикция,transparent
es,ficticio,ru,фиктивный,altered
es,fifa,ru,фифа,transparent
es,figura,ru,фигура,transparent
es,figurante,ru,фигурант,transparent
es,figurar,ru,фигурировать,transparent
es,fijación,ru,фиксация,altered
es,filarmónica,ru,филармония,altered
es,filete,ru,филе,transparent
es,filial,ru,филиал,transparent
es,filipino,ru,филиппины,transparent
es,film,ru,фильм,altered
es,filme,ru,фильм,altered
es,filología,ru,филология,transparent
es,filológico,ru,филологический,altered
es,filosofia,ru,философия,altered
es,filosofía,ru,философия,transparent
es,filosófico,ru,философский,transparent
es,filtración,ru,фильтрация,altered
es,filtrar,ru,фильтровать,altered
es,filtro,ru,фильтр,transparent
es,filósofo,ru,философ,altered
es,final,ru,финал,transparent
es,finalista,ru,финалист,altered
es,financiamiento,ru,финансирование,altered
es,financiar,ru,финансировать,altered
es,financiero,ru,финансовый,altered
es,finanza,ru,финансы,transparent
es,finanzas,ru,финансы,transparent
es,finish,ru,финиш,transparent
es,finlandés,ru,финский,altered
es,fiordo,ru,фьорд,altered
es,firma,ru,фирма,transparent
es,fischer,ru,фишер,transparent
es,fisico,ru,физический,altered
es,fisiología,ru,физиология,altered
es,fisiológico,ru,физиологический,altered
es,fitness,ru,фитнес,transparent
es,flag,ru,флаг,transparent
es,flanco,ru,фланг,altered
es,flash,ru,флешка,altered
es,flauta,ru,флейта,altered
es,flora,ru,флора,transparent
es,florencia,ru,флоренция,transparent
es,flota,ru,флот,transparent
es,fluido,ru,флюид,transparent
es,fobia,ru,фобия,transparent
es,foco,ru,фокус,altered
es,folclore,ru,фольклор,altered
es,folclórico,ru,фольклорный,altered
es,folklore,ru,фольклор,transparent
es,folklórico,ru,фольклорный,altered
es,fondo,ru,фонд,altered
es,fontán,ru,фонтан,transparent
es,fonético,ru,фонетический,altered
es,football,ru,футбол,altered
es,fora,ru,фора,transparent
es,forma,ru,форма,transparent
es,formacion,ru,формация,transparent
es,formal,ru,формальный,altered
es,formalidad,ru,формальность,altered
es,formalmente,ru,формально,transparent
es,formar,ru,формировать,altered
es,formato,ru,формат,altered
es,formulación,ru,формулировка,altered
es,formular,ru,сформулировать,altered
es,formulario,ru,формуляр,transparent
es,foro,ru,форум,altered
es,fortuna,ru,фортуна,transparent
es,forward,ru,форвард,transparent
es,foto,ru,фото,transparent
es,fotografiar,ru,фотографироваться,altered
es,fotografía,ru,фотография,transparent
es,fotógrafo,ru,фотограф,transparent
es,fox,ru,фокс,transparent
es,fracción,ru,фракция,altered
es,fragata,ru,фрегат,altered
es,fragmento,ru,фрагмент,altered
es,francis,ru,фрэнсис,transparent
es,francisco,ru,франциско,transparent
es,franco,ru,франк,altered
es,francés,ru,француз,altered
es,franklin,ru,франклин,transparent
es,franquicia,ru,франшиза,altered
es,frase,ru,фраза,altered
es,fray,ru,фрай,transparent
es,frente,ru,фронт,altered
es,frontal,ru,фронтовой,altered
es,fructuoso,ru,фруктовый,altered
es,fruto,ru,фрукт,altered
es,fuga,ru,фуга,transparent
es,funcion,ru,функция,transparent
es,funcional,ru,функциональный,altered
es,función,ru,функция,transparent
es,fundamental,ru,фундаментальный,transparent
es,fundamento,ru,фундамент,altered
es,furgoneta,ru,фургон,altered
es,furgón,ru,фургон,transparent
es,furia,ru,фурия,transparent
es,furor,ru,фурор,transparent
es,fut,ru,фут,transparent
es,futbol,ru,футбол,transparent
es,futbolero,ru,футбольный,altered
es,futbolista,ru,футболист,altered
es,futbolístico,ru,футбольный,altered
es,futurista,ru,футуристический,altered
es,fábrica,ru,фабрика,altered
es,félix,ru,феликс,transparent
es,fénix,ru,феникс,altered
es,físico,ru,физический,transparent
es,fórmula,ru,формула,transparent
es,fósforo,ru,фосфор,transparent
es,fútbol,ru,футбол,transparent
es,führer,ru,фюрер,transparent
es,gabinete,ru,кабинет,altered
es,gabriel,ru,габриэль,transparent
es,gaceta,ru,газета,altered
es,gadget,ru,гаджет,transparent
es,gaga,ru,гага,transparent
es,gala,ru,гала,transparent
es,galaxia,ru,галактика,altered
es,galería,ru,галерея,transparent
es,galón,ru,галлон,transparent
es,gamma,ru,гамма,transparent
es,garage,ru,гараж,altered
es,garaje,ru,гараж,altered
es,garante,ru,гарант,altered
es,garantía,ru,гарантия,transparent
es,gas,ru,газ,transparent
es,gasa,ru,газ,transparent
es,gaseoso,ru,газовый,altered
es,gastronómico,ru,гастрономический,transparent
es,gay,ru,гей,transparent
es,gel,ru,гель,transparent
es,gelatina,ru,желатина,transparent
es,gen,ru,ген,transparent
es,gendarmería,ru,жандармерия,transparent
es,gene,ru,ген,transparent
es,generación,ru,генерация,altered
es,generador,ru,генератор,transparent
es,general,ru,генерал,transparent
es,generar,ru,генерировать,altered
es,genial,ru,гениальный,transparent
es,genio,ru,гений,transparent
es,genocidio,ru,геноцид,altered
es,genoma,ru,ген,transparent
es,gentleman,ru,джентльмен,transparent
es,genética,ru,генетика,transparent
es,genéticamente,ru,генетически,altered
es,genético,ru,генетический,transparent
es,geografía,ru,география,transparent
es,geográfico,ru,географический,transparent
es,geología,ru,геология,transparent
es,geológico,ru,геологический,transparent
es,geometría,ru,геометрия,transparent
es,geométrico,ru,геометрический,transparent
es,geopolítica,ru,геополитика,transparent
es,geopolítico,ru,геополитический,altered
es,georgia,ru,георгий,transparent
es,germanio,ru,германий,altered
es,germánico,ru,германский,altered
es,gesto,ru,жест,altered
es,geógrafo,ru,географ,altered
es,geólogo,ru,геолог,transparent
es,giga,ru,гиг,altered
es,gigante,ru,гигант,altered
es,gigantesco,ru,гигантский,altered
es,gilda,ru,гильдия,altered
es,gimnasia,ru,гимнастика,altered
es,gimnasio,ru,гимназия,altered
es,ginecólogo,ru,гинеколог,altered
es,gladiador,ru,гладиатор,altered
es,global,ru,глобальный,transparent
es,globalización,ru,глобализация,transparent
es,gloria,ru,глория,altered
es,glucosa,ru,глюкоза,transparent
es,gluten,ru,глютен,altered
es,golf,ru,гольф,transparent
es,gong,ru,гонг,transparent
es,gorila,ru,горилла,transparent
es,grado,ru,градус,altered
es,graffiti,ru,граффити,transparent
es,grafiti,ru,граффити,altered
es,gramatical,ru,грамматический,altered
es,gramo,ru,грамм,altered
es,gramática,ru,грамматика,transparent
es,gran,ru,гран,transparent
es,grand,ru,гранд,transparent
es,grande,ru,гранд,altered
es,grandioso,ru,грандиозный,transparent
es,grant,ru,грант,transparent
es,gravitacional,ru,гравитационный,transparent
es,gravitación,ru,гравитация,transparent
es,grey,ru,грей,transparent
es,grifo,ru,гриф,altered
es,grill,ru,гриль,transparent
es,gripe,ru,грипп,altered
es,grotesco,ru,гротеск,altered
es,gruta,ru,грот,altered
es,gráfica,ru,графика,transparent
es,gráfico,ru,график,altered
es,guardarropa,ru,гардероб,altered
es,guardia,ru,гвардия,transparent
es,guarnición,ru,гарнизон,altered
es,guillermo,ru,уильям,altered
es,guineo,ru,гвинея,transparent
es,guitarra,ru,гитара,altered
es,guitarrista,ru,гитарист,altered
es,gurú,ru,гуру,transparent
es,guía,ru,гид,altered
es,génesis,ru,генезис,transparent
es,hacker,ru,хакер,transparent
es,hamburgo,ru,гамбург,altered
es,hamburguesa,ru,гамбургер,altered
es,hard,ru,хард,transparent
es,hectárea,ru,гектар,altered
es,hegemonía,ru,гегемония,transparent
es,helio,ru,гелий,altered
es,helsinki,ru,хельсинки,transparent
es,henry,ru,генри,transparent
es,hepatitis,ru,гепатит,transparent
es,herejía,ru,ересь,altered
es,hero,ru,герой,altered
es,heroes,ru,герой,altered
es,heroico,ru,героический,transparent
es,heroína,ru,героиня,altered
es,heroísmo,ru,героизм,transparent
es,heterosexual,ru,гетеросексуальный,transparent
es,hidráulica,ru,гидравлика,altered
es,hidráulico,ru,гидравлический,altered
es,higiene,ru,гигиена,altered
es,higiénico,ru,гигиенический,transparent
es,hipertensión,ru,гипертензия,altered
es,hipoteca,ru,ипотека,altered
es,hipotecario,ru,ипотечный,altered
es,hipotético,ru,гипотетический,altered
es,hippie,ru,хиппи,transparent
es,hipótesis,ru,гипотеза,altered
es,histeria,ru,истерия,altered
es,historia,ru,история,transparent
es,historiador,ru,историк,altered
es,historico,ru,историко,transparent
es,historiografía,ru,историография,transparent
es,histérico,ru,истерический,transparent
es,históricamente,ru,исторически,altered
es,histórico,ru,исторический,altered
es,hit,ru,хит,transparent
es,hobby,ru,хобби,transparent
es,hockey,ru,хоккей,transparent
es,holandés,ru,голландский,transparent
es,holding,ru,холдинг,altered
es,holocausto,ru,холокост,altered
es,homofobia,ru,гомофобия,transparent
es,homosexualidad,ru,гомосексуальность,transparent
es,honorario,ru,гонорар,altered
es,horizontal,ru,горизонтальный,altered
es,hormona,ru,гормон,altered
es,hormonal,ru,гормональный,altered
es,hospital,ru,госпиталь,altered
es,host,ru,хост,transparent
es,hotel,ru,отель,transparent
es,houston,ru,хьюстон,altered
es,humanismo,ru,гуманизм,altered
es,humanitario,ru,гуманитарный,altered
es,humor,ru,юмор,transparent
es,humorista,ru,юморист,transparent
es,humorístico,ru,юмористический,transparent
es,huracán,ru,ураган,altered
es,héroe,ru,герой,altered
es,híbrido,ru,гибридный,transparent
es,iceberg,ru,айсберг,transparent
es,icono,ru,икона,altered
es,idea,ru,идея,transparent
es,ideal,ru,идеальный,transparent
es,idealista,ru,идеалист,transparent
es,idealizar,ru,идеализировать,altered
es,identidad,ru,идентичность,altered
es,identificación,ru,идентификация,altered
es,identificar,ru,идентифицировать,transparent
es,ideología,ru,идеология,transparent
es,ideológico,ru,идеологический,altered
es,idiota,ru,идиот,altered
es,idéntico,ru,идентичный,altered
es,igor,ru,игорь,transparent
es,iguana,ru,игуана,transparent
es,ilegal,ru,нелегальный,altered
es,ilegalmente,ru,нелегально,transparent
es,iluminación,ru,иллюминация,transparent
es,ilusión,ru,иллюзия,altered
es,ilustración,ru,иллюстрация,transparent
es,ilustrador,ru,иллюстратор,altered
es,ilustrar,ru,иллюстрировать,altered
es,imitación,ru,имитация,transparent
es,imitar,ru,имитировать,altered
es,impacto,ru,импакт,transparent
es,imperial,ru,имперский,altered
es,imperialismo,ru,империализм,transparent
es,imperio,ru,империя,altered
es,implantación,ru,имплантация,transparent
es,importación,ru,импорт,altered
es,importe,ru,импорт,altered
es,impotencia,ru,импотенция,transparent
es,improvisación,ru,импровизация,transparent
es,impulsivo,ru,импульсивный,altered
es,impulso,ru,импульс,altered
es,imán,ru,имам,altered
es,incesto,ru,инцест,altered
es,incidente,ru,инцидент,transparent
es,incompetencia,ru,некомпетентность,altered
es,incompetente,ru,некомпетентный,altered
es,incontrolable,ru,неконтролируемый,altered
es,incógnita,ru,инкогнито,transparent
es,indicador,ru,индикатор,transparent
es,indio,ru,индеец,altered
es,individual,ru,индивидуальный,transparent
es,individualidad,ru,индивидуальность,transparent
es,individualmente,ru,индивидуально,transparent
es,indonesio,ru,индонезия,transparent
es,inducción,ru,индукция,transparent
es,industria,ru,индустрия,transparent
es,industrial,ru,индустриальный,transparent
es,industrialización,ru,индустриализация,altered
es,inercia,ru,инерция,transparent
es,inestabilidad,ru,нестабильность,transparent
es,inestable,ru,нестабильный,altered
es,infarto,ru,инфаркт,transparent
es,infección,ru,инфекция,transparent
es,inflación,ru,инфляция,altered
es,info,ru,инфо,transparent
es,informacion,ru,информация,transparent
es,informacional,ru,информационно,transparent
es,información,ru,информация,transparent
es,informal,ru,неформальный,transparent
es,informar,ru,информация,transparent
es,informática,ru,информатика,transparent
es,informático,ru,информатика,transparent
es,infraestructura,ru,инфраструктура,transparent
es,ingeniero,ru,инженер,transparent
es,ingeniería,ru,инженерия,transparent
es,ingrediente,ru,ингредиент,transparent
es,inhibidor,ru,ингибитор,altered
es,iniciación,ru,инициация,transparent
es,iniciador,ru,инициатор,altered
es,inicial,ru,инициал,altered
es,iniciativa,ru,инициатива,transparent
es,inmigración,ru,иммиграция,transparent
es,inmigrante,ru,иммигрант,altered
es,inmune,ru,иммунный,altered
es,innovación,ru,инновация,transparent
es,innovador,ru,инновационный,altered
es,inquisición,ru,инквизиция,transparent
es,inspeccionar,ru,инспектировать,altered
es,inspección,ru,инспекция,altered
es,inspector,ru,инспектор,transparent
es,instagram,ru,инстаграм,transparent
es,instancia,ru,инстанция,transparent
es,instinto,ru,инстинкт,transparent
es,institucional,ru,институциональный,transparent
es,instituto,ru,институт,transparent
es,instructor,ru,инструктор,transparent
es,instrumento,ru,инструмент,altered
es,insulina,ru,инсулин,altered
es,integración,ru,интеграция,transparent
es,integral,ru,интеграл,transparent
es,intelecto,ru,интеллект,altered
es,intelectual,ru,интеллектуальный,transparent
es,inteligente,ru,интеллигентный,transparent
es,intendente,ru,интендант,altered
es,intensamente,ru,интенсивный,transparent
es,intensidad,ru,интенсивность,altered
es,intensivo,ru,интенсивный,transparent
es,inter,ru,интер,transparent
es,interactivo,ru,интерактивный,altered
es,interesante,ru,интересный,transparent
es,interesar,ru,интересовать,altered
es,interfaz,ru,интерфейс,altered
es,interferencia,ru,интерференция,transparent
es,interior,ru,интерьер,transparent
es,internacional,ru,интернациональный,transparent
es,internacionalmente,ru,интернациональный,transparent
es,internado,ru,интернат,altered
es,international,ru,интернациональный,transparent
es,internet,ru,интернет,transparent
es,interpol,ru,интерпол,transparent
es,interpretación,ru,интерпретация,transparent
es,intervalo,ru,интервал,transparent
es,intervención,ru,интервенция,transparent
es,interventor,ru,интервент,transparent
es,interés,ru,интерес,transparent
es,intimidad,ru,интимность,transparent
es,intoxicación,ru,интоксикация,transparent
es,intriga,ru,интрига,transparent
es,intrigar,ru,интриговать,altered
es,intro,ru,интро,transparent
es,introducción,ru,интродукция,altered
es,intuición,ru,интуиция,altered
es,intuitivo,ru,интуитивный,transparent
es,inventario,ru,инвентарь,transparent
es,inversión,ru,инвестиция,altered
es,inversor,ru,инвестор,altered
es,investir,ru,инвестировать,altered
es,inválido,ru,инвалид,transparent
es,inyección,ru,инъекция,transparent
es,ion,ru,ион,transparent
es,irak,ru,ирак,transparent
es,iraní,ru,иранский,transparent
es,irina,ru,ирина,transparent
es,iris,ru,ирис,transparent
es,irlanda,ru,ирландия,transparent
es,irlandés,ru,ирландский,altered
es,ironía,ru,ирония,transparent
es,irónico,ru,ироничный,transparent
es,islam,ru,ислам,transparent
es,islamista,ru,исламист,altered
es,israelita,ru,израильтянин,altered
es,israelí,ru,израильский,transparent
es,italia,ru,италия,transparent
es,italiano,ru,итальянец,altered
es,ión,ru,ион,transparent
es,jacuzzi,ru,джакузи,transparent
es,jaguar,ru,ягуар,transparent
es,japón,ru,япония,altered
es,jazmín,ru,жасмина,altered
es,jazz,ru,джаз,transparent
es,jeans,ru,джинсы,transparent
es,jeep,ru,джип,altered
es,jennifer,ru,дженнифер,altered
es,jeque,ru,шейх,altered
es,jerarquía,ru,иерархия,transparent
es,jesuita,ru,иезуит,transparent
es,ji,ru,хи,altered
es,jim,ru,джим,altered
es,jimmy,ru,джимми,transparent
es,jirafa,ru,жираф,transparent
es,john,ru,джон,transparent
es,joker,ru,джокер,transparent
es,jorge,ru,георгий,altered
es,jubilado,ru,юбиляр,altered
es,jubileo,ru,юбилей,altered
es,judo,ru,дзюдо,altered
es,julio,ru,июль,transparent
es,jungla,ru,джунгли,altered
es,junta,ru,хунта,altered
es,jurisdicción,ru,юрисдикция,altered
es,jurisprudencia,ru,юриспруденция,transparent
es,jurista,ru,юрист,transparent
es,jurídico,ru,юридический,transparent
es,justicia,ru,юстиция,altered
es,juventus,ru,ювентус,transparent
es,júpiter,ru,юпитер,altered
es,k,ru,к,transparent
es,kai,ru,кай,transparent
es,kaiser,ru,кайзер,transparent
es,karaoke,ru,караоке,transparent
es,karate,ru,карат,transparent
es,karma,ru,карма,transparent
es,kate,ru,кейт,transparent
es,kazán,ru,казань,transparent
es,kelly,ru,келли,transparent
es,khan,ru,хан,transparent
es,killer,ru,киллер,transparent
es,kilo,ru,кило,transparent
es,kilogramo,ru,килограмм,altered
es,kilómetro,ru,километр,transparent
es,king,ru,кинг,transparent
es,kiosco,ru,киоск,altered
es,korea,ru,корея,transparent
es,krasnodar,ru,краснодар,transparent
es,kremlin,ru,кремль,transparent
es,kurdo,ru,курд,altered
es,laberinto,ru,лабиринт,altered
es,laboratorio,ru,лаборатория,altered
es,laborista,ru,лейборист,altered
es,lactancia,ru,лактация,transparent
es,lactosa,ru,лактоза,transparent
es,lado,ru,ладо,transparent
es,lady,ru,леди,transparent
es,lama,ru,лама,transparent
es,lao,ru,лаос,altered
es,lapa,ru,лапа,transparent
es,laser,ru,лазер,transparent
es,latente,ru,латентный,transparent
es,latín,ru,латынь,transparent
es,laureado,ru,лауреат,altered
es,lava,ru,лава,transparent
es,leal,ru,лояльный,altered
es,lealtad,ru,лояльность,altered
es,lección,ru,лекция,altered
es,lector,ru,лектор,transparent
es,legal,ru,легальный,transparent
es,legalidad,ru,легальность,transparent
es,legalización,ru,легализация,transparent
es,legalizar,ru,легализовать,transparent
es,legalmente,ru,легально,transparent
es,legendario,ru,легендарный,transparent
es,legionario,ru,легионер,altered
es,legión,ru,легион,transparent
es,lema,ru,лема,transparent
es,leo,ru,лео,transparent
es,leonardo,ru,леонардо,transparent
es,leopardo,ru,леопард,transparent
es,lesbiana,ru,лесбиянка,transparent
es,letal,ru,летальный,altered
es,leucemia,ru,лейкемия,altered
es,leyenda,ru,легенда,altered
es,libanés,ru,ливанский,altered
es,liberal,ru,либеральный,altered
es,liberalismo,ru,либерализм,transparent
es,libreto,ru,либретто,transparent
es,licencia,ru,лицензия,transparent
es,liceo,ru,лицей,altered
es,licor,ru,ликёр,transparent
es,lider,ru,лидер,transparent
es,liderazgo,ru,лидерство,altered
es,liga,ru,лига,transparent
es,like,ru,лайк,transparent
es,limonero,ru,лимонный,altered
es,limón,ru,лимон,transparent
es,lineal,ru,линейный,altered
es,liner,ru,лайнер,transparent
es,lingüista,ru,лингвист,altered
es,lingüística,ru,лингвистика,altered
es,lingüístico,ru,лингвистический,transparent
es,link,ru,линк,transparent
es,liquidación,ru,ликвидация,transparent
es,liquidador,ru,ликвидатор,transparent
es,liquidar,ru,ликвидировать,altered
es,lira,ru,лир,transparent
es,literario,ru,литературный,altered
es,literato,ru,литератор,transparent
es,literatura,ru,литература,transparent
es,litio,ru,литий,transparent
es,litro,ru,литр,altered
es,liturgia,ru,литургия,transparent
es,liverpool,ru,ливерпуль,transparent
es,lobby,ru,лобби,transparent
es,locación,ru,локация,transparent
es,local,ru,локальный,transparent
es,localización,ru,локализация,transparent
es,localizar,ru,локализовать,altered
es,locomotora,ru,локомотив,altered
es,logo,ru,логотип,altered
es,logotipo,ru,логотип,transparent
es,lord,ru,лорд,transparent
es,lote,ru,лот,transparent
es,lotería,ru,лотерея,transparent
es,lucifer,ru,люцифер,transparent
es,luminoso,ru,люминесцентный,altered
es,luna,ru,луна,transparent
es,lunch,ru,ланч,transparent
es,lux,ru,люкс,transparent
es,lámpara,ru,лампа,transparent
es,láser,ru,лазерный,altered
es,léxico,ru,лексика,transparent
es,líder,ru,лидер,transparent
es,límite,ru,лимит,altered
es,lírico,ru,лирический,altered
es,lógico,ru,логический,altered
es,macarrón,ru,макароны,altered
es,macedonia,ru,македония,transparent
es,machete,ru,мачете,transparent
es,macro,ru,макро,transparent
es,madama,ru,мадам,altered
es,madame,ru,мадам,transparent
es,madona,ru,мадонна,altered
es,madre,ru,мать,altered
es,madrid,ru,мадрид,transparent
es,maestría,ru,мастерство,altered
es,mafia,ru,мафия,transparent
es,magia,ru,магия,altered
es,magister,ru,магистр,altered
es,magistral,ru,магистраль,transparent
es,magnesio,ru,магний,altered
es,magnitud,ru,магнит,transparent
es,magnético,ru,магнитный,altered
es,mail,ru,мейл,transparent
es,malaria,ru,малярия,transparent
es,malo,ru,малый,transparent
es,mama,ru,мама,transparent
es,mamut,ru,мамонт,transparent
es,mamá,ru,мама,transparent
es,management,ru,менеджмент,altered
es,manager,ru,менеджер,altered
es,mandarina,ru,мандарин,altered
es,mandarín,ru,мандарин,transparent
es,mandato,ru,мандат,transparent
es,manga,ru,манга,transparent
es,manhattan,ru,манхеттен,altered
es,manicura,ru,маникюр,altered
es,manifestación,ru,манифестация,transparent
es,manifiesto,ru,манифест,altered
es,maniobra,ru,манёвр,altered
es,manipulación,ru,манипуляция,transparent
es,manipulador,ru,манипулятор,altered
es,manipular,ru,манипулировать,altered
es,mantilla,ru,мантия,altered
es,manuel,ru,мануэль,transparent
es,manufactura,ru,мануфактура,transparent
es,manuscrito,ru,манускрипт,transparent
es,maníaco,ru,маньяк,altered
es,maqueta,ru,макет,altered
es,maquillaje,ru,макияж,altered
es,maratón,ru,марафон,altered
es,marcador,ru,маркер,altered
es,marcha,ru,марш,altered
es,margarita,ru,маргарита,transparent
es,marihuana,ru,марихуана,transparent
es,marina,ru,марина,transparent
es,marioneta,ru,марионетка,transparent
es,mariscal,ru,маршал,altered
es,marketing,ru,маркетинг,transparent
es,marqués,ru,маркиз,altered
es,martina,ru,мартин,transparent
es,marx,ru,маркс,transparent
es,marxismo,ru,марксизм,transparent
es,marxista,ru,марксист,transparent
es,marzo,ru,март,altered
es,maría,ru,мария,transparent
es,masa,ru,масса,transparent
es,masaje,ru,массаж,altered
es,masivo,ru,массив,altered
es,masterclass,ru,мастер-класс,transparent
es,masturbación,ru,мастурбация,transparent
es,masón,ru,масон,transparent
es,matador,ru,матадор,transparent
es,match,ru,матч,transparent
es,mate,ru,мат,altered
es,matemático,ru,математический,altered
es,materia,ru,материя,transparent
es,material,ru,материал,transparent
es,materialmente,ru,материально,transparent
es,maternal,ru,материнский,altered
es,maternidad,ru,материнство,altered
es,matrix,ru,матрица,transparent
es,matriz,ru,матрица,altered
es,mausoleo,ru,мавзолей,transparent
es,maxi,ru,макси,transparent
es,maximizar,ru,максимизировать,altered
es,maya,ru,майя,transparent
es,mayo,ru,май,altered
es,mayonesa,ru,майонез,altered
es,mayor,ru,майор,transparent
es,mecanismo,ru,механизм,transparent
es,mecanizado,ru,механизировать,altered
es,mecánico,ru,механический,altered
es,medalla,ru,медаль,altered
es,medallón,ru,медальон,transparent
es,medical,ru,медицинский,altered
es,medicamento,ru,медикамент,altered
es,medicina,ru,медицина,transparent
es,medio,ru,медиа,transparent
es,meditación,ru,медитация,transparent
es,meditar,ru,медитировать,transparent
es,medusa,ru,медуза,transparent
es,mega,ru,мега,transparent
es,megalópolis,ru,мегаполис,altered
es,megáfono,ru,мегафон,transparent
es,melancolía,ru,меланхолия,altered
es,melodrama,ru,мелодрама,transparent
es,melodía,ru,мелодия,transparent
es,melódico,ru,мелодический,transparent
es,membrana,ru,мембрана,transparent
es,meme,ru,мем,transparent
es,memorial,ru,мемориал,transparent
es,memorándum,ru,меморандум,transparent
es,menos,ru,минус,transparent
es,mental,ru,ментальный,transparent
es,mentalidad,ru,менталитет,altered
es,mentalmente,ru,ментально,transparent
es,menú,ru,меню,transparent
es,meridiano,ru,меридиан,transparent
es,mermelada,ru,мармелад,altered
es,mesías,ru,мессия,altered
es,meta,ru,мета,transparent
es,metabolismo,ru,метаболизм,transparent
es,metafísica,ru,метафизика,transparent
es,metal,ru,металл,transparent
es,metalurgia,ru,металлургия,transparent
es,metalúrgico,ru,металлургический,transparent
es,metano,ru,метан,transparent
es,meteorito,ru,метеорит,altered
es,meteorología,ru,метеорология,transparent
es,meteorológico,ru,метеорологический,transparent
es,metodología,ru,методика,altered
es,metodológico,ru,методический,altered
es,metro,ru,метр,transparent
es,metropolita,ru,митрополит,transparent
es,metropolitano,ru,метрополитен,altered
es,metrópolis,ru,метрополь,altered
es,metáfora,ru,метафора,altered
es,mexicano,ru,мексиканец,altered
es,mezquita,ru,мечеть,altered
es,mi,ru,ми,transparent
es,micro,ru,микро,transparent
es,microorganismo,ru,микроорганизм,transparent
es,microscopio,ru,микроскоп,transparent
es,microscópico,ru,микроскопический,transparent
es,micrófono,ru,микрофон,transparent
es,migración,ru,миграция,transparent
es,migrante,ru,мигрант,altered
es,migrar,ru,мигрировать,transparent
es,migratorio,ru,миграционный,altered
es,migraña,ru,мигрень,transparent
es,miguel,ru,михаил,altered
es,milenario,ru,миллениум,altered
es,milenio,ru,миллениум,altered
es,milicia,ru,милиция,transparent
es,miligramo,ru,миллиграмм,altered
es,mililitro,ru,миллилитр,altered
es,milla,ru,миля,altered
es,millardo,ru,миллиард,altered
es,millon,ru,миллион,altered
es,millonario,ru,миллионер,altered
es,millonésimo,ru,миллионный,altered
es,millón,ru,миллион,transparent
es,milímetro,ru,миллиметр,transparent
es,mina,ru,мина,transparent
es,mineral,ru,минеральный,altered
es,miniatura,ru,миниатюра,transparent
es,minimizar,ru,минимизировать,transparent
es,minimo,ru,минимум,altered
es,ministerio,ru,министерство,altered
es,ministro,ru,министр,transparent
es,minuta,ru,минута,transparent
es,minuto,ru,минута,transparent
es,mision,ru,миссия,transparent
es,misionero,ru,миссионер,transparent
es,misión,ru,миссия,transparent
es,miss,ru,мисс,transparent
es,mister,ru,мистер,transparent
es,misterio,ru,мистерия,transparent
es,mitin,ru,митинг,transparent
es,mitología,ru,мифология,transparent
es,mitológico,ru,мифологический,transparent
es,mix,ru,микс,transparent
es,moda,ru,мода,transparent
es,modalidad,ru,модальность,transparent
es,modelado,ru,моделирование,altered
es,modelo,ru,модель,transparent
es,moderador,ru,модератор,transparent
es,modernismo,ru,модернизм,transparent
es,modernista,ru,модернист,transparent
es,modernización,ru,модернизация,transparent
es,modernizar,ru,модернизировать,transparent
es,modificación,ru,модификация,transparent
es,modificar,ru,модифицированный,altered
es,moldavia,ru,молдавия,transparent
es,molecular,ru,молекулярный,transparent
es,molusco,ru,моллюск,altered
es,molécula,ru,молекула,transparent
es,momentáneo,ru,моментальный,altered
es,monarca,ru,монарх,altered
es,monarquía,ru,монархия,transparent
es,moneda,ru,монета,altered
es,mongol,ru,монгол,transparent
es,mongolia,ru,монголия,transparent
es,monitor,ru,монитор,transparent
es,monitorear,ru,мониторинг,transparent
es,monografía,ru,монография,transparent
es,monopolio,ru,монополия,altered
es,monstruo,ru,монстр,altered
es,montar,ru,монтировать,altered
es,montreal,ru,монреаль,transparent
es,monumental,ru,монументальный,altered
es,monumento,ru,монумент,altered
es,monzón,ru,муссон,altered
es,monólogo,ru,монолог,transparent
es,moral,ru,моральный,transparent
es,moralidad,ru,мораль,altered
es,moralmente,ru,морально,transparent
es,moratoria,ru,мораторий,altered
es,morfología,ru,морфология,transparent
es,morgan,ru,морган,transparent
es,mormón,ru,мормон,transparent
es,mosaico,ru,мозаика,altered
es,moscú,ru,москва,altered
es,mosquito,ru,москит,altered
es,motel,ru,мотель,transparent
es,motivación,ru,мотивация,transparent
es,motivar,ru,мотивировать,altered
es,motivo,ru,мотив,transparent
es,moto,ru,мото,transparent
es,motocicleta,ru,мотоцикл,altered
es,motociclista,ru,мотоциклист,altered
es,motor,ru,мотор,transparent
es,motriz,ru,моторный,altered
es,movilización,ru,мобилизация,altered
es,movilizar,ru,мобилизовать,altered
es,muesli,ru,мюсли,transparent
es,multimedia,ru,мультимедиа,altered
es,multiplicador,ru,мультипликатор,transparent
es,municipal,ru,муниципальный,transparent
es,municipalidad,ru,муниципалитет,altered
es,musa,ru,муза,transparent
es,musculoso,ru,мускулистый,altered
es,museo,ru,музей,altered
es,museum,ru,музей,altered
es,musical,ru,мюзикл,altered
es,musulmán,ru,мусульманин,altered
es,mutación,ru,мутация,transparent
es,mutante,ru,мутант,transparent
es,mágico,ru,магический,transparent
es,mánchester,ru,манчестер,transparent
es,máquina,ru,машина,altered
es,mármol,ru,мрамор,altered
es,máscara,ru,маска,altered
es,mástil,ru,мачта,altered
es,máxima,ru,максимальный,altered
es,máximo,ru,максимальный,altered
es,médico,ru,медик,altered
es,médium,ru,медиум,transparent
es,métrica,ru,метрика,transparent
es,méxico,ru,мексика,transparent
es,mínimo,ru,минимум,transparent
es,místico,ru,мистический,transparent
es,mítico,ru,мифический,altered
es,módulo,ru,модуль,transparent
es,móvil,ru,мобиль,altered
es,música,ru,музыка,altered
es,nacion,ru,нация,transparent
es,nacional,ru,национальный,transparent
es,nacionalidad,ru,национальность,transparent
es,nacionalismo,ru,национализм,transparent
es,nacionalista,ru,националист,transparent
es,nacionalización,ru,национализация,transparent
es,nación,ru,нация,transparent
es,nancy,ru,нэнси,altered
es,nano,ru,нано,transparent
es,napoleón,ru,наполеон,transparent
es,narcótico,ru,наркотик,altered
es,narrativa,ru,нарратив,altered
es,nation,ru,нация,transparent
es,natura,ru,натура,transparent
es,natural,ru,натуральный,transparent
es,naturalista,ru,натуралист,transparent
es,nature,ru,натура,transparent
es,navegación,ru,навигация,transparent
es,navegador,ru,навигатор,altered
es,nazismo,ru,нацизм,altered
es,negativamente,ru,негативно,transparent
es,negativo,ru,негативный,transparent
es,negro,ru,негр,transparent
es,nelson,ru,нельсон,transparent
es,nepal,ru,непал,transparent
es,nervio,ru,нервный,altered
es,neto,ru,нетто,altered
es,neumonía,ru,пневмония,altered
es,neumático,ru,пневматический,altered
es,neurológico,ru,неврологический,altered
es,neurona,ru,нейрон,altered
es,neutral,ru,нейтральный,transparent
es,neutralidad,ru,нейтральность,altered
es,newton,ru,ньютон,transparent
es,nicolás,ru,николас,transparent
es,nilo,ru,нил,transparent
es,ninfa,ru,нимфа,altered
es,ninja,ru,ниндзя,altered
es,nivelar,ru,нивелировать,altered
es,niza,ru,ницца,altered
es,nobel,ru,нобель,transparent
es,nocturno,ru,ночной,altered
es,nomenclatura,ru,номенклатура,transparent
es,nominación,ru,номинация,transparent
es,nominal,ru,номинальный,transparent
es,norma,ru,норма,transparent
es,normal,ru,нормальный,altered
es,normalidad,ru,нормальность,transparent
es,normalización,ru,нормализация,transparent
es,normativa,ru,нормативный,transparent
es,normativo,ru,нормативный,altered
es,noruego,ru,норвегия,transparent
es,nostalgia,ru,ностальгия,transparent
es,nostálgico,ru,ностальгический,transparent
es,nota,ru,нота,transparent
es,notario,ru,нотариус,transparent
es,notebook,ru,ноутбук,transparent
es,novak,ru,новак,transparent
es,novela,ru,новелла,altered
es,nulo,ru,нуль,altered
es,níquel,ru,никель,altered
es,número,ru,номер,altered
es,oasis,ru,оазис,transparent
es,obelisco,ru,обелиск,transparent
es,objetivamente,ru,объективно,transparent
es,objetividad,ru,объективность,transparent
es,objetivo,ru,объективный,transparent
es,objeto,ru,объект,altered
es,obligatorio,ru,обязательный,altered
es,observatorio,ru,обсерватория,altered
es,oceánico,ru,океанический,transparent
es,octavo,ru,октав,transparent
es,ocupación,ru,оккупация,altered
es,ocupante,ru,оккупант,transparent
es,océano,ru,океан,altered
es,oda,ru,ода,transparent
es,off,ru,офф,transparent
es,offline,ru,офлайн,transparent
es,oficial,ru,официальный,transparent
es,ohio,ru,огайо,transparent
es,ojo,ru,око,altered
es,okey,ru,окей,transparent
es,oligarca,ru,олигарх,altered
es,oligarquía,ru,олигархия,transparent
es,olimpiada,ru,олимпиада,transparent
es,olimpo,ru,олимп,transparent
es,oliver,ru,оливер,transparent
es,olímpico,ru,олимпийский,altered
es,omega,ru,омега,transparent
es,online,ru,онлайн,transparent
es,opción,ru,опция,altered
es,open,ru,опен,transparent
es,operacion,ru,операция,transparent
es,operacional,ru,операционный,altered
es,operación,ru,операция,transparent
es,operador,ru,оператор,transparent
es,operar,ru,оперировать,altered
es,operativo,ru,оперативный,altered
es,opio,ru,опиум,altered
es,oponente,ru,оппонент,transparent
es,oposicion,ru,оппозиция,transparent
es,oposicionista,ru,оппозиционер,altered
es,oposición,ru,оппозиция,transparent
es,optimismo,ru,оптимизм,altered
es,optimista,ru,оптимист,transparent
es,optimización,ru,оптимизация,transparent
es,optimizar,ru,оптимизировать,transparent
es,opus,ru,опус,transparent
es,orador,ru,оратор,altered
es,oral,ru,оральный,transparent
es,oratoria,ru,ораторский,altered
es,orbital,ru,орбитальный,transparent
es,orco,ru,орк,transparent
es,orden,ru,орден,transparent
es,ordinario,ru,ординарный,transparent
es,organismo,ru,организм,altered
es,organizacion,ru,организация,transparent
es,organizacional,ru,организационный,altered
es,organización,ru,организация,altered
es,organizador,ru,организатор,transparent
es,organizar,ru,организовать,altered
es,orgasmo,ru,оргазм,transparent
es,orgánico,ru,органический,transparent
es,orgía,ru,оргия,transparent
es,orientación,ru,ориентация,altered
es,orientar,ru,ориентир,altered
es,original,ru,оригинальный,transparent
es,originalidad,ru,оригинальность,transparent
es,originalmente,ru,оригинальный,transparent
es,ornamento,ru,орнамент,transparent
es,orquesta,ru,оркестр,altered
es,orquídea,ru,орхидея,altered
es,ortodoxo,ru,ортодоксальный,transparent
es,out,ru,аут,transparent
es,ovación,ru,овация,transparent
es,oval,ru,овальный,transparent
es,pabellón,ru,павильон,altered
es,paciente,ru,пациент,transparent
es,pacifista,ru,пацифист,transparent
es,pacto,ru,пакт,altered
es,paisaje,ru,пейзаж,altered
es,palata,ru,палата,transparent
es,palestino,ru,палестина,transparent
es,paleta,ru,палитра,altered
es,palma,ru,пальма,transparent
es,panama,ru,панама,transparent
es,panamá,ru,панама,transparent
es,panda,ru,панда,transparent
es,pandemia,ru,пандемия,transparent
es,pandora,ru,пандора,transparent
es,panel,ru,панель,transparent
es,panfleto,ru,памфлет,transparent
es,panorama,ru,панорама,transparent
es,pantera,ru,пантера,transparent
es,papagayo,ru,попугай,altered
es,papal,ru,папский,transparent
es,papá,ru,папа,transparent
es,parada,ru,парад,altered
es,paradero,ru,парадный,altered
es,paradigma,ru,парадигма,transparent
es,paradoja,ru,парадокс,altered
es,paradójico,ru,парадоксальный,altered
es,paralela,ru,параллель,altered
es,paralelismo,ru,параллелизм,altered
es,paralelo,ru,параллельный,transparent
es,paralizar,ru,парализовать,altered
es,paralímpico,ru,паралимпийский,altered
es,paranoia,ru,паранойя,transparent
es,paranoico,ru,параноик,transparent
es,parar,ru,парировать,altered
es,paridad,ru,паритет,altered
es,parking,ru,паркинг,transparent
es,parlamentario,ru,парламентский,altered
es,parlamento,ru,парламент,altered
es,parodia,ru,пародия,transparent
es,parque,ru,парковый,transparent
es,parqueo,ru,парковка,altered
es,partida,ru,партия,altered
es,partisano,ru,партизан,altered
es,partitura,ru,партитура,transparent
es,parábola,ru,парабола,transparent
es,parálisis,ru,паралич,altered
es,parámetro,ru,параметр,transparent
es,parásito,ru,паразит,altered
es,pasaje,ru,пассаж,altered
es,pasaporte,ru,паспорт,altered
es,pascua,ru,пасха,altered
es,pascual,ru,пасхальный,altered
es,pasiva,ru,пассивный,altered
es,pasividad,ru,пассивность,transparent
es,pasivo,ru,пассивный,altered
es,pasta,ru,паста,transparent
es,pastor,ru,пастор,transparent
es,patente,ru,патент,transparent
es,pathos,ru,пафос,altered
es,patología,ru,патология,transparent
es,patológico,ru,патологический,altered
es,patriarca,ru,патриарх,altered
es,patriarcado,ru,патриархат,altered
es,patriarcal,ru,патриархальный,transparent
es,patriota,ru,патриот,transparent
es,patriotismo,ru,патриотизм,transparent
es,patriótico,ru,патриотический,transparent
es,patronato,ru,патронат,transparent
es,patrono,ru,патрон,transparent
es,patrulla,ru,патруль,altered
es,patrón,ru,патрон,transparent
es,pausa,ru,пауза,transparent
es,pedagogo,ru,педагог,altered
es,pedagogía,ru,педагогика,altered
es,pedal,ru,педаль,transparent
es,pedestal,ru,пьедестал,altered
es,pedro,ru,пётр,altered
es,pedófilo,ru,педофил,transparent
es,pekín,ru,пекин,transparent
es,penalti,ru,пенальти,transparent
es,pene,ru,пенис,transparent
es,penny,ru,пенни,transparent
es,pensionado,ru,пенсионный,altered
es,pensionista,ru,пенсионер,altered
es,pensión,ru,пенсия,transparent
es,pentágono,ru,пентагон,transparent
es,perfil,ru,профиль,altered
es,perforación,ru,перфорация,transparent
es,performance,ru,перформанс,altered
es,perfume,ru,парфюм,transparent
es,periferia,ru,периферия,transparent
es,periodo,ru,период,transparent
es,periódicamente,ru,периодически,transparent
es,periódico,ru,периодический,altered
es,perla,ru,перл,transparent
es,permanente,ru,перманентный,transparent
es,persona,ru,персона,transparent
es,personaje,ru,персонаж,transparent
es,personal,ru,персонал,transparent
es,perspectiva,ru,перспектива,transparent
es,perímetro,ru,периметр,transparent
es,período,ru,период,altered
es,pesimismo,ru,пессимизм,transparent
es,pesimista,ru,пессимист,altered
es,petición,ru,петиция,transparent
es,petra,ru,пётр,transparent
es,peón,ru,пион,transparent
es,photo,ru,фото,transparent
es,photoshop,ru,фотошоп,transparent
es,pi,ru,пи,transparent
es,pianista,ru,пианист,transparent
es,piano,ru,пиано,transparent
es,picnic,ru,пикник,altered
es,piers,ru,пирс,transparent
es,pieza,ru,пьеса,altered
es,pigmento,ru,пигмент,altered
es,pijama,ru,пижама,transparent
es,pilar,ru,пилар,transparent
es,pilates,ru,пилатес,transparent
es,piloto,ru,пилот,altered
es,pin,ru,пин,transparent
es,pingüino,ru,пингвин,transparent
es,pionero,ru,пионер,transparent
es,pirata,ru,пират,transparent
es,pirámide,ru,пирамида,transparent
es,pistola,ru,пистолет,altered
es,pizza,ru,пицца,transparent
es,pizzería,ru,пиццерия,transparent
es,plagio,ru,плагиат,altered
es,plaid,ru,плед,transparent
es,plan,ru,план,transparent
es,planeta,ru,планета,transparent
es,planetario,ru,планетарий,transparent
es,planificar,ru,планировать,altered
es,plantación,ru,плантация,transparent
es,plasma,ru,плазма,transparent
es,plasmar,ru,плазма,altered
es,plataforma,ru,платформа,transparent
es,platino,ru,платина,altered
es,plato,ru,плато,transparent
es,playlist,ru,плейлист,transparent
es,plenario,ru,пленарный,transparent
es,plenum,ru,пленум,transparent
es,pluralismo,ru,плюрализм,altered
es,plus,ru,плюс,transparent
es,plástico,ru,пластиковый,altered
es,podcast,ru,подкаст,transparent
es,podio,ru,подиум,altered
es,poema,ru,поэма,transparent
es,poesía,ru,поэзия,transparent
es,poeta,ru,поэт,altered
es,pogrom,ru,погром,transparent
es,polar,ru,полярный,transparent
es,policia,ru,полиция,transparent
es,policias,ru,полиция,altered
es,policlínica,ru,поликлиника,transparent
es,policía,ru,полиция,transparent
es,policíaco,ru,полицейский,altered
es,polis,ru,полис,transparent
es,politicos,ru,политический,transparent
es,politólogo,ru,политолог,altered
es,polo,ru,полюс,altered
es,polonia,ru,польша,altered
es,polémica,ru,полемика,transparent
es,polígono,ru,полигон,transparent
es,polímero,ru,полимер,transparent
es,políticamente,ru,политически,transparent
es,político,ru,политический,transparent
es,pomada,ru,помада,transparent
es,poni,ru,пони,transparent
es,pontífice,ru,понтифик,altered
es,pool,ru,пул,transparent
es,popular,ru,популярный,transparent
es,popularidad,ru,популярность,altered
es,popularización,ru,популяризация,transparent
es,popularizar,ru,популяризировать,altered
es,populismo,ru,популизм,transparent
es,porción,ru,порция,transparent
es,porno,ru,порно,transparent
es,portafolios,ru,портфель,altered
es,portal,ru,портал,transparent
es,portugal,ru,португалия,altered
es,portátil,ru,портативный,altered
es,pose,ru,поза,altered
es,posicionamiento,ru,позиционирование,transparent
es,posición,ru,позиция,altered
es,positivo,ru,позитивный,altered
es,post,ru,пост,transparent
es,posta,ru,пост,transparent
es,poster,ru,постер,transparent
es,postulado,ru,постулат,transparent
es,postura,ru,поза,altered
es,potencia,ru,потенция,transparent
es,potencial,ru,потенциал,transparent
es,potencialmente,ru,потенциальный,transparent
es,potter,ru,поттер,transparent
es,power,ru,пауэр,transparent
es,poza,ru,поза,transparent
es,poética,ru,поэтика,transparent
es,poético,ru,поэтический,altered
es,practicante,ru,практикант,altered
es,practicar,ru,практиковать,altered
es,praga,ru,прага,transparent
es,precedente,ru,прецедент,transparent
es,precursor,ru,прекурсор,altered
es,predominar,ru,преобладать,altered
es,predominio,ru,преобладание,transparent
es,prefecto,ru,префект,altered
es,prefectura,ru,префектура,transparent
es,prehistoria,ru,предыстория,altered
es,prehistórico,ru,доисторический,transparent
es,preludio,ru,прелюдия,altered
es,premio,ru,премия,altered
es,premium,ru,премиум,transparent
es,preparado,ru,препарат,altered
es,presentacion,ru,презентация,transparent
es,presentación,ru,презентация,transparent
es,presentar,ru,презентовать,altered
es,presente,ru,презент,transparent
es,presidencial,ru,президентский,altered
es,president,ru,президент,transparent
es,presidente,ru,президент,altered
es,presidium,ru,президиум,transparent
es,presionar,ru,прессовать,altered
es,prestigio,ru,престиж,altered
es,prestigioso,ru,престижный,altered
es,presunción,ru,презумпция,altered
es,pretendiente,ru,претендент,altered
es,pretensión,ru,претензия,transparent
es,prevalecer,ru,превалировать,altered
es,preventivo,ru,превентивный,altered
es,previsión,ru,предвидение,altered
es,prima,ru,прима,transparent
es,primitiva,ru,примитивный,transparent
es,primitivo,ru,примитивный,transparent
es,princesa,ru,принцесса,transparent
es,principal,ru,принципиальный,altered
es,principe,ru,принц,altered
es,principio,ru,принцип,altered
es,prior,ru,приор,transparent
es,prioridad,ru,приоритет,altered
es,prioritario,ru,приоритетный,altered
es,prisma,ru,призма,transparent
es,privacidad,ru,приватность,altered
es,privado,ru,приватный,transparent
es,privatización,ru,приватизация,altered
es,privilegiado,ru,привилегированный,altered
es,privilegio,ru,привилегия,altered
es,pro,ru,про,transparent
es,probar,ru,пробовать,transparent
es,problem,ru,проблема,transparent
es,problema,ru,проблема,transparent
es,problemático,ru,проблемный,transparent
es,procedimiento,ru,процедура,altered
es,procesador,ru,процессор,transparent
es,proceso,ru,процесс,transparent
es,proclama,ru,прокламация,altered
es,proclamación,ru,прокламация,transparent
es,procurador,ru,прокурор,altered
es,procuraduría,ru,прокуратура,altered
es,produccion,ru,продукция,altered
es,producción,ru,продукция,altered
es,productividad,ru,продуктивность,altered
es,productivo,ru,продуктивный,altered
es,producto,ru,продукт,altered
es,profesional,ru,профессиональный,altered
es,profesionalismo,ru,профессионализм,transparent
es,profesionalmente,ru,профессиональный,transparent
es,profesión,ru,профессия,altered
es,profesor,ru,профессор,transparent
es,profiláctico,ru,профилактика,transparent
es,programa,ru,программа,transparent
es,programación,ru,программирование,altered
es,programador,ru,программист,altered
es,programar,ru,программировать,altered
es,progresar,ru,прогрессировать,altered
es,progresista,ru,прогрессист,altered
es,progresivo,ru,прогрессивный,transparent
es,progresión,ru,прогрессия,transparent
es,progreso,ru,прогресс,altered
es,proletariado,ru,пролетариат,altered
es,proletario,ru,пролетарский,altered
es,pronóstico,ru,прогноз,altered
es,propaganda,ru,пропаганда,transparent
es,proporcional,ru,пропорциональный,transparent
es,proporción,ru,пропорция,transparent
es,prosa,ru,проза,transparent
es,prospecto,ru,проспект,transparent
es,prostitución,ru,проституция,transparent
es,prostituta,ru,проститутка,transparent
es,protector,ru,протектор,transparent
es,protesta,ru,протест,altered
es,protestar,ru,протестовать,transparent
es,proteína,ru,протеин,altered
es,protocolo,ru,протокол,transparent
es,prototipo,ru,прототип,transparent
es,protón,ru,протон,transparent
es,provincia,ru,провинция,altered
es,provincial,ru,провинциальный,transparent
es,provocación,ru,провокация,altered
es,provocador,ru,провокатор,transparent
es,provocar,ru,спровоцировать,altered
es,proyección,ru,проекция,transparent
es,proyectar,ru,проектировать,transparent
es,proyecto,ru,проект,altered
es,proyector,ru,проектор,transparent
es,práctica,ru,практика,transparent
es,práctico,ru,практический,altered
es,príncipe,ru,принц,altered
es,próstata,ru,простата,transparent
es,prótesis,ru,протез,transparent
es,pseudo,ru,псевдо,transparent
es,pseudónimo,ru,псевдоним,transparent
es,psicoanálisis,ru,психоанализ,altered
es,psicología,ru,психология,transparent
es,psicológicamente,ru,психологически,transparent
es,psicológico,ru,психологический,transparent
es,psicosis,ru,психоз,transparent
es,psicoterapeuta,ru,психотерапевт,altered
es,psicólogo,ru,психолог,altered
es,psicópata,ru,психопат,transparent
es,psique,ru,психика,altered
es,psiquiatra,ru,психиатр,altered
es,psiquiatría,ru,психиатрия,altered
es,psiquiátrico,ru,психиатрический,altered
es,psíquico,ru,психический,altered
es,pub,ru,паб,transparent
es,publicación,ru,публикация,transparent
es,publicar,ru,опубликовать,altered
es,publicidad,ru,публичность,altered
es,puerto,ru,порт,altered
es,pulso,ru,пульс,transparent
es,puma,ru,пума,transparent
es,punk,ru,панк,altered
es,punto,ru,пункт,altered
es,puntuación,ru,пунктуация,transparent
es,pánico,ru,паника,altered
es,párrafo,ru,параграф,altered
es,píldora,ru,пилюля,altered
es,póker,ru,покер,altered
es,póliza,ru,полис,altered
es,pórtico,ru,портик,transparent
es,póster,ru,постер,transparent
es,público,ru,публичный,transparent
es,púrpura,ru,пурпур,transparent
es,quark,ru,кварк,transparent
es,queer,ru,квир,transparent
es,quest,ru,квест,transparent
es,quimioterapia,ru,химиотерапия,transparent
es,quiosco,ru,киоск,altered
es,quirúrgico,ru,хирургический,altered
es,química,ru,химия,transparent
es,químico,ru,химик,altered
es,rabino,ru,раввин,altered
es,rabí,ru,раввин,altered
es,racial,ru,расовый,altered
es,racional,ru,рациональный,transparent
es,racionalidad,ru,рациональность,transparent
es,racismo,ru,расизм,altered
es,racista,ru,расист,transparent
es,ración,ru,рацион,transparent
es,radar,ru,радар,transparent
es,radiación,ru,радиация,transparent
es,radiactivo,ru,радиоактивный,altered
es,radiador,ru,радиатор,transparent
es,radial,ru,радиальный,transparent
es,radical,ru,радикальный,transparent
es,radicalismo,ru,радикализм,transparent
es,radicalmente,ru,радикальный,transparent
es,radio,ru,радио,transparent
es,radioactivo,ru,радиоактивный,altered
es,raja,ru,радж,transparent
es,rally,ru,ралли,transparent
es,rampa,ru,рампа,transparent
es,rana,ru,рана,transparent
es,rancho,ru,ранчо,transparent
es,rangers,ru,рейнджер,altered
es,rango,ru,ранг,transparent
es,rap,ru,рэп,transparent
es,rapero,ru,рэпер,altered
es,ratificación,ru,ратификация,transparent
es,ratificar,ru,ратифицировать,transparent
es,rating,ru,рейтинг,transparent
es,raza,ru,раса,altered
es,re,ru,ре,transparent
es,reaccionar,ru,реагировать,altered
es,reaccionario,ru,реакционный,altered
es,reacción,ru,реакция,transparent
es,reactivo,ru,реактив,transparent
es,reactor,ru,реактор,transparent
es,real,ru,реальный,altered
es,realidad,ru,реальность,transparent
es,realismo,ru,реализм,transparent
es,realista,ru,реалистичный,altered
es,realización,ru,реализация,transparent
es,realizar,ru,реализовать,transparent
es,reanimación,ru,реанимация,transparent
es,receptor,ru,рецептор,transparent
es,receta,ru,рецепт,altered
es,recluta,ru,рекрут,altered
es,recomendable,ru,рекомендовать,altered
es,recomendación,ru,рекомендация,transparent
es,recomendar,ru,рекомендовать,altered
es,reconstrucción,ru,реконструкция,transparent
es,reconstruir,ru,реконструировать,altered
es,record,ru,рекорд,transparent
es,records,ru,рекорд,transparent
es,rector,ru,ректор,transparent
es,recurso,ru,ресурс,transparent
es,redacción,ru,редакция,altered
es,redactar,ru,редактировать,altered
es,redactor,ru,редактор,transparent
es,reducción,ru,редукция,altered
es,reestructuración,ru,реструктуризация,transparent
es,referendo,ru,референдум,altered
es,referendum,ru,референдум,transparent
es,referente,ru,референт,transparent
es,referéndum,ru,референдум,transparent
es,reflejo,ru,рефлекс,altered
es,reflexión,ru,рефлексия,transparent
es,reforma,ru,реформа,transparent
es,reformar,ru,реформировать,transparent
es,regeneración,ru,регенерация,altered
es,regente,ru,регент,transparent
es,region,ru,регион,transparent
es,regional,ru,региональный,transparent
es,registración,ru,регистрация,altered
es,registrador,ru,регистратор,transparent
es,registrar,ru,регистрировать,altered
es,registro,ru,регистр,transparent
es,región,ru,регион,transparent
es,reglamentar,ru,регламентировать,altered
es,reglamento,ru,регламент,altered
es,regresión,ru,регресс,altered
es,regulación,ru,регуляция,transparent
es,regulador,ru,регулятор,altered
es,regular,ru,регулярный,altered
es,regularmente,ru,регулярный,altered
es,rehabilitación,ru,реабилитация,altered
es,reich,ru,рейх,transparent
es,relajación,ru,релаксация,transparent
es,relieve,ru,рельеф,altered
es,religion,ru,религия,altered
es,religioso,ru,религиозный,transparent
es,religión,ru,религия,transparent
es,reliquia,ru,реликвия,transparent
es,remake,ru,ремейк,transparent
es,remisión,ru,ремиссия,altered
es,remix,ru,ремикс,transparent
es,remontar,ru,ремонтировать,altered
es,remonte,ru,ремонт,altered
es,rentabilidad,ru,рентабельность,altered
es,rentar,ru,рентабельный,altered
es,reorganización,ru,реорганизация,altered
es,reparación,ru,репарация,transparent
es,repertorio,ru,репертуар,altered
es,repetición,ru,репетиция,altered
es,repetidor,ru,репетитор,altered
es,repetir,ru,репетировать,altered
es,replicar,ru,реплика,altered
es,reportaje,ru,репортаж,altered
es,reportar,ru,репортаж,altered
es,reporte,ru,рапорт,altered
es,reportero,ru,репортёр,altered
es,representar,ru,представлять,transparent
es,representativo,ru,представительный,transparent
es,represivo,ru,репрессивный,transparent
es,represión,ru,репрессия,altered
es,reproductivo,ru,репродуктивный,altered
es,republic,ru,республика,altered
es,republicano,ru,республиканец,altered
es,reputación,ru,репутация,transparent
es,república,ru,республика,transparent
es,requisito,ru,реквизит,altered
es,reserva,ru,резерв,altered
es,reservorio,ru,резервуар,altered
es,residencia,ru,резиденция,transparent
es,residente,ru,резидент,altered
es,resina,ru,резина,altered
es,resolución,ru,резолюция,altered
es,resonancia,ru,резонанс,altered
es,resort,ru,курортный,altered
es,respetable,ru,респектабельный,transparent
es,respiratorio,ru,респираторный,transparent
es,restauración,ru,реставрация,altered
es,restaurant,ru,ресторан,altered
es,restaurante,ru,ресторан,altered
es,restitución,ru,реституция,transparent
es,resultado,ru,результат,altered
es,retro,ru,ретро,transparent
es,retrospectiva,ru,ретроспектива,transparent
es,retórica,ru,риторика,transparent
es,revancha,ru,реванш,transparent
es,reverso,ru,реверс,altered
es,revisión,ru,ревизия,transparent
es,revolucionario,ru,революционный,altered
es,revolución,ru,революция,transparent
es,revolution,ru,революция,transparent
es,revolver,ru,револьвер,transparent
es,revólver,ru,револьвер,transparent
es,rey,ru,рэй,transparent
es,ria,ru,риа,transparent
es,rial,ru,риал,transparent
es,riesgoso,ru,рисковый,altered
es,rima,ru,рифма,altered
es,ring,ru,ринг,transparent
es,rip,ru,рипа,transparent
es,ritmo,ru,ритм,transparent
es,rito,ru,ритуал,altered
es,ritual,ru,ритуал,transparent
es,rivera,ru,ривер,altered
es,roberto,ru,роберт,transparent
es,robot,ru,робот,transparent
es,robín,ru,робин,transparent
es,robótica,ru,робототехника,transparent
es,rock,ru,рок,transparent
es,rol,ru,роль,transparent
es,roman,ru,роман,transparent
es,romano,ru,романский,altered
es,romanticismo,ru,романтизм,transparent
es,romeo,ru,ромео,transparent
es,romántico,ru,романтический,altered
es,ron,ru,ром,altered
es,rosa,ru,роза,transparent
es,rotación,ru,ротация,transparent
es,rotonda,ru,ротонда,transparent
es,rotor,ru,ротор,transparent
es,round,ru,раунд,transparent
es,rubí,ru,рубин,altered
es,rugby,ru,регби,transparent
es,ruina,ru,руина,transparent
es,ruleta,ru,рулетка,transparent
es,rumania,ru,румыния,transparent
es,rumano,ru,румынский,altered
es,rutina,ru,рутина,transparent
es,rápido,ru,рапид,transparent
es,récord,ru,рекорд,transparent
es,régimen,ru,режим,altered
es,réplica,ru,реплика,transparent
es,ría,ru,риа,transparent
es,río,ru,рио,transparent
es,rítmica,ru,ритмика,altered
es,rúbrica,ru,рубрика,transparent
es,sable,ru,сабля,altered
es,sabotaje,ru,саботаж,transparent
es,sabotear,ru,саботировать,transparent
es,safari,ru,сафари,transparent
es,safe,ru,сейф,transparent
es,saga,ru,сага,transparent
es,salon,ru,салон,transparent
es,salsa,ru,сальса,transparent
es,saludo,ru,салют,altered
es,salón,ru,салон,transparent
es,samba,ru,самба,transparent
es,samuel,ru,самуил,transparent
es,samurai,ru,самурай,transparent
es,samurái,ru,самурай,transparent
es,san,ru,сан,transparent
es,sanatorio,ru,санаторий,transparent
es,sanción,ru,санкция,transparent
es,sandalia,ru,сандалия,transparent
es,sandwich,ru,сэндвич,transparent
es,sanitario,ru,санитарный,altered
es,santo,ru,санта,transparent
es,sarcasmo,ru,сарказм,transparent
es,sardina,ru,сардина,transparent
es,sargento,ru,сержант,altered
es,sasha,ru,саша,transparent
es,satanás,ru,сатана,altered
es,satírico,ru,сатирический,transparent
es,saudí,ru,саудовский,altered
es,sazón,ru,сезон,altered
es,scotch,ru,скотч,transparent
es,script,ru,скрипт,transparent
es,scrub,ru,скраб,transparent
es,seccion,ru,секция,altered
es,sección,ru,секция,altered
es,second,ru,секунда,altered
es,secreción,ru,секреция,transparent
es,secretariado,ru,секретариат,altered
es,secretario,ru,секретарь,transparent
es,secretaría,ru,секретариат,altered
es,secreto,ru,секрет,transparent
es,secta,ru,секта,transparent
es,sector,ru,сектор,transparent
es,sedán,ru,седан,transparent
es,segmento,ru,сегмент,transparent
es,segregación,ru,сегрегация,transparent
es,segundo,ru,секунда,altered
es,seleccion,ru,селекция,transparent
es,selección,ru,селекция,transparent
es,selfiar,ru,селфи,transparent
es,semestre,ru,семестр,altered
es,seminario,ru,семинар,altered
es,semántica,ru,семантика,transparent
es,senado,ru,сенат,altered
es,senador,ru,сенатор,transparent
es,sensacion,ru,сенсация,transparent
es,sensacional,ru,сенсационный,transparent
es,sensación,ru,сенсация,transparent
es,sensor,ru,сенсор,transparent
es,sensorial,ru,сенсорный,altered
es,sentimental,ru,сентиментальный,transparent
es,separatista,ru,сепаратист,altered
es,serbio,ru,сербский,transparent
es,serial,ru,сериал,transparent
es,serie,ru,серия,transparent
es,serio,ru,серьёзный,altered
es,server,ru,сервер,transparent
es,service,ru,сервис,altered
es,servicio,ru,сервис,altered
es,servidor,ru,сервер,altered
es,sesión,ru,сессия,transparent
es,set,ru,сет,transparent
es,setembre,ru,сентябрь,altered
es,setiembre,ru,сентябрь,transparent
es,sevilla,ru,севилья,transparent
es,sexo,ru,секс,transparent
es,sexual,ru,сексуальный,transparent
es,sexualidad,ru,сексуальность,transparent
es,sexualmente,ru,сексуально,transparent
es,sexy,ru,сексуальный,altered
es,señal,ru,сигнальный,altered
es,señalización,ru,сигнализация,altered
es,shah,ru,шах,transparent
es,sheriff,ru,шериф,transparent
es,shock,ru,шок,transparent
es,short,ru,шорты,transparent
es,show,ru,шоу,transparent
es,shuttle,ru,шаттл,transparent
es,siberia,ru,сибирь,altered
es,silo,ru,сило,transparent
es,silueta,ru,силуэт,altered
es,simbolismo,ru,символизм,transparent
es,simbolizar,ru,символизировать,altered
es,simbología,ru,символика,altered
es,simbólico,ru,символичный,transparent
es,simetría,ru,симметрия,transparent
es,simpatía,ru,симпатия,transparent
es,simposio,ru,симпозиум,altered
es,simpson,ru,симпсон,transparent
es,simpático,ru,симпатичный,altered
es,simulación,ru,симуляция,transparent
es,simulador,ru,симулятор,transparent
es,simular,ru,симулировать,transparent
es,simétrico,ru,симметричный,transparent
es,sinagoga,ru,синагога,transparent
es,sincronización,ru,синхронизация,altered
es,sincronizar,ru,синхронизировать,altered
es,sincrónico,ru,синхронный,altered
es,sindicato,ru,синдикат,transparent
es,sinfonía,ru,симфония,altered
es,sinfónico,ru,симфонический,transparent
es,singapur,ru,сингапур,transparent
es,sinopsis,ru,синопсис,transparent
es,sintaxis,ru,синтаксис,altered
es,sintetizar,ru,синтезировать,transparent
es,sintético,ru,синтетический,altered
es,sinónimo,ru,синоним,altered
es,sionista,ru,сионист,altered
es,sir,ru,сэр,transparent
es,sirio,ru,сирийский,altered
es,sirope,ru,сироп,altered
es,sistema,ru,система,transparent
es,sistemáticamente,ru,систематический,altered
es,sistemático,ru,систематический,altered
es,sistémico,ru,системный,altered
es,site,ru,сайт,altered
es,situacion,ru,ситуация,transparent
es,situación,ru,ситуация,transparent
es,skin,ru,скин,transparent
es,sky,ru,скай,transparent
es,skype,ru,скайп,transparent
es,slot,ru,слот,transparent
es,smart,ru,смарт,transparent
es,smartphone,ru,смартфон,transparent
es,smetana,ru,сметана,transparent
es,sms,ru,смс,transparent
es,snowboard,ru,сноуборд,transparent
es,soberano,ru,суверенный,altered
es,social,ru,социальный,transparent
es,socialismo,ru,социализм,altered
es,socialista,ru,социалист,altered
es,sociología,ru,социология,transparent
es,sociológico,ru,социологический,altered
es,sociólogo,ru,социолог,altered
es,soda,ru,сода,transparent
es,sofá,ru,софа,transparent
es,sofía,ru,софия,transparent
es,soja,ru,соя,altered
es,soldado,ru,солдат,altered
es,solidaridad,ru,солидарность,altered
es,solista,ru,солист,altered
es,solo,ru,соло,transparent
es,sonda,ru,зонд,altered
es,sopa,ru,суп,altered
es,sos,ru,сос,transparent
es,soundtrack,ru,саундтрек,transparent
es,souvenir,ru,сувенир,altered
es,soviet,ru,совет,transparent
es,soviético,ru,советский,altered
es,soya,ru,соя,transparent
es,spa,ru,спа,transparent
es,spam,ru,спам,transparent
es,speaker,ru,спикер,transparent
es,sponsor,ru,спонсор,transparent
es,sport,ru,спорт,transparent
es,sporting,ru,спортинг,transparent
es,spot,ru,спот,transparent
es,spray,ru,спрей,transparent
es,sprint,ru,спринт,transparent
es,sputnik,ru,спутник,transparent
es,square,ru,сквер,transparent
es,standard,ru,стандарт,transparent
es,start,ru,старт,transparent
es,startup,ru,стартовый,altered
es,station,ru,станция,altered
es,status,ru,статус,transparent
es,stop,ru,стоп,transparent
es,stream,ru,стрим,altered
es,street,ru,стрит,transparent
es,studio,ru,студио,transparent
es,subjetivo,ru,субъективный,altered
es,subsidio,ru,субсидия,altered
es,subtítulo,ru,субтитр,altered
es,suecia,ru,швеция,altered
es,suicida,ru,суицид,transparent
es,suicidio,ru,суицид,altered
es,sujeto,ru,сюжет,altered
es,sultán,ru,султан,transparent
es,sumar,ru,суммировать,altered
es,summit,ru,саммит,transparent
es,sumo,ru,сумма,transparent
es,super,ru,супер,transparent
es,superhombre,ru,супермен,altered
es,superhéroe,ru,супергерой,altered
es,superintendente,ru,суперинтендант,transparent
es,supermercado,ru,супермаркет,altered
es,surf,ru,серф,altered
es,surtido,ru,сорт,altered
es,suspensión,ru,суспензия,transparent
es,sustancia,ru,субстанция,altered
es,sustrato,ru,субстрат,altered
es,suéter,ru,свитер,altered
es,sándwich,ru,сэндвич,transparent
es,símbolo,ru,символ,transparent
es,síndrome,ru,синдром,transparent
es,sínodo,ru,синод,altered
es,síntesis,ru,синтез,transparent
es,síntoma,ru,симптом,altered
es,sólido,ru,солидный,altered
es,súper,ru,супер,transparent
es,tabaco,ru,табак,altered
es,taberna,ru,таверна,transparent
es,tabla,ru,таблица,altered
es,tablao,ru,табло,altered
es,tableta,ru,таблетка,transparent
es,tablilla,ru,табличка,altered
es,tabú,ru,табу,transparent
es,taco,ru,тако,transparent
es,tacto,ru,такт,altered
es,taekwondo,ru,тхэквондо,altered
es,taiga,ru,тайга,transparent
es,tailandés,ru,тайский,altered
es,talento,ru,талант,transparent
es,talismán,ru,талисман,transparent
es,talón,ru,талон,transparent
es,tango,ru,танго,transparent
es,tanque,ru,танк,altered
es,tara,ru,тара,transparent
es,tarifa,ru,тариф,transparent
es,tarifario,ru,тарифный,altered
es,tatuaje,ru,татуировка,altered
es,taxi,ru,такси,transparent
es,taxista,ru,таксист,altered
es,taylor,ru,тейлор,transparent
es,teatral,ru,театральный,transparent
es,teatro,ru,театр,transparent
es,tecnico,ru,технический,altered
es,tecnologia,ru,технология,transparent
es,tecnología,ru,технология,transparent
es,tecnológico,ru,технологический,altered
es,teenager,ru,тинейджер,transparent
es,teherán,ru,тегеран,altered
es,telecomunicación,ru,телекоммуникация,transparent
es,telefono,ru,телефон,altered
es,telefonía,ru,телефония,transparent
es,telefónico,ru,телефонный,altered
es,telegram,ru,телеграмма,transparent
es,telegrama,ru,телеграмма,transparent
es,telegráfico,ru,телеграфный,altered
es,telescopio,ru,телескоп,altered
es,televisivo,ru,телевизионный,altered
es,televisor,ru,телевизор,transparent
es,teléfono,ru,телефон,transparent
es,telégrafo,ru,телеграф,transparent
es,tema,ru,тема,transparent
es,temperamento,ru,темперамент,transparent
es,temperatura,ru,температура,transparent
es,tempo,ru,темп,altered
es,temática,ru,тематика,transparent
es,temático,ru,тематический,transparent
es,tendencia,ru,тенденция,transparent
es,tender,ru,тендер,transparent
es,tenis,ru,теннис,altered
es,tenista,ru,теннисистка,altered
es,tenor,ru,тенор,transparent
es,teorema,ru,теорема,transparent
es,tequila,ru,текила,altered
es,terapeuta,ru,терапевт,altered
es,terapia,ru,терапия,transparent
es,terapéutica,ru,терапевт,transparent
es,terapéutico,ru,терапевтический,altered
es,teresa,ru,тереза,transparent
es,termal,ru,термальный,transparent
es,terminador,ru,терминатор,transparent
es,terminal,ru,терминал,transparent
es,terminología,ru,терминология,transparent
es,terminos,ru,термин,altered
es,termo,ru,термо,transparent
es,termómetro,ru,термометр,transparent
es,terra,ru,терра,transparent
es,terraza,ru,терраса,transparent
es,territorial,ru,территориальный,altered
es,territorio,ru,территория,altered
es,terror,ru,террор,transparent
es,terrorismo,ru,терроризм,transparent
es,terrorista,ru,террорист,transparent
es,tesis,ru,тезис,altered
es,testear,ru,тестировать,altered
es,testeo,ru,тестирование,altered
es,testosterona,ru,тестостерон,altered
es,texas,ru,техас,transparent
es,textil,ru,текстильный,transparent
es,texto,ru,текст,transparent
es,textura,ru,текстура,transparent
es,teólogo,ru,теолог,transparent
es,teóricamente,ru,теоретически,transparent
es,teórico,ru,теоретический,altered
es,thames,ru,таймс,transparent
es,thriller,ru,триллер,transparent
es,tic,ru,тик,transparent
es,tifón,ru,тайфун,altered
es,tiger,ru,тигр,altered
es,tigre,ru,тигр,altered
es,tilde,ru,тильда,transparent
es,timoteo,ru,тимофей,altered
es,tip,ru,тип,transparent
es,tipo,ru,тип,transparent
es,tipografía,ru,типография,transparent
es,tipología,ru,типология,transparent
es,tiraje,ru,тираж,transparent
es,tirano,ru,тиран,transparent
es,tiranía,ru,тирания,transparent
es,tiro,ru,тир,altered
es,titán,ru,титан,transparent
es,titánico,ru,титаник,transparent
es,toilette,ru,туалет,altered
es,tokio,ru,токио,transparent
es,tolerancia,ru,толерантность,altered
es,tolerante,ru,толерантный,altered
es,tomate,ru,томат,altered
es,tommy,ru,томми,transparent
es,tomsk,ru,томск,transparent
es,tonelada,ru,тонна,altered
es,tono,ru,тон,transparent
es,top,ru,топ,transparent
es,topic,ru,топика,transparent
es,topografía,ru,топография,transparent
es,tornado,ru,торнадо,transparent
es,torpedo,ru,торпеда,transparent
es,torrent,ru,торрент,transparent
es,torrente,ru,торрент,transparent
es,torso,ru,торс,transparent
es,torta,ru,торт,transparent
es,tostada,ru,тост,altered
es,total,ru,тотальный,transparent
es,totalitario,ru,тоталитарный,transparent
es,totalmente,ru,тотальный,transparent
es,tour,ru,турне,transparent
es,toxina,ru,токсин,transparent
es,track,ru,трек,altered
es,tracto,ru,тракт,altered
es,tractor,ru,трактор,transparent
es,tradicional,ru,традиционный,transparent
es,tradicionalmente,ru,традиционно,altered
es,tradición,ru,традиция,transparent
es,traficar,ru,трафик,altered
es,tragedia,ru,трагедия,transparent
es,trailer,ru,трейлер,altered
es,training,ru,тренинг,transparent
es,trampolín,ru,трамплин,transparent
es,transcripción,ru,транскрипция,transparent
es,transferencia,ru,трансфер,transparent
es,transformación,ru,трансформация,transparent
es,transformar,ru,трансформировать,transparent
es,transitar,ru,транзит,altered
es,transitorio,ru,транзитный,altered
es,transmisión,ru,трансляция,altered
es,transnacional,ru,транснациональный,transparent
es,transportación,ru,транспортировка,altered
es,transporte,ru,транспорт,transparent
es,tranvía,ru,трамвай,altered
es,trasplante,ru,трансплантат,altered
es,trata,ru,трата,transparent
es,tratado,ru,трактат,altered
es,trauma,ru,травма,transparent
es,traumatismo,ru,травматизм,altered
es,traumatizar,ru,травмировать,altered
es,traumático,ru,травматический,transparent
es,travesti,ru,трансвестит,altered
es,trayectoria,ru,траектория,altered
es,traza,ru,трасса,altered
es,trend,ru,тренд,transparent
es,tribuna,ru,трибуна,transparent
es,tribunal,ru,трибунал,transparent
es,tribuno,ru,трибуна,altered
es,trillón,ru,триллион,transparent
es,trilogía,ru,трилогия,transparent
es,trio,ru,трио,transparent
es,tritón,ru,тритон,transparent
es,triunfal,ru,триумфальный,transparent
es,triunfo,ru,триумф,transparent
es,trivial,ru,тривиальный,transparent
es,trofeo,ru,трофей,transparent
es,trol,ru,тролль,transparent
es,trolebús,ru,троллейбус,transparent
es,troll,ru,тролль,transparent
es,trono,ru,трон,transparent
es,tropical,ru,тропический,altered
es,truco,ru,трюк,transparent
es,trust,ru,трест,transparent
es,trágico,ru,трагический,altered
es,tráiler,ru,трейлер,altered
es,tránsito,ru,транзит,altered
es,trío,ru,трио,transparent
es,trópico,ru,тропик,altered
es,tsunami,ru,цунами,transparent
es,tuberculosis,ru,туберкулёз,altered
es,tule,ru,тула,transparent
es,turbante,ru,тюрбан,altered
es,turbina,ru,турбина,transparent
es,turbo,ru,турбо,transparent
es,turcomano,ru,туркмен,altered
es,turismo,ru,туризм,transparent
es,turista,ru,турист,altered
es,turístico,ru,туристический,altered
es,tweet,ru,твит,altered
es,twitter,ru,твиттер,transparent
es,táctico,ru,тактический,altered
es,táctil,ru,тактильный,altered
es,tártaro,ru,тартар,altered
es,técnico,ru,технический,altered
es,térmico,ru,термический,transparent
es,término,ru,термин,altered
es,típico,ru,типичный,altered
es,título,ru,титул,transparent
es,tónico,ru,тоник,transparent
es,tóxico,ru,токсичный,altered
es,túnel,ru,тоннель,altered
es,túnica,ru,туника,transparent
es,ucraniano,ru,украинский,altered
es,ucranio,ru,украина,altered
es,ultimátum,ru,ультиматум,transparent
es,ultra,ru,ультра,transparent
es,unesco,ru,юнеско,altered
es,unica,ru,уникальный,altered
es,unicidad,ru,уникальность,altered
es,unico,ru,уникальный,altered
es,union,ru,уния,transparent
es,unitario,ru,унитарный,transparent
es,universal,ru,универсальный,transparent
es,universidad,ru,университет,altered
es,universitario,ru,университетский,transparent
es,university,ru,университет,altered
es,unión,ru,юниона,transparent
es,upgrade,ru,апгрейд,transparent
es,uranio,ru,уран,altered
es,urbanización,ru,урбанизация,transparent
es,urna,ru,урна,transparent
es,utilización,ru,утилизация,altered
es,utopía,ru,утопия,transparent
es,utópico,ru,утопический,transparent
es,uzbekistán,ru,узбекистан,transparent
es,uzi,ru,узи,transparent
es,vacancia,ru,вакансия,altered
es,vacunación,ru,вакцинация,transparent
es,vagón,ru,вагон,transparent
es,vainilla,ru,ваниль,altered
es,valencia,ru,валенсия,transparent
es,valentino,ru,валентина,transparent
es,valentín,ru,валентин,transparent
es,vals,ru,вальс,altered
es,vampiro,ru,вампир,altered
es,vandalismo,ru,вандализм,transparent
es,variación,ru,вариация,altered
es,variante,ru,вариант,altered
es,varsovia,ru,варшава,altered
es,vaticano,ru,ватикан,transparent
es,vector,ru,вектор,transparent
es,vegano,ru,веган,altered
es,vegetariano,ru,вегетарианец,altered
es,velocípedo,ru,велосипед,altered
es,vena,ru,вена,transparent
es,venecia,ru,венеция,transparent
es,veneciano,ru,венецианский,altered
es,ventilación,ru,вентиляция,transparent
es,ventilador,ru,вентилятор,altered
es,venus,ru,венера,transparent
es,verbal,ru,вербальный,transparent
es,veredicto,ru,вердикт,altered
es,version,ru,версия,transparent
es,versión,ru,версия,transparent
es,vertical,ru,вертикальный,altered
es,verónica,ru,вероника,transparent
es,veterano,ru,ветеран,transparent
es,veterinario,ru,ветеринарный,transparent
es,veto,ru,вето,transparent
es,via,ru,виа,transparent
es,vibración,ru,вибрация,transparent
es,vice,ru,вица,transparent
es,vicente,ru,винсент,altered
es,vicepresidente,ru,вице-президент,transparent
es,victoria,ru,виктория,transparent
es,victorina,ru,викторин,altered
es,video,ru,видео,transparent
es,videoclip,ru,видеоклип,transparent
es,videocámara,ru,видеокамера,altered
es,vienés,ru,венский,altered
es,vikingo,ru,викинг,transparent
es,villa,ru,вилла,transparent
es,vino,ru,вино,transparent
es,vinto,ru,винт,altered
es,virginia,ru,вирджиния,transparent
es,virtual,ru,виртуальный,altered
es,virtualmente,ru,виртуальный,transparent
es,virtuoso,ru,виртуоз,transparent
es,virus,ru,вирус,transparent
es,visar,ru,виза,transparent
es,visita,ru,визит,altered
es,visitar,ru,визит,transparent
es,visual,ru,визуальный,altered
es,visualización,ru,визуализация,altered
es,visualizar,ru,визуализировать,transparent
es,visualmente,ru,визуально,altered
es,vitamina,ru,витамин,transparent
es,vitrina,ru,витрина,transparent
es,vladivostok,ru,владивосток,transparent
es,vocal,ru,вокальный,transparent
es,vocalista,ru,вокалист,transparent
es,vodka,ru,водка,transparent
es,volcán,ru,вулкан,altered
es,volcánico,ru,вулканический,altered
es,voleibol,ru,волейбол,altered
es,volga,ru,волга,transparent
es,vox,ru,вокс,transparent
es,voz,ru,воз,transparent
es,vulgar,ru,вульгарный,altered
es,vía,ru,вия,transparent
es,víctor,ru,виктор,transparent
es,vídeo,ru,видео,transparent
es,watt,ru,ватт,transparent
es,web,ru,веб,transparent
es,wiki,ru,вика,transparent
es,william,ru,вильям,transparent
es,williams,ru,уильямс,transparent
es,xenofobia,ru,ксенофобия,transparent
es,yak,ru,як,transparent
es,yakarta,ru,джакарта,transparent
es,yate,ru,яхта,altered
es,yemen,ru,йемен,transparent
es,yen,ru,йена,transparent
es,yodo,ru,йод,altered
es,yoga,ru,йог,transparent
es,yogur,ru,йогурт,altered
es,yuan,ru,юань,transparent
es,yuri,ru,юрий,altered
es,zar,ru,царь,altered
es,zen,ru,дзэн,altered
es,zero,ru,зеро,transparent
es,zeta,ru,зет,transparent
es,zinc,ru,цинк,transparent
es,zombi,ru,зомби,transparent
es,zombie,ru,зомби,transparent
es,zona,ru,зона,transparent
es,zone,ru,зона,altered
es,zoo,ru,зоо,transparent
es,zoológico,ru,зоологический,altered
es,zoom,ru,зум,transparent
es,áfrica,ru,африка,altered
es,ágata,ru,агат,transparent
es,álbum,ru,альбом,transparent
es,álgebra,ru,алгебра,transparent
es,árabe,ru,араб,transparent
es,árbitro,ru,арбитр,transparent
es,ártico,ru,арктика,transparent
es,ébola,ru,эбола,transparent
es,égida,ru,эгида,transparent
es,élite,ru,элита,transparent
es,épico,ru,эпический,transparent
es,época,ru,эпоха,transparent
es,ética,ru,этика,transparent
es,ético,ru,этический,altered
es,étnico,ru,этнический,transparent
es,éxtasis,ru,экстаз,transparent
es,ícono,ru,икона,altered
es,ídolo,ru,идол,transparent
es,índice,ru,индекс,transparent
es,íntimo,ru,интимный,transparent
es,ópera,ru,опера,transparent
es,óptico,ru,оптический,transparent
es,órbita,ru,орбита,transparent
es,órgano,ru,орган,transparent
es,óscar,ru,оскар,transparent
es,óxido,ru,оксид,altered
es,único,ru,уникальный,altered
ru,аберрация,es,aberración,transparent
ru,абонент,es,abonado,altered
ru,аборт,es,aborto,transparent
ru,абрикосовый,es,albaricoque,altered
ru,абсолют,es,absoluto,altered
ru,абсолютно,es,absolutamente,altered
ru,абсорбция,es,absorción,transparent
ru,абстракция,es,abstracción,transparent
ru,абсурд,es,absurdo,altered
ru,абсурдный,es,absurdo,transparent
ru,абхазия,es,abjasia,altered
ru,аванс,es,avance,transparent
ru,авария,es,avería,transparent
ru,аватар,es,avatar,transparent
ru,авеню,es,avenida,altered
ru,авиационный,es,aviación,transparent
ru,аврора,es,aurora,altered
ru,австро,es,austro,transparent
ru,авто,es,auto,transparent
ru,автобиография,es,autobiografía,transparent
ru,автобус,es,autobús,transparent
ru,автобусный,es,autobús,altered
ru,автограф,es,autógrafo,altered
ru,автоматизация,es,automatización,altered
ru,автоматизировать,es,automatizar,altered
ru,автоматика,es,automática,transparent
ru,автоматический,es,automático,transparent
ru,автомашина,es,automóvil,transparent
ru,автомобилист,es,automovilista,transparent
ru,автомобиль,es,automóvil,transparent
ru,автомобильный,es,automovilístico,altered
ru,автономия,es,autonomía,transparent
ru,автономный,es,autónomo,altered
ru,автор,es,autor,transparent
ru,авторизация,es,autorización,transparent
ru,авторитаризм,es,autoritarismo,transparent
ru,авторитарный,es,autoritario,transparent
ru,авторитет,es,autoridad,altered
ru,авторство,es,autoría,altered
ru,агат,es,ágata,transparent
ru,агент,es,agente,transparent
ru,агентство,es,agencia,altered
ru,агитация,es,agitación,transparent
ru,агония,es,agonía,transparent
ru,аграрный,es,agrario,transparent
ru,агрегат,es,agregado,altered
ru,агрессивность,es,agresividad,altered
ru,агрессивный,es,agresivo,transparent
ru,агрессия,es,agresión,transparent
ru,агрессор,es,agresor,altered
ru,агро,es,agro,transparent
ru,адам,es,adán,transparent
ru,адаптация,es,adaptación,transparent
ru,адаптивный,es,adaptativo,altered
ru,адаптировать,es,adaptar,altered
ru,адаптироваться,es,adaptarse,altered
ru,адгезия,es,adherir,altered
ru,адекватно,es,adecuadamente,transparent
ru,адепт,es,adepto,transparent
ru,административно,es,administrativamente,transparent
ru,административный,es,administrativo,altered
ru,администратор,es,administrador,altered
ru,администрация,es,administración,transparent
ru,адмирал,es,almirante,altered
ru,адреналин,es,adrenalina,altered
ru,адъютант,es,ayudante,altered
ru,адюльтер,es,adulterio,altered
ru,азербайджан,es,azerbaiyán,altered
ru,азия,es,asia,altered
ru,айсберг,es,iceberg,transparent
ru,академик,es,académico,transparent
ru,академический,es,académico,altered
ru,академия,es,academia,transparent
ru,акварель,es,acuarela,altered
ru,аквариум,es,acuario,altered
ru,аккорд,es,acorde,transparent
ru,аккредитовать,es,acreditar,altered
ru,аккумулятор,es,acumulador,altered
ru,акр,es,acre,transparent
ru,акселератор,es,acelerador,altered
ru,аксессуар,es,accesorio,altered
ru,акт,es,acto,transparent
ru,актив,es,activo,altered
ru,активация,es,activación,transparent
ru,активизм,es,activismo,altered
ru,активист,es,activista,transparent
ru,активность,es,actividad,altered
ru,актриса,es,actriz,altered
ru,актуальность,es,actualidad,altered
ru,актёр,es,actor,transparent
ru,актёрский,es,actoral,altered
ru,акустический,es,acústico,transparent
ru,акцент,es,acento,altered
ru,акционер,es,accionista,altered
ru,акционерный,es,accionario,altered
ru,акция,es,accion,transparent
ru,алгебра,es,álgebra,transparent
ru,алгоритм,es,algoritmo,altered
ru,александр,es,alejandro,altered
ru,алина,es,alina,transparent
ru,алкоголизм,es,alcoholismo,altered
ru,алкоголик,es,alcohólico,altered
ru,алкоголь,es,alcohol,transparent
ru,алкогольный,es,alcohólico,transparent
ru,аллергический,es,alérgico,transparent
ru,аллергия,es,alergia,altered
ru,аллюзия,es,alusión,altered
ru,алонсо,es,alonso,transparent
ru,алтарь,es,altar,transparent
ru,алфавит,es,alfabeto,altered
ru,альберт,es,alberto,transparent
ru,альбом,es,álbum,transparent
ru,альпы,es,alpes,altered
ru,альтернатива,es,alternativa,transparent
ru,альтернативный,es,alternativo,transparent
ru,альфа,es,alfa,transparent
ru,альфред,es,alfredo,altered
ru,альцгеймер,es,alzheimer,transparent
ru,альянс,es,alianza,altered
ru,алюминий,es,aluminio,altered
ru,амазон,es,amazon,transparent
ru,амбициозный,es,ambicioso,transparent
ru,амбиция,es,ambición,transparent
ru,амбулаторный,es,ambulante,transparent
ru,америка,es,américa,transparent
ru,аминь,es,amén,transparent
ru,амнезия,es,amnesia,transparent
ru,амнистия,es,amnistía,transparent
ru,амплитуда,es,amplitud,transparent
ru,ампутировать,es,amputar,altered
ru,амулет,es,amuleto,transparent
ru,амфитеатр,es,anfiteatro,altered
ru,ана,es,ana,transparent
ru,анализ,es,análisis,transparent
ru,анализировать,es,analizar,altered
ru,аналитик,es,analítica,transparent
ru,аналитический,es,analítico,altered
ru,аналог,es,análogo,altered
ru,аналогично,es,análogamente,altered
ru,аналогичный,es,análogo,altered
ru,аналогия,es,analogía,altered
ru,аналоговый,es,analógico,transparent
ru,анархист,es,anarquista,altered
ru,анархия,es,anarquía,altered
ru,анастасия,es,anastasia,transparent
ru,анатолий,es,anatoli,transparent
ru,анатомия,es,anatomía,transparent
ru,англо,es,anglo,transparent
ru,англосакс,es,anglosajón,altered
ru,андрей,es,andrés,altered
ru,андроид,es,android,transparent
ru,анекдот,es,anécdota,altered
ru,анемия,es,anemia,transparent
ru,анестезия,es,anestesia,transparent
ru,аниматор,es,animador,altered
ru,анимационный,es,animación,altered
ru,анимация,es,animación,transparent
ru,анкара,es,ankara,transparent
ru,анклав,es,enclave,transparent
ru,анна,es,ana,transparent
ru,анне,es,ana,altered
ru,аннексия,es,anexión,altered
ru,аннотация,es,anotación,altered
ru,аномалия,es,anomalía,transparent
ru,аномальный,es,anómalo,transparent
ru,анонимность,es,anonimato,altered
ru,анонимный,es,anónimo,transparent
ru,анонсировать,es,anunciar,altered
ru,анорексия,es,anorexia,transparent
ru,ансамбль,es,ensamble,altered
ru,антарктический,es,antártico,altered
ru,анти,es,anti,transparent
ru,антибиотик,es,antibiótico,altered
ru,антивирус,es,antivirus,transparent
ru,антихрист,es,anticristo,altered
ru,антология,es,antología,transparent
ru,антрополог,es,antropólogo,transparent
ru,антропология,es,antropología,transparent
ru,апатия,es,apatía,transparent
ru,апгрейд,es,upgrade,transparent
ru,апелляционный,es,apelación,transparent
ru,апелляция,es,apelación,transparent
ru,аперитив,es,aperitivo,transparent
ru,аплодировать,es,aplaudir,altered
ru,апогей,es,apogeo,altered
ru,апокалипсис,es,apocalipsis,altered
ru,аполлон,es,apolo,altered
ru,апология,es,apología,transparent
ru,апостол,es,apóstol,transparent
ru,апостольский,es,apostólico,transparent
ru,аппендикс,es,apéndice,altered
ru,аппетит,es,apetito,altered
ru,аппликация,es,aplicación,transparent
ru,апрель,es,abril,altered
ru,араб,es,árabe,transparent
ru,аравия,es,arabia,altered
ru,арбитр,es,árbitro,transparent
ru,арбитражный,es,arbitral,altered
ru,аргентина,es,argentino,transparent
ru,аргентинский,es,argentino,transparent
ru,аргумент,es,argumento,transparent
ru,аргументация,es,argumentación,transparent
ru,арена,es,arena,transparent
ru,арест,es,arresto,altered
ru,арестовать,es,arrestar,altered
ru,арестовывать,es,arrestar,transparent
ru,аристократия,es,aristocracia,altered
ru,ария,es,aria,transparent
ru,арктика,es,ártico,transparent
ru,аромат,es,aroma,altered
ru,ароматический,es,aromático,altered
ru,арсенал,es,arsenal,transparent
ru,арт,es,arte,transparent
ru,артериальный,es,arterial,altered
ru,артерия,es,arteria,altered
ru,артефакт,es,artefacto,altered
ru,артикль,es,artículo,altered
ru,артикул,es,articulos,altered
ru,артикуляция,es,articulación,transparent
ru,артист,es,artista,transparent
ru,артистический,es,artístico,transparent
ru,артистка,es,artista,transparent
ru,артрит,es,artritis,altered
ru,артур,es,arturo,altered
ru,архаический,es,arcaico,altered
ru,архангел,es,arcángel,altered
ru,археолог,es,arqueólogo,altered
ru,археологический,es,arqueológico,altered
ru,археология,es,arqueología,altered
ru,архетип,es,arquetipo,altered
ru,архив,es,archivo,altered
ru,архиепископ,es,arzobispo,altered
ru,архипелаг,es,archipiélago,altered
ru,архитектор,es,arquitecto,altered
ru,архитектура,es,arquitectura,altered
ru,архитектурный,es,arquitectónico,altered
ru,асимметричный,es,asimétrico,altered
ru,аспект,es,aspecto,altered
ru,аспирант,es,aspirante,transparent
ru,ассамблея,es,asamblea,altered
ru,ассимилировать,es,asimilar,altered
ru,ассистент,es,asistir,altered
ru,ассоциация,es,asociación,transparent
ru,ассоциировать,es,asociado,altered
ru,ассоциироваться,es,asociarse,altered
ru,астероид,es,asteroide,altered
ru,астма,es,asma,altered
ru,астро,es,astro,transparent
ru,астронавт,es,astronauta,altered
ru,астроном,es,astrónomo,altered
ru,астрономический,es,astronómico,altered
ru,астрономия,es,astronomía,transparent
ru,асфальт,es,asfalto,altered
ru,асфиксия,es,asfixia,transparent
ru,ата,es,átomo,transparent
ru,атака,es,ataque,altered
ru,атаковать,es,atacar,altered
ru,атланта,es,atlanta,transparent
ru,атлантика,es,atlántico,transparent
ru,атлантический,es,atlántico,transparent
ru,атлас,es,atlas,transparent
ru,атлет,es,atleta,altered
ru,атлетика,es,atlético,altered
ru,атлетико,es,atlético,altered
ru,атмосфера,es,atmósfera,transparent
ru,атмосферный,es,atmosférico,altered
ru,атрибут,es,atributo,transparent
ru,атрибуция,es,atribución,transparent
ru,аттракцион,es,atracción,altered
ru,аудиенция,es,audiencia,transparent
ru,аудио,es,audio,transparent
ru,аудиовизуальный,es,audiovisual,transparent
ru,аудит,es,auditoría,altered
ru,аудитор,es,auditor,transparent
ru,аудитория,es,auditorio,altered
ru,аул,es,aula,transparent
ru,аура,es,aura,transparent
ru,аутентичность,es,autenticidad,altered
ru,аутизм,es,autismo,transparent
ru,афганистан,es,afganistán,transparent
ru,афганский,es,afgano,altered
ru,африка,es,áfrica,altered
ru,африканец,es,africano,altered
ru,афро,es,afro,transparent
ru,аэродинамика,es,aerodinámica,transparent
ru,аэродром,es,aeródromo,transparent
ru,аэрозоль,es,aerosol,transparent
ru,аэропорт,es,aeropuerto,transparent
ru,бавария,es,baviera,altered
ru,багаж,es,bagaje,transparent
ru,багамы,es,bahamas,altered
ru,багдад,es,bagdad,transparent
ru,базальный,es,basal,altered
ru,базар,es,bazar,transparent
ru,базовый,es,base,transparent
ru,бактерия,es,bacteria,transparent
ru,бал,es,baile,transparent
ru,баланс,es,balance,transparent
ru,балет,es,ballet,transparent
ru,балканский,es,balcánico,altered
ru,балкон,es,balcón,transparent
ru,баллада,es,balada,altered
ru,баллистический,es,balístico,altered
ru,балон,es,balón,transparent
ru,балтийский,es,báltico,altered
ru,балтика,es,báltico,transparent
ru,бальзам,es,bálsamo,altered
ru,бамбук,es,bambú,altered
ru,банальный,es,banal,altered
ru,банан,es,banana,transparent
ru,банда,es,banda,transparent
ru,бандит,es,bandido,altered
ru,банк,es,banco,altered
ru,банкер,es,banquero,altered
ru,банкет,es,banquete,altered
ru,банкрот,es,bancarrota,altered
ru,банкротство,es,bancarrota,altered
ru,барбара,es,bárbaro,transparent
ru,барн,es,barn,transparent
ru,барный,es,bar,altered
ru,барокко,es,barroco,transparent
ru,барон,es,barón,transparent
ru,барра,es,barra,transparent
ru,баррель,es,barril,transparent
ru,баррикада,es,barricada,transparent
ru,барьер,es,barrera,altered
ru,баскетбол,es,básquet,altered
ru,баскетболист,es,basquetbolista,altered
ru,бастион,es,bastión,transparent
ru,батальон,es,batallón,transparent
ru,батарейка,es,batería,altered
ru,батарея,es,batería,transparent
ru,бебе,es,bebé,transparent
ru,бекон,es,bacon,transparent
ru,беларусь,es,bielorrusia,altered
ru,белград,es,belgrado,altered
ru,бензин,es,bencina,altered
ru,берлин,es,berlín,transparent
ru,бестия,es,bestia,altered
ru,бета,es,beta,transparent
ru,биатлон,es,biatlón,transparent
ru,библейский,es,bíblico,altered
ru,библиографический,es,bibliográfico,transparent
ru,библиография,es,bibliografía,transparent
ru,библиотека,es,biblioteca,transparent
ru,библия,es,biblia,transparent
ru,биг,es,big,transparent
ru,биеннале,es,bienal,altered
ru,бикини,es,bikini,transparent
ru,бильярд,es,billar,altered
ru,бинарный,es,binario,transparent
ru,бинго,es,bingo,transparent
ru,бинокль,es,binocular,transparent
ru,био,es,bio,transparent
ru,биографический,es,biográfico,transparent
ru,биография,es,biografía,transparent
ru,биолог,es,biólogo,altered
ru,биологический,es,biológico,transparent
ru,биология,es,biología,transparent
ru,биотехнология,es,biotecnología,altered
ru,биохимия,es,bioquímica,altered
ru,биполярный,es,bipolar,altered
ru,бис,es,bis,transparent
ru,биткоин,es,bitcoin,transparent
ru,блог,es,blog,transparent
ru,блогер,es,bloguero,altered
ru,блокада,es,bloqueo,altered
ru,блокировать,es,bloquear,altered
ru,блокировка,es,bloqueo,altered
ru,блокнот,es,bloc,altered
ru,блондинка,es,blonda,altered
ru,блуза,es,blusa,transparent
ru,блюз,es,blues,altered
ru,боинг,es,boeing,transparent
ru,бойкот,es,boicot,altered
ru,бойфренд,es,boyfriend,transparent
ru,бокс,es,boxeo,altered
ru,боксёр,es,boxeador,altered
ru,болгарин,es,búlgaro,altered
ru,болгария,es,bulgaria,altered
ru,болеро,es,bolero,transparent
ru,болт,es,bolt,transparent
ru,большевик,es,bolchevique,altered
ru,бомба,es,bomba,transparent
ru,бомбить,es,bombardear,altered
ru,бонд,es,bond,transparent
ru,бонус,es,bono,transparent
ru,босния,es,bosnio,transparent
ru,босс,es,boss,transparent
ru,бот,es,bot,transparent
ru,ботаник,es,botánico,altered
ru,ботанический,es,botánico,transparent
ru,ботокс,es,botox,transparent
ru,браво,es,bravo,transparent
ru,бравый,es,bravo,transparent
ru,бразилия,es,brasil,altered
ru,браслет,es,brazalete,altered
ru,брейк,es,break,transparent
ru,бригада,es,brigada,transparent
ru,бригадир,es,brigadier,transparent
ru,бриз,es,brisa,altered
ru,британец,es,británico,altered
ru,британия,es,britania,transparent
ru,британский,es,británico,transparent
ru,брифинг,es,briefing,transparent
ru,брокер,es,broker,transparent
ru,брокколи,es,brócoli,transparent
ru,брюссель,es,brusela,altered
ru,будапешт,es,budapest,altered
ru,будда,es,buda,transparent
ru,буддизм,es,budismo,altered
ru,буддист,es,budista,transparent
ru,булла,es,bula,altered
ru,бульвар,es,boulevard,altered
ru,бум,es,boom,transparent
ru,бункер,es,búnker,altered
ru,бург,es,burgo,transparent
ru,бургер,es,burger,transparent
ru,буржуа,es,burgués,altered
ru,буржуазия,es,burguesía,altered
ru,буфет,es,buffet,transparent
ru,буш,es,bush,transparent
ru,бьюти,es,beauty,transparent
ru,бюллетень,es,boletín,altered
ru,бюро,es,buró,altered
ru,бюрократ,es,burócrata,altered
ru,бюрократический,es,burocrático,altered
ru,бюрократия,es,burocracia,transparent
ru,бюст,es,busto,transparent
ru,вагон,es,vagón,transparent
ru,вай-фай,es,wifi,transparent
ru,вакансия,es,vacancia,altered
ru,вакцина,es,vacuno,altered
ru,вакцинация,es,vacunación,transparent
ru,валенсия,es,valencia,transparent
ru,валентин,es,valentín,transparent
ru,валентина,es,valentino,transparent
ru,вальс,es,vals,altered
ru,вампир,es,vampiro,altered
ru,вандализм,es,vandalismo,transparent
ru,ваниль,es,vainilla,altered
ru,варвар,es,bárbaro,altered
ru,варварский,es,bárbaro,altered
ru,вариант,es,variante,altered
ru,вариация,es,variación,altered
ru,варшава,es,varsovia,altered
ru,ватикан,es,vaticano,transparent
ru,ватт,es,watt,transparent
ru,веб,es,web,transparent
ru,веган,es,vegano,altered
ru,вегетарианец,es,vegetariano,altered
ru,вектор,es,vector,transparent
ru,венера,es,venus,transparent
ru,венецианский,es,veneciano,altered
ru,венеция,es,venecia,transparent
ru,вено,es,vena,transparent
ru,венский,es,vienés,altered
ru,вентилятор,es,ventilador,altered
ru,вентиляция,es,ventilación,transparent
ru,вербальный,es,verbal,transparent
ru,вердикт,es,veredicto,altered
ru,вероника,es,verónica,transparent
ru,версия,es,versión,transparent
ru,вертикаль,es,vertical,transparent
ru,вертикальный,es,vertical,altered
ru,ветеран,es,veterano,transparent
ru,ветеринар,es,veterinario,altered
ru,ветеринарный,es,veterinario,transparent
ru,вето,es,veto,transparent
ru,виа,es,via,transparent
ru,вибрация,es,vibración,transparent
ru,видео,es,video,transparent
ru,видеокамера,es,videocámara,altered
ru,видеоклип,es,videoclip,transparent
ru,виза,es,visar,transparent
ru,византийский,es,bizantino,transparent
ru,визит,es,visitar,transparent
ru,визуализация,es,visualización,altered
ru,визуализировать,es,visualizar,transparent
ru,визуально,es,visualmente,altered
ru,визуальный,es,visual,altered
ru,викинг,es,vikingo,transparent
ru,виктор,es,víctor,transparent
ru,виктория,es,victoria,transparent
ru,вилла,es,villa,transparent
ru,вильям,es,william,transparent
ru,вино,es,vino,transparent
ru,винсент,es,vicente,altered
ru,вирджиния,es,virginia,transparent
ru,виртуальный,es,virtual,altered
ru,виртуоз,es,virtuoso,transparent
ru,вирус,es,virus,transparent
ru,виски,es,whisky,altered
ru,витамин,es,vitamina,transparent
ru,витрина,es,vitrina,transparent
ru,вице-президент,es,vicepresidente,transparent
ru,владивосток,es,vladivostok,transparent
ru,водка,es,vodka,transparent
ru,вокалист,es,vocalista,transparent
ru,вокальный,es,vocal,transparent
ru,волга,es,volga,transparent
ru,волейбол,es,voleibol,altered
ru,волонтёр,es,voluntario,altered
ru,вулкан,es,volcán,altered
ru,вулканический,es,volcánico,altered
ru,вульгарный,es,vulgar,altered
ru,габриэль,es,gabriel,transparent
ru,гага,es,gaga,transparent
ru,гаджет,es,gadget,transparent
ru,газ,es,gas,transparent
ru,газета,es,gaceta,altered
ru,газовый,es,gaseoso,altered
ru,гала,es,gala,transparent
ru,галактика,es,galaxia,altered
ru,галерея,es,galería,transparent
ru,галлон,es,galón,transparent
ru,галлюцинация,es,alucinación,altered
ru,гамбург,es,hamburgo,altered
ru,гамбургер,es,hamburguesa,altered
ru,гамма,es,gamma,transparent
ru,гараж,es,garaje,altered
ru,гарант,es,garante,altered
ru,гарантия,es,garantía,transparent
ru,гардероб,es,guardarropa,altered
ru,гармоничный,es,armónico,altered
ru,гармония,es,armonía,altered
ru,гарнизон,es,guarnición,altered
ru,гастрономический,es,gastronómico,transparent
ru,гвардия,es,guardia,transparent
ru,гегемония,es,hegemonía,transparent
ru,гей,es,gay,transparent
ru,гектар,es,hectárea,altered
ru,гелий,es,helio,altered
ru,гель,es,gel,transparent
ru,ген,es,gen,transparent
ru,генезис,es,génesis,transparent
ru,генерал,es,general,transparent
ru,генератор,es,generador,transparent
ru,генерация,es,generación,altered
ru,генерировать,es,generar,altered
ru,генетик,es,genética,transparent
ru,генетически,es,genéticamente,altered
ru,генетический,es,genético,transparent
ru,гениальный,es,genial,transparent
ru,гений,es,genio,transparent
ru,генитальный,es,genitales,transparent
ru,геном,es,genoma,altered
ru,геноцид,es,genocidio,altered
ru,генри,es,henry,transparent
ru,генрих,es,enrique,altered
ru,географ,es,geógrafo,altered
ru,географический,es,geográfico,transparent
ru,география,es,geografía,transparent
ru,геолог,es,geólogo,transparent
ru,геологический,es,geológico,transparent
ru,геология,es,geología,transparent
ru,геометрический,es,geométrico,transparent
ru,геометрия,es,geometría,transparent
ru,геополитика,es,geopolítica,transparent
ru,геополитический,es,geopolítico,altered
ru,георгий,es,jorge,altered
ru,гепатит,es,hepatitis,transparent
ru,германский,es,germánico,altered
ru,героизм,es,heroísmo,transparent
ru,героин,es,heroína,altered
ru,героиня,es,heroína,altered
ru,героический,es,heroico,transparent
ru,герой,es,héroe,altered
ru,гетеросексуальный,es,heterosexual,transparent
ru,гибрид,es,híbrido,altered
ru,гибридный,es,híbrido,transparent
ru,гиг,es,giga,altered
ru,гигант,es,gigante,altered
ru,гигантский,es,gigantesco,altered
ru,гигиена,es,higiene,altered
ru,гигиенический,es,higiénico,transparent
ru,гид,es,guía,altered
ru,гидравлика,es,hidráulica,altered
ru,гидравлический,es,hidráulico,altered
ru,гимназия,es,gimnasio,altered
ru,гимнастика,es,gimnasia,altered
ru,гинеколог,es,ginecólogo,altered
ru,гипертензия,es,hipertensión,altered
ru,гипотеза,es,hipótesis,altered
ru,гипотетический,es,hipotético,altered
ru,гиппопотам,es,hipopótamo,altered
ru,гитара,es,guitarra,altered
ru,гитарист,es,guitarrista,altered
ru,гладиатор,es,gladiador,altered
ru,глобализация,es,globalización,transparent
ru,глобальный,es,global,transparent
ru,глория,es,gloria,altered
ru,глюкоза,es,glucosa,transparent
ru,глютен,es,gluten,altered
ru,голландский,es,holandés,transparent
ru,гольф,es,golf,transparent
ru,гомосексуальность,es,homosexualidad,transparent
ru,гомофобия,es,homofobia,transparent
ru,гонг,es,gong,transparent
ru,гонорар,es,honorario,altered
ru,горизонтальный,es,horizontal,altered
ru,горилла,es,gorila,transparent
ru,гормон,es,hormona,altered
ru,гормональный,es,hormonal,altered
ru,госпиталь,es,hospital,altered
ru,гравитационный,es,gravitacional,transparent
ru,гравитация,es,gravitación,transparent
ru,градус,es,grado,altered
ru,грамм,es,gramo,altered
ru,грамматика,es,gramática,transparent
ru,грамматический,es,gramatical,altered
ru,гран,es,gran,transparent
ru,гранд,es,grande,altered
ru,грандиозный,es,grandioso,transparent
ru,гранит,es,granito,altered
ru,грант,es,grant,transparent
ru,график,es,gráfico,altered
ru,графика,es,gráfica,transparent
ru,графический,es,gráfico,altered
ru,граффити,es,graffiti,transparent
ru,гриль,es,grill,transparent
ru,гринго,es,gringo,transparent
ru,грипп,es,gripe,altered
ru,грот,es,gruta,altered
ru,гротеск,es,grotesco,altered
ru,группировка,es,agrupación,altered
ru,гуманизм,es,humanismo,altered
ru,гуманитарный,es,humanitario,altered
ru,гуру,es,gurú,transparent
ru,давид,es,david,transparent
ru,дакота,es,dakota,transparent
ru,дама,es,dama,transparent
ru,дамаск,es,damasco,altered
ru,дамиан,es,damián,transparent
ru,данте,es,dante,transparent
ru,дарвин,es,darwin,transparent
ru,датировать,es,datar,transparent
ru,дебаты,es,debate,transparent
ru,дебют,es,debut,transparent
ru,дебютировать,es,debutar,transparent
ru,девальвация,es,devaluación,transparent
ru,деградация,es,degradación,transparent
ru,деградировать,es,degradar,altered
ru,дедукция,es,deducción,altered
ru,декада,es,década,transparent
ru,декан,es,decano,altered
ru,декларация,es,declaración,transparent
ru,декларировать,es,declarar,transparent
ru,декоративный,es,decorativo,transparent
ru,декорация,es,decoración,transparent
ru,декрет,es,decreto,transparent
ru,делегат,es,delegado,altered
ru,делегация,es,delegación,transparent
ru,делегировать,es,delegar,altered
ru,дельта,es,delta,transparent
ru,дельфин,es,delfín,altered
ru,демагогия,es,demagogia,transparent
ru,демаркация,es,demarcación,transparent
ru,демо,es,demo,transparent
ru,демографический,es,demográfico,transparent
ru,демократ,es,demócrata,transparent
ru,демократизация,es,democratización,transparent
ru,демократия,es,democracia,transparent
ru,демон,es,demonio,altered
ru,демонстрация,es,demostración,altered
ru,демонстрировать,es,demostrar,altered
ru,департамент,es,departamento,altered
ru,депозит,es,depósito,altered
ru,депортация,es,deportación,transparent
ru,депрессия,es,depresión,transparent
ru,депутат,es,diputado,altered
ru,дерби,es,derbi,transparent
ru,деструктивный,es,destructivo,altered
ru,деталь,es,detalle,transparent
ru,детальный,es,detallar,altered
ru,детектив,es,detective,transparent
ru,детектор,es,detector,transparent
ru,детонатор,es,detonador,transparent
ru,детройт,es,detroit,transparent
ru,дефект,es,defecto,altered
ru,дефицит,es,déficit,transparent
ru,деформация,es,deformación,transparent
ru,децентрализация,es,descentralización,altered
ru,джаз,es,jazz,transparent
ru,джакарта,es,yakarta,transparent
ru,джакузи,es,jacuzzi,transparent
ru,дженнифер,es,jennifer,altered
ru,джентльмен,es,gentleman,transparent
ru,джим,es,jim,altered
ru,джимми,es,jimmy,transparent
ru,джинсы,es,jeans,transparent
ru,джип,es,jeep,altered
ru,джокер,es,joker,transparent
ru,джон,es,john,transparent
ru,джунгли,es,jungla,altered
ru,дзэн,es,zen,altered
ru,дзюдо,es,judo,altered
ru,диабет,es,diabetes,altered
ru,диагноз,es,diagnóstico,altered
ru,диагностик,es,diagnóstico,altered
ru,диагностировать,es,diagnosticar,altered
ru,диагностический,es,diagnóstico,altered
ru,диагональ,es,diagonal,transparent
ru,диаграмма,es,diagrama,altered
ru,диалект,es,dialecto,transparent
ru,диалог,es,diálogo,transparent
ru,диамант,es,diamante,transparent
ru,диаметр,es,diámetro,transparent
ru,диана,es,diana,transparent
ru,диапазон,es,diapasón,altered
ru,диван,es,diván,transparent
ru,диверсификация,es,diversificación,transparent
ru,дивертисмент,es,divertir,altered
ru,дивизион,es,división,altered
ru,дивизия,es,división,altered
ru,диво,es,diva,transparent
ru,дидактический,es,didáctico,transparent
ru,диджей,es,dj,transparent
ru,диета,es,dieta,transparent
ru,дизайнер,es,diseñador,altered
ru,дизель,es,diesel,transparent
ru,дизельный,es,diésel,altered
ru,диктант,es,dictado,altered
ru,диктатор,es,dictador,transparent
ru,диктатура,es,dictadura,transparent
ru,дилемма,es,dilema,altered
ru,динамизм,es,dinamismo,transparent
ru,динамит,es,dinamita,transparent
ru,динамический,es,dinámico,altered
ru,динамо,es,dinamo,transparent
ru,династия,es,dinastía,transparent
ru,динозавр,es,dinosaurio,altered
ru,диоксид,es,dióxido,transparent
ru,диплом,es,diploma,altered
ru,дипломат,es,diplomático,altered
ru,дипломатический,es,diplomático,altered
ru,дипломатия,es,diplomacia,altered
ru,дипломировать,es,diplomado,altered
ru,директива,es,directiva,transparent
ru,директор,es,director,transparent
ru,директория,es,directorio,transparent
ru,дирекция,es,dirección,altered
ru,диск,es,disco,transparent
ru,дискотека,es,discoteca,transparent
ru,дискретный,es,discreto,transparent
ru,дискриминация,es,discriminación,altered
ru,дискуссия,es,discusión,transparent
ru,дискутировать,es,discutir,altered
ru,дислокация,es,dislocación,transparent
ru,дисперсия,es,dispersión,transparent
ru,диспетчер,es,despachador,altered
ru,диспут,es,disputa,transparent
ru,диссертация,es,disertación,altered
ru,диссидент,es,disidente,altered
ru,дистанционный,es,distancia,altered
ru,дистанция,es,distancia,transparent
ru,дистрибьютор,es,distribuidor,altered
ru,дистрикт,es,distrito,transparent
ru,дисциплина,es,disciplina,transparent
ru,дисциплинарный,es,disciplinario,transparent
ru,дисциплинировать,es,disciplinar,altered
ru,дифференциал,es,diferencial,transparent
ru,дифференциальный,es,diferencial,transparent
ru,дог,es,dogo,transparent
ru,догма,es,dogma,transparent
ru,доисторический,es,prehistórico,transparent
ru,доктрина,es,doctrina,transparent
ru,документ,es,documento,altered
ru,документация,es,documentación,transparent
ru,документировать,es,documentar,transparent
ru,долина,es,dolina,transparent
ru,доллар,es,dólar,transparent
ru,домен,es,dominio,transparent
ru,доминанта,es,dominante,transparent
ru,доминиканский,es,dominicano,altered
ru,доминировать,es,dominar,altered
ru,домино,es,dominó,transparent
ru,дон,es,don,transparent
ru,дональд,es,donald,transparent
ru,донор,es,donante,altered
ru,допинг,es,dopaje,altered
ru,досье,es,dosier,transparent
ru,доцент,es,docente,altered
ru,драйвер,es,driver,transparent
ru,дракон,es,dragón,altered
ru,драма,es,drama,transparent
ru,драматический,es,dramática,altered
ru,драматург,es,dramaturgo,altered
ru,драматургия,es,dramaturgia,transparent
ru,дрон,es,drones,transparent
ru,друид,es,druida,transparent
ru,дублировать,es,duplicar,altered
ru,дубль,es,doble,altered
ru,дуо,es,duo,transparent
ru,дуэль,es,duelo,transparent
ru,дэвид,es,david,transparent
ru,дэнни,es,danny,transparent
ru,дюна,es,duna,transparent
ru,ева,es,eva,transparent
ru,евангелие,es,evangelio,transparent
ru,евангелист,es,evangelista,altered
ru,евгений,es,eugene,altered
ru,евразия,es,eurasia,transparent
ru,евро,es,euro,transparent
ru,евровидение,es,eurovisión,transparent
ru,европа,es,europa,transparent
ru,европеец,es,europeo,altered
ru,европейский,es,europeo,altered
ru,евхаристия,es,eucaristía,transparent
ru,египет,es,egipto,altered
ru,елена,es,elena,transparent
ru,елизавета,es,isabel,altered
ru,ереван,es,ereván,transparent
ru,ересь,es,herejía,altered
ru,жандармерия,es,gendarmería,transparent
ru,жасмина,es,jazmín,altered
ru,желатина,es,gelatina,transparent
ru,жест,es,gesto,altered
ru,жираф,es,jirafa,transparent
ru,заблокировать,es,bloquear,altered
ru,зенит,es,cenit,altered
ru,зеро,es,zero,transparent
ru,зет,es,zeta,transparent
ru,зомби,es,zombi,transparent
ru,зона,es,zona,transparent
ru,зонд,es,sonda,altered
ru,зоо,es,zoo,transparent
ru,зоологический,es,zoológico,altered
ru,зум,es,zoom,transparent
ru,игорь,es,igor,transparent
ru,игуана,es,iguana,transparent
ru,идеал,es,ideal,transparent
ru,идеализировать,es,idealizar,altered
ru,идеалист,es,idealista,transparent
ru,идеальный,es,ideal,transparent
ru,идентификация,es,identificación,altered
ru,идентифицировать,es,identificar,transparent
ru,идентичность,es,identidad,altered
ru,идентичный,es,idéntico,altered
ru,идеологический,es,ideológico,altered
ru,идеология,es,ideología,transparent
ru,идея,es,idea,transparent
ru,идиот,es,idiota,altered
ru,идиотка,es,idiota,transparent
ru,идол,es,ídolo,transparent
ru,иезуит,es,jesuita,transparent
ru,иерархия,es,jerarquía,transparent
ru,израильский,es,israelí,transparent
ru,израильтянин,es,israelita,altered
ru,икона,es,icono,altered
ru,иллюзия,es,ilusión,altered
ru,иллюминация,es,iluminación,transparent
ru,иллюстратор,es,ilustrador,altered
ru,иллюстрация,es,ilustración,transparent
ru,иллюстрировать,es,ilustrar,altered
ru,имам,es,imán,altered
ru,имитация,es,imitación,transparent
ru,имитировать,es,imitar,altered
ru,иммигрант,es,inmigrante,altered
ru,иммиграция,es,inmigración,transparent
ru,иммунный,es,inmune,altered
ru,импакт,es,impacto,transparent
ru,император,es,emperador,altered
ru,императрица,es,emperatriz,altered
ru,империал,es,imperar,altered
ru,империализм,es,imperialismo,transparent
ru,империя,es,imperio,altered
ru,имперский,es,imperial,altered
ru,имплантация,es,implantación,transparent
ru,импорт,es,importación,altered
ru,импортёр,es,importador,altered
ru,импотенция,es,impotencia,transparent
ru,импровизация,es,improvisación,transparent
ru,импульс,es,impulso,altered
ru,импульсивный,es,impulsivo,altered
ru,инвалид,es,inválido,transparent
ru,инвентарь,es,inventario,transparent
ru,инвестиционный,es,inversión,altered
ru,инвестиция,es,inversión,altered
ru,инвестор,es,inversor,altered
ru,ингибитор,es,inhibidor,altered
ru,ингредиент,es,ingrediente,transparent
ru,индеец,es,indio,altered
ru,индекс,es,índice,transparent
ru,индивидуально,es,individualmente,transparent
ru,индивидуальность,es,individualidad,transparent
ru,индивидуальный,es,individual,transparent
ru,индикатор,es,indicador,transparent
ru,индия,es,indio,transparent
ru,индонезийский,es,indonesio,altered
ru,индонезия,es,indonesio,transparent
ru,индукция,es,inducción,transparent
ru,индустриализация,es,industrialización,altered
ru,индустриальный,es,industrial,transparent
ru,индустрия,es,industria,transparent
ru,инерция,es,inercia,transparent
ru,инженер,es,ingeniero,transparent
ru,инженерия,es,ingeniería,transparent
ru,инициал,es,inicial,altered
ru,инициатива,es,iniciativa,transparent
ru,инициатор,es,iniciador,altered
ru,инициация,es,iniciación,transparent
ru,инициировать,es,iniciador,altered
ru,инквизиция,es,inquisición,transparent
ru,инкогнито,es,incógnita,transparent
ru,инновационный,es,innovador,altered
ru,инновация,es,innovación,transparent
ru,инспектировать,es,inspeccionar,altered
ru,инспектор,es,inspector,transparent
ru,инспекция,es,inspección,altered
ru,инстаграм,es,instagram,transparent
ru,инстанция,es,instancia,transparent
ru,инстинкт,es,instinto,transparent
ru,институт,es,instituto,transparent
ru,институциональный,es,institucional,transparent
ru,институция,es,institución,transparent
ru,инструктор,es,instructor,transparent
ru,инструмент,es,instrumento,altered
ru,инсулин,es,insulina,altered
ru,интеграл,es,integral,transparent
ru,интеграция,es,integración,transparent
ru,интеллект,es,intelecto,altered
ru,интеллектуал,es,intelectual,transparent
ru,интеллектуальный,es,intelectual,transparent
ru,интеллигентный,es,inteligente,transparent
ru,интендант,es,intendente,altered
ru,интенсивность,es,intensidad,altered
ru,интенсивный,es,intensivo,transparent
ru,интенсифицировать,es,intensificar,altered
ru,интерактивный,es,interactivo,altered
ru,интервал,es,intervalo,transparent
ru,интервенция,es,intervención,transparent
ru,интерес,es,interés,transparent
ru,интересный,es,interesante,transparent
ru,интересовать,es,interesar,altered
ru,интернат,es,internado,altered
ru,интернационал,es,internacional,transparent
ru,интернациональный,es,internacional,transparent
ru,интернет,es,internet,transparent
ru,интерпол,es,interpol,transparent
ru,интерпретация,es,interpretación,transparent
ru,интерфейс,es,interfaz,altered
ru,интерференция,es,interferencia,transparent
ru,интерьер,es,interior,transparent
ru,интим,es,íntima,transparent
ru,интимность,es,intimidad,transparent
ru,интимный,es,íntimo,transparent
ru,интоксикация,es,intoxicación,transparent
ru,интонация,es,entonación,transparent
ru,интрига,es,intriga,transparent
ru,интриговать,es,intrigar,altered
ru,интро,es,intro,transparent
ru,интродукция,es,introducción,altered
ru,интуитивный,es,intuitivo,transparent
ru,интуиция,es,intuición,altered
ru,инфант,es,infante,transparent
ru,инфантерия,es,infantería,transparent
ru,инфантильный,es,infantil,altered
ru,инфаркт,es,infarto,transparent
ru,инфекция,es,infección,transparent
ru,инфицировать,es,infectar,altered
ru,инфляция,es,inflación,altered
ru,инфо,es,info,transparent
ru,информатика,es,informática,transparent
ru,информационно,es,informacional,transparent
ru,информация,es,información,transparent
ru,информировать,es,informar,altered
ru,инфраструктура,es,infraestructura,transparent
ru,инцест,es,incesto,altered
ru,инцидент,es,incidente,transparent
ru,инъекция,es,inyección,transparent
ru,ион,es,ion,transparent
ru,ипотека,es,hipoteca,altered
ru,ипотечный,es,hipotecario,altered
ru,ирак,es,irak,transparent
ru,иранский,es,iraní,transparent
ru,ирина,es,irina,transparent
ru,ирис,es,iris,transparent
ru,ирландия,es,irlanda,transparent
ru,ирландский,es,irlandés,altered
ru,ироничный,es,irónico,transparent
ru,ирония,es,ironía,transparent
ru,ислам,es,islam,transparent
ru,исламист,es,islamista,altered
ru,испано,es,hispano,transparent
ru,истерический,es,histérico,transparent
ru,истерия,es,histeria,altered
ru,историк,es,historiador,altered
ru,историко,es,historico,transparent
ru,историограф,es,historiador,altered
ru,историография,es,historiografía,transparent
ru,исторически,es,históricamente,altered
ru,исторический,es,histórico,altered
ru,история,es,historia,transparent
ru,италия,es,italia,transparent
ru,итальянец,es,italiano,altered
ru,июль,es,julio,transparent
ru,йемен,es,yemen,transparent
ru,йена,es,yen,transparent
ru,йог,es,yoga,transparent
ru,йогурт,es,yogur,altered
ru,йод,es,yodo,altered
ru,кабаре,es,cabaret,transparent
ru,кабель,es,cable,altered
ru,кабельный,es,cable,altered
ru,кабина,es,cabina,transparent
ru,кабинет,es,gabinete,altered
ru,кабинка,es,cabaña,altered
ru,кава,es,cava,transparent
ru,кавалер,es,caballero,altered
ru,кавалерия,es,caballería,transparent
ru,кавер,es,cover,transparent
ru,кавказский,es,caucásico,altered
ru,кадет,es,cadete,transparent
ru,казак,es,cosaco,altered
ru,казино,es,casino,transparent
ru,каир,es,cairo,altered
ru,кай,es,kai,transparent
ru,кайзер,es,kaiser,transparent
ru,какао,es,cacao,transparent
ru,кактус,es,cactus,transparent
ru,календарь,es,calendario,altered
ru,калибр,es,calibre,altered
ru,калифорнийский,es,californiano,altered
ru,калифорния,es,california,altered
ru,калория,es,caloría,transparent
ru,калькулятор,es,calculadora,altered
ru,кальмар,es,calamar,altered
ru,камерный,es,camerino,altered
ru,кампания,es,campaña,altered
ru,кампус,es,campus,transparent
ru,камуфляж,es,camuflaje,altered
ru,канада,es,canadá,transparent
ru,канадский,es,canadiense,transparent
ru,канал,es,canal,transparent
ru,канализация,es,canalización,transparent
ru,кандидат,es,candidato,transparent
ru,кандидатура,es,candidatura,transparent
ru,канин,es,canino,transparent
ru,каннабис,es,cannabis,transparent
ru,каноник,es,canónigo,altered
ru,канонический,es,canónico,transparent
ru,каноэ,es,canoa,altered
ru,кантор,es,cantor,transparent
ru,канцелярия,es,cancillería,altered
ru,канцлер,es,canciller,altered
ru,каньон,es,canyon,altered
ru,капелла,es,capilla,altered
ru,капитал,es,capital,altered
ru,капитализация,es,capitalización,transparent
ru,капитализм,es,capitalismo,altered
ru,капиталист,es,capitalista,transparent
ru,капитальный,es,capital,altered
ru,капитан,es,capitán,transparent
ru,капот,es,capot,transparent
ru,капсула,es,cápsula,transparent
ru,карабинер,es,carabinero,altered
ru,караван,es,caravana,transparent
ru,карантин,es,cuarentena,altered
ru,караоке,es,karaoke,transparent
ru,карбон,es,carbon,transparent
ru,кардинал,es,cardenal,altered
ru,кардинальный,es,cardinal,transparent
ru,кардиология,es,cardiología,transparent
ru,карета,es,carreta,altered
ru,карибский,es,caribeño,altered
ru,карикатура,es,caricatura,transparent
ru,каркас,es,carcasa,altered
ru,карлос,es,carlos,transparent
ru,карма,es,karma,transparent
ru,карнавал,es,carnaval,transparent
ru,карри,es,curry,altered
ru,карта,es,carta,transparent
ru,картель,es,cártel,transparent
ru,картер,es,cárter,transparent
ru,картография,es,cartografía,transparent
ru,картонный,es,cartón,transparent
ru,карусель,es,carrusel,transparent
ru,кас,es,casa,transparent
ru,каскад,es,cascada,altered
ru,каспийский,es,caspio,transparent
ru,кассета,es,casete,altered
ru,кастинг,es,casting,transparent
ru,кастор,es,castor,transparent
ru,катализатор,es,catalizador,altered
ru,каталог,es,catálogo,transparent
ru,катамаран,es,catamarán,transparent
ru,катастрофа,es,catástrofe,transparent
ru,катастрофический,es,catastrófico,altered
ru,категорический,es,categórico,transparent
ru,категория,es,categoría,transparent
ru,катерина,es,catalina,altered
ru,католик,es,católico,altered
ru,католицизм,es,catolicismo,transparent
ru,католический,es,católico,altered
ru,кафе,es,café,transparent
ru,кафедра,es,catedral,altered
ru,кафетерий,es,cafetería,transparent
ru,квадрат,es,cuadrado,altered
ru,квалификация,es,calificación,altered
ru,квалифицировать,es,calificar,altered
ru,квантовый,es,cuántico,altered
ru,кварк,es,quark,transparent
ru,квартет,es,cuarteto,altered
ru,квест,es,quest,transparent
ru,квир,es,queer,transparent
ru,квота,es,cuota,transparent
ru,кейт,es,kate,transparent
ru,кекс,es,cake,transparent
ru,келли,es,kelly,transparent
ru,кемпинг,es,camping,transparent
ru,кентавр,es,centauro,altered
ru,керамика,es,cerámica,altered
ru,керамический,es,cerámico,altered
ru,кесарев,es,cesárea,altered
ru,кибер,es,cyber,altered
ru,киллер,es,killer,transparent
ru,кило,es,kilo,transparent
ru,килограмм,es,kilogramo,altered
ru,километр,es,kilómetro,transparent
ru,кинг,es,king,transparent
ru,кинематограф,es,cinematógrafo,altered
ru,кинематографист,es,cinematógrafo,altered
ru,кино,es,cine,altered
ru,киоск,es,kiosco,altered
ru,кириллица,es,cirílico,altered
ru,клан,es,clan,transparent
ru,клара,es,clara,transparent
ru,класс,es,clase,altered
ru,классификация,es,clasificación,altered
ru,классический,es,clásico,altered
ru,кластер,es,clúster,transparent
ru,клиент,es,cliente,transparent
ru,клик,es,clic,transparent
ru,климат,es,clima,altered
ru,климатический,es,climático,altered
ru,клиника,es,clínica,transparent
ru,клинический,es,clínico,transparent
ru,клип,es,clip,transparent
ru,клише,es,cliché,transparent
ru,клоака,es,cloaca,transparent
ru,клон,es,clon,transparent
ru,клонировать,es,clonar,altered
ru,клоун,es,clown,transparent
ru,клуб,es,club,transparent
ru,коалиция,es,coalición,transparent
ru,кобра,es,cobra,transparent
ru,когнитивный,es,cognitivo,transparent
ru,код,es,código,transparent
ru,кодекс,es,código,altered
ru,кодификация,es,codificación,altered
ru,кожин,es,cojín,altered
ru,кокаин,es,cocaína,altered
ru,кокос,es,coco,altered
ru,кокосовый,es,cocotero,altered
ru,кола,es,cola,transparent
ru,колизей,es,coliseo,altered
ru,коллаген,es,colágeno,transparent
ru,коллаж,es,collage,transparent
ru,коллапс,es,colapso,altered
ru,коллега,es,colega,altered
ru,коллегия,es,colegiata,altered
ru,коллектив,es,colectivo,altered
ru,коллективный,es,colectivo,altered
ru,коллектор,es,colector,altered
ru,коллекция,es,colección,altered
ru,коллизия,es,colisión,altered
ru,коллоквиум,es,coloquio,altered
ru,колониальный,es,colonial,altered
ru,колонизация,es,colonización,transparent
ru,колонизировать,es,colonizar,altered
ru,колония,es,colonia,transparent
ru,колорит,es,colorido,altered
ru,колоритный,es,colorido,altered
ru,колоссальный,es,colosal,altered
ru,колумнист,es,columnista,transparent
ru,команда,es,comandante,altered
ru,командир,es,comandante,altered
ru,командовать,es,comandar,altered
ru,комбинация,es,combinación,altered
ru,комбинировать,es,combinar,altered
ru,комедиант,es,comediante,transparent
ru,комедия,es,comedia,transparent
ru,комендант,es,comandante,altered
ru,комета,es,cometa,transparent
ru,комик,es,cómico,transparent
ru,комикс,es,cómic,transparent
ru,комиссар,es,comisario,altered
ru,комиссионер,es,comisionado,altered
ru,комиссия,es,comisión,altered
ru,комитет,es,comité,transparent
ru,комментарий,es,comentario,altered
ru,комментатор,es,comentador,transparent
ru,комментировать,es,comentar,altered
ru,коммерсант,es,comerciante,altered
ru,коммерческий,es,comercial,altered
ru,коммодор,es,comodoro,altered
ru,коммуна,es,comuna,altered
ru,коммунальный,es,común,transparent
ru,коммунизм,es,comunismo,altered
ru,коммуникативный,es,comunicativo,altered
ru,коммуникатор,es,comunicador,transparent
ru,коммуникация,es,comunicación,altered
ru,коммунист,es,comunista,altered
ru,коммунистический,es,comunista,altered
ru,компактный,es,compacto,altered
ru,компания,es,compañía,altered
ru,компас,es,compás,altered
ru,компенсация,es,compensación,transparent
ru,компенсировать,es,compensar,altered
ru,компетентный,es,competente,altered
ru,компетенция,es,competencia,transparent
ru,компиляция,es,compilación,altered
ru,комплекс,es,complejo,altered
ru,комплексный,es,complejo,altered
ru,комплектовать,es,completar,transparent
ru,комплимент,es,cumplido,altered
ru,композитор,es,compositor,transparent
ru,композиция,es,composición,transparent
ru,компонент,es,componente,altered
ru,компромисс,es,compromiso,altered
ru,компьютер,es,computador,altered
ru,комфортабельный,es,confortable,altered
ru,комфортный,es,confortable,altered
ru,конвент,es,convento,transparent
ru,конвенция,es,convenio,altered
ru,конвергенция,es,convergencia,altered
ru,конверсия,es,conversión,transparent
ru,конвой,es,convoy,altered
ru,конгломерат,es,conglomerado,altered
ru,конгресс,es,congreso,transparent
ru,конденсировать,es,condensar,altered
ru,конкретно,es,concretamente,transparent
ru,конкретный,es,concreto,transparent
ru,конкуренция,es,concurrencia,altered
ru,конкурировать,es,concurrir,altered
ru,конкурс,es,concurso,altered
ru,конкурсный,es,concurso,altered
ru,коннектор,es,conector,transparent
ru,консервативный,es,conservador,altered
ru,консерватор,es,conservador,altered
ru,консерватория,es,conservatorio,altered
ru,консервация,es,conservación,transparent
ru,консервы,es,conserva,altered
ru,консистенция,es,consistencia,transparent
ru,консолидация,es,consolidación,transparent
ru,консолидировать,es,consolidar,altered
ru,консоль,es,consola,transparent
ru,консорциум,es,consorcio,altered
ru,констатировать,es,constar,altered
ru,конституция,es,constitución,transparent
ru,конструктивный,es,constructivo,transparent
ru,конструктор,es,constructor,transparent
ru,конструкция,es,construcción,transparent
ru,консул,es,cónsul,transparent
ru,консульский,es,consular,altered
ru,консульство,es,consulado,altered
ru,консультант,es,consultor,altered
ru,консультативный,es,consultivo,transparent
ru,контакт,es,contacto,altered
ru,контактный,es,contacto,transparent
ru,контейнер,es,contenedor,altered
ru,контекст,es,contexto,transparent
ru,контингент,es,contingente,transparent
ru,континент,es,continente,transparent
ru,континентальный,es,continental,transparent
ru,континуум,es,continuo,altered
ru,контра,es,contra,transparent
ru,контрабанда,es,contrabando,transparent
ru,контракт,es,contrato,transparent
ru,контраст,es,contraste,altered
ru,контратака,es,contraatacar,altered
ru,контрибуция,es,contribuir,altered
ru,контролировать,es,controlar,altered
ru,контролироваться,es,controlar,transparent
ru,контроллер,es,controlador,altered
ru,контроль,es,control,transparent
ru,контролёр,es,controlador,altered
ru,контры,es,contra,transparent
ru,контур,es,contorno,altered
ru,конус,es,cono,transparent
ru,конфедерация,es,confederación,transparent
ru,конференция,es,conferencia,transparent
ru,конфигурация,es,configuración,transparent
ru,конфиденциальный,es,confidencial,transparent
ru,конфискация,es,confiscación,transparent
ru,конфисковать,es,confiscar,transparent
ru,конфликт,es,conflicto,altered
ru,конфронтация,es,confrontación,transparent
ru,концентрация,es,concentración,transparent
ru,концентрировать,es,concentrar,altered
ru,концентрироваться,es,concentrarse,altered
ru,концепт,es,concepto,transparent
ru,концептуальный,es,conceptual,transparent
ru,концепция,es,concepto,transparent
ru,концерт,es,concierto,altered
ru,концертный,es,concierto,altered
ru,концессия,es,concesión,transparent
ru,коньяк,es,coñac,transparent
ru,кооператив,es,cooperativa,transparent
ru,кооперативный,es,cooperativo,altered
ru,кооперация,es,cooperación,transparent
ru,координата,es,coordenada,altered
ru,координатор,es,coordinador,transparent
ru,координация,es,coordinación,altered
ru,координировать,es,coordinar,transparent
ru,копировать,es,copiar,altered
ru,копия,es,copia,transparent
ru,коралл,es,coral,transparent
ru,коран,es,corán,altered
ru,корея,es,korea,transparent
ru,коридор,es,corredor,altered
ru,корнер,es,corner,transparent
ru,корона,es,corona,transparent
ru,корпоративный,es,corporativo,transparent
ru,корпорация,es,corporación,transparent
ru,корректив,es,correctivo,transparent
ru,корректировать,es,corregir,altered
ru,корректировка,es,corrección,altered
ru,корректный,es,correcto,altered
ru,корректор,es,corrector,altered
ru,коррекция,es,corrección,transparent
ru,корреляция,es,correlación,transparent
ru,корреспондент,es,corresponsal,altered
ru,корреспонденция,es,correspondencia,altered
ru,коррупция,es,corrupción,transparent
ru,кортина,es,cortina,transparent
ru,косметика,es,cosmética,altered
ru,косметический,es,cosmético,altered
ru,космический,es,cósmico,transparent
ru,космонавт,es,cosmonauta,altered
ru,космополит,es,cosmopolita,transparent
ru,космос,es,cosmos,transparent
ru,кофе,es,café,altered
ru,кофеин,es,cafeína,altered
ru,краснодар,es,krasnodar,transparent
ru,кратер,es,cráter,transparent
ru,крах,es,crack,transparent
ru,краш,es,crash,transparent
ru,креативность,es,creatividad,transparent
ru,креативный,es,creativo,transparent
ru,кредит,es,crédito,transparent
ru,кредитный,es,crediticio,altered
ru,кредитование,es,crédito,altered
ru,кредитор,es,acreedor,altered
ru,кредо,es,credo,transparent
ru,кремль,es,kremlin,transparent
ru,кризис,es,crisis,transparent
ru,криминальный,es,criminal,altered
ru,кристалл,es,cristal,altered
ru,кристаллический,es,cristalino,altered
ru,кристиан,es,cristiano,altered
ru,критерий,es,criterio,transparent
ru,критиковать,es,criticar,altered
ru,критически,es,críticamente,altered
ru,критический,es,crítico,altered
ru,крокодил,es,cocodrilo,altered
ru,крона,es,corona,altered
ru,кросс,es,cross,transparent
ru,круиз,es,crucero,altered
ru,крэк,es,crack,transparent
ru,ксенофобия,es,xenofobia,transparent
ru,куб,es,cubo,altered
ru,кубинский,es,cubano,altered
ru,кубический,es,cúbico,transparent
ru,кулинарный,es,culinario,transparent
ru,кульминация,es,culminación,transparent
ru,культ,es,culto,altered
ru,культовый,es,culto,altered
ru,культура,es,cultura,transparent
ru,культурный,es,cultural,transparent
ru,купе,es,coupé,altered
ru,купол,es,cúpula,altered
ru,купон,es,cupón,transparent
ru,куратор,es,curador,transparent
ru,курд,es,kurdo,altered
ru,курс,es,curso,altered
ru,кэш,es,cash,transparent
ru,лабиринт,es,laberinto,altered
ru,лаборатория,es,laboratorio,altered
ru,лабораторный,es,laboratorio,altered
ru,лава,es,lava,transparent
ru,лазер,es,láser,transparent
ru,лазерный,es,láser,altered
ru,лайк,es,like,transparent
ru,лайнер,es,liner,transparent
ru,лактация,es,lactancia,transparent
ru,лактоза,es,lactosa,transparent
ru,лама,es,lama,transparent
ru,лампа,es,lámpara,transparent
ru,лампочка,es,lámpara,altered
ru,ланч,es,lunch,transparent
ru,ланча,es,lancha,transparent
ru,латентный,es,latente,transparent
ru,латынь,es,latín,transparent
ru,лауреат,es,laureado,altered
ru,легализация,es,legalización,transparent
ru,легализовать,es,legalizar,transparent
ru,легально,es,legalmente,transparent
ru,легальность,es,legalidad,transparent
ru,легальный,es,legal,transparent
ru,легенда,es,leyenda,altered
ru,легендарный,es,legendario,transparent
ru,легион,es,legión,transparent
ru,легионер,es,legionario,altered
ru,леди,es,lady,transparent
ru,лейборист,es,laborista,altered
ru,лейкемия,es,leucemia,altered
ru,лексика,es,léxico,transparent
ru,лектор,es,lector,transparent
ru,лекция,es,lección,altered
ru,лема,es,lema,transparent
ru,лео,es,leo,transparent
ru,леон,es,león,transparent
ru,леонардо,es,leonardo,transparent
ru,леопард,es,leopardo,transparent
ru,лесбиянка,es,lesbiana,transparent
ru,летальный,es,letal,altered
ru,либерал,es,liberal,transparent
ru,либерализм,es,liberalismo,transparent
ru,либеральный,es,liberal,altered
ru,либретто,es,libreto,transparent
ru,ливанский,es,libanés,altered
ru,ливерпуль,es,liverpool,transparent
ru,лига,es,liga,transparent
ru,лидер,es,líder,transparent
ru,лидерство,es,liderazgo,altered
ru,ликвидатор,es,liquidador,transparent
ru,ликвидация,es,liquidación,transparent
ru,ликвидировать,es,liquidar,altered
ru,ликёр,es,licor,transparent
ru,лимит,es,límite,altered
ru,лимон,es,limón,transparent
ru,лимонный,es,limonero,altered
ru,лингвист,es,lingüista,altered
ru,лингвистика,es,lingüística,altered
ru,лингвистический,es,lingüístico,transparent
ru,линейный,es,lineal,altered
ru,линк,es,link,transparent
ru,лир,es,lira,transparent
ru,лирический,es,lírico,altered
ru,литератор,es,literato,transparent
ru,литература,es,literatura,transparent
ru,литературный,es,literario,altered
ru,литий,es,litio,transparent
ru,литр,es,litro,altered
ru,литургия,es,liturgia,transparent
ru,лицей,es,liceo,altered
ru,лицензия,es,licencia,transparent
ru,лобби,es,lobby,transparent
ru,логический,es,lógico,altered
ru,логотип,es,logo,altered
ru,локализация,es,localización,transparent
ru,локализовать,es,localizar,altered
ru,локальный,es,local,transparent
ru,локация,es,locación,transparent
ru,локомотив,es,locomotora,altered
ru,лорд,es,lord,transparent
ru,лот,es,lote,transparent
ru,лотерея,es,lotería,transparent
ru,лояльность,es,lealtad,altered
ru,лояльный,es,leal,altered
ru,луна,es,luna,transparent
ru,люкс,es,lux,transparent
ru,люминесцентный,es,luminoso,altered
ru,люцифер,es,lucifer,transparent
ru,мавзолей,es,mausoleo,transparent
ru,магистр,es,magister,altered
ru,магистраль,es,magistral,transparent
ru,магический,es,mágico,transparent
ru,магия,es,magia,altered
ru,магний,es,magnesio,altered
ru,магнитный,es,magnético,altered
ru,мадам,es,madame,transparent
ru,мадонна,es,madona,altered
ru,мадрид,es,madrid,transparent
ru,майонез,es,mayonesa,altered
ru,майор,es,mayor,transparent
ru,майя,es,maya,transparent
ru,макароны,es,macarrón,altered
ru,македония,es,macedonia,transparent
ru,макет,es,maqueta,altered
ru,макияж,es,maquillaje,altered
ru,макро,es,macro,transparent
ru,макс,es,máx,transparent
ru,макси,es,maxi,transparent
ru,максимальный,es,máximo,altered
ru,максимизировать,es,maximizar,altered
ru,максимум,es,máximo,altered
ru,малярия,es,malaria,transparent
ru,мама,es,mamá,transparent
ru,мамбо,es,mambo,transparent
ru,мамонт,es,mamut,transparent
ru,манга,es,manga,transparent
ru,мандарин,es,mandarina,altered
ru,мандат,es,mandato,transparent
ru,маникюр,es,manicura,altered
ru,манипулировать,es,manipular,altered
ru,манипулятор,es,manipulador,altered
ru,манипуляция,es,manipulación,transparent
ru,манифест,es,manifiesto,altered
ru,манифестация,es,manifestación,transparent
ru,мантия,es,mantilla,altered
ru,манускрипт,es,manuscrito,transparent
ru,мануфактура,es,manufactura,transparent
ru,мануэль,es,manuel,transparent
ru,манхеттен,es,manhattan,altered
ru,манчестер,es,mánchester,transparent
ru,маньяк,es,maníaco,altered
ru,манёвр,es,maniobra,altered
ru,марафон,es,maratón,altered
ru,маргарита,es,margarita,transparent
ru,маргинальный,es,marginal,altered
ru,маржа,es,margen,altered
ru,марина,es,marina,transparent
ru,марионетка,es,marioneta,transparent
ru,марихуана,es,marihuana,transparent
ru,мария,es,maría,transparent
ru,маркетинг,es,marketing,transparent
ru,маркиз,es,marqués,altered
ru,маркс,es,marx,transparent
ru,марксизм,es,marxismo,transparent
ru,марксист,es,marxista,transparent
ru,маркёр,es,marcador,altered
ru,мармелад,es,mermelada,altered
ru,март,es,marzo,altered
ru,марш,es,marcha,altered
ru,маршал,es,mariscal,altered
ru,маска,es,máscara,altered
ru,масон,es,masón,transparent
ru,масса,es,masa,transparent
ru,массаж,es,masaje,altered
ru,массив,es,masivo,altered
ru,массивный,es,masivo,altered
ru,мастер-класс,es,masterclass,transparent
ru,мастерство,es,maestría,altered
ru,мастурбация,es,masturbación,transparent
ru,мат,es,mate,altered
ru,матадор,es,matador,transparent
ru,математический,es,matemático,altered
ru,материал,es,material,transparent
ru,материально,es,materialmente,transparent
ru,материальный,es,material,altered
ru,материнский,es,maternal,altered
ru,материнство,es,maternidad,altered
ru,материя,es,materia,transparent
ru,матрица,es,matriz,altered
ru,матч,es,match,transparent
ru,мафия,es,mafia,transparent
ru,мачете,es,machete,transparent
ru,мачта,es,mástil,altered
ru,машина,es,máquina,altered
ru,мега,es,mega,transparent
ru,мегаполис,es,megalópolis,altered
ru,мегафон,es,megáfono,transparent
ru,медаль,es,medalla,altered
ru,медальон,es,medallón,transparent
ru,медиа,es,medio,transparent
ru,медиана,es,mediana,transparent
ru,медик,es,médico,altered
ru,медикамент,es,medicamento,altered
ru,медико,es,médico,transparent
ru,медитация,es,meditación,transparent
ru,медитировать,es,meditar,transparent
ru,медиум,es,médium,transparent
ru,медицина,es,medicina,transparent
ru,медуза,es,medusa,transparent
ru,мейл,es,mail,transparent
ru,мексика,es,méxico,transparent
ru,мексиканец,es,mexicano,altered
ru,меланхолия,es,melancolía,altered
ru,мелодический,es,melódico,transparent
ru,мелодия,es,melodía,transparent
ru,мелодрама,es,melodrama,transparent
ru,мем,es,meme,transparent
ru,мембрана,es,membrana,transparent
ru,меморандум,es,memorándum,transparent
ru,мемориал,es,memorial,transparent
ru,мемориальный,es,memorial,transparent
ru,менеджер,es,manager,altered
ru,менеджмент,es,management,altered
ru,менталитет,es,mentalidad,altered
ru,ментально,es,mentalmente,transparent
ru,ментальность,es,mentalidad,transparent
ru,ментальный,es,mental,transparent
ru,меню,es,menú,transparent
ru,меридиан,es,meridiano,transparent
ru,мессия,es,mesías,altered
ru,мета,es,meta,transparent
ru,метаболизм,es,metabolismo,transparent
ru,метаболический,es,metabólico,transparent
ru,металл,es,metal,transparent
ru,металлург,es,metalúrgico,altered
ru,металлургический,es,metalúrgico,transparent
ru,металлургия,es,metalurgia,transparent
ru,метан,es,metano,transparent
ru,метафизика,es,metafísica,transparent
ru,метафора,es,metáfora,altered
ru,метеорит,es,meteorito,altered
ru,метеорологический,es,meteorológico,transparent
ru,метеорология,es,meteorología,transparent
ru,методика,es,metodología,altered
ru,методист,es,metodista,altered
ru,методический,es,metodológico,altered
ru,методологический,es,metodológico,altered
ru,методология,es,metodología,transparent
ru,метр,es,metro,transparent
ru,метрика,es,métrica,transparent
ru,метро,es,metro,transparent
ru,метрополитен,es,metropolitano,altered
ru,метрополь,es,metrópolis,altered
ru,механизировать,es,mecanizado,altered
ru,механизм,es,mecanismo,transparent
ru,механический,es,mecánico,altered
ru,мечеть,es,mezquita,altered
ru,ми,es,mi,transparent
ru,мигрант,es,migrante,altered
ru,миграционный,es,migratorio,altered
ru,миграция,es,migración,transparent
ru,мигрень,es,migraña,transparent
ru,мигрировать,es,migrar,transparent
ru,мик,es,micrófono,transparent
ru,микро,es,micro,transparent
ru,микроорганизм,es,microorganismo,transparent
ru,микроскоп,es,microscopio,transparent
ru,микроскопический,es,microscópico,transparent
ru,микрофон,es,micrófono,transparent
ru,микс,es,mix,transparent
ru,милиция,es,milicia,transparent
ru,миллениум,es,milenio,altered
ru,миллиард,es,millardo,altered
ru,миллиграмм,es,miligramo,altered
ru,миллилитр,es,mililitro,altered
ru,миллиметр,es,milímetro,transparent
ru,миллион,es,millón,transparent
ru,миллионер,es,millonario,altered
ru,миллионный,es,millonésimo,altered
ru,миля,es,milla,altered
ru,мим,es,mimo,transparent
ru,мина,es,mina,transparent
ru,минерал,es,mineral,transparent
ru,минеральный,es,mineral,altered
ru,миниатюра,es,miniatura,transparent
ru,миниатюрный,es,miniatura,altered
ru,минимизировать,es,minimizar,transparent
ru,минимум,es,mínimo,transparent
ru,министерство,es,ministerio,altered
ru,министр,es,ministro,transparent
ru,минус,es,menos,transparent
ru,минута,es,minuto,transparent
ru,мисс,es,miss,transparent
ru,миссионер,es,misionero,transparent
ru,миссия,es,misión,transparent
ru,мистер,es,mister,transparent
ru,мистерия,es,misterio,transparent
ru,мистик,es,místico,transparent
ru,мистический,es,místico,transparent
ru,митинг,es,mitin,transparent
ru,мифический,es,mítico,altered
ru,мифологический,es,mitológico,transparent
ru,мифология,es,mitología,transparent
ru,михаил,es,miguel,altered
ru,мобилизация,es,movilización,altered
ru,мобилизовать,es,movilizar,altered
ru,мобиль,es,móvil,altered
ru,мода,es,moda,transparent
ru,модальность,es,modalidad,transparent
ru,моделирование,es,modelado,altered
ru,модель,es,modelo,transparent
ru,модератор,es,moderador,transparent
ru,модернизация,es,modernización,transparent
ru,модернизировать,es,modernizar,transparent
ru,модернизм,es,modernismo,transparent
ru,модернист,es,modernista,transparent
ru,модификация,es,modificación,transparent
ru,модифицировать,es,modificar,altered
ru,модуль,es,módulo,transparent
ru,мозаика,es,mosaico,altered
ru,молдавия,es,moldavia,transparent
ru,молекула,es,molécula,transparent
ru,молекулярный,es,molecular,transparent
ru,моллюск,es,molusco,altered
ru,моментальный,es,momentáneo,altered
ru,монарх,es,monarca,altered
ru,монархия,es,monarquía,transparent
ru,монгол,es,mongol,transparent
ru,монголия,es,mongolia,transparent
ru,монета,es,moneda,altered
ru,монетка,es,moneda,altered
ru,монитор,es,monitor,transparent
ru,мониторинг,es,monitorear,transparent
ru,монография,es,monografía,transparent
ru,монолог,es,monólogo,transparent
ru,монополия,es,monopolio,altered
ru,монреаль,es,montreal,transparent
ru,монстр,es,monstruo,altered
ru,монтировать,es,montar,altered
ru,монумент,es,monumento,altered
ru,монументальный,es,monumental,altered
ru,мораль,es,moral,transparent
ru,морально,es,moralmente,transparent
ru,моральный,es,moral,transparent
ru,мораторий,es,moratoria,altered
ru,морган,es,morgan,transparent
ru,мормон,es,mormón,transparent
ru,морфология,es,morfología,transparent
ru,москва,es,moscú,altered
ru,москит,es,mosquito,altered
ru,мотель,es,motel,transparent
ru,мотив,es,motivo,transparent
ru,мотивация,es,motivación,transparent
ru,мотивировать,es,motivar,altered
ru,мото,es,moto,transparent
ru,мотор,es,motor,transparent
ru,моторный,es,motriz,altered
ru,мотоцикл,es,motocicleta,altered
ru,мотоциклист,es,motociclista,altered
ru,мрамор,es,mármol,altered
ru,му,es,mu,transparent
ru,муза,es,musa,transparent
ru,музей,es,museo,altered
ru,музыка,es,música,altered
ru,мультимедиа,es,multimedia,altered
ru,мультимиллионер,es,multimillonario,altered
ru,мультипликатор,es,multiplicador,transparent
ru,муниципалитет,es,municipalidad,altered
ru,муниципальный,es,municipal,transparent
ru,мускулистый,es,musculoso,altered
ru,муссон,es,monzón,altered
ru,мусульманин,es,musulmán,altered
ru,мусульманский,es,musulmán,altered
ru,мутант,es,mutante,transparent
ru,мутация,es,mutación,transparent
ru,мюзикл,es,musical,altered
ru,навигатор,es,navegador,altered
ru,навигация,es,navegación,transparent
ru,нано,es,nano,transparent
ru,наполеон,es,napoleón,transparent
ru,наркотик,es,narcótico,altered
ru,наркотический,es,narcótico,altered
ru,наркотрафик,es,narcotráfico,transparent
ru,нарратив,es,narrativa,altered
ru,натура,es,natura,transparent
ru,натуралист,es,naturalista,transparent
ru,натуральный,es,natural,transparent
ru,нацизм,es,nazismo,altered
ru,национал,es,nacional,transparent
ru,национализация,es,nacionalización,transparent
ru,национализм,es,nacionalismo,transparent
ru,националист,es,nacionalista,transparent
ru,националистический,es,nacionalista,altered
ru,национальность,es,nacionalidad,transparent
ru,национальный,es,nacional,transparent
ru,нация,es,nación,transparent
ru,неврологический,es,neurológico,altered
ru,негатив,es,negativo,altered
ru,негативно,es,negativamente,transparent
ru,негативный,es,negativo,transparent
ru,негр,es,negro,transparent
ru,нейрон,es,neurona,altered
ru,нейтральность,es,neutralidad,altered
ru,нейтральный,es,neutral,transparent
ru,некомпетентность,es,incompetencia,altered
ru,некомпетентный,es,incompetente,altered
ru,неконтролируемый,es,incontrolable,altered
ru,нелегально,es,ilegalmente,transparent
ru,нелегальный,es,ilegal,altered
ru,нелегитимный,es,ilegítimo,altered
ru,нельсон,es,nelson,transparent
ru,непал,es,nepal,transparent
ru,непопулярный,es,impopular,altered
ru,нерв,es,nervio,altered
ru,нервный,es,nervio,altered
ru,нестабильность,es,inestabilidad,transparent
ru,нестабильный,es,inestable,altered
ru,нетто,es,neto,altered
ru,неформальный,es,informal,transparent
ru,нивелировать,es,nivelar,altered
ru,никель,es,níquel,altered
ru,николас,es,nicolás,transparent
ru,нил,es,nilo,transparent
ru,нимфа,es,ninfa,altered
ru,ниндзя,es,ninja,altered
ru,ницца,es,niza,altered
ru,нобель,es,nobel,transparent
ru,новак,es,novak,transparent
ru,новелла,es,novela,altered
ru,номенклатура,es,nomenclatura,transparent
ru,номер,es,número,altered
ru,номинальный,es,nominal,transparent
ru,номинация,es,nominación,transparent
ru,номинировать,es,nominar,transparent
ru,норвегия,es,noruego,transparent
ru,норма,es,norma,transparent
ru,нормализация,es,normalización,transparent
ru,нормально,es,normal,transparent
ru,нормальность,es,normalidad,transparent
ru,нормальный,es,normal,altered
ru,норматив,es,normativa,altered
ru,нормативный,es,normativa,transparent
ru,ностальгический,es,nostálgico,transparent
ru,ностальгия,es,nostalgia,transparent
ru,нота,es,nota,transparent
ru,нотариус,es,notar,altered
ru,ноутбук,es,notebook,transparent
ru,ночной,es,nocturno,altered
ru,нуль,es,nulo,altered
ru,ньютон,es,newton,transparent
ru,нэнси,es,nancy,altered
ru,о'кей,es,okey,transparent
ru,оазис,es,oasis,transparent
ru,обелиск,es,obelisco,transparent
ru,обсерватория,es,observatorio,altered
ru,объект,es,objeto,altered
ru,объектив,es,objetivo,altered
ru,объективно,es,objetivamente,transparent
ru,объективность,es,objetividad,transparent
ru,объективный,es,objetivo,transparent
ru,обязательный,es,obligatorio,altered
ru,овальный,es,oval,transparent
ru,овация,es,ovación,transparent
ru,огайо,es,ohio,transparent
ru,ода,es,oda,transparent
ru,океан,es,océano,altered
ru,океанический,es,oceánico,transparent
ru,окей,es,okey,transparent
ru,оккупант,es,ocupante,transparent
ru,оккупация,es,ocupación,altered
ru,оксид,es,óxido,altered
ru,октав,es,octavo,transparent
ru,оливер,es,oliver,transparent
ru,олигарх,es,oligarca,altered
ru,олигархия,es,oligarquía,transparent
ru,олимп,es,olimpo,transparent
ru,олимпиада,es,olimpiada,transparent
ru,олимпийский,es,olímpico,altered
ru,омега,es,omega,transparent
ru,онлайн,es,online,transparent
ru,опен,es,open,transparent
ru,опера,es,ópera,transparent
ru,оперативный,es,operativo,altered
ru,оператор,es,operador,transparent
ru,операционный,es,operacional,altered
ru,операция,es,operación,transparent
ru,оперировать,es,operar,altered
ru,опиум,es,opio,altered
ru,оппозиция,es,oposición,transparent
ru,оппонент,es,oponente,transparent
ru,оптимизация,es,optimización,transparent
ru,оптимизировать,es,optimizar,transparent
ru,оптимизм,es,optimismo,altered
ru,оптимист,es,optimista,transparent
ru,оптический,es,óptico,transparent
ru,опубликовать,es,publicar,altered
ru,опус,es,opus,transparent
ru,опциональный,es,opcional,transparent
ru,опция,es,opción,altered
ru,оральный,es,oral,transparent
ru,оратор,es,orador,altered
ru,ораторский,es,oratoria,altered
ru,орбита,es,órbita,transparent
ru,орбитальный,es,orbital,transparent
ru,оргазм,es,orgasmo,transparent
ru,орган,es,órgano,transparent
ru,организатор,es,organizador,transparent
ru,организационный,es,organizacional,altered
ru,организация,es,organización,altered
ru,организм,es,organismo,altered
ru,организовать,es,organizar,altered
ru,организовывать,es,organizar,altered
ru,органический,es,orgánico,transparent
ru,оргия,es,orgía,transparent
ru,орден,es,orden,transparent
ru,ордер,es,orden,altered
ru,ординарный,es,ordinario,transparent
ru,оригинал,es,original,transparent
ru,оригинальность,es,originalidad,transparent
ru,оригинальный,es,original,transparent
ru,ориентация,es,orientación,altered
ru,ориентир,es,orientar,altered
ru,ориентировать,es,orientar,transparent
ru,орк,es,orco,transparent
ru,оркестр,es,orquesta,altered
ru,орнамент,es,ornamento,transparent
ru,ортодоксальный,es,ortodoxo,transparent
ru,орхидея,es,orquídea,altered
ru,оскар,es,óscar,transparent
ru,отель,es,hotel,transparent
ru,отрезок,es,trozo,transparent
ru,оф,es,off,transparent
ru,офицер,es,oficial,altered
ru,официальный,es,oficial,transparent
ru,офлайн,es,offline,transparent
ru,офф,es,off,transparent
ru,паб,es,pub,transparent
ru,пабло,es,pablo,transparent
ru,павел,es,pablo,altered
ru,павильон,es,pabellón,altered
ru,паковать,es,empacar,altered
ru,пакт,es,pacto,altered
ru,палестина,es,palestino,transparent
ru,палестинский,es,palestino,altered
ru,палитра,es,paleta,altered
ru,пальма,es,palma,transparent
ru,памфлет,es,panfleto,transparent
ru,панама,es,panamá,transparent
ru,панда,es,panda,transparent
ru,пандемия,es,pandemia,transparent
ru,пандора,es,pandora,transparent
ru,панель,es,panel,transparent
ru,паника,es,pánico,altered
ru,панк,es,punk,altered
ru,панорама,es,panorama,transparent
ru,пантера,es,pantera,transparent
ru,папа,es,papá,transparent
ru,папский,es,papal,transparent
ru,парабола,es,parábola,transparent
ru,параграф,es,párrafo,altered
ru,парад,es,parada,altered
ru,парадигма,es,paradigma,transparent
ru,парадокс,es,paradoja,altered
ru,парадоксальный,es,paradójico,altered
ru,паразит,es,parásito,altered
ru,парализовать,es,paralizar,altered
ru,паралимпийский,es,paralímpico,altered
ru,паралич,es,parálisis,altered
ru,параллелизм,es,paralelismo,altered
ru,параллель,es,paralelo,transparent
ru,параллельный,es,paralelo,transparent
ru,параметр,es,parámetro,transparent
ru,параноик,es,paranoico,transparent
ru,паранойя,es,paranoia,transparent
ru,парировать,es,parar,altered
ru,паритет,es,paridad,altered
ru,паркинг,es,parking,transparent
ru,парковка,es,parqueo,altered
ru,парковый,es,parque,transparent
ru,парламент,es,parlamento,altered
ru,парламентарий,es,parlamentario,transparent
ru,парламентский,es,parlamentario,altered
ru,пародия,es,parodia,transparent
ru,партизан,es,partisano,altered
ru,партизанский,es,partisano,altered
ru,партитура,es,partitura,transparent
ru,парфюм,es,perfume,transparent
ru,паспорт,es,pasaporte,altered
ru,пассаж,es,pasaje,altered
ru,пассивность,es,pasividad,transparent
ru,пассивный,es,pasivo,altered
ru,паста,es,pasta,transparent
ru,пастор,es,pastor,transparent
ru,пасха,es,pascua,altered
ru,пасхальный,es,pascual,altered
ru,патент,es,patente,transparent
ru,патологический,es,patológico,altered
ru,патология,es,patología,transparent
ru,патриарх,es,patriarca,altered
ru,патриархальный,es,patriarcal,transparent
ru,патриархат,es,patriarcado,altered
ru,патрик,es,patricio,altered
ru,патриот,es,patriota,transparent
ru,патриотизм,es,patriotismo,transparent
ru,патриотический,es,patriótico,transparent
ru,патрон,es,patrón,transparent
ru,патронат,es,patronato,transparent
ru,патруль,es,patrulla,altered
ru,пауза,es,pausa,transparent
ru,пауэр,es,power,transparent
ru,пафос,es,pathos,altered
ru,пациент,es,paciente,transparent
ru,пациентка,es,paciente,transparent
ru,пацифист,es,pacifista,transparent
ru,педагог,es,pedagogo,altered
ru,педагогика,es,pedagogía,altered
ru,педаль,es,pedal,transparent
ru,педофил,es,pedófilo,transparent
ru,пейзаж,es,paisaje,altered
ru,пекин,es,pekín,transparent
ru,пенальти,es,penalti,transparent
ru,пенис,es,pene,transparent
ru,пенсионер,es,pensionista,altered
ru,пенсионный,es,pensionado,altered
ru,пенсия,es,pensión,transparent
ru,пентагон,es,pentágono,transparent
ru,периметр,es,perímetro,transparent
ru,период,es,período,altered
ru,периодически,es,periódicamente,transparent
ru,периодический,es,periódico,altered
ru,периферический,es,periférico,transparent
ru,периферия,es,periferia,transparent
ru,перл,es,perla,transparent
ru,перманентный,es,permanente,transparent
ru,персона,es,persona,transparent
ru,персонаж,es,personaje,transparent
ru,персонал,es,personal,transparent
ru,персональный,es,personal,altered
ru,перспектива,es,perspectiva,transparent
ru,перу,es,perú,transparent
ru,перфорация,es,perforación,transparent
ru,перформанс,es,performance,altered
ru,песета,es,peseta,transparent
ru,пессимизм,es,pesimismo,transparent
ru,пессимист,es,pesimista,altered
ru,петиция,es,petición,transparent
ru,пи,es,pi,transparent
ru,пианист,es,pianista,transparent
ru,пиано,es,piano,transparent
ru,пигмент,es,pigmento,altered
ru,пижама,es,pijama,transparent
ru,пикник,es,picnic,altered
ru,пилатес,es,pilates,transparent
ru,пилот,es,piloto,altered
ru,пилюля,es,píldora,altered
ru,пин,es,pin,transparent
ru,пингвин,es,pingüino,transparent
ru,пионер,es,pionero,transparent
ru,пирамида,es,pirámide,transparent
ru,пират,es,pirata,transparent
ru,пиратский,es,pirata,altered
ru,пистолет,es,pistola,altered
ru,пицца,es,pizza,transparent
ru,пиццерия,es,pizzería,transparent
ru,плагиат,es,plagio,altered
ru,плаз,es,plaza,transparent
ru,плазма,es,plasma,transparent
ru,план,es,plan,transparent
ru,планета,es,planeta,transparent
ru,планетарий,es,planetario,transparent
ru,планировать,es,planificar,altered
ru,плантация,es,plantación,transparent
ru,пластиковый,es,plástico,altered
ru,пластический,es,plástico,transparent
ru,платина,es,platino,altered
ru,плато,es,plato,transparent
ru,платформа,es,plataforma,transparent
ru,плейлист,es,playlist,transparent
ru,пленарный,es,plenario,transparent
ru,пленум,es,plenum,transparent
ru,плюрализм,es,pluralismo,altered
ru,плюс,es,plus,transparent
ru,пневматический,es,neumático,altered
ru,пневмония,es,neumonía,altered
ru,погром,es,pogrom,transparent
ru,подиум,es,podio,altered
ru,подкаст,es,podcast,transparent
ru,позитив,es,positivo,transparent
ru,позитивный,es,positivo,altered
ru,позиционирование,es,posicionamiento,transparent
ru,позиционировать,es,posicionado,altered
ru,позиция,es,posición,altered
ru,покер,es,póker,altered
ru,полемика,es,polémica,transparent
ru,полигон,es,polígono,transparent
ru,поликлиника,es,policlínica,transparent
ru,полимер,es,polímero,transparent
ru,полис,es,póliza,altered
ru,политически,es,políticamente,transparent
ru,политический,es,político,transparent
ru,политолог,es,politólogo,altered
ru,полицейский,es,policíaco,altered
ru,полиция,es,policía,transparent
ru,полно,es,pleno,altered
ru,польша,es,polonia,altered
ru,полюс,es,polo,altered
ru,полярный,es,polar,transparent
ru,помада,es,pomada,transparent
ru,пони,es,poni,transparent
ru,понтифик,es,pontífice,altered
ru,попугай,es,papagayo,altered
ru,популизм,es,populismo,transparent
ru,популяризация,es,popularización,transparent
ru,популяризировать,es,popularizar,altered
ru,популярность,es,popularidad,altered
ru,популярный,es,popular,transparent
ru,порно,es,porno,transparent
ru,порт,es,puerto,altered
ru,портал,es,portal,transparent
ru,портативный,es,portátil,altered
ru,портик,es,pórtico,transparent
ru,португалия,es,portugal,altered
ru,портфель,es,portafolios,altered
ru,порция,es,porción,transparent
ru,пост,es,post,transparent
ru,постер,es,póster,transparent
ru,постулат,es,postulado,transparent
ru,потенциал,es,potencial,transparent
ru,потенциальный,es,potencial,altered
ru,потенция,es,potencia,transparent
ru,поэзия,es,poesía,transparent
ru,поэма,es,poema,transparent
ru,поэт,es,poeta,altered
ru,поэтика,es,poética,transparent
ru,поэтический,es,poético,altered
ru,прага,es,praga,transparent
ru,практика,es,práctica,transparent
ru,практикант,es,practicante,altered
ru,практиковать,es,practicar,altered
ru,практиковаться,es,practicar,altered
ru,практический,es,práctico,altered
ru,превалировать,es,prevalecer,altered
ru,превентивный,es,preventivo,altered
ru,предвидение,es,previsión,altered
ru,представительный,es,representativo,transparent
ru,предыстория,es,prehistoria,altered
ru,презент,es,presente,transparent
ru,презентация,es,presentación,transparent
ru,презентовать,es,presentar,altered
ru,президент,es,presidente,altered
ru,президентский,es,presidencial,altered
ru,президиум,es,presidium,transparent
ru,презумпция,es,presunción,altered
ru,прекурсор,es,precursor,altered
ru,прелюдия,es,preludio,altered
ru,премия,es,premio,altered
ru,преобладание,es,predominio,transparent
ru,преобладать,es,predominar,altered
ru,препарат,es,preparado,altered
ru,прессовать,es,presionar,altered
ru,престиж,es,prestigio,altered
ru,престижный,es,prestigioso,altered
ru,претендент,es,pretendiente,altered
ru,претензия,es,pretensión,transparent
ru,префект,es,prefecto,altered
ru,префектура,es,prefectura,transparent
ru,преференция,es,preferencia,transparent
ru,прецедент,es,precedente,transparent
ru,приватизация,es,privatización,altered
ru,приватность,es,privacidad,altered
ru,приватный,es,privado,transparent
ru,привилегированный,es,privilegiado,altered
ru,привилегия,es,privilegio,altered
ru,призма,es,prisma,transparent
ru,прима,es,prima,transparent
ru,примитивный,es,primitivo,transparent
ru,принц,es,príncipe,altered
ru,принцесса,es,princesa,transparent
ru,принцип,es,principio,altered
ru,принципиальный,es,principal,altered
ru,приор,es,prior,transparent
ru,приоритет,es,prioridad,altered
ru,приоритетный,es,prioritario,altered
ru,припарковать,es,aparcar,altered
ru,проблема,es,problema,transparent
ru,проблемный,es,problemático,transparent
ru,пробовать,es,probar,transparent
ru,провинциальный,es,provincial,transparent
ru,провинция,es,provincia,altered
ru,провокатор,es,provocador,transparent
ru,провокация,es,provocación,altered
ru,провоцировать,es,provocar,altered
ru,прогноз,es,pronóstico,altered
ru,программа,es,programa,transparent
ru,программирование,es,programación,altered
ru,программировать,es,programar,altered
ru,программист,es,programador,altered
ru,прогресс,es,progreso,altered
ru,прогрессивный,es,progresivo,transparent
ru,прогрессировать,es,progresar,altered
ru,прогрессист,es,progresista,altered
ru,прогрессия,es,progresión,transparent
ru,продемонстрировать,es,demostrar,altered
ru,продукт,es,producto,altered
ru,продуктивность,es,productividad,altered
ru,продуктивный,es,productivo,altered
ru,продукция,es,producción,altered
ru,проект,es,proyecto,altered
ru,проектировать,es,proyectar,transparent
ru,проектор,es,proyector,transparent
ru,проекция,es,proyección,transparent
ru,проза,es,prosa,transparent
ru,прокламация,es,proclama,altered
ru,прокуратура,es,procuraduría,altered
ru,прокурор,es,procurador,altered
ru,пролетариат,es,proletariado,altered
ru,пролетарий,es,proletario,altered
ru,пролетарский,es,proletario,altered
ru,пропаганда,es,propaganda,transparent
ru,пропорциональный,es,proporcional,transparent
ru,пропорция,es,proporción,transparent
ru,проспект,es,prospecto,transparent
ru,простата,es,próstata,transparent
ru,проститутка,es,prostituta,transparent
ru,проституция,es,prostitución,transparent
ru,протез,es,prótesis,transparent
ru,протеин,es,proteína,altered
ru,протектор,es,protector,transparent
ru,протест,es,protesta,altered
ru,протестовать,es,protestar,transparent
ru,протокол,es,protocolo,transparent
ru,протон,es,protón,transparent
ru,прототип,es,prototipo,transparent
ru,проф,es,profesor,transparent
ru,профессионал,es,profesional,transparent
ru,профессионализм,es,profesionalismo,transparent
ru,профессионально,es,profesionalmente,transparent
ru,профессиональный,es,profesional,altered
ru,профессия,es,profesión,altered
ru,профессор,es,profesor,transparent
ru,профилактика,es,profiláctico,transparent
ru,профиль,es,perfil,altered
ru,профильный,es,perfil,altered
ru,процедура,es,procedimiento,altered
ru,процесс,es,proceso,transparent
ru,процессор,es,procesador,transparent
ru,псевдо,es,pseudo,transparent
ru,псевдоним,es,pseudónimo,transparent
ru,психиатр,es,psiquiatra,altered
ru,психиатрический,es,psiquiátrico,altered
ru,психиатрия,es,psiquiatría,altered
ru,психика,es,psique,altered
ru,психический,es,psíquico,altered
ru,психоанализ,es,psicoanálisis,altered
ru,психоз,es,psicosis,transparent
ru,психолог,es,psicólogo,altered
ru,психологически,es,psicológicamente,transparent
ru,психологический,es,psicológico,transparent
ru,психология,es,psicología,transparent
ru,психопат,es,psicópata,transparent
ru,психотерапевт,es,psicoterapeuta,altered
ru,публика,es,público,altered
ru,публикация,es,publicación,transparent
ru,публиковать,es,publicar,altered
ru,публично,es,público,altered
ru,публичность,es,publicidad,altered
ru,публичный,es,público,transparent
ru,пул,es,pool,transparent
ru,пульс,es,pulso,transparent
ru,пума,es,puma,transparent
ru,пункт,es,punto,altered
ru,пунктуальный,es,puntual,transparent
ru,пунктуация,es,puntuación,transparent
ru,пурпур,es,púrpura,transparent
ru,пьедестал,es,pedestal,altered
ru,пьеса,es,pieza,altered
ru,пётр,es,pedro,altered
ru,раввин,es,rabino,altered
ru,радар,es,radar,transparent
ru,радж,es,raja,transparent
ru,радиальный,es,radial,transparent
ru,радиатор,es,radiador,transparent
ru,радиационный,es,radiación,altered
ru,радиация,es,radiación,transparent
ru,радикал,es,radical,transparent
ru,радикализм,es,radicalismo,transparent
ru,радикально,es,radical,transparent
ru,радикальный,es,radical,transparent
ru,радио,es,radio,transparent
ru,радиоактивный,es,radiactivo,altered
ru,ралли,es,rally,transparent
ru,рампа,es,rampa,transparent
ru,ранг,es,rango,transparent
ru,ранчо,es,rancho,transparent
ru,рапид,es,rápido,transparent
ru,рапорт,es,reporte,altered
ru,раса,es,raza,altered
ru,расизм,es,racismo,altered
ru,расист,es,racista,transparent
ru,расовый,es,racial,altered
ru,ратификация,es,ratificación,transparent
ru,ратифицировать,es,ratificar,transparent
ru,раунд,es,round,transparent
ru,рацион,es,ración,transparent
ru,рациональность,es,racionalidad,transparent
ru,рациональный,es,racional,transparent
ru,ре,es,re,transparent
ru,реабилитация,es,rehabilitación,altered
ru,реагировать,es,reaccionar,altered
ru,реактив,es,reactivo,transparent
ru,реактор,es,reactor,transparent
ru,реакционный,es,reaccionario,altered
ru,реакция,es,reacción,transparent
ru,реал,es,real,transparent
ru,реализация,es,realización,transparent
ru,реализм,es,realismo,transparent
ru,реализовать,es,realizar,transparent
ru,реализоваться,es,realizarse,transparent
ru,реалист,es,realista,transparent
ru,реалистичный,es,realista,altered
ru,реалити,es,realidad,altered
ru,реально,es,real,transparent
ru,реальность,es,realidad,transparent
ru,реальный,es,real,altered
ru,реанимация,es,reanimación,transparent
ru,реванш,es,revancha,transparent
ru,реверс,es,reverso,altered
ru,ревизия,es,revisión,transparent
ru,револьвер,es,revolver,transparent
ru,революционный,es,revolucionario,altered
ru,революция,es,revolución,transparent
ru,регби,es,rugby,transparent
ru,регенерация,es,regeneración,altered
ru,регент,es,regente,transparent
ru,регион,es,región,transparent
ru,региональный,es,regional,transparent
ru,регистр,es,registro,transparent
ru,регистратор,es,registrador,transparent
ru,регистрация,es,registración,altered
ru,регистрировать,es,registrar,altered
ru,регламент,es,reglamento,altered
ru,регламентировать,es,reglamentar,altered
ru,регресс,es,regresión,altered
ru,регулировать,es,regular,transparent
ru,регулировка,es,regulador,altered
ru,регулярный,es,regular,altered
ru,регулятор,es,regulador,altered
ru,регуляция,es,regulación,transparent
ru,редактирование,es,redacción,altered
ru,редактировать,es,redactar,altered
ru,редукция,es,reducción,altered
ru,режим,es,régimen,altered
ru,резерв,es,reserva,altered
ru,резервный,es,reserva,transparent
ru,резервуар,es,reservorio,altered
ru,резидент,es,residente,altered
ru,резиденция,es,residencia,transparent
ru,резина,es,resina,altered
ru,резинка,es,resina,altered
ru,резолюция,es,resolución,altered
ru,резонанс,es,resonancia,altered
ru,результат,es,resultado,altered
ru,рейнджер,es,rangers,altered
ru,рейтинг,es,rating,transparent
ru,рейх,es,reich,transparent
ru,реквизит,es,requisito,altered
ru,рекомендация,es,recomendación,transparent
ru,рекомендовать,es,recomendar,altered
ru,рекомендоваться,es,recomendarse,transparent
ru,реконструировать,es,reconstruir,altered
ru,реконструкция,es,reconstrucción,transparent
ru,рекорд,es,récord,transparent
ru,рекордный,es,récord,transparent
ru,рекреация,es,recreación,transparent
ru,рекрут,es,recluta,altered
ru,ректор,es,rector,transparent
ru,релаксация,es,relajación,transparent
ru,религиозный,es,religioso,transparent
ru,религия,es,religión,transparent
ru,реликвия,es,reliquia,transparent
ru,рельеф,es,relieve,altered
ru,ремейк,es,remake,transparent
ru,ремикс,es,remix,transparent
ru,ремиссия,es,remisión,altered
ru,ремонт,es,remonte,altered
ru,ремонтировать,es,remontar,altered
ru,реновация,es,renovar,altered
ru,рентабельность,es,rentabilidad,altered
ru,рентабельный,es,rentar,altered
ru,реорганизация,es,reorganización,altered
ru,репарация,es,reparación,transparent
ru,репертуар,es,repertorio,altered
ru,репетировать,es,repetir,altered
ru,репетитор,es,repetidor,altered
ru,репетиция,es,repetición,altered
ru,реплика,es,réplica,transparent
ru,репортаж,es,reportar,altered
ru,репортёр,es,reportero,altered
ru,репрессивный,es,represivo,transparent
ru,репрессировать,es,reprimir,transparent
ru,репрессия,es,represión,altered
ru,репродуктивный,es,reproductivo,altered
ru,репутация,es,reputación,transparent
ru,респектабельный,es,respetable,transparent
ru,респираторный,es,respiratorio,transparent
ru,республика,es,república,transparent
ru,республиканец,es,republicano,altered
ru,реставрация,es,restauración,altered
ru,реституция,es,restitución,transparent
ru,ресторан,es,restaurante,altered
ru,ресторанчик,es,restaurante,altered
ru,реструктуризация,es,reestructuración,transparent
ru,ресурс,es,recurso,transparent
ru,ретроспектива,es,retrospectiva,transparent
ru,референдум,es,referéndum,transparent
ru,референт,es,referente,transparent
ru,рефлекс,es,reflejo,altered
ru,рефлексия,es,reflexión,transparent
ru,реформа,es,reforma,transparent
ru,реформировать,es,reformar,transparent
ru,реформист,es,reformista,transparent
ru,рецепт,es,receta,altered
ru,рецептор,es,receptor,transparent
ru,риа,es,ría,transparent
ru,риал,es,rial,transparent
ru,ривер,es,rivera,altered
ru,ригидность,es,rigidez,transparent
ru,ринг,es,ring,transparent
ru,рио,es,río,transparent
ru,рисковый,es,riesgoso,altered
ru,ритм,es,ritmo,transparent
ru,ритмика,es,rítmica,altered
ru,риторика,es,retórica,transparent
ru,ритуал,es,ritual,transparent
ru,ритуальный,es,ritual,transparent
ru,рифма,es,rima,altered
ru,роберт,es,roberto,transparent
ru,робин,es,robín,transparent
ru,робот,es,robot,transparent
ru,роза,es,rosa,transparent
ru,рок,es,rock,transparent
ru,рок-группа,es,rock,transparent
ru,роль,es,rol,transparent
ru,ром,es,ron,altered
ru,роман,es,roman,transparent
ru,романский,es,romano,altered
ru,романтизм,es,romanticismo,transparent
ru,романтический,es,romántico,altered
ru,романтичный,es,romántico,transparent
ru,ромео,es,romeo,transparent
ru,ротация,es,rotación,transparent
ru,ротонда,es,rotonda,transparent
ru,ротор,es,rotor,transparent
ru,рубин,es,rubí,altered
ru,рубрика,es,rúbrica,transparent
ru,руина,es,ruina,transparent
ru,рулетка,es,ruleta,transparent
ru,румыния,es,rumania,transparent
ru,румынский,es,rumano,altered
ru,рута,es,ruta,transparent
ru,рутина,es,rutina,transparent
ru,рэп,es,rap,transparent
ru,рэпер,es,rapero,altered
ru,сабля,es,sable,altered
ru,саботаж,es,sabotaje,transparent
ru,саботировать,es,sabotear,transparent
ru,сага,es,saga,transparent
ru,салон,es,salón,transparent
ru,сальса,es,salsa,transparent
ru,салют,es,saludo,altered
ru,самба,es,samba,transparent
ru,самуил,es,samuel,transparent
ru,самурай,es,samurai,transparent
ru,санаторий,es,sanatorio,transparent
ru,сандалия,es,sandalia,transparent
ru,санитарный,es,sanitario,altered
ru,санкция,es,sanción,transparent
ru,санта,es,santo,transparent
ru,сантиметр,es,centímetro,altered
ru,сардина,es,sardina,transparent
ru,сарказм,es,sarcasmo,transparent
ru,сатана,es,satanás,altered
ru,сатирический,es,satírico,transparent
ru,саудовский,es,saudí,altered
ru,саундтрек,es,soundtrack,transparent
ru,сафари,es,safari,transparent
ru,сахар,es,azúcar,altered
ru,свитер,es,suéter,altered
ru,севилья,es,sevilla,transparent
ru,сегмент,es,segmento,transparent
ru,сегрегация,es,segregación,transparent
ru,седан,es,sedán,transparent
ru,сезон,es,sazón,altered
ru,секрет,es,secreto,transparent
ru,секретариат,es,secretaría,altered
ru,секретарша,es,secretario,transparent
ru,секретарь,es,secretario,transparent
ru,секретный,es,secreto,altered
ru,секреция,es,secreción,transparent
ru,секс,es,sexo,transparent
ru,сексист,es,sexista,transparent
ru,сексуально,es,sexualmente,transparent
ru,сексуальность,es,sexualidad,transparent
ru,сексуальный,es,sexual,transparent
ru,секта,es,secta,transparent
ru,сектор,es,sector,transparent
ru,секунда,es,segundo,altered
ru,секция,es,sección,altered
ru,селективный,es,selectivo,transparent
ru,селекция,es,selección,transparent
ru,селфи,es,selfiar,transparent
ru,семантика,es,semántica,transparent
ru,семафор,es,semáforo,transparent
ru,семестр,es,semestre,altered
ru,семинар,es,seminario,altered
ru,сенат,es,senado,altered
ru,сенатор,es,senador,transparent
ru,сенсационный,es,sensacional,transparent
ru,сенсация,es,sensación,transparent
ru,сенсор,es,sensor,transparent
ru,сенсорный,es,sensorial,altered
ru,сентиментальный,es,sentimental,transparent
ru,сентябрь,es,setiembre,transparent
ru,сепаратизм,es,separarse,altered
ru,сепаратист,es,separatista,altered
ru,серб,es,serbio,altered
ru,сербский,es,serbio,transparent
ru,сервер,es,servidor,altered
ru,сервис,es,servicio,altered
ru,сержант,es,sargento,altered
ru,сериал,es,serial,transparent
ru,серия,es,serie,transparent
ru,сертификат,es,certificado,altered
ru,сертификация,es,certificación,altered
ru,серф,es,surf,altered
ru,серьёзный,es,serio,altered
ru,сессия,es,sesión,transparent
ru,сет,es,set,transparent
ru,сибирь,es,siberia,altered
ru,сигара,es,cigarro,altered
ru,сигарета,es,cigarrillo,altered
ru,сигнализация,es,señalización,altered
ru,сигнальный,es,señal,altered
ru,сиеста,es,siesta,transparent
ru,силос,es,silo,altered
ru,силуэт,es,silueta,altered
ru,символ,es,símbolo,transparent
ru,символизировать,es,simbolizar,altered
ru,символизм,es,simbolismo,transparent
ru,символика,es,simbología,altered
ru,символичный,es,simbólico,transparent
ru,симметричный,es,simétrico,transparent
ru,симметрия,es,simetría,transparent
ru,симпатичный,es,simpático,altered
ru,симпатия,es,simpatía,transparent
ru,симплекс,es,simple,altered
ru,симпозиум,es,simposio,altered
ru,симпсон,es,simpson,transparent
ru,симптом,es,síntoma,altered
ru,симулировать,es,simular,transparent
ru,симулятор,es,simulador,transparent
ru,симуляция,es,simulación,transparent
ru,симфонический,es,sinfónico,transparent
ru,симфония,es,sinfonía,altered
ru,синагога,es,sinagoga,transparent
ru,сингапур,es,singapur,transparent
ru,синдикат,es,sindicato,transparent
ru,синдром,es,síndrome,transparent
ru,синема,es,cinema,altered
ru,синод,es,sínodo,altered
ru,синоним,es,sinónimo,altered
ru,синопсис,es,sinopsis,transparent
ru,синтаксис,es,sintaxis,altered
ru,синтез,es,síntesis,transparent
ru,синтезировать,es,sintetizar,transparent
ru,синтетический,es,sintético,altered
ru,синхронизация,es,sincronización,altered
ru,синхронизировать,es,sincronizar,altered
ru,синхронный,es,sincrónico,altered
ru,сионист,es,sionista,altered
ru,сирийский,es,sirio,altered
ru,сироп,es,sirope,altered
ru,система,es,sistema,transparent
ru,систематический,es,sistemáticamente,altered
ru,системный,es,sistémico,altered
ru,ситуация,es,situación,transparent
ru,скай,es,sky,transparent
ru,скайп,es,skype,transparent
ru,скандал,es,escándalo,altered
ru,скандальный,es,escandaloso,altered
ru,скандинав,es,escandinavo,altered
ru,сканер,es,escáner,altered
ru,сканировать,es,escanear,altered
ru,сквер,es,square,transparent
ru,скелет,es,esqueleto,altered
ru,скин,es,skin,transparent
ru,сконцентрировать,es,concentrar,altered
ru,скорпион,es,escorpión,altered
ru,скотч,es,scotch,transparent
ru,скрин,es,screen,transparent
ru,скрипт,es,script,transparent
ru,скульптор,es,escultor,transparent
ru,скульптура,es,escultura,altered
ru,славянский,es,eslavo,altered
ru,словения,es,eslovenia,altered
ru,слоган,es,eslogan,transparent
ru,слот,es,slot,transparent
ru,смарт,es,smart,transparent
ru,смартфон,es,smartphone,transparent
ru,смс,es,sms,transparent
ru,сноуборд,es,snowboard,transparent
ru,совет,es,soviet,transparent
ru,советский,es,soviético,altered
ru,сода,es,soda,transparent
ru,солдат,es,soldado,altered
ru,солид,es,sólido,altered
ru,солидарность,es,solidaridad,altered
ru,солидный,es,sólido,altered
ru,солист,es,solista,altered
ru,соло,es,solo,transparent
ru,сольный,es,solista,altered
ru,сонар,es,sonar,transparent
ru,сос,es,sos,transparent
ru,софа,es,sofá,transparent
ru,софия,es,sofía,transparent
ru,социала,es,social,transparent
ru,социализм,es,socialismo,altered
ru,социалист,es,socialista,altered
ru,социальный,es,social,transparent
ru,социолог,es,sociólogo,altered
ru,социологический,es,sociológico,altered
ru,социология,es,sociología,transparent
ru,соя,es,soja,altered
ru,спа,es,spa,transparent
ru,спам,es,spam,transparent
ru,спектакль,es,espectáculo,altered
ru,спектр,es,espectro,transparent
ru,спекуляция,es,especulación,altered
ru,сперма,es,esperma,altered
ru,специализироваться,es,especializar,altered
ru,специалист,es,especialista,transparent
ru,специально,es,especialmente,altered
ru,специальный,es,especial,transparent
ru,спецификация,es,especificación,altered
ru,специфический,es,específico,transparent
ru,специя,es,especia,altered
ru,спикер,es,speaker,transparent
ru,спина,es,espina,transparent
ru,спираль,es,espiral,transparent
ru,спирт,es,espíritu,altered
ru,спонсор,es,sponsor,transparent
ru,спонтанно,es,espontáneamente,altered
ru,спонтанный,es,espontáneo,transparent
ru,спорт,es,sport,transparent
ru,спортинг,es,sporting,transparent
ru,спот,es,spot,transparent
ru,спрей,es,spray,transparent
ru,спринт,es,sprint,transparent
ru,спровоцировать,es,provocar,altered
ru,спутник,es,sputnik,transparent
ru,стабилизация,es,estabilización,altered
ru,стабилизировать,es,estabilizar,transparent
ru,стабильно,es,estable,altered
ru,стабильность,es,estabilidad,altered
ru,стадион,es,estadio,altered
ru,стадия,es,estadio,altered
ru,стандарт,es,estándar,transparent
ru,стандартизировать,es,estandarizar,altered
ru,стандартный,es,estándar,altered
ru,станция,es,estación,altered
ru,старт,es,start,transparent
ru,стартап,es,startup,transparent
ru,стартовый,es,startup,altered
ru,статика,es,estática,transparent
ru,статистически,es,estadísticamente,altered
ru,статистический,es,estadístico,altered
ru,статический,es,estático,altered
ru,статус,es,estatus,transparent
ru,статут,es,estatuto,altered
ru,статуя,es,estatua,altered
ru,стационарный,es,estacionario,transparent
ru,стенд,es,estándar,altered
ru,стереотип,es,estereotipo,altered
ru,стерилизация,es,esterilización,transparent
ru,стероид,es,esteroide,transparent
ru,стивен,es,esteban,altered
ru,стилистика,es,estilística,transparent
ru,стиль,es,estilo,transparent
ru,стимул,es,estímulo,altered
ru,стимуляция,es,estimulación,altered
ru,стипендия,es,estipendio,altered
ru,стратег,es,estratega,altered
ru,стратегический,es,estratégico,altered
ru,стратегия,es,estrategia,transparent
ru,стресс,es,estrés,transparent
ru,стрим,es,stream,altered
ru,стриминг,es,streaming,transparent
ru,стрит,es,street,transparent
ru,строфа,es,estrofa,altered
ru,структура,es,estructura,transparent
ru,структурировать,es,estructurar,altered
ru,структурный,es,estructural,transparent
ru,студент,es,estudiar,transparent
ru,студентка,es,estudiante,altered
ru,студио,es,studio,transparent
ru,студия,es,estudio,altered
ru,субвенция,es,subvención,transparent
ru,субсидия,es,subsidio,altered
ru,субстанция,es,sustancia,altered
ru,субстрат,es,sustrato,altered
ru,субтитр,es,subtítulo,altered
ru,субъективный,es,subjetivo,altered
ru,сувенир,es,souvenir,altered
ru,сувенирный,es,souvenir,altered
ru,суверенный,es,soberano,altered
ru,суицид,es,suicidio,altered
ru,султан,es,sultán,transparent
ru,суммировать,es,sumar,altered
ru,суп,es,sopa,altered
ru,супер,es,super,transparent
ru,супергерой,es,superhéroe,altered
ru,суперинтендант,es,superintendente,transparent
ru,супермаркет,es,supermercado,altered
ru,суспензия,es,suspensión,transparent
ru,сферический,es,esférico,transparent
ru,сформулировать,es,formular,altered
ru,схема,es,esquema,altered
ru,сцена,es,escena,transparent
ru,сценарий,es,escenario,altered
ru,сценический,es,escénico,altered
ru,сценка,es,escena,altered
ru,сценография,es,escenografía,transparent
ru,сэндвич,es,sandwich,transparent
ru,сэр,es,sir,transparent
ru,сёрфинг,es,surf,transparent
ru,табак,es,tabaco,altered
ru,табачный,es,tabaco,altered
ru,таблетка,es,tableta,transparent
ru,таблица,es,tabla,altered
ru,табличка,es,tablilla,altered
ru,табу,es,tabú,transparent
ru,таверна,es,taberna,transparent
ru,тайга,es,taiga,transparent
ru,таймс,es,thames,transparent
ru,тайский,es,tailandés,altered
ru,тайфун,es,tifón,altered
ru,тако,es,taco,transparent
ru,такси,es,taxi,transparent
ru,таксист,es,taxista,altered
ru,такт,es,tacto,altered
ru,тактильный,es,táctil,altered
ru,тактический,es,táctico,altered
ru,талант,es,talento,transparent
ru,талисман,es,talismán,transparent
ru,талон,es,talón,transparent
ru,танго,es,tango,transparent
ru,танк,es,tanque,altered
ru,тара,es,tara,transparent
ru,тариф,es,tarifa,transparent
ru,тарифный,es,tarifario,altered
ru,тартар,es,tártaro,altered
ru,татуировка,es,tatuaje,altered
ru,твит,es,tweet,altered
ru,твиттер,es,twitter,transparent
ru,театр,es,teatro,transparent
ru,театральный,es,teatral,transparent
ru,тегеран,es,teherán,altered
ru,тезис,es,tesis,altered
ru,тейлор,es,taylor,transparent
ru,текила,es,tequila,altered
ru,текст,es,texto,transparent
ru,текстиль,es,textil,transparent
ru,текстильный,es,textil,transparent
ru,текстура,es,textura,transparent
ru,телевизионный,es,televisivo,altered
ru,телевизор,es,televisor,transparent
ru,телеграмма,es,telegrama,transparent
ru,телеграф,es,telégrafo,transparent
ru,телеграфный,es,telegráfico,altered
ru,телекоммуникация,es,telecomunicación,transparent
ru,телескоп,es,telescopio,altered
ru,телефон,es,teléfono,transparent
ru,телефония,es,telefonía,transparent
ru,телефонный,es,telefónico,altered
ru,тема,es,tema,transparent
ru,тематика,es,temática,transparent
ru,тематический,es,temático,transparent
ru,темп,es,tempo,altered
ru,темперамент,es,temperamento,transparent
ru,температура,es,temperatura,transparent
ru,тенденция,es,tendencia,transparent
ru,теннис,es,tenis,altered
ru,теннисист,es,tenista,altered
ru,теннисистка,es,tenista,altered
ru,тенор,es,tenor,transparent
ru,теолог,es,teólogo,transparent
ru,теологический,es,teológico,transparent
ru,теорема,es,teorema,transparent
ru,теоретик,es,teórico,transparent
ru,теоретически,es,teóricamente,transparent
ru,теоретический,es,teórico,altered
ru,терапевт,es,terapeuta,altered
ru,терапевтический,es,terapéutico,altered
ru,терапия,es,terapia,transparent
ru,тереза,es,teresa,transparent
ru,термальный,es,termal,transparent
ru,термин,es,término,altered
ru,терминал,es,terminal,transparent
ru,терминология,es,terminología,transparent
ru,термический,es,térmico,transparent
ru,термо,es,termo,transparent
ru,термометр,es,termómetro,transparent
ru,терра,es,terra,transparent
ru,терраса,es,terraza,transparent
ru,территориальный,es,territorial,altered
ru,территория,es,territorio,altered
ru,террор,es,terror,transparent
ru,терроризм,es,terrorismo,transparent
ru,террорист,es,terrorista,transparent
ru,террористический,es,terrorista,altered
ru,тестирование,es,testeo,altered
ru,тестировать,es,testear,altered
ru,тестовый,es,test,transparent
ru,тестостерон,es,testosterona,altered
ru,техас,es,texas,transparent
ru,технический,es,técnico,altered
ru,технологический,es,tecnológico,altered
ru,технология,es,tecnología,transparent
ru,тигр,es,tigre,altered
ru,тик,es,tic,transparent
ru,тильда,es,tilde,transparent
ru,тимон,es,timón,transparent
ru,тимофей,es,timoteo,altered
ru,тинейджер,es,teenager,transparent
ru,тип,es,tipo,transparent
ru,типичный,es,típico,altered
ru,типография,es,tipografía,transparent
ru,типология,es,tipología,transparent
ru,тир,es,tiro,altered
ru,тираж,es,tiraje,transparent
ru,тиран,es,tirano,transparent
ru,тирания,es,tiranía,transparent
ru,титан,es,titán,transparent
ru,титул,es,título,transparent
ru,токио,es,tokio,transparent
ru,токсин,es,toxina,transparent
ru,токсический,es,tóxico,altered
ru,токсичный,es,tóxico,altered
ru,толерантность,es,tolerancia,altered
ru,толерантный,es,tolerante,altered
ru,томат,es,tomate,altered
ru,томми,es,tommy,transparent
ru,томск,es,tomsk,transparent
ru,тон,es,tono,transparent
ru,тоник,es,tónico,transparent
ru,тонна,es,tonelada,altered
ru,тоннель,es,túnel,altered
ru,тонус,es,tono,altered
ru,топ,es,top,transparent
ru,топика,es,topic,transparent
ru,топография,es,topografía,transparent
ru,торнадо,es,tornado,transparent
ru,торпеда,es,torpedo,transparent
ru,торрент,es,torrente,transparent
ru,торс,es,torso,transparent
ru,торт,es,torta,transparent
ru,тортик,es,torta,altered
ru,тост,es,tostada,altered
ru,тоталитарный,es,totalitario,transparent
ru,тотальный,es,total,transparent
ru,травма,es,trauma,transparent
ru,травматизм,es,traumatismo,altered
ru,травматический,es,traumático,transparent
ru,травмировать,es,traumatizar,altered
ru,трагедия,es,tragedia,transparent
ru,трагический,es,trágico,altered
ru,традиционно,es,tradicionalmente,altered
ru,традиционный,es,tradicional,transparent
ru,традиция,es,tradición,transparent
ru,траектория,es,trayectoria,altered
ru,тракт,es,tracto,altered
ru,трактат,es,tratado,altered
ru,трактор,es,tractor,transparent
ru,трамвай,es,tranvía,altered
ru,трамплин,es,trampolín,transparent
ru,транзит,es,tránsito,altered
ru,трансвестит,es,travesti,altered
ru,транскрипция,es,transcripción,transparent
ru,трансляция,es,transmisión,altered
ru,трансмиссия,es,transmisión,transparent
ru,транснациональный,es,transnacional,transparent
ru,трансплантат,es,trasplante,altered
ru,транспорт,es,transporte,transparent
ru,транспортировка,es,transportación,altered
ru,трансфер,es,transferencia,transparent
ru,трансформация,es,transformación,transparent
ru,трансформировать,es,transformar,transparent
ru,трансформироваться,es,transformarse,transparent
ru,трасса,es,traza,altered
ru,трафик,es,traficar,altered
ru,трейлер,es,trailer,altered
ru,трек,es,track,altered
ru,тренд,es,trend,transparent
ru,тренинг,es,training,transparent
ru,тренировать,es,entrenar,altered
ru,тренироваться,es,entrenar,altered
ru,трест,es,trust,transparent
ru,трибуна,es,tribuna,transparent
ru,трибунал,es,tribunal,transparent
ru,тривиальный,es,trivial,transparent
ru,триллер,es,thriller,transparent
ru,триллион,es,trillón,transparent
ru,трилогия,es,trilogía,transparent
ru,триместр,es,trimestre,transparent
ru,трио,es,trío,transparent
ru,тритон,es,tritón,transparent
ru,триумф,es,triunfo,transparent
ru,триумфальный,es,triunfal,transparent
ru,троллейбус,es,trolebús,transparent
ru,тролль,es,troll,transparent
ru,трон,es,trono,transparent
ru,тропик,es,trópico,altered
ru,тропический,es,tropical,altered
ru,трофей,es,trofeo,transparent
ru,трюк,es,truco,transparent
ru,туалет,es,toilette,altered
ru,туберкулёз,es,tuberculosis,altered
ru,туника,es,túnica,transparent
ru,туннель,es,túnel,transparent
ru,турбина,es,turbina,transparent
ru,турбо,es,turbo,transparent
ru,туризм,es,turismo,transparent
ru,турист,es,turista,altered
ru,туристический,es,turístico,altered
ru,туркмен,es,turcomano,altered
ru,турне,es,tour,transparent
ru,тхэквондо,es,taekwondo,altered
ru,тюрбан,es,turbante,altered
ru,узбекистан,es,uzbekistán,transparent
ru,узи,es,uzi,transparent
ru,узурпировать,es,usurpar,altered
ru,уильямс,es,williams,transparent
ru,украина,es,ucranio,altered
ru,украинский,es,ucraniano,altered
ru,ультиматум,es,ultimátum,transparent
ru,ультра,es,ultra,transparent
ru,универсал,es,universal,transparent
ru,универсальный,es,universal,transparent
ru,университет,es,universidad,altered
ru,университетский,es,universitario,transparent
ru,универсум,es,universo,transparent
ru,уникальность,es,unicidad,altered
ru,уникальный,es,único,altered
ru,унитарный,es,unitario,transparent
ru,уния,es,union,transparent
ru,ураган,es,huracán,altered
ru,уран,es,uranio,altered
ru,урбанизация,es,urbanización,transparent
ru,урна,es,urna,transparent
ru,утилизация,es,utilización,altered
ru,утопический,es,utópico,transparent
ru,утопия,es,utopía,transparent
ru,фа,es,fa,transparent
ru,фабрика,es,fábrica,altered
ru,фабрикант,es,fabricante,transparent
ru,фаворит,es,favorito,altered
ru,фаворитка,es,favorito,transparent
ru,фаза,es,fase,altered
ru,факс,es,fax,transparent
ru,фактор,es,factor,transparent
ru,факультативный,es,facultativo,transparent
ru,факультет,es,facultad,altered
ru,фаланга,es,falange,transparent
ru,фальсификация,es,falsificación,transparent
ru,фамилия,es,familiar,transparent
ru,фан,es,fan,transparent
ru,фанат,es,fanático,altered
ru,фанатизм,es,fanatismo,transparent
ru,фантазия,es,fantasía,transparent
ru,фантастика,es,fantástico,transparent
ru,фантастический,es,fantástico,transparent
ru,фараон,es,faraón,transparent
ru,фармацевтический,es,farmacéutico,transparent
ru,фарс,es,farsa,transparent
ru,фас,es,faz,transparent
ru,фасад,es,fachada,altered
ru,фатальный,es,fatal,transparent
ru,фауна,es,fauna,transparent
ru,фашизм,es,fascismo,transparent
ru,фашист,es,fascista,altered
ru,федеральный,es,federal,transparent
ru,федеративный,es,federativo,transparent
ru,федерация,es,federación,transparent
ru,фейк,es,fake,transparent
ru,феликс,es,félix,transparent
ru,феминизм,es,feminismo,transparent
ru,феникс,es,fénix,altered
ru,феномен,es,fenómeno,transparent
ru,феноменальный,es,fenomenal,transparent
ru,феодальный,es,feudal,altered
ru,фермент,es,fermento,transparent
ru,ферментация,es,fermentación,transparent
ru,фернандо,es,fernando,transparent
ru,феррари,es,ferrari,transparent
ru,фестиваль,es,festival,transparent
ru,фиаско,es,fiasco,transparent
ru,фигура,es,figura,transparent
ru,фигурант,es,figurante,transparent
ru,фигурировать,es,figurar,transparent
ru,физико,es,físico,transparent
ru,физиологический,es,fisiológico,altered
ru,физиология,es,fisiología,altered
ru,физический,es,físico,transparent
ru,фиксация,es,fijación,altered
ru,фиктивный,es,ficticio,altered
ru,фикция,es,ficción,transparent
ru,филармония,es,filarmónica,altered
ru,филе,es,filete,transparent
ru,филиал,es,filial,transparent
ru,филип,es,felipe,altered
ru,филиппина,es,filipino,transparent
ru,филологический,es,filológico,altered
ru,филология,es,filología,transparent
ru,философ,es,filósofo,altered
ru,философия,es,filosofía,transparent
ru,философский,es,filosófico,transparent
ru,фильм,es,film,altered
ru,фильтр,es,filtro,transparent
ru,фильтрация,es,filtración,altered
ru,фильтровать,es,filtrar,altered
ru,финал,es,final,transparent
ru,финалист,es,finalista,altered
ru,финальный,es,final,transparent
ru,финансирование,es,financiamiento,altered
ru,финансировать,es,financiar,altered
ru,финансово,es,financiero,altered
ru,финансовый,es,financiero,altered
ru,финансы,es,finanzas,transparent
ru,финиш,es,finish,transparent
ru,финляндский,es,finlandés,altered
ru,финский,es,finlandés,altered
ru,фирма,es,firma,transparent
ru,фитнес,es,fitness,transparent
ru,фифа,es,fifa,transparent
ru,фишер,es,fischer,transparent
ru,флаг,es,flag,transparent
ru,фланг,es,flanco,altered
ru,флейта,es,flauta,altered
ru,флешка,es,flash,altered
ru,флора,es,flora,transparent
ru,флоренция,es,florencia,transparent
ru,флот,es,flota,transparent
ru,флуктуация,es,fluctuación,transparent
ru,флюид,es,fluido,transparent
ru,фобия,es,fobia,transparent
ru,фокс,es,fox,transparent
ru,фокус,es,foco,altered
ru,фольк,es,folk,transparent
ru,фольклор,es,folklore,transparent
ru,фольклорный,es,folklórico,altered
ru,фонд,es,fondo,altered
ru,фонетический,es,fonético,altered
ru,фора,es,fora,transparent
ru,форвард,es,forward,transparent
ru,форма,es,forma,transparent
ru,формально,es,formalmente,transparent
ru,формальность,es,formalidad,altered
ru,формальный,es,formal,altered
ru,формат,es,formato,altered
ru,формация,es,formacion,transparent
ru,формировать,es,formar,altered
ru,формула,es,fórmula,transparent
ru,формулировать,es,formular,altered
ru,формулировка,es,formulación,altered
ru,формуляр,es,formulario,transparent
ru,фортуна,es,fortuna,transparent
ru,форум,es,foro,altered
ru,фосс,es,fosa,transparent
ru,фосфор,es,fósforo,transparent
ru,фотка,es,foto,altered
ru,фото,es,foto,transparent
ru,фотограф,es,fotógrafo,transparent
ru,фотографироваться,es,fotografiar,altered
ru,фотография,es,fotografía,transparent
ru,фотошоп,es,photoshop,transparent
ru,фрагмент,es,fragmento,altered
ru,фрагментация,es,fragmentación,transparent
ru,фраза,es,frase,altered
ru,фракция,es,fracción,altered
ru,франк,es,franco,altered
ru,франклин,es,franklin,transparent
ru,франко,es,franco,transparent
ru,франциск,es,francisco,transparent
ru,франциско,es,francisco,transparent
ru,француз,es,francés,altered
ru,французски,es,francés,altered
ru,франшиза,es,franquicia,altered
ru,фрегат,es,fragata,altered
ru,фридрих,es,federico,altered
ru,фронт,es,frente,altered
ru,фронтальный,es,frontal,transparent
ru,фронтовой,es,frontal,altered
ru,фрукт,es,fruto,altered
ru,фруктовый,es,fructuoso,altered
ru,фрэнсис,es,francis,transparent
ru,фуга,es,fuga,transparent
ru,фундамент,es,fundamento,altered
ru,фундаментальный,es,fundamental,transparent
ru,функционал,es,funcional,transparent
ru,функциональный,es,funcional,altered
ru,функция,es,función,transparent
ru,фургон,es,furgoneta,altered
ru,фурия,es,furia,transparent
ru,фурор,es,furor,transparent
ru,футбол,es,fútbol,transparent
ru,футболист,es,futbolista,altered
ru,футбольный,es,futbolístico,altered
ru,футуристический,es,futurista,altered
ru,фьорд,es,fiordo,altered
ru,фюрер,es,führer,transparent
ru,хакер,es,hacker,transparent
ru,хан,es,khan,transparent
ru,хаос,es,caos,altered
ru,характер,es,carácter,transparent
ru,характеризовать,es,caracterizar,altered
ru,характеристика,es,característica,transparent
ru,характерный,es,característico,altered
ru,хард,es,hard,transparent
ru,харизма,es,carisma,altered
ru,хельсинки,es,helsinki,transparent
ru,химик,es,químico,altered
ru,химиотерапия,es,quimioterapia,transparent
ru,химия,es,química,transparent
ru,хиппи,es,hippie,transparent
ru,хирургический,es,quirúrgico,altered
ru,хирургия,es,cirugía,altered
ru,хит,es,hit,transparent
ru,хлор,es,cloro,altered
ru,хлорид,es,cloruro,altered
ru,хобби,es,hobby,transparent
ru,хоккей,es,hockey,transparent
ru,хоккейный,es,hockey,transparent
ru,холдинг,es,holding,altered
ru,холестерин,es,colesterol,altered
ru,холокост,es,holocausto,altered
ru,хор,es,coro,transparent
ru,хореография,es,coreografía,transparent
ru,хост,es,host,transparent
ru,христианин,es,cristiano,altered
ru,христианский,es,cristiano,altered
ru,христианство,es,cristianismo,altered
ru,христос,es,cristo,altered
ru,хромосома,es,cromosoma,altered
ru,хронический,es,crónico,altered
ru,хронологический,es,cronológico,altered
ru,хронология,es,cronología,transparent
ru,хронометр,es,cronometrar,altered
ru,хунта,es,junta,altered
ru,хьюстон,es,houston,altered
ru,царь,es,zar,altered
ru,цезарь,es,césar,transparent
ru,цемент,es,cemento,transparent
ru,цензор,es,censor,transparent
ru,цензура,es,censura,transparent
ru,цент,es,centavo,transparent
ru,центр,es,centro,transparent
ru,централизовать,es,centralizar,transparent
ru,центральный,es,central,altered
ru,центурион,es,centurión,transparent
ru,церемониальный,es,ceremonial,transparent
ru,церемония,es,ceremonia,transparent
ru,цивилизация,es,civilización,transparent
ru,цивилизовать,es,civilizar,transparent
ru,цикл,es,ciclo,transparent
ru,циклический,es,cíclico,altered
ru,циклон,es,ciclón,altered
ru,цилиндр,es,cilindro,altered
ru,цилиндрический,es,cilíndrico,altered
ru,цинизм,es,cinismo,altered
ru,циничный,es,cínico,transparent
ru,цинк,es,zinc,transparent
ru,цирк,es,circo,altered
ru,циркуль,es,círculo,altered
ru,циркуляция,es,circulación,transparent
ru,цистерна,es,cisterna,transparent
ru,цитировать,es,citar,altered
ru,цифра,es,cifra,altered
ru,цунами,es,tsunami,transparent
ru,чао,es,chao,transparent
ru,чат,es,chat,transparent
ru,чек-лист,es,checklist,transparent
ru,челси,es,chelsea,transparent
ru,чемпион,es,campeón,altered
ru,чемпионат,es,campeonato,altered
ru,чемпионский,es,campeón,altered
ru,чехия,es,chequia,altered
ru,чехословакия,es,checoslovaquia,altered
ru,чи,es,chi,transparent
ru,чили,es,chile,transparent
ru,чип,es,chip,transparent
ru,чипсы,es,chip,transparent
ru,шалый,es,chalet,transparent
ru,шаман,es,chamán,altered
ru,шампанский,es,champagne,altered
ru,шампунь,es,champú,altered
ru,шантаж,es,chantaje,altered
ru,шасси,es,chasis,transparent
ru,шаттл,es,shuttle,transparent
ru,шах,es,shah,transparent
ru,швеция,es,suecia,altered
ru,шейх,es,jeque,altered
ru,шериф,es,sheriff,transparent
ru,шеф,es,chef,transparent
ru,шизофрения,es,esquizofrenia,altered
ru,шик,es,chic,altered
ru,шифр,es,cifra,altered
ru,шкала,es,escala,altered
ru,школьный,es,escolar,altered
ru,шок,es,shock,transparent
ru,шоколад,es,chocolate,altered
ru,шоколадный,es,chocolate,transparent
ru,шорты,es,short,transparent
ru,шоу,es,show,transparent
ru,шофер,es,chofer,transparent
ru,шпага,es,espada,altered
ru,шпионаж,es,espionaje,altered
ru,штамп,es,estampa,altered
ru,эбола,es,ébola,transparent
ru,эвакуация,es,evacuación,transparent
ru,эвакуировать,es,evacuar,transparent
ru,эвелина,es,evelyn,transparent
ru,эволюционировать,es,evolucionar,transparent
ru,эволюция,es,evolución,transparent
ru,эвтаназия,es,eutanasia,transparent
ru,эвфемизм,es,eufemismo,transparent
ru,эгида,es,égida,transparent
ru,эго,es,ego,transparent
ru,эгоизм,es,egoísmo,transparent
ru,эгоист,es,egoísta,transparent
ru,эдуард,es,eduardo,transparent
ru,эйфория,es,euforia,altered
ru,эквивалент,es,equivalente,altered
ru,эквивалентность,es,equivalencia,altered
ru,эквивалентный,es,equivalente,transparent
ru,экзамен,es,examen,transparent
ru,экзаменатор,es,examinador,altered
ru,экземпляр,es,ejemplar,altered
ru,экзистенциальный,es,existencial,transparent
ru,экзотический,es,exótico,transparent
ru,экипаж,es,equipaje,altered
ru,эколог,es,ecologista,altered
ru,экологический,es,ecológico,altered
ru,экология,es,ecología,altered
ru,экономика,es,economía,altered
ru,экономист,es,economista,altered
ru,экономически,es,económicamente,altered
ru,экономический,es,económico,transparent
ru,экономия,es,economía,altered
ru,экосистема,es,ecosistema,transparent
ru,экс,es,ex,transparent
ru,экскаватор,es,excavador,altered
ru,эксклюзивный,es,exclusiva,transparent
ru,экскурсия,es,excursión,altered
ru,экспансия,es,expansión,altered
ru,экспедиция,es,expedición,altered
ru,эксперимент,es,experimento,transparent
ru,экспериментальный,es,experimental,altered
ru,экспериментировать,es,experimentar,altered
ru,эксперт,es,experto,transparent
ru,эксплуатационный,es,explotación,altered
ru,эксплуатация,es,explotación,altered
ru,эксплуатировать,es,explotar,transparent
ru,экспозиция,es,exposición,altered
ru,экспорт,es,exportación,altered
ru,экспортировать,es,exportar,transparent
ru,экспрессия,es,expresion,altered
ru,экспроприация,es,expropiación,transparent
ru,экстаз,es,éxtasis,transparent
ru,экстерьер,es,exterior,transparent
ru,экстра,es,extra,transparent
ru,экстрадиция,es,extradición,transparent
ru,экстракт,es,extracto,transparent
ru,экстраординарный,es,extraordinario,transparent
ru,экстремизм,es,extremismo,transparent
ru,экстремист,es,extremista,transparent
ru,эксцентричный,es,excéntrico,altered
ru,эластичность,es,elasticidad,altered
ru,элеватор,es,elevador,transparent
ru,элегантный,es,elegante,transparent
ru,элегия,es,elegía,transparent
ru,электоральный,es,electoral,transparent
ru,электорат,es,electorado,altered
ru,электрик,es,electricista,altered
ru,электрический,es,eléctrico,transparent
ru,электричество,es,electricidad,altered
ru,электро,es,electro,transparent
ru,электрод,es,electrodo,transparent
ru,электромагнитный,es,electromagnético,altered
ru,электрон,es,electrón,transparent
ru,электроника,es,electrónica,transparent
ru,электронный,es,electrónico,altered
ru,элемент,es,elemento,transparent
ru,элементарный,es,elemental,altered
ru,эликсир,es,elixir,transparent
ru,элита,es,élite,transparent
ru,элитный,es,élite,altered
ru,эльф,es,elfo,altered
ru,эмаль,es,esmalte,altered
ru,эмансипация,es,emancipación,transparent
ru,эмблема,es,emblema,transparent
ru,эмбрион,es,embrión,transparent
ru,эмигрант,es,emigrante,altered
ru,эмиграция,es,emigración,altered
ru,эмир,es,emir,transparent
ru,эмират,es,emirato,transparent
ru,эмиссар,es,emisario,altered
ru,эмиссия,es,emisión,transparent
ru,эмоционально,es,emocionalmente,transparent
ru,эмоция,es,emoción,transparent
ru,эмпатия,es,empatía,transparent
ru,энергетик,es,energético,altered
ru,энергетический,es,energética,transparent
ru,энергичный,es,enérgico,altered
ru,энергия,es,energía,transparent
ru,энигма,es,enigma,transparent
ru,энтропия,es,entropía,transparent
ru,энтузиазм,es,entusiasmo,altered
ru,энтузиаст,es,entusiasta,transparent
ru,энциклопедия,es,enciclopedia,altered
ru,эпидемия,es,epidemia,transparent
ru,эпилепсия,es,epilepsia,transparent
ru,эпицентр,es,epicentro,transparent
ru,эпический,es,épico,transparent
ru,эпос,es,epopeya,altered
ru,эпоха,es,época,transparent
ru,эрекция,es,erección,transparent
ru,эрозия,es,erosión,transparent
ru,эротический,es,erótico,transparent
ru,эскадра,es,escuadra,altered
ru,эскадрон,es,escuadrón,transparent
ru,эскиз,es,esbozo,altered
ru,эскорт,es,escolta,altered
ru,эссенция,es,esencia,altered
ru,эстафета,es,estafeta,transparent
ru,эстетический,es,estético,transparent
ru,эстония,es,estonio,transparent
ru,этап,es,etapa,transparent
ru,этика,es,ética,transparent
ru,этимология,es,etimología,transparent
ru,этический,es,ético,altered
ru,этнический,es,étnico,transparent
ru,этнографический,es,etnográfico,transparent
ru,этнография,es,etnografía,transparent
ru,эффект,es,efecto,altered
ru,эффективность,es,efectividad,transparent
ru,эффективный,es,efectivo,altered
ru,эффектный,es,efectista,transparent
ru,эхо,es,eco,transparent
ru,юань,es,yuan,transparent
ru,юбилей,es,jubileo,altered
ru,ювентус,es,juventus,transparent
ru,югославия,es,yugoslavia,transparent
ru,юзер,es,usuario,altered
ru,юмор,es,humor,transparent
ru,юморист,es,humorista,transparent
ru,юмористический,es,humorístico,transparent
ru,юнеско,es,unesco,altered
ru,юниона,es,unión,transparent
ru,юпитер,es,júpiter,altered
ru,юридический,es,jurídico,transparent
ru,юрий,es,yuri,altered
ru,юрисдикция,es,jurisdicción,altered
ru,юриспруденция,es,jurisprudencia,transparent
ru,юрист,es,jurista,transparent
ru,юстиция,es,justicia,altered
ru,ягуар,es,jaguar,transparent
ru,як,es,yak,transparent
ru,япония,es,japón,altered
ru,яхта,es,yate,altered
