receiver_lang,receiver_word,donor_lang,donor_word,class
fr,abandon,pt,abandono,transparent
fr,abandonner,pt,abandonar,transparent
fr,abandonné,pt,abandonar,transparent
fr,abattre,pt,abater,transparent
fr,abattu,pt,abatido,transparent
fr,abbé,pt,abade,altered
fr,abeille,pt,abelha,altered
fr,abolir,pt,abolir,transparent
fr,abolition,pt,abolição,transparent
fr,abondance,pt,abundância,transparent
fr,abondant,pt,abundante,transparent
fr,abordage,pt,abordagem,transparent
fr,aborder,pt,abordar,transparent
fr,abordé,pt,abordar,transparent
fr,abriter,pt,abrigar,altered
fr,abrégé,pt,abreviar,transparent
fr,absence,pt,ausência,transparent
fr,absent,pt,ausente,altered
fr,absolu,pt,absoluto,transparent
fr,absolument,pt,absolutamente,transparent
fr,absorber,pt,absorver,transparent
fr,absorbé,pt,absorvido,altered
fr,absorption,pt,absorção,transparent
fr,abstention,pt,abstenção,transparent
fr,abstraction,pt,abstração,transparent
fr,abstrait,pt,abstrato,transparent
fr,absurde,pt,absurdo,transparent
fr,abus,pt,abuso,transparent
fr,abuser,pt,abusar,transparent
fr,abusif,pt,abusivo,transparent
fr,abusé,pt,abusar,transparent
fr,abîme,pt,abismo,transparent
fr,académique,pt,acadêmico,transparent
fr,accent,pt,acento,transparent
fr,accentuer,pt,acentuar,transparent
fr,acceptable,pt,aceitável,transparent
fr,acceptation,pt,aceitação,altered
fr,accepter,pt,aceitar,transparent
fr,accessibilité,pt,acessibilidade,transparent
fr,accessible,pt,acessível,altered
fr,accession,pt,acesso,altered
fr,accessoire,pt,acessório,transparent
fr,accident,pt,acidente,transparent
fr,accidentel,pt,acidental,transparent
fr,accidentellement,pt,acidentalmente,transparent
fr,accompagner,pt,acompanhar,transparent
fr,accompagné,pt,acompanhar,altered
fr,accompli,pt,cumprir,altered
fr,accomplir,pt,cumprir,altered
fr,accomplissement,pt,cumprimento,altered
fr,accord,pt,acordo,altered
fr,accordé,pt,acordar,altered
fr,accoutumer,pt,acostumar,altered
fr,accroître,pt,acrescentar,altered
fr,accrue,pt,acrescido,altered
fr,accréditer,pt,acreditar,transparent
fr,accueillir,pt,acolher,altered
fr,accumulation,pt,acumulação,transparent
fr,accumuler,pt,acumular,altered
fr,accumulé,pt,acumular,transparent
fr,accusation,pt,acusação,transparent
fr,accuser,pt,acusar,transparent
fr,accusé,pt,acusar,transparent
fr,accès,pt,acesso,transparent
fr,accéder,pt,acessar,altered
fr,accélérateur,pt,acelerador,transparent
fr,accélération,pt,aceleração,transparent
fr,accélérer,pt,acelerar,transparent
fr,accéléré,pt,acelerar,transparent
fr,achever,pt,acabar,altered
fr,achèvement,pt,acabamento,altered
fr,acide,pt,ácido,transparent
fr,acier,pt,aço,altered
fr,acoustique,pt,acústico,transparent
fr,acquis,pt,adquirir,altered
fr,acquisition,pt,aquisição,transparent
fr,acquérir,pt,adquirir,altered
fr,acte,pt,ato,transparent
fr,acteur,pt,ator,altered
fr,actif,pt,ativo,altered
fr,action,pt,ação,altered
fr,activation,pt,ativação,altered
fr,activement,pt,ativamente,transparent
fr,activer,pt,ativar,altered
fr,activiste,pt,ativista,altered
fr,activité,pt,atividade,transparent
fr,activé,pt,ativar,transparent
fr,actualisation,pt,atualização,transparent
fr,actualité,pt,atualidade,transparent
fr,actuel,pt,atual,transparent
fr,adaptation,pt,adaptação,transparent
fr,adapter,pt,adaptar,transparent
fr,adapté,pt,adaptar,transparent
fr,addition,pt,adição,transparent
fr,additionnel,pt,adicional,altered
fr,additionner,pt,adicionar,altered
fr,adepte,pt,adepto,transparent
fr,adhérent,pt,aderente,altered
fr,adhérer,pt,aderir,transparent
fr,adhésif,pt,adesivo,transparent
fr,adhésion,pt,adesão,transparent
fr,adieu,pt,adeus,transparent
fr,adjectif,pt,adjetivo,transparent
fr,adjoint,pt,adjunto,transparent
fr,admettre,pt,admitir,transparent
fr,administrateur,pt,administrador,transparent
fr,administratif,pt,administrativo,transparent
fr,administration,pt,administração,transparent
fr,administrer,pt,administrar,transparent
fr,administré,pt,administrar,transparent
fr,admirable,pt,admirável,transparent
fr,admiration,pt,admiração,transparent
fr,admirer,pt,admirar,transparent
fr,admis,pt,admitir,transparent
fr,admission,pt,admissão,transparent
fr,adolescence,pt,adolescência,transparent
fr,adolescent,pt,adolescente,transparent
fr,adopter,pt,adotar,transparent
fr,adoption,pt,adoção,transparent
fr,adopté,pt,adotar,transparent
fr,adorable,pt,adorável,transparent
fr,adoration,pt,adoração,transparent
fr,adorer,pt,adorar,transparent
fr,adrénaline,pt,adrenalina,transparent
fr,adulte,pt,adulto,altered
fr,adultère,pt,adultério,altered
fr,adversaire,pt,adversário,transparent
fr,adverse,pt,adverso,altered
fr,adéquat,pt,adequado,altered
fr,affecter,pt,afetar,altered
fr,affecté,pt,afetar,transparent
fr,affilié,pt,afiliar,transparent
fr,affilé,pt,afiado,transparent
fr,affinité,pt,afinidade,transparent
fr,affirmation,pt,afirmação,transparent
fr,affirmer,pt,afirmar,transparent
fr,affluent,pt,afluente,transparent
fr,affluer,pt,fluir,altered
fr,affronter,pt,enfrentar,altered
fr,afin,pt,afim,transparent
fr,africa,pt,áfrico,transparent
fr,africain,pt,africano,altered
fr,afrique,pt,áfrico,transparent
fr,afro,pt,afro,transparent
fr,agence,pt,agência,transparent
fr,agenda,pt,agendar,transparent
fr,agent,pt,agente,transparent
fr,agglomération,pt,aglomeração,transparent
fr,aggraver,pt,agravar,transparent
fr,agir,pt,agir,transparent
fr,agitation,pt,agitação,transparent
fr,agiter,pt,agitar,transparent
fr,agité,pt,agitado,transparent
fr,agonie,pt,agoniar,transparent
fr,agresser,pt,agredir,altered
fr,agresseur,pt,agressor,altered
fr,agressif,pt,agressivo,transparent
fr,agression,pt,agressão,altered
fr,agressive,pt,agressivo,transparent
fr,agressivité,pt,agressividade,transparent
fr,agressé,pt,agredir,transparent
fr,agricole,pt,agrícola,transparent
fr,agriculteur,pt,agricultor,transparent
fr,agriculture,pt,agricultura,transparent
fr,agro,pt,agro,transparent
fr,agréable,pt,agradável,transparent
fr,agréger,pt,agregar,transparent
fr,ah,pt,ah,transparent
fr,aider,pt,ajudar,altered
fr,aigu,pt,agudo,altered
fr,aiguille,pt,agulhar,altered
fr,ail,pt,alho,altered
fr,aile,pt,alar,transparent
fr,aimable,pt,amável,transparent
fr,aimant,pt,imã,altered
fr,aimer,pt,amar,altered
fr,aimé,pt,amar,transparent
fr,ainsi,pt,assim,altered
fr,air,pt,ar,altered
fr,airbus,pt,airbus,transparent
fr,aire,pt,área,transparent
fr,ajuster,pt,ajustar,transparent
fr,alaska,pt,alasca,altered
fr,alba,pt,alba,transparent
fr,albanais,pt,albanês,altered
fr,albanie,pt,albânia,transparent
fr,album,pt,álbum,transparent
fr,alcool,pt,álcool,transparent
fr,alcoolique,pt,alcoólico,transparent
fr,alcoolisme,pt,alcoolismo,transparent
fr,alentour,pt,arredor,transparent
fr,alentours,pt,arredor,altered
fr,alerte,pt,alertar,transparent
fr,alerter,pt,alertar,transparent
fr,algorithme,pt,algoritmo,transparent
fr,algue,pt,alga,altered
fr,algérien,pt,argelino,altered
fr,alias,pt,aliás,transparent
fr,alignement,pt,alinhamento,transparent
fr,aligner,pt,alinhar,altered
fr,aliment,pt,alimento,transparent
fr,alimentaire,pt,alimentar,transparent
fr,alimentation,pt,alimentação,transparent
fr,alimenter,pt,alimentar,altered
fr,allemagne,pt,alemanha,altered
fr,allemand,pt,alemão,altered
fr,allemande,pt,alemão,transparent
fr,allergie,pt,alergia,transparent
fr,allergique,pt,alérgico,transparent
fr,alliance,pt,aliançar,transparent
fr,allier,pt,aliar,transparent
fr,allié,pt,aliado,transparent
fr,allocation,pt,alocação,transparent
fr,allonge,pt,alongamento,altered
fr,allongement,pt,alongamento,altered
fr,allonger,pt,alongar,altered
fr,allongé,pt,alongar,altered
fr,allusion,pt,alusão,transparent
fr,allègre,pt,alegre,altered
fr,allégation,pt,alegação,transparent
fr,allégorie,pt,alegoria,transparent
fr,allégresse,pt,alegria,altered
fr,alléguer,pt,alegar,transparent
fr,allô,pt,alô,transparent
fr,alphabet,pt,alfabeto,transparent
fr,alphabétique,pt,alfabético,transparent
fr,alter,pt,alterar,altered
fr,alternatif,pt,alternativo,transparent
fr,alternative,pt,alternativo,transparent
fr,altesse,pt,alteza,altered
fr,altitude,pt,altitude,transparent
fr,alto,pt,alto,transparent
fr,altération,pt,alteração,transparent
fr,altérer,pt,alterar,transparent
fr,aluminium,pt,alumínio,transparent
fr,aléatoire,pt,aleatório,transparent
fr,amande,pt,amêndoa,altered
fr,amant,pt,amante,transparent
fr,amateur,pt,amador,transparent
fr,amazon,pt,amazona,transparent
fr,amazone,pt,amazon,transparent
fr,amazonie,pt,amazônia,transparent
fr,ambassadeur,pt,embaixador,altered
fr,ambiance,pt,ambiente,transparent
fr,ambigu,pt,ambíguo,transparent
fr,ambiguïté,pt,ambiguidade,transparent
fr,ambitieuse,pt,ambicioso,altered
fr,ambitieux,pt,ambicioso,transparent
fr,ambition,pt,ambição,transparent
fr,ambitus,pt,âmbito,altered
fr,ambre,pt,âmbar,transparent
fr,ambulance,pt,ambulância,transparent
fr,amen,pt,amém,transparent
fr,amer,pt,amargo,altered
fr,america,pt,américa,transparent
fr,american,pt,americano,transparent
fr,ami,pt,amigo,altered
fr,amiable,pt,amável,altered
fr,amie,pt,amigar,transparent
fr,amiral,pt,almirante,altered
fr,amitié,pt,amizade,altered
fr,amnistie,pt,anistiar,altered
fr,amour,pt,amor,transparent
fr,amoureux,pt,amoroso,altered
fr,ample,pt,amplo,transparent
fr,amplement,pt,amplamente,altered
fr,amplifier,pt,ampliar,altered
fr,amplitude,pt,amplitude,transparent
fr,amène,pt,ameno,transparent
fr,amélioration,pt,melhoria,altered
fr,améliorer,pt,melhorar,altered
fr,amélioré,pt,melhorar,altered
fr,américain,pt,americano,altered
fr,américaine,pt,americano,transparent
fr,amérique,pt,américa,transparent
fr,amériques,pt,américas,transparent
fr,an,pt,ano,altered
fr,anal,pt,anal,transparent
fr,analogie,pt,analogia,transparent
fr,analogue,pt,análogo,transparent
fr,analyse,pt,análise,transparent
fr,analyser,pt,analisar,transparent
fr,analyste,pt,analista,transparent
fr,analysé,pt,analisar,transparent
fr,analytique,pt,analítico,transparent
fr,anarchie,pt,anarquia,transparent
fr,anarchiste,pt,anarquista,transparent
fr,anatomie,pt,anatomia,transparent
fr,anciennement,pt,antigamente,altered
fr,ancre,pt,âncora,transparent
fr,anecdote,pt,anedota,altered
fr,anesthésie,pt,anestesiar,altered
fr,anesthésiste,pt,anestesista,altered
fr,ange,pt,anjo,altered
fr,anglais,pt,inglês,altered
fr,angle,pt,ângulo,transparent
fr,angleterre,pt,inglaterra,altered
fr,anglo,pt,anglo,transparent
fr,angoisse,pt,angústia,altered
fr,angola,pt,angola,transparent
fr,angélique,pt,angélico,transparent
fr,animal,pt,animal,transparent
fr,animateur,pt,animador,transparent
fr,animation,pt,animação,transparent
fr,animer,pt,animar,transparent
fr,animé,pt,animado,altered
fr,anneau,pt,anel,altered
fr,annexe,pt,anexo,transparent
fr,annexion,pt,anexação,altered
fr,anniversaire,pt,aniversário,altered
fr,annonce,pt,anúncio,transparent
fr,annoncer,pt,anunciar,altered
fr,annoter,pt,anotar,transparent
fr,annuaire,pt,anuário,altered
fr,annuel,pt,anual,transparent
fr,annuellement,pt,anualmente,transparent
fr,annulation,pt,anulação,transparent
fr,annulé,pt,anular,altered
fr,année,pt,ano,altered
fr,anomalie,pt,anomalia,transparent
fr,anonymat,pt,anonimato,transparent
fr,anonyme,pt,anônimo,altered
fr,anormal,pt,anormal,transparent
fr,antarctique,pt,antártico,transparent
fr,antenne,pt,antena,transparent
fr,anthologie,pt,antologia,transparent
fr,anthropologie,pt,antropologia,transparent
fr,anti,pt,anti,transparent
fr,antibiotique,pt,antibiótico,transparent
fr,anticipation,pt,antecipação,transparent
fr,anticiper,pt,antecipar,altered
fr,anticipé,pt,antecipar,altered
fr,anticorps,pt,anticorpo,transparent
fr,antique,pt,antigo,altered
fr,antiquité,pt,antiguidade,transparent
fr,antécédent,pt,antecedente,transparent
fr,antérieur,pt,anterior,transparent
fr,antérieurement,pt,anteriormente,transparent
fr,antérieurs,pt,anterior,altered
fr,anus,pt,ânus,altered
fr,anxieux,pt,ansioso,altered
fr,anxiété,pt,ansiedade,altered
fr,aout,pt,agosto,altered
fr,août,pt,agosto,altered
fr,apartheid,pt,apartheid,transparent
fr,apocalypse,pt,apocalipse,altered
fr,apollo,pt,apolo,transparent
fr,apologie,pt,apologia,transparent
fr,apostolique,pt,apostólico,transparent
fr,apparait,pt,aparecer,altered
fr,apparaître,pt,aparecer,altered
fr,appareil,pt,aparelho,altered
fr,apparement,pt,aparentemente,transparent
fr,apparemment,pt,aparentemente,transparent
fr,apparence,pt,aparência,transparent
fr,apparent,pt,aparente,altered
fr,apparition,pt,aparição,transparent
fr,appartement,pt,apartamento,transparent
fr,appartenance,pt,pertencer,altered
fr,appartenir,pt,pertencer,altered
fr,appel,pt,apelação,altered
fr,appellation,pt,apelação,transparent
fr,applaudir,pt,aplaudir,transparent
fr,applicable,pt,aplicável,transparent
fr,applicatif,pt,aplicativo,altered
fr,application,pt,aplicação,transparent
fr,applique,pt,aplique,transparent
fr,appliquer,pt,aplicar,transparent
fr,appliqué,pt,aplicar,altered
fr,apport,pt,aporte,transparent
fr,apporter,pt,aportar,transparent
fr,apprendre,pt,aprender,transparent
fr,apprenti,pt,aprendiz,altered
fr,apprentissage,pt,aprendizagem,altered
fr,approbation,pt,aprovação,transparent
fr,approcher,pt,aproximar,altered
fr,approché,pt,aproximar,altered
fr,approfondir,pt,aprofundar,transparent
fr,appropriation,pt,apropriação,transparent
fr,approprier,pt,apropriar,transparent
fr,approprié,pt,apropriar,transparent
fr,approuver,pt,aprovar,altered
fr,approuvé,pt,aprovar,altered
fr,approximation,pt,aproximação,transparent
fr,approximativement,pt,aproximadamente,transparent
fr,appréciation,pt,apreciação,transparent
fr,apprécier,pt,apreciar,transparent
fr,appréhender,pt,apreender,transparent
fr,apprêter,pt,apertar,altered
fr,appui,pt,apoio,altered
fr,appuyer,pt,apoiar,altered
fr,appétit,pt,apetite,transparent
fr,après,pt,após,altered
fr,apte,pt,apto,transparent
fr,aptitude,pt,aptidão,transparent
fr,apôtre,pt,apóstolo,altered
fr,aquarelle,pt,aquarela,transparent
fr,aquarium,pt,aquário,transparent
fr,aquatique,pt,aquático,transparent
fr,arabe,pt,árabe,transparent
fr,araignée,pt,aranha,altered
fr,arbitrage,pt,arbitragem,transparent
fr,arbitraire,pt,arbitrário,transparent
fr,arbitre,pt,árbitro,transparent
fr,arbre,pt,árvore,altered
fr,arc,pt,arco,transparent
fr,archaïque,pt,arcaico,transparent
fr,archipel,pt,arquipélago,altered
fr,architecte,pt,arquiteto,altered
fr,architectural,pt,arquitetônico,altered
fr,architecture,pt,arquitetura,transparent
fr,archéologie,pt,arqueologia,transparent
fr,archéologique,pt,arqueológico,transparent
fr,archéologue,pt,arqueólogo,altered
fr,arctique,pt,ártico,transparent
fr,ardent,pt,ardente,transparent
fr,are,pt,are,transparent
fr,argentin,pt,argentino,transparent
fr,argile,pt,argila,transparent
fr,argument,pt,argumento,transparent
fr,argumentation,pt,argumentação,transparent
fr,argumenter,pt,argumentar,transparent
fr,arme,pt,arma,transparent
fr,armement,pt,armamento,transparent
fr,armer,pt,armar,transparent
fr,armoire,pt,armário,transparent
fr,armure,pt,armadura,transparent
fr,armé,pt,armar,altered
fr,armée,pt,armar,altered
fr,arracher,pt,arrancar,altered
fr,arraché,pt,arrancar,altered
fr,arrangement,pt,arranjo,altered
fr,arranger,pt,arranjar,transparent
fr,arrogance,pt,arrogância,transparent
fr,arrogant,pt,arrogante,transparent
fr,arrondi,pt,arredondar,altered
fr,arsenal,pt,arsenal,transparent
fr,art,pt,arte,transparent
fr,article,pt,artigo,transparent
fr,articulation,pt,articulação,transparent
fr,artifice,pt,artifício,transparent
fr,artificiel,pt,artificial,transparent
fr,artificiellement,pt,artificialmente,transparent
fr,artillerie,pt,artilharia,altered
fr,artisan,pt,artesão,altered
fr,artisanal,pt,artesanal,transparent
fr,artisanat,pt,artesanato,transparent
fr,artiste,pt,artista,transparent
fr,artistique,pt,artístico,transparent
fr,artère,pt,artéria,transparent
fr,artériel,pt,arterial,transparent
fr,arène,pt,arena,transparent
fr,as,pt,ás,transparent
fr,ascendant,pt,ascendente,altered
fr,ascension,pt,ascensão,transparent
fr,asiatique,pt,asiático,altered
fr,asie,pt,ásia,transparent
fr,asile,pt,asilo,transparent
fr,aspect,pt,aspecto,transparent
fr,aspirateur,pt,aspirador,transparent
fr,aspiration,pt,aspiração,transparent
fr,aspirer,pt,aspirar,transparent
fr,assainissement,pt,saneamento,altered
fr,assassin,pt,assassino,transparent
fr,assassinat,pt,assassinato,transparent
fr,assassiner,pt,assassinar,transparent
fr,assassiné,pt,assassinar,transparent
fr,assemblée,pt,assembleia,transparent
fr,assimilation,pt,assimilação,transparent
fr,assimiler,pt,assimilar,transparent
fr,assimilé,pt,assimilar,transparent
fr,assistance,pt,assistência,altered
fr,assistant,pt,assistente,transparent
fr,associatif,pt,associativo,transparent
fr,association,pt,associação,transparent
fr,associer,pt,associar,transparent
fr,associé,pt,associado,transparent
fr,assumer,pt,assumir,transparent
fr,assuré,pt,assegurar,transparent
fr,asthme,pt,asma,altered
fr,astrologie,pt,astrologia,transparent
fr,astronaute,pt,astronauta,transparent
fr,astronomie,pt,astronomia,transparent
fr,atelier,pt,atelier,transparent
fr,athlète,pt,atleta,transparent
fr,athlétique,pt,atlético,transparent
fr,athlétisme,pt,atletismo,transparent
fr,athée,pt,ateu,altered
fr,atlantic,pt,atlântico,altered
fr,atlantique,pt,atlântico,transparent
fr,atlas,pt,atlas,transparent
fr,atlético,pt,atlético,transparent
fr,atmosphère,pt,atmosfera,altered
fr,atmosphérique,pt,atmosférico,altered
fr,atome,pt,átomo,transparent
fr,atomique,pt,atômico,transparent
fr,atrocité,pt,atrocidade,transparent
fr,attaquant,pt,atacante,transparent
fr,attaque,pt,ataque,altered
fr,attaquer,pt,atacar,altered
fr,attardé,pt,atrasar,altered
fr,atteindre,pt,atingir,altered
fr,atteint,pt,atingir,altered
fr,attentat,pt,atentar,transparent
fr,attenter,pt,atentar,altered
fr,attentif,pt,atento,altered
fr,attention,pt,atenção,transparent
fr,attentivement,pt,atentamente,transparent
fr,atterrir,pt,aterrar,altered
fr,atterrissage,pt,aterrissagem,altered
fr,attester,pt,atestar,transparent
fr,attirant,pt,atraente,altered
fr,attirer,pt,atrair,altered
fr,attitude,pt,atitude,altered
fr,attractif,pt,atrativo,altered
fr,attraction,pt,atração,transparent
fr,attribuer,pt,atribuir,transparent
fr,attribut,pt,atributo,transparent
fr,attribution,pt,atribuição,transparent
fr,attribué,pt,atribuir,transparent
fr,atténuer,pt,atenuar,transparent
fr,atypique,pt,atípico,altered
fr,audace,pt,audácia,transparent
fr,audience,pt,audiência,transparent
fr,audio,pt,áudio,transparent
fr,audiovisuel,pt,audiovisual,transparent
fr,auditeur,pt,auditor,transparent
fr,audition,pt,audição,transparent
fr,auditoire,pt,auditório,transparent
fr,augment,pt,aumento,altered
fr,augmentation,pt,aumento,altered
fr,augmenter,pt,aumentar,transparent
fr,auguste,pt,augusto,transparent
fr,aura,pt,aura,transparent
fr,aurore,pt,aurora,transparent
fr,australie,pt,austrália,altered
fr,australien,pt,australiano,altered
fr,austérité,pt,austeridade,transparent
fr,auteur,pt,autor,altered
fr,auteure,pt,autor,transparent
fr,authenticité,pt,autenticidade,transparent
fr,authentique,pt,autêntico,transparent
fr,autisme,pt,autismo,transparent
fr,autiste,pt,autista,transparent
fr,auto,pt,auto,transparent
fr,autobiographie,pt,autobiografia,transparent
fr,autographe,pt,autógrafo,transparent
fr,automatique,pt,automático,transparent
fr,automatiquement,pt,automaticamente,transparent
fr,automne,pt,outono,altered
fr,automobile,pt,automóvel,transparent
fr,autonome,pt,autónomo,transparent
fr,autonomie,pt,autonomia,altered
fr,autopsie,pt,autópsia,transparent
fr,autorisation,pt,autorização,transparent
fr,autoriser,pt,autorizar,transparent
fr,autorisé,pt,autorizar,transparent
fr,autorité,pt,autoridade,transparent
fr,autre,pt,outro,altered
fr,autrichien,pt,austríaco,altered
fr,auxiliaire,pt,auxiliar,transparent
fr,aval,pt,aval,transparent
fr,avance,pt,avanço,transparent
fr,avancement,pt,avanço,altered
fr,avancer,pt,avançar,transparent
fr,avancé,pt,avançar,altered
fr,avant,pt,antes,altered
fr,avantage,pt,vantagem,altered
fr,avantageux,pt,vantajoso,altered
fr,avatar,pt,avatar,transparent
fr,ave,pt,ave,transparent
fr,aventure,pt,aventurar,transparent
fr,aventurer,pt,aventurar,transparent
fr,aventurier,pt,aventureiro,transparent
fr,avenue,pt,avenida,transparent
fr,avertir,pt,advertir,transparent
fr,avertissement,pt,advertência,altered
fr,aviation,pt,aviação,transparent
fr,avide,pt,ávido,transparent
fr,avion,pt,avião,transparent
fr,avis,pt,aviso,transparent
fr,avocat,pt,advogar,altered
fr,avoir,pt,haver,altered
fr,avortement,pt,aborto,altered
fr,avorter,pt,abortar,transparent
fr,avoué,pt,advogar,altered
fr,avril,pt,abril,transparent
fr,azur,pt,azul,altered
fr,aérien,pt,aéreo,altered
fr,aéronautique,pt,aeronáutico,transparent
fr,aéronef,pt,aeronave,altered
fr,aéroport,pt,aeroporto,altered
fr,bac,pt,bacia,transparent
fr,baccalauréat,pt,bacharelar,altered
fr,bactérie,pt,bactéria,transparent
fr,bagage,pt,bagagem,transparent
fr,bagel,pt,bagel,transparent
fr,baignoire,pt,banheira,altered
fr,bain,pt,banho,altered
fr,baisse,pt,baixar,altered
fr,baisser,pt,baixar,altered
fr,bal,pt,baile,transparent
fr,balance,pt,balançar,transparent
fr,balancer,pt,balançar,transparent
fr,balayer,pt,varrer,altered
fr,balcon,pt,balcão,transparent
fr,baleine,pt,baleia,altered
fr,ballet,pt,balé,transparent
fr,ballon,pt,balão,altered
fr,balnéaire,pt,balneário,altered
fr,bambou,pt,bambu,transparent
fr,ban,pt,bando,altered
fr,banal,pt,banal,transparent
fr,banane,pt,banana,transparent
fr,banc,pt,banco,transparent
fr,bancaire,pt,bancário,transparent
fr,bandit,pt,bandido,altered
fr,banquet,pt,banquete,altered
fr,banquier,pt,banqueiro,transparent
fr,baptiser,pt,batizar,altered
fr,baptiste,pt,batista,altered
fr,baptême,pt,batismo,altered
fr,bar,pt,bar,transparent
fr,baraque,pt,barraca,altered
fr,barbare,pt,bárbaro,altered
fr,barbarie,pt,barbárie,transparent
fr,barbier,pt,barbeiro,transparent
fr,baril,pt,barril,transparent
fr,baron,pt,barão,transparent
fr,baroque,pt,barroco,altered
fr,barque,pt,barco,transparent
fr,barre,pt,barrar,transparent
fr,barré,pt,barrar,transparent
fr,bas,pt,baixo,altered
fr,base,pt,base,transparent
fr,baseball,pt,beisebol,altered
fr,baser,pt,basear,transparent
fr,basilique,pt,basílica,transparent
fr,basique,pt,básico,altered
fr,basiquement,pt,basicamente,transparent
fr,basque,pt,basco,transparent
fr,basse,pt,baixar,transparent
fr,basé,pt,basear,transparent
fr,bataille,pt,batalhar,altered
fr,batailler,pt,batalhar,altered
fr,bataillon,pt,batalhão,altered
fr,batte,pt,bater,transparent
fr,batterie,pt,bateria,transparent
fr,batteur,pt,batedor,altered
fr,battre,pt,bater,altered
fr,battu,pt,batido,transparent
fr,battue,pt,batido,altered
fr,baver,pt,babar,transparent
fr,bazar,pt,bazar,transparent
fr,beau,pt,belo,altered
fr,beauté,pt,beleza,altered
fr,bebe,pt,bebé,transparent
fr,beige,pt,bege,altered
fr,bel,pt,belo,altered
fr,belge,pt,belga,transparent
fr,beta,pt,betar,transparent
fr,bible,pt,bíblia,altered
fr,bibliographie,pt,bibliografia,transparent
fr,bibliothèque,pt,biblioteca,transparent
fr,bibliothécaire,pt,bibliotecário,transparent
fr,biblique,pt,bíblico,transparent
fr,bicyclette,pt,bicicleta,transparent
fr,bien,pt,bem,altered
fr,bienfait,pt,benefício,altered
fr,bienveillant,pt,benevolente,altered
fr,bike,pt,bike,transparent
fr,bikini,pt,biquíni,transparent
fr,bilingue,pt,bilíngue,transparent
fr,billard,pt,bilhar,transparent
fr,billet,pt,bilhete,altered
fr,binaire,pt,binário,transparent
fr,bingo,pt,bingo,transparent
fr,bio,pt,bio,transparent
fr,biodiversité,pt,biodiversidade,transparent
fr,biographie,pt,biografia,transparent
fr,biologie,pt,biologia,transparent
fr,biologique,pt,biológico,transparent
fr,bis,pt,bis,transparent
fr,biscuit,pt,biscoito,transparent
fr,bit,pt,bit,transparent
fr,black,pt,black,transparent
fr,blanc,pt,branco,altered
fr,blanche,pt,branco,altered
fr,blanchiment,pt,branqueamento,altered
fr,blasphème,pt,blasfêmia,altered
fr,blindé,pt,blindar,altered
fr,bloc,pt,bloco,transparent
fr,blocage,pt,bloqueio,transparent
fr,blog,pt,blog,transparent
fr,blogue,pt,blogar,transparent
fr,bloquer,pt,bloquear,transparent
fr,bloqué,pt,bloquear,transparent
fr,blouse,pt,blusa,transparent
fr,blues,pt,blues,transparent
fr,boa,pt,bom,transparent
fr,bobo,pt,bobo,transparent
fr,boeuf,pt,boi,altered
fr,bol,pt,bol,transparent
fr,bolivie,pt,bolívia,transparent
fr,bombardement,pt,bombardear,transparent
fr,bombe,pt,bombar,transparent
fr,bon,pt,bom,altered
fr,bonbon,pt,bombom,altered
fr,bonnet,pt,boné,altered
fr,bonté,pt,bondade,altered
fr,bonus,pt,bônus,transparent
fr,boom,pt,boom,transparent
fr,booster,pt,booster,transparent
fr,bord,pt,bordo,altered
fr,bordel,pt,bordel,transparent
fr,bordure,pt,bordar,altered
fr,bot,pt,bot,transparent
fr,botanique,pt,botânico,transparent
fr,bouc,pt,bode,altered
fr,bouddhisme,pt,budismo,altered
fr,bouillir,pt,bolhar,altered
fr,boulette,pt,bolar,altered
fr,bouquet,pt,buquê,transparent
fr,bourdon,pt,bordão,altered
fr,bourg,pt,burgo,altered
fr,bourgeois,pt,burguês,transparent
fr,bourgeoisie,pt,burguesia,transparent
fr,bourrique,pt,burro,altered
fr,bourse,pt,bolso,altered
fr,bouton,pt,botão,altered
fr,bovin,pt,bovino,transparent
fr,box,pt,box,transparent
fr,boxe,pt,boxe,transparent
fr,boxeur,pt,boxeador,altered
fr,boy,pt,boy,transparent
fr,boycott,pt,boicote,altered
fr,bras,pt,braço,altered
fr,brasilia,pt,brasília,transparent
fr,bravo,pt,bravo,transparent
fr,bref,pt,breve,altered
fr,brigade,pt,brigar,transparent
fr,brillance,pt,brilho,altered
fr,brillant,pt,brilhante,transparent
fr,briller,pt,brilhar,altered
fr,brilliant,pt,brilhante,altered
fr,britannique,pt,britânico,transparent
fr,brièvement,pt,brevemente,transparent
fr,broche,pt,broche,transparent
fr,brochure,pt,brochura,transparent
fr,bronze,pt,bronze,transparent
fr,brun,pt,bruno,transparent
fr,brusque,pt,brusco,transparent
fr,brusquement,pt,bruscamente,transparent
fr,brut,pt,bruto,transparent
fr,brutal,pt,brutal,transparent
fr,brutalement,pt,brutalmente,transparent
fr,brutalité,pt,brutalidade,altered
fr,brute,pt,bruto,transparent
fr,brèche,pt,brecha,transparent
fr,brève,pt,breve,transparent
fr,brésil,pt,brasil,altered
fr,brésilien,pt,brasileiro,altered
fr,buffalo,pt,búfalo,altered
fr,bug,pt,bug,transparent
fr,bulgare,pt,búlgaro,altered
fr,bulgarie,pt,bulgária,transparent
fr,bulletin,pt,boletim,transparent
fr,bunker,pt,bunker,transparent
fr,bureaucratie,pt,burocracia,transparent
fr,bus,pt,ônibus,altered
fr,buste,pt,busto,transparent
fr,bâtard,pt,bastardo,transparent
fr,bâton,pt,bastão,transparent
fr,bénir,pt,abençoar,altered
fr,bénédiction,pt,bênção,altered
fr,bénéfice,pt,benefício,transparent
fr,bénéficiaire,pt,beneficiário,transparent
fr,bénéficier,pt,beneficiar,altered
fr,bénéfique,pt,benéfico,transparent
fr,béton,pt,betão,transparent
fr,bête,pt,besta,altered
fr,bœuf,pt,boi,altered
fr,cabane,pt,cabano,transparent
fr,cabine,pt,cabina,transparent
fr,cabinet,pt,gabinete,altered
fr,cacao,pt,cacau,transparent
fr,cadavre,pt,cadáver,transparent
fr,cadenas,pt,cadeia,altered
fr,cadet,pt,cadete,transparent
fr,cadre,pt,quadro,altered
fr,café,pt,café,transparent
fr,cafétéria,pt,cafeteria,transparent
fr,cahier,pt,caderno,altered
fr,caisse,pt,caixa,altered
fr,calcaire,pt,calcário,transparent
fr,calcium,pt,cálcio,transparent
fr,calcul,pt,cálculo,altered
fr,calculer,pt,calcular,altered
fr,calendrier,pt,calendário,altered
fr,calibre,pt,calibre,transparent
fr,calice,pt,cálice,transparent
fr,calme,pt,calmar,transparent
fr,calmer,pt,calmar,transparent
fr,calorie,pt,caloria,transparent
fr,calvaire,pt,calvário,transparent
fr,camarade,pt,camarada,transparent
fr,camion,pt,camião,transparent
fr,camp,pt,campo,altered
fr,campagne,pt,campanha,transparent
fr,campement,pt,acampamento,altered
fr,campus,pt,campus,transparent
fr,caméra,pt,câmera,transparent
fr,canada,pt,canadá,transparent
fr,canadien,pt,canadense,transparent
fr,canal,pt,canal,transparent
fr,cancer,pt,câncer,transparent
fr,candidat,pt,candidato,transparent
fr,candidater,pt,candidatar,transparent
fr,candidature,pt,candidatura,transparent
fr,cannabis,pt,cannabis,transparent
fr,canne,pt,cano,transparent
fr,canon,pt,canhão,transparent
fr,canot,pt,canoa,transparent
fr,cantine,pt,cantina,transparent
fr,canton,pt,cantão,altered
fr,cap,pt,cabo,altered
fr,capable,pt,capaz,altered
fr,capacité,pt,capacidade,transparent
fr,capitaine,pt,capitão,transparent
fr,capital,pt,capital,transparent
fr,capitalisme,pt,capitalismo,transparent
fr,capitaliste,pt,capitalista,transparent
fr,capitole,pt,capitólio,transparent
fr,caporal,pt,cabo,altered
fr,capote,pt,capotar,transparent
fr,caprice,pt,capricho,altered
fr,capsule,pt,cápsula,transparent
fr,capter,pt,captar,transparent
fr,captivité,pt,cativeiro,altered
fr,capture,pt,capturar,transparent
fr,capturer,pt,capturar,transparent
fr,capuche,pt,capuz,altered
fr,caractère,pt,caráter,transparent
fr,caractériser,pt,caracterizar,transparent
fr,caractéristique,pt,característica,transparent
fr,caractérisé,pt,caracterizar,transparent
fr,caramel,pt,caramelo,altered
fr,caravane,pt,caravana,transparent
fr,carbone,pt,carbono,transparent
fr,cardiaque,pt,cardíaco,transparent
fr,cardinal,pt,cardeal,altered
fr,cardio,pt,cardio,transparent
fr,cardiologue,pt,cardiologista,altered
fr,carence,pt,carência,transparent
fr,caresser,pt,acariciar,altered
fr,cargaison,pt,carregamento,altered
fr,cargo,pt,cargo,transparent
fr,caricature,pt,caricaturar,transparent
fr,carnage,pt,carnificina,altered
fr,carnaval,pt,carnaval,transparent
fr,carreau,pt,quadrar,altered
fr,carrière,pt,carreira,altered
fr,carré,pt,quadrar,altered
fr,carte,pt,cartaz,altered
fr,cartel,pt,cartel,transparent
fr,cartographie,pt,cartografia,transparent
fr,cartouche,pt,cartucho,transparent
fr,cas,pt,caso,transparent
fr,cascade,pt,cascata,altered
fr,cash,pt,cash,transparent
fr,casino,pt,casino,transparent
fr,cassation,pt,cassação,transparent
fr,casser,pt,cassar,transparent
fr,cassette,pt,cassete,transparent
fr,caste,pt,casto,transparent
fr,casting,pt,casting,transparent
fr,castor,pt,castor,transparent
fr,catalan,pt,catalão,altered
fr,catalogue,pt,catálogo,altered
fr,catastrophe,pt,catástrofe,altered
fr,catastrophique,pt,catastrófico,transparent
fr,catholicisme,pt,catolicismo,transparent
fr,catholique,pt,católico,transparent
fr,cathédrale,pt,catedral,transparent
fr,catégorie,pt,categoria,transparent
fr,caucase,pt,cáucaso,altered
fr,cause,pt,causar,transparent
fr,causer,pt,causar,transparent
fr,cavalerie,pt,cavalaria,altered
fr,cavalier,pt,cavaleiro,altered
fr,cave,pt,cavar,transparent
fr,caverne,pt,caverna,transparent
fr,caviar,pt,caviar,transparent
fr,cavité,pt,cavidade,transparent
fr,ceinture,pt,cintura,transparent
fr,cellulaire,pt,celular,altered
fr,cellule,pt,célula,transparent
fr,censure,pt,censurar,transparent
fr,censurer,pt,censurar,transparent
fr,cent,pt,cem,altered
fr,centaine,pt,centena,transparent
fr,centenaire,pt,centenário,altered
fr,centimètre,pt,centímetro,transparent
fr,central,pt,central,transparent
fr,centrale,pt,central,transparent
fr,centre,pt,centro,transparent
fr,centré,pt,centrar,transparent
fr,cercle,pt,círculo,altered
fr,cerf,pt,cervo,transparent
fr,cerise,pt,cereja,altered
fr,certainement,pt,certamente,altered
fr,certificat,pt,certificar,transparent
fr,certification,pt,certificação,transparent
fr,certifier,pt,certificar,altered
fr,certifié,pt,certificar,transparent
fr,certitude,pt,certeza,altered
fr,cerveau,pt,cérebro,altered
fr,cesser,pt,cessar,transparent
fr,cession,pt,cessão,transparent
fr,chaine,pt,cadeia,altered
fr,chair,pt,carne,altered
fr,chalet,pt,chalé,transparent
fr,chaleur,pt,calor,altered
fr,chambre,pt,câmara,altered
fr,champ,pt,campo,altered
fr,champagne,pt,champanhe,altered
fr,champion,pt,campeão,altered
fr,championnat,pt,campeonato,transparent
fr,chancelier,pt,chanceler,altered
fr,chanson,pt,canção,altered
fr,chant,pt,canto,altered
fr,chantage,pt,chantagem,transparent
fr,chanter,pt,cantar,altered
fr,chanteur,pt,cantor,altered
fr,chaos,pt,caos,transparent
fr,chaotique,pt,caótico,transparent
fr,chapeau,pt,chapéu,transparent
fr,chapelle,pt,capela,altered
fr,chapitre,pt,capítulo,altered
fr,charbon,pt,carvão,altered
fr,charge,pt,carga,altered
fr,chargement,pt,carregamento,altered
fr,charger,pt,carregar,transparent
fr,chargeur,pt,carregador,transparent
fr,chargé,pt,carregar,altered
fr,chariot,pt,carro,altered
fr,charismatique,pt,carismático,altered
fr,charisme,pt,carisma,altered
fr,charité,pt,caridade,altered
fr,charon,pt,caronte,altered
fr,charpentier,pt,carpinteiro,altered
fr,chasser,pt,caçar,altered
fr,chat,pt,gato,altered
fr,chateau,pt,castelo,altered
fr,chaudière,pt,caldeirar,altered
fr,chausser,pt,calçar,altered
fr,chaîne,pt,cadeia,altered
fr,chef,pt,chefe,altered
fr,chemin,pt,caminho,altered
fr,cheminer,pt,caminhar,altered
fr,cheminée,pt,chaminé,transparent
fr,cher,pt,caro,altered
fr,cheval,pt,cavalo,altered
fr,chevalier,pt,cavalheiro,altered
fr,chic,pt,chique,transparent
fr,chiffre,pt,cifrar,transparent
fr,chili,pt,chile,altered
fr,chimie,pt,químico,transparent
fr,chimique,pt,químico,transparent
fr,chimiste,pt,químico,altered
fr,chinois,pt,chinês,altered
fr,chips,pt,chip,transparent
fr,chirurgical,pt,cirúrgico,altered
fr,chirurgie,pt,cirurgia,altered
fr,chirurgien,pt,cirurgião,transparent
fr,chlore,pt,cloro,altered
fr,choc,pt,choque,altered
fr,chocolat,pt,chocolate,transparent
fr,choeur,pt,coro,altered
fr,choir,pt,cair,altered
fr,choquer,pt,chocar,transparent
fr,choqué,pt,chocado,altered
fr,chorale,pt,coral,altered
fr,chorégraphie,pt,coreografia,altered
fr,chose,pt,coisar,altered
fr,christ,pt,cristo,altered
fr,christianisme,pt,cristianismo,transparent
fr,chrome,pt,cromo,transparent
fr,chronique,pt,crónico,transparent
fr,chroniqueur,pt,cronista,altered
fr,chronologie,pt,cronologia,transparent
fr,chronologique,pt,cronológico,altered
fr,châssis,pt,chassi,transparent
fr,château,pt,castelo,altered
fr,chèque,pt,cheque,transparent
fr,chœur,pt,coro,altered
fr,ciao,pt,tchau,transparent
fr,cicatrice,pt,cicatriz,transparent
fr,ciel,pt,céu,altered
fr,cigare,pt,cigarro,transparent
fr,cigarette,pt,cigarro,altered
fr,cil,pt,cílio,altered
fr,cime,pt,cima,altered
fr,ciment,pt,cimento,transparent
fr,cimetière,pt,cemitério,altered
fr,cinema,pt,cinema,transparent
fr,cinquante,pt,cinquenta,transparent
fr,ciné,pt,cinema,altered
fr,cinéaste,pt,cineasta,transparent
fr,cinéma,pt,cinema,transparent
fr,cinématographique,pt,cinematográfico,transparent
fr,circonstance,pt,circunstância,transparent
fr,circuit,pt,circuito,transparent
fr,circulaire,pt,circular,transparent
fr,circulant,pt,circulante,transparent
fr,circulation,pt,circulação,altered
fr,circuler,pt,circular,altered
fr,cirque,pt,circo,altered
fr,citadelle,pt,cidadela,altered
fr,citation,pt,citação,transparent
fr,citer,pt,citar,transparent
fr,cité,pt,cidade,altered
fr,civil,pt,civil,transparent
fr,civilisation,pt,civilização,transparent
fr,civilisé,pt,civilizar,transparent
fr,civique,pt,cívico,transparent
fr,clair,pt,claro,transparent
fr,claire,pt,claro,transparent
fr,clairement,pt,claramente,transparent
fr,clan,pt,clã,altered
fr,clandestin,pt,clandestino,transparent
fr,claque,pt,claque,transparent
fr,clarté,pt,claridade,transparent
fr,classe,pt,classe,transparent
fr,classer,pt,classificar,altered
fr,classification,pt,classificação,transparent
fr,classifier,pt,classificar,transparent
fr,classique,pt,clássico,altered
fr,classé,pt,classificar,transparent
fr,clause,pt,cláusula,transparent
fr,clerc,pt,clérigo,altered
fr,clergé,pt,clero,altered
fr,clic,pt,clique,altered
fr,cliché,pt,clichê,transparent
fr,client,pt,cliente,transparent
fr,clientèle,pt,clientela,altered
fr,climat,pt,clima,transparent
fr,climatique,pt,climático,transparent
fr,clinique,pt,clínico,transparent
fr,clip,pt,clipe,transparent
fr,clique,pt,clique,transparent
fr,cliquer,pt,clicar,altered
fr,clone,pt,clone,transparent
fr,club,pt,clube,transparent
fr,clé,pt,chave,altered
fr,clément,pt,clemente,transparent
fr,coalition,pt,coalizão,transparent
fr,cocaïne,pt,cocaína,transparent
fr,cocktail,pt,coquetel,altered
fr,coco,pt,coco,transparent
fr,code,pt,código,transparent
fr,coefficient,pt,coeficiente,transparent
fr,coffre,pt,cofre,altered
fr,cognitif,pt,cognitivo,transparent
fr,cohérent,pt,coerente,transparent
fr,cohésion,pt,coesão,altered
fr,cola,pt,colar,transparent
fr,colique,pt,cólico,altered
fr,collaborateur,pt,colaborador,transparent
fr,collaboration,pt,colaboração,transparent
fr,collaborer,pt,colaborar,transparent
fr,collagène,pt,colágeno,altered
fr,collecte,pt,coletar,transparent
fr,collecter,pt,coletar,altered
fr,collectif,pt,coletivo,transparent
fr,collection,pt,coleção,transparent
fr,collectionneur,pt,colecionador,altered
fr,collectivement,pt,coletivamente,altered
fr,collectivité,pt,coletividade,transparent
fr,college,pt,colégio,transparent
fr,collier,pt,colar,altered
fr,colline,pt,colina,transparent
fr,collision,pt,colisão,transparent
fr,collège,pt,colégio,transparent
fr,collègue,pt,colega,transparent
fr,collé,pt,colar,altered
fr,colombe,pt,pombo,altered
fr,colombien,pt,colombiano,transparent
fr,colon,pt,cólon,transparent
fr,colonel,pt,coronel,altered
fr,colonial,pt,colonial,transparent
fr,colonie,pt,colônia,transparent
fr,colonisation,pt,colonização,transparent
fr,colonne,pt,coluna,transparent
fr,coloration,pt,coloração,altered
fr,coloris,pt,colorido,altered
fr,coloré,pt,colorido,altered
fr,colère,pt,cólera,transparent
fr,combat,pt,combater,transparent
fr,combattant,pt,combatente,transparent
fr,combattre,pt,combater,transparent
fr,combinaison,pt,combinação,transparent
fr,combiner,pt,combinar,transparent
fr,combiné,pt,combinar,transparent
fr,combo,pt,combo,transparent
fr,combustible,pt,combustível,transparent
fr,combustion,pt,combustão,transparent
fr,comique,pt,cômico,transparent
fr,comité,pt,comitê,transparent
fr,commandant,pt,comandante,transparent
fr,commandement,pt,mandamento,altered
fr,commando,pt,comando,transparent
fr,commandé,pt,encomendar,altered
fr,comme,pt,como,altered
fr,commencer,pt,começar,altered
fr,comment,pt,como,altered
fr,commentaire,pt,comentário,transparent
fr,commentateur,pt,comentarista,transparent
fr,commenter,pt,comentar,transparent
fr,commerce,pt,comércio,altered
fr,commercial,pt,comercial,transparent
fr,commerciale,pt,comercial,transparent
fr,commercialisation,pt,comercialização,transparent
fr,commercialiser,pt,comercializar,transparent
fr,commerçant,pt,comerciante,transparent
fr,commettre,pt,cometer,altered
fr,commissaire,pt,comissário,altered
fr,commission,pt,comissão,transparent
fr,commun,pt,comum,transparent
fr,communautaire,pt,comunitário,transparent
fr,communauté,pt,comunidade,transparent
fr,commune,pt,comuna,transparent
fr,communication,pt,comunicação,transparent
fr,communion,pt,comunhão,transparent
fr,communiquer,pt,comunicar,transparent
fr,communiqué,pt,comunicar,transparent
fr,communisme,pt,comunismo,transparent
fr,communiste,pt,comunista,transparent
fr,communément,pt,comumente,transparent
fr,commémoration,pt,comemoração,altered
fr,commémorer,pt,comemorar,transparent
fr,compact,pt,compacto,transparent
fr,compagne,pt,companheiro,altered
fr,compagnie,pt,companhia,altered
fr,compagnon,pt,companheiro,altered
fr,comparable,pt,comparável,transparent
fr,comparaison,pt,comparação,transparent
fr,comparatif,pt,comparativo,transparent
fr,comparativement,pt,comparativamente,transparent
fr,comparaître,pt,comparecer,transparent
fr,comparer,pt,comparar,transparent
fr,compartiment,pt,compartimento,transparent
fr,comparé,pt,comparar,altered
fr,compassion,pt,compaixão,transparent
fr,compatibilité,pt,compatibilidade,transparent
fr,compatible,pt,compatível,transparent
fr,compatriote,pt,compatriota,altered
fr,compensation,pt,compensação,transparent
fr,compenser,pt,compensar,transparent
fr,compilation,pt,compilação,transparent
fr,complet,pt,completo,transparent
fr,completement,pt,completamente,transparent
fr,complexe,pt,complexo,transparent
fr,complexer,pt,complexar,altered
fr,complexité,pt,complexidade,transparent
fr,complication,pt,complicação,transparent
fr,complice,pt,cúmplice,transparent
fr,compliquer,pt,complicar,transparent
fr,compliqué,pt,complicar,altered
fr,complètement,pt,completamente,transparent
fr,complément,pt,complemento,transparent
fr,complémentaire,pt,complementar,altered
fr,complétement,pt,completamente,transparent
fr,compléter,pt,completar,altered
fr,comporte,pt,comportar,transparent
fr,comportement,pt,comportamento,transparent
fr,composant,pt,componente,altered
fr,composante,pt,componente,altered
fr,composer,pt,compor,altered
fr,compositeur,pt,compositor,transparent
fr,composition,pt,composição,transparent
fr,composé,pt,composto,altered
fr,comprendre,pt,compreender,altered
fr,compression,pt,compressão,transparent
fr,comprimé,pt,comprimir,transparent
fr,compris,pt,compreendido,transparent
fr,compromettre,pt,comprometer,transparent
fr,compromis,pt,compromisso,transparent
fr,compréhensible,pt,compreensível,altered
fr,compréhension,pt,compreensão,transparent
fr,comptabilité,pt,contabilidade,altered
fr,comptable,pt,contabilista,altered
fr,compter,pt,contar,altered
fr,compteur,pt,contador,altered
fr,compétence,pt,competência,transparent
fr,compétent,pt,competente,transparent
fr,compétitif,pt,competitivo,transparent
fr,compétition,pt,competição,transparent
fr,compétitivité,pt,competitividade,transparent
fr,comédie,pt,comédia,transparent
fr,comédien,pt,comediante,altered
fr,concentration,pt,concentração,transparent
fr,concentrer,pt,concentrar,transparent
fr,concentré,pt,concentrar,transparent
fr,concept,pt,conceito,altered
fr,concerner,pt,concernir,transparent
fr,concession,pt,concessão,altered
fr,concessionnaire,pt,concessionário,transparent
fr,concevoir,pt,conceber,transparent
fr,concile,pt,concílio,altered
fr,concilier,pt,conciliar,transparent
fr,conclure,pt,concluir,altered
fr,conclusion,pt,conclusão,transparent
fr,concorder,pt,concordar,transparent
fr,concourir,pt,concorrer,altered
fr,concours,pt,concurso,transparent
fr,concret,pt,concreto,altered
fr,concrètement,pt,concretamente,transparent
fr,concrétiser,pt,concretizar,transparent
fr,concurrence,pt,concorrência,transparent
fr,concurrent,pt,concorrente,transparent
fr,concéder,pt,conceder,transparent
fr,condamnation,pt,condenação,transparent
fr,condamner,pt,condenar,transparent
fr,condamné,pt,condenar,transparent
fr,condition,pt,condição,transparent
fr,conditionnel,pt,condicional,transparent
fr,conditionner,pt,condicionar,transparent
fr,conditionné,pt,condicionar,transparent
fr,condoléances,pt,condolência,transparent
fr,conducteur,pt,condutor,transparent
fr,conduire,pt,conduzir,transparent
fr,confection,pt,confecção,transparent
fr,confesser,pt,confesso,altered
fr,confession,pt,confissão,transparent
fr,confiance,pt,confiança,transparent
fr,confiant,pt,confiante,transparent
fr,confidentialité,pt,confidencialidade,altered
fr,confidentiel,pt,confidencial,transparent
fr,confier,pt,confiar,altered
fr,configuration,pt,configuração,transparent
fr,confinement,pt,confinamento,transparent
fr,confirmation,pt,confirmação,transparent
fr,confirmer,pt,confirmar,transparent
fr,confirmé,pt,confirmar,transparent
fr,conflit,pt,conflito,altered
fr,confondre,pt,confundir,altered
fr,conforme,pt,conforme,transparent
fr,conformer,pt,conformar,transparent
fr,conformité,pt,conformidade,transparent
fr,conformément,pt,conforme,transparent
fr,confort,pt,conforto,altered
fr,confortable,pt,confortável,transparent
fr,confrontation,pt,confronto,altered
fr,confronter,pt,confrontar,transparent
fr,confronté,pt,confrontar,transparent
fr,confus,pt,confuso,transparent
fr,confusion,pt,confusão,transparent
fr,conférence,pt,conferência,transparent
fr,conférer,pt,conferir,transparent
fr,congolais,pt,congolês,altered
fr,congrès,pt,congresso,transparent
fr,congrégation,pt,congregação,transparent
fr,conjointement,pt,conjuntamente,transparent
fr,conjoncture,pt,conjuntura,transparent
fr,conjugaison,pt,conjugação,transparent
fr,conjugal,pt,conjugal,transparent
fr,connaitre,pt,conhecer,altered
fr,connaître,pt,conhecer,altered
fr,connecter,pt,conectar,transparent
fr,connexion,pt,conexão,transparent
fr,connotation,pt,conotação,transparent
fr,connu,pt,conhecido,altered
fr,conquis,pt,conquistar,transparent
fr,conquérant,pt,conquistador,transparent
fr,conquête,pt,conquistar,altered
fr,consacrer,pt,consagrar,transparent
fr,consacré,pt,consagrar,transparent
fr,conscience,pt,consciência,transparent
fr,conscient,pt,consciente,transparent
fr,conseil,pt,conselho,transparent
fr,conseiller,pt,conselheiro,altered
fr,consensus,pt,consenso,altered
fr,consentement,pt,consentimento,transparent
fr,consentir,pt,consentir,transparent
fr,conservateur,pt,conservador,transparent
fr,conservation,pt,conservação,transparent
fr,conservatoire,pt,conservatório,transparent
fr,conserver,pt,conservar,transparent
fr,conservé,pt,conservar,transparent
fr,considérable,pt,considerável,transparent
fr,considérablement,pt,consideravelmente,transparent
fr,considérant,pt,considerar,transparent
fr,considération,pt,consideração,transparent
fr,considérer,pt,considerar,transparent
fr,consistance,pt,consistência,transparent
fr,consistant,pt,consistente,altered
fr,consister,pt,consistir,transparent
fr,consolation,pt,consolação,transparent
fr,console,pt,consolar,transparent
fr,consoler,pt,consolar,transparent
fr,consolidation,pt,consolidação,altered
fr,consolider,pt,consolidar,transparent
fr,consommateur,pt,consumidor,altered
fr,consommer,pt,consumir,transparent
fr,consommé,pt,consumar,transparent
fr,consortium,pt,consórcio,altered
fr,conspiration,pt,conspiração,transparent
fr,constamment,pt,constantemente,transparent
fr,constant,pt,constante,transparent
fr,constante,pt,constante,transparent
fr,constat,pt,constatação,altered
fr,constellation,pt,constelação,transparent
fr,constituant,pt,constituinte,transparent
fr,constituer,pt,constituir,transparent
fr,constitution,pt,constituição,transparent
fr,constitutionnel,pt,constitucional,altered
fr,constitué,pt,constituir,transparent
fr,constructeur,pt,construtor,transparent
fr,constructif,pt,construtivo,altered
fr,construction,pt,construção,transparent
fr,construire,pt,construir,transparent
fr,consul,pt,cônsul,transparent
fr,consulat,pt,consulado,transparent
fr,consultant,pt,consultor,altered
fr,consultation,pt,consultar,altered
fr,consulte,pt,consultar,transparent
fr,consulter,pt,consultar,transparent
fr,consécration,pt,consagração,altered
fr,consécutif,pt,consecutivo,transparent
fr,conséquemment,pt,consequentemente,transparent
fr,conséquence,pt,consequência,altered
fr,conséquent,pt,consequente,transparent
fr,contact,pt,contato,transparent
fr,contacter,pt,contactar,transparent
fr,contamination,pt,contaminação,transparent
fr,contaminer,pt,contaminar,transparent
fr,conte,pt,conto,altered
fr,contempler,pt,contemplar,transparent
fr,contemporain,pt,contemporâneo,transparent
fr,contenant,pt,contentor,altered
fr,conteneur,pt,contentor,transparent
fr,content,pt,contente,transparent
fr,contenter,pt,contentar,transparent
fr,contenu,pt,conteúdo,transparent
fr,conter,pt,contar,altered
fr,contestation,pt,contestação,transparent
fr,contexte,pt,contexto,transparent
fr,continent,pt,continente,transparent
fr,continental,pt,continental,transparent
fr,contingent,pt,contingente,transparent
fr,continu,pt,contínuo,transparent
fr,continuation,pt,continuação,transparent
fr,continuer,pt,continuar,transparent
fr,continuité,pt,continuidade,transparent
fr,contour,pt,contorno,transparent
fr,contourner,pt,contornar,transparent
fr,contracter,pt,contratar,altered
fr,contraction,pt,contração,transparent
fr,contracté,pt,contrair,transparent
fr,contradiction,pt,contradição,transparent
fr,contradictoire,pt,contraditório,transparent
fr,contraignant,pt,constrangedor,altered
fr,contraindre,pt,constranger,altered
fr,contraire,pt,contrário,transparent
fr,contrario,pt,contrário,transparent
fr,contraste,pt,contraste,transparent
fr,contrat,pt,contrato,altered
fr,contre,pt,contra,altered
fr,contrebande,pt,contrabando,altered
fr,contredire,pt,contradizer,altered
fr,contrepartie,pt,contrapartida,transparent
fr,contrer,pt,contrariar,altered
fr,contribuable,pt,contribuinte,altered
fr,contribuer,pt,contribuir,transparent
fr,contribution,pt,contribuição,transparent
fr,control,pt,controlo,transparent
fr,controle,pt,controlo,transparent
fr,controverse,pt,controvérsia,transparent
fr,contrôle,pt,controlo,transparent
fr,contrôler,pt,controlar,transparent
fr,convaincant,pt,convincente,transparent
fr,convaincre,pt,convencer,altered
fr,convenablement,pt,convenientemente,transparent
fr,convenir,pt,convir,altered
fr,convention,pt,convenção,transparent
fr,conventionnel,pt,convencional,transparent
fr,convenu,pt,convir,altered
fr,convergence,pt,convergência,transparent
fr,conversation,pt,conversar,altered
fr,converser,pt,conversar,transparent
fr,conversion,pt,conversão,transparent
fr,converti,pt,convertido,transparent
fr,convertir,pt,converter,transparent
fr,conviction,pt,convicção,transparent
fr,convier,pt,convidar,altered
fr,convive,pt,conviver,transparent
fr,convié,pt,convidar,altered
fr,convocation,pt,convocação,transparent
fr,convoi,pt,comboio,altered
fr,convoquer,pt,convocar,transparent
fr,cool,pt,cool,transparent
fr,coopératif,pt,cooperativo,transparent
fr,coopération,pt,cooperação,transparent
fr,coopérative,pt,cooperativo,transparent
fr,coopérer,pt,cooperar,transparent
fr,coordinateur,pt,coordenador,altered
fr,coordination,pt,coordenação,altered
fr,coordonner,pt,coordenar,transparent
fr,coordonnée,pt,coordenar,altered
fr,copie,pt,cópia,transparent
fr,copier,pt,copiar,transparent
fr,corail,pt,coral,altered
fr,corbeau,pt,corvo,altered
fr,cordon,pt,cordão,transparent
fr,corne,pt,corno,altered
fr,cornet,pt,corneta,altered
fr,corp,pt,corpo,altered
fr,corporation,pt,corporação,transparent
fr,corporel,pt,corporal,transparent
fr,corps,pt,corpo,transparent
fr,corpus,pt,corpus,transparent
fr,correctement,pt,corretamente,altered
fr,correcteur,pt,corretor,altered
fr,correction,pt,correção,transparent
fr,correspondance,pt,correspondência,transparent
fr,correspondant,pt,correspondente,altered
fr,correspondre,pt,corresponder,transparent
fr,corridor,pt,corredor,transparent
fr,corriger,pt,corrigir,transparent
fr,corrigé,pt,corrigir,altered
fr,corrompu,pt,corrupto,transparent
fr,corruption,pt,corrupção,transparent
fr,corrélation,pt,correlação,transparent
fr,corse,pt,corso,transparent
fr,cortège,pt,cortejo,altered
fr,coréen,pt,coreano,transparent
fr,cosmique,pt,cósmico,altered
fr,cosmos,pt,cosmos,transparent
fr,cosmétique,pt,cosmético,transparent
fr,costume,pt,costume,transparent
fr,cote,pt,cotar,transparent
fr,coté,pt,cotar,altered
fr,coucou,pt,cuco,altered
fr,coudre,pt,costurar,altered
fr,couler,pt,coar,altered
fr,couleur,pt,cor,altered
fr,couloir,pt,corredor,altered
fr,coulé,pt,colar,transparent
fr,couper,pt,cortar,altered
fr,cour,pt,corte,altered
fr,courage,pt,coragem,altered
fr,courageux,pt,corajoso,altered
fr,courant,pt,corrente,altered
fr,courante,pt,corrente,altered
fr,courbe,pt,curvar,transparent
fr,coureur,pt,corredor,altered
fr,courir,pt,correr,altered
fr,couronne,pt,coroar,altered
fr,couronner,pt,coroar,altered
fr,couronné,pt,coroar,transparent
fr,courrier,pt,correio,altered
fr,cours,pt,curso,altered
fr,course,pt,corrido,altered
fr,court,pt,curto,altered
fr,courtois,pt,cortês,altered
fr,couru,pt,corrido,altered
fr,couture,pt,costurar,altered
fr,couvent,pt,convento,altered
fr,couverture,pt,cobertura,altered
fr,coïncidence,pt,coincidência,transparent
fr,coïncider,pt,coincidir,transparent
fr,coûter,pt,custar,altered
fr,crack,pt,crack,transparent
fr,craque,pt,craque,transparent
fr,cratère,pt,cratera,transparent
fr,cravate,pt,gravata,altered
fr,credit,pt,crédito,transparent
fr,crier,pt,gritar,altered
fr,crime,pt,crime,transparent
fr,criminalité,pt,criminalidade,transparent
fr,criminel,pt,criminoso,altered
fr,criminelle,pt,criminal,transparent
fr,crise,pt,crise,transparent
fr,cristal,pt,cristal,transparent
fr,critique,pt,crítico,transparent
fr,critiquer,pt,criticar,transparent
fr,critère,pt,critério,transparent
fr,croate,pt,croata,transparent
fr,crocodile,pt,crocodilo,transparent
fr,croire,pt,crer,altered
fr,croiser,pt,cruzar,altered
fr,croiseur,pt,cruzeiro,altered
fr,croissant,pt,crescente,altered
fr,croisé,pt,cruzar,altered
fr,croix,pt,cruz,altered
fr,croyance,pt,crença,altered
fr,croyant,pt,crente,altered
fr,croûte,pt,crosta,altered
fr,cru,pt,cru,transparent
fr,cruauté,pt,crueldade,altered
fr,crucial,pt,crucial,transparent
fr,crucifix,pt,crucifixo,transparent
fr,cruel,pt,cruel,transparent
fr,crystal,pt,cristal,altered
fr,crâne,pt,crânio,altered
fr,crème,pt,creme,transparent
fr,créancier,pt,credor,altered
fr,créateur,pt,criador,altered
fr,créatif,pt,criativo,altered
fr,création,pt,criação,transparent
fr,créativité,pt,criatividade,transparent
fr,créature,pt,criatura,altered
fr,crédibilité,pt,credibilidade,transparent
fr,crédible,pt,credível,altered
fr,crédit,pt,crédito,transparent
fr,créer,pt,criar,altered
fr,créole,pt,crioulo,altered
fr,crépuscule,pt,crepúsculo,transparent
fr,crétin,pt,cretino,transparent
fr,créé,pt,criar,altered
fr,crêpe,pt,crepe,transparent
fr,crête,pt,crista,altered
fr,cubain,pt,cubano,altered
fr,cube,pt,cubo,transparent
fr,cueillir,pt,colher,altered
fr,cuillère,pt,colher,altered
fr,cuir,pt,couro,altered
fr,cuisine,pt,cozinhar,altered
fr,cuisiner,pt,cozinhar,altered
fr,cuisinier,pt,cozinheiro,altered
fr,cuisinière,pt,cozinheiro,altered
fr,cul,pt,cu,altered
fr,culinaire,pt,culinário,transparent
fr,culpabiliser,pt,culpar,altered
fr,culte,pt,culto,altered
fr,cultiver,pt,cultivar,transparent
fr,cultivé,pt,cultivar,transparent
fr,culture,pt,cultura,transparent
fr,culturel,pt,cultural,transparent
fr,cumul,pt,cúmulo,altered
fr,cure,pt,curar,transparent
fr,curieusement,pt,curiosamente,transparent
fr,curieux,pt,curioso,altered
fr,curiosité,pt,curiosidade,transparent
fr,curry,pt,curry,transparent
fr,cycle,pt,ciclo,transparent
fr,cyclisme,pt,ciclismo,transparent
fr,cycliste,pt,ciclista,altered
fr,cyclone,pt,ciclone,transparent
fr,cygne,pt,cisne,altered
fr,cylindre,pt,cilindro,transparent
fr,cynique,pt,cínico,transparent
fr,cynisme,pt,cinismo,transparent
fr,câble,pt,cabo,altered
fr,céder,pt,ceder,transparent
fr,céleste,pt,celeste,transparent
fr,célèbre,pt,célebre,transparent
fr,célébration,pt,celebração,transparent
fr,célébrer,pt,celebrar,transparent
fr,célébrité,pt,celebridade,transparent
fr,céramique,pt,cerâmico,transparent
fr,céréale,pt,cereal,transparent
fr,cérébral,pt,cerebral,transparent
fr,cérémonie,pt,cerimônia,altered
fr,césar,pt,césar,transparent
fr,cône,pt,cone,transparent
fr,côte,pt,costas,altered
fr,cœur,pt,coração,altered
fr,dame,pt,dama,altered
fr,danemark,pt,dinamarca,altered
fr,danse,pt,dançar,altered
fr,danser,pt,dançar,altered
fr,date,pt,datar,transparent
fr,dater,pt,datar,transparent
fr,david,pt,david,transparent
fr,debut,pt,debut,transparent
fr,dedans,pt,dentro,altered
fr,delta,pt,delta,transparent
fr,demeure,pt,demorar,transparent
fr,demi,pt,demi,transparent
fr,denier,pt,dinheiro,altered
fr,dense,pt,denso,transparent
fr,densité,pt,densidade,transparent
fr,dent,pt,dente,altered
fr,dentaire,pt,dentário,transparent
fr,dentiste,pt,dentista,transparent
fr,depuis,pt,depois,altered
fr,dernier,pt,derradeiro,altered
fr,descendant,pt,descendente,transparent
fr,descendre,pt,descer,altered
fr,description,pt,descrição,altered
fr,design,pt,design,transparent
fr,designer,pt,designer,transparent
fr,dessein,pt,desígnio,altered
fr,dessiner,pt,desenhar,altered
fr,dessiné,pt,desenhar,transparent
fr,destin,pt,destino,transparent
fr,destinataire,pt,destinatário,transparent
fr,destiner,pt,destinar,transparent
fr,destiné,pt,destinado,altered
fr,destruction,pt,destruição,transparent
fr,devant,pt,diante,altered
fr,deviner,pt,adivinhar,altered
fr,devoir,pt,dever,altered
fr,diable,pt,diabo,altered
fr,diabolique,pt,diabólico,transparent
fr,diabète,pt,diabetes,transparent
fr,diagnostic,pt,diagnóstico,altered
fr,diagonale,pt,diagonal,transparent
fr,dialecte,pt,dialeto,transparent
fr,dialogue,pt,diálogo,transparent
fr,dialoguer,pt,dialogar,altered
fr,diamant,pt,diamante,transparent
fr,diamètre,pt,diâmetro,transparent
fr,diarrhée,pt,diarreia,altered
fr,diaspora,pt,diáspora,transparent
fr,dictateur,pt,ditador,altered
fr,dictature,pt,ditadura,transparent
fr,dictionnaire,pt,dicionário,transparent
fr,dictée,pt,ditar,altered
fr,didactique,pt,didático,transparent
fr,diesel,pt,diesel,transparent
fr,dieu,pt,deus,altered
fr,diffamation,pt,difamação,transparent
fr,difficile,pt,difícil,transparent
fr,difficilement,pt,dificilmente,transparent
fr,difficulté,pt,dificuldade,transparent
fr,diffus,pt,difuso,transparent
fr,diffuser,pt,difundir,altered
fr,diffuseur,pt,difusor,transparent
fr,diffusion,pt,difusão,transparent
fr,différemment,pt,diferentemente,transparent
fr,différence,pt,diferençar,transparent
fr,différenciation,pt,diferenciação,transparent
fr,différencier,pt,diferenciar,transparent
fr,différencié,pt,diferenciar,altered
fr,différent,pt,diferente,transparent
fr,différentiel,pt,diferencial,transparent
fr,différer,pt,diferir,transparent
fr,digestif,pt,digestivo,transparent
fr,digestion,pt,digestão,transparent
fr,digital,pt,digital,transparent
fr,digitale,pt,digital,transparent
fr,digne,pt,digno,transparent
fr,dignité,pt,dignidade,transparent
fr,digue,pt,dique,altered
fr,digérer,pt,digerir,transparent
fr,dilemme,pt,dilema,altered
fr,diligence,pt,diligência,transparent
fr,dimension,pt,dimensão,transparent
fr,diminuer,pt,diminuir,transparent
fr,diminution,pt,diminuição,transparent
fr,diminué,pt,diminuir,transparent
fr,dinosaure,pt,dinossauro,altered
fr,diocèse,pt,diocese,transparent
fr,diplomate,pt,diplomata,transparent
fr,diplomatie,pt,diplomacia,transparent
fr,diplomatique,pt,diplomático,transparent
fr,diplôme,pt,diplomar,transparent
fr,diplômé,pt,diplomar,transparent
fr,dire,pt,dizer,altered
fr,direct,pt,direto,transparent
fr,directement,pt,diretamente,transparent
fr,directeur,pt,diretor,transparent
fr,direction,pt,direção,transparent
fr,directive,pt,diretiva,transparent
fr,directoire,pt,diretório,transparent
fr,directrice,pt,diretor,transparent
fr,dirigeant,pt,dirigente,transparent
fr,diriger,pt,dirigir,transparent
fr,dirigé,pt,dirigir,transparent
fr,discernement,pt,discernimento,altered
fr,disciplinaire,pt,disciplinar,altered
fr,discipline,pt,disciplinar,transparent
fr,disco,pt,disco,transparent
fr,discours,pt,discurso,altered
fr,discret,pt,discreto,transparent
fr,discrimination,pt,discriminação,transparent
fr,discrètement,pt,discretamente,transparent
fr,discrétion,pt,discrição,transparent
fr,disculper,pt,desculpar,altered
fr,discussion,pt,discussão,transparent
fr,discuter,pt,discutir,transparent
fr,disparait,pt,desaparecer,altered
fr,disparaitre,pt,desaparecer,altered
fr,disparaître,pt,desaparecer,altered
fr,disparition,pt,desaparecimento,altered
fr,disparu,pt,desaparecido,altered
fr,dispense,pt,dispensar,transparent
fr,dispersion,pt,dispersão,transparent
fr,dispersé,pt,disperso,transparent
fr,disponibilité,pt,disponibilidade,transparent
fr,disponible,pt,disponível,transparent
fr,disposer,pt,dispor,altered
fr,dispositif,pt,dispositivo,transparent
fr,disposition,pt,disposição,transparent
fr,disposé,pt,disposto,transparent
fr,dispute,pt,disputar,transparent
fr,disputer,pt,disputar,transparent
fr,disputé,pt,disputar,transparent
fr,disque,pt,disco,transparent
fr,dissertation,pt,dissertação,transparent
fr,dissolution,pt,dissolução,transparent
fr,dissoudre,pt,dissolver,transparent
fr,dissuader,pt,dissuadir,transparent
fr,distance,pt,distância,transparent
fr,distant,pt,distante,transparent
fr,distinct,pt,distinto,transparent
fr,distinction,pt,distinção,transparent
fr,distinguer,pt,distinguir,transparent
fr,distingué,pt,distinguir,transparent
fr,distraction,pt,distração,transparent
fr,distraire,pt,distrair,altered
fr,distribuer,pt,distribuir,transparent
fr,distributeur,pt,distribuidor,transparent
fr,distribution,pt,distribuição,transparent
fr,distribué,pt,distribuir,altered
fr,district,pt,distrito,transparent
fr,dit,pt,dizer,transparent
fr,diva,pt,divo,transparent
fr,divergence,pt,divergência,transparent
fr,divers,pt,diverso,altered
fr,diversité,pt,diversidade,transparent
fr,divertir,pt,divertir,transparent
fr,dividende,pt,dividendo,transparent
fr,divin,pt,divino,altered
fr,divinité,pt,divindade,transparent
fr,diviser,pt,dividir,altered
fr,division,pt,divisão,transparent
fr,divisé,pt,dividir,altered
fr,divorce,pt,divórcio,transparent
fr,divorcé,pt,divorciar,transparent
fr,divulgation,pt,divulgação,transparent
fr,divulguer,pt,divulgar,altered
fr,dix,pt,dez,altered
fr,dix-sept,pt,dezessete,altered
fr,diète,pt,dieta,transparent
fr,djihad,pt,jihad,transparent
fr,docteur,pt,doutor,altered
fr,doctor,pt,doutor,altered
fr,doctorat,pt,doutorar,altered
fr,doctrine,pt,doutrinar,altered
fr,document,pt,documento,transparent
fr,documentaire,pt,documentário,transparent
fr,documentation,pt,documentação,transparent
fr,documenté,pt,documentar,transparent
fr,dogme,pt,dogma,transparent
fr,dolent,pt,doente,altered
fr,dollar,pt,dólar,altered
fr,domaine,pt,domínio,altered
fr,domestique,pt,doméstico,transparent
fr,domicile,pt,domicílio,transparent
fr,dominant,pt,dominante,transparent
fr,dominante,pt,dominante,transparent
fr,domination,pt,dominação,transparent
fr,dominer,pt,dominar,transparent
fr,don,pt,dom,altered
fr,donateur,pt,doador,altered
fr,donation,pt,doação,altered
fr,donnant,pt,doador,altered
fr,donner,pt,dar,altered
fr,donneur,pt,doador,altered
fr,dorer,pt,dourar,altered
fr,doré,pt,dourar,altered
fr,dosage,pt,dosagem,transparent
fr,dose,pt,dose,transparent
fr,dossier,pt,dossiê,transparent
fr,dot,pt,dote,transparent
fr,doter,pt,dotar,transparent
fr,doté,pt,dotar,transparent
fr,douanier,pt,aduaneiro,altered
fr,double,pt,dobro,altered
fr,doublement,pt,duplamente,altered
fr,doubler,pt,dobrar,altered
fr,doublé,pt,dobrar,transparent
fr,douceur,pt,doçura,altered
fr,douche,pt,duchar,transparent
fr,douleur,pt,dor,altered
fr,douloureuse,pt,doloroso,transparent
fr,douloureux,pt,doloroso,altered
fr,doux,pt,doce,altered
fr,dragon,pt,dragão,altered
fr,drama,pt,drama,transparent
fr,dramatique,pt,dramático,transparent
fr,drame,pt,drama,altered
fr,drap,pt,trapo,altered
fr,drive,pt,drive,transparent
fr,drogue,pt,droga,transparent
fr,droguer,pt,drogar,transparent
fr,droit,pt,direito,altered
fr,droite,pt,direito,altered
fr,drone,pt,drone,transparent
fr,duc,pt,duque,altered
fr,duchesse,pt,duquesa,altered
fr,duel,pt,duelo,transparent
fr,dune,pt,duna,transparent
fr,duo,pt,duo,transparent
fr,dur,pt,duro,transparent
fr,durable,pt,durável,transparent
fr,durant,pt,durante,transparent
fr,durement,pt,duramente,altered
fr,durer,pt,durar,transparent
fr,durée,pt,duração,altered
fr,dynamique,pt,dinâmico,altered
fr,dynamisme,pt,dinamismo,transparent
fr,dynastie,pt,dinastia,transparent
fr,dès,pt,desde,altered
fr,débarquement,pt,desembarque,transparent
fr,débarquer,pt,desembarcar,altered
fr,débarqué,pt,desembarcar,altered
fr,débat,pt,debater,transparent
fr,débattre,pt,debater,altered
fr,débile,pt,débil,transparent
fr,débiteur,pt,devedor,altered
fr,débloquer,pt,desbloquear,transparent
fr,début,pt,debut,transparent
fr,débuter,pt,debutar,transparent
fr,décade,pt,década,transparent
fr,décadence,pt,decadência,transparent
fr,décapiter,pt,decapitar,transparent
fr,décembre,pt,dezembro,altered
fr,décence,pt,decência,transparent
fr,décentralisation,pt,descentralização,transparent
fr,décevoir,pt,decepcionar,altered
fr,décharge,pt,descarga,transparent
fr,déchéance,pt,decadência,altered
fr,décider,pt,decidir,transparent
fr,décidé,pt,decidir,transparent
fr,décidément,pt,decididamente,transparent
fr,décisif,pt,decisivo,transparent
fr,décision,pt,decisão,transparent
fr,déclaration,pt,declaração,transparent
fr,déclarer,pt,declarar,transparent
fr,déclaré,pt,declarar,transparent
fr,déclin,pt,declínio,transparent
fr,décliner,pt,declinar,transparent
fr,décoller,pt,descolar,altered
fr,décomposition,pt,decomposição,transparent
fr,décompte,pt,desconto,altered
fr,décompter,pt,descontar,altered
fr,décoratif,pt,decorativo,transparent
fr,décoration,pt,decoração,transparent
fr,décorer,pt,decorar,transparent
fr,décoré,pt,decorar,transparent
fr,découvert,pt,descobrir,altered
fr,découvrir,pt,descobrir,transparent
fr,décret,pt,decreto,altered
fr,décrire,pt,descrever,altered
fr,décréter,pt,decretar,transparent
fr,dédier,pt,dedicar,altered
fr,dédié,pt,dedicar,altered
fr,déduction,pt,dedução,transparent
fr,déduire,pt,deduzir,transparent
fr,déesse,pt,deus,altered
fr,défaillance,pt,deficiência,altered
fr,défaire,pt,desfazer,altered
fr,défaut,pt,defeito,altered
fr,défavorable,pt,desfavorável,altered
fr,défavorisé,pt,desfavorecido,transparent
fr,défectueux,pt,defeituoso,altered
fr,défendre,pt,defender,transparent
fr,défends,pt,defender,transparent
fr,défendu,pt,defendido,altered
fr,défense,pt,defeso,altered
fr,défenseur,pt,defensor,transparent
fr,défensif,pt,defensivo,transparent
fr,défensive,pt,defensivo,transparent
fr,défi,pt,desafio,altered
fr,défiance,pt,desconfiança,altered
fr,déficit,pt,déficit,transparent
fr,défiler,pt,desfilar,transparent
fr,défilé,pt,desfile,transparent
fr,défini,pt,definir,altered
fr,définir,pt,definir,transparent
fr,définitif,pt,definitivo,transparent
fr,définition,pt,definição,transparent
fr,définitivement,pt,definitivamente,transparent
fr,déformation,pt,deformação,transparent
fr,défunt,pt,defunto,transparent
fr,dégoût,pt,desgosto,altered
fr,dégradation,pt,degradação,altered
fr,dégrader,pt,degradar,transparent
fr,dégradé,pt,degradar,transparent
fr,dégénéré,pt,degenerar,altered
fr,délaisser,pt,deixar,altered
fr,délibération,pt,deliberação,transparent
fr,délibéré,pt,deliberado,transparent
fr,délibérément,pt,deliberadamente,altered
fr,délicat,pt,delicado,transparent
fr,délicatesse,pt,delicadeza,altered
fr,délice,pt,delícia,transparent
fr,délicieux,pt,delicioso,altered
fr,délier,pt,desligar,altered
fr,délinquant,pt,delinquente,transparent
fr,délire,pt,delírio,transparent
fr,délit,pt,delito,transparent
fr,délivrance,pt,libertação,altered
fr,délivrer,pt,livrar,altered
fr,délégation,pt,delegacia,altered
fr,déléguer,pt,delegar,transparent
fr,délégué,pt,delegar,transparent
fr,démence,pt,demência,transparent
fr,dément,pt,demente,transparent
fr,démission,pt,demissão,transparent
fr,démissionner,pt,demitir,transparent
fr,démo,pt,demo,transparent
fr,démocrate,pt,democrata,transparent
fr,démocratie,pt,democracia,transparent
fr,démocratique,pt,democrático,transparent
fr,démocratisation,pt,democratização,transparent
fr,démographie,pt,demografia,transparent
fr,démographique,pt,demográfico,transparent
fr,démolir,pt,demolir,transparent
fr,démolition,pt,demolição,transparent
fr,démon,pt,demónio,altered
fr,démonstration,pt,demonstração,altered
fr,démonter,pt,desmontar,altered
fr,démontrer,pt,demonstrar,altered
fr,dénomination,pt,denominação,transparent
fr,dénommé,pt,denominar,altered
fr,dénoncer,pt,denunciar,altered
fr,dénonciation,pt,denúncia,altered
fr,département,pt,departamento,transparent
fr,dépendance,pt,dependência,transparent
fr,dépendant,pt,dependente,transparent
fr,dépendre,pt,depender,altered
fr,dépens,pt,despesa,altered
fr,déplacement,pt,deslocamento,transparent
fr,déplacer,pt,deslocar,altered
fr,déplacé,pt,deslocar,altered
fr,déploiement,pt,desdobramento,altered
fr,déplorable,pt,deplorável,transparent
fr,déportation,pt,deportação,transparent
fr,déporté,pt,deportar,transparent
fr,déposer,pt,depositar,transparent
fr,déposition,pt,deposição,transparent
fr,déposé,pt,depositar,altered
fr,dépourvu,pt,desprovido,altered
fr,dépressif,pt,depressivo,transparent
fr,dépression,pt,depressão,transparent
fr,déprimant,pt,deprimente,transparent
fr,déprime,pt,depressão,altered
fr,député,pt,deputar,altered
fr,dépêche,pt,despacho,altered
fr,dépôt,pt,depósito,altered
fr,dérive,pt,derivar,transparent
fr,dérivé,pt,derivar,transparent
fr,dérouler,pt,desenrolar,altered
fr,déroute,pt,derrotar,altered
fr,désaccord,pt,desacordo,transparent
fr,désactiver,pt,desativar,transparent
fr,désagréable,pt,desagradável,transparent
fr,désastre,pt,desastre,altered
fr,désastreux,pt,desastroso,transparent
fr,désert,pt,deserto,altered
fr,désespoir,pt,desespero,transparent
fr,désespéré,pt,desesperado,transparent
fr,désignation,pt,designação,transparent
fr,désigner,pt,designar,transparent
fr,désigné,pt,designar,transparent
fr,désinformation,pt,desinformação,transparent
fr,désir,pt,desejo,altered
fr,désirer,pt,desejar,altered
fr,désiré,pt,desejar,altered
fr,désister,pt,desistir,transparent
fr,désordre,pt,desordem,transparent
fr,déséquilibre,pt,desequilíbrio,transparent
fr,détachement,pt,destacamento,altered
fr,détacher,pt,destacar,altered
fr,détail,pt,detalhe,transparent
fr,détailler,pt,detalhar,transparent
fr,détaillé,pt,detalhar,transparent
fr,détecter,pt,detectar,transparent
fr,détecteur,pt,detector,transparent
fr,détective,pt,detetive,altered
fr,détenir,pt,deter,altered
fr,détenteur,pt,detentor,transparent
fr,détention,pt,detenção,transparent
fr,détenu,pt,detido,altered
fr,déterminant,pt,determinante,transparent
fr,détermination,pt,determinação,transparent
fr,déterminer,pt,determinar,transparent
fr,déterminé,pt,determinar,transparent
fr,détester,pt,detestar,transparent
fr,détesté,pt,detestar,transparent
fr,détriment,pt,detrimento,altered
fr,détruire,pt,destruir,altered
fr,détérioration,pt,deterioração,transparent
fr,développement,pt,desenvolvimento,transparent
fr,développer,pt,desenvolver,transparent
fr,développeurs,pt,desenvolvedores,altered
fr,développé,pt,desenvolvido,altered
fr,déviation,pt,desvio,altered
fr,dévorer,pt,devorar,transparent
fr,dévotion,pt,devoção,transparent
fr,dévoué,pt,devoto,altered
fr,dûment,pt,devidamente,altered
fr,eau,pt,aguar,altered
fr,ebola,pt,ebola,transparent
fr,ecclésiastique,pt,eclesiástico,transparent
fr,echo,pt,eco,altered
fr,eco,pt,eco,transparent
fr,ecole,pt,escola,altered
fr,ecoles,pt,escola,transparent
fr,ecologie,pt,ecologia,transparent
fr,economie,pt,economia,transparent
fr,economique,pt,econômico,transparent
fr,ecoute,pt,escutar,altered
fr,ecrire,pt,escrever,altered
fr,ecrit,pt,escrito,transparent
fr,edition,pt,edição,transparent
fr,editions,pt,edição,transparent
fr,education,pt,educação,altered
fr,effectif,pt,efetivo,transparent
fr,effectivement,pt,efetivamente,transparent
fr,effectuer,pt,efectuar,transparent
fr,effet,pt,efeito,transparent
fr,efficace,pt,eficaz,altered
fr,efficacité,pt,eficácia,altered
fr,efficient,pt,eficiente,transparent
fr,efforcer,pt,esforçar,altered
fr,effort,pt,esforço,transparent
fr,ego,pt,ego,transparent
fr,elite,pt,elite,transparent
fr,emballage,pt,embalagem,altered
fr,emballé,pt,embalar,altered
fr,embargo,pt,embargo,transparent
fr,embarquement,pt,embarque,altered
fr,embarquer,pt,embarcar,transparent
fr,emblématique,pt,emblemático,transparent
fr,embryon,pt,embrião,transparent
fr,empathie,pt,empatia,transparent
fr,empereur,pt,imperador,altered
fr,empirer,pt,piorar,altered
fr,emploi,pt,emprego,transparent
fr,employer,pt,empregar,altered
fr,employeur,pt,empregador,altered
fr,employé,pt,empregado,altered
fr,emprunt,pt,empréstimo,altered
fr,emprunté,pt,emprestar,altered
fr,empêcher,pt,impedir,altered
fr,encadrement,pt,enquadramento,transparent
fr,encadrer,pt,enquadrar,altered
fr,encadré,pt,enquadrar,transparent
fr,enchanter,pt,encantar,altered
fr,enchanté,pt,encantar,altered
fr,enclin,pt,inclinar,altered
fr,encontre,pt,encontro,altered
fr,encouragement,pt,encorajamento,transparent
fr,encourager,pt,encorajar,transparent
fr,encyclopédie,pt,enciclopédia,transparent
fr,endormi,pt,adormecido,altered
fr,endormir,pt,adormecer,altered
fr,energie,pt,energia,transparent
fr,energy,pt,energia,transparent
fr,enfance,pt,infância,altered
fr,enfer,pt,inferno,altered
fr,enfermer,pt,encerrar,altered
fr,enfin,pt,afinal,altered
fr,enfreindre,pt,infringir,altered
fr,enfuir,pt,fugir,altered
fr,engager,pt,engajar,transparent
fr,engin,pt,engenho,transparent
fr,englober,pt,englobar,transparent
fr,engloutir,pt,engolir,altered
fr,ennemi,pt,inimigo,altered
fr,enorme,pt,enorme,transparent
fr,enregistrement,pt,registo,altered
fr,enrichissement,pt,enriquecimento,transparent
fr,enseigne,pt,insígnia,altered
fr,enseignement,pt,ensino,altered
fr,enseigner,pt,ensinar,transparent
fr,enseigné,pt,ensinar,altered
fr,entendre,pt,entender,altered
fr,entendu,pt,entendido,transparent
fr,entente,pt,entendimento,altered
fr,enterrer,pt,enterrar,transparent
fr,enterré,pt,enterrar,transparent
fr,enthousiasme,pt,entusiasmo,transparent
fr,enthousiaste,pt,entusiasta,transparent
fr,entier,pt,inteiro,altered
fr,entité,pt,entidade,transparent
fr,entièrement,pt,inteiramente,altered
fr,entraineur,pt,treinador,altered
fr,entraînement,pt,treinamento,altered
fr,entraîner,pt,treinar,altered
fr,entraîneur,pt,treinador,altered
fr,entraîné,pt,treinar,altered
fr,entre,pt,entre,transparent
fr,entreprendre,pt,empreender,altered
fr,entrepreneuriat,pt,empreendedorismo,altered
fr,entrer,pt,entrar,transparent
fr,entretemps,pt,entretanto,altered
fr,entretenir,pt,entreter,transparent
fr,entrevue,pt,entrevistar,transparent
fr,entrée,pt,entrar,altered
fr,envahi,pt,invadir,altered
fr,envahir,pt,invadir,altered
fr,envahisseur,pt,invasor,altered
fr,enveloppe,pt,envelope,transparent
fr,envelopper,pt,envolver,transparent
fr,envers,pt,invés,altered
fr,envier,pt,invejar,altered
fr,envoi,pt,envio,transparent
fr,envol,pt,voo,altered
fr,envoyer,pt,enviar,altered
fr,envoyé,pt,enviar,transparent
fr,episode,pt,episódio,transparent
fr,epoque,pt,época,transparent
fr,equipe,pt,equipar,transparent
fr,erreur,pt,erro,altered
fr,escadre,pt,esquadrar,altered
fr,escadron,pt,esquadrão,transparent
fr,escalade,pt,escada,altered
fr,escalader,pt,escalar,altered
fr,escale,pt,escalar,transparent
fr,escalier,pt,escada,altered
fr,esclavage,pt,escravidão,altered
fr,esclave,pt,escravo,altered
fr,escorte,pt,escoltar,altered
fr,escrime,pt,esgrimir,transparent
fr,espace,pt,espaço,transparent
fr,espagne,pt,espanha,altered
fr,espagnol,pt,espanhol,altered
fr,espere,pt,esperar,transparent
fr,espion,pt,espião,altered
fr,espionnage,pt,espionagem,transparent
fr,esplanade,pt,esplanada,transparent
fr,esprit,pt,espírito,altered
fr,espèce,pt,espécie,transparent
fr,espérance,pt,esperançar,transparent
fr,espérer,pt,esperar,transparent
fr,essai,pt,ensaio,altered
fr,essayer,pt,ensaiar,transparent
fr,esse,pt,esse,transparent
fr,essence,pt,essência,transparent
fr,essentiel,pt,essencial,transparent
fr,essentiellement,pt,essencialmente,transparent
fr,essuyer,pt,enxugar,altered
fr,esthétique,pt,estético,transparent
fr,estimation,pt,estimação,transparent
fr,estime,pt,estimar,transparent
fr,estimer,pt,estimar,transparent
fr,estomac,pt,estômago,transparent
fr,estrade,pt,estradar,transparent
fr,estropier,pt,estragar,altered
fr,etc,pt,etc,transparent
fr,ethnie,pt,etnia,transparent
fr,ethnique,pt,étnico,transparent
fr,etude,pt,estudo,altered
fr,etudes,pt,estudo,transparent
fr,euro,pt,euro,transparent
fr,europe,pt,europa,transparent
fr,european,pt,europeu,altered
fr,européen,pt,europeu,transparent
fr,euthanasie,pt,eutanásia,altered
fr,eve,pt,eva,transparent
fr,evidemment,pt,evidentemente,transparent
fr,evolution,pt,evolução,transparent
fr,ex,pt,ex,transparent
fr,exact,pt,exato,transparent
fr,exactement,pt,exatamente,transparent
fr,exactitude,pt,exatidão,transparent
fr,exagérer,pt,exagerar,transparent
fr,exagéré,pt,exagerar,transparent
fr,examen,pt,exame,transparent
fr,examiner,pt,examinar,transparent
fr,excellence,pt,excelência,transparent
fr,excellent,pt,excelente,transparent
fr,excentrique,pt,excêntrico,transparent
fr,exception,pt,exceção,altered
fr,exceptionnel,pt,excepcional,transparent
fr,excepté,pt,exceto,transparent
fr,excessif,pt,excessivo,transparent
fr,excessivement,pt,excessivamente,transparent
fr,excitant,pt,excitante,transparent
fr,excitation,pt,excitação,transparent
fr,exciter,pt,excitar,transparent
fr,excité,pt,excitar,transparent
fr,exclu,pt,excluir,transparent
fr,exclure,pt,excluir,altered
fr,exclusif,pt,exclusivo,transparent
fr,exclusion,pt,exclusão,altered
fr,exclusive,pt,exclusivo,transparent
fr,exclusivement,pt,exclusivamente,transparent
fr,exclusivité,pt,exclusividade,transparent
fr,excursion,pt,excursão,transparent
fr,excès,pt,excesso,transparent
fr,excédent,pt,excedente,transparent
fr,exemplaire,pt,exemplar,transparent
fr,exemple,pt,exemplo,transparent
fr,exercer,pt,exercer,transparent
fr,exercice,pt,exercício,transparent
fr,exercé,pt,exercido,transparent
fr,exhaustif,pt,exaustivo,transparent
fr,exhiber,pt,exibir,transparent
fr,exhibition,pt,exibição,transparent
fr,exigeant,pt,exigente,transparent
fr,exigence,pt,exigência,altered
fr,exiger,pt,exigir,transparent
fr,exil,pt,exílio,transparent
fr,exilé,pt,exilar,altered
fr,existant,pt,existente,transparent
fr,existence,pt,existência,transparent
fr,existentiel,pt,existencial,altered
fr,exister,pt,existir,transparent
fr,exode,pt,êxodo,altered
fr,exonération,pt,exoneração,transparent
fr,exotique,pt,exótico,transparent
fr,expansion,pt,expandir,altered
fr,expatrié,pt,expatriado,transparent
fr,expectative,pt,expectativa,transparent
fr,experience,pt,experiência,transparent
fr,explication,pt,explicação,transparent
fr,explicite,pt,explícito,transparent
fr,explicitement,pt,explicitamente,transparent
fr,expliquer,pt,explicar,transparent
fr,exploitant,pt,explorador,altered
fr,exploitation,pt,exploração,altered
fr,explorateur,pt,explorador,transparent
fr,exploration,pt,exploração,altered
fr,explorer,pt,explorar,transparent
fr,exploser,pt,explodir,altered
fr,explosion,pt,explosão,transparent
fr,explosive,pt,explosivo,transparent
fr,export,pt,exportação,altered
fr,exportation,pt,exportação,transparent
fr,exporter,pt,exportar,transparent
fr,exposer,pt,expor,altered
fr,exposition,pt,exposição,altered
fr,exposé,pt,exposto,altered
fr,express,pt,expresso,transparent
fr,expression,pt,expressão,transparent
fr,expressément,pt,expressamente,transparent
fr,exprimer,pt,expressar,altered
fr,exprès,pt,expresso,transparent
fr,expulser,pt,expulsar,transparent
fr,expulsion,pt,expulsão,transparent
fr,expulsé,pt,expulso,transparent
fr,expédier,pt,expedir,altered
fr,expédition,pt,expedição,transparent
fr,expérience,pt,experiência,transparent
fr,expérimental,pt,experimental,transparent
fr,expérimentation,pt,experimentação,transparent
fr,expérimenter,pt,experimentar,transparent
fr,expérimenté,pt,experimentar,transparent
fr,extension,pt,extensão,transparent
fr,exterminer,pt,exterminar,transparent
fr,externe,pt,externo,transparent
fr,extinction,pt,extinção,transparent
fr,extra,pt,extra,transparent
fr,extraction,pt,extração,transparent
fr,extradition,pt,extradição,transparent
fr,extraire,pt,extrair,altered
fr,extraordinaire,pt,extraordinário,transparent
fr,extraterrestre,pt,extraterrestre,transparent
fr,extrémiste,pt,extremista,transparent
fr,extrémité,pt,extremidade,transparent
fr,extrême,pt,extremo,transparent
fr,extrêmement,pt,extremamente,transparent
fr,extérieur,pt,exterior,transparent
fr,exécuter,pt,executar,transparent
fr,exécutif,pt,executivo,transparent
fr,exécution,pt,execução,transparent
fr,fable,pt,fábula,transparent
fr,fabricant,pt,fabricante,transparent
fr,fabrication,pt,fabricação,transparent
fr,fabrique,pt,fábrica,altered
fr,fabriquer,pt,fabricar,transparent
fr,fabuleux,pt,fabuloso,altered
fr,face,pt,face,transparent
fr,facial,pt,facial,transparent
fr,facile,pt,fácil,transparent
fr,facilement,pt,facilmente,transparent
fr,faciliter,pt,facilitar,transparent
fr,facilité,pt,facilidade,transparent
fr,facture,pt,faturar,transparent
fr,faculté,pt,faculdade,altered
fr,faiblesse,pt,fraqueza,altered
fr,failli,pt,falhar,altered
fr,faillir,pt,faltar,altered
fr,faim,pt,fome,altered
fr,faire,pt,fazer,altered
fr,fake,pt,fake,transparent
fr,falsifier,pt,falsar,altered
fr,fameux,pt,famoso,altered
fr,familiale,pt,familiar,transparent
fr,familier,pt,familiar,transparent
fr,famille,pt,família,transparent
fr,fan,pt,fã,altered
fr,fanatique,pt,fanático,transparent
fr,fantaisie,pt,fantasiar,transparent
fr,fantasme,pt,fantasma,altered
fr,fantasmer,pt,fantasiar,transparent
fr,fantastique,pt,fantástico,transparent
fr,fantasy,pt,fantasiar,altered
fr,fantôme,pt,fantasma,altered
fr,farce,pt,farsa,altered
fr,fardeau,pt,fardo,altered
fr,farine,pt,farinha,altered
fr,fascinant,pt,fascinante,transparent
fr,fasciner,pt,fascinar,transparent
fr,fascisme,pt,fascismo,transparent
fr,fasciste,pt,fascista,transparent
fr,fatal,pt,fatal,transparent
fr,fatalité,pt,fatalidade,transparent
fr,fatigue,pt,fadigar,transparent
fr,faucon,pt,falcão,altered
fr,faune,pt,fauna,altered
fr,faussement,pt,falsamente,altered
fr,faute,pt,faltar,transparent
fr,faux,pt,falso,altered
fr,faveur,pt,favor,altered
fr,favorable,pt,favorável,transparent
fr,favorablement,pt,favoravelmente,transparent
fr,favori,pt,favorito,transparent
fr,favoriser,pt,favorecer,altered
fr,favorite,pt,favorito,transparent
fr,fax,pt,fax,transparent
fr,façade,pt,fachada,transparent
fr,feindre,pt,fingir,altered
fr,femelle,pt,fêmeo,altered
fr,femme,pt,fêmeo,altered
fr,fer,pt,ferro,altered
fr,ferme,pt,firme,altered
fr,fermement,pt,firmemente,altered
fr,fermentation,pt,fermentação,transparent
fr,fermeté,pt,firmeza,altered
fr,ferroviaire,pt,ferroviário,transparent
fr,ferry,pt,ferry,transparent
fr,fertile,pt,fértil,transparent
fr,fertilité,pt,fertilidade,transparent
fr,fervent,pt,fervoroso,altered
fr,ferveur,pt,fervor,transparent
fr,festival,pt,festival,transparent
fr,festivité,pt,festividade,transparent
fr,fiable,pt,fiável,transparent
fr,fiasco,pt,fiasco,transparent
fr,fibre,pt,fibra,transparent
fr,fiche,pt,fichar,transparent
fr,ficher,pt,fichar,transparent
fr,fichier,pt,ficheiro,altered
fr,fictif,pt,fictício,transparent
fr,fiction,pt,ficção,altered
fr,fidèle,pt,fiel,altered
fr,fidélité,pt,fidelidade,transparent
fr,figurant,pt,figurante,transparent
fr,figure,pt,figurar,transparent
fr,figurer,pt,figurar,transparent
fr,figuré,pt,figurar,transparent
fr,fil,pt,fio,altered
fr,file,pt,filar,transparent
fr,filiale,pt,filial,transparent
fr,filiation,pt,filiação,altered
fr,film,pt,filme,transparent
fr,filmer,pt,filmar,transparent
fr,fils,pt,filho,altered
fr,filtre,pt,filtro,transparent
fr,filtrer,pt,filtrar,transparent
fr,fin,pt,fim,altered
fr,final,pt,final,transparent
fr,finale,pt,final,transparent
fr,finalement,pt,finalmente,transparent
fr,finaliser,pt,finalizar,transparent
fr,finaliste,pt,finalista,transparent
fr,finalité,pt,finalidade,transparent
fr,financement,pt,financiamento,transparent
fr,financer,pt,financiar,transparent
fr,financier,pt,financeiro,transparent
fr,financière,pt,financeiro,transparent
fr,financièrement,pt,financeiramente,transparent
fr,fine,pt,fino,transparent
fr,fiscal,pt,fiscal,transparent
fr,fitness,pt,fitness,transparent
fr,fixation,pt,fixação,transparent
fr,fixe,pt,fixo,transparent
fr,fixer,pt,fixar,transparent
fr,fixé,pt,fixar,transparent
fr,fièvre,pt,febre,altered
fr,flagrant,pt,flagrante,transparent
fr,flanc,pt,flanco,transparent
fr,flash,pt,flash,transparent
fr,fleur,pt,flor,altered
fr,flexibilité,pt,flexibilidade,transparent
fr,flexible,pt,flexível,transparent
fr,flora,pt,florir,transparent
fr,floraison,pt,floração,transparent
fr,flore,pt,florir,transparent
fr,flottant,pt,flutuante,altered
fr,flotte,pt,frota,altered
fr,fluctuation,pt,flutuação,altered
fr,fluide,pt,fluido,transparent
fr,flux,pt,fluxo,transparent
fr,flèche,pt,flechar,transparent
fr,fléau,pt,flagelo,altered
fr,flûte,pt,flautar,altered
fr,focaliser,pt,focar,altered
fr,focus,pt,foco,transparent
fr,folk,pt,folk,transparent
fr,folklore,pt,folclore,transparent
fr,fonction,pt,função,transparent
fr,fonctionnaire,pt,funcionário,transparent
fr,fonctionnalité,pt,funcionalidade,transparent
fr,fonctionnel,pt,funcional,altered
fr,fonctionnement,pt,funcionamento,altered
fr,fonctionner,pt,funcionar,transparent
fr,fond,pt,fundo,altered
fr,fondamental,pt,fundamental,altered
fr,fondamentalement,pt,fundamentalmente,transparent
fr,fondateur,pt,fundador,transparent
fr,fondation,pt,fundação,altered
fr,fondement,pt,fundamento,transparent
fr,fonder,pt,fundar,transparent
fr,fondre,pt,fundir,altered
fr,fonds,pt,fundo,altered
fr,fondu,pt,fundir,altered
fr,fondé,pt,fundar,transparent
fr,force,pt,forçar,altered
fr,forcer,pt,forçar,altered
fr,forcé,pt,forçar,altered
fr,forestier,pt,florestal,altered
fr,forge,pt,forjar,altered
fr,forger,pt,forjar,transparent
fr,forgé,pt,forjar,altered
fr,formalité,pt,formalidade,transparent
fr,format,pt,formato,transparent
fr,formateur,pt,formador,transparent
fr,formation,pt,formação,transparent
fr,forme,pt,formar,altered
fr,formel,pt,formal,transparent
fr,formellement,pt,formalmente,transparent
fr,former,pt,formar,transparent
fr,formidable,pt,formidável,transparent
fr,formulaire,pt,formulário,transparent
fr,formulation,pt,formulação,transparent
fr,formule,pt,fórmula,transparent
fr,formuler,pt,formular,transparent
fr,formulé,pt,formular,transparent
fr,formé,pt,formar,transparent
fr,fort,pt,forte,transparent
fr,fortement,pt,fortemente,transparent
fr,fortifier,pt,fortalecer,altered
fr,fortune,pt,fortuna,transparent
fr,forum,pt,fórum,transparent
fr,fosse,pt,fossar,transparent
fr,fossile,pt,fóssil,transparent
fr,fossé,pt,fosso,transparent
fr,fou,pt,louco,altered
fr,four,pt,forno,transparent
fr,fourni,pt,fornecido,altered
fr,fournir,pt,fornecer,altered
fr,fournisseur,pt,fornecedor,altered
fr,fourniture,pt,fornecimento,altered
fr,fraction,pt,fração,transparent
fr,fracture,pt,fraturar,transparent
fr,fragile,pt,frágil,altered
fr,fragilité,pt,fragilidade,transparent
fr,frais,pt,fresco,altered
fr,franc,pt,franco,transparent
fr,francais,pt,francês,transparent
fr,francaise,pt,francês,transparent
fr,france,pt,frança,altered
fr,franchement,pt,francamente,transparent
fr,francisco,pt,francisco,transparent
fr,franco,pt,franco,transparent
fr,frange,pt,franjar,altered
fr,français,pt,francês,altered
fr,fraternité,pt,fraternidade,transparent
fr,fraude,pt,fraude,transparent
fr,fraîcheur,pt,frescura,altered
fr,frein,pt,freio,transparent
fr,frere,pt,frade,altered
fr,fresque,pt,fresco,transparent
fr,fret,pt,frete,altered
fr,frigo,pt,frigorífico,altered
fr,frit,pt,frito,transparent
fr,froid,pt,frio,transparent
fr,front,pt,frente,altered
fr,frontal,pt,frontal,transparent
fr,fruit,pt,fruto,transparent
fr,frustrant,pt,frustrante,transparent
fr,frustration,pt,frustração,transparent
fr,frustré,pt,frustrar,transparent
fr,frère,pt,frei,altered
fr,fréquemment,pt,frequentemente,transparent
fr,fréquence,pt,frequência,transparent
fr,fréquent,pt,frequente,altered
fr,fréquenter,pt,frequentar,altered
fr,fréquenté,pt,frequentar,transparent
fr,fuir,pt,fugir,altered
fr,fumer,pt,fumar,transparent
fr,fumé,pt,fumar,transparent
fr,fumée,pt,fumaça,altered
fr,funèbre,pt,fúnebre,transparent
fr,funérailles,pt,funeral,transparent
fr,funéraire,pt,funerário,transparent
fr,furieux,pt,furioso,transparent
fr,fusil,pt,fuzil,altered
fr,fusion,pt,fusão,altered
fr,fusée,pt,foguete,altered
fr,futur,pt,futuro,transparent
fr,fuyant,pt,fugitivo,altered
fr,fédéral,pt,federal,transparent
fr,fédération,pt,federação,transparent
fr,félicitation,pt,felicitação,transparent
fr,féliciter,pt,felicitar,transparent
fr,félicité,pt,felicidade,altered
fr,féminin,pt,feminino,transparent
fr,féminisme,pt,feminismo,transparent
fr,féministe,pt,feminista,transparent
fr,féroce,pt,feroz,altered
fr,février,pt,fevereiro,altered
fr,fête,pt,festar,altered
fr,fêter,pt,festejar,altered
fr,fœtus,pt,feto,transparent
fr,gagnant,pt,ganhador,altered
fr,gagner,pt,ganhar,transparent
fr,gagné,pt,ganho,transparent
fr,gain,pt,ganho,altered
fr,galaxie,pt,galáxia,transparent
fr,galerie,pt,galeria,transparent
fr,galline,pt,galinha,altered
fr,galère,pt,galera,transparent
fr,gameplay,pt,gameplay,transparent
fr,garage,pt,garagem,transparent
fr,garant,pt,garantir,transparent
fr,garanti,pt,garantir,altered
fr,garantie,pt,garantir,transparent
fr,garantir,pt,garantir,transparent
fr,garde,pt,guardar,altered
fr,garder,pt,guardar,transparent
fr,gardien,pt,guardião,altered
fr,gardé,pt,guardar,altered
fr,garnison,pt,guarnição,transparent
fr,gas,pt,gás,transparent
fr,gasoline,pt,gasolina,transparent
fr,gastronomie,pt,gastronomia,transparent
fr,gaulois,pt,gaulês,altered
fr,gay,pt,gay,transparent
fr,gaz,pt,gás,transparent
fr,gazette,pt,gazeta,transparent
fr,gazeux,pt,gasoso,transparent
fr,gel,pt,gelo,altered
fr,geler,pt,gelar,transparent
fr,gelé,pt,gelar,transparent
fr,gelée,pt,gelatina,altered
fr,gendre,pt,genro,altered
fr,general,pt,general,transparent
fr,generation,pt,geração,altered
fr,genre,pt,gênero,altered
fr,gens,pt,gente,transparent
fr,gent,pt,gente,altered
fr,gentil,pt,gentil,transparent
fr,gentillesse,pt,gentileza,altered
fr,gentiment,pt,gentilmente,altered
fr,george,pt,george,transparent
fr,germain,pt,germano,altered
fr,germanique,pt,germânico,transparent
fr,gestation,pt,gestação,transparent
fr,geste,pt,gesto,transparent
fr,gestion,pt,gestão,transparent
fr,gestionnaire,pt,gestor,altered
fr,ghetto,pt,gueto,altered
fr,gigantesque,pt,gigantesco,transparent
fr,giro,pt,giro,transparent
fr,glamour,pt,glamour,transparent
fr,gland,pt,glândula,transparent
fr,glande,pt,glândula,altered
fr,global,pt,global,transparent
fr,globalement,pt,globalmente,transparent
fr,globe,pt,globo,transparent
fr,gloire,pt,glória,transparent
fr,gloria,pt,glória,transparent
fr,glorieux,pt,glorioso,altered
fr,glucose,pt,glicose,transparent
fr,gluten,pt,glúten,transparent
fr,golf,pt,golfe,altered
fr,golfe,pt,golfo,altered
fr,gothique,pt,gótico,transparent
fr,gourou,pt,guru,altered
fr,gout,pt,gosto,transparent
fr,goutte,pt,gota,transparent
fr,gouvernance,pt,governança,transparent
fr,gouvernant,pt,governante,transparent
fr,gouverne,pt,governar,altered
fr,gouvernement,pt,governo,altered
fr,gouvernemental,pt,governamental,transparent
fr,gouverner,pt,governar,transparent
fr,gouverneur,pt,governador,altered
fr,goût,pt,gosto,altered
fr,goûter,pt,gostar,altered
fr,graal,pt,graal,transparent
fr,grace,pt,graça,transparent
fr,grade,pt,grau,altered
fr,graduation,pt,graduação,transparent
fr,graduellement,pt,gradualmente,transparent
fr,grain,pt,grão,altered
fr,graisse,pt,graxo,altered
fr,grammaire,pt,gramático,transparent
fr,grand,pt,grande,transparent
fr,grandement,pt,grandemente,transparent
fr,grandeur,pt,grandeza,altered
fr,grandiose,pt,grandioso,transparent
fr,grange,pt,granja,altered
fr,granit,pt,granito,altered
fr,graphique,pt,gráfico,transparent
fr,gratitude,pt,gratidão,altered
fr,gratuit,pt,gratuito,altered
fr,gratuitement,pt,gratuitamente,transparent
fr,grave,pt,grave,transparent
fr,gravement,pt,gravemente,transparent
fr,graver,pt,gravar,altered
fr,gravité,pt,gravidade,transparent
fr,gravure,pt,gravação,altered
fr,gravé,pt,gravar,transparent
fr,grec,pt,grego,altered
fr,grecque,pt,grego,altered
fr,green,pt,green,transparent
fr,grille,pt,grelhar,altered
fr,grippe,pt,gripe,transparent
fr,gros,pt,grosso,altered
fr,grossier,pt,grosseiro,transparent
fr,grotesque,pt,grotesco,altered
fr,grotte,pt,gruta,altered
fr,groupe,pt,grupo,transparent
fr,groupement,pt,agrupamento,altered
fr,grâce,pt,graça,transparent
fr,grèce,pt,grécia,altered
fr,grève,pt,greve,transparent
fr,gré,pt,grado,altered
fr,guatemala,pt,guatemala,transparent
fr,guerre,pt,guerra,transparent
fr,guerrier,pt,guerreiro,altered
fr,guide,pt,guiar,transparent
fr,guider,pt,guiar,transparent
fr,guitare,pt,guitarra,transparent
fr,guitariste,pt,guitarrista,altered
fr,guyane,pt,guiana,transparent
fr,guérilla,pt,guerrilhar,transparent
fr,gymnase,pt,ginásio,altered
fr,gymnastique,pt,ginástico,transparent
fr,gâter,pt,gasto,altered
fr,gène,pt,gene,transparent
fr,géant,pt,gigante,altered
fr,génial,pt,genial,transparent
fr,génie,pt,gênio,transparent
fr,génocide,pt,genocídio,altered
fr,génome,pt,genoma,transparent
fr,général,pt,geral,transparent
fr,générale,pt,general,transparent
fr,généralement,pt,geralmente,altered
fr,généralisation,pt,generalização,transparent
fr,généraliser,pt,generalizar,transparent
fr,généraliste,pt,generalista,transparent
fr,généralisé,pt,generalizar,transparent
fr,généralité,pt,generalidade,transparent
fr,générateur,pt,gerador,altered
fr,génération,pt,geração,transparent
fr,générer,pt,gerar,altered
fr,généreux,pt,generoso,transparent
fr,générique,pt,genérico,transparent
fr,générosité,pt,generosidade,transparent
fr,généré,pt,gerar,altered
fr,génétique,pt,genético,transparent
fr,génétiquement,pt,geneticamente,transparent
fr,géographie,pt,geografia,transparent
fr,géographique,pt,geográfico,transparent
fr,géologie,pt,geologia,transparent
fr,géologique,pt,geológico,transparent
fr,géométrie,pt,geometria,transparent
fr,géométrique,pt,geométrico,transparent
fr,géopolitique,pt,geopolítico,transparent
fr,gérant,pt,gerente,altered
fr,gérer,pt,gerir,transparent
fr,habile,pt,hábil,transparent
fr,habileté,pt,habilidade,transparent
fr,habitant,pt,habitante,transparent
fr,habitat,pt,habitat,transparent
fr,habitation,pt,habitação,transparent
fr,habiter,pt,habitar,transparent
fr,habitude,pt,hábito,altered
fr,habituel,pt,habitual,transparent
fr,habituellement,pt,habitualmente,transparent
fr,habituer,pt,habituar,transparent
fr,habitué,pt,habituar,transparent
fr,habité,pt,habitar,transparent
fr,halal,pt,halal,transparent
fr,hall,pt,hall,transparent
fr,hallucinant,pt,alucinante,altered
fr,halo,pt,halo,transparent
fr,hamburger,pt,hambúrguer,transparent
fr,hangar,pt,hangar,transparent
fr,harmonie,pt,harmonia,altered
fr,hashtag,pt,hashtag,transparent
fr,haut,pt,alto,altered
fr,haute,pt,alto,transparent
fr,hautement,pt,altamente,altered
fr,hauteur,pt,altura,altered
fr,hawaï,pt,havaí,altered
fr,haïtien,pt,haitiano,transparent
fr,hectare,pt,hectare,transparent
fr,herbe,pt,erva,altered
fr,histoire,pt,história,transparent
fr,historien,pt,historiador,altered
fr,historique,pt,histórico,transparent
fr,hiver,pt,inverno,altered
fr,hiérarchie,pt,hierarquia,altered
fr,hiérarchique,pt,hierárquico,transparent
fr,hockey,pt,hóquei,altered
fr,hollywood,pt,hollywood,transparent
fr,holocauste,pt,holocausto,transparent
fr,home,pt,home,transparent
fr,homicide,pt,homicídio,transparent
fr,hommage,pt,homenagem,altered
fr,homme,pt,homem,altered
fr,homo,pt,homo,transparent
fr,homogène,pt,homogêneo,transparent
fr,homophobie,pt,homofobia,transparent
fr,homosexualité,pt,homossexualidade,transparent
fr,homosexuel,pt,homossexual,transparent
fr,hongrie,pt,hungria,altered
fr,hongrois,pt,húngaro,altered
fr,hongroise,pt,húngaro,altered
fr,honneur,pt,honrar,altered
fr,honnête,pt,honesto,altered
fr,honnêtement,pt,honestamente,transparent
fr,honnêteté,pt,honestidade,transparent
fr,honoraire,pt,honorário,transparent
fr,honorer,pt,honrar,altered
fr,honoré,pt,honrar,altered
fr,hopital,pt,hospital,transparent
fr,horaire,pt,horário,transparent
fr,horde,pt,horda,transparent
fr,horizon,pt,horizonte,transparent
fr,horizontal,pt,horizontal,transparent
fr,horizontale,pt,horizontal,transparent
fr,horloge,pt,relógio,altered
fr,hormone,pt,hormona,transparent
fr,horreur,pt,horror,altered
fr,horrible,pt,horrível,transparent
fr,hospice,pt,hospício,transparent
fr,hospitalier,pt,hospitalar,transparent
fr,hospitalité,pt,hospitalidade,altered
fr,hostile,pt,hostil,transparent
fr,hostilité,pt,hostilidade,transparent
fr,hot,pt,hot,transparent
fr,hotel,pt,hotel,transparent
fr,house,pt,house,transparent
fr,hub,pt,hub,transparent
fr,huit,pt,oito,altered
fr,humain,pt,humano,altered
fr,humanisme,pt,humanismo,transparent
fr,humaniste,pt,humanista,transparent
fr,humanitaire,pt,humanitário,altered
fr,humanité,pt,humanidade,transparent
fr,humble,pt,humilde,transparent
fr,humeur,pt,humor,altered
fr,humide,pt,húmido,transparent
fr,humidité,pt,umidade,altered
fr,humiliation,pt,humilhação,transparent
fr,humilier,pt,humilhar,transparent
fr,humilité,pt,humildade,transparent
fr,humilié,pt,humilhar,altered
fr,humoriste,pt,humorista,transparent
fr,humoristique,pt,humorístico,transparent
fr,humour,pt,humor,transparent
fr,hybride,pt,híbrido,transparent
fr,hydratant,pt,hidratante,altered
fr,hydraulique,pt,hidráulico,transparent
fr,hydrocarbure,pt,hidrocarboneto,altered
fr,hydrogène,pt,hidrogênio,transparent
fr,hygiène,pt,higiene,transparent
fr,hymne,pt,hino,altered
fr,hyper,pt,hiper,transparent
fr,hypnose,pt,hipnose,transparent
fr,hypocrisie,pt,hipocrisia,transparent
fr,hypocrite,pt,hipócrita,transparent
fr,hypothèque,pt,hipotecar,altered
fr,hypothèse,pt,hipótese,transparent
fr,hypothétique,pt,hipotético,altered
fr,hystérique,pt,histérico,altered
fr,hébreu,pt,hebraico,altered
fr,hégémonie,pt,hegemonia,transparent
fr,hélicoptère,pt,helicóptero,transparent
fr,hémisphère,pt,hemisfério,altered
fr,hémorragie,pt,hemorragia,transparent
fr,hépatite,pt,hepatite,transparent
fr,hériter,pt,herdar,altered
fr,héritier,pt,herdeiro,altered
fr,héros,pt,herói,altered
fr,héroïne,pt,heroína,transparent
fr,héréditaire,pt,hereditário,altered
fr,hérésie,pt,heresia,altered
fr,hésitation,pt,hesitação,transparent
fr,hésiter,pt,hesitar,transparent
fr,hôpital,pt,hospital,transparent
fr,hôtel,pt,hotel,transparent
fr,icône,pt,ícone,altered
fr,idee,pt,ideia,transparent
fr,idem,pt,idem,transparent
fr,identifiant,pt,identificador,altered
fr,identification,pt,identificação,transparent
fr,identifier,pt,identificar,transparent
fr,identifié,pt,identificar,transparent
fr,identique,pt,idêntico,transparent
fr,identité,pt,identidade,transparent
fr,idiome,pt,idioma,transparent
fr,idiot,pt,idiota,transparent
fr,idole,pt,ídolo,transparent
fr,idéal,pt,ideal,transparent
fr,idée,pt,ideia,transparent
fr,idéologie,pt,ideologia,altered
fr,idéologique,pt,ideológico,transparent
fr,igloo,pt,iglu,altered
fr,ignorance,pt,ignorância,altered
fr,ignorant,pt,ignorante,transparent
fr,ignorer,pt,ignorar,transparent
fr,ignoré,pt,ignorar,transparent
fr,illicite,pt,ilícito,transparent
fr,illimité,pt,ilimitado,transparent
fr,illusion,pt,ilusão,transparent
fr,illustration,pt,ilustração,transparent
fr,illustre,pt,ilustre,altered
fr,illustrer,pt,ilustrar,transparent
fr,illégal,pt,ilegal,transparent
fr,illégalement,pt,ilegalmente,transparent
fr,illégitime,pt,ilegítimo,transparent
fr,image,pt,imagem,transparent
fr,imaginaire,pt,imaginário,transparent
fr,imagination,pt,imaginação,transparent
fr,imaginer,pt,imaginar,transparent
fr,imam,pt,imã,transparent
fr,imbécile,pt,imbecil,transparent
fr,imitation,pt,imitação,transparent
fr,imiter,pt,imitar,transparent
fr,immense,pt,imenso,transparent
fr,immersion,pt,imersão,altered
fr,immeuble,pt,imóvel,altered
fr,immigrant,pt,imigrante,altered
fr,immigration,pt,imigração,transparent
fr,immigré,pt,imigrante,altered
fr,imminent,pt,iminente,transparent
fr,immobile,pt,imóvel,transparent
fr,immobilier,pt,imobiliário,transparent
fr,immonde,pt,imundo,transparent
fr,immortalité,pt,imortalidade,altered
fr,immortel,pt,imortal,transparent
fr,immunité,pt,imunidade,transparent
fr,immédiat,pt,imediato,transparent
fr,immédiatement,pt,imediatamente,transparent
fr,impact,pt,impacto,transparent
fr,impacter,pt,impactar,transparent
fr,imparfait,pt,imperfeito,altered
fr,impatient,pt,impaciente,transparent
fr,impatiente,pt,impaciente,transparent
fr,impeccable,pt,impecável,transparent
fr,impensable,pt,impensável,transparent
fr,implacable,pt,implacável,transparent
fr,implantation,pt,implantação,transparent
fr,implanter,pt,implantar,transparent
fr,implanté,pt,implantar,transparent
fr,implication,pt,implicação,transparent
fr,implicite,pt,implícito,transparent
fr,impliquer,pt,implicar,transparent
fr,implémentation,pt,implementação,transparent
fr,implémenter,pt,implementar,transparent
fr,import,pt,importação,altered
fr,importance,pt,importância,transparent
fr,important,pt,importante,transparent
fr,importation,pt,importação,transparent
fr,importer,pt,importar,transparent
fr,importé,pt,importar,transparent
fr,imposant,pt,imponente,transparent
fr,imposer,pt,impor,altered
fr,imposition,pt,imposição,transparent
fr,impossibilité,pt,impossibilidade,transparent
fr,impossible,pt,impossível,transparent
fr,imposé,pt,imposto,altered
fr,impression,pt,impressão,transparent
fr,impressionnant,pt,impressionante,transparent
fr,impressionner,pt,impressionar,transparent
fr,imprimer,pt,imprimir,transparent
fr,imprimerie,pt,imprensar,altered
fr,imprimeur,pt,impressor,transparent
fr,imprimé,pt,impresso,transparent
fr,improbable,pt,improvável,altered
fr,improvisation,pt,improvisação,transparent
fr,imprévisible,pt,imprevisível,transparent
fr,imprévu,pt,imprevisto,altered
fr,impuissance,pt,impotência,altered
fr,impulsion,pt,impulso,transparent
fr,impunité,pt,impunidade,transparent
fr,impératif,pt,imperativo,altered
fr,impérial,pt,imperial,transparent
fr,impériale,pt,imperial,transparent
fr,impérialisme,pt,imperialismo,transparent
fr,impôt,pt,imposto,altered
fr,inacceptable,pt,inaceitável,altered
fr,inaccessible,pt,inacessível,transparent
fr,inadmissible,pt,inadmissível,transparent
fr,inauguration,pt,inauguração,transparent
fr,inaugurer,pt,inaugurar,transparent
fr,incapable,pt,incapaz,transparent
fr,incapacité,pt,incapacidade,transparent
fr,incarcéré,pt,encarcerar,altered
fr,incarnation,pt,encarnação,transparent
fr,incarner,pt,encarnar,transparent
fr,incarné,pt,encarnar,transparent
fr,incendie,pt,incêndio,transparent
fr,incertain,pt,incerto,transparent
fr,incidence,pt,incidência,transparent
fr,incident,pt,incidente,transparent
fr,incitatif,pt,incentivo,altered
fr,inciter,pt,incentivar,altered
fr,incliner,pt,inclinar,transparent
fr,incliné,pt,inclinar,transparent
fr,inclure,pt,incluir,altered
fr,inclus,pt,incluso,transparent
fr,inclusion,pt,inclusão,transparent
fr,inclusivement,pt,inclusive,altered
fr,incommoder,pt,incomodar,transparent
fr,incomparable,pt,incomparável,transparent
fr,incompatible,pt,incompatível,transparent
fr,incomplet,pt,incompleto,transparent
fr,incompétence,pt,incompetência,transparent
fr,inconsciemment,pt,inconscientemente,transparent
fr,incontestable,pt,incontestável,transparent
fr,inconvénient,pt,inconveniente,transparent
fr,incroyable,pt,incrível,altered
fr,incroyablement,pt,incrivelmente,transparent
fr,indemnisation,pt,indenização,altered
fr,index,pt,índice,altered
fr,indicateur,pt,indicador,transparent
fr,indicatif,pt,indicativo,transparent
fr,indication,pt,indicação,transparent
fr,indice,pt,índice,transparent
fr,indien,pt,índio,altered
fr,indienne,pt,indiano,altered
fr,indifférence,pt,indiferença,transparent
fr,indifférent,pt,indiferente,transparent
fr,indignation,pt,indignação,transparent
fr,indigne,pt,indigno,transparent
fr,indigène,pt,indígena,transparent
fr,indique,pt,indicar,transparent
fr,indiquer,pt,indicar,transparent
fr,indiqué,pt,indicar,transparent
fr,indirect,pt,indireto,transparent
fr,indirectement,pt,indiretamente,transparent
fr,indiscutable,pt,indiscutível,transparent
fr,indispensable,pt,indispensável,transparent
fr,individu,pt,indivíduo,altered
fr,individualisme,pt,individualismo,transparent
fr,individuel,pt,individual,transparent
fr,individuellement,pt,individualmente,transparent
fr,induction,pt,indução,transparent
fr,induit,pt,induzir,altered
fr,industrialisation,pt,industrialização,transparent
fr,industrie,pt,indústria,transparent
fr,industriel,pt,industrial,transparent
fr,indécis,pt,indeciso,transparent
fr,indéfiniment,pt,indefinidamente,transparent
fr,indéniable,pt,inegável,altered
fr,indépendamment,pt,independentemente,transparent
fr,indépendance,pt,independência,transparent
fr,indépendant,pt,independente,transparent
fr,indésirable,pt,indesejável,transparent
fr,indéterminé,pt,indeterminar,transparent
fr,inefficace,pt,ineficaz,altered
fr,inertie,pt,inércia,altered
fr,infanterie,pt,infantaria,transparent
fr,infantile,pt,infantil,transparent
fr,infection,pt,infecção,transparent
fr,infecté,pt,infectado,transparent
fr,infernal,pt,infernal,transparent
fr,infidèle,pt,infiel,altered
fr,infidélité,pt,infidelidade,transparent
fr,infiltration,pt,infiltração,transparent
fr,infini,pt,infinito,transparent
fr,infiniment,pt,infinitamente,transparent
fr,infirmerie,pt,enfermaria,transparent
fr,inflammation,pt,inflamação,transparent
fr,inflation,pt,inflação,transparent
fr,inflexible,pt,inflexível,transparent
fr,infliger,pt,infligir,transparent
fr,influence,pt,influência,altered
fr,influencer,pt,influenciar,transparent
fr,influent,pt,influente,transparent
fr,info,pt,info,transparent
fr,information,pt,informação,transparent
fr,informatique,pt,informático,transparent
fr,informe,pt,informe,transparent
fr,informer,pt,informar,transparent
fr,informé,pt,informar,transparent
fr,infraction,pt,infração,transparent
fr,infrarouge,pt,infravermelho,altered
fr,infrastructure,pt,infraestrutura,transparent
fr,infâme,pt,infame,transparent
fr,inférieur,pt,inferior,transparent
fr,infériorité,pt,inferioridade,transparent
fr,ingrédient,pt,ingrediente,transparent
fr,ingénierie,pt,engenharia,altered
fr,ingénieur,pt,engenheiro,altered
fr,initial,pt,inicial,transparent
fr,initiale,pt,inicial,transparent
fr,initialement,pt,inicialmente,transparent
fr,initiation,pt,iniciação,transparent
fr,initiative,pt,iniciativo,transparent
fr,initier,pt,iniciar,altered
fr,initié,pt,iniciar,altered
fr,injecter,pt,injetar,altered
fr,injection,pt,injeção,altered
fr,injure,pt,injúria,transparent
fr,injuste,pt,injusto,transparent
fr,injustement,pt,injustamente,transparent
fr,injustice,pt,injustiçar,transparent
fr,innocence,pt,inocência,transparent
fr,innocent,pt,inocente,transparent
fr,innovant,pt,inovador,altered
fr,innovation,pt,inovação,transparent
fr,innover,pt,inovar,transparent
fr,inquiet,pt,inquieto,altered
fr,inquisition,pt,inquisição,transparent
fr,inquiétant,pt,inquietante,transparent
fr,inquiéter,pt,inquietar,transparent
fr,inscription,pt,inscrição,transparent
fr,inscrire,pt,inscrever,altered
fr,inscrit,pt,inscrito,transparent
fr,inscrivant,pt,inscrever,altered
fr,insecte,pt,inseto,altered
fr,insensible,pt,insensível,transparent
fr,insensé,pt,insensato,altered
fr,insertion,pt,inserção,transparent
fr,insistance,pt,insistência,transparent
fr,insistant,pt,insistente,transparent
fr,insister,pt,insistir,transparent
fr,inspecteur,pt,inspetor,transparent
fr,inspection,pt,inspeção,altered
fr,inspiration,pt,inspiração,transparent
fr,inspirer,pt,inspirar,transparent
fr,inspiré,pt,inspirar,altered
fr,instabilité,pt,instabilidade,transparent
fr,instable,pt,instável,transparent
fr,instagram,pt,instagram,transparent
fr,installation,pt,instalação,transparent
fr,installer,pt,instalar,transparent
fr,installé,pt,instalar,transparent
fr,instance,pt,instância,transparent
fr,instant,pt,instante,transparent
fr,instantané,pt,instantâneo,transparent
fr,instantanément,pt,instantaneamente,transparent
fr,instar,pt,instar,transparent
fr,instauration,pt,instauração,transparent
fr,instaurer,pt,instaurar,transparent
fr,instinct,pt,instinto,transparent
fr,institut,pt,instituto,transparent
fr,institution,pt,instituição,transparent
fr,instructeur,pt,instrutor,altered
fr,instruction,pt,instrução,transparent
fr,instruire,pt,instruir,transparent
fr,instrument,pt,instrumento,transparent
fr,insuffisance,pt,insuficiência,transparent
fr,insuffisant,pt,insuficiente,transparent
fr,insuline,pt,insulina,transparent
fr,insulte,pt,insulto,altered
fr,insulter,pt,insultar,transparent
fr,insulté,pt,insultar,transparent
fr,insupportable,pt,insuportável,altered
fr,insurgé,pt,insurgente,altered
fr,insurrection,pt,insurreição,transparent
fr,insécure,pt,inseguro,altered
fr,insécurité,pt,insegurança,altered
fr,insérer,pt,inserir,altered
fr,intact,pt,intacto,transparent
fr,intellectuel,pt,intelectual,transparent
fr,intelligence,pt,inteligência,transparent
fr,intelligent,pt,inteligente,transparent
fr,intense,pt,intenso,transparent
fr,intensif,pt,intensivo,transparent
fr,intensité,pt,intensidade,transparent
fr,intention,pt,intenção,transparent
fr,interactif,pt,interativo,transparent
fr,interaction,pt,interação,transparent
fr,interagir,pt,interagir,transparent
fr,interdiction,pt,interdição,transparent
fr,interface,pt,interface,transparent
fr,interlocuteur,pt,interlocutor,transparent
fr,interminable,pt,interminável,transparent
fr,intermédiaire,pt,intermediário,transparent
fr,international,pt,internacional,transparent
fr,internationale,pt,internacional,transparent
fr,internaute,pt,internauta,transparent
fr,interne,pt,interno,transparent
fr,interner,pt,internar,transparent
fr,internet,pt,internet,transparent
fr,interprète,pt,intérprete,transparent
fr,interprétation,pt,interpretação,transparent
fr,interpréter,pt,interpretar,transparent
fr,interrogation,pt,interrogação,transparent
fr,interrogatoire,pt,interrogatório,transparent
fr,interroger,pt,interrogar,transparent
fr,interrompre,pt,interromper,transparent
fr,interruption,pt,interrupção,transparent
fr,intervalle,pt,intervalo,transparent
fr,intervenant,pt,interveniente,transparent
fr,intervenir,pt,intervir,transparent
fr,intervention,pt,intervenção,transparent
fr,interviewer,pt,entrevistar,transparent
fr,intestin,pt,intestino,transparent
fr,intime,pt,íntimo,transparent
fr,intimement,pt,intimamente,transparent
fr,intimidation,pt,intimidação,transparent
fr,intimider,pt,intimidar,transparent
fr,intimité,pt,intimidade,transparent
fr,intituler,pt,intitular,transparent
fr,intitulé,pt,intitular,transparent
fr,intolérable,pt,intolerável,transparent
fr,intolérance,pt,intolerância,transparent
fr,intoxication,pt,intoxicação,transparent
fr,intra,pt,intra,transparent
fr,intrigue,pt,intrigar,transparent
fr,intro,pt,intro,transparent
fr,introduction,pt,introdução,transparent
fr,introduire,pt,introduzir,transparent
fr,intrusion,pt,intrusão,transparent
fr,intuition,pt,intuição,transparent
fr,intègre,pt,íntegro,altered
fr,intégral,pt,integral,transparent
fr,intégrale,pt,integral,transparent
fr,intégralement,pt,integralmente,transparent
fr,intégrant,pt,integrante,transparent
fr,intégration,pt,integração,transparent
fr,intégrer,pt,integrar,transparent
fr,intégrité,pt,integridade,transparent
fr,intégré,pt,integrar,transparent
fr,intéressant,pt,interessante,transparent
fr,intéresser,pt,interessar,transparent
fr,intéressé,pt,interessar,transparent
fr,intérieur,pt,interior,transparent
fr,intérim,pt,interino,altered
fr,intérimaire,pt,interino,altered
fr,intérêt,pt,interesse,transparent
fr,inutile,pt,inútil,transparent
fr,invalide,pt,inválido,transparent
fr,invasion,pt,invasão,transparent
fr,inventaire,pt,inventário,transparent
fr,inventer,pt,inventar,transparent
fr,inventeur,pt,inventor,transparent
fr,invention,pt,invenção,transparent
fr,inverse,pt,inverso,transparent
fr,inversement,pt,inversamente,transparent
fr,inverser,pt,inverter,transparent
fr,inversion,pt,inversão,transparent
fr,investi,pt,investir,transparent
fr,investigation,pt,investigação,transparent
fr,investiguer,pt,investigar,transparent
fr,investir,pt,investir,transparent
fr,investissement,pt,investimento,transparent
fr,investisseur,pt,investidor,altered
fr,investiture,pt,investidura,transparent
fr,invincible,pt,invencível,transparent
fr,invisible,pt,invisível,transparent
fr,involontaire,pt,involuntário,transparent
fr,invoquer,pt,invocar,transparent
fr,inédit,pt,inédito,transparent
fr,inévitable,pt,inevitável,transparent
fr,inévitablement,pt,inevitavelmente,transparent
fr,iranien,pt,iraniano,altered
fr,iris,pt,íris,transparent
fr,irlandais,pt,irlandês,transparent
fr,irlande,pt,irlanda,transparent
fr,ironie,pt,ironia,transparent
fr,ironique,pt,irônico,transparent
fr,irresponsable,pt,irresponsável,transparent
fr,irrigation,pt,irrigação,transparent
fr,irriter,pt,irritar,transparent
fr,irrégularité,pt,irregularidade,transparent
fr,irrégulier,pt,irregular,transparent
fr,irrésistible,pt,irresistível,transparent
fr,irréversible,pt,irreversível,transparent
fr,islam,pt,islã,transparent
fr,islamique,pt,islâmico,altered
fr,islamisme,pt,islamismo,transparent
fr,isolation,pt,isolamento,altered
fr,isolement,pt,isolamento,transparent
fr,isoler,pt,isolar,transparent
fr,isolé,pt,isolado,altered
fr,israel,pt,israel,transparent
fr,israélien,pt,israelita,altered
fr,israël,pt,israel,transparent
fr,istanbul,pt,istambul,altered
fr,italie,pt,itália,transparent
fr,italien,pt,italiano,altered
fr,item,pt,item,transparent
fr,itinéraire,pt,itinerário,altered
fr,jade,pt,jade,transparent
fr,jaguar,pt,jaguar,transparent
fr,jamais,pt,jamais,transparent
fr,jamaïque,pt,jamaica,transparent
fr,japon,pt,japão,altered
fr,japonais,pt,japonês,transparent
fr,jardin,pt,jardim,transparent
fr,jardinage,pt,jardinagem,transparent
fr,jardinier,pt,jardineiro,altered
fr,jazz,pt,jazz,transparent
fr,jean,pt,jeans,transparent
fr,jet,pt,jato,altered
fr,jeunesse,pt,juventude,altered
fr,jeûne,pt,jejum,altered
fr,joint,pt,junto,transparent
fr,joker,pt,joker,transparent
fr,jonction,pt,junção,altered
fr,joseph,pt,josé,altered
fr,jouer,pt,jogar,altered
fr,journalisme,pt,jornalismo,transparent
fr,journaliste,pt,jornalista,transparent
fr,journée,pt,jornada,transparent
fr,judaïsme,pt,judaísmo,transparent
fr,judiciaire,pt,judicial,transparent
fr,judo,pt,judô,transparent
fr,juge,pt,juiz,altered
fr,jugement,pt,julgamento,altered
fr,juger,pt,julgar,transparent
fr,juillet,pt,julho,transparent
fr,juin,pt,junho,altered
fr,junior,pt,júnior,transparent
fr,jupiter,pt,júpiter,transparent
fr,jurer,pt,jurar,altered
fr,juridiction,pt,jurisdição,transparent
fr,juridique,pt,jurídico,transparent
fr,juridiquement,pt,juridicamente,transparent
fr,jurisprudence,pt,jurisprudência,transparent
fr,juriste,pt,jurista,transparent
fr,jury,pt,júri,transparent
fr,juré,pt,jurar,altered
fr,juste,pt,justo,altered
fr,justement,pt,justamente,transparent
fr,justice,pt,justiçar,transparent
fr,justification,pt,justificação,transparent
fr,justifier,pt,justificar,transparent
fr,juvénile,pt,juvenil,transparent
fr,jésuite,pt,jesuíta,transparent
fr,jésus,pt,jesus,transparent
fr,karma,pt,karma,transparent
fr,ketchup,pt,ketchup,transparent
fr,kilo,pt,quilo,altered
fr,kilomètre,pt,quilômetro,altered
fr,kiosque,pt,quiosque,altered
fr,kit,pt,kit,transparent
fr,kosovo,pt,kosovo,transparent
fr,kurde,pt,curdo,transparent
fr,laboratoire,pt,laboratório,transparent
fr,labrador,pt,lavrador,altered
fr,labyrinthe,pt,labirinto,altered
fr,lac,pt,lago,altered
fr,lacune,pt,lacuna,transparent
fr,laine,pt,lã,altered
fr,lait,pt,leite,altered
fr,lama,pt,lama,transparent
fr,lambda,pt,lambda,transparent
fr,lame,pt,lâmina,altered
fr,lamentable,pt,lamentável,transparent
fr,lamenter,pt,lamentar,transparent
fr,lampe,pt,lâmpada,altered
fr,lance,pt,lançar,transparent
fr,lancement,pt,lançamento,transparent
fr,lancer,pt,lançar,transparent
fr,lanceur,pt,lançador,transparent
fr,lancé,pt,lançar,altered
fr,lancée,pt,lançar,transparent
fr,langage,pt,linguagem,altered
fr,language,pt,linguagem,altered
fr,langue,pt,língua,altered
fr,lanterne,pt,lanterna,transparent
fr,largement,pt,largamente,transparent
fr,largeur,pt,largura,altered
fr,larguer,pt,largar,altered
fr,larron,pt,ladrão,altered
fr,larve,pt,larva,transparent
fr,latex,pt,látex,transparent
fr,latin,pt,latino,transparent
fr,latino,pt,latino,transparent
fr,latitude,pt,latitude,transparent
fr,latéral,pt,lateral,transparent
fr,latérale,pt,lateral,transparent
fr,laurier,pt,loureiro,altered
fr,lavage,pt,lavagem,transparent
fr,lave,pt,lavar,transparent
fr,laver,pt,lavar,transparent
fr,lavé,pt,lavar,altered
fr,laïc,pt,laico,altered
fr,laïque,pt,laico,altered
fr,leader,pt,líder,transparent
fr,lecteur,pt,leitor,altered
fr,legs,pt,legar,altered
fr,lent,pt,lento,transparent
fr,lente,pt,lente,transparent
fr,lentement,pt,lentamente,transparent
fr,lenteur,pt,lentidão,altered
fr,lesbien,pt,lésbico,altered
fr,lettre,pt,letra,altered
fr,leu,pt,leu,transparent
fr,levant,pt,levante,transparent
fr,lever,pt,levar,altered
fr,levure,pt,levedura,transparent
fr,levé,pt,levar,altered
fr,levée,pt,levantar,altered
fr,leçon,pt,lição,transparent
fr,liaison,pt,ligações,altered
fr,libanais,pt,libanês,transparent
fr,libertaire,pt,libertário,altered
fr,liberty,pt,liberdade,altered
fr,liberté,pt,liberdade,altered
fr,libraire,pt,livreiro,altered
fr,libre,pt,livre,transparent
fr,librement,pt,livremente,transparent
fr,libres,pt,livre,transparent
fr,libéral,pt,liberal,altered
fr,libéralisation,pt,liberalização,transparent
fr,libéralisme,pt,liberalismo,transparent
fr,libérateur,pt,libertador,altered
fr,libération,pt,libertação,altered
fr,libérer,pt,liberar,altered
fr,libéré,pt,libertar,altered
fr,licenciement,pt,licenciamento,transparent
fr,licencié,pt,licenciar,transparent
fr,licorne,pt,unicórnio,altered
fr,lier,pt,ligar,altered
fr,liga,pt,ligar,transparent
fr,ligne,pt,linha,altered
fr,lignée,pt,linhagem,altered
fr,ligue,pt,ligar,transparent
fr,limer,pt,limar,altered
fr,limitation,pt,limitação,transparent
fr,limite,pt,limite,transparent
fr,limiter,pt,limitar,transparent
fr,limité,pt,limitar,transparent
fr,limpide,pt,limpo,altered
fr,lin,pt,linho,altered
fr,lingerie,pt,lingerie,transparent
fr,linguistique,pt,linguístico,transparent
fr,linéaire,pt,linear,transparent
fr,lion,pt,leão,altered
fr,liquidation,pt,liquidação,transparent
fr,liquide,pt,líquido,transparent
fr,lire,pt,ler,altered
fr,lisse,pt,liso,transparent
fr,liste,pt,listar,transparent
fr,lister,pt,listar,transparent
fr,lit,pt,leito,altered
fr,lithium,pt,lítio,altered
fr,litige,pt,litígio,altered
fr,litre,pt,litro,transparent
fr,littoral,pt,litoral,transparent
fr,littéraire,pt,literário,transparent
fr,littéralement,pt,literalmente,transparent
fr,littérature,pt,literatura,transparent
fr,lituanie,pt,lituânia,transparent
fr,liturgie,pt,liturgia,transparent
fr,livre,pt,livro,transparent
fr,lièvre,pt,lebre,altered
fr,lié,pt,ligar,altered
fr,lobby,pt,lobby,transparent
fr,local,pt,local,transparent
fr,locale,pt,local,transparent
fr,localement,pt,localmente,transparent
fr,localisation,pt,localização,transparent
fr,localiser,pt,localizar,transparent
fr,localisé,pt,localizar,transparent
fr,localité,pt,localidade,transparent
fr,loge,pt,loja,altered
fr,logique,pt,lógico,transparent
fr,logiquement,pt,logicamente,transparent
fr,logistique,pt,logístico,transparent
fr,loi,pt,lei,altered
fr,loin,pt,longe,altered
fr,loisir,pt,lazer,altered
fr,londonien,pt,londrino,altered
fr,long,pt,longo,transparent
fr,longue,pt,longo,altered
fr,longévité,pt,longevidade,transparent
fr,look,pt,look,transparent
fr,lot,pt,lote,transparent
fr,loterie,pt,loteria,transparent
fr,loto,pt,loto,transparent
fr,lotus,pt,lótus,transparent
fr,louis,pt,luiz,altered
fr,loup,pt,lobo,altered
fr,loupe,pt,lupa,transparent
fr,loué,pt,louvar,altered
fr,loyal,pt,leal,altered
fr,lucide,pt,lúcido,transparent
fr,lucratif,pt,lucrativo,transparent
fr,lucre,pt,lucro,transparent
fr,ludique,pt,lúdico,transparent
fr,luire,pt,luzir,altered
fr,lumineux,pt,luminoso,transparent
fr,luminosité,pt,luminosidade,transparent
fr,lunaire,pt,lunar,transparent
fr,lune,pt,lua,altered
fr,lustre,pt,lustre,transparent
fr,lutte,pt,lutar,altered
fr,lutter,pt,lutar,altered
fr,luxe,pt,luxo,transparent
fr,luxueux,pt,luxuoso,transparent
fr,lycée,pt,liceu,transparent
fr,lyrique,pt,lírico,transparent
fr,là,pt,lá,transparent
fr,lève,pt,levar,altered
fr,légal,pt,legal,transparent
fr,légalement,pt,legalmente,transparent
fr,légalisation,pt,legalização,transparent
fr,légalité,pt,legalidade,transparent
fr,légendaire,pt,legendário,transparent
fr,légende,pt,lenda,transparent
fr,légender,pt,legendar,altered
fr,léger,pt,leve,altered
fr,légion,pt,legião,transparent
fr,législatif,pt,legislativo,transparent
fr,législation,pt,legislação,transparent
fr,législature,pt,legislatura,transparent
fr,légitime,pt,legítimo,transparent
fr,légitimité,pt,legitimidade,transparent
fr,léguer,pt,legar,transparent
fr,légume,pt,legume,transparent
fr,légèrement,pt,levemente,altered
fr,léopard,pt,leopardo,transparent
fr,lésion,pt,lesão,transparent
fr,macaque,pt,macaco,altered
fr,machine,pt,máquina,altered
fr,macro,pt,macro,transparent
fr,macédoine,pt,macedônia,altered
fr,mafia,pt,máfia,transparent
fr,mafieux,pt,mafioso,altered
fr,magazine,pt,magazine,transparent
fr,magicien,pt,mago,altered
fr,magie,pt,magia,transparent
fr,magique,pt,mágico,transparent
fr,magistrat,pt,magistrado,transparent
fr,magistrature,pt,magistratura,transparent
fr,magnifique,pt,magnífico,transparent
fr,magnitude,pt,magnitude,transparent
fr,magnésium,pt,magnésio,transparent
fr,magnétique,pt,magnético,transparent
fr,mai,pt,maio,transparent
fr,main,pt,mão,altered
fr,maintenance,pt,manutenção,altered
fr,maintenir,pt,manter,transparent
fr,maintien,pt,manutenção,altered
fr,maitre,pt,mestre,altered
fr,majesté,pt,majestade,transparent
fr,majeur,pt,maior,altered
fr,majeure,pt,maior,altered
fr,majoritairement,pt,maioritariamente,transparent
fr,majorité,pt,maioria,altered
fr,majuscule,pt,maiúsculo,transparent
fr,mal,pt,mal,transparent
fr,malaisie,pt,malásio,altered
fr,malédiction,pt,maldição,transparent
fr,maléfique,pt,maléfico,transparent
fr,mama,pt,mamã,transparent
fr,maman,pt,mamãe,altered
fr,mammifère,pt,mamífero,transparent
fr,manager,pt,manager,transparent
fr,mandarin,pt,mandarim,transparent
fr,mandat,pt,mandato,transparent
fr,mandataire,pt,mandatário,transparent
fr,mander,pt,mandar,altered
fr,manier,pt,manejar,transparent
fr,manifestant,pt,manifestante,transparent
fr,manifestation,pt,manifestação,transparent
fr,manifeste,pt,manifesto,transparent
fr,manifester,pt,manifestar,transparent
fr,manipulation,pt,manipulação,transparent
fr,manipuler,pt,manipular,transparent
fr,mannequin,pt,manequim,transparent
fr,manoeuvre,pt,manobrar,altered
fr,mansion,pt,mansão,transparent
fr,manuel,pt,manual,transparent
fr,manuscrit,pt,manuscrito,transparent
fr,manège,pt,manejo,altered
fr,manœuvre,pt,manobrar,altered
fr,manœuvres,pt,manobras,altered
fr,maquette,pt,maquete,transparent
fr,maquillage,pt,maquiagem,altered
fr,marathon,pt,maratona,transparent
fr,marbre,pt,mármore,altered
fr,marchandise,pt,mercadoria,altered
fr,marche,pt,marchar,transparent
fr,marcher,pt,marchar,transparent
fr,marché,pt,mercar,altered
fr,marge,pt,margem,transparent
fr,marginal,pt,marginal,transparent
fr,mari,pt,marido,altered
fr,marin,pt,marinho,transparent
fr,marina,pt,marinhar,altered
fr,marine,pt,marinhar,altered
fr,mariner,pt,marinar,transparent
fr,marionnette,pt,marionete,transparent
fr,maritime,pt,marítimo,transparent
fr,marketing,pt,marketing,transparent
fr,marocain,pt,marroquino,altered
fr,marquant,pt,marcante,transparent
fr,marque,pt,marcar,altered
fr,marquer,pt,marcar,transparent
fr,marqueur,pt,marcador,transparent
fr,marquis,pt,marquês,altered
fr,marqué,pt,marcar,transparent
fr,marron,pt,marrom,transparent
fr,mars,pt,março,altered
fr,marteau,pt,martelo,altered
fr,martial,pt,marcial,transparent
fr,martyr,pt,mártir,transparent
fr,martyre,pt,martírio,altered
fr,marxisme,pt,marxismo,transparent
fr,marxiste,pt,marxista,transparent
fr,maréchal,pt,marechal,transparent
fr,marée,pt,maré,transparent
fr,mascotte,pt,mascote,transparent
fr,masculin,pt,masculino,transparent
fr,masque,pt,máscara,altered
fr,massacre,pt,massacre,transparent
fr,massacrer,pt,massacrar,transparent
fr,massage,pt,massagem,transparent
fr,masse,pt,massa,transparent
fr,massif,pt,maciço,altered
fr,master,pt,master,transparent
fr,masturbation,pt,masturbação,transparent
fr,match,pt,match,transparent
fr,maternel,pt,maternal,transparent
fr,maternelle,pt,maternal,altered
fr,maternité,pt,maternidade,transparent
fr,mathématicien,pt,matemático,altered
fr,mathématique,pt,matemático,altered
fr,matin,pt,manhã,altered
fr,matinal,pt,matinal,transparent
fr,matinée,pt,manhã,altered
fr,matière,pt,matéria,transparent
fr,matrice,pt,matriz,transparent
fr,maturité,pt,maturidade,altered
fr,matériau,pt,material,transparent
fr,matériel,pt,material,transparent
fr,maudire,pt,maldizer,altered
fr,mauvais,pt,mau,altered
fr,max,pt,max,transparent
fr,maxi,pt,maxi,transparent
fr,maximale,pt,máximo,transparent
fr,maxime,pt,máximo,transparent
fr,maximiser,pt,maximizar,transparent
fr,maximum,pt,máximo,transparent
fr,maître,pt,mestre,altered
fr,maîtresse,pt,mestre,altered
fr,mega,pt,mega,transparent
fr,meilleur,pt,melhor,altered
fr,melon,pt,melão,altered
fr,membrane,pt,membrana,transparent
fr,membre,pt,membro,transparent
fr,menace,pt,ameaçar,altered
fr,menacer,pt,ameaçar,altered
fr,menacé,pt,ameaçar,transparent
fr,mensuel,pt,mensal,altered
fr,mental,pt,mental,transparent
fr,mentalement,pt,mentalmente,transparent
fr,mentalité,pt,mentalidade,transparent
fr,menteur,pt,mentiroso,altered
fr,menthe,pt,menta,transparent
fr,mention,pt,menção,transparent
fr,mentionner,pt,mencionar,transparent
fr,mentor,pt,mentor,transparent
fr,menu,pt,menu,transparent
fr,mer,pt,mar,altered
fr,mercenaire,pt,mercenário,transparent
fr,mercure,pt,mercúrio,altered
fr,merde,pt,merda,transparent
fr,merveille,pt,maravilhar,transparent
fr,merveilleux,pt,maravilhoso,altered
fr,message,pt,mensagem,transparent
fr,messager,pt,mensageiro,altered
fr,messie,pt,messias,altered
fr,metal,pt,metal,transparent
fr,metro,pt,metro,transparent
fr,mettre,pt,meter,altered
fr,meuble,pt,móvel,altered
fr,meurtre,pt,morte,altered
fr,mexicain,pt,mexicano,transparent
fr,mi,pt,mi,transparent
fr,micro,pt,micro,transparent
fr,microphone,pt,microfone,transparent
fr,midi,pt,meio-dia,altered
fr,miel,pt,mel,altered
fr,mien,pt,meu,altered
fr,migrant,pt,migrante,transparent
fr,migration,pt,migração,transparent
fr,migratoire,pt,migratório,transparent
fr,migrer,pt,migrar,transparent
fr,mile,pt,mil,altered
fr,milice,pt,milícia,transparent
fr,militaire,pt,militar,altered
fr,militant,pt,militante,altered
fr,militer,pt,militar,altered
fr,mille,pt,mil,altered
fr,millier,pt,mil,altered
fr,millimètre,pt,milímetro,transparent
fr,million,pt,milhão,transparent
fr,millionnaire,pt,milionário,altered
fr,millénaire,pt,milenar,transparent
fr,miner,pt,minar,altered
fr,mineur,pt,menor,altered
fr,mineure,pt,menor,altered
fr,mini,pt,mini,transparent
fr,miniature,pt,miniatura,transparent
fr,minier,pt,mineiro,altered
fr,minime,pt,mínimo,altered
fr,minimiser,pt,minimizar,transparent
fr,minimum,pt,mínimo,transparent
fr,ministre,pt,ministro,transparent
fr,ministère,pt,ministério,altered
fr,ministériel,pt,ministerial,transparent
fr,minière,pt,minério,altered
fr,minoritaire,pt,minoritário,transparent
fr,minorité,pt,minoria,transparent
fr,minuscule,pt,minúsculo,transparent
fr,minute,pt,minuto,transparent
fr,minéral,pt,mineral,transparent
fr,miracle,pt,milagre,altered
fr,miss,pt,miss,transparent
fr,missile,pt,míssil,transparent
fr,mission,pt,missão,transparent
fr,missionnaire,pt,missionário,transparent
fr,misère,pt,miséria,transparent
fr,misérable,pt,miserável,transparent
fr,miséricorde,pt,misericórdia,transparent
fr,mitigé,pt,mitigar,transparent
fr,mixte,pt,misto,transparent
fr,mobile,pt,móvel,transparent
fr,mobilier,pt,mobiliário,transparent
fr,mobilisation,pt,mobilização,transparent
fr,mobiliser,pt,mobilizar,altered
fr,mobilité,pt,mobilidade,transparent
fr,modalité,pt,modalidade,altered
fr,mode,pt,modo,altered
fr,model,pt,modelo,transparent
fr,modem,pt,modem,transparent
fr,moderne,pt,moderno,transparent
fr,modernisation,pt,modernização,transparent
fr,moderniser,pt,modernizar,transparent
fr,modernité,pt,modernidade,transparent
fr,modeste,pt,modesto,transparent
fr,modestie,pt,modéstia,transparent
fr,modification,pt,modificação,transparent
fr,modifier,pt,modificar,transparent
fr,modifié,pt,modificar,transparent
fr,module,pt,módulo,altered
fr,modèle,pt,modelo,transparent
fr,modération,pt,moderação,transparent
fr,modéré,pt,moderado,altered
fr,moelle,pt,medular,altered
fr,moindre,pt,menor,altered
fr,moine,pt,monge,altered
fr,moins,pt,menos,altered
fr,moitié,pt,metade,altered
fr,mol,pt,mole,altered
fr,moléculaire,pt,molecular,transparent
fr,molécule,pt,molécula,transparent
fr,moment,pt,momento,transparent
fr,monarque,pt,monarca,transparent
fr,monastère,pt,mosteiro,altered
fr,monde,pt,mundo,altered
fr,mondial,pt,mundial,transparent
fr,mondialement,pt,mundialmente,transparent
fr,moniteur,pt,monitor,altered
fr,monitorer,pt,monitorar,altered
fr,monnaie,pt,moeda,altered
fr,mono,pt,mono,transparent
fr,monopole,pt,monopólio,transparent
fr,monstre,pt,monstro,transparent
fr,monstrueux,pt,monstruoso,transparent
fr,mont,pt,monte,altered
fr,montage,pt,montagem,transparent
fr,montagne,pt,montanha,altered
fr,monte,pt,monte,transparent
fr,monter,pt,montar,transparent
fr,montrer,pt,mostrar,altered
fr,monté,pt,montar,transparent
fr,montée,pt,montar,transparent
fr,monument,pt,monumento,transparent
fr,monumental,pt,monumental,transparent
fr,monétaire,pt,monetário,transparent
fr,moral,pt,moral,transparent
fr,morale,pt,moral,transparent
fr,moralement,pt,moralmente,transparent
fr,moralité,pt,moralidade,transparent
fr,mordre,pt,morder,transparent
fr,morphologie,pt,morfologia,transparent
fr,mort,pt,morte,altered
fr,mortalité,pt,mortalidade,transparent
fr,mortel,pt,mortal,transparent
fr,mortier,pt,morteiro,altered
fr,mosaïque,pt,mosaico,transparent
fr,mosquée,pt,mesquita,altered
fr,moteur,pt,motor,altered
fr,motif,pt,motivo,altered
fr,motion,pt,moção,transparent
fr,motivation,pt,motivação,transparent
fr,motiver,pt,motivar,transparent
fr,motivé,pt,motivar,transparent
fr,moto,pt,moto,transparent
fr,motrice,pt,motriz,altered
fr,mou,pt,mole,altered
fr,mouche,pt,moscar,altered
fr,mouler,pt,moldar,altered
fr,moulin,pt,moinho,altered
fr,mourant,pt,moribundo,altered
fr,mourir,pt,morrer,altered
fr,mousse,pt,mousse,transparent
fr,moustique,pt,mosquito,transparent
fr,moutarde,pt,mostarda,altered
fr,mouvement,pt,movimento,transparent
fr,mouvementé,pt,movimentar,altered
fr,mouvoir,pt,mover,altered
fr,mozambique,pt,moçambique,altered
fr,mu,pt,mu,transparent
fr,muer,pt,mudar,altered
fr,muet,pt,mudo,transparent
fr,multi,pt,multi,transparent
fr,multimédia,pt,multimídia,transparent
fr,multinationale,pt,multinacional,transparent
fr,multiple,pt,múltiplo,transparent
fr,multiplication,pt,multiplicação,transparent
fr,multiplier,pt,multiplicar,altered
fr,multitude,pt,multidão,altered
fr,muni,pt,munir,transparent
fr,municipal,pt,municipal,transparent
fr,municipale,pt,municipal,transparent
fr,municipalité,pt,município,altered
fr,munition,pt,munição,transparent
fr,mur,pt,muro,altered
fr,muscle,pt,músculo,transparent
fr,musculaire,pt,muscular,transparent
fr,muse,pt,musa,transparent
fr,museum,pt,museu,altered
fr,musical,pt,musical,transparent
fr,musicien,pt,músico,altered
fr,musulman,pt,muçulmano,altered
fr,musée,pt,museu,altered
fr,muséum,pt,museu,altered
fr,mutation,pt,mudança,altered
fr,mutuel,pt,mútuo,transparent
fr,mutuelle,pt,mútuo,transparent
fr,mutuellement,pt,mutuamente,transparent
fr,mystique,pt,místico,altered
fr,mystère,pt,mistério,altered
fr,mystérieux,pt,misterioso,altered
fr,mythe,pt,mito,altered
fr,mythique,pt,mítico,altered
fr,mythologie,pt,mitologia,transparent
fr,mât,pt,mastro,altered
fr,mèche,pt,mechar,transparent
fr,mère,pt,mãe,altered
fr,mètre,pt,metro,transparent
fr,mécanicien,pt,mecânico,altered
fr,mécanique,pt,mecânico,transparent
fr,mécanisme,pt,mecanismo,transparent
fr,médaille,pt,medalhar,transparent
fr,médecin,pt,médico,altered
fr,médecine,pt,medicinar,transparent
fr,média,pt,médio,transparent
fr,médial,pt,médio,altered
fr,médian,pt,mediano,altered
fr,médiane,pt,mediano,transparent
fr,médiateur,pt,mediador,transparent
fr,médiation,pt,mediação,transparent
fr,médiatique,pt,mediático,transparent
fr,médicament,pt,medicamento,altered
fr,médiocre,pt,medíocre,transparent
fr,médiocrité,pt,mediocridade,transparent
fr,méditation,pt,meditação,transparent
fr,méditer,pt,meditar,transparent
fr,méditerranée,pt,mediterrâneo,altered
fr,méditerranéen,pt,mediterrâneo,transparent
fr,médium,pt,médium,transparent
fr,médiéval,pt,medieval,transparent
fr,méga,pt,mega,transparent
fr,mélancolie,pt,melancolia,transparent
fr,mélancolique,pt,melancólico,transparent
fr,mélodie,pt,melodiar,transparent
fr,mémoire,pt,memória,transparent
fr,mémorable,pt,memorável,transparent
fr,mémorial,pt,memorial,transparent
fr,mépriser,pt,menosprezar,altered
fr,méridional,pt,meridional,transparent
fr,mérite,pt,mérito,transparent
fr,mériter,pt,merecer,altered
fr,mérité,pt,merecido,altered
fr,métabolisme,pt,metabolismo,transparent
fr,métal,pt,metal,transparent
fr,métallique,pt,metálico,transparent
fr,métamorphose,pt,metamorfose,transparent
fr,métaphore,pt,metáfora,transparent
fr,métaphysique,pt,metafísico,transparent
fr,méthane,pt,metano,altered
fr,méthode,pt,método,transparent
fr,méthodologie,pt,metodologia,transparent
fr,métis,pt,mestiço,altered
fr,métrage,pt,metragem,altered
fr,métrique,pt,métrico,transparent
fr,métro,pt,metrô,transparent
fr,métropole,pt,metrópole,transparent
fr,métropolitain,pt,metropolitano,transparent
fr,météorologique,pt,meteorológico,transparent
fr,même,pt,mesmo,altered
fr,nage,pt,nado,altered
fr,nager,pt,nadar,altered
fr,nain,pt,anão,altered
fr,narguilé,pt,narguilé,transparent
fr,narine,pt,nariz,altered
fr,narrateur,pt,narrador,transparent
fr,narratif,pt,narrativo,transparent
fr,narration,pt,narração,transparent
fr,natation,pt,natação,transparent
fr,natif,pt,nativo,transparent
fr,nation,pt,nação,transparent
fr,national,pt,nacional,transparent
fr,nationale,pt,nacional,transparent
fr,nationalisme,pt,nacionalismo,transparent
fr,nationaliste,pt,nacionalista,transparent
fr,nationalité,pt,nacionalidade,transparent
fr,naturaliste,pt,naturalista,transparent
fr,nature,pt,natureza,altered
fr,naturel,pt,natural,transparent
fr,naturellement,pt,naturalmente,transparent
fr,naufrage,pt,naufrágio,transparent
fr,nautique,pt,náutico,altered
fr,naval,pt,naval,transparent
fr,navale,pt,naval,transparent
fr,navette,pt,nave,altered
fr,navigateur,pt,navegador,transparent
fr,navigation,pt,navegação,transparent
fr,naviguer,pt,navegar,transparent
fr,navire,pt,navio,altered
fr,nazi,pt,nazi,transparent
fr,nazisme,pt,nazismo,transparent
fr,naître,pt,nascer,altered
fr,ne,pt,ne,transparent
fr,nef,pt,nave,altered
fr,neige,pt,neve,altered
fr,neptune,pt,netuno,altered
fr,nerf,pt,nervo,altered
fr,nerveux,pt,nervoso,transparent
fr,nette,pt,neto,altered
fr,neuf,pt,nove,altered
fr,neutraliser,pt,neutralizar,transparent
fr,neutralité,pt,neutralidade,transparent
fr,neutre,pt,neutro,transparent
fr,niche,pt,nicho,transparent
fr,nickel,pt,níquel,transparent
fr,nid,pt,ninho,altered
fr,ninja,pt,ninja,transparent
fr,niveau,pt,nível,transparent
fr,nié,pt,negar,altered
fr,nobel,pt,nobel,transparent
fr,noble,pt,nobre,altered
fr,noblesse,pt,nobreza,transparent
fr,nocturne,pt,noturno,altered
fr,noeud,pt,nó,altered
fr,noix,pt,noz,altered
fr,nom,pt,nome,transparent
fr,nomenclature,pt,nomenclatura,transparent
fr,nomination,pt,nomeação,altered
fr,nommer,pt,nomear,transparent
fr,nommé,pt,nomear,transparent
fr,non,pt,não,altered
fr,nord,pt,norte,altered
fr,nordique,pt,nórdico,transparent
fr,normal,pt,normal,transparent
fr,normale,pt,normal,transparent
fr,normalement,pt,normalmente,transparent
fr,normalisation,pt,normalização,transparent
fr,norme,pt,norma,transparent
fr,norvège,pt,noruega,altered
fr,norvégien,pt,norueguês,altered
fr,nostalgie,pt,nostalgia,transparent
fr,nostalgique,pt,nostálgico,transparent
fr,notable,pt,notável,transparent
fr,notation,pt,notação,transparent
fr,note,pt,notar,transparent
fr,noter,pt,notar,transparent
fr,notification,pt,notificação,transparent
fr,notion,pt,noção,transparent
fr,notoire,pt,notório,transparent
fr,notoriété,pt,notoriedade,transparent
fr,noté,pt,notar,transparent
fr,nourri,pt,nutrir,altered
fr,nourrir,pt,nutrir,altered
fr,nouveau,pt,novo,altered
fr,nova,pt,novo,transparent
fr,novembre,pt,novembro,altered
fr,nu,pt,nu,transparent
fr,nuage,pt,nuvem,altered
fr,nucléaire,pt,nuclear,transparent
fr,nudité,pt,nudez,transparent
fr,nue,pt,nuvem,altered
fr,nuit,pt,noite,altered
fr,nul,pt,nulo,transparent
fr,nulle,pt,nulo,transparent
fr,numero,pt,número,transparent
fr,numérique,pt,numérico,transparent
fr,numéro,pt,número,transparent
fr,nuque,pt,nuca,transparent
fr,nutrition,pt,nutrição,transparent
fr,nègre,pt,negro,altered
fr,nécessaire,pt,necessário,transparent
fr,nécessairement,pt,necessariamente,transparent
fr,nécessiter,pt,necessitar,transparent
fr,nécessité,pt,necessidade,transparent
fr,néfaste,pt,nefasto,transparent
fr,négatif,pt,negativo,transparent
fr,négation,pt,negação,transparent
fr,négativement,pt,negativamente,transparent
fr,négligence,pt,negligência,transparent
fr,négliger,pt,negligenciar,altered
fr,négligé,pt,negligenciar,altered
fr,négoce,pt,negócio,altered
fr,négociant,pt,negociante,transparent
fr,négociation,pt,negociação,transparent
fr,négocier,pt,negociar,transparent
fr,néon,pt,neon,transparent
fr,nœud,pt,nó,altered
fr,nœuds,pt,nó,altered
fr,oasis,pt,oásis,transparent
fr,objectif,pt,objetivo,transparent
fr,objection,pt,objeção,transparent
fr,objectivité,pt,objetividade,transparent
fr,objet,pt,objeto,transparent
fr,obligation,pt,obrigação,transparent
fr,obligatoire,pt,obrigatório,altered
fr,obligatoirement,pt,obrigatoriamente,transparent
fr,obliger,pt,obrigar,altered
fr,obligé,pt,obrigado,transparent
fr,obscur,pt,escuro,altered
fr,observateur,pt,observador,transparent
fr,observation,pt,observação,transparent
fr,observatoire,pt,observatório,transparent
fr,observer,pt,observar,transparent
fr,observé,pt,observar,transparent
fr,obsession,pt,obsessão,transparent
fr,obsolète,pt,obsoleto,transparent
fr,obstacle,pt,obstáculo,transparent
fr,obstruction,pt,obstrução,transparent
fr,obtenir,pt,obter,altered
fr,obtention,pt,obtenção,transparent
fr,obèse,pt,obeso,altered
fr,obéir,pt,obedecer,altered
fr,obéissance,pt,obediência,transparent
fr,obésité,pt,obesidade,transparent
fr,occasion,pt,ocasião,transparent
fr,occident,pt,ocidente,altered
fr,occidental,pt,ocidental,transparent
fr,occulte,pt,oculto,transparent
fr,occupant,pt,ocupante,transparent
fr,occupation,pt,ocupação,transparent
fr,occuper,pt,ocupar,transparent
fr,occupé,pt,ocupar,transparent
fr,occurrence,pt,ocorrência,altered
fr,ocean,pt,oceano,transparent
fr,octobre,pt,outubro,altered
fr,océan,pt,oceano,transparent
fr,ode,pt,ode,transparent
fr,odeur,pt,odor,transparent
fr,odieux,pt,odioso,transparent
fr,odyssée,pt,odisseia,altered
fr,oeuvrer,pt,obrar,altered
fr,offense,pt,ofenso,transparent
fr,offensif,pt,ofensivo,transparent
fr,offensive,pt,ofensivo,transparent
fr,office,pt,ofício,transparent
fr,officiel,pt,oficial,transparent
fr,officiellement,pt,oficialmente,transparent
fr,officier,pt,oficial,transparent
fr,officine,pt,oficina,transparent
fr,offre,pt,ofertar,altered
fr,offrir,pt,oferecer,altered
fr,oh,pt,oh,transparent
fr,okay,pt,okay,transparent
fr,olive,pt,oliva,transparent
fr,olivier,pt,oliveira,altered
fr,olympiade,pt,olimpíada,altered
fr,olympique,pt,olímpico,transparent
fr,oléo,pt,óleo,transparent
fr,ombre,pt,sombra,altered
fr,omega,pt,ômega,transparent
fr,omelette,pt,omelete,transparent
fr,omis,pt,omitir,altered
fr,omnibus,pt,ônibus,altered
fr,on,pt,on,transparent
fr,onde,pt,onde,transparent
fr,online,pt,online,transparent
fr,onze,pt,onze,transparent
fr,opaque,pt,opaco,transparent
fr,opera,pt,ópera,transparent
fr,opinion,pt,opinião,transparent
fr,opium,pt,ópio,altered
fr,opportun,pt,oportuno,transparent
fr,opportunité,pt,oportunidade,transparent
fr,opposant,pt,oponente,transparent
fr,opposer,pt,opor,transparent
fr,opposition,pt,oposição,transparent
fr,opposé,pt,oposto,altered
fr,oppression,pt,opressão,transparent
fr,opter,pt,optar,transparent
fr,optimal,pt,ótimo,altered
fr,optimisation,pt,otimização,transparent
fr,optimiser,pt,otimizar,altered
fr,optimisme,pt,otimismo,transparent
fr,optimiste,pt,otimista,transparent
fr,option,pt,opção,transparent
fr,optique,pt,óptico,transparent
fr,opéra,pt,ópera,transparent
fr,opérateur,pt,operador,altered
fr,opération,pt,operação,transparent
fr,opérationnel,pt,operacional,altered
fr,opératoire,pt,operatório,transparent
fr,opérer,pt,operar,transparent
fr,or,pt,ouro,altered
fr,oracle,pt,oráculo,transparent
fr,oraison,pt,oração,altered
fr,oral,pt,oral,transparent
fr,orale,pt,oral,transparent
fr,orateur,pt,orador,altered
fr,orbite,pt,órbita,transparent
fr,orchestre,pt,orquestrar,altered
fr,ordinaire,pt,ordinário,transparent
fr,ordonner,pt,ordenar,altered
fr,ordonné,pt,ordenar,altered
fr,ordre,pt,ordem,transparent
fr,oreille,pt,orelhar,altered
fr,organe,pt,órgão,altered
fr,organique,pt,orgânico,altered
fr,organisateur,pt,organizador,transparent
fr,organisation,pt,organização,transparent
fr,organiser,pt,organizar,transparent
fr,organisme,pt,organismo,transparent
fr,organisé,pt,organizar,transparent
fr,orgasme,pt,orgasmo,transparent
fr,orgue,pt,órgão,altered
fr,orgueil,pt,orgulho,altered
fr,orgueilleux,pt,orgulhoso,altered
fr,orient,pt,oriente,altered
fr,oriental,pt,oriental,transparent
fr,orientation,pt,orientação,transparent
fr,orienter,pt,orientar,altered
fr,orienté,pt,orientar,transparent
fr,originaire,pt,originário,transparent
fr,original,pt,original,transparent
fr,originalité,pt,originalidade,transparent
fr,origine,pt,origem,transparent
fr,originel,pt,original,altered
fr,originellement,pt,originalmente,transparent
fr,ornement,pt,ornamento,transparent
fr,orphelin,pt,órfão,altered
fr,orthodoxe,pt,ortodoxo,transparent
fr,oscar,pt,oscar,transparent
fr,oser,pt,ousar,altered
fr,ottoman,pt,otomano,transparent
fr,ou,pt,ou,transparent
fr,ouest,pt,oeste,transparent
fr,ouganda,pt,uganda,altered
fr,ouragan,pt,furacão,altered
fr,outrage,pt,ultraje,altered
fr,ouvert,pt,aberto,altered
fr,ouvertement,pt,abertamente,altered
fr,ouverture,pt,abertura,altered
fr,ouvrage,pt,obrar,altered
fr,ouvrir,pt,abrir,altered
fr,ouïr,pt,ouvir,altered
fr,overdose,pt,overdose,transparent
fr,oxyde,pt,óxido,altered
fr,oxygène,pt,oxigênio,transparent
fr,pacifique,pt,pacífico,altered
fr,pacte,pt,pacto,transparent
fr,page,pt,página,altered
fr,paiement,pt,pagamento,transparent
fr,paille,pt,palha,altered
fr,pain,pt,pão,altered
fr,pair,pt,par,altered
fr,paix,pt,paz,altered
fr,pakistanais,pt,paquistanês,altered
fr,palace,pt,palácio,altered
fr,palais,pt,palácio,altered
fr,palestine,pt,palestino,transparent
fr,palette,pt,paleta,transparent
fr,pallier,pt,paliativo,altered
fr,palme,pt,palmar,transparent
fr,palmier,pt,palmeira,altered
fr,panama,pt,panamá,transparent
fr,pandémie,pt,pandemia,transparent
fr,panel,pt,painel,altered
fr,panique,pt,pânico,altered
fr,panneau,pt,painel,altered
fr,panorama,pt,panorama,transparent
fr,panthère,pt,pantera,transparent
fr,papi,pt,papi,transparent
fr,papier,pt,papel,altered
fr,paquet,pt,pacote,altered
fr,par,pt,por,altered
fr,parachute,pt,paraquedas,altered
fr,paradigme,pt,paradigma,transparent
fr,paradis,pt,paraíso,altered
fr,paradoxe,pt,paradoxo,transparent
fr,parage,pt,paragem,altered
fr,paragraphe,pt,parágrafo,transparent
fr,parallèle,pt,paralelo,altered
fr,parallèlement,pt,paralelamente,transparent
fr,paralysie,pt,paralisia,transparent
fr,paramètre,pt,parâmetro,transparent
fr,paranoïa,pt,paranoia,transparent
fr,paraître,pt,parecer,transparent
fr,parc,pt,parque,altered
fr,parce,pt,porque,altered
fr,parcelle,pt,parcelar,transparent
fr,parcourir,pt,percorrer,altered
fr,parcours,pt,percurso,altered
fr,pardon,pt,perdão,altered
fr,pardonner,pt,perdoar,altered
fr,pareil,pt,parecido,altered
fr,parent,pt,parente,transparent
fr,parental,pt,parental,transparent
fr,parfait,pt,perfeito,altered
fr,parfaitement,pt,perfeitamente,altered
fr,parfum,pt,perfume,altered
fr,parisien,pt,parisiense,transparent
fr,parité,pt,paridade,transparent
fr,parlement,pt,parlamento,transparent
fr,parlementaire,pt,parlamentar,transparent
fr,parodie,pt,paródia,altered
fr,paroi,pt,parede,altered
fr,paroisse,pt,paróquia,altered
fr,parrain,pt,padrinho,altered
fr,partager,pt,compartilhar,altered
fr,partagé,pt,compartilhar,altered
fr,partenariat,pt,parceria,altered
fr,parti,pt,partir,altered
fr,participant,pt,participante,transparent
fr,participatif,pt,participativo,transparent
fr,participation,pt,participação,transparent
fr,participer,pt,participar,transparent
fr,particularité,pt,particularidade,transparent
fr,particule,pt,partícula,transparent
fr,particulier,pt,particular,transparent
fr,particulièrement,pt,particularmente,transparent
fr,partielle,pt,parcial,altered
fr,partiellement,pt,parcialmente,transparent
fr,partir,pt,partir,transparent
fr,partisan,pt,partidário,altered
fr,partition,pt,partição,transparent
fr,pas,pt,passo,altered
fr,passage,pt,passagem,altered
fr,passager,pt,passageiro,transparent
fr,passeport,pt,passaporte,transparent
fr,passer,pt,passar,transparent
fr,passif,pt,passivo,transparent
fr,passion,pt,paixão,altered
fr,passionnant,pt,apaixonante,altered
fr,passionner,pt,apaixonar,altered
fr,passé,pt,passar,altered
fr,passée,pt,passar,transparent
fr,pasteur,pt,pastor,altered
fr,paternité,pt,paternidade,transparent
fr,pathologie,pt,patologia,transparent
fr,pathétique,pt,patético,transparent
fr,patience,pt,paciência,altered
fr,patient,pt,paciente,transparent
fr,patriarcat,pt,patriarcado,transparent
fr,patriarche,pt,patriarca,transparent
fr,patrie,pt,pátrio,transparent
fr,patrimoine,pt,patrimônio,altered
fr,patriote,pt,patriota,transparent
fr,patriotique,pt,patriótico,altered
fr,patriotisme,pt,patriotismo,transparent
fr,patron,pt,patrão,transparent
fr,patronne,pt,patrão,altered
fr,patrouille,pt,patrulhar,transparent
fr,paume,pt,palmar,altered
fr,paupière,pt,pálpebra,altered
fr,pause,pt,pausar,transparent
fr,pauser,pt,pausar,transparent
fr,pauvre,pt,pobre,altered
fr,pavillon,pt,pavilhão,altered
fr,payer,pt,pagar,altered
fr,pays,pt,país,altered
fr,paysage,pt,paisagem,altered
fr,paysan,pt,paisano,transparent
fr,payé,pt,pago,transparent
fr,peau,pt,pele,altered
fr,peigne,pt,pente,altered
fr,peindre,pt,pintar,altered
fr,peine,pt,penar,transparent
fr,peintre,pt,pintor,altered
fr,peinture,pt,pintura,altered
fr,peler,pt,pelar,altered
fr,peloton,pt,pelotão,transparent
fr,peluche,pt,pelúcia,altered
fr,pencher,pt,pender,altered
fr,pendre,pt,pender,transparent
fr,penser,pt,pensar,transparent
fr,penseur,pt,pensador,altered
fr,pension,pt,pensão,altered
fr,pensée,pt,pensamento,altered
fr,pentagone,pt,pentágono,transparent
fr,people,pt,people,transparent
fr,perception,pt,percepção,altered
fr,percevoir,pt,perceber,altered
fr,perdant,pt,perdedor,altered
fr,perdre,pt,perder,altered
fr,perdu,pt,perdido,altered
fr,pere,pt,padre,altered
fr,perfection,pt,perfeição,transparent
fr,performance,pt,performance,transparent
fr,perle,pt,pérola,transparent
fr,permanence,pt,permanência,transparent
fr,permanent,pt,permanente,transparent
fr,permanente,pt,permanente,transparent
fr,permettre,pt,permitir,altered
fr,permis,pt,permissão,altered
fr,permission,pt,permissão,transparent
fr,perplexe,pt,perplexo,transparent
fr,perpétuel,pt,perpétuo,transparent
fr,perquisition,pt,pesquisar,altered
fr,perquisitionner,pt,pesquisar,altered
fr,persistance,pt,persistência,transparent
fr,persistent,pt,persistente,transparent
fr,persister,pt,persistir,transparent
fr,personnage,pt,personagem,transparent
fr,personnalisé,pt,personalizado,transparent
fr,personnalité,pt,personalidade,altered
fr,personne,pt,pessoa,altered
fr,personnel,pt,pessoal,altered
fr,personnellement,pt,pessoalmente,altered
fr,perspective,pt,perspectivar,transparent
fr,persuader,pt,persuadir,transparent
fr,persuadé,pt,persuadir,transparent
fr,persécuter,pt,perseguir,altered
fr,persécution,pt,perseguição,altered
fr,persévérance,pt,perseverança,transparent
fr,perte,pt,perda,altered
fr,pertinent,pt,pertinente,transparent
fr,perturbation,pt,perturbação,transparent
fr,perturber,pt,perturbar,transparent
fr,perturbé,pt,perturbar,transparent
fr,pervers,pt,perverso,transparent
fr,pesant,pt,pesar,altered
fr,pessimiste,pt,pessimista,transparent
fr,peste,pt,peste,transparent
fr,pesticide,pt,pesticida,transparent
fr,peu,pt,pouco,altered
fr,phalle,pt,falo,altered
fr,pharaon,pt,faraó,altered
fr,phare,pt,farol,altered
fr,pharmaceutique,pt,farmacêutico,altered
fr,pharmacie,pt,farmácia,altered
fr,pharmacien,pt,farmacêutico,altered
fr,phase,pt,fase,transparent
fr,philosophe,pt,filósofo,transparent
fr,philosophie,pt,filosofia,transparent
fr,philosophique,pt,filosófico,transparent
fr,phobie,pt,fobia,transparent
fr,phoenix,pt,fênix,altered
fr,phone,pt,telefone,altered
fr,photo,pt,foto,transparent
fr,photographe,pt,fotógrafo,altered
fr,photographie,pt,fotografia,altered
fr,photographier,pt,fotografar,transparent
fr,photographique,pt,fotográfico,altered
fr,phrase,pt,frase,altered
fr,physicien,pt,físico,transparent
fr,physiologie,pt,fisiologia,altered
fr,physique,pt,físico,altered
fr,physiquement,pt,fisicamente,transparent
fr,phénomène,pt,fenômeno,transparent
fr,pianiste,pt,pianista,transparent
fr,piano,pt,piano,transparent
fr,pic,pt,pico,transparent
fr,pied,pt,pé,altered
fr,piercing,pt,piercing,transparent
fr,pieux,pt,piedoso,altered
fr,pignon,pt,pinhão,altered
fr,pilier,pt,pilar,altered
fr,pillage,pt,pilhagem,altered
fr,pilote,pt,piloto,altered
fr,piloter,pt,pilotar,transparent
fr,pilule,pt,pílula,transparent
fr,piment,pt,pimenta,altered
fr,pin,pt,pinho,altered
fr,pince,pt,pinçar,transparent
fr,pinceau,pt,pincel,transparent
fr,pion,pt,peão,altered
fr,pionnier,pt,pioneiro,transparent
fr,pipe,pt,pipa,altered
fr,pique,pt,pique,transparent
fr,piratage,pt,pirataria,altered
fr,pirate,pt,pirata,transparent
fr,pire,pt,pior,altered
fr,piscine,pt,piscina,transparent
fr,pistolet,pt,pistola,altered
fr,piston,pt,pistão,altered
fr,pitié,pt,piedade,transparent
fr,pittoresque,pt,pitoresco,altered
fr,pivot,pt,pivô,transparent
fr,pixel,pt,pixel,transparent
fr,pizza,pt,pizza,transparent
fr,piéton,pt,peão,altered
fr,piété,pt,piedade,altered
fr,place,pt,praça,altered
fr,plagiat,pt,plágio,transparent
fr,plaie,pt,praia,altered
fr,plaisir,pt,prazer,altered
fr,plan,pt,plano,altered
fr,planer,pt,planar,transparent
fr,planifier,pt,planejar,altered
fr,plantation,pt,plantação,transparent
fr,plante,pt,planta,transparent
fr,planter,pt,plantar,transparent
fr,planté,pt,plantar,altered
fr,planète,pt,planeta,transparent
fr,planétaire,pt,planetário,transparent
fr,plasma,pt,plasmar,transparent
fr,plastique,pt,plástico,transparent
fr,plat,pt,prato,transparent
fr,plateforme,pt,plataforma,transparent
fr,plausible,pt,plausível,transparent
fr,plaza,pt,praça,altered
fr,plein,pt,pleno,transparent
fr,pleinement,pt,plenamente,transparent
fr,plume,pt,pluma,transparent
fr,pluralité,pt,pluralidade,transparent
fr,pluriel,pt,plural,transparent
fr,pneumonie,pt,pneumonia,transparent
fr,podcast,pt,podcast,transparent
fr,podium,pt,pódio,transparent
fr,point,pt,ponto,altered
fr,pointe,pt,pontar,altered
fr,pointer,pt,apontar,altered
fr,poisson,pt,peixe,altered
fr,poker,pt,poker,transparent
fr,polaire,pt,polar,altered
fr,polar,pt,polar,transparent
fr,pole,pt,pólo,transparent
fr,polenta,pt,polenta,transparent
fr,poli,pt,polir,transparent
fr,police,pt,polícia,altered
fr,policier,pt,policial,altered
fr,politicien,pt,político,transparent
fr,politico,pt,político,transparent
fr,politique,pt,político,transparent
fr,politiquement,pt,politicamente,transparent
fr,pollen,pt,pólen,transparent
fr,polluant,pt,poluente,altered
fr,pollution,pt,poluição,transparent
fr,polo,pt,polo,transparent
fr,polonais,pt,polaco,altered
fr,polytechnique,pt,politécnico,transparent
fr,polémique,pt,polêmica,transparent
fr,pont,pt,ponte,altered
fr,ponte,pt,ponte,transparent
fr,pop,pt,pop,transparent
fr,populaire,pt,popular,transparent
fr,popularité,pt,popularidade,transparent
fr,population,pt,população,transparent
fr,populiste,pt,populista,transparent
fr,porc,pt,porco,altered
fr,porcelaine,pt,porcelana,transparent
fr,porn,pt,pornô,altered
fr,porno,pt,porno,transparent
fr,pornographie,pt,pornografia,transparent
fr,port,pt,porto,altered
fr,portable,pt,portátil,altered
fr,portail,pt,portal,transparent
fr,porter,pt,portar,altered
fr,porteur,pt,portador,transparent
fr,porteuse,pt,portador,transparent
fr,portier,pt,porteiro,altered
fr,portion,pt,porção,transparent
fr,porto,pt,porto,transparent
fr,portuaire,pt,portuário,altered
fr,portugais,pt,português,altered
fr,portugal,pt,portugal,transparent
fr,porté,pt,portar,altered
fr,poser,pt,pousar,altered
fr,positif,pt,positivo,altered
fr,position,pt,posição,transparent
fr,positionnement,pt,posicionamento,transparent
fr,positionner,pt,posicionar,transparent
fr,possibilité,pt,possibilidade,transparent
fr,possible,pt,possível,transparent
fr,possiblement,pt,possivelmente,transparent
fr,posséder,pt,possuir,altered
fr,possédé,pt,possuir,altered
fr,post,pt,post,transparent
fr,postal,pt,postal,transparent
fr,poste,pt,posto,altered
fr,poster,pt,postar,transparent
fr,posts,pt,posts,transparent
fr,posture,pt,posturar,transparent
fr,posté,pt,postar,transparent
fr,postérieurement,pt,posteriormente,altered
fr,posé,pt,posar,transparent
fr,posée,pt,pousar,altered
fr,potable,pt,potável,transparent
fr,potassium,pt,potássio,transparent
fr,poteau,pt,poste,altered
fr,potentiel,pt,potencial,transparent
fr,potentiellement,pt,potencialmente,transparent
fr,pou,pt,piolho,altered
fr,poudre,pt,pó,altered
fr,pour,pt,por,altered
fr,pourcentage,pt,percentagem,transparent
fr,pourpre,pt,púrpura,transparent
fr,pourri,pt,podre,altered
fr,poursuivre,pt,perseguir,altered
fr,pousser,pt,puxar,altered
fr,poussière,pt,poeira,altered
fr,pouvoir,pt,poder,altered
fr,poème,pt,poema,transparent
fr,poète,pt,poetar,transparent
fr,poésie,pt,poesia,altered
fr,poétique,pt,poético,transparent
fr,pragmatique,pt,pragmático,transparent
fr,praticien,pt,praticante,altered
fr,pratiquant,pt,praticante,transparent
fr,pratique,pt,prático,transparent
fr,pratiquement,pt,praticamente,altered
fr,pratiquer,pt,praticar,transparent
fr,premier,pt,primeiro,altered
fr,premiere,pt,primeiro,transparent
fr,premium,pt,premium,transparent
fr,premièrement,pt,primeiramente,altered
fr,prendre,pt,preso,altered
fr,prescrire,pt,prescrever,altered
fr,present,pt,presente,transparent
fr,president,pt,presidente,transparent
fr,presse,pt,pressa,altered
fr,pression,pt,pressão,transparent
fr,pressé,pt,prensar,altered
fr,pressée,pt,pressionar,altered
fr,prestataire,pt,prestador,altered
fr,prestation,pt,prestação,transparent
fr,prestige,pt,prestígio,transparent
fr,preuve,pt,provar,altered
fr,prie,pt,prece,transparent
fr,prieur,pt,prior,transparent
fr,primaire,pt,primário,transparent
fr,prime,pt,prêmio,altered
fr,primer,pt,primar,transparent
fr,primitif,pt,primitivo,transparent
fr,primo,pt,primo,transparent
fr,primordial,pt,primordial,transparent
fr,prince,pt,príncipe,altered
fr,princesse,pt,príncipe,transparent
fr,principal,pt,principal,transparent
fr,principale,pt,principal,transparent
fr,principalement,pt,principalmente,transparent
fr,principe,pt,príncipe,transparent
fr,priori,pt,priori,transparent
fr,prioritaire,pt,prioritário,transparent
fr,priorité,pt,prioridade,transparent
fr,prisme,pt,prisma,transparent
fr,prison,pt,prisão,altered
fr,prisonnier,pt,prisioneiro,altered
fr,privatisation,pt,privatização,transparent
fr,priver,pt,privar,transparent
fr,privilège,pt,privilégio,altered
fr,privilégier,pt,privilegiar,transparent
fr,privilégié,pt,privilegiado,transparent
fr,privé,pt,privado,transparent
fr,prix,pt,preço,altered
fr,pro,pt,pro,transparent
fr,probabilité,pt,probabilidade,transparent
fr,probable,pt,provável,altered
fr,probablement,pt,provavelmente,altered
fr,probleme,pt,problema,transparent
fr,problemes,pt,problema,transparent
fr,problème,pt,problema,transparent
fr,problématique,pt,problemático,transparent
fr,processeur,pt,processador,transparent
fr,procession,pt,procissão,transparent
fr,prochain,pt,próximo,altered
fr,proche,pt,próximo,altered
fr,proclamation,pt,proclamação,transparent
fr,proclamer,pt,proclamar,transparent
fr,procuration,pt,procuração,transparent
fr,procure,pt,procurar,transparent
fr,procureur,pt,procurador,altered
fr,procédure,pt,procedimento,transparent
fr,procédé,pt,procedimento,altered
fr,prod,pt,produção,altered
fr,prodige,pt,prodígio,altered
fr,producteur,pt,produtor,altered
fr,productif,pt,produtivo,altered
fr,production,pt,produção,transparent
fr,productivité,pt,produtividade,transparent
fr,produire,pt,produzir,altered
fr,produit,pt,produto,transparent
fr,prof,pt,prof,transparent
fr,professeur,pt,professor,transparent
fr,profession,pt,profissão,transparent
fr,professionnalisme,pt,profissionalismo,transparent
fr,professionnel,pt,profissional,transparent
fr,profil,pt,perfil,transparent
fr,profit,pt,proveito,altered
fr,profiter,pt,aproveitar,altered
fr,profond,pt,profundo,transparent
fr,profondeur,pt,profundidade,altered
fr,profondément,pt,profundamente,transparent
fr,programmation,pt,programação,transparent
fr,programme,pt,programar,transparent
fr,programmer,pt,programar,transparent
fr,programmé,pt,programar,transparent
fr,progresser,pt,progredir,altered
fr,progressif,pt,progressivo,transparent
fr,progression,pt,progressão,transparent
fr,progressiste,pt,progressista,transparent
fr,progressivement,pt,progressivamente,transparent
fr,progrès,pt,progresso,altered
fr,prohiber,pt,proibir,transparent
fr,prohibition,pt,proibição,transparent
fr,projecteur,pt,projetor,transparent
fr,projectile,pt,projétil,transparent
fr,projection,pt,projeção,transparent
fr,projet,pt,projeto,transparent
fr,projeter,pt,projetar,altered
fr,prolifération,pt,proliferação,transparent
fr,prologue,pt,prólogo,transparent
fr,prolonge,pt,prolongar,altered
fr,prolongement,pt,prolongamento,transparent
fr,prolonger,pt,prolongar,altered
fr,prolongé,pt,prolongar,transparent
fr,prolétariat,pt,proletariado,transparent
fr,promesse,pt,promessa,transparent
fr,promettre,pt,prometer,transparent
fr,promis,pt,prometido,altered
fr,promo,pt,promo,transparent
fr,promoteur,pt,promotor,altered
fr,promotion,pt,promoção,transparent
fr,promouvoir,pt,promover,transparent
fr,prompt,pt,pronto,altered
fr,prononcer,pt,pronunciar,altered
fr,prononciation,pt,pronúncia,altered
fr,prononcé,pt,pronunciar,altered
fr,pronostic,pt,prognóstico,altered
fr,propagande,pt,propaganda,transparent
fr,propagation,pt,propagação,transparent
fr,propager,pt,propagar,transparent
fr,prophète,pt,profeta,transparent
fr,prophétie,pt,profecia,altered
fr,propice,pt,propício,transparent
fr,proportion,pt,proporção,transparent
fr,proportionnel,pt,proporcional,transparent
fr,proportionner,pt,proporcionar,transparent
fr,propos,pt,propósito,altered
fr,proposer,pt,propor,altered
fr,proposition,pt,proposto,altered
fr,proposé,pt,proposto,altered
fr,propre,pt,próprio,altered
fr,proprement,pt,propriamente,transparent
fr,propriétaire,pt,proprietário,transparent
fr,propriété,pt,propriedade,altered
fr,propulsion,pt,propulsão,transparent
fr,prospère,pt,próspero,transparent
fr,prospérité,pt,prosperidade,altered
fr,prostate,pt,próstata,transparent
fr,prostitution,pt,prostituição,transparent
fr,prostituée,pt,prostituto,altered
fr,protagoniste,pt,protagonista,transparent
fr,protecteur,pt,protetor,altered
fr,protection,pt,proteção,transparent
fr,protestant,pt,protestante,transparent
fr,protester,pt,protesto,altered
fr,protocole,pt,protocolo,transparent
fr,prototype,pt,protótipo,transparent
fr,protéger,pt,proteger,transparent
fr,protégé,pt,protegido,transparent
fr,protéine,pt,proteína,transparent
fr,prouvé,pt,provar,altered
fr,provenir,pt,provir,transparent
fr,proverbe,pt,provérbio,altered
fr,providence,pt,providência,transparent
fr,province,pt,província,transparent
fr,provincial,pt,provincial,transparent
fr,provision,pt,provisão,transparent
fr,provisoire,pt,provisório,transparent
fr,provisoirement,pt,provisoriamente,transparent
fr,provocation,pt,provocação,transparent
fr,provoquer,pt,provocar,transparent
fr,provoqué,pt,provocar,altered
fr,proximité,pt,proximidade,altered
fr,prudence,pt,prudência,transparent
fr,prudent,pt,prudente,transparent
fr,pré,pt,pré,transparent
fr,préalablement,pt,previamente,altered
fr,précaire,pt,precário,altered
fr,précarité,pt,precariedade,transparent
fr,précaution,pt,precaução,transparent
fr,précieuse,pt,precioso,transparent
fr,précieux,pt,precioso,transparent
fr,précipitation,pt,precipitação,transparent
fr,précipiter,pt,precipitar,transparent
fr,précipité,pt,precipitar,transparent
fr,précis,pt,preciso,transparent
fr,précision,pt,precisão,transparent
fr,précisément,pt,precisamente,transparent
fr,précoce,pt,precoce,transparent
fr,précurseur,pt,precursor,transparent
fr,précédent,pt,precedente,transparent
fr,précéder,pt,preceder,transparent
fr,prédateur,pt,predador,transparent
fr,prédilection,pt,predileção,transparent
fr,prédire,pt,predizer,transparent
fr,prédécesseur,pt,predecessor,transparent
fr,préface,pt,prefácio,altered
fr,préfecture,pt,prefeitura,transparent
fr,préfet,pt,prefeito,altered
fr,préférable,pt,preferível,transparent
fr,préférence,pt,preferência,transparent
fr,préférer,pt,preferir,transparent
fr,préféré,pt,preferir,transparent
fr,préjudice,pt,prejuízo,transparent
fr,préliminaire,pt,preliminar,transparent
fr,prématuré,pt,prematuro,altered
fr,préoccupation,pt,preocupação,transparent
fr,préoccuper,pt,preocupar,transparent
fr,préoccupé,pt,preocupar,transparent
fr,préparation,pt,preparação,transparent
fr,préparatoire,pt,preparatório,transparent
fr,préparer,pt,preparar,transparent
fr,prérogative,pt,prerrogativa,transparent
fr,présence,pt,presença,transparent
fr,présent,pt,presente,transparent
fr,présentateur,pt,apresentador,altered
fr,présentation,pt,apresentação,transparent
fr,présente,pt,apresentar,altered
fr,présenter,pt,apresentar,altered
fr,préservation,pt,preservação,transparent
fr,préserver,pt,preservar,transparent
fr,préside,pt,presidir,transparent
fr,présidence,pt,presidência,transparent
fr,président,pt,presidente,transparent
fr,présidentiel,pt,presidencial,transparent
fr,présidentielle,pt,presidencial,transparent
fr,présider,pt,presidir,transparent
fr,présomption,pt,presunção,transparent
fr,présumer,pt,presumir,altered
fr,présumé,pt,presumir,transparent
fr,prétendant,pt,pretendente,altered
fr,prétention,pt,pretensão,transparent
fr,prétexte,pt,pretexto,transparent
fr,prévaloir,pt,prevalecer,altered
fr,prévenir,pt,prevenir,transparent
fr,préventif,pt,preventivo,transparent
fr,prévention,pt,prevenção,transparent
fr,prévisible,pt,previsível,transparent
fr,prévision,pt,previsão,transparent
fr,prévoir,pt,previsto,altered
fr,prévoyance,pt,previdência,transparent
fr,prêter,pt,prestar,altered
fr,prêté,pt,prestar,altered
fr,pseudo,pt,pseudônimo,altered
fr,pseudonyme,pt,pseudônimo,transparent
fr,psychanalyse,pt,psicanálise,altered
fr,psychiatrie,pt,psiquiatria,transparent
fr,psychiatrique,pt,psiquiátrico,transparent
fr,psychique,pt,psíquico,transparent
fr,psychologie,pt,psicologia,altered
fr,psychologique,pt,psicológico,transparent
fr,psychologiquement,pt,psicologicamente,transparent
fr,psychologue,pt,psicólogo,transparent
fr,psychopathe,pt,psicopata,altered
fr,psychose,pt,psicose,transparent
fr,public,pt,público,transparent
fr,publication,pt,publicação,altered
fr,publicitaire,pt,publicitário,transparent
fr,publicité,pt,publicidade,transparent
fr,publier,pt,publicar,altered
fr,publiquement,pt,publicamente,transparent
fr,pudeur,pt,pudor,transparent
fr,puits,pt,poço,altered
fr,pulmonaire,pt,pulmonar,transparent
fr,puma,pt,puma,transparent
fr,puni,pt,punir,transparent
fr,punir,pt,punir,transparent
fr,punition,pt,punição,transparent
fr,pur,pt,puro,transparent
fr,purement,pt,puramente,transparent
fr,pureté,pt,pureza,transparent
fr,purée,pt,purê,transparent
fr,pus,pt,pus,transparent
fr,pute,pt,puta,transparent
fr,pyjama,pt,pijama,altered
fr,pyramide,pt,pirâmide,altered
fr,python,pt,python,transparent
fr,pâle,pt,pálido,altered
fr,pâques,pt,páscoa,transparent
fr,pâtisserie,pt,pastelaria,altered
fr,pèlerin,pt,peregrino,altered
fr,père,pt,padre,altered
fr,péage,pt,pedágio,altered
fr,pécher,pt,pecar,altered
fr,péché,pt,pecar,altered
fr,pédagogie,pt,pedagogia,transparent
fr,pédagogique,pt,pedagógico,transparent
fr,pédale,pt,pedal,transparent
fr,pédophile,pt,pedófilo,transparent
fr,pédophilie,pt,pedofilia,transparent
fr,pénal,pt,penal,transparent
fr,pénalité,pt,penalidade,transparent
fr,péninsule,pt,península,altered
fr,pénis,pt,pénis,transparent
fr,pénitentiaire,pt,penitenciário,transparent
fr,pénétration,pt,penetração,transparent
fr,pénétrer,pt,penetrar,transparent
fr,pénétré,pt,penetrar,transparent
fr,péril,pt,perigo,altered
fr,périlleux,pt,perigoso,altered
fr,périmètre,pt,perímetro,transparent
fr,période,pt,período,transparent
fr,périodique,pt,periódico,transparent
fr,périphérie,pt,periferia,altered
fr,périphérique,pt,periférico,transparent
fr,pétale,pt,pétala,transparent
fr,péter,pt,petar,transparent
fr,pétition,pt,petição,transparent
fr,pétrole,pt,petróleo,transparent
fr,pétrolier,pt,petroleiro,transparent
fr,pêche,pt,pescar,transparent
fr,pêcher,pt,pescar,transparent
fr,pêcheur,pt,pescador,altered
fr,pôle,pt,pólo,transparent
fr,quadra,pt,quadrar,transparent
fr,quadrille,pt,quadrilha,altered
fr,qualification,pt,qualificação,transparent
fr,qualifier,pt,qualificar,transparent
fr,qualifié,pt,qualificar,transparent
fr,qualité,pt,qualidade,transparent
fr,quand,pt,quando,altered
fr,quant,pt,quantum,altered
fr,quantique,pt,quântico,transparent
fr,quantité,pt,quantidade,altered
fr,quantum,pt,quantum,transparent
fr,quart,pt,quarto,altered
fr,quartz,pt,quartzo,altered
fr,quasi,pt,quase,transparent
fr,quatre,pt,quatro,altered
fr,que,pt,que,transparent
fr,question,pt,questão,transparent
fr,questionnaire,pt,questionário,transparent
fr,questionnement,pt,questionamento,transparent
fr,questionner,pt,questionar,altered
fr,quiet,pt,quieto,transparent
fr,quint,pt,quinto,altered
fr,quinze,pt,quinze,transparent
fr,quitte,pt,quitar,transparent
fr,quota,pt,quota,transparent
fr,quotidien,pt,cotidiano,altered
fr,québec,pt,quebec,transparent
fr,quérir,pt,querer,altered
fr,rabais,pt,rebaixar,altered
fr,rabbin,pt,rabino,altered
fr,race,pt,raça,transparent
fr,rachat,pt,resgate,altered
fr,racial,pt,racial,transparent
fr,racine,pt,raiz,altered
fr,racisme,pt,racismo,transparent
fr,raciste,pt,racista,transparent
fr,raconter,pt,contar,altered
fr,radar,pt,radar,transparent
fr,radiation,pt,radiação,transparent
fr,radical,pt,radical,transparent
fr,radicalement,pt,radicalmente,transparent
fr,radio,pt,rádio,transparent
fr,raffiné,pt,refinar,transparent
fr,rafraîchir,pt,refrescar,altered
fr,raide,pt,rígido,altered
fr,raison,pt,razão,transparent
fr,raisonnable,pt,razoável,transparent
fr,rallye,pt,rally,transparent
fr,rancune,pt,rancor,transparent
fr,ranking,pt,ranking,transparent
fr,rap,pt,rap,transparent
fr,rapide,pt,rápido,transparent
fr,rapidement,pt,rapidamente,transparent
fr,rapidité,pt,rapidez,transparent
fr,rappeur,pt,rapper,transparent
fr,rapporté,pt,reportar,altered
fr,rare,pt,raro,transparent
fr,rarement,pt,raramente,transparent
fr,rareté,pt,raridade,altered
fr,raser,pt,arrasar,altered
fr,rat,pt,rato,transparent
fr,ratification,pt,ratificação,transparent
fr,ration,pt,ração,transparent
fr,rationnel,pt,racional,altered
fr,rayé,pt,raiar,transparent
fr,rebelle,pt,rebelde,transparent
fr,rebond,pt,rebote,altered
fr,recensement,pt,recenseamento,altered
fr,recette,pt,receitar,transparent
fr,recevoir,pt,receber,altered
fr,recharger,pt,recarregar,transparent
fr,recommandation,pt,recomendação,altered
fr,recommander,pt,recomendar,altered
fr,recommandé,pt,recomendar,transparent
fr,recommencer,pt,recomeçar,transparent
fr,reconnaissance,pt,reconhecimento,transparent
fr,reconnaitre,pt,reconhecer,altered
fr,reconnaître,pt,reconhecer,altered
fr,reconquête,pt,reconquistar,altered
fr,reconstitution,pt,reconstituição,transparent
fr,reconstruction,pt,reconstrução,transparent
fr,reconstruire,pt,reconstruir,transparent
fr,record,pt,recorde,transparent
fr,recourir,pt,recorrer,altered
fr,recours,pt,recurso,altered
fr,recrue,pt,recrutar,transparent
fr,recrutement,pt,recrutamento,transparent
fr,recruter,pt,recrutar,transparent
fr,recréer,pt,recriar,altered
fr,rectangulaire,pt,retangular,transparent
fr,recteur,pt,reitor,altered
fr,recueil,pt,recolher,altered
fr,recueilli,pt,recolhido,altered
fr,recul,pt,recuo,transparent
fr,reculer,pt,recuar,transparent
fr,recyclage,pt,reciclagem,transparent
fr,reddition,pt,rendição,altered
fr,redistribution,pt,redistribuição,transparent
fr,redoubler,pt,redobrar,transparent
fr,refaire,pt,refazer,transparent
fr,reflet,pt,reflexo,altered
fr,refléter,pt,refletir,altered
fr,reformer,pt,reformar,altered
fr,refroidir,pt,resfriar,altered
fr,refuge,pt,refúgio,transparent
fr,refus,pt,recusar,transparent
fr,refuser,pt,recusar,altered
fr,refusé,pt,recusar,altered
fr,reggae,pt,reggae,transparent
fr,region,pt,região,transparent
fr,registre,pt,registro,altered
fr,reine,pt,regina,altered
fr,rejet,pt,rejeição,altered
fr,rejeter,pt,rejeitar,altered
fr,rejeté,pt,rejeitar,transparent
fr,relater,pt,relatar,transparent
fr,relatif,pt,relativo,transparent
fr,relation,pt,relação,transparent
fr,relative,pt,relativo,transparent
fr,relativement,pt,relativamente,transparent
fr,relecture,pt,releitura,altered
fr,relever,pt,relevante,transparent
fr,relevée,pt,relevar,transparent
fr,religieux,pt,religioso,transparent
fr,religion,pt,religião,transparent
fr,relique,pt,relíquia,altered
fr,relire,pt,reler,transparent
fr,relâche,pt,relaxar,altered
fr,relâcher,pt,relaxar,transparent
fr,relève,pt,relevo,transparent
fr,remboursement,pt,reembolso,altered
fr,remettre,pt,remeter,transparent
fr,remix,pt,remix,transparent
fr,remonte,pt,remontar,transparent
fr,remonter,pt,remontar,transparent
fr,remontée,pt,remontar,altered
fr,remords,pt,remorso,altered
fr,remorque,pt,reboque,altered
fr,remède,pt,remédio,transparent
fr,remédier,pt,remediar,transparent
fr,renaissance,pt,renascença,altered
fr,renaître,pt,renascer,transparent
fr,rencontre,pt,reencontro,transparent
fr,rencontrer,pt,encontrar,altered
fr,rencontré,pt,encontrar,altered
fr,rendant,pt,render,altered
fr,rendement,pt,rendimento,transparent
fr,rendre,pt,render,altered
fr,renforcement,pt,reforço,altered
fr,renforcer,pt,reforçar,altered
fr,renfort,pt,reforço,transparent
fr,renne,pt,rena,altered
fr,renom,pt,renome,transparent
fr,renommé,pt,renomado,transparent
fr,renommée,pt,renome,altered
fr,renonce,pt,renunciar,transparent
fr,renoncer,pt,renunciar,transparent
fr,renouveau,pt,renovação,altered
fr,renouvelable,pt,renovável,transparent
fr,renouveler,pt,renovar,altered
fr,rentabilité,pt,rentabilidade,transparent
fr,rentable,pt,rentável,transparent
fr,rente,pt,rendar,altered
fr,rentrer,pt,entrar,altered
fr,repartir,pt,repartir,transparent
fr,repasser,pt,repassar,transparent
fr,repenser,pt,repensar,transparent
fr,reportage,pt,reportagem,transparent
fr,reporter,pt,repórter,transparent
fr,reporté,pt,reportar,altered
fr,repos,pt,repouso,transparent
fr,repose,pt,repouso,transparent
fr,reposer,pt,repousar,altered
fr,reproduction,pt,reprodução,transparent
fr,reproduire,pt,reproduzir,altered
fr,représaille,pt,represália,transparent
fr,représentant,pt,representante,altered
fr,représentatif,pt,representativo,altered
fr,représentation,pt,representação,transparent
fr,représenter,pt,representar,transparent
fr,représenté,pt,representar,transparent
fr,reptile,pt,réptil,transparent
fr,requis,pt,requerido,altered
fr,requérir,pt,requerer,altered
fr,respect,pt,respeito,altered
fr,respectable,pt,respeitável,altered
fr,respecter,pt,respeitar,altered
fr,respectif,pt,respectivo,transparent
fr,respectueuse,pt,respeitoso,transparent
fr,respectueux,pt,respeitoso,altered
fr,respecté,pt,respeitar,altered
fr,respiration,pt,respiração,transparent
fr,respiratoire,pt,respiratório,transparent
fr,respirer,pt,respirar,transparent
fr,responsabilité,pt,responsabilidade,transparent
fr,responsable,pt,responsável,transparent
fr,ressemblance,pt,semelhança,altered
fr,ressembler,pt,semelhante,altered
fr,ressusciter,pt,ressuscitar,transparent
fr,restant,pt,restante,transparent
fr,restau,pt,restaurante,altered
fr,restaurant,pt,restaurante,transparent
fr,restauration,pt,restauração,transparent
fr,restaurer,pt,restaurar,transparent
fr,reste,pt,resto,transparent
fr,restitution,pt,restituição,transparent
fr,restreindre,pt,restringir,transparent
fr,restriction,pt,restrição,transparent
fr,restructuration,pt,reestruturação,transparent
fr,retard,pt,retardar,transparent
fr,retarder,pt,retardar,transparent
fr,retardé,pt,retardar,transparent
fr,retenir,pt,reter,altered
fr,retirer,pt,retirar,transparent
fr,retiré,pt,retirar,altered
fr,retour,pt,retorno,altered
fr,retourne,pt,retornar,transparent
fr,retourner,pt,retornar,altered
fr,retrait,pt,retirar,altered
fr,rets,pt,rede,altered
fr,revanche,pt,revanche,transparent
fr,revendication,pt,reivindicação,altered
fr,revendiquer,pt,reivindicar,transparent
fr,revendre,pt,revender,transparent
fr,revente,pt,revender,transparent
fr,revers,pt,revés,transparent
fr,revivre,pt,reviver,transparent
fr,revoir,pt,rever,altered
fr,revolution,pt,revolução,transparent
fr,revolver,pt,revólver,transparent
fr,revêtement,pt,revestimento,transparent
fr,revêtir,pt,revestir,altered
fr,rhum,pt,rum,transparent
fr,rhétorique,pt,retórico,altered
fr,riche,pt,rico,altered
fr,richesse,pt,riqueza,altered
fr,ridicule,pt,ridículo,transparent
fr,rigide,pt,rígido,altered
fr,rigidité,pt,rigidez,altered
fr,rigoureux,pt,rigoroso,transparent
fr,rigueur,pt,rigor,altered
fr,rime,pt,rimar,transparent
fr,rimmel,pt,rímel,altered
fr,ring,pt,ring,transparent
fr,rire,pt,rir,altered
fr,ris,pt,riso,altered
fr,risque,pt,risco,altered
fr,risquer,pt,arriscar,altered
fr,risqué,pt,arriscar,altered
fr,rite,pt,rito,altered
fr,rituel,pt,ritual,altered
fr,rival,pt,rival,transparent
fr,rivalité,pt,rivalidade,transparent
fr,rivière,pt,ribeira,altered
fr,robot,pt,robô,transparent
fr,robotique,pt,robótico,transparent
fr,robuste,pt,robusto,transparent
fr,roc,pt,rocha,altered
fr,roche,pt,rocha,altered
fr,rock,pt,rock,transparent
fr,roi,pt,rei,altered
fr,roma,pt,roma,transparent
fr,romain,pt,romano,altered
fr,romaine,pt,romano,transparent
fr,romance,pt,romance,transparent
fr,romantique,pt,romântico,transparent
fr,romantisme,pt,romantismo,transparent
fr,rome,pt,roma,transparent
fr,rompre,pt,romper,transparent
fr,rond,pt,redondo,altered
fr,ronde,pt,rondar,transparent
fr,ronfler,pt,roncar,altered
fr,rose,pt,rosar,transparent
fr,rosé,pt,rosê,transparent
fr,rotation,pt,rotação,transparent
fr,rouleau,pt,rolo,altered
fr,rouler,pt,rolar,transparent
fr,roulette,pt,roleta,transparent
fr,roumain,pt,romeno,altered
fr,routine,pt,rotina,altered
fr,rouvrir,pt,reabrir,altered
fr,royale,pt,real,altered
fr,rubis,pt,rubi,transparent
fr,rude,pt,rude,transparent
fr,rue,pt,ruir,transparent
fr,rugby,pt,rugby,transparent
fr,ruine,pt,ruína,transparent
fr,ruiner,pt,arruinar,altered
fr,ruisseau,pt,riacho,altered
fr,rumeur,pt,rumor,transparent
fr,rupture,pt,ruptura,transparent
fr,rural,pt,rural,transparent
fr,russe,pt,russo,altered
fr,russo,pt,russo,transparent
fr,rustique,pt,rústico,transparent
fr,rythme,pt,ritmo,altered
fr,règle,pt,regra,altered
fr,règlement,pt,regulamento,altered
fr,règne,pt,reino,altered
fr,réacteur,pt,reator,altered
fr,réaction,pt,reação,transparent
fr,réagir,pt,reagir,transparent
fr,réalisateur,pt,realizador,transparent
fr,réalisation,pt,realização,transparent
fr,réaliser,pt,realizar,altered
fr,réalisme,pt,realismo,transparent
fr,réalisé,pt,realizar,transparent
fr,réalité,pt,realidade,transparent
fr,rébellion,pt,rebelião,transparent
fr,récemment,pt,recentemente,transparent
fr,récent,pt,recente,altered
fr,récepteur,pt,receptor,transparent
fr,réception,pt,recepção,transparent
fr,récession,pt,recessão,transparent
fr,réchauffement,pt,aquecimento,altered
fr,récipient,pt,recipiente,transparent
fr,réciproque,pt,recíproco,transparent
fr,réclamation,pt,reclamação,transparent
fr,réclamer,pt,reclamar,transparent
fr,récolter,pt,colher,altered
fr,récompense,pt,recompensar,transparent
fr,récompenser,pt,recompensar,transparent
fr,réconciliation,pt,reconciliação,transparent
fr,réconcilier,pt,reconciliar,transparent
fr,récupération,pt,recuperação,altered
fr,récupérer,pt,recuperar,transparent
fr,récurrent,pt,recorrente,altered
fr,récuser,pt,recusar,transparent
fr,rédacteur,pt,redator,altered
fr,rédaction,pt,redação,transparent
fr,rédemption,pt,redenção,transparent
fr,rédiger,pt,redigir,transparent
fr,réduction,pt,redução,transparent
fr,réduire,pt,reduzir,transparent
fr,réduit,pt,reduzir,altered
fr,réel,pt,real,transparent
fr,réellement,pt,realmente,transparent
fr,réflexe,pt,reflexo,transparent
fr,réflexion,pt,reflexão,transparent
fr,réfléchi,pt,refletir,altered
fr,réfléchir,pt,refletir,altered
fr,réforme,pt,reformar,transparent
fr,réformer,pt,reformar,transparent
fr,réfugier,pt,refugiar,transparent
fr,réfugié,pt,refugiado,transparent
fr,référence,pt,referência,transparent
fr,référendum,pt,referendo,altered
fr,référer,pt,referir,transparent
fr,régence,pt,regência,transparent
fr,régent,pt,regente,transparent
fr,régime,pt,regime,transparent
fr,régiment,pt,regimento,transparent
fr,région,pt,região,transparent
fr,régional,pt,regional,altered
fr,réglementaire,pt,regulamentar,altered
fr,réglementation,pt,regulamentação,altered
fr,régler,pt,regular,altered
fr,régner,pt,reinar,altered
fr,régression,pt,regressão,transparent
fr,régularité,pt,regularidade,transparent
fr,régulateur,pt,regulador,transparent
fr,régulier,pt,regular,transparent
fr,régulière,pt,regular,transparent
fr,régulièrement,pt,regularmente,transparent
fr,régénération,pt,regeneração,transparent
fr,réhabilitation,pt,reabilitação,transparent
fr,rémunération,pt,remuneração,transparent
fr,rémunérer,pt,remunerar,transparent
fr,rénovation,pt,renovação,transparent
fr,rénover,pt,renovar,transparent
fr,réorganisation,pt,reorganização,transparent
fr,réouverture,pt,reabertura,transparent
fr,réparation,pt,reparação,transparent
fr,réparer,pt,reparar,transparent
fr,réparti,pt,repartir,altered
fr,répartir,pt,repartir,transparent
fr,répartition,pt,repartição,altered
fr,répercussion,pt,repercussão,transparent
fr,répertoire,pt,repertório,transparent
fr,répit,pt,respiro,altered
fr,réplique,pt,réplica,transparent
fr,répondre,pt,responder,transparent
fr,répression,pt,repressão,transparent
fr,réprimer,pt,reprimir,transparent
fr,républicain,pt,republicano,transparent
fr,réputation,pt,reputação,transparent
fr,répéter,pt,repetir,altered
fr,répétition,pt,repetição,transparent
fr,répété,pt,repetir,transparent
fr,réseau,pt,rede,altered
fr,réserve,pt,reservar,transparent
fr,réserver,pt,reservar,transparent
fr,réservé,pt,reservar,transparent
fr,résidant,pt,residente,altered
fr,résidence,pt,residência,transparent
fr,résident,pt,residente,transparent
fr,résidentiel,pt,residencial,transparent
fr,résider,pt,residir,transparent
fr,résidu,pt,resíduo,transparent
fr,résiliation,pt,resolução,altered
fr,résine,pt,resinar,transparent
fr,résistance,pt,resistência,transparent
fr,résistant,pt,resistente,transparent
fr,résister,pt,resistir,transparent
fr,résolu,pt,resolvido,altered
fr,résolution,pt,resolução,transparent
fr,résonance,pt,ressonância,altered
fr,résoudre,pt,resolver,altered
fr,résultant,pt,resultante,transparent
fr,résultat,pt,resultar,altered
fr,résulter,pt,resultar,transparent
fr,résumer,pt,resumir,transparent
fr,résumé,pt,resumo,altered
fr,résurrection,pt,ressurreição,altered
fr,rétablir,pt,restabelecer,altered
fr,rétablissement,pt,restabelecimento,transparent
fr,rétention,pt,retenção,altered
fr,rétro,pt,retro,transparent
fr,rétrospective,pt,retrospectivo,transparent
fr,réunion,pt,reunião,transparent
fr,réunir,pt,reunir,transparent
fr,réviser,pt,revisar,transparent
fr,révision,pt,revisão,transparent
fr,révolte,pt,revoltar,transparent
fr,révolter,pt,revoltar,altered
fr,révolution,pt,revolução,transparent
fr,révolutionnaire,pt,revolucionário,transparent
fr,révélation,pt,revelação,transparent
fr,révéler,pt,revelar,transparent
fr,révélé,pt,revelar,transparent
fr,révérend,pt,reverendo,transparent
fr,réédition,pt,reedição,transparent
fr,réélection,pt,reeleição,transparent
fr,réélire,pt,reeleger,altered
fr,rêne,pt,rédea,altered
fr,rôle,pt,rol,transparent
fr,sabotage,pt,sabotagem,transparent
fr,sabre,pt,sabre,transparent
fr,sac,pt,saco,transparent
fr,sachet,pt,sachê,altered
fr,sacre,pt,sacro,transparent
fr,sacrement,pt,sacramento,transparent
fr,sacrifice,pt,sacrifício,transparent
fr,sacrifier,pt,sacrificar,transparent
fr,saga,pt,saga,transparent
fr,sahara,pt,saara,altered
fr,saigner,pt,sangrar,altered
fr,saint,pt,santo,altered
fr,sainte,pt,santo,transparent
fr,salade,pt,salada,transparent
fr,salaire,pt,salário,transparent
fr,salarial,pt,salarial,transparent
fr,salive,pt,saliva,transparent
fr,salle,pt,sala,altered
fr,salon,pt,salão,transparent
fr,saluer,pt,saudar,altered
fr,salé,pt,salgar,altered
fr,samba,pt,samba,transparent
fr,samedi,pt,sábado,altered
fr,samsung,pt,samsung,transparent
fr,sanction,pt,sanção,altered
fr,sanctionner,pt,sancionar,transparent
fr,sanctuaire,pt,santuário,transparent
fr,sandale,pt,sandália,transparent
fr,sandwich,pt,sanduíche,altered
fr,sang,pt,sangue,altered
fr,sanguin,pt,sanguíneo,altered
fr,sanguine,pt,sanguíneo,altered
fr,sanitaire,pt,sanitário,transparent
fr,santo,pt,santo,transparent
fr,santé,pt,saúde,altered
fr,saoudite,pt,saudita,altered
fr,satan,pt,satanás,transparent
fr,satellite,pt,satélite,altered
fr,satire,pt,sátira,transparent
fr,satisfaction,pt,satisfação,transparent
fr,satisfaire,pt,satisfazer,transparent
fr,satisfaisant,pt,satisfatório,altered
fr,satisfait,pt,satisfeito,altered
fr,saturation,pt,saturação,transparent
fr,saturer,pt,saturar,transparent
fr,saturne,pt,saturno,transparent
fr,saumon,pt,salmão,altered
fr,saut,pt,salto,altered
fr,sauter,pt,saltar,altered
fr,sauvage,pt,selvagem,altered
fr,sauvegarde,pt,salvaguarda,altered
fr,sauvegarder,pt,salvaguardar,altered
fr,sauver,pt,salvar,altered
fr,sauvetage,pt,salvamento,altered
fr,sauveur,pt,salvador,altered
fr,saveur,pt,sabor,altered
fr,savoir,pt,saber,altered
fr,savon,pt,sabão,altered
fr,savourer,pt,saborear,transparent
fr,savoureux,pt,saboroso,transparent
fr,saxon,pt,saxão,transparent
fr,scandale,pt,escândalo,transparent
fr,scandinave,pt,escandinavo,transparent
fr,scanner,pt,scanner,transparent
fr,scepticisme,pt,ceticismo,transparent
fr,sceptique,pt,cético,altered
fr,schizophrénie,pt,esquizofrenia,altered
fr,schéma,pt,esquema,transparent
fr,science,pt,ciência,altered
fr,scientifique,pt,científico,altered
fr,scintillant,pt,cintilante,altered
fr,scolaire,pt,escolar,altered
fr,scooter,pt,scooter,transparent
fr,scorpion,pt,escorpião,transparent
fr,scout,pt,scout,transparent
fr,script,pt,script,transparent
fr,scrutin,pt,escrutínio,transparent
fr,sculpteur,pt,escultor,transparent
fr,sculpture,pt,esculturar,transparent
fr,scène,pt,cena,altered
fr,scénario,pt,cenário,altered
fr,se,pt,se,transparent
fr,sec,pt,seco,transparent
fr,second,pt,segundo,altered
fr,secondaire,pt,secundário,transparent
fr,secouer,pt,sacudir,altered
fr,secourir,pt,socorrer,transparent
fr,secours,pt,socorro,altered
fr,secret,pt,segredo,altered
fr,secrètement,pt,secretamente,transparent
fr,secrétaire,pt,secretário,transparent
fr,secte,pt,seita,altered
fr,secteur,pt,setor,transparent
fr,section,pt,seção,transparent
fr,segment,pt,segmento,altered
fr,seigneur,pt,senhor,altered
fr,sein,pt,seio,transparent
fr,sel,pt,sal,altered
fr,selle,pt,sela,altered
fr,semaine,pt,semana,transparent
fr,semblable,pt,semelhante,altered
fr,sembler,pt,semelhante,altered
fr,semence,pt,semente,transparent
fr,semer,pt,semear,altered
fr,semestre,pt,semestre,transparent
fr,semi,pt,semi,transparent
fr,senior,pt,senhor,altered
fr,sens,pt,sentir,altered
fr,sensation,pt,sensação,transparent
fr,sensationnel,pt,sensacional,altered
fr,sensibilisation,pt,sensibilização,transparent
fr,sensibiliser,pt,sensibilizar,transparent
fr,sensibilité,pt,sensibilidade,transparent
fr,sensible,pt,sensível,transparent
fr,sensé,pt,sensato,altered
fr,sentiment,pt,sentimento,transparent
fr,sentimental,pt,sentimental,transparent
fr,sentinelle,pt,sentinela,transparent
fr,sentir,pt,sentir,altered
fr,sept,pt,sete,altered
fr,septembre,pt,setembro,transparent
fr,septième,pt,sétimo,transparent
fr,serbe,pt,sérvio,altered
fr,serf,pt,servo,altered
fr,sergent,pt,sargento,altered
fr,serie,pt,série,transparent
fr,series,pt,série,transparent
fr,serieux,pt,sério,altered
fr,sermon,pt,sermão,transparent
fr,serpent,pt,serpente,transparent
fr,serra,pt,serra,transparent
fr,servant,pt,servente,altered
fr,serveur,pt,servidor,altered
fr,service,pt,serviço,transparent
fr,servir,pt,servir,transparent
fr,serviteur,pt,servidor,transparent
fr,session,pt,sessão,altered
fr,seul,pt,solo,altered
fr,seulement,pt,somente,altered
fr,sexe,pt,sexo,transparent
fr,sexualité,pt,sexualidade,transparent
fr,sexuel,pt,sexual,transparent
fr,sexuellement,pt,sexualmente,transparent
fr,sexy,pt,sexy,transparent
fr,shampooing,pt,shampoo,transparent
fr,show,pt,show,transparent
fr,shérif,pt,xerife,altered
fr,sic,pt,sic,transparent
fr,sida,pt,sida,transparent
fr,sien,pt,seu,altered
fr,signal,pt,sinal,altered
fr,signaler,pt,sinalizar,altered
fr,signalisation,pt,sinalização,altered
fr,signataire,pt,signatário,transparent
fr,signature,pt,assinatura,altered
fr,signe,pt,sinal,altered
fr,signer,pt,assinar,altered
fr,signifiant,pt,significante,transparent
fr,significatif,pt,significativo,transparent
fr,significativement,pt,significativamente,transparent
fr,signifier,pt,significar,transparent
fr,silence,pt,silêncio,altered
fr,silencieux,pt,silencioso,transparent
fr,silhouette,pt,silhueta,transparent
fr,similaire,pt,similar,transparent
fr,simple,pt,simples,transparent
fr,simplement,pt,simplesmente,transparent
fr,simplicité,pt,simplicidade,transparent
fr,simplifier,pt,simplificar,transparent
fr,simulateur,pt,simulador,transparent
fr,simulation,pt,simulação,transparent
fr,simuler,pt,simular,transparent
fr,simultanément,pt,simultaneamente,transparent
fr,sincère,pt,sincero,transparent
fr,sincèrement,pt,sinceramente,transparent
fr,sincérité,pt,sinceridade,altered
fr,singapour,pt,singapura,altered
fr,singularité,pt,singularidade,transparent
fr,singulier,pt,singular,transparent
fr,sinistre,pt,sinistro,transparent
fr,sioniste,pt,sionista,transparent
fr,sirop,pt,xarope,altered
fr,sirène,pt,sereia,altered
fr,site,pt,site,transparent
fr,situation,pt,situação,transparent
fr,situer,pt,situado,transparent
fr,six,pt,seis,altered
fr,sixte,pt,sexto,altered
fr,siècle,pt,século,altered
fr,skate,pt,skate,transparent
fr,ski,pt,esqui,transparent
fr,slogan,pt,slogan,transparent
fr,slovénie,pt,eslovênia,transparent
fr,smartphone,pt,smartphone,transparent
fr,sobre,pt,sóbrio,transparent
fr,soccer,pt,soccer,transparent
fr,social,pt,social,transparent
fr,socialement,pt,socialmente,transparent
fr,socialisme,pt,socialismo,transparent
fr,socialiste,pt,socialista,transparent
fr,sociologique,pt,sociológico,altered
fr,société,pt,sociedade,transparent
fr,soda,pt,soda,transparent
fr,sodium,pt,sódio,transparent
fr,sofa,pt,sofá,transparent
fr,software,pt,software,transparent
fr,soi,pt,si,altered
fr,soixante,pt,sessenta,altered
fr,soja,pt,soja,transparent
fr,sol,pt,sol,transparent
fr,solaire,pt,solar,altered
fr,soldat,pt,soldado,transparent
fr,soleil,pt,sol,altered
fr,solidaire,pt,solidário,transparent
fr,solidarité,pt,solidariedade,transparent
fr,solide,pt,sólido,altered
fr,solitaire,pt,solitário,transparent
fr,solitude,pt,solidão,altered
fr,solliciter,pt,solicitar,transparent
fr,solo,pt,solo,transparent
fr,solution,pt,solução,transparent
fr,sombre,pt,sombrio,altered
fr,sommaire,pt,sumário,altered
fr,sondage,pt,sondagem,transparent
fr,sonde,pt,sonda,transparent
fr,songe,pt,sonho,altered
fr,sonner,pt,soar,altered
fr,sonore,pt,sonoro,transparent
fr,soprano,pt,soprano,transparent
fr,sorbet,pt,sorvete,altered
fr,sos,pt,sos,transparent
fr,soudainement,pt,subitamente,altered
fr,souffrance,pt,sofrimento,altered
fr,souffrir,pt,sofrer,altered
fr,soufre,pt,enxofre,altered
fr,souligner,pt,sublinhar,altered
fr,soumettre,pt,submeter,altered
fr,soumission,pt,submissão,altered
fr,soupe,pt,sopa,altered
fr,soupir,pt,suspiro,altered
fr,soupirer,pt,suspirar,altered
fr,soupçonner,pt,suspeitar,altered
fr,sourcil,pt,sobrancelha,altered
fr,sourd,pt,surdo,altered
fr,sourde,pt,surdo,altered
fr,souriant,pt,sorridente,altered
fr,sourire,pt,sorrir,altered
fr,souscrire,pt,subscrever,altered
fr,soustraire,pt,subtrair,transparent
fr,soutenable,pt,sustentável,altered
fr,soutenir,pt,sustentar,altered
fr,souterrain,pt,subterrâneo,transparent
fr,souverain,pt,soberano,transparent
fr,souveraineté,pt,soberania,altered
fr,soviétique,pt,soviético,transparent
fr,spa,pt,spa,transparent
fr,spam,pt,spam,transparent
fr,spatial,pt,espacial,transparent
fr,special,pt,especial,transparent
fr,spectacle,pt,espetáculo,altered
fr,spectaculaire,pt,espetacular,transparent
fr,spectateur,pt,espectador,transparent
fr,spectre,pt,espectro,altered
fr,sperme,pt,esperma,transparent
fr,sphère,pt,esfera,altered
fr,spin,pt,spin,transparent
fr,spirale,pt,espiral,transparent
fr,spiritualité,pt,espiritualidade,transparent
fr,spirituel,pt,espiritual,altered
fr,splendeur,pt,esplendor,altered
fr,splendide,pt,esplêndido,transparent
fr,spoiler,pt,spoiler,transparent
fr,spontané,pt,espontâneo,altered
fr,sport,pt,esporte,altered
fr,sportif,pt,esportivo,altered
fr,sprint,pt,sprint,transparent
fr,spécial,pt,especial,transparent
fr,spéciale,pt,especial,transparent
fr,spécialement,pt,especialmente,transparent
fr,spécialisation,pt,especialização,transparent
fr,spécialiser,pt,especializar,transparent
fr,spécialiste,pt,especialista,transparent
fr,spécialisé,pt,especializado,transparent
fr,spécialité,pt,especialidade,transparent
fr,spécificité,pt,especificidade,transparent
fr,spécifique,pt,específico,altered
fr,spécifiquement,pt,especificamente,transparent
fr,spécimen,pt,espécime,transparent
fr,spéculation,pt,especulação,transparent
fr,square,pt,square,transparent
fr,squelette,pt,esqueleto,altered
fr,stabilisation,pt,estabilização,transparent
fr,stabiliser,pt,estabilizar,transparent
fr,stabilité,pt,estabilidade,altered
fr,stable,pt,estável,transparent
fr,stade,pt,estádio,altered
fr,stadium,pt,estádio,altered
fr,staff,pt,staff,transparent
fr,stagiaire,pt,estagiário,transparent
fr,stand,pt,stand,transparent
fr,start,pt,start,transparent
fr,station,pt,estação,transparent
fr,stationnement,pt,estacionamento,altered
fr,stationner,pt,estacionar,transparent
fr,statique,pt,estático,altered
fr,statistique,pt,estatística,altered
fr,statue,pt,estátua,transparent
fr,statut,pt,status,altered
fr,stimulant,pt,estimulante,transparent
fr,stimulation,pt,estimulação,transparent
fr,stimuler,pt,estimular,transparent
fr,stimulus,pt,estímulo,transparent
fr,stop,pt,stop,transparent
fr,stories,pt,stories,transparent
fr,story,pt,story,transparent
fr,stratégie,pt,estratégia,transparent
fr,stratégique,pt,estratégico,transparent
fr,stream,pt,stream,transparent
fr,stress,pt,estresse,transparent
fr,stressant,pt,estressante,transparent
fr,stresser,pt,estressar,altered
fr,strict,pt,estrito,altered
fr,strictement,pt,estritamente,transparent
fr,structure,pt,estruturar,transparent
fr,structurel,pt,estrutural,altered
fr,structurer,pt,estruturar,altered
fr,studio,pt,estúdio,transparent
fr,stupide,pt,estúpido,altered
fr,stupidité,pt,estupidez,altered
fr,style,pt,estilo,transparent
fr,stérile,pt,estéril,altered
fr,stéréo,pt,estéreo,transparent
fr,suave,pt,suave,transparent
fr,subit,pt,súbito,transparent
fr,subitement,pt,subitamente,transparent
fr,subjectif,pt,subjetivar,transparent
fr,sublime,pt,sublime,transparent
fr,subsistance,pt,subsistência,transparent
fr,substance,pt,substância,transparent
fr,substituer,pt,substituir,transparent
fr,substitut,pt,substituto,transparent
fr,substitution,pt,substituição,transparent
fr,subtil,pt,sutil,altered
fr,successeur,pt,sucessor,transparent
fr,successif,pt,sucessivo,transparent
fr,succession,pt,sucessão,transparent
fr,successivement,pt,sucessivamente,transparent
fr,succès,pt,sucesso,transparent
fr,succéder,pt,suceder,transparent
fr,sud,pt,sul,altered
fr,suer,pt,suar,altered
fr,sueur,pt,suor,altered
fr,suffisamment,pt,suficientemente,transparent
fr,suffisant,pt,suficiente,transparent
fr,suffrage,pt,sufrágio,transparent
fr,suggestion,pt,sugestão,transparent
fr,suggérer,pt,sugerir,transparent
fr,suicidaire,pt,suicida,transparent
fr,suicide,pt,suicídio,transparent
fr,suicider,pt,suicidar,transparent
fr,suisse,pt,suíço,transparent
fr,suite,pt,suite,transparent
fr,suivant,pt,seguinte,altered
fr,suiveur,pt,seguidor,altered
fr,suivi,pt,seguir,altered
fr,suivre,pt,seguir,altered
fr,sujet,pt,sujeito,transparent
fr,sultan,pt,sultão,transparent
fr,super,pt,super,transparent
fr,superbe,pt,soberbo,altered
fr,superficie,pt,superfície,transparent
fr,superficiel,pt,superficial,transparent
fr,supermarché,pt,supermercado,altered
fr,superstar,pt,superstar,transparent
fr,supervision,pt,supervisão,transparent
fr,supplier,pt,suplicar,transparent
fr,suppléant,pt,suplente,transparent
fr,supplément,pt,suplemento,transparent
fr,supplémentaire,pt,suplementar,transparent
fr,support,pt,suporte,transparent
fr,supposer,pt,supor,transparent
fr,suppression,pt,supressão,transparent
fr,supprimer,pt,suprimir,transparent
fr,suprématie,pt,supremacia,transparent
fr,suprême,pt,supremo,transparent
fr,supérieur,pt,superior,transparent
fr,supériorité,pt,superioridade,transparent
fr,sur,pt,sobre,altered
fr,surcharge,pt,sobrecarga,altered
fr,surement,pt,seguramente,transparent
fr,surface,pt,superfície,altered
fr,surgir,pt,surgir,transparent
fr,surprenant,pt,surpreendente,transparent
fr,surprendre,pt,surpreender,altered
fr,surpris,pt,surpreso,altered
fr,surréel,pt,surreal,transparent
fr,survie,pt,sobrevivência,altered
fr,survivre,pt,sobreviver,altered
fr,susceptible,pt,suscetível,transparent
fr,susciter,pt,suscitar,transparent
fr,sushi,pt,sushi,transparent
fr,suspect,pt,suspeito,transparent
fr,suspendre,pt,suspenso,altered
fr,suspens,pt,suspensão,altered
fr,suspense,pt,suspense,transparent
fr,suspension,pt,suspensão,transparent
fr,suspicion,pt,suspeito,transparent
fr,suédois,pt,sueco,altered
fr,symbole,pt,símbolo,transparent
fr,symbolique,pt,simbólico,transparent
fr,symboliser,pt,simbolizar,transparent
fr,sympathie,pt,simpatia,transparent
fr,sympathique,pt,simpático,altered
fr,sympathisant,pt,simpatizante,altered
fr,symphonie,pt,sinfonia,transparent
fr,symptôme,pt,sintoma,altered
fr,symétrie,pt,simetria,transparent
fr,synagogue,pt,sinagoga,altered
fr,syndic,pt,síndico,altered
fr,syndical,pt,sindical,transparent
fr,syndicaliste,pt,sindicalista,transparent
fr,syndicat,pt,sindicato,altered
fr,synonyme,pt,sinônimo,transparent
fr,synopsis,pt,sinopse,transparent
fr,syntaxe,pt,sintaxe,transparent
fr,synthèse,pt,síntese,transparent
fr,synthétique,pt,sintético,altered
fr,syrien,pt,sírio,altered
fr,system,pt,sistema,transparent
fr,systeme,pt,sistema,transparent
fr,système,pt,sistema,transparent
fr,systématique,pt,sistemático,transparent
fr,systématiquement,pt,sistematicamente,altered
fr,séance,pt,sessão,altered
fr,sécher,pt,secar,altered
fr,séduction,pt,sedução,transparent
fr,séduire,pt,seduzir,transparent
fr,séduisant,pt,sedutor,altered
fr,ségrégation,pt,segregação,transparent
fr,séisme,pt,sismo,altered
fr,sélectif,pt,seletivo,altered
fr,sélection,pt,seleção,altered
fr,sélectionner,pt,selecionar,transparent
fr,sémantique,pt,semântico,transparent
fr,séminaire,pt,seminário,transparent
fr,sénat,pt,senado,altered
fr,sénateur,pt,senador,altered
fr,sénatrice,pt,senador,altered
fr,sénégalais,pt,senegalês,transparent
fr,séparation,pt,separação,transparent
fr,séparatiste,pt,separatista,transparent
fr,séparer,pt,separar,transparent
fr,séparément,pt,separadamente,transparent
fr,sépulture,pt,sepultura,transparent
fr,séquelle,pt,sequela,transparent
fr,séquence,pt,sequência,transparent
fr,série,pt,série,transparent
fr,sérieusement,pt,seriamente,transparent
fr,sérieux,pt,sério,altered
fr,sérénité,pt,serenidade,transparent
fr,sévère,pt,severo,transparent
fr,sévèrement,pt,severamente,transparent
fr,sûr,pt,seguro,altered
fr,sûrement,pt,seguramente,altered
fr,tabac,pt,tabaco,transparent
fr,table,pt,tabela,altered
fr,tabou,pt,tabu,transparent
fr,tacher,pt,tachar,transparent
fr,tactique,pt,tática,transparent
fr,talent,pt,talento,transparent
fr,talentueux,pt,talentoso,transparent
fr,tambour,pt,tambor,transparent
fr,tampon,pt,tampão,transparent
fr,tango,pt,tango,transparent
fr,tanque,pt,tanque,transparent
fr,tant,pt,tanto,altered
fr,tanzanie,pt,tanzânia,altered
fr,tara,pt,tara,transparent
fr,tard,pt,tarde,altered
fr,tarder,pt,tardar,transparent
fr,tardif,pt,tardio,transparent
fr,tarer,pt,tarar,transparent
fr,tarif,pt,tarifa,transparent
fr,tasse,pt,taça,altered
fr,tatouage,pt,tatuagem,altered
fr,taxe,pt,taxa,altered
fr,taxer,pt,taxar,transparent
fr,taxi,pt,táxi,transparent
fr,taïwan,pt,taiwan,transparent
fr,technicien,pt,técnico,altered
fr,technique,pt,técnico,transparent
fr,techniquement,pt,tecnicamente,transparent
fr,technologie,pt,tecnologia,transparent
fr,technologique,pt,tecnológico,altered
fr,tel,pt,tal,altered
fr,telephone,pt,telefone,transparent
fr,temple,pt,templo,transparent
fr,temporaire,pt,temporário,altered
fr,temporel,pt,temporal,transparent
fr,temps,pt,tempo,altered
fr,tempérament,pt,temperamento,transparent
fr,température,pt,temperatura,altered
fr,tempête,pt,tempestade,altered
fr,tendance,pt,tendência,transparent
fr,tendre,pt,tender,altered
fr,tendresse,pt,ternura,altered
fr,tenir,pt,ter,altered
fr,tennis,pt,tênis,transparent
fr,tension,pt,tensão,transparent
fr,tentant,pt,tentador,altered
fr,tentation,pt,tentação,transparent
fr,tentative,pt,tentativo,transparent
fr,tente,pt,tenta,altered
fr,tenter,pt,tentar,transparent
fr,terminal,pt,terminal,transparent
fr,terminale,pt,terminal,transparent
fr,terminer,pt,terminar,transparent
fr,terminologie,pt,terminologia,transparent
fr,terrain,pt,terreno,transparent
fr,terre,pt,terra,transparent
fr,terrestre,pt,terrestre,transparent
fr,terreur,pt,terror,transparent
fr,terrible,pt,terrível,transparent
fr,terriblement,pt,terrivelmente,transparent
fr,territoire,pt,território,transparent
fr,territorial,pt,territorial,transparent
fr,terrorisme,pt,terrorismo,transparent
fr,terroriste,pt,terrorista,transparent
fr,test,pt,teste,altered
fr,testament,pt,testamento,transparent
fr,tester,pt,testar,transparent
fr,testicule,pt,testículo,transparent
fr,texas,pt,texas,transparent
fr,texte,pt,texto,transparent
fr,textile,pt,têxtil,transparent
fr,texto,pt,texto,transparent
fr,texture,pt,textura,transparent
fr,thermique,pt,térmico,transparent
fr,thorax,pt,tórax,transparent
fr,thriller,pt,thriller,transparent
fr,thèse,pt,tese,transparent
fr,thématique,pt,temático,altered
fr,théologie,pt,teologia,transparent
fr,théologique,pt,teológico,transparent
fr,théorie,pt,teoria,altered
fr,théorique,pt,teórico,transparent
fr,théoriquement,pt,teoricamente,transparent
fr,théorème,pt,teorema,altered
fr,thérapeutique,pt,terapêutico,transparent
fr,thérapie,pt,terapia,transparent
fr,théâtral,pt,teatral,transparent
fr,théâtre,pt,teatro,altered
fr,ticket,pt,ticket,transparent
fr,tien,pt,teu,altered
fr,tiers,pt,terço,altered
fr,tigre,pt,tigre,transparent
fr,timbre,pt,timbre,transparent
fr,timide,pt,tímido,transparent
fr,timing,pt,timing,transparent
fr,tir,pt,tiro,transparent
fr,tirage,pt,tiragem,altered
fr,tire,pt,tira,transparent
fr,tirer,pt,tirar,transparent
fr,tiré,pt,tirar,transparent
fr,tirée,pt,tirar,altered
fr,tisser,pt,tecer,altered
fr,titan,pt,titã,transparent
fr,titre,pt,título,altered
fr,titulaire,pt,titular,transparent
fr,tolérance,pt,tolerância,altered
fr,tolérer,pt,tolerar,transparent
fr,tomate,pt,tomate,transparent
fr,tombe,pt,tumba,transparent
fr,tombeau,pt,tumba,altered
fr,tomber,pt,tombar,altered
fr,tome,pt,tomo,transparent
fr,ton,pt,tom,altered
fr,tonalité,pt,tonalidade,transparent
fr,tonique,pt,tônico,transparent
fr,topique,pt,tópico,transparent
fr,toquer,pt,toque,transparent
fr,torche,pt,tocha,altered
fr,tordre,pt,torcer,altered
fr,torres,pt,torre,transparent
fr,tortue,pt,tartaruga,altered
fr,torturer,pt,torturar,transparent
fr,toscan,pt,toscano,transparent
fr,total,pt,total,transparent
fr,totale,pt,total,transparent
fr,totalement,pt,totalmente,transparent
fr,totalité,pt,totalidade,transparent
fr,touchant,pt,tocante,altered
fr,toucher,pt,tocar,altered
fr,touchée,pt,tocar,transparent
fr,tour,pt,turno,altered
fr,tourisme,pt,turismo,transparent
fr,touriste,pt,turista,altered
fr,touristique,pt,turístico,transparent
fr,tourmente,pt,tormenta,altered
fr,tourne,pt,torna,altered
fr,tourner,pt,tornar,altered
fr,tournoi,pt,torneio,altered
fr,tousser,pt,tossir,altered
fr,tout,pt,todo,altered
fr,toux,pt,tossir,altered
fr,toxicité,pt,toxicidade,transparent
fr,toxique,pt,tóxico,transparent
fr,trace,pt,traço,altered
fr,tracer,pt,traçar,transparent
fr,tracteur,pt,trator,altered
fr,traction,pt,tração,transparent
fr,tracé,pt,traçar,transparent
fr,tradition,pt,tradição,transparent
fr,traditionnel,pt,tradicional,transparent
fr,traditionnellement,pt,tradicionalmente,transparent
fr,traducteur,pt,tradutor,altered
fr,traduction,pt,tradução,transparent
fr,traduire,pt,traduzir,altered
fr,trafic,pt,tráfego,altered
fr,tragique,pt,trágico,transparent
fr,tragédie,pt,tragédia,altered
fr,trahir,pt,trair,transparent
fr,trahison,pt,traição,altered
fr,traitement,pt,tratamento,altered
fr,traiter,pt,tratar,transparent
fr,traité,pt,tratar,altered
fr,trajectoire,pt,trajetória,transparent
fr,trajet,pt,trajeto,transparent
fr,trame,pt,trama,transparent
fr,tranchée,pt,trincheira,altered
fr,tranquille,pt,tranquilo,transparent
fr,tranquillement,pt,tranquilamente,transparent
fr,tranquillité,pt,tranquilidade,transparent
fr,transaction,pt,transação,transparent
fr,transcription,pt,transcrição,transparent
fr,transfert,pt,transferência,transparent
fr,transformation,pt,transformação,transparent
fr,transformer,pt,transformar,transparent
fr,transformé,pt,transformar,transparent
fr,transformée,pt,transformar,transparent
fr,transférer,pt,transferir,altered
fr,transit,pt,trânsito,transparent
fr,transition,pt,transição,transparent
fr,transmettre,pt,transmitir,altered
fr,transmission,pt,transmissão,transparent
fr,transparence,pt,transparência,altered
fr,transparent,pt,transparente,transparent
fr,transport,pt,transporte,altered
fr,transporter,pt,transportar,transparent
fr,transporteur,pt,transportador,altered
fr,transversale,pt,transversal,altered
fr,trappe,pt,trampa,altered
fr,trauma,pt,trauma,transparent
fr,traumatique,pt,traumático,transparent
fr,traumatisme,pt,traumatismo,transparent
fr,travail,pt,trabalho,altered
fr,travailler,pt,trabalhar,transparent
fr,travailleur,pt,trabalhador,altered
fr,traverser,pt,atravessar,altered
fr,traître,pt,traidor,altered
fr,trembler,pt,tremer,altered
fr,tremplin,pt,trampolim,transparent
fr,triangle,pt,triângulo,transparent
fr,triangulaire,pt,triangular,altered
fr,tribu,pt,tribo,altered
fr,tribunal,pt,tribunal,transparent
fr,tribune,pt,tribuna,transparent
fr,tribut,pt,tributo,transparent
fr,tricolore,pt,tricolor,transparent
fr,trilogie,pt,trilogia,transparent
fr,trimestre,pt,trimestre,transparent
fr,trinité,pt,trindade,altered
fr,trio,pt,trio,transparent
fr,triomphe,pt,triunfo,altered
fr,tripe,pt,tripa,transparent
fr,triple,pt,triplo,transparent
fr,triplé,pt,triplo,altered
fr,triste,pt,triste,transparent
fr,tristesse,pt,tristeza,altered
fr,trois,pt,três,altered
fr,troll,pt,troll,transparent
fr,trompe,pt,trompa,altered
fr,trompette,pt,trombeta,altered
fr,tronc,pt,tronco,transparent
fr,trophée,pt,troféu,altered
fr,tropical,pt,tropical,transparent
fr,troubler,pt,turbar,transparent
fr,troupe,pt,tropa,altered
fr,truc,pt,truque,transparent
fr,trésor,pt,tesouro,altered
fr,trésorier,pt,tesoureiro,altered
fr,trêve,pt,trégua,altered
fr,trône,pt,trono,transparent
fr,tsar,pt,czar,altered
fr,tsunami,pt,tsunami,transparent
fr,tu,pt,tu,transparent
fr,tube,pt,tubo,altered
fr,tuberculose,pt,tuberculose,transparent
fr,tumeur,pt,tumor,transparent
fr,tumulus,pt,túmulo,altered
fr,tunique,pt,túnica,transparent
fr,tunnel,pt,túnel,transparent
fr,turc,pt,turco,altered
fr,turquie,pt,turquia,transparent
fr,tuteur,pt,tutor,transparent
fr,twitter,pt,twitter,transparent
fr,type,pt,tipo,transparent
fr,typique,pt,típico,transparent
fr,typiquement,pt,tipicamente,transparent
fr,tyran,pt,tirano,altered
fr,tyrannie,pt,tirania,altered
fr,télescope,pt,telescópio,transparent
fr,télé,pt,tele,transparent
fr,télécommunications,pt,telecomunicação,transparent
fr,télégramme,pt,telegrama,transparent
fr,téléphoner,pt,telefone,transparent
fr,téléphonie,pt,telefonia,transparent
fr,téléphonique,pt,telefónico,transparent
fr,téléspectateur,pt,telespectador,transparent
fr,télévision,pt,televisão,transparent
fr,télévisé,pt,televisivo,altered
fr,témoigner,pt,testemunhar,altered
fr,témoin,pt,testemunha,altered
fr,ukraine,pt,ucrânia,transparent
fr,ukrainien,pt,ucraniano,transparent
fr,ultime,pt,último,altered
fr,ultra,pt,ultra,transparent
fr,un,pt,um,altered
fr,unanime,pt,unânime,transparent
fr,unanimité,pt,unanimidade,transparent
fr,uni,pt,unido,transparent
fr,unification,pt,unificação,transparent
fr,uniforme,pt,uniforme,transparent
fr,union,pt,união,transparent
fr,unique,pt,único,transparent
fr,uniquement,pt,unicamente,transparent
fr,unir,pt,unir,transparent
fr,unitaire,pt,unitário,transparent
fr,unité,pt,unidade,transparent
fr,univers,pt,universo,altered
fr,universal,pt,universal,transparent
fr,universel,pt,universal,transparent
fr,universelle,pt,universal,transparent
fr,universitaire,pt,universitário,transparent
fr,université,pt,universidade,transparent
fr,uranium,pt,urânio,transparent
fr,urbain,pt,urbano,transparent
fr,urban,pt,urbano,transparent
fr,urbanisation,pt,urbanização,transparent
fr,urbanisme,pt,urbanismo,transparent
fr,urgence,pt,urgência,transparent
fr,urgent,pt,urgente,transparent
fr,urine,pt,urina,transparent
fr,urne,pt,urna,transparent
fr,usage,pt,uso,altered
fr,usager,pt,usuário,altered
fr,user,pt,usar,altered
fr,usine,pt,usina,transparent
fr,utile,pt,útil,transparent
fr,utilisateur,pt,utilizador,transparent
fr,utilisation,pt,utilização,transparent
fr,utiliser,pt,utilizar,transparent
fr,utilitaire,pt,utilitário,transparent
fr,utilité,pt,utilidade,transparent
fr,utopie,pt,utopia,transparent
fr,utérus,pt,útero,transparent
fr,vaccin,pt,vacina,transparent
fr,vaccination,pt,vacinação,transparent
fr,vagin,pt,vagina,altered
fr,vague,pt,vago,altered
fr,vaillant,pt,valente,altered
fr,vain,pt,vão,transparent
fr,vaincre,pt,vencer,altered
fr,vainqueur,pt,vencedor,altered
fr,val,pt,vale,altered
fr,valence,pt,valência,transparent
fr,valeur,pt,valor,altered
fr,validation,pt,validação,transparent
fr,valide,pt,válido,transparent
fr,valider,pt,validar,transparent
fr,validité,pt,validade,transparent
fr,vallée,pt,vale,transparent
fr,valoir,pt,valer,altered
fr,valorisation,pt,valorização,transparent
fr,valoriser,pt,valorizar,transparent
fr,valse,pt,valsa,transparent
fr,valve,pt,válvula,altered
fr,vampire,pt,vampiro,transparent
fr,vandalisme,pt,vandalismo,transparent
fr,vapeur,pt,vapor,transparent
fr,variable,pt,variável,transparent
fr,variant,pt,variante,transparent
fr,variation,pt,variação,transparent
fr,varier,pt,vária,transparent
fr,variété,pt,variedade,transparent
fr,vasculaire,pt,vascular,transparent
fr,vaste,pt,vasto,transparent
fr,vatican,pt,vaticano,transparent
fr,vecteur,pt,vetor,altered
fr,veine,pt,veia,altered
fr,velours,pt,veludo,altered
fr,vendeur,pt,vendedor,transparent
fr,vendre,pt,vendar,transparent
fr,venezuela,pt,venezuela,transparent
fr,vengeance,pt,vingança,altered
fr,venger,pt,vingar,altered
fr,venir,pt,vir,altered
fr,venise,pt,veneza,altered
fr,vent,pt,vento,altered
fr,vente,pt,vender,transparent
fr,ventilateur,pt,ventilador,transparent
fr,ventilation,pt,ventilação,transparent
fr,ventre,pt,ventre,transparent
fr,ver,pt,ver,transparent
fr,verbal,pt,verbal,transparent
fr,verbe,pt,verbo,transparent
fr,verdict,pt,veredicto,transparent
fr,verdure,pt,verdura,transparent
fr,vernis,pt,verniz,transparent
fr,versant,pt,vertente,altered
fr,verse,pt,verso,altered
fr,verset,pt,versículo,altered
fr,version,pt,versão,transparent
fr,verso,pt,verso,transparent
fr,versus,pt,versus,transparent
fr,vertical,pt,vertical,transparent
fr,verticale,pt,vertical,transparent
fr,vertige,pt,vertigem,altered
fr,vertu,pt,virtude,transparent
fr,vertueux,pt,virtuoso,altered
fr,vertébral,pt,vertebral,transparent
fr,veste,pt,vestir,transparent
fr,vestiaire,pt,vestiário,transparent
fr,vestige,pt,vestígio,transparent
fr,veto,pt,veto,transparent
fr,veuve,pt,viúvo,altered
fr,via,pt,via,transparent
fr,viable,pt,viável,transparent
fr,vibe,pt,vibe,transparent
fr,vibration,pt,vibração,transparent
fr,vibrer,pt,vibrar,transparent
fr,vicaire,pt,vigário,altered
fr,vice,pt,vice,transparent
fr,vicier,pt,viciado,transparent
fr,vicomte,pt,visconde,altered
fr,victime,pt,vítima,transparent
fr,victoire,pt,vitória,altered
fr,victorieux,pt,vitorioso,transparent
fr,video,pt,vídeo,transparent
fr,videos,pt,vídeo,transparent
fr,vidéo,pt,vídeo,transparent
fr,vie,pt,vida,altered
fr,vieillir,pt,envelhecer,transparent
fr,vierge,pt,virgem,altered
fr,vietnam,pt,vietnã,transparent
fr,vif,pt,vivo,altered
fr,vigilance,pt,vigilância,altered
fr,vigilant,pt,vigilante,transparent
fr,vignette,pt,vinheta,altered
fr,vignoble,pt,vinhedo,altered
fr,vigueur,pt,vigor,altered
fr,viking,pt,viking,transparent
fr,vilain,pt,vilão,altered
fr,villa,pt,vila,transparent
fr,ville,pt,vila,altered
fr,vin,pt,vinho,altered
fr,vinaigre,pt,vinagre,transparent
fr,vingt,pt,vinte,altered
fr,vingtième,pt,vigésimo,altered
fr,vinyle,pt,vinil,altered
fr,violation,pt,violação,transparent
fr,violemment,pt,violentamente,transparent
fr,violence,pt,violência,transparent
fr,violent,pt,violento,transparent
fr,violenter,pt,violentar,transparent
fr,violer,pt,violar,transparent
fr,violet,pt,violeta,altered
fr,violette,pt,violeta,altered
fr,violon,pt,violão,altered
fr,virage,pt,viragem,transparent
fr,viral,pt,viral,transparent
fr,virer,pt,virar,transparent
fr,virginité,pt,virgindade,transparent
fr,virgule,pt,vírgula,altered
fr,virtuel,pt,virtual,transparent
fr,virus,pt,vírus,transparent
fr,virée,pt,virar,altered
fr,visa,pt,visto,altered
fr,viseur,pt,visor,altered
fr,visibilité,pt,visibilidade,altered
fr,visible,pt,visível,transparent
fr,visiblement,pt,visivelmente,transparent
fr,vision,pt,visão,altered
fr,visiter,pt,visitar,transparent
fr,vista,pt,visto,transparent
fr,visualisation,pt,visualização,transparent
fr,visualiser,pt,visualizar,transparent
fr,visuel,pt,visual,transparent
fr,visé,pt,visar,altered
fr,vita,pt,vida,altered
fr,vital,pt,vital,transparent
fr,vitalité,pt,vitalidade,transparent
fr,vitamine,pt,vitamina,transparent
fr,vivre,pt,viver,transparent
fr,vlog,pt,vlog,transparent
fr,vlogs,pt,vlogs,transparent
fr,vocabulaire,pt,vocabulário,altered
fr,vocation,pt,vocação,transparent
fr,vodka,pt,vodka,transparent
fr,voeu,pt,voto,altered
fr,vogue,pt,voga,transparent
fr,voie,pt,via,altered
fr,voile,pt,véu,transparent
fr,voir,pt,ver,altered
fr,voisin,pt,vizinho,altered
fr,voisinage,pt,vizinhança,altered
fr,voiture,pt,viatura,altered
fr,voix,pt,voz,altered
fr,vol,pt,voo,altered
fr,volant,pt,volante,transparent
fr,volcan,pt,vulcão,altered
fr,voler,pt,voar,altered
fr,volet,pt,volante,altered
fr,volontaire,pt,voluntário,transparent
fr,volontairement,pt,voluntariamente,altered
fr,volonté,pt,vontade,altered
fr,volte,pt,volta,altered
fr,volume,pt,volume,transparent
fr,volée,pt,voo,altered
fr,vomir,pt,vomitar,transparent
fr,votant,pt,votante,transparent
fr,votation,pt,votação,transparent
fr,vote,pt,voto,transparent
fr,voter,pt,votar,transparent
fr,voyage,pt,viagem,transparent
fr,voyager,pt,viajar,altered
fr,voyageur,pt,viajante,transparent
fr,voyant,pt,vidente,altered
fr,voyou,pt,vadio,altered
fr,vulgaire,pt,vulgar,transparent
fr,vulnérabilité,pt,vulnerabilidade,transparent
fr,vulnérable,pt,vulnerável,transparent
fr,végétal,pt,vegetal,transparent
fr,végétarien,pt,vegetariano,transparent
fr,végétation,pt,vegetação,transparent
fr,véhicule,pt,veículo,transparent
fr,véhiculer,pt,veicular,transparent
fr,vélocité,pt,velocidade,altered
fr,vénus,pt,vênus,transparent
fr,vénérable,pt,venerável,transparent
fr,vérification,pt,verificação,transparent
fr,vérifier,pt,verificar,transparent
fr,véritablement,pt,verdadeiramente,altered
fr,vérité,pt,verdade,altered
fr,vétéran,pt,veterano,transparent
fr,vétérinaire,pt,veterinário,transparent
fr,vêtir,pt,vestir,altered
fr,vœu,pt,voto,altered
fr,wagon,pt,vagão,transparent
fr,watt,pt,watt,transparent
fr,website,pt,website,transparent
fr,western,pt,western,transparent
fr,whisky,pt,whisky,transparent
fr,wikipédia,pt,wikipédia,transparent
fr,winter,pt,inverno,altered
fr,word,pt,word,transparent
fr,yacht,pt,iate,altered
fr,yen,pt,iene,altered
fr,yoga,pt,ioga,altered
fr,yougoslavie,pt,iugoslávia,transparent
fr,youtube,pt,youtube,transparent
fr,zen,pt,zen,transparent
fr,zero,pt,zero,transparent
fr,zinc,pt,zinco,transparent
fr,zombie,pt,zumbi,transparent
fr,zone,pt,zona,transparent
fr,zoom,pt,zoom,transparent
fr,zèle,pt,zelo,altered
fr,zéro,pt,zero,transparent
fr,âge,pt,idade,altered
fr,çà,pt,cá,altered
fr,ébullition,pt,ebulição,transparent
fr,échappement,pt,escapamento,altered
fr,échapper,pt,escapar,altered
fr,échappé,pt,escapar,altered
fr,échec,pt,xeque,altered
fr,échelle,pt,escalar,altered
fr,écho,pt,eco,transparent
fr,éclaircir,pt,esclarecer,altered
fr,éclairer,pt,esclarecer,altered
fr,éclater,pt,estalar,altered
fr,éclipse,pt,eclipse,transparent
fr,éco,pt,eco,transparent
fr,école,pt,escola,altered
fr,écolier,pt,escolar,altered
fr,écologie,pt,ecologia,transparent
fr,écologique,pt,ecológico,altered
fr,écologiste,pt,ecologista,transparent
fr,économie,pt,economia,transparent
fr,économique,pt,econômico,altered
fr,économiquement,pt,economicamente,transparent
fr,économiser,pt,economizar,altered
fr,économiste,pt,economista,transparent
fr,écossais,pt,escocês,transparent
fr,écosystème,pt,ecossistema,transparent
fr,écoulement,pt,escoamento,altered
fr,écoute,pt,escutar,altered
fr,écouter,pt,escutar,altered
fr,écrire,pt,escrever,altered
fr,écrit,pt,escrito,altered
fr,écriture,pt,escriturar,transparent
fr,écumer,pt,espumar,altered
fr,édifice,pt,edifício,altered
fr,éditer,pt,editar,altered
fr,éditeur,pt,editor,altered
fr,édition,pt,edição,transparent
fr,éditorial,pt,editorial,transparent
fr,éducatif,pt,educacional,altered
fr,éducation,pt,educação,transparent
fr,éduquer,pt,educar,transparent
fr,égal,pt,igual,altered
fr,également,pt,igualmente,altered
fr,égaler,pt,igualar,transparent
fr,égalité,pt,igualdade,altered
fr,égout,pt,esgoto,altered
fr,égoïsme,pt,egoísmo,transparent
fr,égoïste,pt,egoísta,transparent
fr,égypte,pt,egito,altered
fr,égyptien,pt,egípcio,altered
fr,égyptienne,pt,egípcio,transparent
fr,élaboration,pt,elaboração,transparent
fr,élaborer,pt,elaborar,transparent
fr,élaboré,pt,elaborar,transparent
fr,élargir,pt,alargar,altered
fr,élastique,pt,elástico,transparent
fr,électeur,pt,eleitor,altered
fr,élection,pt,eleição,altered
fr,électoral,pt,eleitoral,transparent
fr,électorat,pt,eleitorado,transparent
fr,électricité,pt,eletricidade,transparent
fr,électrique,pt,elétrico,transparent
fr,électro,pt,eletro,transparent
fr,électronique,pt,eletrônico,altered
fr,élever,pt,elevar,transparent
fr,élevé,pt,elevar,transparent
fr,éligible,pt,elegível,transparent
fr,élimination,pt,eliminação,transparent
fr,éliminatoire,pt,eliminatório,transparent
fr,éliminer,pt,eliminar,transparent
fr,éliminé,pt,eliminar,transparent
fr,élire,pt,eleger,altered
fr,élite,pt,elite,transparent
fr,éloge,pt,elogiar,altered
fr,élysée,pt,eliseu,altered
fr,élégance,pt,elegância,transparent
fr,élément,pt,elemento,transparent
fr,élémentaire,pt,elementar,altered
fr,éléphant,pt,elefante,transparent
fr,élévation,pt,elevação,transparent
fr,émancipation,pt,emancipação,transparent
fr,émaner,pt,emanar,transparent
fr,émergence,pt,emergência,altered
fr,émergent,pt,emergente,transparent
fr,émerger,pt,emergir,altered
fr,émerveiller,pt,maravilhar,altered
fr,émettre,pt,emitir,altered
fr,émigration,pt,emigração,transparent
fr,émissaire,pt,emissário,transparent
fr,émission,pt,emissão,transparent
fr,émotion,pt,emoção,transparent
fr,émotionnel,pt,emocional,transparent
fr,émouvant,pt,emocionante,altered
fr,émouvoir,pt,emocionar,altered
fr,énergie,pt,energia,transparent
fr,énergique,pt,enérgico,transparent
fr,énergétique,pt,energético,altered
fr,énoncé,pt,enunciar,transparent
fr,énorme,pt,enorme,transparent
fr,éolien,pt,eólico,transparent
fr,éolienne,pt,eólico,altered
fr,épais,pt,espesso,altered
fr,épaisseur,pt,espessura,altered
fr,épicerie,pt,especiaria,altered
fr,épine,pt,espinhar,altered
fr,épique,pt,épico,altered
fr,épisode,pt,episódio,transparent
fr,époque,pt,época,transparent
fr,épouser,pt,esposar,altered
fr,époux,pt,esposo,altered
fr,éprouver,pt,provar,transparent
fr,éprouvé,pt,provar,altered
fr,épuisement,pt,esgotamento,altered
fr,équateur,pt,equador,altered
fr,équation,pt,equação,transparent
fr,équilibre,pt,equilíbrio,altered
fr,équilibrer,pt,equilibrar,transparent
fr,équilibré,pt,equilibrar,transparent
fr,équipement,pt,equipamento,transparent
fr,équiper,pt,equipar,transparent
fr,équipé,pt,equipar,transparent
fr,équité,pt,equidade,transparent
fr,équivalence,pt,equivalência,transparent
fr,équivalent,pt,equivalente,transparent
fr,équivaloir,pt,equivaler,transparent
fr,équivoque,pt,equívoco,transparent
fr,éradiquer,pt,erradicar,transparent
fr,érection,pt,ereção,transparent
fr,ériger,pt,erigir,transparent
fr,érosion,pt,erosão,transparent
fr,érotique,pt,erótico,transparent
fr,éruption,pt,erupção,transparent
fr,établi,pt,estabelecido,altered
fr,établir,pt,estabelecer,altered
fr,établissement,pt,estabelecimento,transparent
fr,étape,pt,etapa,transparent
fr,étatique,pt,estatal,altered
fr,éteindre,pt,extinguir,transparent
fr,éteint,pt,extinto,altered
fr,étendre,pt,estender,altered
fr,étendu,pt,extenso,altered
fr,étendue,pt,estendido,altered
fr,éternel,pt,eterno,transparent
fr,éternellement,pt,eternamente,altered
fr,éternité,pt,eternidade,transparent
fr,éthique,pt,ético,altered
fr,étiquette,pt,etiquetar,transparent
fr,étrange,pt,estranho,altered
fr,étranger,pt,estrangeiro,altered
fr,étroit,pt,estreito,altered
fr,étroite,pt,estreito,altered
fr,étude,pt,estudo,transparent
fr,étudiant,pt,estudante,transparent
fr,étudier,pt,estudar,transparent
fr,étudié,pt,estudar,transparent
fr,évacuation,pt,evacuação,transparent
fr,évacuer,pt,evacuar,transparent
fr,évacué,pt,evacuar,transparent
fr,évaluation,pt,avaliação,altered
fr,évaluer,pt,avaliar,altered
fr,évangile,pt,evangelho,altered
fr,évangélique,pt,evangélico,altered
fr,évasion,pt,evasão,transparent
fr,éventualité,pt,eventualidade,transparent
fr,éventuel,pt,eventual,transparent
fr,éventuellement,pt,eventualmente,transparent
fr,évidence,pt,evidência,altered
fr,évident,pt,evidente,transparent
fr,éviter,pt,evitar,transparent
fr,évoluer,pt,evoluir,altered
fr,évolution,pt,evolução,transparent
fr,évolué,pt,evoluir,altered
fr,évoquer,pt,evocar,transparent
fr,événement,pt,evento,altered
fr,îlot,pt,ilhéu,altered
fr,œil,pt,olho,altered
fr,œuvrer,pt,obrar,altered
pt,abacaxi,fr,ananas,altered
pt,abade,fr,abbé,altered
pt,abandonar,fr,abandonner,transparent
pt,abandono,fr,abandon,transparent
pt,abater,fr,abattre,transparent
pt,abatido,fr,abattu,transparent
pt,abdómen,fr,abdomen,transparent
pt,abençoar,fr,bénir,altered
pt,abertamente,fr,ouvertement,altered
pt,aberto,fr,ouvert,altered
pt,abertura,fr,ouverture,altered
pt,abismo,fr,abîme,transparent
pt,abolir,fr,abolir,transparent
pt,abolição,fr,abolition,transparent
pt,abordar,fr,aborder,transparent
pt,abortar,fr,avorter,transparent
pt,aborto,fr,avortement,altered
pt,abreviar,fr,abrégé,transparent
pt,abrigar,fr,abriter,altered
pt,abril,fr,avril,transparent
pt,abrir,fr,ouvrir,altered
pt,absolutamente,fr,absolument,transparent
pt,absoluto,fr,absolu,transparent
pt,absorver,fr,absorber,transparent
pt,absorvido,fr,absorbé,altered
pt,absorção,fr,absorption,transparent
pt,abstenção,fr,abstention,transparent
pt,abstrato,fr,abstrait,transparent
pt,abstração,fr,abstraction,transparent
pt,absurdidade,fr,absurdité,transparent
pt,absurdo,fr,absurde,transparent
pt,abundante,fr,abondant,transparent
pt,abundantemente,fr,abondamment,transparent
pt,abundância,fr,abondance,transparent
pt,abusar,fr,abuser,transparent
pt,abusivo,fr,abusif,transparent
pt,abuso,fr,abus,transparent
pt,acabamento,fr,achèvement,altered
pt,acabar,fr,achever,altered
pt,academiar,fr,académie,transparent
pt,académico,fr,académique,transparent
pt,acadêmico,fr,académique,transparent
pt,acampamento,fr,campement,altered
pt,acariciar,fr,caresser,altered
pt,accionista,fr,actionnaire,altered
pt,aceder,fr,accéder,transparent
pt,aceitar,fr,accepter,transparent
pt,aceitação,fr,acceptation,altered
pt,aceitável,fr,acceptable,transparent
pt,acelerador,fr,accélérateur,transparent
pt,acelerar,fr,accélérer,transparent
pt,aceleração,fr,accélération,transparent
pt,acento,fr,accent,transparent
pt,acentuar,fr,accentuer,transparent
pt,acessar,fr,accéder,altered
pt,acessibilidade,fr,accessibilité,transparent
pt,acesso,fr,accès,transparent
pt,acessível,fr,accessible,altered
pt,acessório,fr,accessoire,transparent
pt,acidental,fr,accidentel,transparent
pt,acidentalmente,fr,accidentellement,transparent
pt,acidente,fr,accident,transparent
pt,acidez,fr,acidité,altered
pt,acolher,fr,accueillir,altered
pt,acompanhar,fr,accompagné,altered
pt,aconselhar,fr,conseiller,altered
pt,acontecimento,fr,avènement,altered
pt,acordar,fr,accordé,altered
pt,acordo,fr,accord,altered
pt,acrescer,fr,accroître,altered
pt,acrescido,fr,accrue,altered
pt,actividade,fr,activité,transparent
pt,acumular,fr,accumuler,altered
pt,acumulação,fr,accumulation,transparent
pt,acusar,fr,accusé,transparent
pt,acusação,fr,accusation,transparent
pt,acção,fr,action,transparent
pt,acústico,fr,acoustique,transparent
pt,adaptar,fr,adapter,transparent
pt,adaptação,fr,adaptation,transparent
pt,adepto,fr,adepte,transparent
pt,adequar,fr,adéquat,altered
pt,aderente,fr,adhérent,altered
pt,aderir,fr,adhérer,transparent
pt,adesão,fr,adhésion,transparent
pt,adeus,fr,adieu,transparent
pt,adicional,fr,additionnel,altered
pt,adivinhar,fr,deviner,altered
pt,adição,fr,addition,transparent
pt,adjetivo,fr,adjectif,transparent
pt,adjunto,fr,adjoint,transparent
pt,administrador,fr,administrateur,transparent
pt,administrar,fr,administré,transparent
pt,administrativo,fr,administratif,transparent
pt,administração,fr,administration,transparent
pt,admirar,fr,admirer,transparent
pt,admiração,fr,admiration,transparent
pt,admirável,fr,admirable,transparent
pt,admissão,fr,admission,transparent
pt,admitir,fr,admettre,transparent
pt,adolescente,fr,adolescent,transparent
pt,adolescência,fr,adolescence,transparent
pt,adorar,fr,adorer,transparent
pt,adoração,fr,adoration,transparent
pt,adormecer,fr,endormir,altered
pt,adormecido,fr,endormi,altered
pt,adorável,fr,adorable,transparent
pt,adotante,fr,adoptant,transparent
pt,adotar,fr,adopté,transparent
pt,adoção,fr,adoption,transparent
pt,adquirir,fr,acquis,altered
pt,adrenalina,fr,adrénaline,transparent
pt,aduana,fr,douane,altered
pt,aduaneiro,fr,douanier,altered
pt,adulto,fr,adulte,altered
pt,adultério,fr,adultère,altered
pt,advento,fr,avènement,altered
pt,adverso,fr,adverse,altered
pt,adversário,fr,adversaire,transparent
pt,advertir,fr,avertir,transparent
pt,advertência,fr,avertissement,altered
pt,advogar,fr,avocat,altered
pt,aeronáutico,fr,aéronautique,transparent
pt,aeroporto,fr,aéroport,altered
pt,afecção,fr,affection,transparent
pt,afetar,fr,affecté,transparent
pt,afetação,fr,affectation,altered
pt,afetivo,fr,affectif,transparent
pt,afiar,fr,affilé,transparent
pt,afiliar,fr,affilié,transparent
pt,afiliação,fr,affiliation,transparent
pt,afinidade,fr,affinité,transparent
pt,afirmar,fr,affirmer,transparent
pt,afirmação,fr,affirmation,transparent
pt,afixar,fr,afficher,altered
pt,afluente,fr,affluent,transparent
pt,afluência,fr,affluence,altered
pt,africano,fr,africain,altered
pt,afro,fr,afro,transparent
pt,afrontar,fr,affronter,transparent
pt,agendar,fr,agenda,transparent
pt,agente,fr,agent,transparent
pt,agir,fr,agir,transparent
pt,agitar,fr,agité,transparent
pt,agitação,fr,agitation,transparent
pt,aglomeração,fr,agglomération,transparent
pt,agoniar,fr,agonie,transparent
pt,agosto,fr,août,altered
pt,agradável,fr,agréable,transparent
pt,agravar,fr,aggraver,transparent
pt,agredir,fr,agressé,transparent
pt,agressividade,fr,agressivité,transparent
pt,agressivo,fr,agressif,transparent
pt,agressor,fr,agresseur,altered
pt,agressão,fr,agression,altered
pt,agricultor,fr,agriculteur,transparent
pt,agricultura,fr,agriculture,transparent
pt,agro,fr,agro,transparent
pt,agroalimentar,fr,agroalimentaire,transparent
pt,agrupamento,fr,groupement,altered
pt,agrícola,fr,agricole,transparent
pt,agudo,fr,aigu,altered
pt,agulhar,fr,aiguille,altered
pt,agência,fr,agence,transparent
pt,ah,fr,ah,transparent
pt,airbus,fr,airbus,transparent
pt,ajudar,fr,aider,altered
pt,ajuntar,fr,ajouter,altered
pt,ajustamento,fr,ajustement,transparent
pt,ajustar,fr,ajuster,transparent
pt,alar,fr,aile,transparent
pt,alargar,fr,élargir,altered
pt,alarmar,fr,alarme,transparent
pt,alasca,fr,alaska,altered
pt,alba,fr,alba,transparent
pt,albanês,fr,albanais,altered
pt,albânia,fr,albanie,transparent
pt,alcoolismo,fr,alcoolisme,transparent
pt,alcoólico,fr,alcoolique,transparent
pt,aleatório,fr,aléatoire,transparent
pt,alegação,fr,allégation,transparent
pt,alegoria,fr,allégorie,transparent
pt,alemanha,fr,allemagne,altered
pt,alemão,fr,allemand,altered
pt,alergia,fr,allergie,transparent
pt,alertar,fr,alerte,transparent
pt,alfabeto,fr,alphabet,transparent
pt,alfabético,fr,alphabétique,transparent
pt,alga,fr,algue,altered
pt,algoritmo,fr,algorithme,transparent
pt,alho,fr,ail,altered
pt,aliançar,fr,alliance,transparent
pt,aliar,fr,allié,transparent
pt,alimentar,fr,alimentaire,transparent
pt,alimentação,fr,alimentation,transparent
pt,alimento,fr,aliment,transparent
pt,alinhamento,fr,alignement,transparent
pt,alinhar,fr,aligner,altered
pt,aliás,fr,alias,transparent
pt,allure,fr,allure,transparent
pt,almirante,fr,amiral,altered
pt,alocação,fr,allocation,transparent
pt,alongamento,fr,allonge,altered
pt,alongar,fr,allongé,altered
pt,alpe,fr,alpe,transparent
pt,alpino,fr,alpin,transparent
pt,alsaciano,fr,alsacien,transparent
pt,altamente,fr,hautement,altered
pt,alterar,fr,alter,altered
pt,alteração,fr,altération,transparent
pt,alternativo,fr,alternative,transparent
pt,alternância,fr,alternance,altered
pt,alteza,fr,altesse,altered
pt,altitude,fr,altitude,transparent
pt,alto,fr,haut,altered
pt,altura,fr,hauteur,altered
pt,alucinante,fr,hallucinant,altered
pt,alugar,fr,louer,altered
pt,alumiar,fr,allumer,altered
pt,alumínio,fr,aluminium,transparent
pt,alusão,fr,allusion,transparent
pt,alérgico,fr,allergique,transparent
pt,alínea,fr,alinéa,transparent
pt,alô,fr,allô,transparent
pt,amador,fr,amateur,transparent
pt,amante,fr,amant,transparent
pt,amar,fr,aimer,altered
pt,amargo,fr,amer,altered
pt,amazona,fr,amazon,transparent
pt,amazônia,fr,amazonie,transparent
pt,ambicioso,fr,ambitieux,transparent
pt,ambientar,fr,ambiance,altered
pt,ambiente,fr,ambiance,transparent
pt,ambiguidade,fr,ambiguïté,transparent
pt,ambição,fr,ambition,transparent
pt,ambulância,fr,ambulance,transparent
pt,ambíguo,fr,ambigu,transparent
pt,ameaçar,fr,menace,altered
pt,ameno,fr,amène,transparent
pt,americano,fr,américain,altered
pt,ameríndio,fr,amérindien,transparent
pt,amianto,fr,amiante,transparent
pt,amigar,fr,amie,transparent
pt,amigo,fr,ami,altered
pt,amizade,fr,amitié,altered
pt,amor,fr,amour,transparent
pt,amoroso,fr,amoureux,altered
pt,amplamente,fr,amplement,altered
pt,amplitude,fr,amplitude,transparent
pt,amplo,fr,ample,transparent
pt,ampola,fr,ampoule,transparent
pt,amálgama,fr,amalgame,transparent
pt,amável,fr,aimable,transparent
pt,amém,fr,amen,transparent
pt,américa,fr,amérique,transparent
pt,américas,fr,amériques,transparent
pt,amêndoa,fr,amande,altered
pt,anal,fr,annales,transparent
pt,analisar,fr,analyser,transparent
pt,analista,fr,analyste,transparent
pt,analogia,fr,analogie,transparent
pt,analítico,fr,analytique,transparent
pt,anarquia,fr,anarchie,transparent
pt,anarquista,fr,anarchiste,transparent
pt,anatomia,fr,anatomie,transparent
pt,anca,fr,hanche,altered
pt,ancoragem,fr,ancrage,altered
pt,anedota,fr,anecdote,altered
pt,anel,fr,anneau,altered
pt,anestesiar,fr,anesthésie,altered
pt,anexação,fr,annexion,altered
pt,anexo,fr,annexe,transparent
pt,anfiteatro,fr,amphithéâtre,altered
pt,anglo,fr,anglo,transparent
pt,anglófono,fr,anglophone,transparent
pt,angola,fr,angola,transparent
pt,angélico,fr,angélique,transparent
pt,angústia,fr,angoisse,altered
pt,animador,fr,animateur,transparent
pt,animal,fr,animal,transparent
pt,animar,fr,animé,altered
pt,animação,fr,animation,transparent
pt,anistiar,fr,amnistie,altered
pt,aniversário,fr,anniversaire,altered
pt,anjo,fr,ange,altered
pt,ano,fr,an,altered
pt,anomalia,fr,anomalie,transparent
pt,anonimato,fr,anonymat,transparent
pt,anormal,fr,anormal,transparent
pt,ansiedade,fr,anxiété,altered
pt,ansioso,fr,anxieux,altered
pt,antecedente,fr,antécédent,transparent
pt,antecipar,fr,anticipé,altered
pt,antecipação,fr,anticipation,transparent
pt,antena,fr,antenne,transparent
pt,anterior,fr,antérieur,transparent
pt,anti,fr,anti,transparent
pt,antibiótico,fr,antibiotique,transparent
pt,anticorpo,fr,anticorps,transparent
pt,antigamente,fr,anciennement,altered
pt,antigo,fr,antique,altered
pt,antiguidade,fr,antiquité,transparent
pt,antilhas,fr,antilles,altered
pt,antissemita,fr,antisémite,transparent
pt,antissemitismo,fr,antisémitisme,transparent
pt,antologia,fr,anthologie,transparent
pt,antropologia,fr,anthropologie,transparent
pt,antártico,fr,antarctique,transparent
pt,anual,fr,annuel,transparent
pt,anualmente,fr,annuellement,transparent
pt,anular,fr,annuler,transparent
pt,anulação,fr,annulation,transparent
pt,anunciador,fr,annonceur,transparent
pt,anunciar,fr,annoncer,altered
pt,anuário,fr,annuaire,altered
pt,análise,fr,analyse,transparent
pt,análogo,fr,analogue,transparent
pt,anão,fr,nain,altered
pt,anódino,fr,anodin,transparent
pt,anônimo,fr,anonyme,altered
pt,anúncio,fr,annonce,transparent
pt,apadrinhamento,fr,parrainage,altered
pt,apaixonante,fr,passionnant,altered
pt,apaixonar,fr,passionner,altered
pt,aparecer,fr,apparaître,altered
pt,aparelho,fr,appareil,altered
pt,aparente,fr,apparent,altered
pt,aparentemente,fr,apparemment,transparent
pt,aparição,fr,apparition,transparent
pt,apartamento,fr,appartement,transparent
pt,aparte,fr,appart,altered
pt,apartheid,fr,apartheid,transparent
pt,aparência,fr,apparence,transparent
pt,apelante,fr,appelant,transparent
pt,apelação,fr,appel,altered
pt,aperceber,fr,apercevoir,altered
pt,apetite,fr,appétit,transparent
pt,aplaudir,fr,applaudir,transparent
pt,aplicar,fr,appliquer,transparent
pt,aplicação,fr,application,transparent
pt,aplicável,fr,applicable,transparent
pt,aplique,fr,applique,transparent
pt,apocalipse,fr,apocalypse,altered
pt,apogeu,fr,apogée,altered
pt,apoiar,fr,appuyer,altered
pt,apoio,fr,appui,altered
pt,apolo,fr,apollo,transparent
pt,apologia,fr,apologie,transparent
pt,apontar,fr,pointer,altered
pt,aportar,fr,apporter,transparent
pt,aporte,fr,apport,transparent
pt,apostólico,fr,apostolique,transparent
pt,apreciar,fr,apprécier,transparent
pt,apreciação,fr,appréciation,transparent
pt,apreciável,fr,appréciable,transparent
pt,apreender,fr,appréhender,transparent
pt,aprendente,fr,apprenant,transparent
pt,aprender,fr,apprendre,transparent
pt,aprendiz,fr,apprenti,altered
pt,aprendizagem,fr,apprentissage,altered
pt,apresentador,fr,présentateur,altered
pt,apresentar,fr,présenter,altered
pt,apresentação,fr,présentation,transparent
pt,aprofundar,fr,approfondir,transparent
pt,apropriar,fr,approprié,transparent
pt,apropriação,fr,appropriation,transparent
pt,aprovar,fr,approuvé,altered
pt,aprovação,fr,approbation,transparent
pt,aproveitar,fr,profiter,altered
pt,aproximadamente,fr,approximativement,transparent
pt,aptidão,fr,aptitude,transparent
pt,apto,fr,apte,transparent
pt,após,fr,après,altered
pt,apóstolo,fr,apôtre,altered
pt,aquarela,fr,aquarelle,transparent
pt,aquisição,fr,acquisition,transparent
pt,aquário,fr,aquarium,transparent
pt,aquático,fr,aquatique,transparent
pt,ar,fr,air,altered
pt,aranha,fr,araignée,altered
pt,arbitragem,fr,arbitrage,transparent
pt,arbitrário,fr,arbitraire,transparent
pt,arcaico,fr,archaïque,transparent
pt,arco,fr,arc,transparent
pt,ardente,fr,ardent,transparent
pt,ardor,fr,ardeur,transparent
pt,are,fr,are,transparent
pt,areia,fr,arena,altered
pt,arena,fr,arène,transparent
pt,aresta,fr,arête,transparent
pt,argelino,fr,algérien,altered
pt,argentino,fr,argentin,transparent
pt,argila,fr,argile,transparent
pt,argumentação,fr,argumentation,transparent
pt,argumento,fr,argument,transparent
pt,aristocracia,fr,aristocratie,altered
pt,armadura,fr,armure,transparent
pt,armamento,fr,armement,transparent
pt,armar,fr,armée,altered
pt,armistício,fr,armistice,transparent
pt,armário,fr,armoire,transparent
pt,aromar,fr,arôme,transparent
pt,arqueologia,fr,archéologie,transparent
pt,arqueológico,fr,archéologique,transparent
pt,arqueólogo,fr,archéologue,altered
pt,arquipélago,fr,archipel,altered
pt,arquiteto,fr,architecte,altered
pt,arquitetura,fr,architecture,transparent
pt,arquitetônico,fr,architectural,altered
pt,arrancar,fr,arracher,altered
pt,arranjar,fr,arranger,transparent
pt,arranjo,fr,arrangement,altered
pt,arrasar,fr,raser,altered
pt,arredondamento,fr,arrondissement,altered
pt,arredondar,fr,arrondi,altered
pt,arrefecimento,fr,refroidissement,altered
pt,arrestar,fr,arrêté,transparent
pt,arriscar,fr,risquer,altered
pt,arrogante,fr,arrogant,transparent
pt,arrogância,fr,arrogance,transparent
pt,arruinar,fr,ruiner,altered
pt,arsenal,fr,arsenal,transparent
pt,arte,fr,art,transparent
pt,arterial,fr,artériel,transparent
pt,artesanal,fr,artisanal,transparent
pt,artesanato,fr,artisanat,transparent
pt,artesão,fr,artisan,altered
pt,articulação,fr,articulation,transparent
pt,artificial,fr,artificiel,transparent
pt,artificialmente,fr,artificiellement,transparent
pt,artifício,fr,artifice,transparent
pt,artigo,fr,article,transparent
pt,artilharia,fr,artillerie,altered
pt,artista,fr,artiste,transparent
pt,artéria,fr,artère,transparent
pt,artístico,fr,artistique,transparent
pt,ascendente,fr,ascendant,altered
pt,ascensor,fr,ascenseur,transparent
pt,ascensão,fr,ascension,transparent
pt,asilo,fr,asile,transparent
pt,asiático,fr,asiatique,altered
pt,asma,fr,asthme,altered
pt,asno,fr,âne,altered
pt,aspecto,fr,aspect,transparent
pt,aspirador,fr,aspirateur,transparent
pt,aspirar,fr,aspirer,transparent
pt,aspiração,fr,aspiration,transparent
pt,assassinar,fr,assassiné,transparent
pt,assassinato,fr,assassinat,transparent
pt,assassino,fr,assassin,transparent
pt,assegurar,fr,assurer,transparent
pt,assembleia,fr,assemblée,transparent
pt,assentar,fr,assise,altered
pt,assim,fr,aussi,altered
pt,assimilar,fr,assimilé,transparent
pt,assimilação,fr,assimilation,transparent
pt,assinar,fr,signer,altered
pt,assinatura,fr,signature,altered
pt,assistente,fr,assistant,transparent
pt,assistir,fr,assisté,altered
pt,assistência,fr,assistance,altered
pt,associar,fr,associé,transparent
pt,associativo,fr,associatif,transparent
pt,associação,fr,association,transparent
pt,assumir,fr,assumer,transparent
pt,astrologia,fr,astrologie,transparent
pt,astronauta,fr,astronaute,transparent
pt,astronomia,fr,astronomie,transparent
pt,astronômico,fr,astronomique,transparent
pt,astúcia,fr,astuce,transparent
pt,atacante,fr,attaquant,transparent
pt,atacar,fr,attaquer,altered
pt,ataque,fr,attaque,altered
pt,atelier,fr,atelier,transparent
pt,atencioso,fr,attentif,altered
pt,atentamente,fr,attentivement,transparent
pt,atento,fr,attentif,altered
pt,atenuar,fr,atténuer,transparent
pt,atenção,fr,attention,transparent
pt,aterrar,fr,atterrir,altered
pt,aterrissagem,fr,atterrissage,altered
pt,atestar,fr,attester,transparent
pt,atestação,fr,attestation,transparent
pt,ateu,fr,athée,altered
pt,atingir,fr,atteint,altered
pt,atirar,fr,tirer,altered
pt,atitude,fr,attitude,altered
pt,ativamente,fr,activement,transparent
pt,ativar,fr,activer,altered
pt,ativação,fr,activation,altered
pt,atividade,fr,activité,transparent
pt,ativista,fr,activiste,altered
pt,ativo,fr,actif,altered
pt,atlas,fr,atlas,transparent
pt,atleta,fr,athlète,transparent
pt,atletismo,fr,athlétisme,transparent
pt,atlântico,fr,atlantique,transparent
pt,atmosfera,fr,atmosphère,altered
pt,atmosférico,fr,atmosphérique,altered
pt,ato,fr,acte,transparent
pt,ator,fr,acteur,altered
pt,atraente,fr,attirant,altered
pt,atrair,fr,attirer,altered
pt,atrativo,fr,attractif,altered
pt,atravessar,fr,traverser,altered
pt,atração,fr,attraction,transparent
pt,atribuir,fr,attribué,transparent
pt,atribuição,fr,attribution,transparent
pt,atributo,fr,attribut,transparent
pt,atrocidade,fr,atrocité,transparent
pt,atroz,fr,affreux,altered
pt,atual,fr,actuel,transparent
pt,atualidade,fr,actualité,transparent
pt,atípico,fr,atypique,altered
pt,atômico,fr,atomique,transparent
pt,audiovisual,fr,audiovisuel,transparent
pt,auditor,fr,auditeur,transparent
pt,auditório,fr,auditoire,transparent
pt,audição,fr,audition,transparent
pt,audiência,fr,audience,transparent
pt,audácia,fr,audace,transparent
pt,augur,fr,augure,transparent
pt,augusto,fr,auguste,transparent
pt,aumentar,fr,augmenter,transparent
pt,aumento,fr,augmentation,altered
pt,aura,fr,aura,transparent
pt,aurora,fr,aurore,transparent
pt,ausente,fr,absent,altered
pt,austeridade,fr,austérité,transparent
pt,australiano,fr,australien,altered
pt,austrália,fr,australie,altered
pt,austríaco,fr,autrichien,altered
pt,ausência,fr,absence,transparent
pt,autenticidade,fr,authenticité,transparent
pt,autismo,fr,autisme,transparent
pt,autista,fr,autiste,transparent
pt,auto,fr,auto,transparent
pt,autobiografia,fr,autobiographie,transparent
pt,autoestrada,fr,autoroute,altered
pt,automaticamente,fr,automatiquement,transparent
pt,automatização,fr,automatisation,transparent
pt,automobilista,fr,automobiliste,transparent
pt,automático,fr,automatique,transparent
pt,automóvel,fr,automobile,transparent
pt,autonomia,fr,autonomie,altered
pt,autor,fr,auteur,altered
pt,autoridade,fr,autorité,transparent
pt,autorizar,fr,autorisé,transparent
pt,autorização,fr,autorisation,transparent
pt,autêntico,fr,authentique,transparent
pt,autóctone,fr,autochtone,transparent
pt,autógrafo,fr,autographe,transparent
pt,autónomo,fr,autonome,transparent
pt,autópsia,fr,autopsie,transparent
pt,auxiliar,fr,auxiliaire,transparent
pt,auxílio,fr,auxiliaire,altered
pt,aval,fr,aval,transparent
pt,avalancha,fr,avalanche,transparent
pt,avaliar,fr,évaluer,altered
pt,avaliação,fr,évaluation,altered
pt,avante,fr,avant,transparent
pt,avançar,fr,avancer,transparent
pt,avanço,fr,avance,transparent
pt,avatar,fr,avatar,transparent
pt,ave,fr,ave,transparent
pt,avenida,fr,avenue,transparent
pt,aventurar,fr,aventure,transparent
pt,aventureiro,fr,aventurier,transparent
pt,aviação,fr,aviation,transparent
pt,aviso,fr,avis,transparent
pt,avião,fr,avion,transparent
pt,azul,fr,azur,altered
pt,azur,fr,azur,transparent
pt,aço,fr,acier,altered
pt,ação,fr,action,altered
pt,aéreo,fr,aérien,altered
pt,babar,fr,baba,transparent
pt,bacharelar,fr,baccalauréat,altered
pt,bacia,fr,bac,transparent
pt,bactéria,fr,bactérie,transparent
pt,bagagem,fr,bagage,transparent
pt,baguete,fr,baguette,transparent
pt,baile,fr,bal,transparent
pt,baixar,fr,baisse,altered
pt,baixo,fr,bas,altered
pt,bal,fr,bal,transparent
pt,balancear,fr,balancé,transparent
pt,balançar,fr,balance,transparent
pt,balar,fr,balle,altered
pt,balcão,fr,balcon,transparent
pt,baleia,fr,baleine,altered
pt,balneário,fr,balnéaire,altered
pt,balão,fr,ballon,altered
pt,balé,fr,ballet,transparent
pt,bambu,fr,bambou,transparent
pt,banal,fr,banal,transparent
pt,banana,fr,banane,transparent
pt,banco,fr,banc,transparent
pt,bancário,fr,bancaire,transparent
pt,bandar,fr,bande,altered
pt,bandido,fr,bandit,altered
pt,bando,fr,ban,altered
pt,banheira,fr,baignoire,altered
pt,banho,fr,bain,altered
pt,banqueiro,fr,banquier,transparent
pt,banquete,fr,banquet,altered
pt,bar,fr,bar,transparent
pt,barbar,fr,barbe,transparent
pt,barbeiro,fr,barbier,transparent
pt,barbárie,fr,barbarie,transparent
pt,barca,fr,barque,altered
pt,barco,fr,barque,transparent
pt,barraca,fr,baraque,altered
pt,barrar,fr,barre,transparent
pt,barreirar,fr,barrage,altered
pt,barril,fr,baril,transparent
pt,barroco,fr,baroque,altered
pt,barão,fr,baron,transparent
pt,barômetro,fr,baromètre,transparent
pt,basco,fr,basque,transparent
pt,base,fr,base,transparent
pt,basear,fr,basé,transparent
pt,bastardo,fr,bâtard,transparent
pt,bastião,fr,bastion,altered
pt,bastão,fr,bâton,transparent
pt,basílica,fr,basilique,transparent
pt,batalhar,fr,bataille,altered
pt,batalhão,fr,bataillon,altered
pt,batedor,fr,batteur,altered
pt,batente,fr,battant,altered
pt,bater,fr,battre,altered
pt,bateria,fr,batterie,transparent
pt,batido,fr,battu,transparent
pt,batismo,fr,baptême,altered
pt,batista,fr,baptiste,altered
pt,batizar,fr,baptiser,altered
pt,bazar,fr,bazar,transparent
pt,bebé,fr,bebe,transparent
pt,bebês,fr,bébé,transparent
pt,bege,fr,beige,altered
pt,beisebol,fr,baseball,altered
pt,beleza,fr,beauté,altered
pt,belga,fr,belge,transparent
pt,belo,fr,beau,altered
pt,bem,fr,bien,altered
pt,bemol,fr,bémol,transparent
pt,beneficiar,fr,bénéficier,altered
pt,beneficiário,fr,bénéficiaire,transparent
pt,benefício,fr,bénéfice,transparent
pt,benevolente,fr,bienveillant,altered
pt,benéfico,fr,bénéfique,transparent
pt,berlina,fr,berline,transparent
pt,besta,fr,bête,altered
pt,bestialidade,fr,bêtise,altered
pt,betume,fr,bitume,transparent
pt,betão,fr,béton,transparent
pt,bibliografia,fr,bibliographie,transparent
pt,biblioteca,fr,bibliothèque,transparent
pt,bibliotecário,fr,bibliothécaire,transparent
pt,bicicleta,fr,bicyclette,transparent
pt,bidão,fr,bidon,transparent
pt,bidé,fr,bide,transparent
pt,bijou,fr,bijou,transparent
pt,bilhar,fr,billard,transparent
pt,bilhete,fr,billet,altered
pt,bilíngue,fr,bilingue,transparent
pt,bingo,fr,bingo,transparent
pt,binário,fr,binaire,transparent
pt,bio,fr,bio,transparent
pt,biodiversidade,fr,biodiversité,transparent
pt,biografia,fr,biographie,transparent
pt,biologia,fr,biologie,transparent
pt,biológico,fr,biologique,transparent
pt,biquíni,fr,bikini,transparent
pt,bis,fr,bis,transparent
pt,biscoito,fr,biscuit,transparent
pt,bit,fr,bit,transparent
pt,black,fr,black,transparent
pt,blasfêmia,fr,blasphème,altered
pt,blindar,fr,blindé,altered
pt,bloco,fr,bloc,transparent
pt,blog,fr,blog,transparent
pt,blogar,fr,blogue,transparent
pt,bloquear,fr,bloquer,transparent
pt,bloqueio,fr,blocage,transparent
pt,blues,fr,blues,transparent
pt,blusa,fr,blouse,transparent
pt,bobo,fr,bobo,transparent
pt,bode,fr,bouc,altered
pt,boi,fr,bœuf,altered
pt,boicote,fr,boycott,altered
pt,bol,fr,bol,transparent
pt,bolar,fr,boule,transparent
pt,boletim,fr,bulletin,transparent
pt,bolhar,fr,bouillir,altered
pt,bolso,fr,bourse,altered
pt,bolívia,fr,bolivie,transparent
pt,bom,fr,bon,altered
pt,bombar,fr,bombe,transparent
pt,bombardear,fr,bombardement,transparent
pt,bombom,fr,bonbon,altered
pt,bondade,fr,bonté,altered
pt,boné,fr,bonnet,altered
pt,boom,fr,boom,transparent
pt,booster,fr,booster,transparent
pt,bordel,fr,bordel,transparent
pt,bordo,fr,bord,altered
pt,bordão,fr,bourdon,altered
pt,bot,fr,bot,transparent
pt,botar,fr,botte,transparent
pt,botânico,fr,botanique,transparent
pt,botão,fr,bouton,altered
pt,boutique,fr,boutique,transparent
pt,bovino,fr,bovin,transparent
pt,box,fr,box,transparent
pt,boxe,fr,boxe,transparent
pt,boxeador,fr,boxeur,altered
pt,boy,fr,boy,transparent
pt,boémio,fr,bohème,altered
pt,branco,fr,blanc,altered
pt,branqueamento,fr,blanchiment,altered
pt,brasil,fr,brésil,altered
pt,brasileiro,fr,brésilien,altered
pt,bravo,fr,bravo,transparent
pt,braço,fr,bras,altered
pt,brecha,fr,brèche,transparent
pt,bretão,fr,breton,altered
pt,breve,fr,bref,altered
pt,brevemente,fr,brièvement,transparent
pt,bricolagem,fr,bricolage,transparent
pt,brigar,fr,brigade,transparent
pt,brilhante,fr,brillant,transparent
pt,brilhar,fr,briller,altered
pt,brisar,fr,brise,transparent
pt,britânico,fr,britannique,transparent
pt,broche,fr,broche,transparent
pt,brochura,fr,brochure,transparent
pt,bronze,fr,bronze,transparent
pt,bruma,fr,brume,transparent
pt,bruno,fr,brun,transparent
pt,bruscamente,fr,brusquement,transparent
pt,brusco,fr,brusque,transparent
pt,brutal,fr,brutal,transparent
pt,brutalidade,fr,brutalité,altered
pt,brutalmente,fr,brutalement,transparent
pt,bruto,fr,brut,transparent
pt,budismo,fr,bouddhisme,altered
pt,bufão,fr,bouffon,transparent
pt,bufê,fr,buffet,transparent
pt,bug,fr,bug,transparent
pt,bulgária,fr,bulgarie,transparent
pt,bulir,fr,bouillir,altered
pt,bunker,fr,bunker,transparent
pt,buquê,fr,bouquet,transparent
pt,burel,fr,bourre,altered
pt,burgo,fr,bourg,altered
pt,burguesia,fr,bourgeoisie,transparent
pt,burguês,fr,bourgeois,transparent
pt,burocracia,fr,bureaucratie,transparent
pt,busto,fr,buste,transparent
pt,butte,fr,butte,transparent
pt,bárbaro,fr,barbare,altered
pt,básico,fr,basique,altered
pt,bávaro,fr,bavarois,transparent
pt,bênção,fr,bénédiction,altered
pt,bíblia,fr,bible,altered
pt,bíblico,fr,biblique,transparent
pt,bônus,fr,bonus,transparent
pt,búlgaro,fr,bulgare,altered
pt,cabano,fr,cabane,transparent
pt,cabaret,fr,cabaret,transparent
pt,cabina,fr,cabine,transparent
pt,cabo,fr,cap,altered
pt,caca,fr,caca,transparent
pt,cacau,fr,cacao,transparent
pt,cachet,fr,cachet,transparent
pt,cactus,fr,cactus,transparent
pt,cadeia,fr,chaîne,altered
pt,caderneta,fr,carnet,altered
pt,caderno,fr,cahier,altered
pt,cadete,fr,cadet,transparent
pt,cadáver,fr,cadavre,transparent
pt,cadência,fr,cadence,transparent
pt,café,fr,café,transparent
pt,caiaque,fr,kayak,altered
pt,cair,fr,choir,altered
pt,caixa,fr,caisse,altered
pt,cal,fr,cal,transparent
pt,calar,fr,celer,altered
pt,calcular,fr,calculer,altered
pt,calcário,fr,calcaire,transparent
pt,caldeirar,fr,chaudière,altered
pt,calendário,fr,calendrier,altered
pt,calibre,fr,calibre,transparent
pt,calmar,fr,calme,transparent
pt,calor,fr,chaleur,altered
pt,caloria,fr,calorie,transparent
pt,calvário,fr,calvaire,transparent
pt,camarada,fr,camarade,transparent
pt,camaronês,fr,camerounais,altered
pt,caminho,fr,chemin,altered
pt,camionete,fr,camionnette,altered
pt,camião,fr,camion,transparent
pt,campanha,fr,campagne,transparent
pt,campeonato,fr,championnat,transparent
pt,campeão,fr,champion,altered
pt,campo,fr,champ,altered
pt,campus,fr,campus,transparent
pt,canadense,fr,canadien,transparent
pt,canadá,fr,canada,transparent
pt,canal,fr,canal,transparent
pt,canapé,fr,canapé,transparent
pt,candidato,fr,candidat,transparent
pt,candidatura,fr,candidature,transparent
pt,canhão,fr,canon,transparent
pt,cannabis,fr,cannabis,transparent
pt,cano,fr,canne,transparent
pt,canoa,fr,canot,transparent
pt,cantante,fr,chantant,altered
pt,cantar,fr,chanter,altered
pt,cantina,fr,cantine,transparent
pt,canto,fr,chant,altered
pt,cantor,fr,chanteur,altered
pt,cantão,fr,canton,altered
pt,canção,fr,chanson,altered
pt,canícula,fr,canicule,transparent
pt,caos,fr,chaos,transparent
pt,capacidade,fr,capacité,transparent
pt,capaz,fr,capable,altered
pt,capela,fr,chapelle,altered
pt,capital,fr,capital,transparent
pt,capitalismo,fr,capitalisme,transparent
pt,capitalista,fr,capitaliste,transparent
pt,capitalização,fr,capitalisation,transparent
pt,capitel,fr,chapiteau,altered
pt,capitulação,fr,capitulation,transparent
pt,capitão,fr,capitaine,transparent
pt,capitólio,fr,capitole,transparent
pt,capotar,fr,capote,transparent
pt,capricho,fr,caprice,altered
pt,captar,fr,capter,transparent
pt,capturar,fr,capture,transparent
pt,capuz,fr,capuche,altered
pt,capítulo,fr,chapitre,altered
pt,capô,fr,capot,transparent
pt,caracterizar,fr,caractériser,transparent
pt,característico,fr,caractéristique,transparent
pt,caramelo,fr,caramel,altered
pt,carapaça,fr,carapace,transparent
pt,caratê,fr,karaté,altered
pt,caravana,fr,caravane,transparent
pt,carbono,fr,carbone,transparent
pt,cardeal,fr,cardinal,altered
pt,cardio,fr,cardio,transparent
pt,cardíaco,fr,cardiaque,transparent
pt,carga,fr,charge,altered
pt,cargo,fr,cargo,transparent
pt,caribenho,fr,caraïbe,altered
pt,caricaturar,fr,caricature,transparent
pt,caridade,fr,charité,altered
pt,carisma,fr,charisme,altered
pt,carismático,fr,charismatique,altered
pt,carnaval,fr,carnaval,transparent
pt,carnificina,fr,carnage,altered
pt,caro,fr,cher,altered
pt,carpinteiro,fr,charpentier,altered
pt,carregador,fr,chargeur,transparent
pt,carregamento,fr,chargement,altered
pt,carregar,fr,chargé,altered
pt,carreira,fr,carrière,altered
pt,carro,fr,chariot,altered
pt,carroçaria,fr,carrosserie,altered
pt,cartaz,fr,carte,altered
pt,carteiro,fr,facteur,altered
pt,cartel,fr,cartel,transparent
pt,cartografia,fr,cartographie,transparent
pt,cartucho,fr,cartouche,transparent
pt,carvão,fr,charbon,altered
pt,caráter,fr,caractère,transparent
pt,carência,fr,carence,transparent
pt,cascata,fr,cascade,altered
pt,cash,fr,cash,transparent
pt,casino,fr,casino,transparent
pt,caso,fr,cas,transparent
pt,casquete,fr,casquette,altered
pt,cassar,fr,casser,transparent
pt,cassação,fr,cassation,transparent
pt,cassete,fr,cassette,transparent
pt,castela,fr,castille,altered
pt,castelo,fr,château,altered
pt,casting,fr,casting,transparent
pt,casto,fr,caste,transparent
pt,castor,fr,castor,transparent
pt,castrar,fr,castrer,transparent
pt,catalão,fr,catalan,altered
pt,catastrófico,fr,catastrophique,transparent
pt,catedral,fr,cathédrale,transparent
pt,categoria,fr,catégorie,transparent
pt,categórico,fr,catégorique,transparent
pt,cativeiro,fr,captivité,altered
pt,catolicismo,fr,catholicisme,transparent
pt,catálogo,fr,catalogue,altered
pt,catástrofe,fr,catastrophe,altered
pt,católico,fr,catholique,transparent
pt,causalidade,fr,causalité,transparent
pt,causar,fr,cause,transparent
pt,cavalaria,fr,cavalerie,altered
pt,cavaleiro,fr,cavalier,altered
pt,cavalheiro,fr,chevalier,altered
pt,cavalo,fr,cheval,altered
pt,cavar,fr,cave,transparent
pt,caverna,fr,caverne,transparent
pt,caviar,fr,caviar,transparent
pt,cavidade,fr,cavité,transparent
pt,caçar,fr,chasser,altered
pt,caçarola,fr,casserole,transparent
pt,caótico,fr,chaotique,transparent
pt,ceder,fr,céder,transparent
pt,celebrar,fr,célébrer,transparent
pt,celebração,fr,célébration,transparent
pt,celebridade,fr,célébrité,transparent
pt,celeste,fr,céleste,transparent
pt,celibato,fr,célibat,transparent
pt,celular,fr,cellulaire,altered
pt,cem,fr,cent,altered
pt,cemitério,fr,cimetière,altered
pt,cena,fr,scène,altered
pt,censurar,fr,censure,transparent
pt,centena,fr,centaine,transparent
pt,centenário,fr,centenaire,altered
pt,cento,fr,cent,altered
pt,central,fr,centrale,transparent
pt,centrar,fr,centré,transparent
pt,centrista,fr,centriste,transparent
pt,centro,fr,centre,transparent
pt,centímetro,fr,centimètre,transparent
pt,cenário,fr,scénario,altered
pt,cereal,fr,céréale,transparent
pt,cerebral,fr,cérébral,transparent
pt,cereja,fr,cerise,altered
pt,cerimônia,fr,cérémonie,altered
pt,certamente,fr,certainement,altered
pt,certeza,fr,certitude,altered
pt,certificar,fr,certificat,transparent
pt,certificação,fr,certification,transparent
pt,cervo,fr,cerf,transparent
pt,cerâmico,fr,céramique,transparent
pt,cessar,fr,cesser,transparent
pt,cessação,fr,cessation,transparent
pt,cessão,fr,cession,transparent
pt,ceticismo,fr,scepticisme,transparent
pt,chalé,fr,chalet,transparent
pt,chaminé,fr,cheminée,transparent
pt,champanhe,fr,champagne,altered
pt,chancelaria,fr,chancellerie,transparent
pt,chanceler,fr,chancelier,altered
pt,chantagem,fr,chantage,transparent
pt,chapéu,fr,chapeau,transparent
pt,charcutaria,fr,charcuterie,transparent
pt,chassi,fr,châssis,transparent
pt,chato,fr,chiant,altered
pt,chave,fr,clé,altered
pt,checo,fr,tchèque,altered
pt,chefe,fr,chef,altered
pt,cheque,fr,chèque,transparent
pt,chile,fr,chili,altered
pt,chinês,fr,chinois,altered
pt,chip,fr,chips,transparent
pt,chique,fr,chic,transparent
pt,chocar,fr,choqué,altered
pt,chocolate,fr,chocolat,transparent
pt,choque,fr,choc,altered
pt,chão,fr,champ,altered
pt,ciao,fr,ciao,transparent
pt,ciber,fr,cyber,altered
pt,cicatriz,fr,cicatrice,transparent
pt,ciclismo,fr,cyclisme,transparent
pt,ciclista,fr,cycliste,altered
pt,ciclo,fr,cycle,transparent
pt,ciclone,fr,cyclone,transparent
pt,cidade,fr,cité,altered
pt,cidadela,fr,citadelle,altered
pt,cidra,fr,cidre,transparent
pt,cientista,fr,scientifique,altered
pt,científico,fr,scientifique,altered
pt,cifrar,fr,chiffre,transparent
pt,cigarro,fr,cigarette,altered
pt,cilindro,fr,cylindre,transparent
pt,cimento,fr,ciment,transparent
pt,cineasta,fr,cinéaste,transparent
pt,cinema,fr,cinéma,transparent
pt,cinematográfico,fr,cinématographique,transparent
pt,cinismo,fr,cynisme,transparent
pt,cinquenta,fr,cinquante,transparent
pt,cintura,fr,ceinture,transparent
pt,cinzel,fr,ciseau,altered
pt,circo,fr,cirque,altered
pt,circuito,fr,circuit,transparent
pt,circulante,fr,circulant,transparent
pt,circular,fr,circuler,altered
pt,circulação,fr,circulation,altered
pt,circunscrição,fr,circonscription,transparent
pt,circunstância,fr,circonstance,transparent
pt,cirurgia,fr,chirurgie,altered
pt,cirurgião,fr,chirurgien,transparent
pt,cirúrgico,fr,chirurgical,altered
pt,cisne,fr,cygne,altered
pt,cisão,fr,scission,altered
pt,citar,fr,citer,transparent
pt,citação,fr,citation,transparent
pt,civil,fr,civil,transparent
pt,civilizar,fr,civilisé,transparent
pt,civilização,fr,civilisation,transparent
pt,ciência,fr,science,altered
pt,clandestino,fr,clandestin,transparent
pt,claque,fr,claque,transparent
pt,claramente,fr,clairement,transparent
pt,claridade,fr,clarté,transparent
pt,clarificar,fr,clarifier,transparent
pt,claro,fr,clair,transparent
pt,classe,fr,classe,transparent
pt,classificar,fr,classé,transparent
pt,classificação,fr,classification,transparent
pt,clemente,fr,clément,transparent
pt,clero,fr,clergé,altered
pt,clicar,fr,cliquer,altered
pt,clichê,fr,cliché,transparent
pt,cliente,fr,client,transparent
pt,clientela,fr,clientèle,altered
pt,clima,fr,climat,transparent
pt,climatização,fr,climatisation,transparent
pt,climático,fr,climatique,transparent
pt,clipe,fr,clip,transparent
pt,clique,fr,clic,altered
pt,clone,fr,clone,transparent
pt,cloro,fr,chlore,altered
pt,clube,fr,club,transparent
pt,clássico,fr,classique,altered
pt,cláusula,fr,clause,transparent
pt,clã,fr,clan,altered
pt,clérigo,fr,clerc,altered
pt,clínico,fr,clinique,transparent
pt,coabitação,fr,cohabitation,transparent
pt,coalizão,fr,coalition,transparent
pt,cobertura,fr,couverture,altered
pt,cobrir,fr,couvrir,altered
pt,cocar,fr,coca,transparent
pt,cocaína,fr,cocaïne,transparent
pt,cocheiro,fr,cocher,altered
pt,coco,fr,coco,transparent
pt,coeficiente,fr,coefficient,transparent
pt,coerente,fr,cohérent,transparent
pt,coesão,fr,cohésion,altered
pt,cofre,fr,coffre,altered
pt,cofundador,fr,cofondateur,transparent
pt,cognitivo,fr,cognitif,transparent
pt,coincidir,fr,coïncider,transparent
pt,coincidência,fr,coïncidence,transparent
pt,coisar,fr,chose,altered
pt,colaborador,fr,collaborateur,transparent
pt,colaborar,fr,collaborer,transparent
pt,colaboração,fr,collaboration,transparent
pt,colar,fr,collier,altered
pt,colecionador,fr,collectionneur,altered
pt,colega,fr,collègue,transparent
pt,colegiada,fr,collégiale,altered
pt,coletar,fr,collecte,transparent
pt,coletivamente,fr,collectivement,altered
pt,coletividade,fr,collectivité,transparent
pt,coletivo,fr,collectif,transparent
pt,coleção,fr,collection,transparent
pt,colher,fr,récolter,altered
pt,colina,fr,colline,transparent
pt,colisão,fr,collision,transparent
pt,colmar,fr,combler,altered
pt,colo,fr,cou,altered
pt,colombiano,fr,colombien,transparent
pt,colonial,fr,colonial,transparent
pt,colonização,fr,colonisation,transparent
pt,coloração,fr,coloration,altered
pt,colorir,fr,coloré,altered
pt,coluna,fr,colonne,transparent
pt,colégio,fr,collège,transparent
pt,colóquio,fr,colloque,altered
pt,colônia,fr,colonie,transparent
pt,com,fr,con,altered
pt,comandante,fr,commandant,transparent
pt,comando,fr,commando,transparent
pt,combatente,fr,combattant,transparent
pt,combater,fr,combat,transparent
pt,combinar,fr,combiné,transparent
pt,combinação,fr,combinaison,transparent
pt,combo,fr,combo,transparent
pt,comboio,fr,convoi,altered
pt,combustão,fr,combustion,transparent
pt,combustível,fr,combustible,transparent
pt,comediante,fr,comédien,altered
pt,comemoração,fr,commémoration,altered
pt,comentar,fr,commenter,transparent
pt,comentarista,fr,commentateur,transparent
pt,comentário,fr,commentaire,transparent
pt,comercial,fr,commercial,transparent
pt,comercializar,fr,commercialiser,transparent
pt,comercialização,fr,commercialisation,transparent
pt,comerciante,fr,commerçant,transparent
pt,cometer,fr,commettre,altered
pt,começar,fr,commencer,altered
pt,comissário,fr,commissaire,altered
pt,comissão,fr,commission,transparent
pt,comité,fr,comité,transparent
pt,comitê,fr,comité,transparent
pt,como,fr,comme,altered
pt,compacto,fr,compact,transparent
pt,compaixão,fr,compassion,transparent
pt,companheiro,fr,compagnon,altered
pt,companhia,fr,compagnie,altered
pt,comparar,fr,comparer,transparent
pt,comparativamente,fr,comparativement,transparent
pt,comparativo,fr,comparatif,transparent
pt,comparação,fr,comparaison,transparent
pt,comparecer,fr,comparaître,transparent
pt,compartilhar,fr,partager,altered
pt,compartimento,fr,compartiment,transparent
pt,comparável,fr,comparable,transparent
pt,compatibilidade,fr,compatibilité,transparent
pt,compatriota,fr,compatriote,altered
pt,compatível,fr,compatible,transparent
pt,compensar,fr,compenser,transparent
pt,compensação,fr,compensation,transparent
pt,competente,fr,compétent,transparent
pt,competitividade,fr,compétitivité,transparent
pt,competitivo,fr,compétitif,transparent
pt,competição,fr,compétition,transparent
pt,competência,fr,compétence,transparent
pt,compilação,fr,compilation,transparent
pt,complacência,fr,complaisance,transparent
pt,complementar,fr,complémentaire,altered
pt,complemento,fr,complément,transparent
pt,completamente,fr,complètement,transparent
pt,completar,fr,compléter,altered
pt,completo,fr,complet,transparent
pt,complexidade,fr,complexité,transparent
pt,complexo,fr,complexe,transparent
pt,complicar,fr,compliqué,altered
pt,complicação,fr,complication,transparent
pt,complot,fr,complot,transparent
pt,componente,fr,composant,altered
pt,compor,fr,composer,altered
pt,comportamento,fr,comportement,transparent
pt,comportar,fr,comporte,transparent
pt,compositor,fr,compositeur,transparent
pt,composição,fr,composition,transparent
pt,composto,fr,composé,altered
pt,compreender,fr,comprendre,altered
pt,compreendido,fr,compris,transparent
pt,compreensão,fr,compréhension,transparent
pt,compreensível,fr,compréhensible,altered
pt,compressão,fr,compression,transparent
pt,comprimir,fr,comprimé,transparent
pt,comprometer,fr,compromettre,transparent
pt,compromisso,fr,compromis,transparent
pt,comum,fr,commun,transparent
pt,comumente,fr,communément,transparent
pt,comuna,fr,commune,transparent
pt,comunal,fr,communal,transparent
pt,comunhão,fr,communion,transparent
pt,comunicar,fr,communiqué,transparent
pt,comunicação,fr,communication,transparent
pt,comunidade,fr,communauté,transparent
pt,comunismo,fr,communisme,transparent
pt,comunista,fr,communiste,transparent
pt,comunitário,fr,communautaire,transparent
pt,comédia,fr,comédie,transparent
pt,comércio,fr,commerce,altered
pt,conceber,fr,concevoir,transparent
pt,conceder,fr,concéder,transparent
pt,concedido,fr,concéder,altered
pt,conceito,fr,concept,altered
pt,concentrar,fr,concentrer,transparent
pt,concentração,fr,concentration,transparent
pt,concernir,fr,concerner,transparent
pt,concertação,fr,concertation,transparent
pt,concessionário,fr,concessionnaire,transparent
pt,concessão,fr,concession,altered
pt,conceção,fr,conception,transparent
pt,concidadão,fr,concitoyen,altered
pt,conciliar,fr,concilier,transparent
pt,conciliação,fr,conciliation,transparent
pt,concluir,fr,conclure,altered
pt,conclusão,fr,conclusion,transparent
pt,concorrente,fr,concurrent,transparent
pt,concorrência,fr,concurrence,transparent
pt,concretamente,fr,concrètement,transparent
pt,concretizar,fr,concrétiser,transparent
pt,concreto,fr,concret,altered
pt,concurso,fr,concours,transparent
pt,concílio,fr,concile,altered
pt,condenar,fr,condamné,transparent
pt,condenação,fr,condamnation,transparent
pt,condicional,fr,conditionnel,transparent
pt,condicionar,fr,conditionné,transparent
pt,condição,fr,condition,transparent
pt,condolência,fr,condoléances,transparent
pt,conduto,fr,conduit,altered
pt,condutor,fr,conducteur,transparent
pt,conduzir,fr,conduire,transparent
pt,cone,fr,cône,transparent
pt,conectar,fr,connecter,transparent
pt,conexo,fr,connexe,altered
pt,conexão,fr,connexion,transparent
pt,confecção,fr,confection,transparent
pt,conferir,fr,conférer,transparent
pt,conferência,fr,conférence,transparent
pt,confiante,fr,confiant,transparent
pt,confiança,fr,confiance,transparent
pt,confiar,fr,confier,altered
pt,confidencial,fr,confidentiel,transparent
pt,confidencialidade,fr,confidentialité,altered
pt,configuração,fr,configuration,transparent
pt,confinamento,fr,confinement,transparent
pt,confirmar,fr,confirmer,transparent
pt,confirmação,fr,confirmation,transparent
pt,confissão,fr,confession,transparent
pt,conflito,fr,conflit,altered
pt,conformar,fr,conformer,transparent
pt,conforme,fr,conforme,transparent
pt,conformidade,fr,conformité,transparent
pt,conforto,fr,confort,altered
pt,confortável,fr,confortable,transparent
pt,confrade,fr,confrère,altered
pt,confrontar,fr,confronté,transparent
pt,confrontação,fr,confrontation,transparent
pt,confronto,fr,confrontation,altered
pt,confundir,fr,confondre,altered
pt,confuso,fr,confus,transparent
pt,confusão,fr,confusion,transparent
pt,congolês,fr,congolais,altered
pt,congregação,fr,congrégation,transparent
pt,congresso,fr,congrès,transparent
pt,conhecer,fr,connaître,altered
pt,conhecido,fr,connu,altered
pt,conjugal,fr,conjugal,transparent
pt,conjugação,fr,conjugaison,transparent
pt,conjuntamente,fr,conjointement,transparent
pt,conjuntura,fr,conjoncture,transparent
pt,conotação,fr,connotation,transparent
pt,conquistador,fr,conquérant,transparent
pt,conquistar,fr,conquête,altered
pt,consagrar,fr,consacré,transparent
pt,consagração,fr,consécration,altered
pt,consciente,fr,conscient,transparent
pt,consciência,fr,conscience,transparent
pt,consecutivo,fr,consécutif,transparent
pt,conselheiro,fr,conseiller,altered
pt,conselho,fr,conseil,transparent
pt,consenso,fr,consensus,altered
pt,consentimento,fr,consentement,transparent
pt,consentir,fr,consentir,transparent
pt,consequente,fr,conséquent,transparent
pt,consequência,fr,conséquence,altered
pt,conservador,fr,conservateur,transparent
pt,conservar,fr,conserver,transparent
pt,conservatório,fr,conservatoire,transparent
pt,conservação,fr,conservation,transparent
pt,considerar,fr,considérer,transparent
pt,consideravelmente,fr,considérablement,transparent
pt,consideração,fr,considération,transparent
pt,considerável,fr,considérable,transparent
pt,consignar,fr,consigne,transparent
pt,consistente,fr,consistant,altered
pt,consistir,fr,consister,transparent
pt,consistência,fr,consistance,transparent
pt,consolar,fr,console,transparent
pt,consolação,fr,consolation,transparent
pt,consolidar,fr,consolider,transparent
pt,consolidação,fr,consolidation,altered
pt,conspiração,fr,conspiration,transparent
pt,constante,fr,constante,transparent
pt,constantemente,fr,constamment,transparent
pt,constatação,fr,constat,altered
pt,constelação,fr,constellation,transparent
pt,constitucional,fr,constitutionnel,altered
pt,constituinte,fr,constituant,transparent
pt,constituir,fr,constituer,transparent
pt,constituição,fr,constitution,transparent
pt,constrangedor,fr,contraignant,altered
pt,constranger,fr,contraindre,altered
pt,construir,fr,construire,transparent
pt,construtivo,fr,constructif,altered
pt,construtor,fr,constructeur,transparent
pt,construção,fr,construction,transparent
pt,consulado,fr,consulat,transparent
pt,consultar,fr,consulter,transparent
pt,consultor,fr,consultant,altered
pt,consumar,fr,consommé,transparent
pt,consumidor,fr,consommateur,altered
pt,consumir,fr,consommer,transparent
pt,consórcio,fr,consortium,altered
pt,contabilidade,fr,comptabilité,altered
pt,contabilista,fr,comptable,altered
pt,contactar,fr,contacter,transparent
pt,contacto,fr,contact,transparent
pt,contador,fr,compteur,altered
pt,contaminar,fr,contaminer,transparent
pt,contaminação,fr,contamination,transparent
pt,contante,fr,comptant,altered
pt,contar,fr,raconter,altered
pt,contato,fr,contact,transparent
pt,contemplar,fr,contempler,transparent
pt,contemporâneo,fr,contemporain,transparent
pt,contencioso,fr,contentieux,altered
pt,contentar,fr,contenter,transparent
pt,contente,fr,content,transparent
pt,contentor,fr,contenant,altered
pt,contestação,fr,contestation,transparent
pt,contexto,fr,contexte,transparent
pt,conteúdo,fr,contenu,transparent
pt,continental,fr,continental,transparent
pt,continente,fr,continent,transparent
pt,contingente,fr,contingent,transparent
pt,continuar,fr,continuer,transparent
pt,continuação,fr,continuation,transparent
pt,continuidade,fr,continuité,transparent
pt,conto,fr,conte,altered
pt,contornar,fr,contourner,transparent
pt,contorno,fr,contour,transparent
pt,contra,fr,contre,altered
pt,contrabando,fr,contrebande,altered
pt,contracepção,fr,contraception,transparent
pt,contraditório,fr,contradictoire,transparent
pt,contradizer,fr,contredire,altered
pt,contradição,fr,contradiction,transparent
pt,contrafação,fr,contrefaçon,transparent
pt,contrair,fr,contracté,transparent
pt,contrapartida,fr,contrepartie,transparent
pt,contrariar,fr,contrer,altered
pt,contraste,fr,contraste,transparent
pt,contratar,fr,contracter,altered
pt,contrato,fr,contrat,altered
pt,contravenção,fr,contravention,transparent
pt,contração,fr,contraction,transparent
pt,contribuinte,fr,contribuable,altered
pt,contribuir,fr,contribuer,transparent
pt,contribuição,fr,contribution,transparent
pt,controlar,fr,contrôler,transparent
pt,controlo,fr,contrôle,transparent
pt,controvérsia,fr,controverse,transparent
pt,contrário,fr,contraire,transparent
pt,contínuo,fr,continu,transparent
pt,convalescença,fr,convalescence,altered
pt,convencer,fr,convaincre,altered
pt,convencido,fr,convaincre,altered
pt,convencional,fr,conventionnel,transparent
pt,convenientemente,fr,convenablement,transparent
pt,convento,fr,couvent,altered
pt,convenção,fr,convention,transparent
pt,convergência,fr,convergence,transparent
pt,conversar,fr,conversation,altered
pt,conversação,fr,conversation,transparent
pt,conversão,fr,conversion,transparent
pt,converter,fr,convertir,transparent
pt,convertido,fr,converti,transparent
pt,convicção,fr,conviction,transparent
pt,convidar,fr,convier,altered
pt,convincente,fr,convaincant,transparent
pt,convir,fr,convenir,altered
pt,conviver,fr,convive,transparent
pt,convocar,fr,convoquer,transparent
pt,convocação,fr,convocation,transparent
pt,cool,fr,cool,transparent
pt,cooperar,fr,coopérer,transparent
pt,cooperativo,fr,coopérative,transparent
pt,cooperação,fr,coopération,transparent
pt,coordenador,fr,coordinateur,altered
pt,coordenar,fr,coordonnée,altered
pt,coordenação,fr,coordination,altered
pt,copiar,fr,copier,transparent
pt,copropriedade,fr,copropriété,transparent
pt,coquetel,fr,cocktail,altered
pt,cor,fr,couleur,altered
pt,coragem,fr,courage,altered
pt,corajoso,fr,courageux,altered
pt,coral,fr,chorale,altered
pt,coração,fr,cœur,altered
pt,cordialmente,fr,cordialement,transparent
pt,cordo,fr,corde,altered
pt,cordão,fr,cordon,transparent
pt,coreano,fr,coréen,transparent
pt,coreografia,fr,chorégraphie,altered
pt,corneta,fr,cornet,altered
pt,corno,fr,corne,altered
pt,coro,fr,chœur,altered
pt,coroamento,fr,couronnement,transparent
pt,coroar,fr,couronne,altered
pt,coronel,fr,colonel,altered
pt,corpo,fr,corps,transparent
pt,corporal,fr,corporel,transparent
pt,corporação,fr,corporation,transparent
pt,corpus,fr,corpus,transparent
pt,corredor,fr,coureur,altered
pt,correio,fr,courrier,altered
pt,correlação,fr,corrélation,transparent
pt,corrente,fr,courant,altered
pt,correntemente,fr,couramment,altered
pt,correr,fr,courir,altered
pt,correspondente,fr,correspondant,altered
pt,corresponder,fr,correspondre,transparent
pt,correspondência,fr,correspondance,transparent
pt,corretamente,fr,correctement,altered
pt,corretor,fr,correcteur,altered
pt,correção,fr,correction,transparent
pt,corrido,fr,course,altered
pt,corrigir,fr,corriger,transparent
pt,corrupto,fr,corrompu,transparent
pt,corrupção,fr,corruption,transparent
pt,corso,fr,corse,transparent
pt,cortante,fr,coupant,altered
pt,cortar,fr,couper,altered
pt,corte,fr,cour,altered
pt,cortejo,fr,cortège,altered
pt,cortês,fr,courtois,altered
pt,corvo,fr,corbeau,altered
pt,corão,fr,coran,transparent
pt,cosmos,fr,cosmos,transparent
pt,cosmético,fr,cosmétique,transparent
pt,costa,fr,costa,transparent
pt,costas,fr,côte,altered
pt,costume,fr,costume,transparent
pt,costurar,fr,couture,altered
pt,cotar,fr,coté,altered
pt,cotidianamente,fr,quotidiennement,altered
pt,cotidiano,fr,quotidien,altered
pt,couro,fr,cuir,altered
pt,cozinhar,fr,cuisine,altered
pt,cozinheiro,fr,cuisinier,altered
pt,crack,fr,crack,transparent
pt,craque,fr,craque,transparent
pt,cratera,fr,cratère,transparent
pt,credibilidade,fr,crédibilité,transparent
pt,credor,fr,créancier,altered
pt,credível,fr,crédible,altered
pt,creme,fr,crème,transparent
pt,crente,fr,croyant,altered
pt,crença,fr,croyance,altered
pt,crepe,fr,crêpe,transparent
pt,crepúsculo,fr,crépuscule,transparent
pt,crer,fr,croire,altered
pt,crescente,fr,croissant,altered
pt,cretino,fr,crétin,transparent
pt,criador,fr,créateur,altered
pt,criar,fr,créer,altered
pt,criatividade,fr,créativité,transparent
pt,criativo,fr,créatif,altered
pt,criatura,fr,créature,altered
pt,criação,fr,création,transparent
pt,crime,fr,crime,transparent
pt,criminal,fr,criminel,altered
pt,criminalidade,fr,criminalité,transparent
pt,criminoso,fr,criminel,altered
pt,crioulo,fr,créole,altered
pt,crise,fr,crise,transparent
pt,crista,fr,crête,altered
pt,cristal,fr,cristal,transparent
pt,cristianismo,fr,christianisme,transparent
pt,cristo,fr,christ,altered
pt,criticar,fr,critiquer,transparent
pt,critério,fr,critère,transparent
pt,croata,fr,croate,transparent
pt,crocodilo,fr,crocodile,transparent
pt,cromo,fr,chrome,transparent
pt,cronista,fr,chroniqueur,altered
pt,crono,fr,chrono,transparent
pt,cronologia,fr,chronologie,transparent
pt,cronológico,fr,chronologique,altered
pt,croqui,fr,croquis,transparent
pt,crosta,fr,croûte,altered
pt,cru,fr,cru,transparent
pt,crucial,fr,crucial,transparent
pt,crucifixo,fr,crucifix,transparent
pt,cruel,fr,cruel,transparent
pt,crueldade,fr,cruauté,altered
pt,cruelmente,fr,cruellement,transparent
pt,cruz,fr,croix,altered
pt,cruzar,fr,croiser,altered
pt,crânio,fr,crâne,altered
pt,crédito,fr,crédit,transparent
pt,crítico,fr,critique,transparent
pt,crónico,fr,chronique,transparent
pt,cu,fr,cul,altered
pt,cubano,fr,cubain,altered
pt,cubo,fr,cube,transparent
pt,cuco,fr,coucou,altered
pt,culinário,fr,culinaire,transparent
pt,culote,fr,culotte,transparent
pt,culpabilidade,fr,culpabilité,transparent
pt,culpável,fr,coupable,transparent
pt,cultivar,fr,cultivé,transparent
pt,culto,fr,culte,altered
pt,cultura,fr,culture,transparent
pt,cultural,fr,culturel,transparent
pt,cupê,fr,coupé,transparent
pt,curar,fr,cure,transparent
pt,curdo,fr,kurde,transparent
pt,curiosamente,fr,curieusement,transparent
pt,curiosidade,fr,curiosité,transparent
pt,curioso,fr,curieux,altered
pt,curry,fr,curry,transparent
pt,curso,fr,cours,altered
pt,curto,fr,court,altered
pt,curvar,fr,courbe,transparent
pt,custar,fr,coûter,altered
pt,cutelo,fr,couteau,altered
pt,czar,fr,tsar,altered
pt,cá,fr,çà,altered
pt,cálcio,fr,calcium,transparent
pt,cálculo,fr,calcul,altered
pt,cálice,fr,calice,transparent
pt,cápsula,fr,capsule,transparent
pt,cárdio,fr,cardio,transparent
pt,cáucaso,fr,caucase,altered
pt,câmara,fr,chambre,altered
pt,câmera,fr,caméra,transparent
pt,câncer,fr,cancer,transparent
pt,cânion,fr,canyon,transparent
pt,célebre,fr,célèbre,transparent
pt,céltico,fr,celtique,transparent
pt,célula,fr,cellule,transparent
pt,cérebro,fr,cerveau,altered
pt,césar,fr,césar,transparent
pt,cético,fr,sceptique,altered
pt,céu,fr,ciel,altered
pt,cílio,fr,cil,altered
pt,cínico,fr,cynique,transparent
pt,círculo,fr,cercle,altered
pt,cívico,fr,civique,transparent
pt,código,fr,code,transparent
pt,cólera,fr,colère,transparent
pt,cólon,fr,colon,transparent
pt,cópia,fr,copie,transparent
pt,cósmico,fr,cosmique,altered
pt,cômico,fr,comique,transparent
pt,cônego,fr,chanoine,altered
pt,cônsul,fr,consul,transparent
pt,cúmplice,fr,complice,transparent
pt,cúmulo,fr,cumul,altered
pt,dama,fr,dame,altered
pt,dançador,fr,danseur,altered
pt,dançar,fr,danse,altered
pt,datar,fr,date,transparent
pt,david,fr,david,transparent
pt,debater,fr,débat,transparent
pt,debut,fr,début,transparent
pt,debutante,fr,débutant,transparent
pt,debutar,fr,débuter,transparent
pt,decadência,fr,déchéance,altered
pt,decapitar,fr,décapiter,transparent
pt,decepcionar,fr,décevoir,altered
pt,deceção,fr,déception,transparent
pt,decididamente,fr,décidément,transparent
pt,decidir,fr,décider,transparent
pt,decisivo,fr,décisif,transparent
pt,decisão,fr,décision,transparent
pt,declarante,fr,déclarant,transparent
pt,declarar,fr,déclarer,transparent
pt,declaração,fr,déclaration,transparent
pt,declinar,fr,décliner,transparent
pt,declinação,fr,déclinaison,transparent
pt,declínio,fr,déclin,transparent
pt,decomposição,fr,décomposition,transparent
pt,decorar,fr,décoré,transparent
pt,decorativo,fr,décoratif,transparent
pt,decoração,fr,décoration,transparent
pt,decretar,fr,décréter,transparent
pt,decreto,fr,décret,altered
pt,decência,fr,décence,transparent
pt,dedicar,fr,dédié,altered
pt,deduzir,fr,déduire,transparent
pt,dedução,fr,déduction,transparent
pt,defeito,fr,défaut,altered
pt,defeituoso,fr,défectueux,altered
pt,defender,fr,défendre,transparent
pt,defendido,fr,défendu,altered
pt,defensivo,fr,défensive,transparent
pt,defensor,fr,défenseur,transparent
pt,defeso,fr,défense,altered
pt,definir,fr,définir,transparent
pt,definitivamente,fr,définitivement,transparent
pt,definitivo,fr,définitif,transparent
pt,definição,fr,définition,transparent
pt,deformação,fr,déformation,transparent
pt,defunto,fr,défunt,transparent
pt,degenerar,fr,dégénéré,altered
pt,degradar,fr,dégrader,transparent
pt,degradação,fr,dégradation,altered
pt,degustar,fr,déguster,transparent
pt,degustação,fr,dégustation,transparent
pt,delegar,fr,délégué,transparent
pt,delegação,fr,délégation,transparent
pt,deliberadamente,fr,délibérément,altered
pt,deliberar,fr,délibéré,transparent
pt,deliberação,fr,délibération,transparent
pt,delicadeza,fr,délicatesse,altered
pt,delicado,fr,délicat,transparent
pt,delicioso,fr,délicieux,altered
pt,delinquente,fr,délinquant,transparent
pt,delinquência,fr,délinquance,transparent
pt,delito,fr,délit,transparent
pt,delta,fr,delta,transparent
pt,delícia,fr,délice,transparent
pt,delírio,fr,délire,transparent
pt,demandante,fr,demandeur,altered
pt,demente,fr,dément,transparent
pt,demi,fr,demi,transparent
pt,demissão,fr,démission,transparent
pt,demitir,fr,démissionner,transparent
pt,demo,fr,démo,transparent
pt,democracia,fr,démocratie,transparent
pt,democrata,fr,démocrate,transparent
pt,democratização,fr,démocratisation,transparent
pt,democrático,fr,démocratique,transparent
pt,demografia,fr,démographie,transparent
pt,demográfico,fr,démographique,transparent
pt,demolir,fr,démolir,transparent
pt,demolição,fr,démolition,transparent
pt,demonstrar,fr,démontrer,altered
pt,demonstração,fr,démonstration,altered
pt,demorar,fr,demeure,transparent
pt,demência,fr,démence,transparent
pt,demónio,fr,démon,altered
pt,denominar,fr,dénommé,altered
pt,denominação,fr,dénomination,transparent
pt,densidade,fr,densité,transparent
pt,denso,fr,dense,transparent
pt,dente,fr,dent,altered
pt,dentista,fr,dentiste,transparent
pt,dentro,fr,dedans,altered
pt,dentário,fr,dentaire,transparent
pt,denunciar,fr,dénoncer,altered
pt,denúncia,fr,dénonciation,altered
pt,deontologia,fr,déontologie,transparent
pt,departamental,fr,départementale,transparent
pt,departamento,fr,département,transparent
pt,dependente,fr,dépendant,transparent
pt,depender,fr,dépendre,altered
pt,dependência,fr,dépendance,transparent
pt,deplorável,fr,déplorable,transparent
pt,depois,fr,depuis,altered
pt,deportar,fr,déporté,transparent
pt,deportação,fr,déportation,transparent
pt,depositar,fr,déposer,transparent
pt,deposição,fr,déposition,transparent
pt,depressivo,fr,dépressif,transparent
pt,depressão,fr,dépression,transparent
pt,deprimente,fr,déprimant,transparent
pt,deputar,fr,député,altered
pt,depósito,fr,dépôt,altered
pt,derivar,fr,dérive,transparent
pt,derradeiro,fr,dernier,altered
pt,derrogação,fr,dérogation,transparent
pt,derrotar,fr,déroute,altered
pt,desacordo,fr,désaccord,transparent
pt,desafio,fr,défi,altered
pt,desagradável,fr,désagréable,transparent
pt,desaparecer,fr,disparaître,altered
pt,desaparecido,fr,disparu,altered
pt,desaparecimento,fr,disparition,altered
pt,desastre,fr,désastre,altered
pt,desastroso,fr,désastreux,transparent
pt,desativar,fr,désactiver,transparent
pt,desbloquear,fr,débloquer,transparent
pt,descarga,fr,décharge,transparent
pt,descendente,fr,descendant,transparent
pt,descender,fr,descendre,transparent
pt,descentralização,fr,décentralisation,transparent
pt,descer,fr,descendre,altered
pt,descobrir,fr,découvrir,transparent
pt,descolagem,fr,décollage,transparent
pt,descolar,fr,décoller,altered
pt,desconto,fr,décompte,altered
pt,descrever,fr,décrire,altered
pt,descrito,fr,décrire,transparent
pt,descrição,fr,description,altered
pt,desde,fr,dès,altered
pt,desdobramento,fr,déploiement,altered
pt,desejante,fr,désirant,altered
pt,desejar,fr,désirer,altered
pt,desejo,fr,désir,altered
pt,desembaraçar,fr,débarrasser,altered
pt,desembarcar,fr,débarquer,altered
pt,desembarque,fr,débarquement,transparent
pt,desembocar,fr,débouché,altered
pt,desenhar,fr,dessiner,altered
pt,desenrolar,fr,dérouler,altered
pt,desenvolvedores,fr,développeurs,altered
pt,desenvolver,fr,développer,transparent
pt,desenvolvimento,fr,développement,transparent
pt,desequilíbrio,fr,déséquilibre,transparent
pt,deserto,fr,désert,altered
pt,desesperar,fr,désespéré,transparent
pt,desespero,fr,désespoir,transparent
pt,desfavorecido,fr,défavorisé,transparent
pt,desfavorável,fr,défavorable,altered
pt,desfazer,fr,défaire,altered
pt,desfilar,fr,défiler,transparent
pt,desfile,fr,défilé,transparent
pt,desflorestação,fr,déforestation,altered
pt,desgosto,fr,dégoût,altered
pt,design,fr,design,transparent
pt,designar,fr,désigner,transparent
pt,designação,fr,désignation,transparent
pt,designer,fr,designer,transparent
pt,desinformação,fr,désinformation,transparent
pt,deslocamento,fr,déplacement,transparent
pt,deslocar,fr,déplacer,altered
pt,desmantelamento,fr,démantèlement,transparent
pt,desmontar,fr,démonter,altered
pt,desordem,fr,désordre,transparent
pt,despacho,fr,dépêche,altered
pt,despesa,fr,dépens,altered
pt,despojo,fr,dépouille,altered
pt,desportivo,fr,sportif,transparent
pt,desporto,fr,sport,altered
pt,desprovido,fr,dépourvu,altered
pt,destacamento,fr,détachement,altered
pt,destacar,fr,détacher,altered
pt,destinar,fr,destiné,altered
pt,destinatário,fr,destinataire,transparent
pt,destinação,fr,destination,transparent
pt,destino,fr,destin,transparent
pt,destruir,fr,détruire,altered
pt,destruição,fr,destruction,transparent
pt,destrutor,fr,destructeur,altered
pt,desígnio,fr,dessein,altered
pt,detalhar,fr,détaillé,transparent
pt,detalhe,fr,détail,transparent
pt,detectar,fr,détecter,transparent
pt,detector,fr,détecteur,transparent
pt,detentor,fr,détenteur,transparent
pt,detenção,fr,détention,transparent
pt,deter,fr,détenir,altered
pt,deterioração,fr,détérioration,transparent
pt,determinante,fr,déterminant,transparent
pt,determinar,fr,déterminer,transparent
pt,determinação,fr,détermination,transparent
pt,detestar,fr,détester,transparent
pt,detestável,fr,détestable,transparent
pt,detetive,fr,détective,altered
pt,deteção,fr,détection,transparent
pt,detido,fr,détenu,altered
pt,detrator,fr,détracteur,transparent
pt,detrimento,fr,détriment,altered
pt,deus,fr,dieu,altered
pt,devedor,fr,débiteur,altered
pt,dever,fr,devoir,altered
pt,devidamente,fr,dûment,altered
pt,devir,fr,devenir,transparent
pt,devorar,fr,dévorer,transparent
pt,devoto,fr,dévoué,altered
pt,devoção,fr,dévotion,transparent
pt,dez,fr,dix,altered
pt,dezembro,fr,décembre,altered
pt,diabetes,fr,diabète,transparent
pt,diabo,fr,diable,altered
pt,diabólico,fr,diabolique,transparent
pt,diagnóstico,fr,diagnostic,altered
pt,diagonal,fr,diagonale,transparent
pt,dialeto,fr,dialecte,transparent
pt,dialogar,fr,dialoguer,altered
pt,diamante,fr,diamant,transparent
pt,diante,fr,devant,altered
pt,diarreia,fr,diarrhée,altered
pt,dicionário,fr,dictionnaire,transparent
pt,didático,fr,didactique,transparent
pt,diesel,fr,diesel,transparent
pt,dieta,fr,diète,transparent
pt,difamação,fr,diffamation,transparent
pt,diferencial,fr,différentiel,transparent
pt,diferenciar,fr,différencier,transparent
pt,diferenciação,fr,différenciation,transparent
pt,diferendo,fr,différend,transparent
pt,diferente,fr,différent,transparent
pt,diferentemente,fr,différemment,transparent
pt,diferençar,fr,différence,transparent
pt,diferir,fr,différer,transparent
pt,dificilmente,fr,difficilement,transparent
pt,dificuldade,fr,difficulté,transparent
pt,difundir,fr,diffuser,altered
pt,difuso,fr,diffus,transparent
pt,difusor,fr,diffuseur,transparent
pt,difusão,fr,diffusion,transparent
pt,difícil,fr,difficile,transparent
pt,digerir,fr,digérer,transparent
pt,digestivo,fr,digestif,transparent
pt,digestão,fr,digestion,transparent
pt,digital,fr,digital,transparent
pt,dignamente,fr,dignement,transparent
pt,dignidade,fr,dignité,transparent
pt,digno,fr,digne,transparent
pt,dilema,fr,dilemme,altered
pt,diligência,fr,diligence,transparent
pt,dimensão,fr,dimension,transparent
pt,diminuir,fr,diminuer,transparent
pt,diminuição,fr,diminution,transparent
pt,dinamarca,fr,danemark,altered
pt,dinamismo,fr,dynamisme,transparent
pt,dinastia,fr,dynastie,transparent
pt,dinheiro,fr,denier,altered
pt,dinossauro,fr,dinosaure,altered
pt,dinâmico,fr,dynamique,altered
pt,diocese,fr,diocèse,transparent
pt,diplomacia,fr,diplomatie,transparent
pt,diplomar,fr,diplôme,transparent
pt,diplomata,fr,diplomate,transparent
pt,diplomático,fr,diplomatique,transparent
pt,dique,fr,digue,altered
pt,director,fr,directeur,altered
pt,direcção,fr,direction,transparent
pt,direito,fr,droit,altered
pt,diretamente,fr,directement,transparent
pt,diretiva,fr,directive,transparent
pt,direto,fr,direct,transparent
pt,diretor,fr,directeur,transparent
pt,diretório,fr,directoire,transparent
pt,direção,fr,direction,transparent
pt,dirigente,fr,dirigeant,transparent
pt,dirigir,fr,diriger,transparent
pt,discernimento,fr,discernement,altered
pt,disciplinar,fr,discipline,transparent
pt,disco,fr,disque,transparent
pt,discretamente,fr,discrètement,transparent
pt,discreto,fr,discret,transparent
pt,discriminação,fr,discrimination,transparent
pt,discrição,fr,discrétion,transparent
pt,discurso,fr,discours,altered
pt,discussão,fr,discussion,transparent
pt,discutir,fr,discuter,transparent
pt,dispensar,fr,dispense,transparent
pt,disperso,fr,dispersé,transparent
pt,dispersão,fr,dispersion,transparent
pt,disponibilidade,fr,disponibilité,transparent
pt,disponível,fr,disponible,transparent
pt,dispor,fr,disposer,altered
pt,dispositivo,fr,dispositif,transparent
pt,disposição,fr,disposition,transparent
pt,disposto,fr,disposé,transparent
pt,disputar,fr,dispute,transparent
pt,dissertação,fr,dissertation,transparent
pt,dissimular,fr,dissimuler,transparent
pt,dissolução,fr,dissolution,transparent
pt,dissolver,fr,dissoudre,transparent
pt,dissuadir,fr,dissuader,transparent
pt,distante,fr,distant,transparent
pt,distender,fr,détendre,transparent
pt,distendido,fr,détendu,altered
pt,distensão,fr,détente,altered
pt,distinguir,fr,distinguer,transparent
pt,distinto,fr,distinct,transparent
pt,distinção,fr,distinction,transparent
pt,distrair,fr,distraire,altered
pt,distração,fr,distraction,transparent
pt,distribuidor,fr,distributeur,transparent
pt,distribuir,fr,distribué,altered
pt,distribuição,fr,distribution,transparent
pt,distrito,fr,district,transparent
pt,distância,fr,distance,transparent
pt,ditador,fr,dictateur,altered
pt,ditadura,fr,dictature,transparent
pt,ditar,fr,dictée,altered
pt,divergência,fr,divergence,transparent
pt,diversidade,fr,diversité,transparent
pt,diversificação,fr,diversification,transparent
pt,diverso,fr,divers,altered
pt,divertir,fr,divertir,transparent
pt,dividendo,fr,dividende,transparent
pt,dividir,fr,divisé,altered
pt,divindade,fr,divinité,transparent
pt,divino,fr,divin,altered
pt,divisão,fr,division,transparent
pt,divo,fr,diva,transparent
pt,divorciar,fr,divorcé,transparent
pt,divã,fr,divan,transparent
pt,divórcio,fr,divorce,transparent
pt,dizer,fr,dire,altered
pt,diálogo,fr,dialogue,transparent
pt,diáspora,fr,diaspora,transparent
pt,diâmetro,fr,diamètre,transparent
pt,doador,fr,donnant,altered
pt,doação,fr,donation,altered
pt,dobragem,fr,doublage,altered
pt,dobrar,fr,doublé,transparent
pt,dobro,fr,double,altered
pt,doce,fr,doux,altered
pt,documental,fr,documentaire,transparent
pt,documentar,fr,documenté,transparent
pt,documentação,fr,documentation,transparent
pt,documento,fr,document,transparent
pt,documentário,fr,documentaire,transparent
pt,dogma,fr,dogme,transparent
pt,doloroso,fr,douloureux,altered
pt,dom,fr,don,altered
pt,domicílio,fr,domicile,transparent
pt,dominante,fr,dominant,transparent
pt,dominar,fr,dominer,transparent
pt,dominação,fr,domination,transparent
pt,domo,fr,dôme,transparent
pt,doméstico,fr,domestique,transparent
pt,domínio,fr,domaine,altered
pt,dopagem,fr,dopage,altered
pt,dor,fr,douleur,altered
pt,dorminhoco,fr,dormant,altered
pt,dosagem,fr,dosage,transparent
pt,dose,fr,dose,transparent
pt,dossiê,fr,dossier,transparent
pt,dotar,fr,doté,transparent
pt,dotação,fr,dotation,transparent
pt,dote,fr,dot,transparent
pt,dourar,fr,doré,altered
pt,doutor,fr,docteur,altered
pt,doutorar,fr,doctorat,altered
pt,doutrinar,fr,doctrine,altered
pt,doçura,fr,douceur,altered
pt,dragão,fr,dragon,altered
pt,drama,fr,drame,altered
pt,dramático,fr,dramatique,transparent
pt,drive,fr,drive,transparent
pt,drogar,fr,drogue,transparent
pt,drone,fr,drone,transparent
pt,dublagem,fr,doublure,altered
pt,ducado,fr,duché,altered
pt,duchar,fr,douche,transparent
pt,duelo,fr,deuil,transparent
pt,duna,fr,dune,transparent
pt,duo,fr,duo,transparent
pt,duplamente,fr,doublement,altered
pt,duque,fr,duc,altered
pt,duquesa,fr,duchesse,altered
pt,duramente,fr,durement,altered
pt,durante,fr,durant,transparent
pt,durar,fr,durer,transparent
pt,duração,fr,durée,altered
pt,duro,fr,dur,transparent
pt,durável,fr,durable,transparent
pt,débil,fr,débile,transparent
pt,déficit,fr,déficit,transparent
pt,dólar,fr,dollar,altered
pt,ebola,fr,ebola,transparent
pt,ebulição,fr,ébullition,transparent
pt,eclesiástico,fr,ecclésiastique,transparent
pt,eclipse,fr,éclipse,transparent
pt,eco,fr,écho,transparent
pt,ecologia,fr,écologie,transparent
pt,ecologista,fr,écologiste,transparent
pt,ecológico,fr,écologique,altered
pt,economia,fr,économie,transparent
pt,economicamente,fr,économiquement,transparent
pt,economista,fr,économiste,transparent
pt,economizar,fr,économiser,altered
pt,económico,fr,économique,transparent
pt,econômico,fr,économique,altered
pt,ecossistema,fr,écosystème,transparent
pt,ecólogo,fr,écolo,altered
pt,edifício,fr,édifice,altered
pt,editar,fr,éditer,altered
pt,editor,fr,éditeur,altered
pt,editorial,fr,éditorial,transparent
pt,edição,fr,édition,transparent
pt,educacional,fr,éducatif,altered
pt,educar,fr,éduquer,transparent
pt,educativo,fr,éducatif,transparent
pt,educação,fr,éducation,transparent
pt,efectuar,fr,effectuer,transparent
pt,efeito,fr,effet,transparent
pt,efervescência,fr,effervescence,transparent
pt,efetivamente,fr,effectivement,transparent
pt,efetivo,fr,effectif,transparent
pt,eficaz,fr,efficace,altered
pt,eficácia,fr,efficacité,altered
pt,efêmero,fr,éphémère,altered
pt,efígie,fr,effigie,transparent
pt,egito,fr,égypte,altered
pt,ego,fr,ego,transparent
pt,egoísmo,fr,égoïsme,transparent
pt,egoísta,fr,égoïste,transparent
pt,egípcio,fr,égyptien,altered
pt,elaborar,fr,élaboré,transparent
pt,elaboração,fr,élaboration,transparent
pt,elefante,fr,éléphant,transparent
pt,eleger,fr,élire,altered
pt,elegância,fr,élégance,transparent
pt,elegível,fr,éligible,transparent
pt,eleitor,fr,électeur,altered
pt,eleitorado,fr,électorat,transparent
pt,eleitoral,fr,électoral,transparent
pt,eleição,fr,élection,altered
pt,elementar,fr,élémentaire,altered
pt,elemento,fr,élément,transparent
pt,eletricidade,fr,électricité,transparent
pt,eletro,fr,électro,transparent
pt,eletrônico,fr,électronique,altered
pt,elevar,fr,élevé,transparent
pt,elevação,fr,élévation,transparent
pt,eliminar,fr,éliminer,transparent
pt,eliminatório,fr,éliminatoire,transparent
pt,eliminação,fr,élimination,transparent
pt,eliseu,fr,élysée,altered
pt,elite,fr,élite,transparent
pt,elogiar,fr,éloge,altered
pt,elogio,fr,éloge,altered
pt,elástico,fr,élastique,transparent
pt,elétrico,fr,électrique,transparent
pt,elétron,fr,électron,transparent
pt,emanar,fr,émaner,transparent
pt,emancipação,fr,émancipation,transparent
pt,embaixador,fr,ambassadeur,altered
pt,embalagem,fr,emballage,altered
pt,embalar,fr,emballé,altered
pt,embarcar,fr,embarquer,transparent
pt,embargo,fr,embargo,transparent
pt,embarque,fr,embarquement,altered
pt,emblemar,fr,emblème,transparent
pt,emblemático,fr,emblématique,transparent
pt,embocadura,fr,embouchure,transparent
pt,emboscar,fr,embuscade,transparent
pt,embrião,fr,embryon,transparent
pt,emergente,fr,émergent,transparent
pt,emergir,fr,émerger,altered
pt,emergência,fr,émergence,altered
pt,emigração,fr,émigration,transparent
pt,emissário,fr,émissaire,transparent
pt,emissão,fr,émission,transparent
pt,emitir,fr,émettre,altered
pt,emocional,fr,émotionnel,transparent
pt,emocionante,fr,émouvant,altered
pt,emoção,fr,émotion,transparent
pt,empatia,fr,empathie,transparent
pt,empreendedorismo,fr,entrepreneuriat,altered
pt,empreender,fr,entreprendre,altered
pt,empregar,fr,employé,altered
pt,emprego,fr,emploi,transparent
pt,encadeamento,fr,enchaînement,transparent
pt,encadear,fr,enchaîner,altered
pt,encaixar,fr,encaisser,altered
pt,encaminhamento,fr,cheminement,altered
pt,encantar,fr,enchanté,altered
pt,encarceramento,fr,emprisonnement,altered
pt,encarcerar,fr,incarcéré,altered
pt,encarnar,fr,incarner,transparent
pt,encarnação,fr,incarnation,transparent
pt,enciclopédia,fr,encyclopédie,transparent
pt,encomendar,fr,commandé,altered
pt,encontrar,fr,rencontrer,altered
pt,encontro,fr,encontre,altered
pt,encorajador,fr,encourageant,altered
pt,encorajamento,fr,encouragement,transparent
pt,encorajar,fr,encourager,transparent
pt,endurance,fr,endurance,transparent
pt,energia,fr,énergie,transparent
pt,energético,fr,énergétique,altered
pt,enervar,fr,énervé,altered
pt,enfermaria,fr,infirmerie,transparent
pt,enfrentar,fr,affronter,altered
pt,engajar,fr,engager,transparent
pt,engendrar,fr,engendrer,transparent
pt,engenharia,fr,ingénierie,altered
pt,engenheiro,fr,ingénieur,altered
pt,engenho,fr,engin,transparent
pt,englobar,fr,englober,transparent
pt,enorme,fr,énorme,transparent
pt,enormemente,fr,énormément,transparent
pt,enquadramento,fr,encadrement,transparent
pt,enquadrar,fr,encadrer,altered
pt,enriquecimento,fr,enrichissement,transparent
pt,ensaiar,fr,essayer,transparent
pt,ensaio,fr,essai,altered
pt,ensemble,fr,ensemble,transparent
pt,ensinar,fr,enseigner,transparent
pt,ensino,fr,enseignement,altered
pt,entender,fr,entendre,altered
pt,entendido,fr,entendu,transparent
pt,entendimento,fr,entente,altered
pt,enterramento,fr,enterrement,transparent
pt,enterrar,fr,enterré,transparent
pt,entidade,fr,entité,transparent
pt,entrar,fr,entrée,altered
pt,entre,fr,entre,transparent
pt,entreter,fr,entretenir,transparent
pt,entrever,fr,entrevoir,altered
pt,entusiasmo,fr,enthousiasme,transparent
pt,entusiasta,fr,enthousiaste,transparent
pt,enunciar,fr,énoncé,transparent
pt,envelope,fr,enveloppe,transparent
pt,envenenamento,fr,empoisonnement,altered
pt,enviar,fr,envoyer,altered
pt,envio,fr,envoi,transparent
pt,enxofre,fr,soufre,altered
pt,enxugar,fr,essuyer,altered
pt,enérgico,fr,énergique,transparent
pt,episódio,fr,épisode,transparent
pt,epopeia,fr,épopée,transparent
pt,equador,fr,équateur,altered
pt,equação,fr,équation,transparent
pt,equestre,fr,équestre,transparent
pt,equidade,fr,équité,transparent
pt,equilibrar,fr,équilibré,transparent
pt,equilíbrio,fr,équilibre,altered
pt,equipamento,fr,équipement,transparent
pt,equipar,fr,équipé,transparent
pt,equitativo,fr,équitable,transparent
pt,equitação,fr,équitation,altered
pt,equivalente,fr,équivalent,transparent
pt,equivaler,fr,équivaloir,transparent
pt,equivalência,fr,équivalence,transparent
pt,equívoco,fr,équivoque,transparent
pt,ereção,fr,érection,transparent
pt,erigir,fr,ériger,transparent
pt,erosão,fr,érosion,transparent
pt,erradicar,fr,éradiquer,transparent
pt,erro,fr,erreur,altered
pt,erupção,fr,éruption,transparent
pt,erva,fr,herbe,altered
pt,erótico,fr,érotique,transparent
pt,escada,fr,escalier,altered
pt,escalar,fr,échelle,altered
pt,escandinavo,fr,scandinave,transparent
pt,escapamento,fr,échappement,altered
pt,escapar,fr,échapper,altered
pt,esclarecer,fr,éclairer,altered
pt,escoamento,fr,écoulement,altered
pt,escoar,fr,écouler,altered
pt,escocês,fr,écossais,transparent
pt,escola,fr,école,altered
pt,escolar,fr,scolaire,altered
pt,escoltar,fr,escorte,altered
pt,escorpião,fr,scorpion,transparent
pt,escravidão,fr,esclavage,altered
pt,escravo,fr,esclave,altered
pt,escrever,fr,écrire,altered
pt,escrito,fr,écrit,altered
pt,escriturar,fr,écriture,transparent
pt,escrutínio,fr,scrutin,transparent
pt,escultor,fr,sculpteur,transparent
pt,esculturar,fr,sculpture,transparent
pt,escuro,fr,obscur,altered
pt,escusar,fr,excuse,altered
pt,escutar,fr,écouter,altered
pt,escândalo,fr,scandale,transparent
pt,esfera,fr,sphère,altered
pt,esforçar,fr,efforcer,altered
pt,esforço,fr,effort,transparent
pt,esgotamento,fr,épuisement,altered
pt,esgoto,fr,égout,altered
pt,esgrimir,fr,escrime,transparent
pt,eslavo,fr,slave,altered
pt,eslovaco,fr,slovaque,altered
pt,eslovênia,fr,slovénie,transparent
pt,espacial,fr,spatial,transparent
pt,espanha,fr,espagne,altered
pt,espanhol,fr,espagnol,altered
pt,espantoso,fr,étonnant,altered
pt,espaço,fr,espace,transparent
pt,especial,fr,spécial,transparent
pt,especialidade,fr,spécialité,transparent
pt,especialista,fr,spécialiste,transparent
pt,especializar,fr,spécialisé,transparent
pt,especialização,fr,spécialisation,transparent
pt,especialmente,fr,spécialement,transparent
pt,especiaria,fr,épicerie,altered
pt,especificamente,fr,spécifiquement,transparent
pt,especificidade,fr,spécificité,transparent
pt,espectador,fr,spectateur,transparent
pt,espectro,fr,spectre,altered
pt,especulação,fr,spéculation,transparent
pt,específico,fr,spécifique,altered
pt,esperançar,fr,espérance,transparent
pt,esperar,fr,espérer,transparent
pt,esperma,fr,sperme,transparent
pt,espessura,fr,épaisseur,altered
pt,espetacular,fr,spectaculaire,transparent
pt,espetáculo,fr,spectacle,altered
pt,espinhar,fr,épine,altered
pt,espionagem,fr,espionnage,transparent
pt,espiral,fr,spirale,transparent
pt,espiritual,fr,spirituel,altered
pt,espiritualidade,fr,spiritualité,transparent
pt,espião,fr,espion,altered
pt,esplanada,fr,esplanade,transparent
pt,esplendor,fr,splendeur,altered
pt,esplêndido,fr,splendide,transparent
pt,esponjar,fr,éponge,transparent
pt,espontâneo,fr,spontané,altered
pt,esporte,fr,sport,altered
pt,esportes,fr,sport,transparent
pt,esportivo,fr,sportif,altered
pt,esposar,fr,épouse,transparent
pt,esposo,fr,époux,altered
pt,espádua,fr,épaule,altered
pt,espécia,fr,épice,altered
pt,espécie,fr,espèce,transparent
pt,espécime,fr,spécimen,transparent
pt,espírito,fr,esprit,altered
pt,esquadrão,fr,escadron,transparent
pt,esqueleto,fr,squelette,altered
pt,esquema,fr,schéma,transparent
pt,esqui,fr,ski,transparent
pt,esquizofrenia,fr,schizophrénie,altered
pt,essencial,fr,essentiel,transparent
pt,essencialmente,fr,essentiellement,transparent
pt,essência,fr,essence,transparent
pt,estabelecer,fr,établir,altered
pt,estabelecido,fr,établi,altered
pt,estabelecimento,fr,établissement,transparent
pt,estabilidade,fr,stabilité,altered
pt,estabilizar,fr,stabiliser,transparent
pt,estabilização,fr,stabilisation,transparent
pt,estacionamento,fr,stationnement,altered
pt,estagiário,fr,stagiaire,transparent
pt,estalar,fr,éclater,altered
pt,estanque,fr,étang,transparent
pt,estatal,fr,étatique,altered
pt,estatuto,fr,statut,altered
pt,estatístico,fr,statistique,altered
pt,estação,fr,station,transparent
pt,estender,fr,étendre,altered
pt,estendido,fr,étendue,altered
pt,estereotipar,fr,stéréotyper,transparent
pt,estilo,fr,style,transparent
pt,estimar,fr,estimer,transparent
pt,estimação,fr,estimation,transparent
pt,estimulante,fr,stimulant,transparent
pt,estimular,fr,stimuler,transparent
pt,estimulação,fr,stimulation,transparent
pt,estival,fr,estival,transparent
pt,estrangeiro,fr,étranger,altered
pt,estranho,fr,étrange,altered
pt,estratégia,fr,stratégie,transparent
pt,estratégico,fr,stratégique,transparent
pt,estreitamente,fr,étroitement,altered
pt,estreito,fr,étroit,altered
pt,estressante,fr,stressant,transparent
pt,estressar,fr,stresser,altered
pt,estresse,fr,stress,transparent
pt,estritamente,fr,strictement,transparent
pt,estrito,fr,strict,altered
pt,estrutural,fr,structurel,altered
pt,estruturar,fr,structure,transparent
pt,estudante,fr,étudiant,transparent
pt,estudar,fr,étudier,transparent
pt,estudo,fr,étude,transparent
pt,estupidez,fr,stupidité,altered
pt,estádio,fr,stade,altered
pt,estático,fr,statique,altered
pt,estátua,fr,statue,transparent
pt,estável,fr,stable,transparent
pt,estéreo,fr,stéréo,transparent
pt,estéril,fr,stérile,altered
pt,estético,fr,esthétique,transparent
pt,estômago,fr,estomac,transparent
pt,estúdio,fr,studio,transparent
pt,estúpido,fr,stupide,altered
pt,etapa,fr,étape,transparent
pt,etc,fr,etc,transparent
pt,eternamente,fr,éternellement,altered
pt,eternidade,fr,éternité,transparent
pt,eterno,fr,éternel,transparent
pt,etimologia,fr,étymologie,transparent
pt,etiquetar,fr,étiquette,transparent
pt,etnia,fr,ethnie,transparent
pt,eu,fr,je,altered
pt,euro,fr,euro,transparent
pt,europa,fr,europe,transparent
pt,europeu,fr,européen,transparent
pt,eutanásia,fr,euthanasie,altered
pt,eva,fr,eve,transparent
pt,evacuar,fr,évacuer,transparent
pt,evacuação,fr,évacuation,transparent
pt,evadir,fr,évader,transparent
pt,evangelho,fr,évangile,altered
pt,evangélico,fr,évangélique,altered
pt,evasão,fr,évasion,transparent
pt,evento,fr,événement,altered
pt,eventual,fr,éventuel,transparent
pt,eventualidade,fr,éventualité,transparent
pt,eventualmente,fr,éventuellement,transparent
pt,evidente,fr,évident,transparent
pt,evidentemente,fr,évidemment,transparent
pt,evidência,fr,évidence,altered
pt,evitar,fr,éviter,transparent
pt,evocar,fr,évoquer,transparent
pt,evocação,fr,évocation,transparent
pt,evoluir,fr,évoluer,altered
pt,evolução,fr,évolution,transparent
pt,ex,fr,ex,transparent
pt,exagerar,fr,exagérer,transparent
pt,exame,fr,examen,transparent
pt,examinar,fr,examiner,transparent
pt,exatamente,fr,exactement,transparent
pt,exatidão,fr,exactitude,transparent
pt,exato,fr,exact,transparent
pt,exaustivo,fr,exhaustif,transparent
pt,excedente,fr,excédent,transparent
pt,excelente,fr,excellent,transparent
pt,excelência,fr,excellence,transparent
pt,excepcional,fr,exceptionnel,transparent
pt,excessivamente,fr,excessivement,transparent
pt,excessivo,fr,excessif,transparent
pt,excesso,fr,excès,transparent
pt,exceto,fr,excepté,transparent
pt,exceção,fr,exception,altered
pt,excitante,fr,excitant,transparent
pt,excitar,fr,excité,transparent
pt,excitação,fr,excitation,transparent
pt,excluir,fr,exclu,transparent
pt,exclusivamente,fr,exclusivement,transparent
pt,exclusividade,fr,exclusivité,transparent
pt,exclusivo,fr,exclusif,transparent
pt,exclusão,fr,exclusion,altered
pt,excursão,fr,excursion,transparent
pt,excêntrico,fr,excentrique,transparent
pt,executar,fr,exécuter,transparent
pt,executivo,fr,exécutif,transparent
pt,execução,fr,exécution,transparent
pt,exemplar,fr,exemplaire,transparent
pt,exemplo,fr,exemple,transparent
pt,exercer,fr,exercer,transparent
pt,exercido,fr,exercé,transparent
pt,exercitar,fr,exercer,altered
pt,exercício,fr,exercice,transparent
pt,exigente,fr,exigeant,transparent
pt,exigir,fr,exiger,transparent
pt,exigência,fr,exigence,altered
pt,exilar,fr,exilé,altered
pt,existente,fr,existant,transparent
pt,existir,fr,exister,transparent
pt,existência,fr,existence,transparent
pt,exoneração,fr,exonération,transparent
pt,expandir,fr,expansion,altered
pt,expansão,fr,expansion,transparent
pt,expedir,fr,expédier,altered
pt,expedição,fr,expédition,transparent
pt,experimental,fr,expérimental,transparent
pt,experimentar,fr,expérimenté,transparent
pt,experimentação,fr,expérimentation,transparent
pt,experiência,fr,expérience,transparent
pt,experto,fr,expert,transparent
pt,expiração,fr,expiration,transparent
pt,explicar,fr,expliquer,transparent
pt,explicação,fr,explication,transparent
pt,explicitamente,fr,explicitement,transparent
pt,explodir,fr,exploser,altered
pt,explorar,fr,explorer,transparent
pt,explosivo,fr,explosive,transparent
pt,explosão,fr,explosion,transparent
pt,explícito,fr,explicite,transparent
pt,expoente,fr,exposant,altered
pt,expor,fr,exposer,altered
pt,exportar,fr,exporter,transparent
pt,exportação,fr,exportation,transparent
pt,exposição,fr,exposition,altered
pt,exposto,fr,exposé,altered
pt,expressamente,fr,expressément,transparent
pt,expressar,fr,exprimer,altered
pt,expresso,fr,express,transparent
pt,expressão,fr,expression,transparent
pt,expulsar,fr,expulser,transparent
pt,expulso,fr,expulsé,transparent
pt,expulsão,fr,expulsion,transparent
pt,extenso,fr,étendu,altered
pt,extensão,fr,extension,transparent
pt,exterior,fr,extérieur,transparent
pt,exterminar,fr,exterminer,transparent
pt,exterminação,fr,extermination,transparent
pt,externo,fr,externe,transparent
pt,extinguir,fr,éteindre,transparent
pt,extinto,fr,éteint,altered
pt,extinção,fr,extinction,transparent
pt,extra,fr,extra,transparent
pt,extradição,fr,extradition,transparent
pt,extrair,fr,extraire,altered
pt,extraordinário,fr,extraordinaire,transparent
pt,extraterrestre,fr,extraterrestre,transparent
pt,extração,fr,extraction,transparent
pt,extremamente,fr,extrêmement,transparent
pt,extremidade,fr,extrémité,transparent
pt,extremista,fr,extrémiste,transparent
pt,extremo,fr,extrême,transparent
pt,exéquias,fr,obsèques,altered
pt,exílio,fr,exil,transparent
pt,exótico,fr,exotique,transparent
pt,eólico,fr,éolienne,altered
pt,fabricante,fr,fabricant,transparent
pt,fabricar,fr,fabriquer,transparent
pt,fabricação,fr,fabrication,transparent
pt,fabuloso,fr,fabuleux,altered
pt,face,fr,face,transparent
pt,fachada,fr,façade,transparent
pt,facial,fr,facial,transparent
pt,facilidade,fr,facilité,transparent
pt,facilitar,fr,faciliter,transparent
pt,facilmente,fr,facilement,transparent
pt,faculdade,fr,faculté,altered
pt,fadigar,fr,fatigue,transparent
pt,fake,fr,fake,transparent
pt,falcão,fr,faucon,altered
pt,falhar,fr,failli,altered
pt,falsamente,fr,faussement,altered
pt,falsear,fr,fausser,altered
pt,falso,fr,faux,altered
pt,faltar,fr,faute,transparent
pt,falésia,fr,falaise,altered
pt,familiar,fr,familiale,transparent
pt,famoso,fr,fameux,altered
pt,família,fr,famille,transparent
pt,fanfarra,fr,fanfare,transparent
pt,fantasiar,fr,fantaisie,transparent
pt,fantasma,fr,fantôme,altered
pt,fantástico,fr,fantastique,transparent
pt,fanático,fr,fanatique,transparent
pt,faraó,fr,pharaon,altered
pt,fardo,fr,fardeau,altered
pt,farinha,fr,farine,altered
pt,farmacêutico,fr,pharmaceutique,altered
pt,farmácia,fr,pharmacie,altered
pt,farol,fr,phare,altered
pt,farsa,fr,farce,altered
pt,fascinante,fr,fascinant,transparent
pt,fascinar,fr,fasciner,transparent
pt,fascinação,fr,fascination,transparent
pt,fascismo,fr,fascisme,transparent
pt,fascista,fr,fasciste,transparent
pt,fase,fr,phase,transparent
pt,fatal,fr,fatal,transparent
pt,fatalidade,fr,fatalité,transparent
pt,fatigar,fr,fatigué,altered
pt,fator,fr,facteur,altered
pt,faturar,fr,facture,transparent
pt,fauna,fr,faune,altered
pt,fauvismo,fr,fauve,altered
pt,favor,fr,faveur,altered
pt,favoravelmente,fr,favorablement,transparent
pt,favorecer,fr,favoriser,altered
pt,favorito,fr,favori,transparent
pt,favorável,fr,favorable,transparent
pt,fax,fr,fax,transparent
pt,fazer,fr,faire,altered
pt,fação,fr,faction,transparent
pt,febre,fr,fièvre,altered
pt,fecundidade,fr,fécondité,transparent
pt,federal,fr,fédéral,transparent
pt,federação,fr,fédération,transparent
pt,feirar,fr,foire,altered
pt,felação,fr,fellation,transparent
pt,felicidade,fr,félicité,altered
pt,felicitar,fr,féliciter,transparent
pt,felicitação,fr,félicitation,transparent
pt,feminino,fr,féminin,transparent
pt,feminismo,fr,féminisme,transparent
pt,feminista,fr,féministe,transparent
pt,feno,fr,foin,altered
pt,fenômeno,fr,phénomène,transparent
pt,feriar,fr,férié,altered
pt,fermentação,fr,fermentation,transparent
pt,fermento,fr,ferment,transparent
pt,feroz,fr,féroce,altered
pt,ferro,fr,fer,altered
pt,ferroviário,fr,ferroviaire,transparent
pt,ferry,fr,ferry,transparent
pt,fertilidade,fr,fertilité,transparent
pt,fervor,fr,ferveur,transparent
pt,fervoroso,fr,fervent,altered
pt,festar,fr,fête,altered
pt,festejar,fr,fêter,altered
pt,festim,fr,festin,transparent
pt,festival,fr,festival,transparent
pt,festividade,fr,festivité,transparent
pt,feto,fr,fœtus,transparent
pt,fevereiro,fr,février,altered
pt,fiabilidade,fr,fiabilité,transparent
pt,fiasco,fr,fiasco,transparent
pt,fibra,fr,fibre,transparent
pt,fichar,fr,fiche,transparent
pt,ficheiro,fr,fichier,altered
pt,fictício,fr,fictif,transparent
pt,ficção,fr,fiction,altered
pt,fidelidade,fr,fidélité,transparent
pt,fiel,fr,fidèle,altered
pt,figurante,fr,figurant,transparent
pt,figurar,fr,figure,transparent
pt,filete,fr,filet,transparent
pt,filho,fr,fils,altered
pt,filial,fr,filiale,transparent
pt,filiação,fr,filiation,altered
pt,filmar,fr,filmer,transparent
pt,filme,fr,film,transparent
pt,filosofia,fr,philosophie,transparent
pt,filosófico,fr,philosophique,transparent
pt,filtrar,fr,filtrer,transparent
pt,filtro,fr,filtre,transparent
pt,filósofo,fr,philosophe,transparent
pt,fim,fr,fin,altered
pt,final,fr,finale,transparent
pt,finalidade,fr,finalité,transparent
pt,finalista,fr,finaliste,transparent
pt,finalmente,fr,finalement,transparent
pt,finamente,fr,finement,transparent
pt,financeiramente,fr,financièrement,transparent
pt,financeiro,fr,financier,transparent
pt,financiamento,fr,financement,transparent
pt,financiar,fr,financer,transparent
pt,finança,fr,finance,transparent
pt,fino,fr,fin,transparent
pt,finura,fr,finesse,altered
pt,fio,fr,fil,altered
pt,firme,fr,ferme,altered
pt,firmemente,fr,fermement,altered
pt,firmeza,fr,fermeté,altered
pt,fiscal,fr,fiscal,transparent
pt,fiscalidade,fr,fiscalité,transparent
pt,fisicamente,fr,physiquement,transparent
pt,fisiologia,fr,physiologie,altered
pt,fitness,fr,fitness,transparent
pt,fixar,fr,fixé,transparent
pt,fixação,fr,fixation,transparent
pt,fixo,fr,fixe,transparent
pt,fiável,fr,fiable,transparent
pt,flagelo,fr,fléau,altered
pt,flagrante,fr,flagrant,transparent
pt,flanco,fr,flanc,transparent
pt,flash,fr,flash,transparent
pt,flautar,fr,flûte,altered
pt,flechar,fr,flèche,transparent
pt,flexibilidade,fr,flexibilité,transparent
pt,flexível,fr,flexible,transparent
pt,flor,fr,fleur,altered
pt,floração,fr,floraison,transparent
pt,florestal,fr,forestier,altered
pt,florestar,fr,forêt,altered
pt,fluido,fr,fluide,transparent
pt,flutuante,fr,flottant,altered
pt,flutuação,fr,fluctuation,altered
pt,fluxo,fr,flux,transparent
pt,fobia,fr,phobie,transparent
pt,focalizar,fr,focaliser,transparent
pt,focar,fr,focaliser,altered
pt,foco,fr,focus,transparent
pt,folclore,fr,folklore,transparent
pt,foliar,fr,folio,transparent
pt,folk,fr,folk,transparent
pt,fome,fr,faim,altered
pt,fondant,fr,fondant,transparent
pt,fondue,fr,fondue,transparent
pt,fonte,fr,fonte,transparent
pt,forjar,fr,forge,altered
pt,formador,fr,formateur,transparent
pt,formal,fr,formel,transparent
pt,formalidade,fr,formalité,transparent
pt,formalmente,fr,formellement,transparent
pt,formar,fr,forme,altered
pt,formato,fr,format,transparent
pt,formação,fr,formation,transparent
pt,formidável,fr,formidable,transparent
pt,formular,fr,formulé,transparent
pt,formulação,fr,formulation,transparent
pt,formulário,fr,formulaire,transparent
pt,fornecedor,fr,fournisseur,altered
pt,fornecer,fr,fournir,altered
pt,fornecido,fr,fourni,altered
pt,forno,fr,four,transparent
pt,forquilha,fr,fourchette,altered
pt,forrar,fr,fourrure,transparent
pt,fortalezar,fr,forteresse,transparent
pt,forte,fr,fort,transparent
pt,fortemente,fr,fortement,transparent
pt,fortificação,fr,fortification,transparent
pt,fortuna,fr,fortune,transparent
pt,forçar,fr,force,altered
pt,fossar,fr,fosse,transparent
pt,fosso,fr,fossé,transparent
pt,foto,fr,photo,transparent
pt,fotografar,fr,photographier,transparent
pt,fotografia,fr,photographie,altered
pt,fotográfico,fr,photographique,altered
pt,fotógrafo,fr,photographe,altered
pt,frade,fr,frere,altered
pt,fragilidade,fr,fragilité,transparent
pt,francamente,fr,franchement,transparent
pt,francisco,fr,francisco,transparent
pt,franco,fr,franc,transparent
pt,francês,fr,français,altered
pt,francófono,fr,francophone,transparent
pt,franjar,fr,frange,altered
pt,franquear,fr,franchir,altered
pt,franquiar,fr,franchise,altered
pt,frança,fr,france,altered
pt,fraqueza,fr,faiblesse,altered
pt,frase,fr,phrase,altered
pt,fraternidade,fr,fraternité,transparent
pt,fraturar,fr,fracture,transparent
pt,fraude,fr,fraude,transparent
pt,fração,fr,fraction,transparent
pt,frei,fr,frère,altered
pt,freio,fr,frein,transparent
pt,frente,fr,front,altered
pt,frequentar,fr,fréquenter,altered
pt,frequentação,fr,fréquentation,transparent
pt,frequente,fr,fréquent,altered
pt,frequentemente,fr,fréquemment,transparent
pt,frequência,fr,fréquence,transparent
pt,fresco,fr,frais,altered
pt,frescura,fr,fraîcheur,altered
pt,frete,fr,fret,altered
pt,frigorífico,fr,frigo,altered
pt,frio,fr,froid,transparent
pt,frisson,fr,frisson,transparent
pt,frito,fr,frit,transparent
pt,frontal,fr,frontal,transparent
pt,fronteirar,fr,frontière,altered
pt,frota,fr,flotte,altered
pt,frustrante,fr,frustrant,transparent
pt,frustrar,fr,frustré,transparent
pt,frustração,fr,frustration,transparent
pt,fruto,fr,fruit,transparent
pt,frágil,fr,fragile,altered
pt,fugir,fr,fuir,altered
pt,fugitivo,fr,fuyant,altered
pt,fumador,fr,fumeur,transparent
pt,fumar,fr,fumer,transparent
pt,fumaça,fr,fumée,altered
pt,funcional,fr,fonctionnel,altered
pt,funcionalidade,fr,fonctionnalité,transparent
pt,funcionamento,fr,fonctionnement,altered
pt,funcionar,fr,fonctionner,transparent
pt,funcionário,fr,fonctionnaire,transparent
pt,fundador,fr,fondateur,transparent
pt,fundamental,fr,fondamental,altered
pt,fundamentalmente,fr,fondamentalement,transparent
pt,fundamento,fr,fondement,transparent
pt,fundar,fr,fondé,transparent
pt,fundação,fr,fondation,altered
pt,fundo,fr,fond,altered
pt,fundos,fr,fonds,altered
pt,funeral,fr,funérailles,transparent
pt,funerário,fr,funéraire,transparent
pt,função,fr,fonction,transparent
pt,furacão,fr,ouragan,altered
pt,furioso,fr,furieux,transparent
pt,furor,fr,fureur,altered
pt,fusão,fr,fusion,altered
pt,futuro,fr,futur,transparent
pt,fuzil,fr,fusil,altered
pt,fábrica,fr,fabrique,altered
pt,fábula,fr,fable,transparent
pt,fácil,fr,facile,transparent
pt,fã,fr,fan,altered
pt,fértil,fr,fertile,transparent
pt,fêmeo,fr,femme,altered
pt,fênix,fr,phoenix,altered
pt,físico,fr,physique,altered
pt,fórmula,fr,formule,transparent
pt,fórum,fr,forum,transparent
pt,fóssil,fr,fossile,transparent
pt,fúnebre,fr,funèbre,transparent
pt,gabarito,fr,gabarit,transparent
pt,gabinete,fr,cabinet,altered
pt,gadget,fr,gadget,transparent
pt,gafe,fr,gaffe,transparent
pt,gag,fr,gag,transparent
pt,gago,fr,gaga,transparent
pt,galar,fr,gala,transparent
pt,galera,fr,galère,transparent
pt,galeria,fr,galerie,transparent
pt,galope,fr,galop,transparent
pt,galáxia,fr,galaxie,transparent
pt,gamar,fr,gamme,transparent
pt,gameplay,fr,gameplay,transparent
pt,ganhador,fr,gagnant,altered
pt,ganhar,fr,gagner,transparent
pt,ganho,fr,gagné,transparent
pt,garagem,fr,garage,transparent
pt,garantir,fr,garantie,transparent
pt,gasoso,fr,gazeux,transparent
pt,gastro,fr,gastro,transparent
pt,gastronomia,fr,gastronomie,transparent
pt,gastronômico,fr,gastronomique,transparent
pt,gato,fr,chat,altered
pt,gaulês,fr,gaulois,altered
pt,gay,fr,gay,transparent
pt,gazeta,fr,gazette,transparent
pt,gel,fr,gel,transparent
pt,gelar,fr,gelé,transparent
pt,gelatina,fr,gelée,altered
pt,gelo,fr,gel,altered
pt,gendarme,fr,gendarme,transparent
pt,gendarmeria,fr,gendarmerie,transparent
pt,gene,fr,gène,transparent
pt,genealogia,fr,généalogie,transparent
pt,general,fr,général,transparent
pt,generalidade,fr,généralité,transparent
pt,generalista,fr,généraliste,transparent
pt,generalizar,fr,généralisé,transparent
pt,generalização,fr,généralisation,transparent
pt,generosidade,fr,générosité,transparent
pt,generoso,fr,généreux,transparent
pt,geneticamente,fr,génétiquement,transparent
pt,genial,fr,génial,transparent
pt,genocídio,fr,génocide,altered
pt,genoma,fr,génome,transparent
pt,genro,fr,gendre,altered
pt,gente,fr,gens,transparent
pt,gentil,fr,gentil,transparent
pt,gentileza,fr,gentillesse,altered
pt,gentilmente,fr,gentiment,altered
pt,genérico,fr,générique,transparent
pt,genético,fr,génétique,transparent
pt,geografia,fr,géographie,transparent
pt,geográfico,fr,géographique,transparent
pt,geologia,fr,géologie,transparent
pt,geológico,fr,géologique,transparent
pt,geometria,fr,géométrie,transparent
pt,geométrico,fr,géométrique,transparent
pt,geopolítico,fr,géopolitique,transparent
pt,george,fr,george,transparent
pt,gerador,fr,générateur,altered
pt,geral,fr,général,transparent
pt,geralmente,fr,généralement,altered
pt,gerar,fr,générer,altered
pt,geração,fr,génération,transparent
pt,gerente,fr,gérant,altered
pt,gerir,fr,gérer,transparent
pt,germano,fr,germain,altered
pt,germânico,fr,germanique,transparent
pt,gestação,fr,gestation,transparent
pt,gesto,fr,geste,transparent
pt,gestor,fr,gestionnaire,altered
pt,gestão,fr,gestion,transparent
pt,gigante,fr,géant,altered
pt,gigantesco,fr,gigantesque,transparent
pt,ginásio,fr,gymnase,altered
pt,ginástico,fr,gymnastique,transparent
pt,glacial,fr,glacial,transparent
pt,glaciar,fr,glacier,transparent
pt,glacê,fr,glacé,transparent
pt,glamour,fr,glamour,transparent
pt,glicose,fr,glucose,transparent
pt,global,fr,global,transparent
pt,globalmente,fr,globalement,transparent
pt,globo,fr,globe,transparent
pt,glorioso,fr,glorieux,altered
pt,glândula,fr,gland,transparent
pt,glória,fr,gloire,transparent
pt,glúten,fr,gluten,transparent
pt,golfe,fr,golf,altered
pt,golfo,fr,golfe,altered
pt,gostar,fr,goûter,altered
pt,gosto,fr,goût,altered
pt,gota,fr,goutte,transparent
pt,governador,fr,gouverneur,altered
pt,governamental,fr,gouvernemental,transparent
pt,governante,fr,gouvernant,transparent
pt,governança,fr,gouvernance,transparent
pt,governar,fr,gouverner,transparent
pt,governo,fr,gouvernement,altered
pt,graal,fr,graal,transparent
pt,grado,fr,gré,altered
pt,gradualmente,fr,graduellement,transparent
pt,gramar,fr,gramme,transparent
pt,gramático,fr,grammaire,transparent
pt,granar,fr,grenade,transparent
pt,grande,fr,grand,transparent
pt,grandemente,fr,grandement,transparent
pt,grandeza,fr,grandeur,altered
pt,grandioso,fr,grandiose,transparent
pt,granito,fr,granit,altered
pt,granja,fr,grange,altered
pt,gratidão,fr,gratitude,altered
pt,gratuitamente,fr,gratuitement,transparent
pt,gratuito,fr,gratuit,altered
pt,grau,fr,grade,altered
pt,gravar,fr,gravé,transparent
pt,gravata,fr,cravate,altered
pt,gravação,fr,gravure,altered
pt,grave,fr,grave,transparent
pt,gravemente,fr,gravement,transparent
pt,gravidade,fr,gravité,transparent
pt,gravilha,fr,gravier,altered
pt,gravura,fr,gravure,transparent
pt,graxo,fr,graisse,altered
pt,graça,fr,grâce,transparent
pt,green,fr,green,transparent
pt,grego,fr,grec,altered
pt,grelhar,fr,grille,altered
pt,greve,fr,grève,transparent
pt,gripe,fr,grippe,transparent
pt,gris,fr,gris,transparent
pt,gritar,fr,crier,altered
pt,grosseiro,fr,grossier,transparent
pt,grosso,fr,gros,altered
pt,grotesco,fr,grotesque,altered
pt,grupo,fr,groupe,transparent
pt,gruta,fr,grotte,altered
pt,gráfico,fr,graphique,transparent
pt,grão,fr,grain,altered
pt,grécia,fr,grèce,altered
pt,guardar,fr,garde,altered
pt,guardião,fr,gardien,altered
pt,guarnição,fr,garnison,transparent
pt,guatemala,fr,guatemala,transparent
pt,guerra,fr,guerre,transparent
pt,guerreiro,fr,guerrier,altered
pt,guerrilhar,fr,guérilla,transparent
pt,gueto,fr,ghetto,altered
pt,guiana,fr,guyane,transparent
pt,guiar,fr,guide,transparent
pt,guitarra,fr,guitare,transparent
pt,guitarrista,fr,guitariste,altered
pt,guru,fr,gourou,altered
pt,gás,fr,gaz,transparent
pt,género,fr,genre,transparent
pt,gênero,fr,genre,altered
pt,gênese,fr,genèse,transparent
pt,gênio,fr,génie,transparent
pt,gótico,fr,gothique,transparent
pt,habilidade,fr,habileté,transparent
pt,habitante,fr,habitant,transparent
pt,habitar,fr,habiter,transparent
pt,habitat,fr,habitat,transparent
pt,habitação,fr,habitation,transparent
pt,habitual,fr,habituel,transparent
pt,habitualmente,fr,habituellement,transparent
pt,habituar,fr,habitué,transparent
pt,haitiano,fr,haïtien,transparent
pt,halal,fr,halal,transparent
pt,hall,fr,hall,transparent
pt,halo,fr,halo,transparent
pt,handicap,fr,handicap,transparent
pt,hangar,fr,hangar,transparent
pt,harmonia,fr,harmonie,altered
pt,harmonização,fr,harmonisation,transparent
pt,hashtag,fr,hashtag,transparent
pt,havaí,fr,hawaï,altered
pt,haver,fr,avoir,altered
pt,hebraico,fr,hébreu,altered
pt,hectare,fr,hectare,transparent
pt,hegemonia,fr,hégémonie,transparent
pt,helicóptero,fr,hélicoptère,transparent
pt,hemisfério,fr,hémisphère,altered
pt,hemorragia,fr,hémorragie,transparent
pt,hepatite,fr,hépatite,transparent
pt,herdar,fr,hériter,altered
pt,herdeiro,fr,héritier,altered
pt,hereditário,fr,héréditaire,altered
pt,heresia,fr,hérésie,altered
pt,heroico,fr,héroïque,transparent
pt,heroína,fr,héroïne,transparent
pt,herói,fr,héros,altered
pt,hesitar,fr,hésiter,transparent
pt,hesitação,fr,hésitation,transparent
pt,hexágono,fr,hexagone,transparent
pt,hidrocarboneto,fr,hydrocarbure,altered
pt,hidrogênio,fr,hydrogène,transparent
pt,hidráulico,fr,hydraulique,transparent
pt,hierarquia,fr,hiérarchie,altered
pt,hierárquico,fr,hiérarchique,transparent
pt,higiene,fr,hygiène,transparent
pt,hino,fr,hymne,altered
pt,hiper,fr,hyper,transparent
pt,hipnose,fr,hypnose,transparent
pt,hipocrisia,fr,hypocrisie,transparent
pt,hipotecar,fr,hypothèque,altered
pt,hipotético,fr,hypothétique,altered
pt,hipócrita,fr,hypocrite,transparent
pt,hipótese,fr,hypothèse,transparent
pt,historiador,fr,historien,altered
pt,histérico,fr,hystérique,altered
pt,história,fr,histoire,transparent
pt,histórico,fr,historique,transparent
pt,hollywood,fr,hollywood,transparent
pt,holocausto,fr,holocauste,transparent
pt,home,fr,home,transparent
pt,homem,fr,homme,altered
pt,homenagem,fr,hommage,altered
pt,homicídio,fr,homicide,transparent
pt,homo,fr,homo,transparent
pt,homofobia,fr,homophobie,transparent
pt,homogêneo,fr,homogène,transparent
pt,homossexual,fr,homosexuel,transparent
pt,homossexualidade,fr,homosexualité,transparent
pt,homólogo,fr,homologue,transparent
pt,honestamente,fr,honnêtement,transparent
pt,honestidade,fr,honnêteté,transparent
pt,honesto,fr,honnête,altered
pt,honorário,fr,honoraire,transparent
pt,honorável,fr,honorable,transparent
pt,honrar,fr,honneur,altered
pt,horda,fr,horde,transparent
pt,horizontal,fr,horizontale,transparent
pt,horizonte,fr,horizon,transparent
pt,hormona,fr,hormone,transparent
pt,horror,fr,horreur,altered
pt,horrível,fr,horrible,transparent
pt,horário,fr,horaire,transparent
pt,hospital,fr,hôpital,transparent
pt,hospitalar,fr,hospitalier,transparent
pt,hospitalidade,fr,hospitalité,altered
pt,hospitalização,fr,hospitalisation,transparent
pt,hospício,fr,hospice,transparent
pt,hostil,fr,hostile,transparent
pt,hostilidade,fr,hostilité,transparent
pt,hot,fr,hot,transparent
pt,hotel,fr,hôtel,transparent
pt,hotelaria,fr,hôtellerie,transparent
pt,house,fr,house,transparent
pt,hub,fr,hub,transparent
pt,huis,fr,huis,transparent
pt,humanidade,fr,humanité,transparent
pt,humanismo,fr,humanisme,transparent
pt,humanista,fr,humaniste,transparent
pt,humanitário,fr,humanitaire,altered
pt,humano,fr,humain,altered
pt,humildade,fr,humilité,transparent
pt,humilde,fr,humble,transparent
pt,humilhar,fr,humilier,transparent
pt,humilhação,fr,humiliation,transparent
pt,humor,fr,humour,transparent
pt,humorista,fr,humoriste,transparent
pt,humorístico,fr,humoristique,transparent
pt,hungria,fr,hongrie,altered
pt,hábil,fr,habile,transparent
pt,hábito,fr,habitude,altered
pt,híbrido,fr,hybride,transparent
pt,hóquei,fr,hockey,altered
pt,húmido,fr,humide,transparent
pt,húngaro,fr,hongrois,altered
pt,iate,fr,yacht,altered
pt,idade,fr,âge,altered
pt,ideal,fr,idéal,transparent
pt,idealmente,fr,idéalement,altered
pt,ideia,fr,idée,transparent
pt,idem,fr,idem,transparent
pt,identidade,fr,identité,transparent
pt,identificador,fr,identifiant,altered
pt,identificar,fr,identifier,transparent
pt,identificação,fr,identification,transparent
pt,ideologia,fr,idéologie,altered
pt,ideológico,fr,idéologique,transparent
pt,idiota,fr,idiot,transparent
pt,idêntico,fr,identique,transparent
pt,iene,fr,yen,altered
pt,ignorante,fr,ignorant,transparent
pt,ignorar,fr,ignorer,transparent
pt,ignorância,fr,ignorance,altered
pt,igual,fr,égal,altered
pt,igualar,fr,égaler,transparent
pt,igualdade,fr,égalité,altered
pt,igualmente,fr,également,altered
pt,ilegal,fr,illégal,transparent
pt,ilegalmente,fr,illégalement,transparent
pt,ilegítimo,fr,illégitime,transparent
pt,ilhar,fr,île,altered
pt,ilhéu,fr,îlot,altered
pt,ilimitado,fr,illimité,transparent
pt,ilustrar,fr,illustrer,transparent
pt,ilustração,fr,illustration,transparent
pt,ilustre,fr,illustre,altered
pt,ilusão,fr,illusion,transparent
pt,ilícito,fr,illicite,transparent
pt,imagem,fr,image,transparent
pt,imaginar,fr,imaginer,transparent
pt,imaginação,fr,imagination,transparent
pt,imaginário,fr,imaginaire,transparent
pt,imbecil,fr,imbécile,transparent
pt,imediatamente,fr,immédiatement,transparent
pt,imediato,fr,immédiat,transparent
pt,imenso,fr,immense,transparent
pt,imersão,fr,immersion,altered
pt,imigrante,fr,immigré,altered
pt,imigração,fr,immigration,transparent
pt,iminente,fr,imminent,transparent
pt,imitar,fr,imiter,transparent
pt,imitação,fr,imitation,transparent
pt,imobiliário,fr,immobilier,transparent
pt,imortal,fr,immortel,transparent
pt,imortalidade,fr,immortalité,altered
pt,impaciente,fr,impatient,transparent
pt,impacto,fr,impact,transparent
pt,impecável,fr,impeccable,transparent
pt,impedir,fr,empêcher,altered
pt,impensável,fr,impensable,transparent
pt,imperador,fr,empereur,altered
pt,imperativo,fr,impératif,altered
pt,imperfeito,fr,imparfait,altered
pt,imperial,fr,impériale,transparent
pt,imperialismo,fr,impérialisme,transparent
pt,implacável,fr,implacable,transparent
pt,implantar,fr,implanté,transparent
pt,implantação,fr,implantation,transparent
pt,implicar,fr,impliquer,transparent
pt,implicação,fr,implication,transparent
pt,implicitamente,fr,implicitement,transparent
pt,implícito,fr,implicite,transparent
pt,imponente,fr,imposant,transparent
pt,impor,fr,imposer,altered
pt,importante,fr,important,transparent
pt,importar,fr,importer,transparent
pt,importação,fr,importation,transparent
pt,importância,fr,importance,transparent
pt,imposição,fr,imposition,transparent
pt,impossibilidade,fr,impossibilité,transparent
pt,impossível,fr,impossible,transparent
pt,imposto,fr,impôt,altered
pt,impotência,fr,impuissance,altered
pt,impressionante,fr,impressionnant,transparent
pt,impressionar,fr,impressionner,transparent
pt,impresso,fr,imprimé,transparent
pt,impressor,fr,imprimeur,transparent
pt,impressão,fr,impression,transparent
pt,imprevisto,fr,imprévu,altered
pt,imprevisível,fr,imprévisible,transparent
pt,imprimir,fr,imprimer,transparent
pt,improvisação,fr,improvisation,transparent
pt,improvável,fr,improbable,altered
pt,impulso,fr,impulsion,transparent
pt,impulsão,fr,impulsion,transparent
pt,impunidade,fr,impunité,transparent
pt,imundo,fr,immonde,transparent
pt,imunidade,fr,immunité,transparent
pt,imunitário,fr,immunitaire,transparent
pt,imã,fr,aimant,altered
pt,imóvel,fr,immeuble,altered
pt,inaceitável,fr,inacceptable,altered
pt,inacessível,fr,inaccessible,transparent
pt,inadmissível,fr,inadmissible,transparent
pt,inaugurar,fr,inaugurer,transparent
pt,inauguração,fr,inauguration,transparent
pt,inação,fr,inaction,transparent
pt,incapacidade,fr,incapacité,transparent
pt,incapaz,fr,incapable,transparent
pt,incerto,fr,incertain,transparent
pt,incidente,fr,incident,transparent
pt,incidência,fr,incidence,transparent
pt,incitar,fr,inciter,transparent
pt,incitação,fr,incitation,transparent
pt,inclinar,fr,incliner,transparent
pt,incluir,fr,inclure,altered
pt,incluso,fr,inclus,transparent
pt,inclusão,fr,inclusion,transparent
pt,incomparável,fr,incomparable,transparent
pt,incompatível,fr,incompatible,transparent
pt,incompetência,fr,incompétence,transparent
pt,incompleto,fr,incomplet,transparent
pt,incompreensão,fr,incompréhension,transparent
pt,inconscientemente,fr,inconsciemment,transparent
pt,incontestável,fr,incontestable,transparent
pt,inconveniente,fr,inconvénient,transparent
pt,incrivelmente,fr,incroyablement,transparent
pt,incrível,fr,incroyable,altered
pt,incumbir,fr,incomber,transparent
pt,incêndio,fr,incendie,transparent
pt,indeciso,fr,indécis,transparent
pt,indefinidamente,fr,indéfiniment,transparent
pt,indenização,fr,indemnisation,altered
pt,independente,fr,indépendant,transparent
pt,independentemente,fr,indépendamment,transparent
pt,independentista,fr,indépendantiste,transparent
pt,independência,fr,indépendance,transparent
pt,indesejável,fr,indésirable,transparent
pt,indeterminar,fr,indéterminé,transparent
pt,indiano,fr,indien,altered
pt,indicador,fr,indicateur,transparent
pt,indicar,fr,indique,transparent
pt,indicativo,fr,indicatif,transparent
pt,indicação,fr,indication,transparent
pt,indiferente,fr,indifférent,transparent
pt,indiferença,fr,indifférence,transparent
pt,indignação,fr,indignation,transparent
pt,indigno,fr,indigne,transparent
pt,indiretamente,fr,indirectement,transparent
pt,indireto,fr,indirect,transparent
pt,indiscutível,fr,indiscutable,transparent
pt,indispensável,fr,indispensable,transparent
pt,individual,fr,individuel,transparent
pt,individualismo,fr,individualisme,transparent
pt,individualmente,fr,individuellement,transparent
pt,indivíduo,fr,individu,altered
pt,industrial,fr,industriel,transparent
pt,industrialização,fr,industrialisation,transparent
pt,induzir,fr,induit,altered
pt,indução,fr,induction,transparent
pt,indígena,fr,indigène,transparent
pt,indústria,fr,industrie,transparent
pt,ineficaz,fr,inefficace,altered
pt,inevitavelmente,fr,inévitablement,transparent
pt,inevitável,fr,inévitable,transparent
pt,infame,fr,infâme,transparent
pt,infantaria,fr,infanterie,transparent
pt,infantil,fr,infantile,transparent
pt,infarte,fr,infarctus,altered
pt,infectar,fr,infecté,transparent
pt,infecção,fr,infection,transparent
pt,inferior,fr,inférieur,transparent
pt,inferioridade,fr,infériorité,transparent
pt,infernal,fr,infernal,transparent
pt,inferno,fr,enfer,altered
pt,infidelidade,fr,infidélité,transparent
pt,infiel,fr,infidèle,altered
pt,infiltração,fr,infiltration,transparent
pt,infinitamente,fr,infiniment,transparent
pt,infinito,fr,infini,transparent
pt,inflamação,fr,inflammation,transparent
pt,inflação,fr,inflation,transparent
pt,infligir,fr,infliger,transparent
pt,influencer,fr,influencer,transparent
pt,influenciar,fr,influencer,transparent
pt,influente,fr,influent,transparent
pt,influência,fr,influence,altered
pt,info,fr,info,transparent
pt,infografia,fr,infographie,transparent
pt,informar,fr,informé,transparent
pt,informação,fr,information,transparent
pt,informe,fr,informe,transparent
pt,informático,fr,informatique,transparent
pt,infraestrutura,fr,infrastructure,transparent
pt,infravermelho,fr,infrarouge,altered
pt,infração,fr,infraction,transparent
pt,infringir,fr,enfreindre,altered
pt,infância,fr,enfance,altered
pt,inglaterra,fr,angleterre,altered
pt,inglês,fr,anglais,altered
pt,ingrediente,fr,ingrédient,transparent
pt,inicial,fr,initiale,transparent
pt,inicialmente,fr,initialement,transparent
pt,iniciar,fr,initié,altered
pt,iniciativo,fr,initiative,transparent
pt,iniciação,fr,initiation,transparent
pt,inimigo,fr,ennemi,altered
pt,injetar,fr,injecter,altered
pt,injeção,fr,injection,altered
pt,injunção,fr,injonction,transparent
pt,injustamente,fr,injustement,transparent
pt,injustiçar,fr,injustice,transparent
pt,injusto,fr,injuste,transparent
pt,injúria,fr,injure,transparent
pt,inocente,fr,innocent,transparent
pt,inocência,fr,innocence,transparent
pt,inovador,fr,innovant,altered
pt,inovar,fr,innover,transparent
pt,inovação,fr,innovation,transparent
pt,inquietante,fr,inquiétant,transparent
pt,inquietar,fr,inquiéter,transparent
pt,inquieto,fr,inquiet,altered
pt,inquietude,fr,inquiétude,transparent
pt,inquisição,fr,inquisition,transparent
pt,inscrever,fr,inscrire,altered
pt,inscrito,fr,inscrit,transparent
pt,inscrição,fr,inscription,transparent
pt,insegurança,fr,insécurité,altered
pt,insensato,fr,insensé,altered
pt,insensível,fr,insensible,transparent
pt,inserir,fr,insérer,altered
pt,inserção,fr,insertion,transparent
pt,inseto,fr,insecte,altered
pt,insetos,fr,insecte,altered
pt,insigne,fr,insigne,transparent
pt,insistente,fr,insistant,transparent
pt,insistir,fr,insister,transparent
pt,insistência,fr,insistance,transparent
pt,inspetor,fr,inspecteur,transparent
pt,inspeção,fr,inspection,altered
pt,inspirar,fr,inspiré,altered
pt,inspiração,fr,inspiration,transparent
pt,instabilidade,fr,instabilité,transparent
pt,instagram,fr,instagram,transparent
pt,instalar,fr,installer,transparent
pt,instalação,fr,installation,transparent
pt,instantaneamente,fr,instantanément,transparent
pt,instante,fr,instant,transparent
pt,instantâneo,fr,instantané,transparent
pt,instar,fr,instar,transparent
pt,instaurar,fr,instaurer,transparent
pt,instauração,fr,instauration,transparent
pt,instinto,fr,instinct,transparent
pt,instituição,fr,institution,transparent
pt,instituto,fr,institut,transparent
pt,instruir,fr,instruire,transparent
pt,instrumento,fr,instrument,transparent
pt,instrutor,fr,instructeur,altered
pt,instrução,fr,instruction,transparent
pt,instável,fr,instable,transparent
pt,instância,fr,instance,transparent
pt,insuficiente,fr,insuffisant,transparent
pt,insuficiência,fr,insuffisance,transparent
pt,insulina,fr,insuline,transparent
pt,insultante,fr,insultant,transparent
pt,insultar,fr,insulter,transparent
pt,insulto,fr,insulte,altered
pt,insuportável,fr,insupportable,altered
pt,insurgente,fr,insurgé,altered
pt,insurreição,fr,insurrection,transparent
pt,insólito,fr,insolite,transparent
pt,intacto,fr,intact,transparent
pt,integral,fr,intégrale,transparent
pt,integralidade,fr,intégralité,transparent
pt,integralmente,fr,intégralement,transparent
pt,integrante,fr,intégrant,transparent
pt,integrar,fr,intégré,transparent
pt,integração,fr,intégration,transparent
pt,integridade,fr,intégrité,transparent
pt,inteiramente,fr,entièrement,altered
pt,inteiro,fr,entier,altered
pt,intelectual,fr,intellectuel,transparent
pt,inteligente,fr,intelligent,transparent
pt,inteligência,fr,intelligence,transparent
pt,intempérie,fr,intempérie,transparent
pt,intendente,fr,intendant,transparent
pt,intensidade,fr,intensité,transparent
pt,intensivo,fr,intensif,transparent
pt,intenso,fr,intense,transparent
pt,intenção,fr,intention,transparent
pt,interagir,fr,interagir,transparent
pt,interativo,fr,interactif,transparent
pt,interação,fr,interaction,transparent
pt,interdição,fr,interdiction,transparent
pt,interessante,fr,intéressant,transparent
pt,interessar,fr,intéresser,transparent
pt,interesse,fr,intérêt,transparent
pt,interface,fr,interface,transparent
pt,interino,fr,intérim,altered
pt,interior,fr,intérieur,transparent
pt,interiormente,fr,intérieurement,altered
pt,interlocutor,fr,interlocuteur,transparent
pt,intermediário,fr,intermédiaire,transparent
pt,interminável,fr,interminable,transparent
pt,internacional,fr,international,transparent
pt,internauta,fr,internaute,transparent
pt,internet,fr,internet,transparent
pt,interno,fr,interne,transparent
pt,interpelar,fr,interpeller,transparent
pt,interpelação,fr,interpellation,transparent
pt,interpretar,fr,interpréter,transparent
pt,interpretação,fr,interprétation,transparent
pt,interrogar,fr,interroger,transparent
pt,interrogatório,fr,interrogatoire,transparent
pt,interrogação,fr,interrogation,transparent
pt,interromper,fr,interrompre,transparent
pt,interrupção,fr,interruption,transparent
pt,interseção,fr,intersection,transparent
pt,intervalo,fr,intervalle,transparent
pt,interveniente,fr,intervenant,transparent
pt,intervenção,fr,intervention,transparent
pt,intervir,fr,intervenir,transparent
pt,intestino,fr,intestin,transparent
pt,intimamente,fr,intimement,transparent
pt,intimidade,fr,intimité,transparent
pt,intimidar,fr,intimider,transparent
pt,intimidação,fr,intimidation,transparent
pt,intitular,fr,intitulé,transparent
pt,intolerável,fr,intolérable,transparent
pt,intolerância,fr,intolérance,transparent
pt,intoxicação,fr,intoxication,transparent
pt,intra,fr,intra,transparent
pt,intrigar,fr,intrigue,transparent
pt,intro,fr,intro,transparent
pt,introduzir,fr,introduire,transparent
pt,introdução,fr,introduction,transparent
pt,intrusão,fr,intrusion,transparent
pt,intuição,fr,intuition,transparent
pt,intérprete,fr,interprète,transparent
pt,inumerável,fr,innombrable,altered
pt,inutilmente,fr,inutilement,transparent
pt,invadir,fr,envahir,altered
pt,invalidez,fr,invalidité,transparent
pt,invasão,fr,invasion,transparent
pt,invejar,fr,envier,altered
pt,invencível,fr,invincible,transparent
pt,inventar,fr,inventer,transparent
pt,inventor,fr,inventeur,transparent
pt,inventário,fr,inventaire,transparent
pt,invenção,fr,invention,transparent
pt,inverno,fr,hiver,altered
pt,inversamente,fr,inversement,transparent
pt,inverso,fr,inverse,transparent
pt,inversão,fr,inversion,transparent
pt,inverter,fr,inverser,transparent
pt,investidor,fr,investisseur,altered
pt,investidura,fr,investiture,transparent
pt,investigação,fr,investigation,transparent
pt,investimento,fr,investissement,transparent
pt,investir,fr,investir,transparent
pt,invisível,fr,invisible,transparent
pt,invocar,fr,invoquer,transparent
pt,involuntário,fr,involontaire,transparent
pt,inválido,fr,invalide,transparent
pt,invés,fr,envers,altered
pt,inédito,fr,inédit,transparent
pt,inércia,fr,inertie,altered
pt,inútil,fr,inutile,transparent
pt,ioga,fr,yoga,altered
pt,ir,fr,ir,transparent
pt,iraniano,fr,iranien,altered
pt,irlanda,fr,irlande,transparent
pt,irlandês,fr,irlandais,transparent
pt,ironia,fr,ironie,transparent
pt,irregular,fr,irrégulier,transparent
pt,irregularidade,fr,irrégularité,transparent
pt,irresistível,fr,irrésistible,transparent
pt,irresponsável,fr,irresponsable,transparent
pt,irreversível,fr,irréversible,transparent
pt,irrigação,fr,irrigation,transparent
pt,irrupção,fr,irruption,transparent
pt,irônico,fr,ironique,transparent
pt,islamismo,fr,islamisme,transparent
pt,islamista,fr,islamiste,transparent
pt,islamofobia,fr,islamophobie,transparent
pt,islâmico,fr,islamique,altered
pt,islã,fr,islam,transparent
pt,isolamento,fr,isolement,transparent
pt,isolar,fr,isolé,altered
pt,israel,fr,israël,transparent
pt,istambul,fr,istanbul,altered
pt,it,fr,it,transparent
pt,italiano,fr,italien,altered
pt,item,fr,item,transparent
pt,itinerário,fr,itinéraire,altered
pt,itália,fr,italie,transparent
pt,iugoslávia,fr,yougoslavie,transparent
pt,ião,fr,ion,transparent
pt,jade,fr,jade,transparent
pt,jaguar,fr,jaguar,transparent
pt,jamaica,fr,jamaïque,transparent
pt,jamais,fr,jamais,transparent
pt,japonês,fr,japonais,transparent
pt,japão,fr,japon,altered
pt,jardim,fr,jardin,transparent
pt,jardinagem,fr,jardinage,transparent
pt,jardineiro,fr,jardinier,altered
pt,jargão,fr,jargon,transparent
pt,jato,fr,jet,altered
pt,jazz,fr,jazz,transparent
pt,jeans,fr,jean,transparent
pt,jejum,fr,jeûne,altered
pt,jesus,fr,jésus,transparent
pt,jesuíta,fr,jésuite,transparent
pt,jihad,fr,djihad,transparent
pt,jihadista,fr,djihadiste,altered
pt,jogar,fr,jouer,altered
pt,jogging,fr,jogging,transparent
pt,joker,fr,joker,transparent
pt,jornada,fr,journée,transparent
pt,jornalismo,fr,journalisme,transparent
pt,jornalista,fr,journaliste,transparent
pt,josé,fr,joseph,altered
pt,judaísmo,fr,judaïsme,transparent
pt,judicial,fr,judiciaire,transparent
pt,judicioso,fr,judicieux,transparent
pt,judô,fr,judo,transparent
pt,jugo,fr,joug,altered
pt,juiz,fr,juge,altered
pt,julgamento,fr,jugement,altered
pt,julgar,fr,juger,transparent
pt,julho,fr,juillet,transparent
pt,junho,fr,juin,altered
pt,juntar,fr,joint,altered
pt,junto,fr,joint,transparent
pt,junção,fr,jonction,altered
pt,jurar,fr,jurer,altered
pt,juridicamente,fr,juridiquement,transparent
pt,jurisdição,fr,juridiction,transparent
pt,jurisprudência,fr,jurisprudence,transparent
pt,jurista,fr,juriste,transparent
pt,jurídico,fr,juridique,transparent
pt,justamente,fr,justement,transparent
pt,justeza,fr,justesse,transparent
pt,justificar,fr,justifier,transparent
pt,justificação,fr,justification,transparent
pt,justiçar,fr,justice,transparent
pt,justo,fr,juste,altered
pt,juvenil,fr,juvénile,transparent
pt,juventude,fr,jeunesse,altered
pt,júnior,fr,junior,transparent
pt,júpiter,fr,jupiter,transparent
pt,júri,fr,jury,transparent
pt,karma,fr,karma,transparent
pt,kebab,fr,kebab,transparent
pt,ketchup,fr,ketchup,transparent
pt,kit,fr,kit,transparent
pt,kosovo,fr,kosovo,transparent
pt,kwh,fr,kwh,transparent
pt,labirinto,fr,labyrinthe,altered
pt,laboratório,fr,laboratoire,transparent
pt,lacuna,fr,lacune,transparent
pt,lago,fr,lac,altered
pt,laicidade,fr,laïcité,transparent
pt,laico,fr,laïque,altered
pt,lama,fr,lama,transparent
pt,lambda,fr,lambda,transparent
pt,lamentável,fr,lamentable,transparent
pt,lance,fr,lance,transparent
pt,lanterna,fr,lanterne,transparent
pt,lançador,fr,lanceur,transparent
pt,lançamento,fr,lancement,transparent
pt,lançar,fr,lancer,transparent
pt,lardo,fr,lard,transparent
pt,largamente,fr,largement,transparent
pt,largar,fr,larguer,altered
pt,largura,fr,largeur,altered
pt,larva,fr,larve,transparent
pt,laser,fr,laser,transparent
pt,lateral,fr,latéral,transparent
pt,latim,fr,latin,transparent
pt,latino,fr,latin,transparent
pt,latitude,fr,latitude,transparent
pt,laurear,fr,lauréat,transparent
pt,lavagem,fr,lavage,transparent
pt,lavar,fr,laver,transparent
pt,lazer,fr,loisir,altered
pt,leal,fr,loyal,altered
pt,lebre,fr,lièvre,altered
pt,legal,fr,légal,transparent
pt,legalidade,fr,légalité,transparent
pt,legalização,fr,légalisation,transparent
pt,legalmente,fr,légalement,transparent
pt,legar,fr,legs,altered
pt,legendar,fr,légende,transparent
pt,legendário,fr,légendaire,transparent
pt,legislativo,fr,législatif,transparent
pt,legislatura,fr,législature,transparent
pt,legislação,fr,législation,transparent
pt,legitimamente,fr,légitimement,transparent
pt,legitimidade,fr,légitimité,transparent
pt,legião,fr,légion,transparent
pt,legume,fr,légume,transparent
pt,legítimo,fr,légitime,transparent
pt,lei,fr,loi,altered
pt,leite,fr,lait,altered
pt,leito,fr,lit,altered
pt,leitor,fr,lecteur,altered
pt,lenda,fr,légende,transparent
pt,lentamente,fr,lentement,transparent
pt,lente,fr,lente,transparent
pt,lentidão,fr,lenteur,altered
pt,lentilha,fr,lentille,altered
pt,lento,fr,lent,transparent
pt,leopardo,fr,léopard,transparent
pt,ler,fr,lire,altered
pt,lesão,fr,lésion,transparent
pt,letra,fr,lettre,altered
pt,letras,fr,lettre,transparent
pt,leu,fr,leu,transparent
pt,levantar,fr,lever,altered
pt,levante,fr,levant,transparent
pt,levar,fr,lever,altered
pt,leve,fr,léger,altered
pt,levedura,fr,levure,transparent
pt,levemente,fr,légèrement,altered
pt,leves,fr,léger,transparent
pt,leão,fr,lion,altered
pt,liar,fr,lier,altered
pt,libanês,fr,libanais,transparent
pt,liberal,fr,libéral,altered
pt,liberalismo,fr,libéralisme,transparent
pt,liberalização,fr,libéralisation,transparent
pt,liberar,fr,libérer,altered
pt,liberdade,fr,liberté,altered
pt,libertar,fr,libéré,altered
pt,libertação,fr,libération,altered
pt,libertário,fr,libertaire,altered
pt,licenciamento,fr,licenciement,transparent
pt,licenciar,fr,licencié,transparent
pt,liceu,fr,lycée,transparent
pt,lido,fr,lire,altered
pt,ligar,fr,lié,altered
pt,ligações,fr,liaison,altered
pt,ligeiro,fr,léger,altered
pt,limar,fr,limer,altered
pt,limitar,fr,limité,transparent
pt,limitação,fr,limitation,transparent
pt,limite,fr,limite,transparent
pt,linear,fr,linéaire,transparent
pt,lingerie,fr,lingerie,transparent
pt,linguagem,fr,langage,altered
pt,linguístico,fr,linguistique,transparent
pt,linha,fr,ligne,altered
pt,linhagem,fr,lignée,altered
pt,linhas,fr,ligne,altered
pt,linho,fr,lin,altered
pt,liquidação,fr,liquidation,transparent
pt,liso,fr,lisse,transparent
pt,listar,fr,liste,transparent
pt,literalmente,fr,littéralement,transparent
pt,literatura,fr,littérature,transparent
pt,literário,fr,littéraire,transparent
pt,litoral,fr,littoral,transparent
pt,litro,fr,litre,transparent
pt,liturgia,fr,liturgie,transparent
pt,lituânia,fr,lituanie,transparent
pt,litígio,fr,litige,altered
pt,livrar,fr,délivrer,altered
pt,livre,fr,libre,transparent
pt,livreiro,fr,libraire,altered
pt,livremente,fr,librement,transparent
pt,livreto,fr,livret,altered
pt,livro,fr,livre,transparent
pt,lixívia,fr,lessive,altered
pt,lição,fr,leçon,transparent
pt,lobby,fr,lobby,transparent
pt,lobbying,fr,lobbying,transparent
pt,lobo,fr,loup,altered
pt,local,fr,local,transparent
pt,localidade,fr,localité,transparent
pt,localizar,fr,localiser,transparent
pt,localização,fr,localisation,transparent
pt,localmente,fr,localement,transparent
pt,locativo,fr,locatif,transparent
pt,locatário,fr,locataire,altered
pt,logicamente,fr,logiquement,transparent
pt,logístico,fr,logistique,transparent
pt,loja,fr,loge,altered
pt,londrino,fr,londonien,altered
pt,longamente,fr,longuement,transparent
pt,longe,fr,loin,altered
pt,longevidade,fr,longévité,transparent
pt,longitude,fr,longueur,altered
pt,longo,fr,long,transparent
pt,look,fr,look,transparent
pt,lote,fr,lot,transparent
pt,loteria,fr,loterie,transparent
pt,loto,fr,loto,transparent
pt,louco,fr,fou,altered
pt,loureiro,fr,laurier,altered
pt,louvar,fr,louer,altered
pt,lua,fr,lune,altered
pt,lucidez,fr,lucidité,altered
pt,lucrativo,fr,lucratif,transparent
pt,luiz,fr,louis,altered
pt,luminosidade,fr,luminosité,transparent
pt,luminoso,fr,lumineux,transparent
pt,lunar,fr,lunaire,transparent
pt,luneta,fr,lunette,transparent
pt,lustre,fr,lustre,transparent
pt,lutar,fr,lutte,altered
pt,luxemburguês,fr,luxembourgeois,transparent
pt,luxo,fr,luxe,transparent
pt,luxuoso,fr,luxueux,transparent
pt,luzir,fr,luire,altered
pt,lá,fr,là,transparent
pt,látex,fr,latex,transparent
pt,lâmina,fr,lame,altered
pt,lâmpada,fr,lampe,altered
pt,lã,fr,laine,altered
pt,lésbico,fr,lesbien,altered
pt,léxico,fr,lexique,transparent
pt,líder,fr,leader,transparent
pt,língua,fr,langue,altered
pt,líquido,fr,liquide,transparent
pt,lírico,fr,lyrique,transparent
pt,lítio,fr,lithium,altered
pt,lógico,fr,logique,transparent
pt,lótus,fr,lotus,transparent
pt,lúcido,fr,lucide,transparent
pt,lúdico,fr,ludique,transparent
pt,macedônia,fr,macédoine,altered
pt,maciço,fr,massif,altered
pt,macro,fr,macro,transparent
pt,mafioso,fr,mafieux,altered
pt,magazine,fr,magazine,transparent
pt,magia,fr,magie,transparent
pt,magistrado,fr,magistrat,transparent
pt,magistratura,fr,magistrature,transparent
pt,magnificamente,fr,magnifiquement,transparent
pt,magnitude,fr,magnitude,transparent
pt,magnésio,fr,magnésium,transparent
pt,magnético,fr,magnétique,transparent
pt,magnífico,fr,magnifique,transparent
pt,mago,fr,magicien,altered
pt,magrebe,fr,maghreb,transparent
pt,mail,fr,mail,transparent
pt,maio,fr,mai,transparent
pt,maior,fr,majeur,altered
pt,maioria,fr,majorité,altered
pt,maioritariamente,fr,majoritairement,transparent
pt,maioritário,fr,majoritaire,transparent
pt,maiúsculo,fr,majuscule,transparent
pt,majestade,fr,majesté,transparent
pt,mal,fr,mal,transparent
pt,maldizer,fr,maudire,altered
pt,maldição,fr,malédiction,transparent
pt,malásio,fr,malaisie,altered
pt,maléfico,fr,maléfique,transparent
pt,mamã,fr,maman,transparent
pt,mamãe,fr,maman,altered
pt,mamífero,fr,mammifère,transparent
pt,manager,fr,manager,transparent
pt,mandamento,fr,commandement,altered
pt,mandarim,fr,mandarin,transparent
pt,mandato,fr,mandat,transparent
pt,mandatário,fr,mandataire,transparent
pt,maneiro,fr,manière,transparent
pt,manejar,fr,manier,transparent
pt,manejo,fr,manège,altered
pt,manequim,fr,mannequin,transparent
pt,maneta,fr,manette,transparent
pt,manifestamente,fr,manifestement,transparent
pt,manifestante,fr,manifestant,transparent
pt,manifestar,fr,manifester,transparent
pt,manifestação,fr,manifestation,transparent
pt,manifesto,fr,manifeste,transparent
pt,manipular,fr,manipuler,transparent
pt,manipulação,fr,manipulation,transparent
pt,manobrar,fr,manœuvre,altered
pt,manobras,fr,manœuvres,altered
pt,manor,fr,manoir,transparent
pt,manter,fr,maintenir,transparent
pt,manual,fr,manuel,transparent
pt,manuscrito,fr,manuscrit,transparent
pt,manutenção,fr,maintien,altered
pt,maquete,fr,maquette,transparent
pt,maquiagem,fr,maquillage,altered
pt,mar,fr,mer,altered
pt,maratona,fr,marathon,transparent
pt,maravilhar,fr,merveille,transparent
pt,maravilhoso,fr,merveilleux,altered
pt,marcador,fr,marqueur,transparent
pt,marcante,fr,marquant,transparent
pt,marcar,fr,marque,altered
pt,marchar,fr,marche,transparent
pt,marcial,fr,martial,transparent
pt,marechal,fr,maréchal,transparent
pt,margem,fr,marge,transparent
pt,marginal,fr,marginal,transparent
pt,marido,fr,mari,altered
pt,marinho,fr,marin,transparent
pt,marionete,fr,marionnette,transparent
pt,marketing,fr,marketing,transparent
pt,marquês,fr,marquis,altered
pt,marrom,fr,marron,transparent
pt,marroquino,fr,marocain,altered
pt,martelo,fr,marteau,altered
pt,martírio,fr,martyre,altered
pt,marxismo,fr,marxisme,transparent
pt,marxista,fr,marxiste,transparent
pt,março,fr,mars,altered
pt,maré,fr,marée,transparent
pt,marítimo,fr,maritime,transparent
pt,mascote,fr,mascotte,transparent
pt,masculino,fr,masculin,transparent
pt,massa,fr,masse,transparent
pt,massacrar,fr,massacrer,transparent
pt,massacre,fr,massacre,transparent
pt,massagem,fr,massage,transparent
pt,massivamente,fr,massivement,transparent
pt,master,fr,master,transparent
pt,mastro,fr,mât,altered
pt,masturbação,fr,masturbation,transparent
pt,match,fr,match,transparent
pt,matemático,fr,mathématique,altered
pt,material,fr,matériel,transparent
pt,maternal,fr,maternelle,altered
pt,maternidade,fr,maternité,transparent
pt,matinal,fr,matinal,transparent
pt,mato,fr,matos,transparent
pt,matriz,fr,matrice,transparent
pt,mats,fr,maths,transparent
pt,maturidade,fr,maturité,altered
pt,matéria,fr,matière,transparent
pt,mau,fr,mal,altered
pt,max,fr,max,transparent
pt,maxi,fr,maxi,transparent
pt,maximal,fr,maximal,transparent
pt,maximizar,fr,maximiser,transparent
pt,maçom,fr,maçon,transparent
pt,mecanismo,fr,mécanisme,transparent
pt,mechar,fr,mèche,transparent
pt,mecânico,fr,mécanique,transparent
pt,medalhar,fr,médaille,transparent
pt,mediador,fr,médiateur,transparent
pt,mediano,fr,médian,altered
pt,mediateca,fr,médiathèque,transparent
pt,mediação,fr,médiation,transparent
pt,medicamento,fr,médicament,altered
pt,medicinar,fr,médecine,transparent
pt,medieval,fr,médiéval,transparent
pt,mediocridade,fr,médiocrité,transparent
pt,medir,fr,mesure,altered
pt,meditar,fr,méditer,transparent
pt,meditação,fr,méditation,transparent
pt,mediterrâneo,fr,méditerranée,altered
pt,mediático,fr,médiatique,transparent
pt,medular,fr,moelle,altered
pt,medíocre,fr,médiocre,transparent
pt,mega,fr,méga,transparent
pt,meio-dia,fr,midi,altered
pt,mel,fr,miel,altered
pt,melancolia,fr,mélancolie,transparent
pt,melancólico,fr,mélancolique,transparent
pt,melhor,fr,meilleur,altered
pt,melhorar,fr,améliorer,altered
pt,melhoria,fr,amélioration,altered
pt,melodiar,fr,mélodie,transparent
pt,melão,fr,melon,altered
pt,membrana,fr,membrane,transparent
pt,membro,fr,membre,transparent
pt,memorial,fr,mémorial,transparent
pt,memorável,fr,mémorable,transparent
pt,memória,fr,mémoire,transparent
pt,memórias,fr,mémoire,transparent
pt,mencionar,fr,mentionner,transparent
pt,menor,fr,mineur,altered
pt,menos,fr,moins,altered
pt,menosprezar,fr,mépriser,altered
pt,menosprezo,fr,mépris,altered
pt,mensageiro,fr,messager,altered
pt,mensagem,fr,message,transparent
pt,mensal,fr,mensuel,altered
pt,menta,fr,menthe,transparent
pt,mental,fr,mental,transparent
pt,mentalidade,fr,mentalité,transparent
pt,mentalmente,fr,mentalement,transparent
pt,mentiroso,fr,menteur,altered
pt,mento,fr,menton,altered
pt,mentor,fr,mentor,transparent
pt,menu,fr,menu,transparent
pt,menção,fr,mention,transparent
pt,mercadoria,fr,marchandise,altered
pt,mercar,fr,marché,altered
pt,mercenário,fr,mercenaire,transparent
pt,mercúrio,fr,mercure,altered
pt,merda,fr,merde,transparent
pt,merecer,fr,mériter,altered
pt,merecido,fr,mérité,altered
pt,meridional,fr,méridional,transparent
pt,mesmo,fr,même,altered
pt,mesquita,fr,mosquée,altered
pt,messias,fr,messie,altered
pt,mestiço,fr,métis,altered
pt,mestre,fr,maître,altered
pt,mestria,fr,maîtrise,altered
pt,metabolismo,fr,métabolisme,transparent
pt,metafísico,fr,métaphysique,transparent
pt,metal,fr,métal,transparent
pt,metalurgia,fr,métallurgie,transparent
pt,metamorfose,fr,métamorphose,transparent
pt,metano,fr,méthane,altered
pt,meteorológico,fr,météorologique,transparent
pt,meter,fr,mettre,altered
pt,metodologia,fr,méthodologie,transparent
pt,metragem,fr,métrage,altered
pt,metro,fr,mètre,transparent
pt,metropolitano,fr,métropolitain,transparent
pt,metrópole,fr,métropole,transparent
pt,metrô,fr,métro,transparent
pt,metrôs,fr,métro,transparent
pt,metáfora,fr,métaphore,transparent
pt,metálico,fr,métallique,transparent
pt,meu,fr,mien,altered
pt,mexicano,fr,mexicain,transparent
pt,mi,fr,mi,transparent
pt,micro,fr,micro,transparent
pt,migrante,fr,migrant,transparent
pt,migratório,fr,migratoire,transparent
pt,migração,fr,migration,transparent
pt,mil,fr,millier,altered
pt,milagre,fr,miracle,altered
pt,milenar,fr,millénaire,transparent
pt,milhão,fr,million,transparent
pt,milionário,fr,millionnaire,altered
pt,militante,fr,militant,altered
pt,militar,fr,militaire,altered
pt,milícia,fr,milice,transparent
pt,milímetro,fr,millimètre,transparent
pt,minar,fr,miner,altered
pt,mineiro,fr,minier,altered
pt,mineral,fr,minéral,transparent
pt,mini,fr,mini,transparent
pt,miniaturar,fr,miniature,transparent
pt,minimal,fr,minimal,transparent
pt,minimizar,fr,minimiser,transparent
pt,ministerial,fr,ministériel,transparent
pt,ministro,fr,ministre,transparent
pt,ministério,fr,ministère,altered
pt,minoria,fr,minorité,transparent
pt,minoritário,fr,minoritaire,transparent
pt,minuto,fr,minute,transparent
pt,minério,fr,minière,altered
pt,minúsculo,fr,minuscule,transparent
pt,misericórdia,fr,miséricorde,transparent
pt,miserável,fr,misérable,transparent
pt,miss,fr,miss,transparent
pt,missionário,fr,missionnaire,transparent
pt,missão,fr,mission,transparent
pt,misterioso,fr,mystérieux,altered
pt,misto,fr,mixte,transparent
pt,mistral,fr,mistral,transparent
pt,mistério,fr,mystère,altered
pt,miséria,fr,misère,transparent
pt,mitigar,fr,mitigé,transparent
pt,mito,fr,mythe,altered
pt,mitologia,fr,mythologie,transparent
pt,mobilidade,fr,mobilité,transparent
pt,mobilizar,fr,mobiliser,altered
pt,mobilização,fr,mobilisation,transparent
pt,mobiliário,fr,mobilier,transparent
pt,moda,fr,mode,transparent
pt,modalidade,fr,modalité,altered
pt,modelização,fr,modélisation,transparent
pt,modelo,fr,modèle,transparent
pt,modem,fr,modem,transparent
pt,moderar,fr,modéré,altered
pt,moderação,fr,modération,transparent
pt,modernidade,fr,modernité,transparent
pt,modernizar,fr,moderniser,transparent
pt,modernização,fr,modernisation,transparent
pt,moderno,fr,moderne,transparent
pt,modesto,fr,modeste,transparent
pt,modificar,fr,modifier,transparent
pt,modificação,fr,modification,transparent
pt,modo,fr,mode,altered
pt,modéstia,fr,modestie,transparent
pt,moeda,fr,monnaie,altered
pt,moinho,fr,moulin,altered
pt,moldar,fr,mouler,altered
pt,mole,fr,mou,altered
pt,molecular,fr,moléculaire,transparent
pt,moleiro,fr,meunier,altered
pt,molécula,fr,molécule,transparent
pt,momento,fr,moment,transparent
pt,monarca,fr,monarque,transparent
pt,monetário,fr,monétaire,transparent
pt,monge,fr,moine,altered
pt,monitor,fr,moniteur,altered
pt,mono,fr,mono,transparent
pt,monopólio,fr,monopole,transparent
pt,monstro,fr,monstre,transparent
pt,monstruoso,fr,monstrueux,transparent
pt,montagem,fr,montage,transparent
pt,montanha,fr,montagne,altered
pt,montar,fr,monter,transparent
pt,monte,fr,monte,transparent
pt,monumental,fr,monumental,transparent
pt,monumento,fr,monument,transparent
pt,moral,fr,morale,transparent
pt,moralidade,fr,moralité,transparent
pt,moralmente,fr,moralement,transparent
pt,morder,fr,mordre,transparent
pt,morfologia,fr,morphologie,transparent
pt,moribundo,fr,mourant,altered
pt,morrer,fr,mourir,altered
pt,mortal,fr,mortel,transparent
pt,mortalidade,fr,mortalité,transparent
pt,morte,fr,mort,altered
pt,morteiro,fr,mortier,altered
pt,morto,fr,mort,altered
pt,mosaico,fr,mosaïque,transparent
pt,moscar,fr,mouche,altered
pt,mosquito,fr,moustique,transparent
pt,mostarda,fr,moutarde,altered
pt,mosteiro,fr,monastère,altered
pt,mostrar,fr,montrer,altered
pt,motivar,fr,motivé,transparent
pt,motivação,fr,motivation,transparent
pt,motivo,fr,motif,altered
pt,moto,fr,moto,transparent
pt,motor,fr,moteur,altered
pt,motriz,fr,motrice,altered
pt,mousse,fr,mousse,transparent
pt,movimento,fr,mouvement,transparent
pt,moçambique,fr,mozambique,altered
pt,moção,fr,motion,transparent
pt,mu,fr,mu,transparent
pt,mudança,fr,mutation,altered
pt,mudar,fr,muer,altered
pt,mudo,fr,muet,transparent
pt,multi,fr,multi,transparent
pt,multidão,fr,multitude,altered
pt,multimídia,fr,multimédia,transparent
pt,multinacional,fr,multinationale,transparent
pt,multiplicar,fr,multiplier,altered
pt,multiplicação,fr,multiplication,transparent
pt,mundial,fr,mondial,transparent
pt,mundialização,fr,mondialisation,transparent
pt,mundialmente,fr,mondialement,transparent
pt,mundo,fr,monde,altered
pt,municipal,fr,municipal,transparent
pt,municipalidade,fr,municipalité,transparent
pt,município,fr,municipalité,altered
pt,munir,fr,muni,transparent
pt,munição,fr,munition,transparent
pt,murmúrio,fr,murmure,altered
pt,muro,fr,mur,altered
pt,musa,fr,muse,transparent
pt,musculado,fr,musclé,altered
pt,muscular,fr,musculaire,transparent
pt,museu,fr,musée,altered
pt,musical,fr,musical,transparent
pt,mutação,fr,mutation,transparent
pt,mutuamente,fr,mutuellement,transparent
pt,muçulmano,fr,musulman,altered
pt,máfia,fr,mafia,transparent
pt,mágico,fr,magique,transparent
pt,máquina,fr,machine,altered
pt,mármore,fr,marbre,altered
pt,mártir,fr,martyr,transparent
pt,máscara,fr,masque,altered
pt,máximo,fr,maximum,transparent
pt,mãe,fr,mère,altered
pt,mão,fr,main,altered
pt,médico,fr,médecin,altered
pt,médio,fr,média,transparent
pt,médium,fr,médium,transparent
pt,mérito,fr,mérite,transparent
pt,método,fr,méthode,transparent
pt,métrico,fr,métrique,transparent
pt,mínimo,fr,minimum,transparent
pt,míssil,fr,missile,transparent
pt,místico,fr,mystique,altered
pt,mítico,fr,mythique,altered
pt,módulo,fr,module,altered
pt,móvel,fr,mobile,transparent
pt,múltiplo,fr,multiple,transparent
pt,músculo,fr,muscle,transparent
pt,músico,fr,musique,altered
pt,mútuo,fr,mutuelle,transparent
pt,nacional,fr,nationale,transparent
pt,nacionalidade,fr,nationalité,transparent
pt,nacionalismo,fr,nationalisme,transparent
pt,nacionalista,fr,nationaliste,transparent
pt,nadar,fr,nager,altered
pt,nado,fr,nage,altered
pt,narrador,fr,narrateur,transparent
pt,narrativo,fr,narratif,transparent
pt,narração,fr,narration,transparent
pt,nascer,fr,naître,altered
pt,natação,fr,natation,transparent
pt,nativo,fr,natif,transparent
pt,natural,fr,naturel,transparent
pt,naturalista,fr,naturaliste,transparent
pt,naturalmente,fr,naturellement,transparent
pt,natureza,fr,nature,altered
pt,naufrágio,fr,naufrage,transparent
pt,naval,fr,navale,transparent
pt,nave,fr,navette,altered
pt,navegador,fr,navigateur,transparent
pt,navegar,fr,naviguer,transparent
pt,navegação,fr,navigation,transparent
pt,navio,fr,navire,altered
pt,nazi,fr,nazi,transparent
pt,nazismo,fr,nazisme,transparent
pt,nação,fr,nation,transparent
pt,ne,fr,ne,transparent
pt,necessariamente,fr,nécessairement,transparent
pt,necessidade,fr,nécessité,transparent
pt,necessitar,fr,nécessiter,transparent
pt,necessário,fr,nécessaire,transparent
pt,neerlandês,fr,néerlandais,transparent
pt,nefasto,fr,néfaste,transparent
pt,negar,fr,nié,altered
pt,negativamente,fr,négativement,transparent
pt,negativar,fr,négative,transparent
pt,negativo,fr,négatif,transparent
pt,negação,fr,négation,transparent
pt,negligenciar,fr,négliger,altered
pt,negligenciável,fr,négligeable,altered
pt,negligência,fr,négligence,transparent
pt,negociante,fr,négociant,transparent
pt,negociar,fr,négocier,transparent
pt,negociação,fr,négociation,transparent
pt,negro,fr,nègre,altered
pt,nervo,fr,nerf,altered
pt,nervoso,fr,nerveux,transparent
pt,netuno,fr,neptune,altered
pt,neurônio,fr,neurone,altered
pt,neutralidade,fr,neutralité,transparent
pt,neutralizar,fr,neutraliser,transparent
pt,neutro,fr,neutre,transparent
pt,neve,fr,neige,altered
pt,nicho,fr,niche,transparent
pt,ninho,fr,nid,altered
pt,ninja,fr,ninja,transparent
pt,nobel,fr,nobel,transparent
pt,nobre,fr,noble,altered
pt,nobreza,fr,noblesse,transparent
pt,noite,fr,nuit,altered
pt,nome,fr,nom,transparent
pt,nomear,fr,nommé,transparent
pt,nomeação,fr,nomination,altered
pt,nomenclatura,fr,nomenclature,transparent
pt,norma,fr,norme,transparent
pt,normal,fr,normal,transparent
pt,normalização,fr,normalisation,transparent
pt,normalmente,fr,normalement,transparent
pt,normando,fr,normand,transparent
pt,norte,fr,nord,altered
pt,noruega,fr,norvège,altered
pt,norueguês,fr,norvégien,altered
pt,nostalgia,fr,nostalgie,transparent
pt,nostálgico,fr,nostalgique,transparent
pt,notar,fr,note,transparent
pt,notação,fr,notation,transparent
pt,notificação,fr,notification,transparent
pt,notoriedade,fr,notoriété,transparent
pt,noturno,fr,nocturne,altered
pt,notário,fr,notaire,transparent
pt,notável,fr,notable,transparent
pt,notório,fr,notoire,transparent
pt,nove,fr,neuf,altered
pt,novembro,fr,novembre,altered
pt,novo,fr,nouveau,altered
pt,noz,fr,noix,altered
pt,noção,fr,notion,transparent
pt,nu,fr,nu,transparent
pt,nuca,fr,nuque,transparent
pt,nuclear,fr,nucléaire,transparent
pt,nudez,fr,nudité,transparent
pt,nulidade,fr,nullité,transparent
pt,nulo,fr,nul,transparent
pt,numérico,fr,numérique,transparent
pt,nutrir,fr,nourrir,altered
pt,nutrição,fr,nutrition,transparent
pt,nuvem,fr,nuage,altered
pt,náutico,fr,nautique,altered
pt,não,fr,non,altered
pt,níquel,fr,nickel,transparent
pt,nível,fr,niveau,transparent
pt,nó,fr,nœud,altered
pt,nórdico,fr,nordique,transparent
pt,nômade,fr,nomade,transparent
pt,número,fr,numéro,transparent
pt,oasis,fr,oasis,transparent
pt,obedecer,fr,obéir,altered
pt,obediência,fr,obéissance,transparent
pt,obesidade,fr,obésité,transparent
pt,obeso,fr,obèse,altered
pt,objectivo,fr,objectif,transparent
pt,objetividade,fr,objectivité,transparent
pt,objetivo,fr,objectif,transparent
pt,objeto,fr,objet,transparent
pt,objeção,fr,objection,transparent
pt,obrar,fr,ouvrage,altered
pt,obrigar,fr,obligé,transparent
pt,obrigatoriamente,fr,obligatoirement,transparent
pt,obrigatório,fr,obligatoire,altered
pt,obrigação,fr,obligation,transparent
pt,obscuridade,fr,obscurité,transparent
pt,obscuro,fr,obscur,transparent
pt,observador,fr,observateur,transparent
pt,observar,fr,observer,transparent
pt,observatório,fr,observatoire,transparent
pt,observação,fr,observation,transparent
pt,obsessão,fr,obsession,transparent
pt,obsoleto,fr,obsolète,transparent
pt,obstrução,fr,obstruction,transparent
pt,obstáculo,fr,obstacle,transparent
pt,obtenção,fr,obtention,transparent
pt,obter,fr,obtenir,altered
pt,obtido,fr,obtenir,altered
pt,ocasião,fr,occasion,transparent
pt,oceano,fr,océan,transparent
pt,ocidental,fr,occidental,transparent
pt,ocidente,fr,occident,altered
pt,ocorrência,fr,occurrence,altered
pt,oculto,fr,occulte,transparent
pt,ocupante,fr,occupant,transparent
pt,ocupar,fr,occuper,transparent
pt,ocupação,fr,occupation,transparent
pt,ode,fr,ode,transparent
pt,odioso,fr,odieux,transparent
pt,odisseia,fr,odyssée,altered
pt,odor,fr,odeur,transparent
pt,oeste,fr,ouest,transparent
pt,ofensivo,fr,offensive,transparent
pt,ofenso,fr,offense,transparent
pt,oferecer,fr,offrir,altered
pt,oferecido,fr,offrir,altered
pt,ofertar,fr,offre,altered
pt,oficial,fr,officiel,transparent
pt,oficialmente,fr,officiellement,transparent
pt,ofício,fr,office,transparent
pt,oh,fr,oh,transparent
pt,oito,fr,huit,altered
pt,okay,fr,okay,transparent
pt,olho,fr,œil,altered
pt,oliva,fr,olive,transparent
pt,oliveira,fr,olivier,altered
pt,olímpico,fr,olympique,transparent
pt,omelete,fr,omelette,transparent
pt,omitir,fr,omis,altered
pt,on,fr,on,transparent
pt,onda,fr,onde,transparent
pt,onde,fr,onde,transparent
pt,oneroso,fr,onéreux,altered
pt,online,fr,online,transparent
pt,onze,fr,onze,transparent
pt,opaco,fr,opaque,transparent
pt,operacional,fr,opérationnel,altered
pt,operador,fr,opérateur,altered
pt,operante,fr,opérant,transparent
pt,operar,fr,opérer,transparent
pt,operatório,fr,opératoire,transparent
pt,operação,fr,opération,transparent
pt,opinião,fr,opinion,transparent
pt,oponente,fr,opposant,transparent
pt,opor,fr,opposer,transparent
pt,oportunidade,fr,opportunité,transparent
pt,oportuno,fr,opportun,transparent
pt,oposição,fr,opposition,transparent
pt,oposto,fr,opposé,altered
pt,opressão,fr,oppression,transparent
pt,optar,fr,opter,transparent
pt,opção,fr,option,transparent
pt,or,fr,or,transparent
pt,orador,fr,orateur,altered
pt,oral,fr,oral,transparent
pt,ordem,fr,ordre,transparent
pt,ordenança,fr,ordonnance,transparent
pt,ordenar,fr,ordonné,altered
pt,ordinário,fr,ordinaire,transparent
pt,orelhar,fr,oreille,altered
pt,organismo,fr,organisme,transparent
pt,organizador,fr,organisateur,transparent
pt,organizar,fr,organisé,transparent
pt,organização,fr,organisation,transparent
pt,orgasmo,fr,orgasme,transparent
pt,orgulho,fr,orgueil,altered
pt,orgânico,fr,organique,altered
pt,oriental,fr,oriental,transparent
pt,orientar,fr,orienté,transparent
pt,orientação,fr,orientation,transparent
pt,oriente,fr,orient,altered
pt,origem,fr,origine,transparent
pt,original,fr,original,transparent
pt,originalidade,fr,originalité,transparent
pt,originário,fr,originaire,transparent
pt,ornamento,fr,ornement,transparent
pt,ornar,fr,orné,transparent
pt,orquestrar,fr,orchestre,altered
pt,ortodoxo,fr,orthodoxe,transparent
pt,oráculo,fr,oracle,transparent
pt,osa,fr,ose,transparent
pt,oscar,fr,oscar,transparent
pt,otimismo,fr,optimisme,transparent
pt,otimista,fr,optimiste,transparent
pt,otimizar,fr,optimiser,altered
pt,otimização,fr,optimisation,transparent
pt,otomano,fr,ottoman,transparent
pt,ou,fr,ou,transparent
pt,ouro,fr,or,altered
pt,ousar,fr,oser,altered
pt,outono,fr,automne,altered
pt,outro,fr,autre,altered
pt,outubro,fr,octobre,altered
pt,overdose,fr,overdose,transparent
pt,oxigênio,fr,oxygène,transparent
pt,oásis,fr,oasis,transparent
pt,paciente,fr,patient,transparent
pt,paciência,fr,patience,altered
pt,pacote,fr,paquet,altered
pt,pacto,fr,pacte,transparent
pt,pacífico,fr,pacifique,altered
pt,padre,fr,père,altered
pt,padrinho,fr,parrain,altered
pt,pagamento,fr,paiement,transparent
pt,pagar,fr,payer,altered
pt,pago,fr,payé,transparent
pt,painel,fr,panneau,altered
pt,pais,fr,pays,transparent
pt,paisagem,fr,paysage,altered
pt,paisano,fr,paysan,transparent
pt,paixão,fr,passion,altered
pt,palestiniano,fr,palestinien,altered
pt,palestino,fr,palestine,transparent
pt,paleta,fr,palette,transparent
pt,palha,fr,paille,altered
pt,paliativo,fr,pallier,altered
pt,palmar,fr,palme,transparent
pt,palmeiro,fr,palmier,altered
pt,palácio,fr,palais,altered
pt,panamá,fr,panama,transparent
pt,pandemia,fr,pandémie,transparent
pt,panorama,fr,panorama,transparent
pt,pantera,fr,panthère,transparent
pt,panteão,fr,panthéon,altered
pt,papel,fr,papier,altered
pt,papi,fr,papi,transparent
pt,paquistanês,fr,pakistanais,altered
pt,par,fr,par,transparent
pt,paradigma,fr,paradigme,transparent
pt,paradoxo,fr,paradoxe,transparent
pt,paralelamente,fr,parallèlement,transparent
pt,paralelo,fr,parallèle,altered
pt,paralisia,fr,paralysie,transparent
pt,paralizar,fr,paralysé,transparent
pt,paranoia,fr,paranoïa,transparent
pt,paraolímpico,fr,paralympique,altered
pt,paraquedas,fr,parachute,altered
pt,paraíso,fr,paradis,altered
pt,parcelar,fr,parcelle,transparent
pt,parcial,fr,partielle,altered
pt,parcialmente,fr,partiellement,transparent
pt,parecer,fr,paraître,transparent
pt,parecido,fr,pareil,altered
pt,parede,fr,paroi,altered
pt,parental,fr,parental,transparent
pt,parente,fr,parent,transparent
pt,paridade,fr,parité,transparent
pt,parisiense,fr,parisien,transparent
pt,parlamentar,fr,parlementaire,transparent
pt,parlamento,fr,parlement,transparent
pt,parque,fr,parc,altered
pt,participante,fr,participant,transparent
pt,participar,fr,participer,transparent
pt,participativo,fr,participatif,transparent
pt,participação,fr,participation,transparent
pt,particular,fr,particulier,transparent
pt,particularidade,fr,particularité,transparent
pt,particularmente,fr,particulièrement,transparent
pt,particípio,fr,participe,altered
pt,partidário,fr,partisan,altered
pt,partilhar,fr,partager,altered
pt,partir,fr,partie,transparent
pt,partição,fr,partition,transparent
pt,partícula,fr,particule,transparent
pt,parágrafo,fr,paragraphe,transparent
pt,parâmetro,fr,paramètre,transparent
pt,parêntese,fr,parenthèse,transparent
pt,paródia,fr,parodie,altered
pt,paróquia,fr,paroisse,altered
pt,passador,fr,passeur,transparent
pt,passageiro,fr,passager,transparent
pt,passagem,fr,passage,altered
pt,passante,fr,passant,transparent
pt,passaporte,fr,passeport,transparent
pt,passar,fr,passer,transparent
pt,passivo,fr,passif,transparent
pt,passo,fr,pas,altered
pt,pastelaria,fr,pâtisserie,altered
pt,pastor,fr,pasteur,altered
pt,pastoril,fr,pastorale,altered
pt,paternal,fr,paternel,transparent
pt,paternidade,fr,paternité,transparent
pt,patinagem,fr,patinage,transparent
pt,patologia,fr,pathologie,transparent
pt,patriarca,fr,patriarche,transparent
pt,patriarcado,fr,patriarcat,transparent
pt,patrimônio,fr,patrimoine,altered
pt,patriota,fr,patriote,transparent
pt,patriotismo,fr,patriotisme,transparent
pt,patriótico,fr,patriotique,altered
pt,patronato,fr,patronat,transparent
pt,patrulhar,fr,patrouille,transparent
pt,patrão,fr,patron,transparent
pt,patético,fr,pathétique,transparent
pt,patê,fr,pâté,transparent
pt,pausar,fr,pause,transparent
pt,pavilhão,fr,pavillon,altered
pt,paxá,fr,pacha,altered
pt,paz,fr,paix,altered
pt,país,fr,pays,altered
pt,pecar,fr,péché,altered
pt,pedagogia,fr,pédagogie,transparent
pt,pedagógico,fr,pédagogique,transparent
pt,pedal,fr,pédale,transparent
pt,pedofilia,fr,pédophilie,transparent
pt,pedágio,fr,péage,altered
pt,pedófilo,fr,pédophile,transparent
pt,peixe,fr,poisson,altered
pt,pele,fr,peau,altered
pt,pelotão,fr,peloton,transparent
pt,penal,fr,pénal,transparent
pt,penalidade,fr,pénalité,transparent
pt,penar,fr,peine,transparent
pt,pender,fr,pencher,altered
pt,penetrar,fr,pénétrer,transparent
pt,penetração,fr,pénétration,transparent
pt,penitenciário,fr,pénitentiaire,transparent
pt,pensador,fr,penseur,altered
pt,pensamento,fr,pensée,altered
pt,pensar,fr,penser,transparent
pt,pensão,fr,pension,altered
pt,pente,fr,peigne,altered
pt,pentágono,fr,pentagone,transparent
pt,penálti,fr,penalty,altered
pt,península,fr,péninsule,altered
pt,penúria,fr,pénurie,transparent
pt,people,fr,people,transparent
pt,perceber,fr,percevoir,altered
pt,percentagem,fr,pourcentage,transparent
pt,percepção,fr,perception,altered
pt,percorrer,fr,parcourir,altered
pt,percurso,fr,parcours,altered
pt,perda,fr,perte,altered
pt,perdedor,fr,perdant,altered
pt,perder,fr,perdre,altered
pt,perdido,fr,perdu,altered
pt,perdoar,fr,pardonner,altered
pt,perdão,fr,pardon,altered
pt,peregrino,fr,pèlerin,altered
pt,perenidade,fr,pérennité,transparent
pt,perfeitamente,fr,parfaitement,altered
pt,perfeito,fr,parfait,altered
pt,perfeição,fr,perfection,transparent
pt,perfil,fr,profil,transparent
pt,performance,fr,performance,transparent
pt,perfume,fr,parfum,altered
pt,periferia,fr,périphérie,altered
pt,periférico,fr,périphérique,transparent
pt,perigo,fr,péril,altered
pt,peril,fr,péril,transparent
pt,periódico,fr,périodique,transparent
pt,permanente,fr,permanente,transparent
pt,permanência,fr,permanence,transparent
pt,permissão,fr,permis,altered
pt,permitir,fr,permettre,altered
pt,perpetuidade,fr,perpétuité,transparent
pt,perplexo,fr,perplexe,transparent
pt,perpétuo,fr,perpétuel,transparent
pt,perseguição,fr,persécution,altered
pt,perseverança,fr,persévérance,transparent
pt,persistente,fr,persistent,transparent
pt,persistir,fr,persister,transparent
pt,persistência,fr,persistance,transparent
pt,personagem,fr,personnage,transparent
pt,personal,fr,personnel,altered
pt,personalidade,fr,personnalité,altered
pt,personalizar,fr,personnalisé,transparent
pt,perspectivar,fr,perspective,transparent
pt,persuadir,fr,persuadé,transparent
pt,pertencer,fr,appartenir,altered
pt,pertinente,fr,pertinent,transparent
pt,pertinência,fr,pertinence,transparent
pt,perturbar,fr,perturbé,transparent
pt,perturbação,fr,perturbation,transparent
pt,perverso,fr,pervers,transparent
pt,perímetro,fr,périmètre,transparent
pt,período,fr,période,transparent
pt,pesar,fr,pesant,altered
pt,pescador,fr,pêcheur,altered
pt,pescar,fr,pêche,transparent
pt,pesquisar,fr,perquisition,altered
pt,pessimista,fr,pessimiste,transparent
pt,pessoa,fr,personne,altered
pt,pessoal,fr,personnel,altered
pt,pessoalmente,fr,personnellement,altered
pt,peste,fr,peste,transparent
pt,pesticida,fr,pesticide,transparent
pt,petanca,fr,pétanque,altered
pt,petar,fr,péter,transparent
pt,petição,fr,pétition,transparent
pt,petroleiro,fr,pétrolier,transparent
pt,petróleo,fr,pétrole,transparent
pt,peão,fr,piéton,altered
pt,pianista,fr,pianiste,transparent
pt,piano,fr,piano,transparent
pt,pico,fr,pic,transparent
pt,piedade,fr,pitié,transparent
pt,piedoso,fr,pieux,altered
pt,pijama,fr,pyjama,altered
pt,pilar,fr,pilier,altered
pt,pilhagem,fr,pillage,altered
pt,pilotagem,fr,pilotage,transparent
pt,pilotar,fr,piloter,transparent
pt,piloto,fr,pilote,altered
pt,pimenta,fr,piment,altered
pt,pincel,fr,pinceau,transparent
pt,pinho,fr,pin,altered
pt,pinhão,fr,pignon,altered
pt,pintar,fr,peindre,altered
pt,pintor,fr,peintre,altered
pt,pintura,fr,peinture,altered
pt,pinçar,fr,pince,transparent
pt,piolho,fr,pou,altered
pt,pioneiro,fr,pionnier,transparent
pt,pior,fr,pire,altered
pt,piorar,fr,empirer,altered
pt,pique,fr,pique,transparent
pt,piqué,fr,piqué,transparent
pt,pirata,fr,pirate,transparent
pt,pirataria,fr,piratage,altered
pt,piratear,fr,pirater,transparent
pt,pirâmide,fr,pyramide,altered
pt,piscina,fr,piscine,transparent
pt,pistar,fr,piste,transparent
pt,pistola,fr,pistolet,altered
pt,pistão,fr,piston,altered
pt,pitoresco,fr,pittoresque,altered
pt,pivô,fr,pivot,transparent
pt,pixel,fr,pixel,transparent
pt,pizza,fr,pizza,transparent
pt,placar,fr,plaque,altered
pt,placement,fr,placement,transparent
pt,planar,fr,planer,transparent
pt,planejar,fr,planifier,altered
pt,planeta,fr,planète,transparent
pt,planetário,fr,planétaire,transparent
pt,planificar,fr,planifier,transparent
pt,planificação,fr,planification,transparent
pt,plano,fr,plan,altered
pt,plantar,fr,plante,transparent
pt,plantação,fr,plantation,transparent
pt,plasmar,fr,plasma,transparent
pt,plataforma,fr,plateforme,transparent
pt,platinar,fr,platine,transparent
pt,plausível,fr,plausible,transparent
pt,plenamente,fr,pleinement,transparent
pt,pleno,fr,plein,transparent
pt,pluma,fr,plume,transparent
pt,plural,fr,pluriel,transparent
pt,pluralidade,fr,pluralité,transparent
pt,plágio,fr,plagiat,transparent
pt,plástico,fr,plastique,transparent
pt,pneumonia,fr,pneumonie,transparent
pt,pobre,fr,pauvre,altered
pt,podcast,fr,podcast,transparent
pt,poder,fr,pouvoir,altered
pt,podre,fr,pourri,altered
pt,poeira,fr,poussière,altered
pt,poema,fr,poème,transparent
pt,poesia,fr,poésie,altered
pt,poetar,fr,poète,transparent
pt,poker,fr,poker,transparent
pt,polaco,fr,polonais,altered
pt,polar,fr,polaire,altered
pt,policial,fr,policier,altered
pt,polidez,fr,politesse,altered
pt,polinésio,fr,polynésie,transparent
pt,polir,fr,poli,transparent
pt,politicamente,fr,politiquement,transparent
pt,politécnico,fr,polytechnique,transparent
pt,polivalente,fr,polyvalent,transparent
pt,polo,fr,polo,transparent
pt,poluente,fr,polluant,altered
pt,poluição,fr,pollution,transparent
pt,polêmica,fr,polémique,transparent
pt,polícia,fr,police,altered
pt,político,fr,politique,transparent
pt,pombo,fr,colombe,altered
pt,ponte,fr,pont,altered
pt,pontiagudo,fr,pointu,transparent
pt,ponto,fr,point,altered
pt,pop,fr,pop,transparent
pt,popular,fr,populaire,transparent
pt,popularidade,fr,popularité,transparent
pt,população,fr,population,transparent
pt,populista,fr,populiste,transparent
pt,por,fr,pour,altered
pt,porcelana,fr,porcelaine,transparent
pt,porco,fr,porc,altered
pt,porno,fr,porno,transparent
pt,pornografia,fr,pornographie,transparent
pt,porque,fr,parce,altered
pt,portador,fr,porteur,transparent
pt,portagem,fr,portage,altered
pt,portal,fr,portail,transparent
pt,portar,fr,porter,altered
pt,porte,fr,port,transparent
pt,porteiro,fr,portier,altered
pt,portfólio,fr,portefeuille,altered
pt,porto,fr,port,altered
pt,portugal,fr,portugal,transparent
pt,português,fr,portugais,altered
pt,portuário,fr,portuaire,altered
pt,portátil,fr,portable,altered
pt,portão,fr,portail,altered
pt,porção,fr,portion,transparent
pt,posar,fr,posé,transparent
pt,posicionamento,fr,positionnement,transparent
pt,posicionar,fr,positionner,transparent
pt,positivo,fr,positif,altered
pt,posição,fr,position,transparent
pt,possibilidade,fr,possibilité,transparent
pt,possivelmente,fr,possiblement,transparent
pt,possuir,fr,posséder,altered
pt,possível,fr,possible,transparent
pt,post,fr,post,transparent
pt,postal,fr,postal,transparent
pt,postar,fr,posté,transparent
pt,poste,fr,poteau,altered
pt,posteridade,fr,postérité,transparent
pt,posto,fr,poste,altered
pt,posts,fr,posts,transparent
pt,postular,fr,postuler,transparent
pt,posturar,fr,posture,transparent
pt,potencial,fr,potentiel,transparent
pt,potencialmente,fr,potentiellement,transparent
pt,potrinho,fr,poulain,altered
pt,potássio,fr,potassium,transparent
pt,potável,fr,potable,transparent
pt,pouco,fr,peu,altered
pt,pousar,fr,poser,altered
pt,poço,fr,puits,altered
pt,poético,fr,poétique,transparent
pt,pradaria,fr,prairie,altered
pt,prado,fr,pré,altered
pt,pragmático,fr,pragmatique,transparent
pt,praia,fr,plaie,altered
pt,pranchar,fr,planche,altered
pt,praticamente,fr,pratiquement,altered
pt,praticante,fr,pratiquant,transparent
pt,praticar,fr,pratiquer,transparent
pt,prato,fr,plat,transparent
pt,praça,fr,place,altered
pt,precariedade,fr,précarité,transparent
pt,precaução,fr,précaution,transparent
pt,prece,fr,prie,transparent
pt,precedente,fr,précédent,transparent
pt,preceder,fr,précéder,transparent
pt,precioso,fr,précieux,transparent
pt,precipitar,fr,précipiter,transparent
pt,precipitação,fr,précipitation,transparent
pt,precisamente,fr,précisément,transparent
pt,precisar,fr,préciser,altered
pt,preciso,fr,précis,transparent
pt,precisão,fr,précision,transparent
pt,precoce,fr,précoce,transparent
pt,precursor,fr,précurseur,transparent
pt,precário,fr,précaire,altered
pt,predador,fr,prédateur,transparent
pt,predecessor,fr,prédécesseur,transparent
pt,predileção,fr,prédilection,transparent
pt,predizer,fr,prédire,transparent
pt,predição,fr,prédiction,transparent
pt,prefeito,fr,préfet,altered
pt,prefeitura,fr,préfecture,transparent
pt,preferir,fr,préférer,transparent
pt,preferência,fr,préférence,transparent
pt,preferível,fr,préférable,transparent
pt,prefácio,fr,préface,altered
pt,prejuízo,fr,préjugé,transparent
pt,preliminar,fr,préliminaire,transparent
pt,prelúdio,fr,prélude,transparent
pt,prematuro,fr,prématuré,altered
pt,premium,fr,premium,transparent
pt,prensar,fr,presse,altered
pt,preocupar,fr,préoccuper,transparent
pt,preocupação,fr,préoccupation,transparent
pt,preparar,fr,préparer,transparent
pt,preparativo,fr,préparatif,transparent
pt,preparatório,fr,préparatoire,transparent
pt,preparação,fr,préparation,transparent
pt,prerrogativa,fr,prérogative,transparent
pt,prescrever,fr,prescrire,altered
pt,presente,fr,présent,transparent
pt,presentes,fr,présent,transparent
pt,presença,fr,présence,transparent
pt,preservar,fr,préserver,transparent
pt,preservação,fr,préservation,transparent
pt,presidencial,fr,présidentielle,transparent
pt,presidente,fr,président,transparent
pt,presidir,fr,présider,transparent
pt,presidência,fr,présidence,transparent
pt,preso,fr,prendre,altered
pt,pressa,fr,presse,altered
pt,pressionar,fr,pressée,altered
pt,pressão,fr,pression,transparent
pt,prestador,fr,prestataire,altered
pt,prestar,fr,prêter,altered
pt,prestação,fr,prestation,transparent
pt,prestígio,fr,prestige,transparent
pt,presumir,fr,présumé,transparent
pt,presunção,fr,présomption,transparent
pt,pretendente,fr,prétendant,altered
pt,pretensioso,fr,prétentieux,altered
pt,pretensão,fr,prétention,transparent
pt,pretexto,fr,prétexte,transparent
pt,prevalecer,fr,prévaloir,altered
pt,prevenir,fr,prévenir,transparent
pt,preventivo,fr,préventif,transparent
pt,prevenção,fr,prévention,transparent
pt,prever,fr,prévoir,altered
pt,previamente,fr,préalablement,altered
pt,previdência,fr,prévoyance,transparent
pt,previsto,fr,prévoir,altered
pt,previsão,fr,prévision,transparent
pt,previsível,fr,prévisible,transparent
pt,preâmbulo,fr,préambule,transparent
pt,preço,fr,prix,altered
pt,primeiramente,fr,premièrement,altered
pt,primeiro,fr,premier,altered
pt,primitivo,fr,primitif,transparent
pt,primordial,fr,primordial,transparent
pt,primário,fr,primaire,transparent
pt,principal,fr,principal,transparent
pt,principalmente,fr,principalement,transparent
pt,prior,fr,prieur,transparent
pt,priorado,fr,prieuré,altered
pt,priori,fr,priori,transparent
pt,prioridade,fr,priorité,transparent
pt,prioritário,fr,prioritaire,transparent
pt,prisioneiro,fr,prisonnier,altered
pt,prisma,fr,prisme,transparent
pt,prisão,fr,prison,altered
pt,privar,fr,privé,transparent
pt,privatização,fr,privatisation,transparent
pt,privilegiar,fr,privilégié,transparent
pt,privilégio,fr,privilège,altered
pt,pro,fr,pro,transparent
pt,probabilidade,fr,probabilité,transparent
pt,problema,fr,problème,transparent
pt,problemático,fr,problématique,transparent
pt,proceder,fr,procéder,transparent
pt,procedimento,fr,procédure,transparent
pt,processador,fr,processeur,transparent
pt,processar,fr,procéder,altered
pt,procissão,fr,procession,transparent
pt,proclamar,fr,proclamer,transparent
pt,proclamação,fr,proclamation,transparent
pt,procurador,fr,procureur,altered
pt,procurar,fr,procure,transparent
pt,procuração,fr,procuration,transparent
pt,produtividade,fr,productivité,transparent
pt,produtivo,fr,productif,altered
pt,produto,fr,produit,transparent
pt,produtor,fr,producteur,altered
pt,produzir,fr,produit,altered
pt,produção,fr,production,transparent
pt,prodígio,fr,prodige,altered
pt,prof,fr,prof,transparent
pt,profecia,fr,prophétie,altered
pt,professor,fr,professeur,transparent
pt,profeta,fr,prophète,transparent
pt,profissional,fr,professionnel,transparent
pt,profissionalismo,fr,professionnalisme,transparent
pt,profissão,fr,profession,transparent
pt,profundamente,fr,profondément,transparent
pt,profundidade,fr,profondeur,altered
pt,profundo,fr,profond,transparent
pt,prognóstico,fr,pronostic,altered
pt,programador,fr,programmer,altered
pt,programar,fr,programme,transparent
pt,programação,fr,programmation,transparent
pt,progredir,fr,progresser,altered
pt,progressista,fr,progressiste,transparent
pt,progressivamente,fr,progressivement,transparent
pt,progressivo,fr,progressif,transparent
pt,progresso,fr,progrès,altered
pt,progressão,fr,progression,transparent
pt,proibição,fr,prohibition,transparent
pt,projecto,fr,projet,transparent
pt,projetar,fr,projeter,altered
pt,projeto,fr,projet,transparent
pt,projetor,fr,projecteur,transparent
pt,projeção,fr,projection,transparent
pt,projétil,fr,projectile,transparent
pt,proletariado,fr,prolétariat,transparent
pt,proliferação,fr,prolifération,transparent
pt,prolongamento,fr,prolongement,transparent
pt,prolongar,fr,prolongé,transparent
pt,prolongação,fr,prolongation,transparent
pt,promessa,fr,promesse,transparent
pt,prometer,fr,promettre,transparent
pt,prometido,fr,promis,altered
pt,promo,fr,promo,transparent
pt,promotor,fr,promoteur,altered
pt,promover,fr,promouvoir,transparent
pt,promovido,fr,promouvoir,altered
pt,promoção,fr,promotion,transparent
pt,pronunciar,fr,prononcé,altered
pt,pronúncia,fr,prononciation,altered
pt,propaganda,fr,propagande,transparent
pt,propagar,fr,propager,transparent
pt,propagação,fr,propagation,transparent
pt,propor,fr,proposer,altered
pt,proporcional,fr,proportionnel,transparent
pt,proporção,fr,proportion,transparent
pt,proposição,fr,proposition,transparent
pt,proposto,fr,proposition,altered
pt,propriamente,fr,proprement,transparent
pt,propriedade,fr,propriété,altered
pt,proprietário,fr,propriétaire,transparent
pt,propulsionar,fr,propulser,transparent
pt,propulsão,fr,propulsion,transparent
pt,propício,fr,propice,transparent
pt,propósito,fr,propos,altered
pt,prosar,fr,prose,altered
pt,prospecto,fr,prospectus,altered
pt,prosperidade,fr,prospérité,altered
pt,prostituição,fr,prostitution,transparent
pt,prostituto,fr,prostituée,altered
pt,protagonista,fr,protagoniste,transparent
pt,proteger,fr,protéger,transparent
pt,protegido,fr,protégé,transparent
pt,protestante,fr,protestant,transparent
pt,protestantismo,fr,protestantisme,transparent
pt,protestar,fr,protester,transparent
pt,protesto,fr,protester,altered
pt,protetor,fr,protecteur,altered
pt,proteção,fr,protection,transparent
pt,proteína,fr,protéine,transparent
pt,protocolo,fr,protocole,transparent
pt,protótipo,fr,prototype,transparent
pt,provar,fr,preuve,altered
pt,provavelmente,fr,probablement,altered
pt,proveito,fr,profit,altered
pt,providência,fr,providence,transparent
pt,provincial,fr,provincial,transparent
pt,provir,fr,provenir,transparent
pt,provisoriamente,fr,provisoirement,transparent
pt,provisão,fr,provision,transparent
pt,provisório,fr,provisoire,transparent
pt,provocar,fr,provoquer,transparent
pt,provocação,fr,provocation,transparent
pt,provável,fr,probable,altered
pt,provérbio,fr,proverbe,altered
pt,província,fr,province,transparent
pt,proximidade,fr,proximité,altered
pt,prudente,fr,prudent,transparent
pt,prudência,fr,prudence,transparent
pt,prático,fr,pratique,transparent
pt,pré,fr,pré,transparent
pt,pré-história,fr,préhistoire,transparent
pt,prêmio,fr,prime,altered
pt,príncipe,fr,principe,transparent
pt,príon,fr,prion,transparent
pt,pró,fr,pro,transparent
pt,prólogo,fr,prologue,transparent
pt,próprio,fr,propre,altered
pt,próprios,fr,propre,altered
pt,próspero,fr,prospère,transparent
pt,próstata,fr,prostate,transparent
pt,próximo,fr,prochain,altered
pt,pseudônimo,fr,pseudo,altered
pt,psicanálise,fr,psychanalyse,altered
pt,psico,fr,psycho,transparent
pt,psicologia,fr,psychologie,altered
pt,psicologicamente,fr,psychologiquement,transparent
pt,psicológico,fr,psychologique,transparent
pt,psicopata,fr,psychopathe,altered
pt,psicose,fr,psychose,transparent
pt,psicólogo,fr,psychologue,transparent
pt,psiquiatria,fr,psychiatrie,transparent
pt,psiquiatro,fr,psychiatre,altered
pt,psiquiátrico,fr,psychiatrique,transparent
pt,psíquico,fr,psychique,transparent
pt,publicamente,fr,publiquement,transparent
pt,publicar,fr,publier,altered
pt,publicação,fr,publication,altered
pt,publicidade,fr,publicité,transparent
pt,publicitário,fr,publicitaire,transparent
pt,pudor,fr,pudeur,transparent
pt,pulmonar,fr,pulmonaire,transparent
pt,pulsão,fr,pulsion,transparent
pt,puma,fr,puma,transparent
pt,punhal,fr,poignard,altered
pt,punir,fr,puni,transparent
pt,punição,fr,punition,transparent
pt,puramente,fr,purement,transparent
pt,pureza,fr,pureté,transparent
pt,purgar,fr,purge,transparent
pt,puro,fr,pur,transparent
pt,purê,fr,purée,transparent
pt,pus,fr,pus,transparent
pt,puta,fr,pute,transparent
pt,python,fr,python,transparent
pt,página,fr,page,altered
pt,pálido,fr,pâle,altered
pt,pálpebra,fr,paupière,altered
pt,páscoa,fr,pâques,transparent
pt,pátrio,fr,patrie,transparent
pt,pânico,fr,panique,altered
pt,pão,fr,pain,altered
pt,pé,fr,pied,altered
pt,pénis,fr,pénis,transparent
pt,pérola,fr,perle,transparent
pt,pétala,fr,pétale,transparent
pt,pêndulo,fr,pendule,transparent
pt,pílula,fr,pilule,transparent
pt,pó,fr,poudre,altered
pt,pódio,fr,podium,transparent
pt,pólen,fr,pollen,transparent
pt,pólo,fr,pôle,transparent
pt,pórtico,fr,portique,transparent
pt,pôquer,fr,poker,transparent
pt,pôster,fr,poster,transparent
pt,público,fr,public,transparent
pt,púrpura,fr,pourpre,transparent
pt,quadrar,fr,carré,altered
pt,quadro,fr,cadre,altered
pt,qual,fr,quel,altered
pt,qualidade,fr,qualité,transparent
pt,qualificar,fr,qualifié,transparent
pt,qualificativo,fr,qualificatif,transparent
pt,qualificação,fr,qualification,transparent
pt,quando,fr,quand,altered
pt,quantidade,fr,quantité,altered
pt,quarentar,fr,quarante,transparent
pt,quarentenar,fr,quarantaine,altered
pt,quarto,fr,quart,altered
pt,quartzo,fr,quartz,altered
pt,quase,fr,quasi,transparent
pt,quatro,fr,quatre,altered
pt,que,fr,que,transparent
pt,quebec,fr,québec,transparent
pt,querido,fr,chéri,altered
pt,questionamento,fr,questionnement,transparent
pt,questionar,fr,questionner,altered
pt,questionário,fr,questionnaire,transparent
pt,questão,fr,question,transparent
pt,quilo,fr,kilo,altered
pt,quilômetro,fr,kilomètre,altered
pt,quinquênio,fr,quinquennat,altered
pt,quinto,fr,quint,altered
pt,quinze,fr,quinze,transparent
pt,quinzena,fr,quinzaine,transparent
pt,quiosque,fr,kiosque,altered
pt,quitar,fr,quitte,transparent
pt,quota,fr,quota,transparent
pt,quotidiano,fr,quotidien,transparent
pt,quântico,fr,quantique,transparent
pt,químico,fr,chimique,transparent
pt,rabino,fr,rabbin,altered
pt,racial,fr,racial,transparent
pt,racional,fr,rationnel,altered
pt,racismo,fr,racisme,transparent
pt,racista,fr,raciste,transparent
pt,rada,fr,rade,transparent
pt,radar,fr,radar,transparent
pt,radiação,fr,radiation,transparent
pt,radical,fr,radical,transparent
pt,radicalização,fr,radicalisation,transparent
pt,radicalmente,fr,radicalement,transparent
pt,raiar,fr,raie,altered
pt,raiz,fr,racine,altered
pt,rally,fr,rallye,transparent
pt,ramadã,fr,ramadan,altered
pt,ramagem,fr,rameau,altered
pt,rancor,fr,rancune,transparent
pt,rap,fr,rap,transparent
pt,rapidamente,fr,rapidement,transparent
pt,rapidez,fr,rapidité,transparent
pt,rappel,fr,rappel,transparent
pt,rapper,fr,rappeur,transparent
pt,raramente,fr,rarement,transparent
pt,raridade,fr,rareté,altered
pt,raro,fr,rare,transparent
pt,ratificação,fr,ratification,transparent
pt,rato,fr,rat,transparent
pt,razoável,fr,raisonnable,transparent
pt,razão,fr,raison,transparent
pt,raça,fr,race,transparent
pt,ração,fr,ration,transparent
pt,reabertura,fr,réouverture,transparent
pt,reabilitação,fr,réhabilitation,transparent
pt,reabrir,fr,rouvrir,altered
pt,reagir,fr,réagir,transparent
pt,reagrupamento,fr,regroupement,transparent
pt,reagrupar,fr,regrouper,altered
pt,real,fr,réel,transparent
pt,realidade,fr,réalité,transparent
pt,realismo,fr,réalisme,transparent
pt,realistar,fr,réaliste,transparent
pt,realizador,fr,réalisateur,transparent
pt,realizar,fr,réalisé,transparent
pt,realização,fr,réalisation,transparent
pt,realmente,fr,réellement,transparent
pt,reaquecer,fr,réchauffer,altered
pt,reativo,fr,réactif,transparent
pt,reator,fr,réacteur,altered
pt,reação,fr,réaction,transparent
pt,rebaixar,fr,rabais,altered
pt,rebelde,fr,rebelle,transparent
pt,rebelião,fr,rébellion,transparent
pt,recarregar,fr,recharger,transparent
pt,recebedor,fr,receveur,altered
pt,receber,fr,recevoir,altered
pt,recebido,fr,recevoir,altered
pt,receitar,fr,recette,transparent
pt,recenseamento,fr,recensement,altered
pt,recensear,fr,recenser,transparent
pt,recente,fr,récent,altered
pt,recentemente,fr,récemment,transparent
pt,receptor,fr,récepteur,transparent
pt,recepção,fr,réception,transparent
pt,recessão,fr,récession,transparent
pt,reciclagem,fr,recyclage,transparent
pt,recipiente,fr,récipient,transparent
pt,reclamante,fr,réclamant,transparent
pt,reclamar,fr,réclamer,transparent
pt,reclamação,fr,réclamation,transparent
pt,recobrir,fr,recouvert,altered
pt,recolher,fr,recueil,altered
pt,recolhido,fr,recueilli,altered
pt,recomendar,fr,recommander,altered
pt,recomendação,fr,recommandation,altered
pt,recomeçar,fr,recommencer,transparent
pt,recompensar,fr,récompense,transparent
pt,reconciliar,fr,réconcilier,transparent
pt,reconciliação,fr,réconciliation,transparent
pt,reconduzir,fr,reconduire,transparent
pt,reconhecer,fr,reconnaître,altered
pt,reconhecido,fr,reconnaître,altered
pt,reconhecível,fr,reconnaissable,transparent
pt,reconquistar,fr,reconquête,altered
pt,reconstituir,fr,reconstituer,transparent
pt,reconstituição,fr,reconstitution,transparent
pt,reconstruir,fr,reconstruire,transparent
pt,reconstrução,fr,reconstruction,transparent
pt,reconversão,fr,reconversion,transparent
pt,recorde,fr,record,transparent
pt,recorrente,fr,récurrent,altered
pt,recorrer,fr,recourir,altered
pt,recriar,fr,recréer,altered
pt,recrutador,fr,recruteur,transparent
pt,recrutamento,fr,recrutement,transparent
pt,recrutar,fr,recruter,transparent
pt,recuar,fr,reculer,transparent
pt,recuo,fr,recul,transparent
pt,recuperar,fr,récupérer,transparent
pt,recuperação,fr,récupération,altered
pt,recurso,fr,ressource,altered
pt,recusar,fr,refuser,altered
pt,recém,fr,récemment,altered
pt,recíproco,fr,réciproque,transparent
pt,redator,fr,rédacteur,altered
pt,redação,fr,rédaction,transparent
pt,rede,fr,réseau,altered
pt,redenção,fr,rédemption,transparent
pt,redigir,fr,rédiger,transparent
pt,redistribuição,fr,redistribution,transparent
pt,redobrar,fr,redoubler,transparent
pt,redondo,fr,rond,altered
pt,reduzir,fr,réduire,transparent
pt,redução,fr,réduction,transparent
pt,reedição,fr,réédition,transparent
pt,reeducação,fr,rééducation,transparent
pt,reeleger,fr,réélire,altered
pt,reeleição,fr,réélection,transparent
pt,reembolsar,fr,rembourser,altered
pt,reembolso,fr,remboursement,altered
pt,reencontro,fr,rencontre,transparent
pt,reenvio,fr,renvoi,transparent
pt,reestruturação,fr,restructuration,transparent
pt,refazer,fr,refaire,transparent
pt,referendo,fr,référendum,altered
pt,referir,fr,référer,transparent
pt,referência,fr,référence,transparent
pt,refinar,fr,raffiné,transparent
pt,refletir,fr,réfléchir,altered
pt,reflexo,fr,reflet,altered
pt,reflexão,fr,réflexion,transparent
pt,reformar,fr,réforme,transparent
pt,reforçar,fr,renforcer,altered
pt,reforço,fr,renfort,transparent
pt,refrescar,fr,rafraîchir,altered
pt,refugiar,fr,réfugié,transparent
pt,refúgio,fr,refuge,transparent
pt,regeneração,fr,régénération,transparent
pt,regente,fr,régent,transparent
pt,reggae,fr,reggae,transparent
pt,regime,fr,régime,transparent
pt,regimento,fr,régiment,transparent
pt,regional,fr,régional,altered
pt,registo,fr,enregistrement,altered
pt,registro,fr,registre,altered
pt,região,fr,région,transparent
pt,regozijar,fr,réjouir,altered
pt,regrar,fr,règle,altered
pt,regressão,fr,régression,transparent
pt,regulador,fr,régulateur,transparent
pt,regulamentar,fr,réglementaire,altered
pt,regulamentação,fr,réglementation,altered
pt,regulamento,fr,règlement,altered
pt,regular,fr,régler,altered
pt,regularidade,fr,régularité,transparent
pt,regularmente,fr,régulièrement,transparent
pt,regência,fr,régence,transparent
pt,rei,fr,roi,altered
pt,reinar,fr,régner,altered
pt,reincidência,fr,récidive,altered
pt,reino,fr,règne,altered
pt,reitor,fr,recteur,altered
pt,reivindicar,fr,revendiquer,transparent
pt,reivindicação,fr,revendication,altered
pt,rejeitar,fr,rejeter,altered
pt,rejeição,fr,rejet,altered
pt,relacionamento,fr,relation,altered
pt,relacionar,fr,relier,altered
pt,relançamento,fr,relance,altered
pt,relançar,fr,relancer,transparent
pt,relatar,fr,relater,transparent
pt,relativamente,fr,relativement,transparent
pt,relativo,fr,relatif,transparent
pt,relator,fr,rapporteur,altered
pt,relatório,fr,rapport,altered
pt,relaxar,fr,relâche,altered
pt,relação,fr,relation,transparent
pt,relegar,fr,relégué,transparent
pt,releitura,fr,relecture,altered
pt,reler,fr,relire,transparent
pt,relevante,fr,relever,transparent
pt,relevar,fr,relever,transparent
pt,relevo,fr,relève,transparent
pt,religioso,fr,religieux,transparent
pt,religião,fr,religion,transparent
pt,relojoeiro,fr,horloger,transparent
pt,relíquia,fr,relique,altered
pt,relógio,fr,horloge,altered
pt,remediar,fr,remédier,transparent
pt,remeter,fr,remettre,transparent
pt,remix,fr,remix,transparent
pt,remoinho,fr,remous,altered
pt,remontar,fr,remonter,transparent
pt,remorso,fr,remords,altered
pt,remover,fr,remuer,altered
pt,remunerar,fr,rémunérer,transparent
pt,remuneração,fr,rémunération,transparent
pt,remédio,fr,remède,transparent
pt,rena,fr,renne,altered
pt,renascença,fr,renaissance,altered
pt,renascer,fr,renaître,transparent
pt,render,fr,rendre,altered
pt,rendimento,fr,rendement,transparent
pt,rendição,fr,reddition,altered
pt,renomado,fr,renommé,transparent
pt,renome,fr,renommée,altered
pt,renovar,fr,renouveler,altered
pt,renovação,fr,rénovation,transparent
pt,renovável,fr,renouvelable,transparent
pt,rentabilidade,fr,rentabilité,transparent
pt,rentável,fr,rentable,transparent
pt,renunciar,fr,renoncer,transparent
pt,reorganização,fr,réorganisation,transparent
pt,reparar,fr,réparer,transparent
pt,reparação,fr,réparation,transparent
pt,repartição,fr,répartition,altered
pt,repassar,fr,repasser,transparent
pt,repensar,fr,repenser,transparent
pt,repercussão,fr,répercussion,transparent
pt,repertório,fr,répertoire,transparent
pt,repetir,fr,répéter,altered
pt,repetição,fr,répétition,transparent
pt,reportagem,fr,reportage,transparent
pt,repousar,fr,reposer,altered
pt,repouso,fr,repose,transparent
pt,representante,fr,représentant,altered
pt,representar,fr,représenter,transparent
pt,representativo,fr,représentatif,altered
pt,representação,fr,représentation,transparent
pt,repressão,fr,répression,transparent
pt,represália,fr,représaille,transparent
pt,reprimir,fr,réprimer,transparent
pt,reproduzir,fr,reproduire,altered
pt,reprodução,fr,reproduction,transparent
pt,republicano,fr,républicain,transparent
pt,reputação,fr,réputation,transparent
pt,repórter,fr,reporter,transparent
pt,repúblico,fr,république,transparent
pt,requerer,fr,requérir,altered
pt,requerido,fr,requis,altered
pt,reservar,fr,réserve,transparent
pt,resfriar,fr,refroidir,altered
pt,residencial,fr,résidentiel,transparent
pt,residente,fr,résident,transparent
pt,residir,fr,résider,transparent
pt,residência,fr,résidence,transparent
pt,resinar,fr,résine,transparent
pt,resistente,fr,résistant,transparent
pt,resistir,fr,résister,transparent
pt,resistência,fr,résistance,transparent
pt,resolutamente,fr,résolument,transparent
pt,resolução,fr,résolution,transparent
pt,resolver,fr,résoudre,altered
pt,resolvido,fr,résolu,altered
pt,respectivo,fr,respectif,transparent
pt,respeitar,fr,respecter,altered
pt,respeito,fr,respect,altered
pt,respeitoso,fr,respectueux,altered
pt,respeitável,fr,respectable,altered
pt,respetivamente,fr,respectivement,transparent
pt,respirar,fr,respirer,transparent
pt,respiratório,fr,respiratoire,transparent
pt,respiração,fr,respiration,transparent
pt,respondente,fr,répondant,transparent
pt,responder,fr,répondre,transparent
pt,responsabilidade,fr,responsabilité,transparent
pt,responsável,fr,responsable,transparent
pt,ressentir,fr,ressentir,transparent
pt,ressoar,fr,résonner,transparent
pt,ressonância,fr,résonance,altered
pt,ressurreição,fr,résurrection,altered
pt,ressuscitar,fr,ressusciter,transparent
pt,restabelecer,fr,rétablir,altered
pt,restabelecimento,fr,rétablissement,transparent
pt,restante,fr,restant,transparent
pt,restaurante,fr,restaurant,transparent
pt,restaurar,fr,restaurer,transparent
pt,restauração,fr,restauration,transparent
pt,restituir,fr,restituer,transparent
pt,restituição,fr,restitution,transparent
pt,resto,fr,reste,transparent
pt,restringir,fr,restreindre,transparent
pt,restrição,fr,restriction,transparent
pt,resultante,fr,résultant,transparent
pt,resultar,fr,résultat,altered
pt,resumir,fr,résumer,transparent
pt,resumo,fr,résumé,altered
pt,resíduo,fr,résidu,transparent
pt,retangular,fr,rectangulaire,transparent
pt,retardar,fr,retard,transparent
pt,retenção,fr,rétention,altered
pt,reter,fr,retenir,altered
pt,retificar,fr,rectifier,transparent
pt,retificação,fr,rectification,transparent
pt,retirar,fr,retirer,transparent
pt,retornar,fr,retourner,altered
pt,retorno,fr,retour,altered
pt,retraçar,fr,retracer,transparent
pt,retro,fr,rétro,transparent
pt,retrospectivo,fr,rétrospective,transparent
pt,retângulo,fr,rectangle,altered
pt,retórico,fr,rhétorique,altered
pt,reunião,fr,réunion,transparent
pt,revanche,fr,revanche,transparent
pt,revelar,fr,révéler,transparent
pt,revelação,fr,révélation,transparent
pt,revenant,fr,revenant,transparent
pt,revender,fr,revendre,transparent
pt,rever,fr,revoir,altered
pt,reverendo,fr,révérend,transparent
pt,revestimento,fr,revêtement,transparent
pt,revestir,fr,revêtir,altered
pt,revisar,fr,réviser,transparent
pt,revisão,fr,révision,transparent
pt,reviver,fr,revivre,transparent
pt,revoltar,fr,révolte,transparent
pt,revolucionário,fr,révolutionnaire,transparent
pt,revolução,fr,révolution,transparent
pt,revés,fr,revers,transparent
pt,revólver,fr,revolver,transparent
pt,ribeira,fr,rivière,altered
pt,rico,fr,riche,altered
pt,ridículo,fr,ridicule,transparent
pt,rigidez,fr,rigidité,altered
pt,rigor,fr,rigueur,altered
pt,rigoroso,fr,rigoureux,transparent
pt,rimar,fr,rime,transparent
pt,ring,fr,ring,transparent
pt,riqueza,fr,richesse,altered
pt,rir,fr,rire,altered
pt,risco,fr,risque,altered
pt,riso,fr,ris,altered
pt,ritmo,fr,rythme,altered
pt,rito,fr,rite,altered
pt,ritual,fr,rituel,altered
pt,rival,fr,rival,transparent
pt,rivalidade,fr,rivalité,transparent
pt,rivalizar,fr,rivaliser,altered
pt,robusto,fr,robuste,transparent
pt,robótico,fr,robotique,transparent
pt,robô,fr,robot,transparent
pt,rocha,fr,roche,altered
pt,rock,fr,rock,transparent
pt,rodante,fr,roulant,altered
pt,rodar,fr,rouler,altered
pt,rol,fr,rôle,transparent
pt,rolar,fr,rouler,transparent
pt,roleta,fr,roulette,transparent
pt,rolo,fr,rouleau,altered
pt,roma,fr,rome,transparent
pt,romance,fr,romance,transparent
pt,romano,fr,romain,altered
pt,romantismo,fr,romantisme,transparent
pt,romeno,fr,roumain,altered
pt,romper,fr,rompre,transparent
pt,romântico,fr,romantique,transparent
pt,rondar,fr,ronde,transparent
pt,rosar,fr,rose,transparent
pt,rosê,fr,rosé,transparent
pt,rotação,fr,rotation,transparent
pt,rotina,fr,routine,altered
pt,rubi,fr,rubis,transparent
pt,rubrica,fr,rubrique,transparent
pt,rude,fr,rude,transparent
pt,rugby,fr,rugby,transparent
pt,rum,fr,rhum,transparent
pt,rumor,fr,rumeur,transparent
pt,ruptura,fr,rupture,transparent
pt,rural,fr,rural,transparent
pt,rusa,fr,ruse,transparent
pt,russo,fr,russe,altered
pt,ruína,fr,ruine,transparent
pt,rádio,fr,radio,transparent
pt,rápido,fr,rapide,transparent
pt,rédea,fr,rêne,altered
pt,réplica,fr,réplique,transparent
pt,réptil,fr,reptile,transparent
pt,rígido,fr,rigide,altered
pt,rústico,fr,rustique,transparent
pt,saara,fr,sahara,altered
pt,saber,fr,savoir,altered
pt,sabiamente,fr,sagement,altered
pt,sabor,fr,saveur,altered
pt,saborear,fr,savourer,transparent
pt,saboroso,fr,savoureux,transparent
pt,sabotagem,fr,sabotage,transparent
pt,sabre,fr,sabre,transparent
pt,sabão,fr,savon,altered
pt,sachê,fr,sachet,altered
pt,saco,fr,sac,transparent
pt,sacramento,fr,sacrement,transparent
pt,sacrificar,fr,sacrifier,transparent
pt,sacrifício,fr,sacrifice,transparent
pt,sacro,fr,sacre,transparent
pt,sacudir,fr,secouer,altered
pt,safári,fr,safari,transparent
pt,saga,fr,saga,transparent
pt,sal,fr,sel,altered
pt,sala,fr,salle,altered
pt,salada,fr,salade,transparent
pt,salar,fr,saler,transparent
pt,salarial,fr,salarial,transparent
pt,salgar,fr,salé,altered
pt,saliva,fr,salive,transparent
pt,salmão,fr,saumon,altered
pt,saltar,fr,sauter,altered
pt,saltear,fr,sauté,transparent
pt,salto,fr,saut,altered
pt,salvador,fr,sauveur,altered
pt,salvaguarda,fr,sauvegarde,altered
pt,salvaguardar,fr,sauvegarder,altered
pt,salvamento,fr,sauvetage,altered
pt,salvar,fr,sauver,altered
pt,salário,fr,salaire,transparent
pt,salão,fr,salon,transparent
pt,samba,fr,samba,transparent
pt,samsung,fr,samsung,transparent
pt,sancionar,fr,sanctionner,transparent
pt,sanduíche,fr,sandwich,altered
pt,sandália,fr,sandale,transparent
pt,saneamento,fr,assainissement,altered
pt,sangrar,fr,saigner,altered
pt,sangue,fr,sang,altered
pt,sanguíneo,fr,sanguin,altered
pt,sanitário,fr,sanitaire,transparent
pt,santo,fr,saint,altered
pt,santuário,fr,sanctuaire,transparent
pt,sanção,fr,sanction,altered
pt,sargento,fr,sergent,altered
pt,satanás,fr,satan,transparent
pt,satisfatório,fr,satisfaisant,altered
pt,satisfazer,fr,satisfaire,transparent
pt,satisfação,fr,satisfaction,transparent
pt,satisfeito,fr,satisfait,altered
pt,saturar,fr,saturer,transparent
pt,saturação,fr,saturation,transparent
pt,saturno,fr,saturne,transparent
pt,satélite,fr,satellite,altered
pt,saudar,fr,saluer,altered
pt,saudita,fr,saoudite,altered
pt,saxão,fr,saxon,transparent
pt,saxônia,fr,saxonne,altered
pt,saúde,fr,santé,altered
pt,scan,fr,scan,transparent
pt,scanner,fr,scanner,transparent
pt,scooter,fr,scooter,transparent
pt,scout,fr,scout,transparent
pt,script,fr,script,transparent
pt,se,fr,se,transparent
pt,secar,fr,sécher,altered
pt,secessão,fr,sécession,transparent
pt,seco,fr,sec,transparent
pt,secretamente,fr,secrètement,transparent
pt,secreto,fr,secret,transparent
pt,secretário,fr,secrétaire,transparent
pt,secundário,fr,secondaire,transparent
pt,secura,fr,sécheresse,altered
pt,sedutor,fr,séduisant,altered
pt,seduzir,fr,séduire,transparent
pt,sedução,fr,séduction,transparent
pt,segmento,fr,segment,altered
pt,segredo,fr,secret,altered
pt,segregação,fr,ségrégation,transparent
pt,seguinte,fr,suivant,altered
pt,seguir,fr,suivre,altered
pt,segundo,fr,second,altered
pt,segurador,fr,assureur,altered
pt,seguramente,fr,sûrement,altered
pt,segurar,fr,assurer,altered
pt,seguro,fr,sûr,altered
pt,seio,fr,sein,transparent
pt,seis,fr,six,altered
pt,seita,fr,secte,altered
pt,sela,fr,selle,altered
pt,selecionador,fr,sélectionneur,transparent
pt,selecionar,fr,sélectionner,transparent
pt,seletivo,fr,sélectif,altered
pt,seleção,fr,sélection,altered
pt,selvagem,fr,sauvage,altered
pt,semana,fr,semaine,transparent
pt,semear,fr,semer,altered
pt,semelhante,fr,sembler,altered
pt,semelhança,fr,ressemblance,altered
pt,semente,fr,semence,transparent
pt,semestre,fr,semestre,transparent
pt,semi,fr,semi,transparent
pt,seminário,fr,séminaire,transparent
pt,semântico,fr,sémantique,transparent
pt,senado,fr,sénat,altered
pt,senador,fr,sénateur,altered
pt,senda,fr,sentier,altered
pt,senegalês,fr,sénégalais,transparent
pt,senhor,fr,seigneur,altered
pt,sensato,fr,sensé,altered
pt,sensação,fr,sensation,transparent
pt,sensibilidade,fr,sensibilité,transparent
pt,sensibilizar,fr,sensibiliser,transparent
pt,sensibilização,fr,sensibilisation,transparent
pt,sensivelmente,fr,sensiblement,transparent
pt,senso,fr,sens,altered
pt,sensível,fr,sensible,transparent
pt,sentar,fr,asseoir,altered
pt,sentimental,fr,sentimental,transparent
pt,sentimento,fr,sentiment,transparent
pt,sentinela,fr,sentinelle,transparent
pt,sentir,fr,sens,altered
pt,separadamente,fr,séparément,transparent
pt,separar,fr,séparer,transparent
pt,separatista,fr,séparatiste,transparent
pt,separação,fr,séparation,transparent
pt,sepultura,fr,sépulture,transparent
pt,sequela,fr,séquelle,transparent
pt,sequenciar,fr,séquencer,transparent
pt,sequência,fr,séquence,transparent
pt,sereia,fr,sirène,altered
pt,serenidade,fr,sérénité,transparent
pt,seriamente,fr,sérieusement,transparent
pt,sermão,fr,sermon,transparent
pt,serpente,fr,serpent,transparent
pt,serra,fr,serra,transparent
pt,servente,fr,servant,altered
pt,servidor,fr,serveur,altered
pt,servir,fr,servir,transparent
pt,serviçal,fr,servante,altered
pt,serviço,fr,service,transparent
pt,servo,fr,serf,altered
pt,sessenta,fr,soixante,altered
pt,sessão,fr,séance,altered
pt,sesta,fr,sieste,altered
pt,sete,fr,sept,altered
pt,setembro,fr,septembre,transparent
pt,setentrional,fr,septentrional,altered
pt,setor,fr,secteur,transparent
pt,seu,fr,sien,altered
pt,severamente,fr,sévèrement,transparent
pt,severo,fr,sévère,transparent
pt,sexismo,fr,sexisme,transparent
pt,sexista,fr,sexiste,transparent
pt,sexo,fr,sexe,transparent
pt,sexual,fr,sexuel,transparent
pt,sexualidade,fr,sexualité,transparent
pt,sexualmente,fr,sexuellement,transparent
pt,sexy,fr,sexy,transparent
pt,seção,fr,section,transparent
pt,sharia,fr,charia,transparent
pt,show,fr,show,transparent
pt,si,fr,soi,altered
pt,sic,fr,sic,transparent
pt,sida,fr,sida,transparent
pt,signatário,fr,signataire,transparent
pt,significante,fr,signifiant,transparent
pt,significar,fr,signifier,transparent
pt,significativamente,fr,significativement,transparent
pt,significativo,fr,significatif,transparent
pt,significação,fr,signification,transparent
pt,silencioso,fr,silencieux,transparent
pt,silhueta,fr,silhouette,transparent
pt,silêncio,fr,silence,altered
pt,simbolizar,fr,symboliser,transparent
pt,simbólico,fr,symbolique,transparent
pt,simetria,fr,symétrie,transparent
pt,similar,fr,similaire,transparent
pt,similitude,fr,similitude,transparent
pt,simpatia,fr,sympathie,transparent
pt,simpatizante,fr,sympathisant,altered
pt,simples,fr,simple,transparent
pt,simplesmente,fr,simplement,transparent
pt,simplicidade,fr,simplicité,transparent
pt,simplificar,fr,simplifier,transparent
pt,simplificação,fr,simplification,transparent
pt,simpático,fr,sympathique,altered
pt,simulador,fr,simulateur,transparent
pt,simular,fr,simuler,transparent
pt,simulação,fr,simulation,transparent
pt,simultaneamente,fr,simultanément,transparent
pt,sinagoga,fr,synagogue,altered
pt,sinal,fr,signe,altered
pt,sinalizar,fr,signaler,altered
pt,sinalização,fr,signalisation,altered
pt,sinceramente,fr,sincèrement,transparent
pt,sinceridade,fr,sincérité,altered
pt,sincero,fr,sincère,transparent
pt,sindical,fr,syndical,transparent
pt,sindicalismo,fr,syndicalisme,altered
pt,sindicalista,fr,syndicaliste,transparent
pt,sindicato,fr,syndicat,altered
pt,sinfonia,fr,symphonie,transparent
pt,sinfônico,fr,symphonique,transparent
pt,singapura,fr,singapour,altered
pt,singular,fr,singulier,transparent
pt,singularidade,fr,singularité,transparent
pt,sinistro,fr,sinistre,transparent
pt,sinopse,fr,synopsis,transparent
pt,sintaxe,fr,syntaxe,transparent
pt,sintoma,fr,symptôme,altered
pt,sintético,fr,synthétique,altered
pt,sinônimo,fr,synonyme,transparent
pt,sionista,fr,sioniste,transparent
pt,sismo,fr,séisme,altered
pt,sistema,fr,système,transparent
pt,sistematicamente,fr,systématiquement,altered
pt,sistemático,fr,systématique,transparent
pt,sistêmico,fr,systémique,altered
pt,site,fr,site,transparent
pt,situar,fr,situer,transparent
pt,situação,fr,situation,transparent
pt,skate,fr,skate,transparent
pt,slogan,fr,slogan,transparent
pt,smartphone,fr,smartphone,transparent
pt,soar,fr,sonner,altered
pt,soberania,fr,souveraineté,altered
pt,soberano,fr,souverain,transparent
pt,soberbo,fr,superbe,altered
pt,sobrancelha,fr,sourcil,altered
pt,sobre,fr,sur,altered
pt,sobrecarga,fr,surcharge,altered
pt,sobrenome,fr,surnom,altered
pt,sobressalto,fr,sursaut,altered
pt,sobrevir,fr,survenir,transparent
pt,sobreviver,fr,survivre,altered
pt,sobrevivência,fr,survie,altered
pt,sobriedade,fr,sobriété,transparent
pt,soccer,fr,soccer,transparent
pt,social,fr,social,transparent
pt,socialismo,fr,socialisme,transparent
pt,socialista,fr,socialiste,transparent
pt,socialmente,fr,socialement,transparent
pt,sociedade,fr,société,transparent
pt,sociológico,fr,sociologique,altered
pt,socorrer,fr,secourir,transparent
pt,socorro,fr,secours,altered
pt,soda,fr,soda,transparent
pt,sodomia,fr,sodomie,transparent
pt,sofrer,fr,souffrir,altered
pt,sofrido,fr,souffrir,altered
pt,sofrimento,fr,souffrance,altered
pt,software,fr,software,transparent
pt,soirée,fr,soirée,transparent
pt,soja,fr,soja,transparent
pt,sol,fr,sol,transparent
pt,solar,fr,solaire,altered
pt,soldo,fr,solde,altered
pt,soleira,fr,soulier,altered
pt,solicitar,fr,solliciter,transparent
pt,solidamente,fr,solidement,transparent
pt,solidariedade,fr,solidarité,transparent
pt,solidez,fr,solidité,altered
pt,solidário,fr,solidaire,transparent
pt,solidão,fr,solitude,altered
pt,solitário,fr,solitaire,transparent
pt,solução,fr,solution,transparent
pt,somali,fr,somalie,transparent
pt,sombra,fr,ombre,altered
pt,sombrio,fr,sombre,altered
pt,somente,fr,seulement,altered
pt,sonda,fr,sonde,transparent
pt,sondagem,fr,sondage,transparent
pt,sonho,fr,songe,altered
pt,sonoro,fr,sonore,transparent
pt,sopa,fr,soupe,altered
pt,soprano,fr,soprano,transparent
pt,sorridente,fr,souriant,altered
pt,sorrir,fr,sourire,altered
pt,sorriso,fr,sourire,altered
pt,sos,fr,sos,transparent
pt,soviético,fr,soviétique,transparent
pt,spa,fr,spa,transparent
pt,spam,fr,spam,transparent
pt,spin,fr,spin,transparent
pt,spoiler,fr,spoiler,transparent
pt,sprint,fr,sprint,transparent
pt,square,fr,square,transparent
pt,staff,fr,staff,transparent
pt,stand,fr,stand,transparent
pt,start,fr,start,transparent
pt,status,fr,statut,altered
pt,stop,fr,stop,transparent
pt,stories,fr,stories,transparent
pt,story,fr,story,transparent
pt,stream,fr,stream,transparent
pt,stress,fr,stress,transparent
pt,suar,fr,suer,altered
pt,subitamente,fr,soudainement,altered
pt,subjetivar,fr,subjectif,transparent
pt,sublime,fr,sublime,transparent
pt,sublinhar,fr,souligner,altered
pt,submeter,fr,soumettre,altered
pt,submissão,fr,soumission,altered
pt,subscrever,fr,souscrire,altered
pt,subscrição,fr,souscription,altered
pt,subsistir,fr,subsister,transparent
pt,subsistência,fr,subsistance,transparent
pt,substituir,fr,substituer,transparent
pt,substituição,fr,substitution,transparent
pt,substituto,fr,substitut,transparent
pt,substância,fr,substance,transparent
pt,subterrâneo,fr,souterrain,transparent
pt,subtrair,fr,soustraire,transparent
pt,subvenção,fr,subvention,transparent
pt,suceder,fr,succéder,transparent
pt,sucessivamente,fr,successivement,transparent
pt,sucessivo,fr,successif,transparent
pt,sucesso,fr,succès,transparent
pt,sucessor,fr,successeur,transparent
pt,sucessão,fr,succession,transparent
pt,sucursal,fr,succursale,transparent
pt,sueco,fr,suédois,altered
pt,suficiente,fr,suffisant,transparent
pt,suficientemente,fr,suffisamment,transparent
pt,suflê,fr,soufflé,altered
pt,sufrágio,fr,suffrage,transparent
pt,sugerir,fr,suggérer,transparent
pt,sugestão,fr,suggestion,transparent
pt,suicida,fr,suicidaire,transparent
pt,suicidar,fr,suicider,transparent
pt,suicídio,fr,suicide,transparent
pt,suite,fr,suite,transparent
pt,sujeito,fr,sujet,transparent
pt,sul,fr,sud,altered
pt,sultão,fr,sultan,transparent
pt,sumário,fr,sommaire,altered
pt,suor,fr,sueur,altered
pt,super,fr,super,transparent
pt,superar,fr,surmonter,altered
pt,superficial,fr,superficiel,transparent
pt,superfície,fr,surface,altered
pt,superior,fr,supérieur,transparent
pt,superioridade,fr,supériorité,transparent
pt,supermercado,fr,supermarché,altered
pt,superstar,fr,superstar,transparent
pt,supervisão,fr,supervision,transparent
pt,suplementar,fr,supplémentaire,transparent
pt,suplemento,fr,supplément,transparent
pt,suplente,fr,suppléant,transparent
pt,suplicar,fr,supplier,transparent
pt,supor,fr,supposer,transparent
pt,suporte,fr,soutien,altered
pt,suposto,fr,supposer,transparent
pt,supremacia,fr,suprématie,transparent
pt,supremo,fr,suprême,transparent
pt,supressão,fr,suppression,transparent
pt,suprimir,fr,supprimer,transparent
pt,surdo,fr,sourd,altered
pt,surgir,fr,surgir,transparent
pt,surpreendente,fr,surprenant,transparent
pt,surpreender,fr,surprendre,altered
pt,surpreendido,fr,surpris,transparent
pt,surpreso,fr,surpris,altered
pt,surrealista,fr,surréaliste,transparent
pt,suscetível,fr,susceptible,transparent
pt,suscitar,fr,susciter,transparent
pt,suspeitar,fr,soupçonner,altered
pt,suspeito,fr,suspect,transparent
pt,suspender,fr,suspendre,transparent
pt,suspense,fr,suspense,transparent
pt,suspenso,fr,suspendre,altered
pt,suspensão,fr,suspension,transparent
pt,suspirar,fr,soupirer,altered
pt,suspiro,fr,soupir,altered
pt,sustentar,fr,soutenir,altered
pt,sutil,fr,subtil,altered
pt,sutileza,fr,subtilité,altered
pt,suíço,fr,suisse,transparent
pt,sábado,fr,samedi,altered
pt,sátira,fr,satire,transparent
pt,século,fr,siècle,altered
pt,série,fr,série,transparent
pt,sério,fr,sérieux,altered
pt,sérvio,fr,serbe,altered
pt,sétimo,fr,septième,transparent
pt,símbolo,fr,symbole,transparent
pt,síndico,fr,syndic,altered
pt,sínodo,fr,synode,altered
pt,síntese,fr,synthèse,transparent
pt,sírio,fr,syrien,altered
pt,sóbrio,fr,sobre,transparent
pt,sódio,fr,sodium,transparent
pt,sólido,fr,solide,altered
pt,súbito,fr,subit,transparent
pt,tabaco,fr,tabac,transparent
pt,tabela,fr,table,altered
pt,tablete,fr,tablette,transparent
pt,tabu,fr,tabou,transparent
pt,tachar,fr,tacher,transparent
pt,taiwan,fr,taïwan,transparent
pt,tal,fr,tel,altered
pt,talento,fr,talent,transparent
pt,talentoso,fr,talentueux,transparent
pt,talha,fr,taille,altered
pt,talão,fr,talon,transparent
pt,tambor,fr,tambour,transparent
pt,tampão,fr,tampon,transparent
pt,tango,fr,tango,transparent
pt,tanto,fr,tant,altered
pt,tanzânia,fr,tanzanie,altered
pt,tara,fr,tara,transparent
pt,tarar,fr,tarer,transparent
pt,tardar,fr,tarder,transparent
pt,tarde,fr,tard,altered
pt,tardio,fr,tardif,transparent
pt,tarefa,fr,tâcher,altered
pt,tarifa,fr,tarif,transparent
pt,tartaruga,fr,tortue,altered
pt,tatuagem,fr,tatouage,altered
pt,taxa,fr,taxe,altered
pt,taxar,fr,taxer,transparent
pt,taça,fr,tasse,altered
pt,tchau,fr,ciao,transparent
pt,teatral,fr,théâtral,transparent
pt,teatro,fr,théâtre,altered
pt,tecer,fr,tisser,altered
pt,tecnicamente,fr,techniquement,transparent
pt,tecno,fr,techno,transparent
pt,tecnologia,fr,technologie,transparent
pt,tecnológico,fr,technologique,altered
pt,tee,fr,tee,transparent
pt,tele,fr,télé,transparent
pt,telecomunicação,fr,télécommunications,transparent
pt,telefonar,fr,téléphoner,transparent
pt,telefone,fr,téléphoner,transparent
pt,telefonia,fr,téléphonie,transparent
pt,telefónico,fr,téléphonique,transparent
pt,telegrama,fr,télégramme,transparent
pt,telescópio,fr,télescope,transparent
pt,telespectador,fr,téléspectateur,transparent
pt,televisivo,fr,télévisé,altered
pt,televisão,fr,télévision,transparent
pt,temperamento,fr,tempérament,transparent
pt,temperatura,fr,température,altered
pt,tempestade,fr,tempête,altered
pt,templo,fr,temple,transparent
pt,tempo,fr,temps,altered
pt,temporal,fr,temporel,transparent
pt,temporalmente,fr,temporairement,transparent
pt,temporário,fr,temporaire,altered
pt,temático,fr,thématique,altered
pt,tenaz,fr,tenace,altered
pt,tender,fr,tendre,altered
pt,tendência,fr,tendance,transparent
pt,tensão,fr,tension,transparent
pt,tenta,fr,tente,altered
pt,tentador,fr,tentant,altered
pt,tentar,fr,tenter,transparent
pt,tentativo,fr,tentative,transparent
pt,tentação,fr,tentation,transparent
pt,teologia,fr,théologie,transparent
pt,teológico,fr,théologique,transparent
pt,teorema,fr,théorème,altered
pt,teoria,fr,théorie,altered
pt,teoricamente,fr,théoriquement,transparent
pt,terapia,fr,thérapie,transparent
pt,terapêutico,fr,thérapeutique,transparent
pt,terciário,fr,tertiaire,altered
pt,terminal,fr,terminal,transparent
pt,terminar,fr,terminer,transparent
pt,terminologia,fr,terminologie,transparent
pt,terminus,fr,terminus,transparent
pt,termômetro,fr,thermomètre,transparent
pt,terra,fr,terre,transparent
pt,terreno,fr,terrain,transparent
pt,terrestre,fr,terrestre,transparent
pt,territorial,fr,territorial,transparent
pt,território,fr,territoire,transparent
pt,terrivelmente,fr,terriblement,transparent
pt,terroir,fr,terroir,transparent
pt,terror,fr,terreur,transparent
pt,terrorismo,fr,terrorisme,transparent
pt,terrorista,fr,terroriste,transparent
pt,terrível,fr,terrible,transparent
pt,terço,fr,tiers,altered
pt,tese,fr,thèse,transparent
pt,tesoureiro,fr,trésorier,altered
pt,tesouro,fr,trésor,altered
pt,testamento,fr,testament,transparent
pt,testar,fr,tester,transparent
pt,teste,fr,test,altered
pt,testemunha,fr,témoin,altered
pt,testemunhar,fr,témoigner,altered
pt,testículo,fr,testicule,transparent
pt,teu,fr,tien,altered
pt,texas,fr,texas,transparent
pt,texto,fr,texte,transparent
pt,textura,fr,texture,transparent
pt,teórico,fr,théorique,transparent
pt,thriller,fr,thriller,transparent
pt,ticket,fr,ticket,transparent
pt,tigre,fr,tigre,transparent
pt,timbre,fr,timbre,transparent
pt,timing,fr,timing,transparent
pt,tipicamente,fr,typiquement,transparent
pt,tipo,fr,type,transparent
pt,tique,fr,tic,altered
pt,tira,fr,tire,transparent
pt,tiragem,fr,tirage,altered
pt,tirania,fr,tyrannie,altered
pt,tirano,fr,tyran,altered
pt,tirante,fr,tirant,transparent
pt,tirar,fr,tirer,transparent
pt,tiro,fr,tir,transparent
pt,titular,fr,titulaire,transparent
pt,titã,fr,titan,transparent
pt,tocante,fr,touchant,altered
pt,tocar,fr,toucher,altered
pt,tocha,fr,torche,altered
pt,todo,fr,tout,altered
pt,toilette,fr,toilette,transparent
pt,tolerar,fr,tolérer,transparent
pt,tolerância,fr,tolérance,altered
pt,tom,fr,ton,altered
pt,tomate,fr,tomate,transparent
pt,tombar,fr,tomber,altered
pt,tomo,fr,tome,transparent
pt,tonalidade,fr,tonalité,transparent
pt,tonel,fr,tonneau,transparent
pt,tonton,fr,tonton,transparent
pt,torcer,fr,tordre,altered
pt,torcido,fr,tordre,altered
pt,tormenta,fr,tourmente,altered
pt,torna,fr,tourne,altered
pt,tornar,fr,tourner,altered
pt,torneio,fr,tournoi,altered
pt,torrente,fr,torrent,transparent
pt,torso,fr,torse,transparent
pt,torturar,fr,torturer,transparent
pt,toscano,fr,toscan,transparent
pt,tossir,fr,tousser,altered
pt,total,fr,total,transparent
pt,totalidade,fr,totalité,transparent
pt,totalmente,fr,totalement,transparent
pt,toxicidade,fr,toxicité,transparent
pt,traba,fr,entrave,altered
pt,trabalhador,fr,travailleur,altered
pt,trabalhar,fr,travailler,transparent
pt,trabalho,fr,travail,altered
pt,tradicional,fr,traditionnel,transparent
pt,tradicionalmente,fr,traditionnellement,transparent
pt,tradição,fr,tradition,transparent
pt,tradutor,fr,traducteur,altered
pt,traduzir,fr,traduire,altered
pt,tradução,fr,traduction,transparent
pt,tragédia,fr,tragédie,altered
pt,traidor,fr,traître,altered
pt,trair,fr,trahir,transparent
pt,traição,fr,trahison,altered
pt,trajeto,fr,trajet,transparent
pt,trajetória,fr,trajectoire,transparent
pt,trama,fr,trame,transparent
pt,trampa,fr,trappe,altered
pt,trampolim,fr,tremplin,transparent
pt,tranquilamente,fr,tranquillement,transparent
pt,tranquilidade,fr,tranquillité,transparent
pt,tranquilo,fr,tranquille,transparent
pt,transação,fr,transaction,transparent
pt,transcrição,fr,transcription,transparent
pt,transferir,fr,transférer,altered
pt,transferência,fr,transfert,transparent
pt,transformar,fr,transformer,transparent
pt,transformação,fr,transformation,transparent
pt,transição,fr,transition,transparent
pt,translação,fr,translation,transparent
pt,transmissão,fr,transmission,transparent
pt,transmitir,fr,transmettre,altered
pt,transparente,fr,transparent,transparent
pt,transparência,fr,transparence,altered
pt,transportador,fr,transporteur,altered
pt,transportar,fr,transporter,transparent
pt,transporte,fr,transport,altered
pt,transversal,fr,transversale,altered
pt,trapo,fr,drap,altered
pt,tratamento,fr,traitement,altered
pt,tratar,fr,traité,altered
pt,trator,fr,tracteur,altered
pt,traumatismo,fr,traumatisme,transparent
pt,traumático,fr,traumatique,transparent
pt,travar,fr,travailler,altered
pt,través,fr,travers,transparent
pt,traçar,fr,tracer,transparent
pt,traço,fr,trace,altered
pt,tração,fr,traction,transparent
pt,treinador,fr,entraîneur,altered
pt,treinamento,fr,entraînement,altered
pt,treinar,fr,entraîner,altered
pt,tremer,fr,trembler,altered
pt,triangular,fr,triangulaire,altered
pt,tribo,fr,tribu,altered
pt,tribuna,fr,tribune,transparent
pt,tribunal,fr,tribunal,transparent
pt,tributo,fr,tribut,transparent
pt,tricolor,fr,tricolore,transparent
pt,trier,fr,trier,transparent
pt,trilogia,fr,trilogie,transparent
pt,trimestre,fr,trimestre,transparent
pt,trincheira,fr,tranchée,altered
pt,trindade,fr,trinité,altered
pt,trintar,fr,trente,altered
pt,trio,fr,trio,transparent
pt,tripa,fr,tripe,transparent
pt,triplo,fr,triple,transparent
pt,triste,fr,triste,transparent
pt,tristemente,fr,tristement,transparent
pt,tristeza,fr,tristesse,altered
pt,triunfo,fr,triomphe,altered
pt,triângulo,fr,triangle,transparent
pt,troféu,fr,trophée,altered
pt,troll,fr,troll,transparent
pt,trombeta,fr,trompette,altered
pt,trompa,fr,trompe,altered
pt,tronco,fr,tronc,transparent
pt,trono,fr,trône,transparent
pt,tropa,fr,troupe,altered
pt,tropical,fr,tropical,transparent
pt,truque,fr,truc,transparent
pt,tráfego,fr,trafic,altered
pt,tráfico,fr,trafic,transparent
pt,trágico,fr,tragique,transparent
pt,trânsito,fr,transit,transparent
pt,trégua,fr,trêve,altered
pt,três,fr,trois,altered
pt,tsunami,fr,tsunami,transparent
pt,tu,fr,tu,transparent
pt,tuberculose,fr,tuberculose,transparent
pt,tubo,fr,tube,altered
pt,tumba,fr,tombe,transparent
pt,tumor,fr,tumeur,transparent
pt,tunisino,fr,tunisien,transparent
pt,turco,fr,turc,altered
pt,turismo,fr,tourisme,transparent
pt,turista,fr,touriste,altered
pt,turno,fr,tour,altered
pt,turquesa,fr,turquoise,transparent
pt,turquia,fr,turquie,transparent
pt,turístico,fr,touristique,transparent
pt,tutor,fr,tuteur,transparent
pt,twitter,fr,twitter,transparent
pt,tábua,fr,table,altered
pt,tática,fr,tactique,transparent
pt,tátil,fr,tactile,transparent
pt,táxi,fr,taxi,transparent
pt,técnico,fr,technique,transparent
pt,ténis,fr,tennis,altered
pt,tépido,fr,tiède,altered
pt,térmico,fr,thermique,transparent
pt,tênis,fr,tennis,transparent
pt,têxtil,fr,textile,transparent
pt,tímido,fr,timide,transparent
pt,típico,fr,typique,transparent
pt,título,fr,titre,altered
pt,tórax,fr,thorax,transparent
pt,tóxico,fr,toxique,transparent
pt,túnel,fr,tunnel,transparent
pt,túnica,fr,tunique,transparent
pt,ucraniano,fr,ukrainien,transparent
pt,ucrânia,fr,ukraine,transparent
pt,uganda,fr,ouganda,altered
pt,ulterior,fr,ultérieur,transparent
pt,ulteriormente,fr,ultérieurement,transparent
pt,ultra,fr,ultra,transparent
pt,ultraje,fr,outrage,altered
pt,um,fr,un,altered
pt,umidade,fr,humidité,altered
pt,unanimidade,fr,unanimité,transparent
pt,unicamente,fr,uniquement,transparent
pt,unidade,fr,unité,transparent
pt,unificação,fr,unification,transparent
pt,uniforme,fr,uniforme,transparent
pt,unir,fr,unir,transparent
pt,unitário,fr,unitaire,transparent
pt,universal,fr,universel,transparent
pt,universidade,fr,université,transparent
pt,universitário,fr,universitaire,transparent
pt,universo,fr,univers,altered
pt,união,fr,union,transparent
pt,unânime,fr,unanime,transparent
pt,urbanismo,fr,urbanisme,transparent
pt,urbanização,fr,urbanisation,transparent
pt,urbano,fr,urbain,transparent
pt,urgente,fr,urgent,transparent
pt,urgência,fr,urgence,transparent
pt,urina,fr,urine,transparent
pt,urna,fr,urne,transparent
pt,urânio,fr,uranium,transparent
pt,usar,fr,user,altered
pt,usina,fr,usine,transparent
pt,uso,fr,usage,altered
pt,usuário,fr,usager,altered
pt,utilidade,fr,utilité,transparent
pt,utilitário,fr,utilitaire,transparent
pt,utilizador,fr,utilisateur,transparent
pt,utilizar,fr,utiliser,transparent
pt,utilização,fr,utilisation,transparent
pt,utilizável,fr,utilisable,transparent
pt,utopia,fr,utopie,transparent
pt,vacina,fr,vaccin,transparent
pt,vacinação,fr,vaccination,transparent
pt,vagina,fr,vagin,altered
pt,vago,fr,vague,altered
pt,vagão,fr,wagon,transparent
pt,vale,fr,vallée,transparent
pt,valente,fr,vaillant,altered
pt,valer,fr,valoir,altered
pt,valete,fr,valet,altered
pt,validade,fr,validité,transparent
pt,validar,fr,valider,transparent
pt,validação,fr,validation,transparent
pt,valor,fr,valeur,altered
pt,valorizar,fr,valoriser,transparent
pt,valorização,fr,valorisation,transparent
pt,valsa,fr,valse,transparent
pt,valão,fr,vallon,altered
pt,valência,fr,valence,transparent
pt,vampiro,fr,vampire,transparent
pt,vandalismo,fr,vandalisme,transparent
pt,vantagem,fr,avantage,altered
pt,vantajoso,fr,avantageux,altered
pt,vapor,fr,vapeur,transparent
pt,variante,fr,variant,transparent
pt,variar,fr,varier,transparent
pt,variação,fr,variation,transparent
pt,variedade,fr,variété,transparent
pt,variável,fr,variable,transparent
pt,varrer,fr,balayer,altered
pt,vascular,fr,vasculaire,transparent
pt,vasto,fr,vaste,transparent
pt,vaticano,fr,vatican,transparent
pt,vegetal,fr,végétal,transparent
pt,vegetariano,fr,végétarien,transparent
pt,vegetação,fr,végétation,transparent
pt,veia,fr,veine,altered
pt,veicular,fr,véhiculer,transparent
pt,veludo,fr,velours,altered
pt,velódromo,fr,vélodrome,transparent
pt,vencedor,fr,vainqueur,altered
pt,vencer,fr,vaincre,altered
pt,vendedor,fr,vendeur,transparent
pt,vender,fr,vendre,altered
pt,vendido,fr,vendre,transparent
pt,venerável,fr,vénérable,transparent
pt,veneza,fr,venise,altered
pt,venezuela,fr,venezuela,transparent
pt,ventilador,fr,ventilateur,transparent
pt,ventilação,fr,ventilation,transparent
pt,vento,fr,vent,altered
pt,ventre,fr,ventre,transparent
pt,ver,fr,voir,altered
pt,verbal,fr,verbal,transparent
pt,verbo,fr,verbe,transparent
pt,verdade,fr,vérité,altered
pt,verdadeiramente,fr,véritablement,altered
pt,verdura,fr,verdure,transparent
pt,veredicto,fr,verdict,transparent
pt,vergel,fr,verger,altered
pt,verificar,fr,vérifier,transparent
pt,verificação,fr,vérification,transparent
pt,verniz,fr,vernis,transparent
pt,verso,fr,verse,altered
pt,versus,fr,versus,transparent
pt,versão,fr,version,transparent
pt,versículo,fr,verset,altered
pt,vertebral,fr,vertébral,transparent
pt,vertente,fr,versant,altered
pt,verter,fr,verser,altered
pt,vertical,fr,verticale,transparent
pt,vertigem,fr,vertige,altered
pt,vestiário,fr,vestiaire,transparent
pt,vestígio,fr,vestige,transparent
pt,veterano,fr,vétéran,transparent
pt,veterinário,fr,vétérinaire,transparent
pt,veto,fr,veto,transparent
pt,vetor,fr,vecteur,altered
pt,veículo,fr,véhicule,transparent
pt,via,fr,voie,altered
pt,viagem,fr,voyage,transparent
pt,viajante,fr,voyageur,transparent
pt,viajar,fr,voyager,altered
pt,viatura,fr,voiture,altered
pt,vibrar,fr,vibrer,transparent
pt,vibração,fr,vibration,transparent
pt,vice,fr,vice,transparent
pt,vida,fr,vie,altered
pt,vidente,fr,voyant,altered
pt,video,fr,vidéo,transparent
pt,vietnã,fr,vietnam,transparent
pt,vigilante,fr,vigilant,transparent
pt,vigor,fr,vigueur,altered
pt,vigário,fr,vicaire,altered
pt,vigésimo,fr,vingtième,altered
pt,viking,fr,viking,transparent
pt,vila,fr,ville,altered
pt,vilão,fr,vilain,altered
pt,vinagre,fr,vinaigre,transparent
pt,vingança,fr,vengeance,altered
pt,vingar,fr,venger,altered
pt,vinhedo,fr,vignoble,altered
pt,vinheta,fr,vignette,altered
pt,vinho,fr,vin,altered
pt,vinil,fr,vinyle,altered
pt,vinte,fr,vingt,altered
pt,violar,fr,violer,transparent
pt,violação,fr,violation,transparent
pt,violentamente,fr,violemment,transparent
pt,violentar,fr,violenter,transparent
pt,violento,fr,violent,transparent
pt,violeta,fr,violet,altered
pt,violão,fr,violon,altered
pt,violência,fr,violence,transparent
pt,vir,fr,venir,altered
pt,viragem,fr,virage,transparent
pt,viral,fr,viral,transparent
pt,virar,fr,virer,transparent
pt,virgem,fr,vierge,altered
pt,virgindade,fr,virginité,transparent
pt,virilidade,fr,virilité,transparent
pt,virtual,fr,virtuel,transparent
pt,virtude,fr,vertu,transparent
pt,virtuoso,fr,vertueux,altered
pt,visar,fr,visé,altered
pt,visconde,fr,vicomte,altered
pt,visibilidade,fr,visibilité,altered
pt,visita,fr,visiter,transparent
pt,visitador,fr,visiteur,altered
pt,visitante,fr,visiter,transparent
pt,visitar,fr,visiter,transparent
pt,visivelmente,fr,visiblement,transparent
pt,visor,fr,viseur,altered
pt,visto,fr,visa,altered
pt,visual,fr,visuel,transparent
pt,visão,fr,vision,altered
pt,visível,fr,visible,transparent
pt,vital,fr,vital,transparent
pt,vitalidade,fr,vitalité,transparent
pt,vitamina,fr,vitamine,transparent
pt,vitorioso,fr,victorieux,transparent
pt,vitrina,fr,vitrine,transparent
pt,vitória,fr,victoire,altered
pt,vivamente,fr,vivement,transparent
pt,vivente,fr,vivant,altered
pt,viver,fr,vivre,transparent
pt,vivo,fr,vif,altered
pt,vizinhança,fr,voisinage,altered
pt,vizinho,fr,voisin,altered
pt,viável,fr,viable,transparent
pt,viúvo,fr,veuve,altered
pt,voar,fr,voler,altered
pt,vocabulário,fr,vocabulaire,altered
pt,vocação,fr,vocation,transparent
pt,vodka,fr,vodka,transparent
pt,voga,fr,vogue,transparent
pt,volante,fr,volant,transparent
pt,volume,fr,volume,transparent
pt,voluntariamente,fr,volontairement,altered
pt,voluntário,fr,volontaire,transparent
pt,vomitar,fr,vomir,transparent
pt,vontade,fr,volonté,altered
pt,voo,fr,vol,altered
pt,votante,fr,votant,transparent
pt,votar,fr,voter,transparent
pt,voto,fr,vote,transparent
pt,voz,fr,voix,altered
pt,vulcão,fr,volcan,altered
pt,vulgar,fr,vulgaire,transparent
pt,vulgarização,fr,vulgarisation,transparent
pt,vulnerabilidade,fr,vulnérabilité,transparent
pt,vulnerável,fr,vulnérable,transparent
pt,válido,fr,valide,transparent
pt,válvula,fr,valve,altered
pt,vário,fr,varier,transparent
pt,vão,fr,vain,transparent
pt,véu,fr,voile,transparent
pt,vênus,fr,vénus,transparent
pt,vídeo,fr,vidéo,transparent
pt,vírgula,fr,virgule,altered
pt,vírus,fr,virus,transparent
pt,vítima,fr,victime,transparent
pt,watt,fr,watt,transparent
pt,western,fr,western,transparent
pt,whisky,fr,whisky,transparent
pt,wikipédia,fr,wikipédia,transparent
pt,word,fr,word,transparent
pt,xampu,fr,shampoing,altered
pt,xarope,fr,sirop,altered
pt,xeque,fr,échec,altered
pt,xerife,fr,shérif,altered
pt,youtube,fr,youtube,transparent
pt,zelo,fr,zèle,altered
pt,zen,fr,zen,transparent
pt,zero,fr,zéro,transparent
pt,zinco,fr,zinc,transparent
pt,zona,fr,zone,transparent
pt,zoom,fr,zoom,transparent
pt,zumbi,fr,zombie,transparent
pt,zénite,fr,zénith,transparent
pt,ácido,fr,acide,transparent
pt,áfrico,fr,afrique,transparent
pt,álbum,fr,album,transparent
pt,álcool,fr,alcool,transparent
pt,árabe,fr,arabe,transparent
pt,árbitro,fr,arbitre,transparent
pt,área,fr,aire,transparent
pt,ártico,fr,arctique,transparent
pt,árvore,fr,arbre,altered
pt,ás,fr,as,transparent
pt,ásia,fr,asie,transparent
pt,átomo,fr,atome,transparent
pt,áudio,fr,audio,transparent
pt,ávido,fr,avide,transparent
pt,âmbar,fr,ambre,transparent
pt,âncora,fr,ancre,transparent
pt,ângulo,fr,angle,transparent
pt,ânus,fr,anus,altered
pt,édito,fr,édit,altered
pt,épico,fr,épique,altered
pt,época,fr,époque,transparent
pt,ético,fr,éthique,altered
pt,étnico,fr,ethnique,transparent
pt,êxodo,fr,exode,altered
pt,ícone,fr,icône,altered
pt,ídolo,fr,idole,transparent
pt,índice,fr,indice,transparent
pt,índio,fr,indien,altered
pt,ínfimo,fr,infime,transparent
pt,íntegro,fr,intègre,altered
pt,íntimo,fr,intime,transparent
pt,íris,fr,iris,transparent
pt,ópera,fr,opéra,transparent
pt,ópio,fr,opium,altered
pt,óptico,fr,optique,transparent
pt,órbita,fr,orbite,transparent
pt,órfão,fr,orphelin,altered
pt,órgão,fr,organe,altered
pt,ótimo,fr,optimal,altered
pt,óxido,fr,oxyde,altered
pt,ômega,fr,omega,transparent
pt,último,fr,ultime,altered
pt,úmido,fr,humide,altered
pt,único,fr,unique,transparent
pt,útero,fr,utérus,transparent
pt,útil,fr,utile,transparent
