receiver_lang,receiver_word,donor_lang,donor_word,class
hy,աբել,pt,abel,transparent
hy,աբորտ,pt,aborto,altered
hy,աբսուրդ,pt,absurdo,altered
hy,աբստրակտ,pt,abstrato,altered
hy,ագրեգատներ,pt,agregar,altered
hy,ագրեսիա,pt,agressão,altered
hy,ագրեսիվ,pt,agressivo,transparent
hy,ագրեսոր,pt,agressor,transparent
hy,ադամ,pt,adão,altered
hy,ադամանդե,pt,diamante,transparent
hy,ադապտացիա,pt,adaptação,transparent
hy,ադապտացվել,pt,adaptar,transparent
hy,ադեկվատ,pt,adequar,altered
hy,ադմինիստրատիվ,pt,administrativo,transparent
hy,ադմինիստրատոր,pt,administrador,altered
hy,ադմինիստրացիա,pt,administração,transparent
hy,ադրիան,pt,adriano,altered
hy,ադրիանո,pt,adriano,transparent
hy,աերոբիկ,pt,aeróbico,altered
hy,աթեիզմ,pt,ateísmo,altered
hy,աթլետիկա,pt,atlético,altered
hy,ալբան,pt,albanês,altered
hy,ալբանական,pt,albanês,altered
hy,ալբանիա,pt,albânia,transparent
hy,ալբերտո,pt,alberto,transparent
hy,ալբոմ,pt,álbum,transparent
hy,ալգորիթմ,pt,algoritmo,altered
hy,ալեսանդրո,pt,alexandre,altered
hy,ալերգիա,pt,alergia,transparent
hy,ալերգիկ,pt,alérgico,transparent
hy,ալեքսանդր,pt,alexandre,altered
hy,ալեքսանդրա,pt,alexandra,transparent
hy,ալկոհոլ,pt,álcool,transparent
hy,ալկոհոլային,pt,alcoólico,altered
hy,ալկոհոլիզմ,pt,alcoolismo,altered
hy,ալյանս,pt,aliançar,altered
hy,ալյասկայի,pt,alasca,altered
hy,ալյումին,pt,alumínio,altered
hy,ալոնսո,pt,afonso,altered
hy,ալոնսոյի,pt,afonso,altered
hy,ալումյան,pt,alumínio,altered
hy,ալտերնատիվ,pt,alternativo,altered
hy,ալֆոնսո,pt,afonso,altered
hy,ալֆրեդ,pt,alfredo,altered
hy,ակադեմիական,pt,académico,altered
hy,ակադեմիկոս,pt,acadêmico,transparent
hy,ակուստիկ,pt,acústico,altered
hy,ակվարիում,pt,aquário,altered
hy,ակտ,pt,ato,altered
hy,ակտիվ,pt,ativo,transparent
hy,ակտիվանալ,pt,ativar,altered
hy,ակտիվացել,pt,ativar,altered
hy,ակտիվացնել,pt,ativar,altered
hy,ակտիվիստ,pt,ativista,transparent
hy,ակտիվորեն,pt,ativamente,transparent
hy,ակտիվություն,pt,atividade,altered
hy,ակտուալ,pt,atual,altered
hy,ակցենտով,pt,acento,altered
hy,ակցիա,pt,ação,altered
hy,ամբիցիա,pt,ambição,altered
hy,ամենասեքսուալ,pt,sexual,altered
hy,ամերիկական,pt,americano,altered
hy,ամերիկյան,pt,americano,transparent
hy,ամինաթթու,pt,aminoácido,altered
hy,ամինաթթվային,pt,aminoácido,altered
hy,ամոնիակի,pt,amônia,altered
hy,ամստերդամ,pt,amsterdã,altered
hy,այնշտայն,pt,einstein,altered
hy,անա,pt,ana,transparent
hy,անալ,pt,anal,transparent
hy,անալիտիկ,pt,analítico,altered
hy,անատոմիա,pt,anatomia,transparent
hy,անատոմիական,pt,anatômico,altered
hy,անդրեա,pt,andrea,transparent
hy,անդրիաս,pt,andré,altered
hy,անեկդոտ,pt,anedota,transparent
hy,անժելա,pt,ângela,transparent
hy,անիմացիա,pt,animação,altered
hy,անիմացիոն,pt,animação,altered
hy,անիմե,pt,anime,transparent
hy,անլեգալ,pt,ilegal,altered
hy,անն,pt,ana,transparent
hy,աննա,pt,ana,altered
hy,աննորմալ,pt,anormal,transparent
hy,անոմալիա,pt,anomalia,transparent
hy,անտարկտիդա,pt,antártida,transparent
hy,անտենան,pt,antena,transparent
hy,անտիկ,pt,antigo,altered
hy,անտիոքի,pt,antioquia,transparent
hy,անտոն,pt,antão,altered
hy,անտոնիո,pt,antónio,altered
hy,աուդիո,pt,áudio,transparent
hy,աուդիտ,pt,auditoria,altered
hy,աուդիտորական,pt,auditório,altered
hy,աուտիզմ,pt,autismo,altered
hy,ապարատ,pt,aparato,transparent
hy,ապոկալիպսիս,pt,apocalipse,altered
hy,ապրիլ,pt,abril,transparent
hy,ապրիլ-մայիս,pt,abril,transparent
hy,ապրիլյան,pt,abril,altered
hy,ասամբլեա,pt,assembleia,transparent
hy,ասթմա,pt,asma,altered
hy,ասիա,pt,ásia,transparent
hy,ասիմետրիկ,pt,assimétrico,altered
hy,ասիստենտ,pt,assistente,altered
hy,ասոցացիա,pt,associação,altered
hy,ասոցացնել,pt,associar,altered
hy,ասոցացում,pt,associação,altered
hy,ասոցացվել,pt,associado,altered
hy,ասոցիատիվ,pt,associativo,altered
hy,ասոցիացիա,pt,associação,altered
hy,ասպեկտ,pt,aspecto,transparent
hy,ասպիրանտ,pt,aspirante,altered
hy,աստերոիդ,pt,asteroide,transparent
hy,ասֆալտ,pt,asfalto,transparent
hy,ասֆալտապատում,pt,asfalto,altered
hy,ավանգարդ,pt,vanguarda,altered
hy,ավգուստ,pt,agosto,altered
hy,ավիացիա,pt,aviação,transparent
hy,ավիացիոն,pt,aviação,transparent
hy,ավստրալիա,pt,austrália,transparent
hy,ավստրալիական,pt,australiano,altered
hy,ավստրիա,pt,áustria,altered
hy,ավստրիական,pt,austríaco,altered
hy,ավտո,pt,auto,transparent
hy,ավտոմատ,pt,automático,altered
hy,ավտոմատացնել,pt,automatizar,altered
hy,ավտոմոբիլ,pt,automóvel,transparent
hy,ավտոմոբիլային,pt,automóvel,altered
hy,ավտորիտար,pt,autoritário,transparent
hy,ատլանտյան,pt,atlântico,altered
hy,ատլասը,pt,atlas,transparent
hy,ատլետիկա,pt,atlético,transparent
hy,ատոմ,pt,átomo,transparent
hy,ատոմային,pt,atômico,altered
hy,ատրակցիոն,pt,atração,transparent
hy,ատրիբուտ,pt,atributo,altered
hy,արաբ,pt,árabe,altered
hy,արաբական,pt,árabe,altered
hy,արաբիա,pt,arábio,transparent
hy,արգենտինա,pt,argentino,transparent
hy,արգենտինական,pt,argentino,altered
hy,արգենտինացի,pt,argentino,altered
hy,արգումենտ,pt,argumento,transparent
hy,արենա,pt,arena,transparent
hy,արթուր,pt,artur,altered
hy,արիական,pt,ariano,altered
hy,արիզոնա,pt,arizona,transparent
hy,արիստոկրատ,pt,aristocrata,transparent
hy,արիստոտել,pt,aristóteles,altered
hy,արխիվ,pt,arquivo,altered
hy,արխիվային,pt,arquivo,altered
hy,արկտիկական,pt,ártico,transparent
hy,արկտիկայի,pt,ártico,altered
hy,արմենիա,pt,arménio,altered
hy,արոմատիկ,pt,aromático,altered
hy,արսենալ,pt,arsenal,transparent
hy,արտիստ,pt,artista,transparent
hy,ացտեկներ,pt,asteca,altered
hy,աֆղանական,pt,afegão,altered
hy,աֆղանստան,pt,afeganistão,altered
hy,աֆրիկա,pt,áfrico,transparent
hy,աֆրիկական,pt,africano,altered
hy,աֆրիկյան,pt,africano,altered
hy,բաբելոն,pt,babilônia,altered
hy,բազա,pt,base,altered
hy,բազարը,pt,bazar,transparent
hy,բալանսը,pt,balanço,altered
hy,բալանսի,pt,balançar,altered
hy,բալետ,pt,balé,altered
hy,բալետային,pt,balé,altered
hy,բալիստիկ,pt,balístico,transparent
hy,բալոն,pt,balão,altered
hy,բալոններ,pt,balão,altered
hy,բակալավր,pt,bacharel,altered
hy,բակտերիալ,pt,bactéria,transparent
hy,բաղդադ,pt,bagdá,altered
hy,բամբուկ,pt,bambu,altered
hy,բանան,pt,banana,transparent
hy,բանկ,pt,banco,transparent
hy,բանկային,pt,bancário,altered
hy,բանկիր,pt,banqueiro,altered
hy,բասկետբոլ,pt,basquetebol,altered
hy,բար,pt,bar,transparent
hy,բարոկկո,pt,barroco,altered
hy,բարոն,pt,barão,transparent
hy,բարսելոնա,pt,barcelona,transparent
hy,բաքու,pt,baku,transparent
hy,բելգիա,pt,bélgica,altered
hy,բելգիական,pt,belga,altered
hy,բելգրադ,pt,belgrado,altered
hy,բելլա,pt,belo,altered
hy,բեյսբոլ,pt,beisebol,altered
hy,բեյրութ,pt,beirute,altered
hy,բեռլին,pt,berlim,altered
hy,բետոն,pt,betão,altered
hy,բետոնե,pt,betão,altered
hy,բիզոն,pt,bisão,transparent
hy,բիլ,pt,bill,transparent
hy,բիլլ,pt,bill,transparent
hy,բլեյք,pt,blake,transparent
hy,բլոգ,pt,blog,transparent
hy,բլոկ,pt,bloco,transparent
hy,բոբ,pt,bob,transparent
hy,բոլիվիա,pt,bolívia,transparent
hy,բոլոնիա,pt,bolonha,altered
hy,բոմբ,pt,bombar,altered
hy,բոյկոտ,pt,boicote,altered
hy,բոյկոտել,pt,boicotar,altered
hy,բոնուս,pt,bônus,transparent
hy,բոնուսներ,pt,bônus,transparent
hy,բոսնիա,pt,bósnio,transparent
hy,բոսնիական,pt,bósnio,altered
hy,բոստոն,pt,boston,transparent
hy,բորուսիան,pt,borussia,transparent
hy,բուդապեշտ,pt,budapeste,altered
hy,բուդդա,pt,buda,transparent
hy,բուլղարական,pt,búlgaro,altered
hy,բուլղարիա,pt,bulgária,altered
hy,բուլղարներ,pt,búlgaro,altered
hy,բուրբոն,pt,bourbon,altered
hy,բուրժուազիա,pt,burguesia,altered
hy,բոքս,pt,boxe,transparent
hy,բրազիլական,pt,brasileiro,altered
hy,բրազիլացի,pt,brasileiro,altered
hy,բրազիլիա,pt,brasil,altered
hy,բրավո,pt,bravo,transparent
hy,բրիտանացի,pt,britânico,altered
hy,բրոդվեյ,pt,broadway,transparent
hy,բրոկոլիով,pt,brócolis,altered
hy,բրոնզ,pt,bronze,transparent
hy,բրոնզե,pt,bronze,transparent
hy,բրոշյուր,pt,brochura,altered
hy,բրունո,pt,bruno,transparent
hy,բրուտ,pt,bruto,altered
hy,գաբրիել,pt,gabriel,transparent
hy,գազ,pt,gás,transparent
hy,գազային,pt,gasoso,altered
hy,գազետա,pt,gazeta,transparent
hy,գալակտիկա,pt,galáxia,altered
hy,գալաքս,pt,galáxia,altered
hy,գարաժ,pt,garagem,altered
hy,գեն,pt,gen,transparent
hy,գենետիկ,pt,genético,altered
hy,գենետիկական,pt,genético,transparent
hy,գենետիկորեն,pt,geneticamente,altered
hy,գեներալ,pt,general,transparent
hy,գեներալ-լեյտենանտ,pt,general,transparent
hy,գեներալ-մայոր,pt,general,transparent
hy,գեներատոր,pt,gerador,altered
hy,գենոմի,pt,genoma,transparent
hy,գետտո,pt,gueto,altered
hy,գերման,pt,germano,altered
hy,գերմանական,pt,germânico,altered
hy,գիթառով,pt,guitarra,altered
hy,գիմնազիա,pt,ginásio,altered
hy,գլյուկոզ,pt,glicose,altered
hy,գլոբալ,pt,global,transparent
hy,գլոբալացում,pt,globalização,transparent
hy,գլոբուս,pt,globo,altered
hy,գլորիա,pt,glória,transparent
hy,գոթական,pt,gótico,altered
hy,գոլ,pt,gol,transparent
hy,գոլֆ,pt,golfe,altered
hy,գվարդիա,pt,guardar,altered
hy,գվինեա,pt,guiné,transparent
hy,գրանդիոզ,pt,grandioso,altered
hy,գրանթ,pt,grant,transparent
hy,գրանիտ,pt,granito,altered
hy,գրանիտե,pt,granito,altered
hy,գրանտ,pt,grant,transparent
hy,գրաֆիկ,pt,gráfico,transparent
hy,գրաֆիկա,pt,gráfico,transparent
hy,գրաֆիկական,pt,gráfico,altered
hy,գրեմմի,pt,grammy,transparent
hy,գրիպ,pt,gripe,transparent
hy,գրուպ,pt,grupo,transparent
hy,դամա,pt,dama,transparent
hy,դավիդ,pt,davi,altered
hy,դավիթ,pt,davi,altered
hy,դարվին,pt,darwin,transparent
hy,դեբիլ,pt,débil,transparent
hy,դեբյուտ,pt,debut,transparent
hy,դեգրադացիա,pt,degradação,altered
hy,դելֆին,pt,golfinho,altered
hy,դեկան,pt,deão,altered
hy,դեկորատիվ,pt,decorativo,transparent
hy,դեկորացիա,pt,decoração,altered
hy,դեկտեմբեր,pt,dezembro,transparent
hy,դեմո,pt,demo,transparent
hy,դեմոգրաֆիական,pt,demográfico,transparent
hy,դեմոկրատ,pt,democrata,transparent
hy,դեմոկրատական,pt,democrático,altered
hy,դեմոկրատիա,pt,democracia,altered
hy,դեպարտամենտ,pt,departamento,altered
hy,դեպոզիտ,pt,depósito,altered
hy,դեպուտատ,pt,deputar,altered
hy,դեպրեսիա,pt,depressão,altered
hy,դեպրեսիվ,pt,depressivo,altered
hy,դետալ,pt,detalhe,altered
hy,դետեկտիվ,pt,detective,transparent
hy,դեֆիցիտ,pt,déficit,transparent
hy,դեֆորմացիաներ,pt,deformação,altered
hy,դիաբետ,pt,diabetes,altered
hy,դիաբետիկ,pt,diabético,altered
hy,դիալոգ,pt,diálogo,transparent
hy,դիանա,pt,diana,transparent
hy,դիեգո,pt,diego,transparent
hy,դիետա,pt,dieta,transparent
hy,դիետայի,pt,dieta,altered
hy,դիետան,pt,dieta,altered
hy,դիետաներ,pt,dieta,transparent
hy,դիզայն,pt,design,transparent
hy,դիզայներ,pt,designer,transparent
hy,դիզել,pt,diesel,transparent
hy,դիկտատոր,pt,ditador,altered
hy,դիկտատուրա,pt,ditadura,altered
hy,դինամիկ,pt,dinâmico,altered
hy,դինամիկա,pt,dinâmico,transparent
hy,դինաստիա,pt,dinastia,transparent
hy,դիպլոմ,pt,diplomar,transparent
hy,դիպլոմային,pt,diplomático,altered
hy,դիսերտացիա,pt,dissertação,altered
hy,դիսկ,pt,disco,altered
hy,դիսկրետ,pt,discreto,altered
hy,դիվիզիա,pt,divisão,altered
hy,դիվիզիոն,pt,divisão,altered
hy,դիրեկտոր,pt,diretor,altered
hy,դիֆերենցիալ,pt,diferencial,transparent
hy,դոզա,pt,dose,altered
hy,դոլար,pt,dólar,transparent
hy,դոլլար,pt,dólar,transparent
hy,դոկումենտալ,pt,documental,transparent
hy,դոկտոր,pt,doutor,altered
hy,դոկտրինի,pt,doutrinar,altered
hy,դոմինանտ,pt,dominante,altered
hy,դոնալդ,pt,donald,transparent
hy,դոնոր,pt,doador,altered
hy,դոնորներ,pt,doador,altered
hy,դուետ,pt,dueto,transparent
hy,դրամա,pt,drama,transparent
hy,դրամատիկ,pt,dramático,transparent
hy,դրամատիկական,pt,dramático,altered
hy,դրամատուրգիա,pt,dramaturgia,altered
hy,դևիդ,pt,davi,altered
hy,եբրայական,pt,hebraico,altered
hy,եբրայերեն,pt,hebraico,altered
hy,եգիպտական,pt,egípcio,altered
hy,եգիպտոս,pt,egito,altered
hy,եթեր,pt,éter,transparent
hy,եթովպիա,pt,etiópia,altered
hy,եպիսկոպոս,pt,bispo,altered
hy,եպիսկոպոսական,pt,episcopal,altered
hy,եվա,pt,eva,transparent
hy,եվգենի,pt,eugênio,altered
hy,եվրո,pt,euro,transparent
hy,եվրոպա,pt,europa,altered
hy,եվրոպական,pt,europeu,altered
hy,զելանդիա,pt,zelândia,altered
hy,զոմբի,pt,zumbi,altered
hy,զոնա,pt,zona,transparent
hy,զրո,pt,zero,altered
hy,էբոլա,pt,ebola,transparent
hy,էգոիստ,pt,egoísta,altered
hy,էդգար,pt,edgar,transparent
hy,էդմունդ,pt,edmundo,transparent
hy,էդուարդ,pt,eduardo,altered
hy,էդուարդո,pt,eduardo,transparent
hy,էդվարդ,pt,eduardo,altered
hy,էթիկա,pt,ético,transparent
hy,էթնիկ,pt,étnico,transparent
hy,էթնիկական,pt,étnico,altered
hy,էթնոսի,pt,etnia,altered
hy,էլեգանտ,pt,elegante,transparent
hy,էլեկտրիկ,pt,elétrico,altered
hy,էլեկտրոն,pt,eletrônico,altered
hy,էլեկտրոնային,pt,eletrônico,altered
hy,էլեմենտ,pt,elemento,transparent
hy,էլթոն,pt,elton,transparent
hy,էլիտա,pt,elite,transparent
hy,էլիտար,pt,elite,transparent
hy,էկզոտիկ,pt,exótico,altered
hy,էկոլոգիա,pt,ecologia,transparent
hy,էկոլոգիական,pt,ecológico,altered
hy,էկոնոմիկա,pt,economia,transparent
hy,էկվադոր,pt,equador,altered
hy,էմիգրանտ,pt,emigrante,altered
hy,էմիլիո,pt,emílio,transparent
hy,էմիր,pt,emir,transparent
hy,էմմա,pt,emma,transparent
hy,էմմի,pt,emmy,transparent
hy,էմոցիա,pt,emoção,altered
hy,էմոցիոնալ,pt,emocional,transparent
hy,էմպիրիկ,pt,empírico,transparent
hy,էներգակիր,pt,energético,altered
hy,էներգետիկ,pt,energético,transparent
hy,էներգիա,pt,energia,transparent
hy,էնրիկե,pt,henrique,altered
hy,էպիզոդ,pt,episódio,transparent
hy,էպիզոդը,pt,episódio,altered
hy,էպիզոդներ,pt,episódio,transparent
hy,էպիզոդում,pt,episódio,altered
hy,էպիլեպսիա,pt,epilepsia,transparent
hy,էպիկական,pt,épico,transparent
hy,էպիկենտրոն,pt,epicentro,altered
hy,էսթետիկ,pt,estético,transparent
hy,էսթետիկական,pt,estético,transparent
hy,էստոնիա,pt,estônia,altered
hy,էվոլյուցիա,pt,evolução,transparent
hy,էվոլյուցիոն,pt,evolutivo,altered
hy,էտապում,pt,etapa,altered
hy,էրեկցիա,pt,ereção,transparent
hy,էրոզիայի,pt,erosão,altered
hy,էրոտիկ,pt,erótico,transparent
hy,էքսկուրսիա,pt,excursão,altered
hy,էքսկուրսիայի,pt,excursão,altered
hy,էքսպանսիա,pt,expansão,altered
hy,էքսպերիմենտ,pt,experimento,altered
hy,էքսպերիմենտալ,pt,experimental,transparent
hy,էքսցենտրիկ,pt,excêntrico,altered
hy,էֆեկտ,pt,efeito,altered
hy,էֆեկտիվ,pt,efetivo,transparent
hy,թաիլանդ,pt,tailândia,transparent
hy,թայվան,pt,taiwan,transparent
hy,թատրոն,pt,teatro,transparent
hy,թեզ,pt,tese,altered
hy,թեզիսներ,pt,tese,altered
hy,թեմատիկ,pt,temático,transparent
hy,թենիս,pt,ténis,transparent
hy,թենիսիստ,pt,tenista,altered
hy,թեորեմ,pt,teorema,transparent
hy,թեստ,pt,teste,altered
hy,թերապիա,pt,terapia,transparent
hy,թերապևտ,pt,terapeuta,altered
hy,թերապևտիկ,pt,terapêutico,transparent
hy,թերեզա,pt,teresa,transparent
hy,թուրք,pt,turco,altered
hy,թրեյլեր,pt,trailer,transparent
hy,թրքական,pt,turco,altered
hy,ժանեյրո,pt,janeiro,altered
hy,ժուռնալիստ,pt,jornalista,altered
hy,ժուռնալիստիկա,pt,jornalismo,altered
hy,իդեալ,pt,ideal,transparent
hy,իդեալական,pt,ideal,transparent
hy,իդեալիզմ,pt,idealismo,altered
hy,իդեալիստական,pt,idealista,altered
hy,իլյուզիա,pt,ilusão,altered
hy,իմամ,pt,imã,altered
hy,իմիտացիա,pt,imitação,altered
hy,իմիտացիոն,pt,imitação,altered
hy,իմուն,pt,imune,transparent
hy,իմունիտետ,pt,imunidade,altered
hy,իմպիչմենտ,pt,impeachment,transparent
hy,իմպուլս,pt,impulso,altered
hy,իմպրովիզացիաներ,pt,improvisação,altered
hy,ինդիանա,pt,indiano,transparent
hy,ինդոնեզական,pt,indonésio,altered
hy,ինդոնեզիա,pt,indonésio,transparent
hy,ինդուստրիալ,pt,indústria,transparent
hy,իներցիա,pt,inércia,transparent
hy,ինժեներ,pt,engenheiro,altered
hy,ինկուբացիոն,pt,incubação,transparent
hy,ինհիբիտորներ,pt,inibidor,altered
hy,ինովացիոն,pt,inovação,transparent
hy,ինսուլին,pt,insulina,altered
hy,ինստագրամ,pt,instagram,transparent
hy,ինստիտուտ,pt,instituto,transparent
hy,ինստիտուցիոնալ,pt,institucional,transparent
hy,ինվազիվ,pt,invasivo,altered
hy,ինտեգրացիա,pt,integração,altered
hy,ինտեգրել,pt,integrar,altered
hy,ինտեգրվել,pt,integrar,altered
hy,ինտելեկտ,pt,intelecto,altered
hy,ինտելեկտուալ,pt,intelectual,transparent
hy,ինտենսիվ,pt,intensivo,transparent
hy,ինտերակտիվ,pt,interativo,altered
hy,ինտերնացիոնալ,pt,internacional,transparent
hy,ինտերնետ,pt,internet,transparent
hy,ինտերնետային,pt,internet,transparent
hy,ինտերվենցիա,pt,intervenção,transparent
hy,ինտուիտիվ,pt,intuitivo,transparent
hy,ինտուիցիա,pt,intuição,altered
hy,ինտրիգ,pt,intrigar,altered
hy,ինտրովերտ,pt,introvertido,altered
hy,ինֆարկտ,pt,infarto,altered
hy,ինֆեկցիա,pt,infecção,transparent
hy,ինֆլյացիա,pt,inflação,altered
hy,ինֆորմատիկայի,pt,informático,transparent
hy,ինֆորմացիա,pt,informação,transparent
hy,ինֆորմացիոն,pt,informação,altered
hy,ինֆրակարմիր,pt,infravermelho,altered
hy,իռացիոնալ,pt,irracional,altered
hy,իսլամ,pt,islã,altered
hy,իսլանդական,pt,islandês,altered
hy,իսլանդիա,pt,islândia,altered
hy,իսպանիա,pt,espanha,transparent
hy,իսրայել,pt,israel,transparent
hy,իսրայելաց,pt,israelita,altered
hy,իսրայէլի,pt,israelita,altered
hy,իտալական,pt,italiano,altered
hy,իտալացի,pt,italiano,altered
hy,իտալիա,pt,itália,transparent
hy,իրան,pt,irã,transparent
hy,իրանցի,pt,iraniano,altered
hy,իրաք,pt,iraque,altered
hy,լաբիրինթոս,pt,labirinto,transparent
hy,լաբորատոր,pt,laboratório,altered
hy,լաբորատորիա,pt,laboratório,altered
hy,լազերային,pt,laser,transparent
hy,լամա,pt,lama,transparent
hy,լամպ,pt,lâmpada,altered
hy,լաուրա,pt,laura,transparent
hy,լեգենդ,pt,lenda,altered
hy,լեգեոն,pt,legião,transparent
hy,լեգիտիմ,pt,legítimo,transparent
hy,լեգիտիմություն,pt,legitimidade,altered
hy,լեդի,pt,lady,transparent
hy,լեյբլ,pt,label,transparent
hy,լեյտենանտ,pt,tenente,altered
hy,լեոն,pt,leão,transparent
hy,լեոնարդ,pt,leonardo,transparent
hy,լեոնարդո,pt,leonardo,transparent
hy,լիբանան,pt,líbano,altered
hy,լիբանանյան,pt,libanês,altered
hy,լիբերալ,pt,liberal,transparent
hy,լիբերալիզմ,pt,liberalismo,transparent
hy,լիբիա,pt,líbio,transparent
hy,լիբիական,pt,líbio,altered
hy,լիգա,pt,ligar,transparent
hy,լիդիա,pt,lídio,transparent
hy,լիլիթ,pt,lilith,transparent
hy,լիմոն,pt,limão,transparent
hy,լիսաբոն,pt,lisboa,transparent
hy,լիստ,pt,listar,transparent
hy,լիվերպուլ,pt,liverpool,transparent
hy,լիտր,pt,litro,altered
hy,լիրիկական,pt,lírico,altered
hy,լիցենզավորել,pt,licenciar,altered
hy,լիցենզիա,pt,licença,transparent
hy,լյուդվիգ,pt,ludwig,transparent
hy,լյութերական,pt,luterano,altered
hy,լյուքս,pt,lux,transparent
hy,լոբբիստական,pt,lobista,altered
hy,լոբի,pt,lobby,transparent
hy,լոգիկայով,pt,lógico,altered
hy,լոգո,pt,logo,transparent
hy,լոկալ,pt,local,transparent
hy,լոյալ,pt,leal,altered
hy,լոպես,pt,lopes,transparent
hy,լոտո,pt,loto,transparent
hy,լոտոս,pt,lótus,altered
hy,լորդ,pt,lorde,altered
hy,լուկա,pt,lucas,altered
hy,լուկաս,pt,lucas,transparent
hy,խավիար,pt,caviar,transparent
hy,խարիզմատիկ,pt,carismático,altered
hy,խոլեսուտ,pt,colesterol,altered
hy,խոլերա,pt,cólera,altered
hy,խուլիգան,pt,hooligan,transparent
hy,խրոնիկ,pt,crónico,altered
hy,խրոնիկական,pt,crónico,altered
hy,կաբինետ,pt,gabinete,altered
hy,կադաստր,pt,cadastro,altered
hy,կազինո,pt,cassino,transparent
hy,կաթոլիկական,pt,católico,altered
hy,կաթողիկե,pt,católico,altered
hy,կաթողիկոս,pt,católico,altered
hy,կալորիաներ,pt,caloria,transparent
hy,կալցիում,pt,cálcio,altered
hy,կակաո,pt,cacau,altered
hy,կակտուս,pt,cacto,altered
hy,կամերա,pt,câmara,altered
hy,կամերային,pt,câmera,altered
hy,կայսր,pt,césar,altered
hy,կանադական,pt,canadense,altered
hy,կանտոն,pt,cantão,transparent
hy,կանցլեր,pt,chanceler,altered
hy,կապիտալ,pt,capital,transparent
hy,կապիտալիզմ,pt,capitalismo,altered
hy,կապիտալիստական,pt,capitalista,altered
hy,կապիտան,pt,capitão,altered
hy,կապիտոլիում,pt,capitólio,altered
hy,կառլո,pt,carlos,altered
hy,կառլոս,pt,carlos,transparent
hy,կաստա,pt,casto,transparent
hy,կատալիզատոր,pt,catalisador,altered
hy,կատալոգ,pt,catálogo,transparent
hy,կատալոնացի,pt,catalão,altered
hy,կատալոնիա,pt,catalunha,altered
hy,կատաստրոֆ,pt,catástrofe,altered
hy,կատեգորիա,pt,categoria,transparent
hy,կարանտին,pt,quarentenar,altered
hy,կարանտինային,pt,quarentenar,altered
hy,կարատե,pt,karate,transparent
hy,կարդինալ,pt,cardeal,altered
hy,կարիերա,pt,carreira,altered
hy,կարլո,pt,carlo,transparent
hy,կարոլինա,pt,carolino,transparent
hy,կարուսել,pt,carrossel,altered
hy,կարտեգորիա,pt,categoria,transparent
hy,կաֆե,pt,café,transparent
hy,կենգուրու,pt,canguru,altered
hy,կենտավրոս,pt,centauro,transparent
hy,կենտրոն,pt,centro,altered
hy,կենտրոնական,pt,central,transparent
hy,կենտրոնանալ,pt,centrar,altered
hy,կենտրոնացում,pt,concentração,altered
hy,կենտրոնացրել,pt,centrar,altered
hy,կեսար,pt,césar,transparent
hy,կեսարյան,pt,cesariano,altered
hy,կերամիկական,pt,cerâmico,altered
hy,կերամիկայի,pt,cerâmico,transparent
hy,կերամիկայից,pt,cerâmico,altered
hy,կերամիկան,pt,cerâmico,altered
hy,կիթառ,pt,guitarra,altered
hy,կիլո,pt,quilo,altered
hy,կիլոմետր,pt,quilómetro,altered
hy,կինեմատոգրաֆիական,pt,cinematográfico,altered
hy,կինո,pt,cinema,altered
hy,կինոնկար,pt,cinema,altered
hy,կինոստուդիա,pt,estúdio,altered
hy,կիև,pt,kiev,transparent
hy,կլաս,pt,classe,transparent
hy,կլասիկ,pt,clássico,altered
hy,կլեոպատրա,pt,cleópatra,transparent
hy,կլիմա,pt,clima,transparent
hy,կլիմայական,pt,climático,altered
hy,կլինիկա,pt,clínico,transparent
hy,կլինիկական,pt,clínico,transparent
hy,կլուբի,pt,clube,altered
hy,կոալիցիա,pt,coalizão,altered
hy,կոալիցիոն,pt,coalizão,transparent
hy,կոգնիտիվ,pt,cognitivo,altered
hy,կոդ,pt,código,altered
hy,կոլեգա,pt,colega,transparent
hy,կոլեգիալ,pt,colegial,transparent
hy,կոլեկտիվ,pt,coletivo,altered
hy,կոլեկցիոն,pt,coleção,transparent
hy,կոկաին,pt,cocaína,altered
hy,կոկոս,pt,coco,altered
hy,կոկորդիլոս,pt,crocodilo,altered
hy,կոկտեյլ,pt,coquetel,altered
hy,կոմբինացիա,pt,combinação,transparent
hy,կոմեդիա,pt,comédia,transparent
hy,կոմերցիոն,pt,comercial,altered
hy,կոմիկ,pt,cômico,altered
hy,կոմիսար,pt,comissário,altered
hy,կոմիտե,pt,comité,transparent
hy,կոմիքս,pt,comic,transparent
hy,կոմունալ,pt,comuna,transparent
hy,կոմունիզմ,pt,comunismo,transparent
hy,կոմունիկացիա,pt,comunicação,altered
hy,կոմունիստ,pt,comunista,altered
hy,կոմունիստական,pt,comunista,altered
hy,կոմպակտ,pt,compacto,altered
hy,կոմպետենտ,pt,competente,altered
hy,կոմպլեքս,pt,complexar,altered
hy,կոմպյուտեր,pt,computador,altered
hy,կոմպոզիտոր,pt,compositor,transparent
hy,կոմպոզիցիա,pt,composição,altered
hy,կոմպոզիցիոն,pt,composição,altered
hy,կոմպոնենտ,pt,componente,transparent
hy,կոմպրոմիս,pt,compromisso,altered
hy,կոն,pt,cone,altered
hy,կոնգո,pt,congo,transparent
hy,կոնգրես,pt,congresso,altered
hy,կոնկրետ,pt,concreto,altered
hy,կոնսենսուս,pt,consenso,altered
hy,կոնսոլիդացիա,pt,consolidação,altered
hy,կոնսորցիում,pt,consórcio,altered
hy,կոնստանտին,pt,constantino,altered
hy,կոնստրուկտիվ,pt,construtivo,altered
hy,կոնստրուկցիա,pt,construção,transparent
hy,կոնվենցիա,pt,convenção,altered
hy,կոնտակտ,pt,contato,altered
hy,կոնտեքստ,pt,contexto,transparent
hy,կոնցենտրացիա,pt,concentração,altered
hy,կոնցեպտը,pt,conceito,altered
hy,կոնցեպտուալ,pt,conceitual,altered
hy,կոնցեպցիա,pt,concepção,altered
hy,կոնցերտ,pt,concerto,altered
hy,կոնֆեդերացիա,pt,confederação,altered
hy,կոնֆերանս,pt,conferência,altered
hy,կոնֆիգուրացիա,pt,configuração,altered
hy,կոնֆլիկտ,pt,conflito,altered
hy,կոնֆլիկտային,pt,conflito,altered
hy,կոոպերատիվ,pt,cooperativo,altered
hy,կոորդինատ,pt,coordenar,altered
hy,կոորդինացում,pt,coordenação,altered
hy,կոռեկտ,pt,corretar,transparent
hy,կոռումպացված,pt,corrompido,altered
hy,կոռուպցիա,pt,corrupção,altered
hy,կոռուպցիոն,pt,corrupção,altered
hy,կոսմետիկ,pt,cosmético,transparent
hy,կոսմետիկայի,pt,cosmético,altered
hy,կոսովո,pt,kosovo,transparent
hy,կոստա,pt,costa,transparent
hy,կոստյում,pt,costume,transparent
hy,կորեա,pt,coreia,altered
hy,կորոնա,pt,coroar,altered
hy,կորոնավիրուս,pt,coronavírus,transparent
hy,կորոնավիրուսային,pt,coronavírus,transparent
hy,կորպորատիվ,pt,corporativo,transparent
hy,կորպորացիա,pt,corporação,transparent
hy,կորպուս,pt,corpus,transparent
hy,կորտ,pt,corte,transparent
hy,կուլտուրա,pt,cultura,altered
hy,կուլտուրական,pt,cultural,transparent
hy,կուրս,pt,curso,altered
hy,կոֆե,pt,café,altered
hy,կրեատիվ,pt,criativo,transparent
hy,կրեդիտ,pt,crédito,altered
hy,կրեմ,pt,creme,altered
hy,կրիկետ,pt,críquete,altered
hy,կրիմինալ,pt,criminal,altered
hy,կրիշտիանո,pt,cristão,altered
hy,կրիտիկական,pt,crítico,altered
hy,հալյուցինացիա,pt,alucinação,altered
hy,հակաբիոտիկ,pt,antibiótico,altered
hy,հակակոռուպցիոն,pt,anticorrupção,altered
hy,համատեքստ,pt,contexto,altered
hy,համիլթոնը,pt,hamilton,transparent
hy,համլետ,pt,hamlet,transparent
hy,հարավսլավիա,pt,jugoslávia,altered
hy,հարմոնիա,pt,harmonia,transparent
hy,հարմոնիկ,pt,harmônico,transparent
hy,հարոլդ,pt,haroldo,altered
hy,հելիում,pt,hélio,altered
hy,հեկտար,pt,hectare,altered
hy,հենրիկ,pt,henrique,altered
hy,հեպատիտ,pt,hepatite,altered
hy,հետտրավմատիկ,pt,traumático,altered
hy,հերմետիկ,pt,hermético,transparent
hy,հերոին,pt,heroína,transparent
hy,հերոս,pt,herói,altered
hy,հերոսություն,pt,heroísmo,altered
hy,հիբրիդ,pt,híbrido,transparent
hy,հիբրիդային,pt,híbrido,altered
hy,հիգիենա,pt,higiene,altered
hy,հիգիենիկ,pt,higiênico,transparent
hy,հիերարխիա,pt,hierarquia,transparent
hy,հինդու,pt,hindu,transparent
hy,հիպոթեզ,pt,hipótese,altered
hy,հիստերիա,pt,histeria,transparent
hy,հիստերիկ,pt,histérico,altered
hy,հիտլեր,pt,hitler,transparent
hy,հնդիկ,pt,hindu,altered
hy,հոթել,pt,hotel,transparent
hy,հոլանդական,pt,holandês,transparent
hy,հոլանդացի,pt,holandês,transparent
hy,հոլանդիա,pt,holanda,transparent
hy,հոլդինգ,pt,holding,transparent
hy,հոլիվուդ,pt,hollywood,transparent
hy,հոլոգրաֆիկ,pt,holográfico,altered
hy,հոլոքոստ,pt,holocausto,altered
hy,հոկեյ,pt,hóquei,altered
hy,հոկտեմբեր,pt,outubro,transparent
hy,հոմոսեքսուալ,pt,homossexual,altered
hy,հոնորար,pt,honorário,altered
hy,հոսպիտալ,pt,hospital,transparent
hy,հորդանան,pt,jordânia,altered
hy,հորիզոն,pt,horizonte,altered
hy,հորիզոնական,pt,horizontal,altered
hy,հորոսկոպ,pt,horóscopo,altered
hy,հուլիոս,pt,julho,altered
hy,հումանիզմ,pt,humanismo,altered
hy,հումանիստ,pt,humanista,altered
hy,հումանիտար,pt,humanitário,transparent
hy,հումոր,pt,humor,transparent
hy,հումորիստներ,pt,humorista,transparent
hy,հունգարական,pt,húngaro,altered
hy,հունգարիա,pt,hungria,transparent
hy,հռետորական,pt,retórico,altered
hy,ճապոնիա,pt,japão,altered
hy,մագազին,pt,magazine,transparent
hy,մագիստրատուրա,pt,magistratura,transparent
hy,մագնեզիում,pt,magnésio,altered
hy,մագնիսական,pt,magnético,altered
hy,մադագասկար,pt,madagáscar,transparent
hy,մադոննա,pt,madonna,transparent
hy,մադրիդ,pt,madrid,transparent
hy,մաեստրո,pt,maestro,transparent
hy,մաթեմատիկա,pt,matemático,transparent
hy,մաթեմատիկական,pt,matemático,altered
hy,մաթեմատիկոս,pt,matemático,altered
hy,մալայզիա,pt,malásio,altered
hy,մալարիա,pt,malária,transparent
hy,մակարոն,pt,macarrão,altered
hy,մակեդոնիա,pt,macedónio,transparent
hy,մակրոտնտեսական,pt,macroeconômico,altered
hy,մամա,pt,mamã,transparent
hy,մայիս,pt,maio,transparent
hy,մայոնեզ,pt,maionese,altered
hy,մանգո,pt,mango,transparent
hy,մանդատ,pt,mandato,altered
hy,մանդարին,pt,mandarim,altered
hy,մանդելա,pt,mandela,transparent
hy,մանիպուլյացիա,pt,manipulação,altered
hy,մանուել,pt,manuel,transparent
hy,մասաչուսեթս,pt,massachusetts,altered
hy,մասիվի,pt,massivo,altered
hy,մատերիալ,pt,material,transparent
hy,մատերիայի,pt,matéria,altered
hy,մատրիցի,pt,matriz,transparent
hy,մարադոնա,pt,maradona,transparent
hy,մարաթոն,pt,maratona,transparent
hy,մարգարիտ,pt,margarida,altered
hy,մարգարիտա,pt,margarida,altered
hy,մարգինալ,pt,marginal,transparent
hy,մարիա,pt,maria,transparent
hy,մարիամ,pt,maria,transparent
hy,մարկետինգ,pt,marketing,transparent
hy,մարկիզ,pt,marquês,altered
hy,մարկո,pt,marco,transparent
hy,մարկոս,pt,marco,transparent
hy,մարմար,pt,mármore,altered
hy,մարմարե,pt,mármore,transparent
hy,մարմարյա,pt,mármore,altered
hy,մարշալ,pt,marechal,altered
hy,մարս,pt,marte,transparent
hy,մարքեթինգ,pt,marketing,transparent
hy,մարքսիզմ,pt,marxismo,altered
hy,մարքսիստ,pt,marxista,altered
hy,մաֆիա,pt,máfia,transparent
hy,մաֆիոզ,pt,mafioso,altered
hy,մեդալ,pt,medalhar,altered
hy,մեդալիոն,pt,medalhão,altered
hy,մեթոդ,pt,método,transparent
hy,մեթոդիկա,pt,metodologia,altered
hy,մեխանիզմ,pt,mecanismo,altered
hy,մեխանիկա,pt,mecânico,altered
hy,մեխանիկական,pt,mecânico,altered
hy,մեմորիալ,pt,memorial,transparent
hy,մենինգիտ,pt,meningite,altered
hy,մենյու,pt,menu,transparent
hy,մենյուն,pt,menu,transparent
hy,մենյուում,pt,menu,transparent
hy,մետալ,pt,metal,transparent
hy,մետալուրգիական,pt,metalúrgico,altered
hy,մետաղ,pt,metal,transparent
hy,մետաղե,pt,metal,altered
hy,մետր,pt,metro,transparent
hy,մետրո,pt,metro,transparent
hy,մետրոպոլիտեն,pt,metropolitano,altered
hy,մերկուրի,pt,mercúrio,altered
hy,մեքենա,pt,máquina,transparent
hy,մեքսիկա,pt,méxico,transparent
hy,մեքսիկական,pt,mexicano,altered
hy,միգրանտ,pt,migrante,transparent
hy,միգրացիա,pt,migração,altered
hy,միգրացիոն,pt,migração,altered
hy,միլիմետր,pt,milímetro,altered
hy,միլիոն,pt,milhão,transparent
hy,միլիոնատեր,pt,milionário,altered
hy,միլիոնատիրոջ,pt,milionário,altered
hy,միլիցիա,pt,milícia,transparent
hy,միլլիոն,pt,milhão,altered
hy,միխայել,pt,miguel,altered
hy,միկրո,pt,micro,transparent
hy,միկրոֆոն,pt,microfone,transparent
hy,միկրոֆոնը,pt,microfone,altered
hy,միներալներ,pt,mineral,transparent
hy,մինի,pt,mini,transparent
hy,մինիմալ,pt,mínimo,altered
hy,մինիմում,pt,mínimo,altered
hy,մինիստր,pt,ministro,altered
hy,մինիստրություն,pt,ministério,altered
hy,մինուս,pt,menos,altered
hy,մինսկ,pt,minsk,transparent
hy,միսիոներ,pt,missionário,altered
hy,միսիոներական,pt,missionário,altered
hy,միսս,pt,miss,transparent
hy,միստիկ,pt,místico,transparent
hy,միստիկական,pt,místico,altered
hy,միրանդա,pt,miranda,transparent
hy,մյուզիկ,pt,músico,altered
hy,մոբիլիզացիա,pt,mobilização,altered
hy,մոբիլիզացնել,pt,mobilizar,altered
hy,մոդա,pt,moda,transparent
hy,մոդել,pt,modelo,altered
hy,մոդելային,pt,modelar,altered
hy,մոդեռն,pt,moderno,altered
hy,մոդեռնիզմ,pt,modernismo,altered
hy,մոդեռնիստական,pt,modernista,altered
hy,մոդիֆիկացիա,pt,modificação,transparent
hy,մոդիֆիկացված,pt,modificar,altered
hy,մոդուլ,pt,módulo,transparent
hy,մոդուլը,pt,módulo,transparent
hy,մոդուլի,pt,módulo,transparent
hy,մոդուլներ,pt,módulo,altered
hy,մոդուս,pt,modus,transparent
hy,մոլեկուլ,pt,molécula,transparent
hy,մոլեկուլային,pt,molecular,altered
hy,մոլեկուլյար,pt,molecular,transparent
hy,մոմենտ,pt,momento,altered
hy,մոմենտը,pt,momento,altered
hy,մոմենտներ,pt,momento,altered
hy,մոմենտով,pt,momento,transparent
hy,մոնակո,pt,mônaco,transparent
hy,մոնթե,pt,monte,transparent
hy,մոնիթորինգ,pt,monitoramento,altered
hy,մոնիտոր,pt,monitor,transparent
hy,մոնիտորինգ,pt,monitoramento,altered
hy,մոնղոլ,pt,mongol,transparent
hy,մոնոլոգը,pt,monólogo,altered
hy,մոնոպոլիա,pt,monopólio,altered
hy,մոնումենտալ,pt,monumental,transparent
hy,մոնտաժ,pt,montagem,altered
hy,մոնտե,pt,monte,transparent
hy,մոսկվա,pt,moscou,transparent
hy,մոտիվ,pt,motivo,transparent
hy,մոտիվացիա,pt,motivação,transparent
hy,մոտիվացիոն,pt,motivação,transparent
hy,մոտոցիկլ,pt,motocicleta,altered
hy,մոտոցիկլետ,pt,motocicleta,altered
hy,մոցարտ,pt,mozart,transparent
hy,մուլտի,pt,multi,transparent
hy,մուլտիմեդիա,pt,multimídia,transparent
hy,մուլտիպլիկացիոն,pt,multiplicação,altered
hy,մումիա,pt,múmia,transparent
hy,մունդիալ,pt,mundial,transparent
hy,մունիցիպալ,pt,municipal,transparent
hy,մունիցիպալիտետ,pt,municipalidade,altered
hy,մուսոլինի,pt,mussolini,transparent
hy,մուսուլման,pt,muçulmano,altered
hy,մուսուլմանական,pt,muçulmano,altered
hy,մուտանտ,pt,mutante,altered
hy,մուտացիա,pt,mutação,altered
hy,յակոբ,pt,jacob,transparent
hy,յարդ,pt,jarda,altered
hy,յիսուս,pt,jesus,altered
hy,յոգա,pt,yoga,transparent
hy,յոգուրտ,pt,iogurte,altered
hy,յոդ,pt,iodo,altered
hy,յունգը,pt,jung,transparent
hy,յուպիտեր,pt,júpiter,transparent
hy,յուվենտուս,pt,juventus,transparent
hy,նադալը,pt,nadal,transparent
hy,նապոլեոն,pt,napoleão,transparent
hy,նավիգացիոն,pt,navegação,transparent
hy,նացիոնալիզմ,pt,nacionalismo,transparent
hy,նացիստ,pt,nazista,altered
hy,նացիստական,pt,nazista,altered
hy,նեգատիվ,pt,negativo,transparent
hy,նեգր,pt,negro,altered
hy,ներվի,pt,nervo,altered
hy,նիգերիա,pt,nigéria,transparent
hy,նիկոլաս,pt,nicolau,altered
hy,նիկողայոս,pt,nicolau,altered
hy,նինջա,pt,ninja,transparent
hy,նյուտոն,pt,newton,transparent
hy,նոբելյան,pt,nobel,transparent
hy,նոկաուտ,pt,nocaute,altered
hy,նոյեմբեր,pt,novembro,transparent
hy,նոյեմբերյան,pt,novembro,altered
hy,նոստալգիա,pt,nostalgia,transparent
hy,նովելի,pt,novelar,altered
hy,նովելներ,pt,novelar,altered
hy,նոտա,pt,notar,transparent
hy,նոտաներ,pt,notar,transparent
hy,նորմ,pt,norma,transparent
hy,նորմա,pt,norma,transparent
hy,նորմալ,pt,normal,transparent
hy,նորմատիվ,pt,normativo,transparent
hy,նորվեգական,pt,norueguês,altered
hy,նորվեգացի,pt,norueguês,altered
hy,նորվեգիա,pt,noruega,altered
hy,նևրոտիկ,pt,neurótico,altered
hy,շամպայն,pt,champanhe,altered
hy,շանհայ,pt,xangai,altered
hy,շերիֆ,pt,xerife,altered
hy,շեքսպիր,pt,shakespeare,altered
hy,շեֆ,pt,chef,transparent
hy,շիզոֆրենիա,pt,esquizofrenia,altered
hy,շիմպանզե,pt,chimpanzé,altered
hy,շոկ,pt,choque,altered
hy,շոկոլադ,pt,chocolate,altered
hy,շոկոլադե,pt,chocolate,altered
hy,շոու,pt,show,transparent
hy,ուգանդա,pt,uganda,transparent
hy,ուեֆա,pt,uefa,transparent
hy,ուզբեկստան,pt,uzbequistão,altered
hy,ուիլյամ,pt,guilherme,altered
hy,ուկրաինա,pt,ucrânia,transparent
hy,ուկրաինական,pt,ucraniano,altered
hy,ուկրաինացի,pt,ucraniano,altered
hy,ուկրաիներեն,pt,ucraniano,altered
hy,ունիկալ,pt,único,altered
hy,ունիվերսալ,pt,universal,transparent
hy,ուրուգվայ,pt,uruguai,altered
hy,չաո,pt,ciao,transparent
hy,չապլինը,pt,chaplin,altered
hy,չելսի,pt,chelsea,transparent
hy,չեմպիոն,pt,campeão,altered
hy,չերչիլը,pt,churchill,transparent
hy,չերչիլի,pt,churchill,altered
hy,չիլի,pt,chile,transparent
hy,չիկագո,pt,chicago,transparent
hy,չինարեն,pt,chinês,altered
hy,չիպ,pt,chip,transparent
hy,պաթետիկ,pt,patético,transparent
hy,պալիատիվ,pt,paliativo,transparent
hy,պանամա,pt,panamá,transparent
hy,պանդեմիա,pt,pandemia,transparent
hy,պանորամա,pt,panorama,transparent
hy,պաուզա,pt,pausar,transparent
hy,պաուլ,pt,paulo,altered
hy,պապական,pt,papal,altered
hy,պառլամենտ,pt,parlamento,altered
hy,պաս,pt,passe,transparent
hy,պասիվ,pt,passivo,transparent
hy,պատրիարք,pt,patriarca,altered
hy,պարագվայ,pt,paraguai,altered
hy,պարադոքս,pt,paradoxo,altered
hy,պարամետր,pt,parâmetro,transparent
hy,պարանորմալ,pt,paranormal,transparent
hy,պարաշյուտ,pt,paraquedas,altered
hy,պարկ,pt,parque,transparent
hy,պարկինսոն,pt,parkinson,transparent
hy,պարսիկ,pt,persa,altered
hy,պարսկական,pt,persa,altered
hy,պացիենտ,pt,paciente,transparent
hy,պելե,pt,pelé,transparent
hy,պենելոպե,pt,penélope,transparent
hy,պենտագոն,pt,pentágono,transparent
hy,պեպե,pt,pepe,transparent
hy,պետդեպարտամենտ,pt,departamento,transparent
hy,պետերբուրգ,pt,petersburgo,altered
hy,պետրա,pt,petra,transparent
hy,պերու,pt,peru,transparent
hy,պի,pt,pi,transparent
hy,պիետրո,pt,pietro,transparent
hy,պիլոտային,pt,piloto,transparent
hy,պիկը,pt,pico,transparent
hy,պինգվինը,pt,pinguim,altered
hy,պինգվիններն,pt,pinguim,altered
hy,պիոներ,pt,pioneiro,transparent
hy,պիցցա,pt,pizza,altered
hy,պլազա,pt,praça,altered
hy,պլան,pt,plano,altered
hy,պլանավորելու,pt,plano,transparent
hy,պլաստիկ,pt,plástico,transparent
hy,պլատին,pt,platinar,altered
hy,պլատինե,pt,platinar,altered
hy,պլատոն,pt,platão,altered
hy,պլատֆորմ,pt,plataforma,transparent
hy,պլյուս,pt,plus,transparent
hy,պոեզիա,pt,poesia,transparent
hy,պոեմ,pt,poema,transparent
hy,պոետ,pt,poetar,altered
hy,պոետիկ,pt,poético,transparent
hy,պոզիտիվ,pt,positivo,altered
hy,պոլիմեր,pt,polímero,transparent
hy,պոլիտեխնիկ,pt,politécnico,altered
hy,պոլիտեխնիկական,pt,politécnico,altered
hy,պոլո,pt,polo,transparent
hy,պոկեր,pt,pôquer,altered
hy,պոպուլիստական,pt,populista,altered
hy,պոպուլյար,pt,popular,transparent
hy,պոպուլյացիա,pt,população,transparent
hy,պոռնո,pt,porno,transparent
hy,պոռնոգրաֆիա,pt,pornografia,transparent
hy,պոստ,pt,post,transparent
hy,պոտենցիալ,pt,potencial,transparent
hy,պորտուգալացի,pt,português,altered
hy,պորտուգալիա,pt,portugal,transparent
hy,պորտֆել,pt,portfólio,transparent
hy,պուլսը,pt,pulso,transparent
hy,պռոբլեմ,pt,problema,altered
hy,պրագմատիկ,pt,pragmático,altered
hy,պրակտիկ,pt,prático,altered
hy,պրեզիդենտ,pt,presidente,altered
hy,պրեմիեր,pt,premier,transparent
hy,պրեմիում,pt,prêmio,altered
hy,պրեպարատ,pt,preparar,altered
hy,պրիմիտիվ,pt,primitivo,transparent
hy,պրինցիպիալ,pt,principal,altered
hy,պրոբլեմ,pt,problema,transparent
hy,պրոբլեմատիկ,pt,problemático,transparent
hy,պրոգրես,pt,progresso,altered
hy,պրոգրեսիվ,pt,progressivo,altered
hy,պրոդյուսեր,pt,produtor,altered
hy,պրոդուկտ,pt,produto,transparent
hy,պրոդուկտիվ,pt,produtivo,transparent
hy,պրոթեզ,pt,prótese,transparent
hy,պրոլետար,pt,proletariado,altered
hy,պրոլետարական,pt,proletário,altered
hy,պրոյեկտ,pt,projeto,altered
hy,պրոպագանդ,pt,propaganda,transparent
hy,պրովինցիա,pt,província,transparent
hy,պրոտագոնիստ,pt,protagonista,transparent
hy,պրոտեզ,pt,prótese,altered
hy,պրոտեինի,pt,proteína,altered
hy,պրոտոկոլ,pt,protocolo,transparent
hy,պրոցես,pt,processo,altered
hy,պրոցեսոր,pt,processador,altered
hy,պրոֆ,pt,prof,transparent
hy,պրոֆեսիոնալ,pt,profissional,altered
hy,պրոֆեսիոնալիզմ,pt,profissionalismo,altered
hy,պրոֆեսոր,pt,professor,altered
hy,պրոֆիլ,pt,perfil,altered
hy,պրոֆիլը,pt,perfil,altered
hy,ջազ,pt,jazz,transparent
hy,ջազային,pt,jazz,transparent
hy,ջեյմս,pt,james,transparent
hy,ջեներիկ,pt,genérico,altered
hy,ջերսիի,pt,jersey,transparent
hy,ջեֆերսոն,pt,jefferson,transparent
hy,ջին,pt,jeans,transparent
hy,ջոել,pt,joel,transparent
hy,ջոզեֆ,pt,josé,altered
hy,ջոկեր,pt,joker,transparent
hy,ջոյսը,pt,joyce,transparent
hy,ջոն,pt,jon,transparent
hy,ջոնսոն,pt,johnson,transparent
hy,ջորջիա,pt,geórgia,altered
hy,ջուլիա,pt,júlia,transparent
hy,ռադարներ,pt,radar,transparent
hy,ռադիկալ,pt,radical,transparent
hy,ռադիո,pt,rádio,transparent
hy,ռադիոակտիվ,pt,radioativo,transparent
hy,ռակետ,pt,raquete,altered
hy,ռամոն,pt,ramón,transparent
hy,ռասիզմ,pt,racismo,altered
hy,ռասիստական,pt,racista,altered
hy,ռացիոնալ,pt,racional,transparent
hy,ռաֆայել,pt,rafael,transparent
hy,ռեալ,pt,real,transparent
hy,ռեալիզմ,pt,realismo,altered
hy,ռեալիթի,pt,realidade,altered
hy,ռեակտոր,pt,reator,altered
hy,ռեակցիա,pt,reação,transparent
hy,ռեգիոն,pt,região,transparent
hy,ռեգիոնալ,pt,regional,transparent
hy,ռեգիստր,pt,registro,altered
hy,ռեզերվ,pt,reservar,altered
hy,ռեզերվային,pt,reservar,altered
hy,ռեզիդենտ,pt,residente,altered
hy,ռեզիդենտներ,pt,residente,altered
hy,ռեզոնանսի,pt,ressonância,altered
hy,ռեժիմ,pt,regime,altered
hy,ռելիեֆ,pt,relevo,altered
hy,ռեկորդ,pt,recorde,altered
hy,ռեկտոր,pt,reitor,altered
hy,ռեկրեացիոն,pt,recreação,transparent
hy,ռեպերտուար,pt,repertório,altered
hy,ռեպորտաժ,pt,reportagem,altered
hy,ռեսուրս,pt,recurso,altered
hy,ռեսուրսային,pt,recurso,altered
hy,ռեստորան,pt,restaurante,altered
hy,ռետրո,pt,retro,transparent
hy,ռեցեպտորներ,pt,receptor,altered
hy,ռեֆլեքսներ,pt,reflexo,altered
hy,ռեֆորմ,pt,reformar,altered
hy,ռիթմ,pt,ritmo,altered
hy,ռիթմիկ,pt,rítmico,altered
hy,ռիխարդ,pt,ricardo,transparent
hy,ռիկարդո,pt,ricardo,transparent
hy,ռիհաննա,pt,rihanna,transparent
hy,ռինգ,pt,ring,transparent
hy,ռիչարդ,pt,ricardo,transparent
hy,ռիսկ,pt,risco,transparent
hy,ռիվեր,pt,river,transparent
hy,ռոբերտ,pt,roberto,altered
hy,ռոբինսոն,pt,robinson,transparent
hy,ռոբոտ,pt,robô,altered
hy,ռոմա,pt,roma,transparent
hy,ռոման,pt,romance,transparent
hy,ռոմանտիզմ,pt,romantismo,transparent
hy,ռոմանտիկ,pt,romântico,altered
hy,ռոմանտիկական,pt,romântico,altered
hy,ռոմեո,pt,romeu,altered
hy,ռոնալդո,pt,ronaldo,transparent
hy,ռոնալդու,pt,ronaldo,altered
hy,ռուբի,pt,rubi,transparent
hy,ռուբլի,pt,rublo,altered
hy,ռուդոլֆ,pt,rodolfo,altered
hy,ռուս,pt,russo,transparent
hy,ռուսական,pt,russo,transparent
hy,ռոք,pt,rock,transparent
hy,սալիվանը,pt,sullivan,transparent
hy,սալոն,pt,salão,transparent
hy,սալվադոր,pt,salvador,transparent
hy,սաղմոն,pt,salmão,altered
hy,սաղմոս,pt,salmo,altered
hy,սամբա,pt,samba,transparent
hy,սանդալներ,pt,sandália,altered
hy,սանիտարական,pt,sanitário,altered
hy,սանկցիա,pt,sanção,altered
hy,սանտա,pt,santo,transparent
hy,սանտիագո,pt,santiago,transparent
hy,սանտիմետր,pt,centímetro,altered
hy,սաունա,pt,sauna,transparent
hy,սատանա,pt,satanás,altered
hy,սատուրնի,pt,saturno,altered
hy,սեբաստիան,pt,sebastião,altered
hy,սեդա,pt,seda,transparent
hy,սեզար,pt,césar,altered
hy,սեզոնային,pt,sazonal,altered
hy,սելեկցիոն,pt,seleção,altered
hy,սելֆի,pt,selfie,transparent
hy,սեկտոր,pt,sector,transparent
hy,սեմինար,pt,seminário,altered
hy,սեյսմիկ,pt,sísmico,altered
hy,սենատ,pt,senado,altered
hy,սենատոր,pt,senador,transparent
hy,սենդվիչ,pt,sanduíche,altered
hy,սենոր,pt,senhor,altered
hy,սենսացիա,pt,sensação,altered
hy,սենսացիոն,pt,sensação,transparent
hy,սենսորային,pt,sensorial,altered
hy,սենտիմենտալ,pt,sentimental,transparent
hy,սեպտեմբեր,pt,setembro,altered
hy,սերբ,pt,sérvio,altered
hy,սերիա,pt,série,altered
hy,սերիալ,pt,serial,transparent
hy,սերո,pt,soro,altered
hy,սերվեր,pt,servidor,altered
hy,սերվիս,pt,serviço,altered
hy,սերտիֆիկատ,pt,certificar,altered
hy,սեքս,pt,sexo,altered
hy,սեքսուալ,pt,sexual,transparent
hy,սթենլի,pt,stanley,altered
hy,սթոուն,pt,stone,altered
hy,սթրես,pt,estresse,altered
hy,սիգար,pt,cigarro,altered
hy,սիգնալ,pt,sinal,altered
hy,սիերա,pt,serra,altered
hy,սիլիկոն,pt,silicone,altered
hy,սիլիկոնե,pt,silicone,transparent
hy,սիլվա,pt,silva,transparent
hy,սիլվիա,pt,sílvia,transparent
hy,սիմետրիկ,pt,simétrico,altered
hy,սիմոն,pt,simão,altered
hy,սիմպաթիկ,pt,simpático,transparent
hy,սիմպոզիում,pt,simpósio,altered
hy,սիմպտոմներ,pt,sintoma,altered
hy,սիմվոլ,pt,símbolo,altered
hy,սիմֆոնիա,pt,sinfonia,transparent
hy,սինգապուր,pt,singapura,altered
hy,սինգլ,pt,single,transparent
hy,սինդրոմ,pt,síndrome,altered
hy,սինթեզ,pt,síntese,altered
hy,սինթետիկ,pt,sintético,altered
hy,սիոնիստական,pt,sionista,transparent
hy,սիստեմ,pt,sistema,transparent
hy,սիստեմատիկ,pt,sistemático,transparent
hy,սիրիա,pt,sírio,altered
hy,սիցիլիա,pt,sicília,transparent
hy,սլովակիա,pt,eslováquia,altered
hy,սխեմա,pt,esquema,altered
hy,սխեմայով,pt,esquema,altered
hy,սկանդալ,pt,escândalo,altered
hy,սկանդալային,pt,escandaloso,altered
hy,սկլերոզ,pt,esclerose,altered
hy,սկյուռ,pt,esquilo,altered
hy,սմարթֆոն,pt,smartphone,transparent
hy,սմիթ,pt,smith,transparent
hy,սյուզաննա,pt,susana,altered
hy,սոդա,pt,soda,transparent
hy,սոլ,pt,sol,transparent
hy,սոլո,pt,solo,transparent
hy,սոկրատեսը,pt,sócrates,transparent
hy,սոկրատեսի,pt,sócrates,altered
hy,սոյայի,pt,soja,altered
hy,սոցիալ,pt,social,transparent
hy,սոցիալ-դեմոկրատական,pt,social,transparent
hy,սոցիալ-հոգեբանական,pt,social,transparent
hy,սոցիալ-մշակութային,pt,social,transparent
hy,սոցիալական,pt,social,altered
hy,սոցիալապես,pt,social,transparent
hy,սոցիալիզմ,pt,socialismo,transparent
hy,սոցիալիստ,pt,socialista,transparent
hy,սոցիալիստական,pt,socialista,altered
hy,սոցիոլոգ,pt,sociólogo,transparent
hy,սոցիոլոգիա,pt,sociologia,transparent
hy,սոցիոլոգիական,pt,sociológico,altered
hy,սուբյեկտիվ,pt,subjetivar,transparent
hy,սուբսիդավորել,pt,subsidiar,altered
hy,սուբսիդավորում,pt,subsídio,altered
hy,սուբսիդիա,pt,subsídio,altered
hy,սուլթան,pt,sultão,altered
hy,սուշի,pt,sushi,transparent
hy,սուշիի,pt,sushi,altered
hy,սուպեր,pt,super,transparent
hy,սուպերմարկետ,pt,supermercado,altered
hy,սուսաննա,pt,susana,altered
hy,սոֆիա,pt,sofia,transparent
hy,սոֆյա,pt,sofia,transparent
hy,սպա,pt,spa,transparent
hy,սպեկուլյատիվ,pt,especulativo,altered
hy,սպեկուլյացիա,pt,especulação,altered
hy,սպեկտր,pt,espectro,altered
hy,սպեցիֆիկ,pt,específico,altered
hy,սպիրտ,pt,espírito,altered
hy,սպորտ,pt,desporto,altered
hy,սպորտային,pt,desportivo,altered
hy,սվիֆթ,pt,swift,transparent
hy,ստաբիլ,pt,estável,altered
hy,ստադիոն,pt,estádio,altered
hy,ստամբուլ,pt,istambul,altered
hy,ստատիկ,pt,estático,altered
hy,ստատուս,pt,status,transparent
hy,ստարտ,pt,start,transparent
hy,ստարտափ,pt,startup,transparent
hy,ստերը,pt,estéreo,altered
hy,ստերիլ,pt,estéril,altered
hy,ստերով,pt,estéreo,altered
hy,ստոկհոլմ,pt,estocolmo,altered
hy,ստոպ,pt,stop,transparent
hy,ստուդիա,pt,estúdio,altered
hy,ստուդիո,pt,estúdio,altered
hy,ստրատեգիա,pt,estratégia,transparent
hy,ստրատեգիական,pt,estratégico,altered
hy,ստրատեգիան,pt,estratégia,transparent
hy,սցենար,pt,cenário,altered
hy,սցենարային,pt,cenário,altered
hy,սֆերա,pt,esfera,altered
hy,վագոն,pt,vagão,transparent
hy,վալենսիա,pt,valência,altered
hy,վալենտին,pt,valentim,altered
hy,վալս,pt,valsa,altered
hy,վակուում,pt,vácuo,altered
hy,վամպիր,pt,vampiro,altered
hy,վանդալիզմ,pt,vandalismo,transparent
hy,վաշինգթոն,pt,washington,transparent
hy,վաշինգտոն,pt,washington,transparent
hy,վատիկան,pt,vaticano,altered
hy,վեբ,pt,web,transparent
hy,վեբ-կայք,pt,web,transparent
hy,վեգետացիայի,pt,vegetação,altered
hy,վեկտոր,pt,vetor,transparent
hy,վենեսուելա,pt,venezuela,transparent
hy,վետերան,pt,veterano,transparent
hy,վերբալ,pt,verbal,transparent
hy,վերոնիկա,pt,verónica,transparent
hy,վերսիա,pt,versão,altered
hy,վիա,pt,via,transparent
hy,վիբրացիայի,pt,vibração,altered
hy,վիդեո,pt,vídeo,transparent
hy,վիդեոյի,pt,vídeo,transparent
hy,վիեննա,pt,viena,altered
hy,վիետնամ,pt,vietnã,altered
hy,վիետնամական,pt,vietnamita,altered
hy,վիզուալ,pt,visual,transparent
hy,վիլլա,pt,vila,altered
hy,վիկինգ,pt,viking,transparent
hy,վիկտոր,pt,vítor,altered
hy,վիկտորիա,pt,vitória,altered
hy,վիկտորիայի,pt,vitória,altered
hy,վիկտորյա,pt,vitória,altered
hy,վինչեստերներ,pt,winchester,transparent
hy,վիսկի,pt,uísque,altered
hy,վիվա,pt,vivo,transparent
hy,վիտամին,pt,vitamina,altered
hy,վիրուս,pt,vírus,transparent
hy,վիրուսային,pt,viral,altered
hy,վիրջինիայի,pt,virgínia,transparent
hy,վիրտուալ,pt,virtual,transparent
hy,վիրտուոզ,pt,virtuoso,altered
hy,վիքիպեդիա,pt,wikipedia,transparent
hy,վոլեյբոլ,pt,voleibol,altered
hy,վոկալ,pt,vocal,transparent
hy,վոկալային,pt,vocal,transparent
hy,վոկալիստ,pt,vocalista,transparent
hy,տաբու,pt,tabu,transparent
hy,տակտիկա,pt,tática,transparent
hy,տակտիկական,pt,tático,altered
hy,տանգո,pt,tango,transparent
hy,տանկ,pt,tanque,altered
hy,տաջիկստան,pt,tajiquistão,altered
hy,տարիֆներ,pt,tarifa,transparent
hy,տաքսի,pt,táxi,transparent
hy,տաքսիստ,pt,taxista,altered
hy,տաքսիստի,pt,taxista,transparent
hy,տելեֆոն,pt,telefone,transparent
hy,տեխնիկ,pt,técnico,altered
hy,տեխնիկա,pt,técnico,transparent
hy,տեխնիկական,pt,técnico,altered
hy,տեխնիկայում,pt,técnico,transparent
hy,տեխնիկապես,pt,técnico,altered
hy,տեխնոլոգիա,pt,tecnologia,transparent
hy,տեխնոլոգիական,pt,tecnológico,transparent
hy,տեխնոլոգիայով,pt,tecnologia,altered
hy,տեմպ,pt,tempo,transparent
hy,տենդենց,pt,tendência,altered
hy,տենդենցի,pt,tendência,altered
hy,տեռորիզմ,pt,terrorismo,altered
hy,տեռորիստ,pt,terrorista,altered
hy,տեստոստերոնի,pt,testosterona,altered
hy,տերիտորիալ,pt,território,altered
hy,տեքստ,pt,texto,altered
hy,տեքստիլ,pt,têxtil,transparent
hy,տիպ,pt,tipo,transparent
hy,տիպական,pt,típico,transparent
hy,տիպային,pt,típico,transparent
hy,տիպիկ,pt,típico,transparent
hy,տիտան,pt,titã,altered
hy,տիտղոս,pt,título,altered
hy,տոկիո,pt,tóquio,altered
hy,տոմաշ,pt,tomás,altered
hy,տոնիկ,pt,tônico,transparent
hy,տոննայի,pt,tonelada,altered
hy,տոտալ,pt,total,transparent
hy,տոտալիտար,pt,totalitário,altered
hy,տորինոյի,pt,turim,altered
hy,տորոնտոյի,pt,toronto,transparent
hy,տուբերկուլյոզ,pt,tuberculose,altered
hy,տուբերկուլոզ,pt,tuberculose,altered
hy,տուրիզմ,pt,turismo,altered
hy,տուրիստ,pt,turista,transparent
hy,տուրիստական,pt,turístico,altered
hy,տոքսիկ,pt,tóxico,altered
hy,տրագիկ,pt,trágico,transparent
hy,տրակտոր,pt,trator,altered
hy,տրանս,pt,trans,transparent
hy,տրանսկրիպցիայի,pt,transcrição,altered
hy,տրանսպորտ,pt,transporte,altered
hy,տրանսպորտային,pt,transportador,altered
hy,տրանսֆեր,pt,transferência,altered
hy,տրանսֆերտ,pt,transferência,altered
hy,տրանսֆորմացիոն,pt,transformação,transparent
hy,տրավմա,pt,trauma,altered
hy,տրավմայի,pt,trauma,transparent
hy,տրավմաներ,pt,trauma,altered
hy,տրավմատիկ,pt,traumático,altered
hy,տրիբունալ,pt,tribunal,transparent
hy,տրիո,pt,trio,transparent
hy,տրոպիկական,pt,tropical,altered
hy,ցեմենտ,pt,cimento,altered
hy,ցենտ,pt,cent,transparent
hy,ցիկլ,pt,ciclo,transparent
hy,ցիկլոն,pt,ciclone,transparent
hy,ցինիզմ,pt,cinismo,altered
hy,ցինիկ,pt,cínico,altered
hy,ցինկ,pt,zinco,altered
hy,ցուկերբերգ,pt,zuckerberg,transparent
hy,ցունամի,pt,tsunami,transparent
hy,փարավոն,pt,faraó,altered
hy,փենսիլվանիա,pt,pensilvânia,altered
hy,փիլիսոփա,pt,filósofo,altered
hy,փոստային,pt,postal,transparent
hy,քաոս,pt,caos,altered
hy,քաոսային,pt,caótico,altered
hy,քարավան,pt,caravana,transparent
hy,քեթրին,pt,catarino,altered
hy,քիմիա,pt,químico,transparent
hy,քիմիական,pt,químico,altered
hy,քիմիկոս,pt,químico,altered
hy,քիմիոթերապիա,pt,quimioterapia,transparent
hy,քլոր,pt,cloro,altered
hy,քոլեջ,pt,colégio,altered
hy,քորոնա,pt,coroar,altered
hy,քուվեյթ,pt,kuwait,transparent
hy,քուրդիստան,pt,curdistão,altered
hy,քվոտաներ,pt,quota,transparent
hy,քրիշտիանու,pt,cristão,altered
hy,քրիստափոր,pt,cristóvão,altered
hy,քրիստի,pt,cristo,transparent
hy,քրիստիան,pt,cristão,altered
hy,քրիստին,pt,cristina,altered
hy,քրիստոնեական,pt,cristão,altered
hy,քրոմ,pt,cromo,altered
hy,քրոմոսոմ,pt,cromossomo,altered
hy,քրոնիկ,pt,crônico,altered
hy,քրոնիկական,pt,crónico,altered
hy,օազիս,pt,oásis,transparent
hy,օբամա,pt,obama,transparent
hy,օբյեկտ,pt,objeto,altered
hy,օբյեկտիվ,pt,objetivo,transparent
hy,օգոստինոս,pt,agostinho,altered
hy,օգոստոս,pt,agosto,transparent
hy,օդեսա,pt,odessa,altered
hy,օլիգարխ,pt,oligarquia,transparent
hy,օլիմպիադա,pt,olimpíada,transparent
hy,օլիմպիական,pt,olímpico,altered
hy,օլիվիա,pt,olivia,transparent
hy,օկլահոմա,pt,oklahoma,transparent
hy,օկուպացիա,pt,ocupação,transparent
hy,օկուպացիոն,pt,ocupação,altered
hy,օկտավա,pt,oitavar,altered
hy,օպերա,pt,ópera,transparent
hy,օպերատիվ,pt,operativo,transparent
hy,օպերատոր,pt,operador,transparent
hy,օպերացիա,pt,operação,altered
hy,օպտիկական,pt,óptico,altered
hy,օպտիկայի,pt,óptico,altered
hy,օպտիմալ,pt,ótimo,altered
hy,օսմանյան,pt,otomano,altered
hy,օվալաձև,pt,oval,transparent
hy,օվկիանոս,pt,oceano,altered
hy,օվկիանոսային,pt,oceânico,altered
hy,օրալ,pt,oral,transparent
hy,օրանժ,pt,laranjo,altered
hy,օրգազմ,pt,orgasmo,altered
hy,օրգան,pt,órgão,altered
hy,օրգանական,pt,orgânico,altered
hy,օրգանիզմ,pt,organismo,altered
hy,օրիգինալ,pt,original,transparent
hy,օրկեստրի,pt,orquestrar,altered
hy,օքսիդացում,pt,oxidação,altered
hy,օքսիդի,pt,óxido,altered
hy,օքսֆորդ,pt,oxford,transparent
hy,օֆիցիալ,pt,oficial,transparent
hy,ֆաբրիկա,pt,fábrica,transparent
hy,ֆակուլտետ,pt,faculdade,altered
hy,ֆակտո,pt,facto,transparent
hy,ֆանատներ,pt,fanático,altered
hy,ֆանտազիաներ,pt,fantasiar,transparent
hy,ֆանտաստիկ,pt,fantástico,altered
hy,ֆաշիզմ,pt,fascismo,altered
hy,ֆաշիստ,pt,fascista,altered
hy,ֆաշիստական,pt,fascista,altered
hy,ֆավորիտ,pt,favorito,transparent
hy,ֆեդերալ,pt,federal,transparent
hy,ֆեդերացիա,pt,federação,transparent
hy,ֆեմինիզմի,pt,feminismo,altered
hy,ֆեմինիստ,pt,feminista,altered
hy,ֆեմինիստական,pt,feminista,altered
hy,ֆեյսբուք,pt,facebook,transparent
hy,ֆենոմեն,pt,fenômeno,transparent
hy,ֆենոմենալ,pt,fenomenal,transparent
hy,ֆեոդալ,pt,feudal,altered
hy,ֆեոդալական,pt,feudal,transparent
hy,ֆերդինանդ,pt,fernando,altered
hy,ֆերնանդո,pt,fernando,transparent
hy,ֆիգուր,pt,figurar,altered
hy,ֆիզիկա,pt,físico,transparent
hy,ֆիզիկական,pt,físico,altered
hy,ֆիզիկապես,pt,fisicamente,transparent
hy,ֆիզիկոս,pt,físico,altered
hy,ֆիզիոլոգիա,pt,fisiologia,transparent
hy,ֆիլադելֆիա,pt,filadélfia,transparent
hy,ֆիլիպ,pt,filipe,altered
hy,ֆիլմ,pt,filme,altered
hy,ֆինանս,pt,finanças,transparent
hy,ֆինանսական,pt,financeiro,transparent
hy,ֆինանսավորել,pt,financiamento,transparent
hy,ֆինլանդիա,pt,finlândia,altered
hy,ֆիսկալ,pt,fiscal,transparent
hy,ֆիրմա,pt,firmar,transparent
hy,ֆիրմային,pt,firmar,transparent
hy,ֆիֆա,pt,fifa,transparent
hy,ֆիֆա-ի,pt,fifa,transparent
hy,ֆլեյտա,pt,flautar,altered
hy,ֆլեշ,pt,flash,transparent
hy,ֆլորա,pt,florir,transparent
hy,ֆոկուս,pt,foco,altered
hy,ֆոն,pt,fundo,altered
hy,ֆոնդ,pt,fundo,altered
hy,ֆոսֆոր,pt,fósforo,altered
hy,ֆոտո,pt,foto,transparent
hy,ֆորդ,pt,ford,transparent
hy,ֆորմալ,pt,formal,transparent
hy,ֆորմաներ,pt,formar,transparent
hy,ֆորմատ,pt,formato,altered
hy,ֆորմուլա,pt,fórmula,transparent
hy,ֆորում,pt,fórum,altered
hy,ֆորտ,pt,forte,transparent
hy,ֆորտունա,pt,fortuna,transparent
hy,ֆունդամենտալ,pt,fundamental,transparent
hy,ֆունկցիա,pt,função,transparent
hy,ֆունկցիոնալ,pt,funcional,altered
hy,ֆուտբոլ,pt,futebol,altered
hy,ֆուտբոլիստ,pt,futebolista,transparent
hy,ֆուտզալ,pt,futsal,transparent
hy,ֆրազներ,pt,frase,transparent
hy,ֆրանկ,pt,franco,altered
hy,ֆրանկլին,pt,franklin,transparent
hy,ֆրանկֆուրտ,pt,frankfurt,transparent
hy,ֆրանսերեն,pt,francês,altered
hy,ֆրանսիա,pt,frança,transparent
hy,ֆրանսիական,pt,francês,altered
hy,ֆրանսիացի,pt,francês,altered
hy,ֆրենկ,pt,franco,altered
hy,ֆրուստրացիայի,pt,frustração,altered
pt,abel,hy,աբել,transparent
pt,aborto,hy,աբորտ,altered
pt,abril,hy,ապրիլ,transparent
pt,abstrato,hy,աբստրակտ,altered
pt,absurdo,hy,աբսուրդ,altered
pt,academiar,hy,ակադեմիա,transparent
pt,académico,hy,ակադեմիական,altered
pt,acadêmico,hy,ակադեմիկոս,transparent
pt,acento,hy,ակցենտով,altered
pt,acetona,hy,ացետոն,altered
pt,acústico,hy,ակուստիկ,altered
pt,adaptar,hy,ադապտացվել,transparent
pt,adaptação,hy,ադապտացիա,transparent
pt,adequar,hy,ադեկվատ,altered
pt,administrador,hy,ադմինիստրատոր,altered
pt,administrativo,hy,ադմինիստրատիվ,transparent
pt,administração,hy,ադմինիստրացիա,transparent
pt,adriano,hy,ադրիան,altered
pt,adão,hy,ադամ,altered
pt,aeróbico,hy,աերոբիկ,altered
pt,afeganistão,hy,աֆղանստան,altered
pt,afegão,hy,աֆղանական,altered
pt,afetivo,hy,աֆեկտիվ,altered
pt,afonso,hy,ալֆոնսո,altered
pt,aforismo,hy,աֆորիզմը,transparent
pt,africano,hy,աֆրիկյան,altered
pt,afroamericano,hy,աֆրոամերիկացի,altered
pt,agostinho,hy,օգոստինոս,altered
pt,agosto,hy,օգոստոս,transparent
pt,agregar,hy,ագրեգատներ,altered
pt,agressivo,hy,ագրեսիվ,transparent
pt,agressor,hy,ագրեսոր,transparent
pt,agressão,hy,ագրեսիա,altered
pt,alasca,hy,ալյասկայի,altered
pt,albanês,hy,ալբանական,altered
pt,alberto,hy,ալբերտո,transparent
pt,albânia,hy,ալբանիա,transparent
pt,alcoolismo,hy,ալկոհոլիզմ,altered
pt,alcoólico,hy,ալկոհոլային,altered
pt,alergia,hy,ալերգիա,transparent
pt,alexandra,hy,ալեքսանդրա,transparent
pt,alexandre,hy,ալեքսանդր,altered
pt,alfar,hy,ալֆա,transparent
pt,alfredo,hy,ալֆրեդ,altered
pt,algoritmo,hy,ալգորիթմ,altered
pt,aliançar,hy,ալյանս,altered
pt,alina,hy,ալինա,transparent
pt,almanaque,hy,ալմանախ,transparent
pt,almo,hy,ալմա,transparent
pt,alpino,hy,ալպիական,altered
pt,alternativo,hy,ալտերնատիվ,altered
pt,alucinação,hy,հալյուցինացիա,altered
pt,alumínio,hy,ալյումին,altered
pt,alérgeno,hy,ալերգեններ,transparent
pt,alérgico,hy,ալերգիկ,transparent
pt,ambição,hy,ամբիցիա,altered
pt,ambulatório,hy,ամբուլատոր,transparent
pt,americano,hy,ամերիկյան,transparent
pt,aminoácido,hy,ամինաթթու,altered
pt,amsterdã,hy,ամստերդամ,altered
pt,amundsen,hy,ամունդսենի,transparent
pt,amônia,hy,ամոնիակի,altered
pt,ana,hy,աննա,altered
pt,anal,hy,անալ,transparent
pt,analítico,hy,անալիտիկ,altered
pt,ananias,hy,անանիա,altered
pt,anastácio,hy,անաստաս,altered
pt,anastásia,hy,անաստասիա,altered
pt,anatomia,hy,անատոմիա,transparent
pt,anatólia,hy,անատոլի,altered
pt,anatômico,hy,անատոմիական,altered
pt,andrea,hy,անդրեա,transparent
pt,andré,hy,անդրիաս,altered
pt,anedota,hy,անեկդոտ,transparent
pt,anglicano,hy,անգլիկան,altered
pt,animação,hy,անիմացիոն,altered
pt,anime,hy,անիմե,transparent
pt,animê,hy,անիմե,transparent
pt,anomalia,hy,անոմալիա,transparent
pt,anormal,hy,աննորմալ,transparent
pt,antena,hy,անտենան,transparent
pt,antibiótico,hy,հակաբիոտիկ,altered
pt,anticorrupção,hy,հակակոռուպցիոն,altered
pt,antigo,hy,անտիկ,altered
pt,antioquia,hy,անտիոքի,transparent
pt,antártida,hy,անտարկտիդա,transparent
pt,antão,hy,անտոն,altered
pt,antónio,hy,անտոնիո,altered
pt,anômalo,hy,անոմալ,transparent
pt,aorta,hy,աորտա,transparent
pt,aparato,hy,ապարատ,transparent
pt,apocalipse,hy,ապոկալիպսիս,altered
pt,aquário,hy,ակվարիում,altered
pt,ararat,hy,արարատ,transparent
pt,arena,hy,արենա,transparent
pt,argentino,hy,արգենտինա,transparent
pt,argumento,hy,արգումենտ,transparent
pt,ariano,hy,արիական,altered
pt,aristocrata,hy,արիստոկրատ,transparent
pt,aristóteles,hy,արիստոտել,altered
pt,arizona,hy,արիզոնա,transparent
pt,armar,hy,արմա,transparent
pt,arménio,hy,արմենիա,altered
pt,arnoldo,hy,առնոլդ,altered
pt,aromático,hy,արոմատիկ,altered
pt,arquivo,hy,արխիվ,altered
pt,arsenal,hy,արսենալ,transparent
pt,artista,hy,արտիստ,transparent
pt,artur,hy,արթուր,altered
pt,arábio,hy,արաբիա,transparent
pt,asfalto,hy,ասֆալտապատում,altered
pt,asma,hy,ասթմա,altered
pt,aspecto,hy,ասպեկտ,transparent
pt,aspirante,hy,ասպիրանտ,altered
pt,assembleia,hy,ասամբլեա,transparent
pt,assimétrico,hy,ասիմետրիկ,altered
pt,assistente,hy,ասիստենտ,altered
pt,associar,hy,ասոցացվել,altered
pt,associativo,hy,ասոցիատիվ,altered
pt,associação,hy,ասոցիացիա,altered
pt,asteca,hy,ացտեկներ,altered
pt,asteroide,hy,աստերոիդ,transparent
pt,astracã,hy,աստրախան,transparent
pt,ateniense,hy,աթենական,altered
pt,ateísmo,hy,աթեիզմ,altered
pt,ativamente,hy,ակտիվորեն,transparent
pt,ativar,hy,ակտիվացնել,altered
pt,ativação,hy,ակտիվացում,altered
pt,atividade,hy,ակտիվություն,altered
pt,ativista,hy,ակտիվիստ,transparent
pt,ativo,hy,ակտիվ,transparent
pt,atlas,hy,ատլասը,transparent
pt,atlântico,hy,ատլանտյան,altered
pt,atlético,hy,աթլետիկա,altered
pt,ato,hy,ակտ,altered
pt,atol,hy,ատոլ,transparent
pt,atração,hy,ատրակցիոն,transparent
pt,atributo,hy,ատրիբուտ,altered
pt,atual,hy,ակտուալ,altered
pt,atômico,hy,ատոմային,altered
pt,auditoria,hy,աուդիտ,altered
pt,auditório,hy,աուդիտորական,altered
pt,australiano,hy,ավստրալիական,altered
pt,austrália,hy,ավստրալիա,transparent
pt,austríaco,hy,ավստրիական,altered
pt,autismo,hy,աուտիզմ,altered
pt,auto,hy,ավտո,transparent
pt,autoimune,hy,աուտոիմուն,transparent
pt,automatizar,hy,ավտոմատացնել,altered
pt,automatização,hy,ավտոմատացում,altered
pt,automático,hy,ավտոմատ,altered
pt,automóvel,hy,ավտոմոբիլային,altered
pt,autoritário,hy,ավտորիտար,transparent
pt,aviação,hy,ավիացիա,transparent
pt,azerbaijano,hy,ազերի,altered
pt,ação,hy,ակցիա,altered
pt,aída,hy,աիդա,transparent
pt,babilônia,hy,բաբելոն,altered
pt,bacharel,hy,բակալավր,altered
pt,bacteriano,hy,բակտերիալ,altered
pt,bactéria,hy,բակտերիա,transparent
pt,bagdá,hy,բաղդադ,altered
pt,baku,hy,բաքու,transparent
pt,bal,hy,բալ,transparent
pt,balancear,hy,բալանսավորված,altered
pt,balançar,hy,բալանսը,altered
pt,balanço,hy,բալանսը,altered
pt,balão,hy,բալոններ,altered
pt,balé,hy,բալետ,altered
pt,balístico,hy,բալիստիկ,transparent
pt,banana,hy,բանան,transparent
pt,bancar,hy,բանկ,transparent
pt,banco,hy,բանկ,transparent
pt,bancário,hy,բանկային,altered
pt,banqueiro,hy,բանկիր,altered
pt,bar,hy,բար,transparent
pt,barcelona,hy,բարսելոնա,transparent
pt,barricar,hy,բարիկադ,altered
pt,barroco,hy,բարոկկո,altered
pt,barão,hy,բարոն,transparent
pt,barítono,hy,բարիտոն,altered
pt,basalto,hy,բազալտ,altered
pt,base,hy,բազա,altered
pt,basquetebol,hy,բասկետբոլ,altered
pt,basquetebolista,hy,բասկետբոլիստ,altered
pt,basílio,hy,վասիլ,altered
pt,bazar,hy,բազարը,transparent
pt,beirute,hy,բեյրութ,altered
pt,beisebol,hy,բեյսբոլ,altered
pt,belarus,hy,բելառուս,altered
pt,belga,hy,բելգիական,altered
pt,belgrado,hy,բելգրադ,altered
pt,benzina,hy,բենզին,transparent
pt,berlim,hy,բեռլին,altered
pt,betar,hy,բետա,transparent
pt,betão,hy,բետոնե,altered
pt,bill,hy,բիլ,transparent
pt,birô,hy,բյուրո,altered
pt,bispo,hy,եպիսկոպոս,altered
pt,bistro,hy,բիստրո,transparent
pt,bisão,hy,բիզոն,transparent
pt,bizantino,hy,բյուզանդական,altered
pt,blake,hy,բլեյք,transparent
pt,bloco,hy,բլոկ,transparent
pt,blog,hy,բլոգ,transparent
pt,blogueiro,hy,բլոգ,altered
pt,blusa,hy,բլյուզ,altered
pt,bob,hy,բոբ,transparent
pt,boicotar,hy,բոյկոտել,altered
pt,boicote,hy,բոյկոտ,altered
pt,bolchevique,hy,բոլշևիկ,altered
pt,bolonha,hy,բոլոնիա,altered
pt,bolívia,hy,բոլիվիա,transparent
pt,bombar,hy,բոմբ,altered
pt,bonaparte,hy,բոնապարտ,transparent
pt,borussia,hy,բորուսիան,transparent
pt,boston,hy,բոստոն,transparent
pt,bourbon,hy,բուրբոն,altered
pt,boxe,hy,բոքս,transparent
pt,brand,hy,բրենդային,transparent
pt,brasil,hy,բրազիլիա,altered
pt,brasileiro,hy,բրազիլացի,altered
pt,bratislava,hy,բրատիսլավա,transparent
pt,bravo,hy,բրավո,transparent
pt,bretanha,hy,բրիտանիա,altered
pt,brigar,hy,բրիգադ,altered
pt,britânico,hy,բրիտանացի,altered
pt,broadway,hy,բրոդվեյ,transparent
pt,brochura,hy,բրոշյուր,altered
pt,bronze,hy,բրոնզե,transparent
pt,brownie,hy,բրաունի,transparent
pt,bruno,hy,բրունո,transparent
pt,brócolis,hy,բրոկոլիով,altered
pt,brônquio,hy,բրոնխներ,altered
pt,bucareste,hy,բուխարեստ,altered
pt,buda,hy,բուդդա,transparent
pt,budapeste,hy,բուդապեշտ,altered
pt,bufete,hy,բուֆետ,altered
pt,bulevar,hy,բուլվար,altered
pt,bulgária,hy,բուլղարիա,altered
pt,bumerangue,hy,բումերանգ,altered
pt,bundestag,hy,բունդեսթագ,transparent
pt,burguesia,hy,բուրժուազիա,altered
pt,bélgica,hy,բելգիա,altered
pt,bósnio,hy,բոսնիա,transparent
pt,búlgaro,hy,բուլղարական,altered
pt,cacau,hy,կակաո,altered
pt,cacto,hy,կակտուս,altered
pt,cadastro,hy,կադաստր,altered
pt,café,hy,կոֆե,altered
pt,califa,hy,խալիֆ,altered
pt,califórnio,hy,կալիֆորնիայում,altered
pt,caloria,hy,կալորիաներ,transparent
pt,campeonato,hy,չեմպիոն,altered
pt,campeão,hy,չեմպիոն,altered
pt,canadense,hy,կանադական,altered
pt,canguru,hy,կենգուրու,altered
pt,cantão,hy,կանտոն,transparent
pt,canónico,hy,կանոնիկ,transparent
pt,canônico,hy,կանոնական,transparent
pt,caos,hy,քաոս,altered
pt,capital,hy,կապիտալ,transparent
pt,capitalismo,hy,կապիտալիզմ,altered
pt,capitalista,hy,կապիտալիստական,altered
pt,capitalização,hy,կապիտալիզացիա,altered
pt,capitulação,hy,կապիտուլյացիա,transparent
pt,capitão,hy,կապիտան,altered
pt,capitólio,hy,կապիտոլիում,altered
pt,capri,hy,կապրի,transparent
pt,caravana,hy,քարավան,transparent
pt,cardeal,hy,կարդինալ,altered
pt,cardinal,hy,կարդինալ,transparent
pt,carismático,hy,խարիզմատիկ,altered
pt,carlo,hy,կարլո,transparent
pt,carlos,hy,կառլոս,transparent
pt,carlota,hy,շառլոտա,altered
pt,carmim,hy,կարմիր,altered
pt,carolino,hy,կարոլինա,transparent
pt,carreira,hy,կարիերա,altered
pt,carrossel,hy,կարուսել,altered
pt,cassino,hy,կազինո,transparent
pt,casto,hy,կաստա,transparent
pt,catalisador,hy,կատալիզատոր,altered
pt,catalunha,hy,կատալոնիա,altered
pt,catalão,hy,կատալոնացի,altered
pt,catarino,hy,քեթրին,altered
pt,categoria,hy,կատեգորիա,transparent
pt,categórico,hy,կատեգորիկ,altered
pt,catolicismo,hy,կաթողիկոս,altered
pt,catálogo,hy,կատալոգ,transparent
pt,catástrofe,hy,կատաստրոֆ,altered
pt,católico,hy,կաթողիկոս,altered
pt,caviar,hy,խավիար,transparent
pt,caótico,hy,քաոսային,altered
pt,cent,hy,ցենտ,transparent
pt,centauro,hy,կենտավրոս,transparent
pt,central,hy,կենտրոնական,transparent
pt,centrar,hy,կենտրոնանալ,altered
pt,centro,hy,կենտրոն,altered
pt,centímetro,hy,սանտիմետր,altered
pt,cenário,hy,սցենար,altered
pt,certificar,hy,սերտիֆիկատ,altered
pt,cerâmico,hy,կերամիկական,altered
pt,cesareia,hy,կեսար,altered
pt,cesariano,hy,կեսարյան,altered
pt,champanha,hy,շամպայն,altered
pt,champanhe,hy,շամպայն,altered
pt,champô,hy,շամպունի,transparent
pt,chanceler,hy,կանցլեր,altered
pt,chaplin,hy,չապլինը,altered
pt,checo,hy,չեխական,altered
pt,chef,hy,շեֆ,transparent
pt,chelsea,hy,չելսի,transparent
pt,chicago,hy,չիկագո,transparent
pt,chile,hy,չիլի,transparent
pt,chimpanzé,hy,շիմպանզե,altered
pt,chinês,hy,չինարեն,altered
pt,chip,hy,չիպ,transparent
pt,chocolate,hy,շոկոլադ,altered
pt,choque,hy,շոկ,altered
pt,churchill,hy,չերչիլը,transparent
pt,ciao,hy,չաո,transparent
pt,ciclo,hy,ցիկլ,transparent
pt,ciclone,hy,ցիկլոն,transparent
pt,cigarro,hy,սիգար,altered
pt,cimento,hy,ցեմենտ,altered
pt,cinema,hy,կինոնկար,altered
pt,cinematografia,hy,կինեմատոգրաֆիա,transparent
pt,cinematográfico,hy,կինեմատոգրաֆիական,altered
pt,cinematógrafo,hy,կինեմատոգրաֆ,altered
pt,cinismo,hy,ցինիզմ,altered
pt,cinético,hy,կինետիկ,altered
pt,citoplasma,hy,ցիտոպլազմա,altered
pt,classe,hy,կլաս,transparent
pt,classicismo,hy,կլասիցիզմի,altered
pt,cleópatra,hy,կլեոպատրա,transparent
pt,clima,hy,կլիմա,transparent
pt,climático,hy,կլիմայական,altered
pt,cloro,hy,քլոր,altered
pt,clássico,hy,կլասիկ,altered
pt,clínico,hy,կլինիկական,transparent
pt,coalizão,hy,կոալիցիա,altered
pt,cocaína,hy,կոկաին,altered
pt,coco,hy,կոկոս,altered
pt,cognitivo,hy,կոգնիտիվ,altered
pt,colecionador,hy,կոլեկցիոն,altered
pt,colega,hy,կոլեգա,transparent
pt,colegiada,hy,կոլեգիա,altered
pt,colegial,hy,կոլեգիալ,transparent
pt,colesterol,hy,խոլեստերին,altered
pt,coletivo,hy,կոլեկտիվ,altered
pt,coleção,hy,կոլեկցիոն,transparent
pt,colégio,hy,քոլեջ,altered
pt,combinação,hy,կոմբինացիա,transparent
pt,comercial,hy,կոմերցիոն,altered
pt,comic,hy,կոմիքս,transparent
pt,comissário,hy,կոմիսար,altered
pt,comité,hy,կոմիտե,transparent
pt,comitê,hy,կոմիտե,transparent
pt,compacto,hy,կոմպակտ,altered
pt,competente,hy,կոմպետենտ,altered
pt,complexar,hy,կոմպլեքս,altered
pt,complexo,hy,կոմպլեքս,altered
pt,componente,hy,կոմպոնենտ,transparent
pt,compositor,hy,կոմպոզիտոր,transparent
pt,composição,hy,կոմպոզիցիա,altered
pt,compota,hy,կոմպոտի,altered
pt,compromisso,hy,կոմպրոմիս,altered
pt,computador,hy,կոմպյուտեր,altered
pt,comuna,hy,կոմունա,transparent
pt,comunal,hy,կոմունալ,transparent
pt,comunicação,hy,կոմունիկացիա,altered
pt,comunismo,hy,կոմունիզմ,transparent
pt,comunista,hy,կոմունիստական,altered
pt,comédia,hy,կոմեդիա,transparent
pt,conceito,hy,կոնցեպտը,altered
pt,conceitual,hy,կոնցեպտուալ,altered
pt,concepção,hy,կոնցեպցիա,altered
pt,concerto,hy,կոնցերտ,altered
pt,concreto,hy,կոնկրետ,altered
pt,cone,hy,կոն,altered
pt,confederação,hy,կոնֆեդերացիա,altered
pt,confeito,hy,կոնֆետ,altered
pt,conferência,hy,կոնֆերանս,altered
pt,configuração,hy,կոնֆիգուրացիա,altered
pt,conflito,hy,կոնֆլիկտ,altered
pt,congo,hy,կոնգո,transparent
pt,congresso,hy,կոնգրես,altered
pt,conhaque,hy,կոնյակ,altered
pt,conhecer,hy,ճանաչել,transparent
pt,consenso,hy,կոնսենսուս,altered
pt,consolidação,hy,կոնսոլիդացիա,altered
pt,constantino,hy,կոնստանտին,altered
pt,constantinopla,hy,կոստանդնուպոլիս,altered
pt,construtivo,hy,կոնստրուկտիվ,altered
pt,construção,hy,կոնստրուկցիա,transparent
pt,consórcio,hy,կոնսորցիում,altered
pt,contacto,hy,կոնտակտ,altered
pt,contato,hy,կոնտակտ,altered
pt,convenção,hy,կոնվենցիա,altered
pt,cooperativo,hy,կոոպերատիվ,altered
pt,coordenar,hy,կոորդինատ,altered
pt,coordenação,hy,կոորդինացում,altered
pt,copenhaga,hy,կոպենհագեն,altered
pt,coquetel,hy,կոկտեյլ,altered
pt,coreia,hy,կորեա,altered
pt,coronavírus,hy,կորոնավիրուս,transparent
pt,coronário,hy,կորոնար,altered
pt,corporativo,hy,կորպորատիվ,transparent
pt,corporação,hy,կորպորացիա,transparent
pt,corpus,hy,կորպուս,transparent
pt,corrompido,hy,կոռումպացված,altered
pt,corrupção,hy,կոռուպցիա,altered
pt,corte,hy,կորտ,transparent
pt,cosmético,hy,կոսմետիկ,transparent
pt,costume,hy,կոստյում,transparent
pt,cottage,hy,քոթեջ,transparent
pt,creme,hy,կրեմ,altered
pt,criativo,hy,կրեատիվ,transparent
pt,criminal,hy,կրիմինալ,altered
pt,cripto,hy,կրիպտո,altered
pt,cristandade,hy,քրիստոնեություն,altered
pt,cristina,hy,քրիստին,altered
pt,cristo,hy,քրիստի,transparent
pt,cristão,hy,քրիստիան,altered
pt,cristóvão,hy,քրիստափոր,altered
pt,crocodilo,hy,կոկորդիլոս,altered
pt,cromo,hy,քրոմ,altered
pt,cromossomo,hy,քրոմոսոմ,altered
pt,crédito,hy,կրեդիտ,altered
pt,críquete,hy,կրիկետ,altered
pt,crítico,hy,կրիտիկական,altered
pt,crónico,hy,քրոնիկական,altered
pt,crônico,hy,քրոնիկ,altered
pt,cultura,hy,կուլտուրա,altered
pt,cultural,hy,կուլտուրական,transparent
pt,curdistão,hy,քուրդիստան,altered
pt,curso,hy,կուրս,altered
pt,cálcio,hy,կալցիում,altered
pt,câmara,hy,կամերա,altered
pt,câmera,hy,կամերային,altered
pt,cânone,hy,կանոն,transparent
pt,cínico,hy,ցինիկ,altered
pt,código,hy,կոդ,altered
pt,cólera,hy,խոլերա,altered
pt,cômico,hy,կոմիկ,altered
pt,dama,hy,դամա,transparent
pt,darwin,hy,դարվին,transparent
pt,davi,hy,դավիթ,altered
pt,debut,hy,դեբյուտ,transparent
pt,decorativo,hy,դեկորատիվ,transparent
pt,decoração,hy,դեկորացիա,altered
pt,deformação,hy,դեֆորմացիաներ,altered
pt,degradação,hy,դեգրադացիա,altered
pt,demo,hy,դեմո,transparent
pt,democracia,hy,դեմոկրատիա,altered
pt,democrata,hy,դեմոկրատ,transparent
pt,democrático,hy,դեմոկրատական,altered
pt,demográfico,hy,դեմոգրաֆիական,transparent
pt,departamento,hy,դեպարտամենտ,altered
pt,depositário,hy,դեպոզիտարիայի,transparent
pt,depressivo,hy,դեպրեսիվ,altered
pt,depressão,hy,դեպրեսիա,altered
pt,deputar,hy,դեպուտատ,altered
pt,depósito,hy,դեպոզիտ,altered
pt,design,hy,դիզայն,transparent
pt,designer,hy,դիզայներ,transparent
pt,desportivo,hy,սպորտային,altered
pt,desporto,hy,սպորտ,altered
pt,detalhe,hy,դետալ,altered
pt,detective,hy,դետեկտիվ,transparent
pt,detetive,hy,դետեկտիվ,transparent
pt,dezembro,hy,դեկտեմբեր,transparent
pt,deão,hy,դեկան,altered
pt,diabetes,hy,դիաբետ,altered
pt,diabético,hy,դիաբետիկ,altered
pt,dialético,hy,դիալեկտիկական,transparent
pt,diamante,hy,ադամանդե,transparent
pt,diana,hy,դիանա,transparent
pt,diego,hy,դիեգո,transparent
pt,diesel,hy,դիզել,transparent
pt,dieta,hy,դիետաներ,transparent
pt,dietético,hy,դիետիկ,transparent
pt,diferencial,hy,դիֆերենցիալ,transparent
pt,dinar,hy,դինարի,transparent
pt,dinastia,hy,դինաստիա,transparent
pt,dinâmico,hy,դինամիկ,altered
pt,diplomar,hy,դիպլոմ,transparent
pt,diplomático,hy,դիպլոմային,altered
pt,disco,hy,դիսկ,altered
pt,discreto,hy,դիսկրետ,altered
pt,dissertação,hy,դիսերտացիա,altered
pt,ditador,hy,դիկտատոր,altered
pt,ditadura,hy,դիկտատուրա,altered
pt,diversão,hy,դիվերսիոն,transparent
pt,divisão,hy,դիվիզիա,altered
pt,divã,hy,դիվան,transparent
pt,diálise,hy,դիալիզ,altered
pt,diálogo,hy,դիալոգ,transparent
pt,dmitri,hy,դմիտրի,transparent
pt,documental,hy,դոկումենտալ,transparent
pt,dom,hy,դոն,altered
pt,dominante,hy,դոմինանտ,altered
pt,donald,hy,դոնալդ,transparent
pt,dose,hy,դոզա,altered
pt,doutor,hy,դոկտոր,altered
pt,doutoral,hy,դոկտորական,altered
pt,doutrinar,hy,դոկտրինի,altered
pt,drama,hy,դրամա,transparent
pt,dramaturgia,hy,դրամատուրգիա,altered
pt,dramático,hy,դրամատիկական,altered
pt,dresden,hy,դրեզդեն,altered
pt,dueto,hy,դուետ,transparent
pt,déficit,hy,դեֆիցիտ,transparent
pt,dínamo,hy,դինամո,transparent
pt,dólar,hy,դոլար,transparent
pt,ebola,hy,էբոլա,transparent
pt,ecologia,hy,էկոլոգիա,transparent
pt,ecológico,hy,էկոլոգիական,altered
pt,economia,hy,էկոնոմիկա,transparent
pt,edgar,hy,էդգար,transparent
pt,edmundo,hy,էդմունդ,transparent
pt,eduardo,hy,էդվարդ,altered
pt,efeito,hy,էֆեկտ,altered
pt,efetivo,hy,էֆեկտիվ,transparent
pt,egito,hy,եգիպտոս,altered
pt,egoísta,hy,էգոիստ,altered
pt,egípcio,hy,եգիպտական,altered
pt,einstein,hy,այնշտայն,altered
pt,elegante,hy,էլեգանտ,transparent
pt,elemento,hy,էլեմենտ,transparent
pt,eletrodo,hy,էլեկտրոդ,transparent
pt,eletrônico,hy,էլեկտրոնային,altered
pt,elite,hy,էլիտա,transparent
pt,elton,hy,էլթոն,transparent
pt,elétrico,hy,էլեկտրիկ,altered
pt,elétron,hy,էլեկտրոն,transparent
pt,emigrante,hy,էմիգրանտ,altered
pt,emir,hy,էմիր,transparent
pt,emma,hy,էմմա,transparent
pt,emmy,hy,էմմի,transparent
pt,emocional,hy,էմոցիոնալ,transparent
pt,emoção,hy,էմոցիա,altered
pt,empírico,hy,էմպիրիկ,transparent
pt,emulsão,hy,էմուլսիա,transparent
pt,emílio,hy,էմիլիո,transparent
pt,endêmico,hy,էնդեմիկ,transparent
pt,energia,hy,էներգիա,transparent
pt,energético,hy,էներգետիկ,transparent
pt,engenheiro,hy,ինժեներ,altered
pt,epicentro,hy,էպիկենտրոն,altered
pt,epilepsia,hy,էպիլեպսիա,transparent
pt,episcopal,hy,եպիսկոպոսական,altered
pt,episódico,hy,էպիզոդիկ,transparent
pt,episódio,hy,էպիզոդներ,transparent
pt,epopeia,hy,էպոս,altered
pt,equador,hy,էկվադոր,altered
pt,erevan,hy,երևան,transparent
pt,ereção,hy,էրեկցիա,transparent
pt,erosão,hy,էրոզիայի,altered
pt,erótico,hy,էրոտիկ,transparent
pt,escandaloso,hy,սկանդալային,altered
pt,escandinavo,hy,սկանդինավյան,altered
pt,esclerose,hy,սկլերոզ,altered
pt,escândalo,hy,սկանդալ,altered
pt,escócio,hy,սքոթ,altered
pt,esfera,hy,սֆերա,altered
pt,eslavo,hy,սլավոնական,altered
pt,eslovaco,hy,սլովակ,altered
pt,eslováquia,hy,սլովակիա,altered
pt,espanha,hy,իսպանիա,transparent
pt,espectro,hy,սպեկտր,altered
pt,especulativo,hy,սպեկուլյատիվ,altered
pt,especulação,hy,սպեկուլյացիա,altered
pt,específico,hy,սպեցիֆիկ,altered
pt,esperanto,hy,էսպերանտո,transparent
pt,esporte,hy,sport-ը,altered
pt,espírito,hy,սպիրտ,altered
pt,esquema,hy,սխեմա,altered
pt,esquilo,hy,սկյուռ,altered
pt,esquizofrenia,hy,շիզոֆրենիա,altered
pt,esquizofrênico,hy,շիզոֆրենիկ,altered
pt,estacionário,hy,ստացիոնար,altered
pt,estação,hy,սեզոն,altered
pt,esteroide,hy,ստերոիդներ,altered
pt,estocolmo,hy,ստոկհոլմ,altered
pt,estoniano,hy,էստոնական,altered
pt,estradar,hy,էստրադա,transparent
pt,estratégia,hy,ստրատեգիան,transparent
pt,estratégico,hy,ստրատեգիական,altered
pt,estresse,hy,սթրես,altered
pt,estudantil,hy,ստուդիական,altered
pt,estádio,hy,ստադիոն,altered
pt,estático,hy,ստատիկ,altered
pt,estável,hy,ստաբիլ,altered
pt,estéreo,hy,ստերը,altered
pt,estéril,hy,ստերիլ,altered
pt,estético,hy,էսթետիկ,transparent
pt,estêvão,hy,ստեփան,altered
pt,estônia,hy,էստոնիա,altered
pt,estúdio,hy,ստուդիա,altered
pt,etapa,hy,էտապում,altered
pt,etiópia,hy,եթովպիա,altered
pt,etnia,hy,էթնոսի,altered
pt,eugênio,hy,եվգենի,altered
pt,euro,hy,եվրո,transparent
pt,europa,hy,եվրոպա,altered
pt,europeu,hy,եվրոպական,altered
pt,eva,hy,եվա,transparent
pt,evolucionário,hy,էվոլյուցիոն,altered
pt,evolutivo,hy,էվոլյուցիոն,altered
pt,evolução,hy,էվոլյուցիա,transparent
pt,excursão,hy,էքսկուրսիա,altered
pt,excêntrico,hy,էքսցենտրիկ,altered
pt,expansão,hy,էքսպանսիա,altered
pt,experimental,hy,էքսպերիմենտալ,transparent
pt,experimento,hy,էքսպերիմենտ,altered
pt,exótico,hy,էկզոտիկ,altered
pt,facebook,hy,facebook-ի,transparent
pt,facto,hy,ֆակտո,transparent
pt,faculdade,hy,ֆակուլտետ,altered
pt,fantasiar,hy,ֆանտազիաներ,transparent
pt,fantástico,hy,ֆանտաստիկ,altered
pt,fanático,hy,ֆանատներ,altered
pt,faraó,hy,փարավոն,altered
pt,fariseu,hy,փարիսեցի,altered
pt,fascismo,hy,ֆաշիզմ,altered
pt,fascista,hy,ֆաշիստական,altered
pt,fato,hy,փաստ,transparent
pt,favorito,hy,ֆավորիտ,transparent
pt,federal,hy,ֆեդերալ,transparent
pt,federação,hy,ֆեդերացիա,transparent
pt,feminismo,hy,ֆեմինիզմի,altered
pt,feminista,hy,ֆեմինիստական,altered
pt,fenomenal,hy,ֆենոմենալ,transparent
pt,fenômeno,hy,ֆենոմեն,transparent
pt,fermento,hy,ֆերմենտ,altered
pt,fernando,hy,ֆերդինանդ,altered
pt,feudal,hy,ֆեոդալական,transparent
pt,feudalismo,hy,ֆեոդալիզմ,altered
pt,fifa,hy,ֆիֆա-ի,transparent
pt,figurar,hy,ֆիգուր,altered
pt,filadélfia,hy,ֆիլադելֆիա,transparent
pt,filarmônica,hy,ֆիլհարմոնիա,transparent
pt,filipe,hy,ֆիլիպ,altered
pt,filme,hy,ֆիլմ,altered
pt,filósofo,hy,փիլիսոփա,altered
pt,financeiro,hy,ֆինանսական,transparent
pt,financiamento,hy,ֆինանսավորում,transparent
pt,financista,hy,ֆինանսիստ,transparent
pt,finanças,hy,ֆինանս,transparent
pt,finlândia,hy,ֆինլանդիա,altered
pt,firmar,hy,ֆիրմա,transparent
pt,fiscal,hy,ֆիսկալ,transparent
pt,fisicamente,hy,ֆիզիկապես,transparent
pt,fisiologia,hy,ֆիզիոլոգիա,transparent
pt,flash,hy,ֆլեշ,transparent
pt,flashmob,hy,ֆլեշմոբ,transparent
pt,flautar,hy,ֆլեյտա,altered
pt,florir,hy,ֆլորա,transparent
pt,florístico,hy,ֆլորիստիկական,altered
pt,flórido,hy,ֆլորիդա,transparent
pt,foco,hy,ֆոկուս,altered
pt,ford,hy,ֆորդ,transparent
pt,formal,hy,ֆորմալ,transparent
pt,formar,hy,ֆորմաներ,transparent
pt,formato,hy,ֆորմատ,altered
pt,forte,hy,ֆորտ,transparent
pt,fortuna,hy,ֆորտունա,transparent
pt,foto,hy,ֆոտո,transparent
pt,franco,hy,ֆրանկ,altered
pt,francês,hy,ֆրանսիական,altered
pt,frankfurt,hy,ֆրանկֆուրտ,transparent
pt,franklin,hy,ֆրանկլին,transparent
pt,frança,hy,ֆրանսիա,transparent
pt,frase,hy,ֆրազներ,transparent
pt,frustração,hy,ֆրուստրացիայի,altered
pt,funcional,hy,ֆունկցիոնալ,altered
pt,fundamental,hy,ֆունդամենտալ,transparent
pt,fundo,hy,ֆոնդ,altered
pt,função,hy,ֆունկցիա,transparent
pt,futebol,hy,ֆուտբոլ,altered
pt,futebolista,hy,ֆուտբոլիստ,transparent
pt,futsal,hy,ֆուտզալ,transparent
pt,fábrica,hy,ֆաբրիկա,transparent
pt,físico,hy,ֆիզիկական,altered
pt,fórmula,hy,ֆորմուլա,transparent
pt,fórum,hy,ֆորում,altered
pt,fósforo,hy,ֆոսֆոր,altered
pt,fóton,hy,ֆոտոն,transparent
pt,gabinete,hy,կաբինետ,altered
pt,gabriel,hy,գաբրիել,transparent
pt,gagarin,hy,գագարին,transparent
pt,galar,hy,գալա,transparent
pt,galáxia,hy,գալակտիկա,altered
pt,garagem,hy,գարաժ,altered
pt,gasoso,hy,գազային,altered
pt,gazeta,hy,գազետա,transparent
pt,gen,hy,գեն,transparent
pt,general,hy,գեներալ,transparent
pt,geneticamente,hy,գենետիկորեն,altered
pt,genoma,hy,գենոմի,transparent
pt,genérico,hy,ջեներիկ,altered
pt,genético,hy,գենետիկական,transparent
pt,gerador,hy,գեներատոր,altered
pt,germano,hy,գերման,altered
pt,germânico,hy,գերմանական,altered
pt,geórgia,hy,ջորջիա,altered
pt,ginecológico,hy,գինեկոլոգիական,transparent
pt,ginásio,hy,գիմնազիա,altered
pt,glaucoma,hy,գլաուկոմա,transparent
pt,glicose,hy,գլյուկոզ,altered
pt,global,hy,գլոբալ,transparent
pt,globalização,hy,գլոբալացում,transparent
pt,globo,hy,գլոբուս,altered
pt,glória,hy,գլորիա,transparent
pt,goethe,hy,գյոթե,altered
pt,gol,hy,գոլ,transparent
pt,golfe,hy,գոլֆ,altered
pt,golfinho,hy,դելֆին,altered
pt,googlar,hy,google-ը,transparent
pt,gramar,hy,գրամ,altered
pt,grammy,hy,գրեմմի,transparent
pt,grandioso,hy,գրանդիոզ,altered
pt,granito,hy,գրանիտ,altered
pt,grant,hy,գրանտ,transparent
pt,gripe,hy,գրիպ,transparent
pt,grupo,hy,գրուպ,transparent
pt,gráfico,hy,գրաֆիկ,transparent
pt,grão,hy,գրան,transparent
pt,guardião,hy,guardian-ը,altered
pt,gueto,hy,գետտո,altered
pt,guilherme,hy,ուիլյամ,altered
pt,guiné,hy,գվինեա,transparent
pt,guitarra,hy,կիթառ,altered
pt,gás,hy,գազ,transparent
pt,gêngis,hy,չինգիզ,altered
pt,gótico,hy,գոթական,altered
pt,hamilton,hy,համիլթոնը,transparent
pt,hamlet,hy,համլետ,transparent
pt,harmonia,hy,հարմոնիա,transparent
pt,harmônico,hy,հարմոնիկ,transparent
pt,haroldo,hy,հարոլդ,altered
pt,hebraico,hy,եբրայերեն,altered
pt,hectare,hy,հեկտար,altered
pt,helenístico,hy,հելլենիստական,transparent
pt,helsinque,hy,հելսինկյան,altered
pt,hemoglobina,hy,հեմոգլոբինի,transparent
pt,henrique,hy,հենրիկ,altered
pt,hepatite,hy,հեպատիտ,altered
pt,hermético,hy,հերմետիկ,transparent
pt,heroico,hy,հերոսական,altered
pt,heroína,hy,հերոին,transparent
pt,heroísmo,hy,հերոսություն,altered
pt,hertzog,hy,հերցոգ,transparent
pt,herói,hy,հերոս,altered
pt,hidroelétrica,hy,հիդրոէլեկտրակայան,altered
pt,hidrólise,hy,հիդրոլիզ,altered
pt,hierarquia,hy,հիերարխիա,transparent
pt,hieróglifo,hy,հիերոգլիֆներ,altered
pt,higiene,hy,հիգիենա,altered
pt,higiênico,hy,հիգիենիկ,transparent
pt,hinduísmo,hy,հինդուիզմ,altered
pt,hipótese,hy,հիպոթեզ,altered
pt,histeria,hy,հիստերիա,transparent
pt,histérico,hy,հիստերիկ,altered
pt,hitler,hy,հիտլեր,transparent
pt,holanda,hy,հոլանդիա,transparent
pt,holandês,hy,հոլանդացի,transparent
pt,holding,hy,հոլդինգ,transparent
pt,hollywood,hy,հոլիվուդ,transparent
pt,holocausto,hy,հոլոքոստ,altered
pt,holográfico,hy,հոլոգրաֆիկ,altered
pt,homossexual,hy,հոմոսեքսուալ,altered
pt,honorário,hy,հոնորար,altered
pt,hooligan,hy,խուլիգան,transparent
pt,hooliganismo,hy,խուլիգանություն,altered
pt,horizontal,hy,հորիզոնական,altered
pt,horizonte,hy,հորիզոն,altered
pt,horóscopo,hy,հորոսկոպ,altered
pt,hospital,hy,հոսպիտալ,transparent
pt,hotel,hy,հոթել,transparent
pt,humanismo,hy,հումանիզմ,altered
pt,humanista,hy,հումանիստ,altered
pt,humanitário,hy,հումանիտար,transparent
pt,humanístico,hy,հումանիստական,altered
pt,humor,hy,հումոր,transparent
pt,humorista,hy,հումորիստներ,transparent
pt,hungria,hy,հունգարիա,transparent
pt,hélio,hy,հելիում,altered
pt,híbrido,hy,հիբրիդային,altered
pt,hóquei,hy,հոկեյ,altered
pt,húmus,hy,հումուս,transparent
pt,húngaro,hy,հունգարական,altered
pt,ideal,hy,իդեալական,transparent
pt,idealismo,hy,իդեալիզմ,altered
pt,idealista,hy,իդեալիստական,altered
pt,ilegal,hy,անլեգալ,altered
pt,ilusão,hy,իլյուզիա,altered
pt,imitação,hy,իմիտացիա,altered
pt,impeachment,hy,իմպիչմենտ,transparent
pt,improvisação,hy,իմպրովիզացիաներ,altered
pt,impulso,hy,իմպուլս,altered
pt,imune,hy,իմուն,transparent
pt,imunidade,hy,իմունիտետ,altered
pt,incubação,hy,ինկուբացիոն,transparent
pt,indiano,hy,ինդիանա,transparent
pt,indonésio,hy,ինդոնեզիա,transparent
pt,industrial,hy,ինդուստրիալ,transparent
pt,indústria,hy,ինդուստրիալ,transparent
pt,inercial,hy,իներցիալ,transparent
pt,infarto,hy,ինֆարկտ,altered
pt,infecção,hy,ինֆեկցիա,transparent
pt,infeção,hy,ինֆեկցիա,altered
pt,inflação,hy,ինֆլյացիա,altered
pt,informação,hy,ինֆորմացիա,transparent
pt,informático,hy,ինֆորմատիկայի,transparent
pt,infravermelho,hy,ինֆրակարմիր,altered
pt,inibidor,hy,ինհիբիտորներ,altered
pt,inovação,hy,ինովացիոն,transparent
pt,instagram,hy,ինստագրամ,transparent
pt,institucional,hy,ինստիտուցիոնալ,transparent
pt,instituto,hy,ինստիտուտ,transparent
pt,insulina,hy,ինսուլին,altered
pt,integrar,hy,ինտեգրել,altered
pt,integração,hy,ինտեգրում,altered
pt,intelecto,hy,ինտելեկտ,altered
pt,intelectual,hy,ինտելեկտուալ,transparent
pt,intensivo,hy,ինտենսիվ,transparent
pt,inter,hy,ինտեր,transparent
pt,interativo,hy,ինտերակտիվ,altered
pt,internacional,hy,ինտերնացիոնալ,transparent
pt,internet,hy,ինտերնետ,transparent
pt,intervenção,hy,ինտերվենցիա,transparent
pt,intrigar,hy,ինտրիգ,altered
pt,introvertido,hy,ինտրովերտ,altered
pt,intuitivo,hy,ինտուիտիվ,transparent
pt,intuição,hy,ինտուիցիա,altered
pt,invasivo,hy,ինվազիվ,altered
pt,inércia,hy,իներցիա,transparent
pt,iodo,hy,յոդ,altered
pt,iogurte,hy,յոգուրտ,altered
pt,iphone,hy,iphone-ի,transparent
pt,iraniano,hy,իրանցի,altered
pt,iraque,hy,իրաք,altered
pt,irracional,hy,իռացիոնալ,altered
pt,irã,hy,իրան,transparent
pt,islamista,hy,իսլամիստ,transparent
pt,islandês,hy,իսլանդական,altered
pt,islândia,hy,իսլանդիա,altered
pt,islã,hy,իսլամ,altered
pt,isquêmico,hy,իշեմիկ,altered
pt,israel,hy,իսրայել,transparent
pt,israelita,hy,իսրայէլի,altered
pt,istambul,hy,ստամբուլ,altered
pt,isótopo,hy,իզոտոպ,altered
pt,italiano,hy,իտալացի,altered
pt,itália,hy,իտալիա,transparent
pt,iônico,hy,իոնային,altered
pt,jacob,hy,յակոբ,transparent
pt,james,hy,ջեյմս,transparent
pt,janeiro,hy,ժանեյրո,altered
pt,japão,hy,ճապոնիա,altered
pt,jarda,hy,յարդ,altered
pt,jargão,hy,ժարգոն,altered
pt,jazz,hy,ջազ,transparent
pt,jeans,hy,ջին,transparent
pt,jefferson,hy,ջեֆերսոն,transparent
pt,jersey,hy,ջերսիի,transparent
pt,jesus,hy,յիսուս,altered
pt,joel,hy,ջոել,transparent
pt,johnson,hy,ջոնսոն,transparent
pt,joker,hy,ջոկեր,transparent
pt,jon,hy,ջոն,transparent
pt,jordânia,hy,հորդանան,altered
pt,jornalismo,hy,ժուռնալիստիկա,altered
pt,jornalista,hy,ժուռնալիստ,altered
pt,josé,hy,ջոզեֆ,altered
pt,joyce,hy,ջոյսը,transparent
pt,jugoslávia,hy,հարավսլավիա,altered
pt,jung,hy,յունգը,transparent
pt,juventus,hy,յուվենտուս,transparent
pt,jóquei,hy,ջոկի,altered
pt,júlia,hy,ջուլիա,transparent
pt,júpiter,hy,յուպիտեր,transparent
pt,karate,hy,կարատե,transparent
pt,kasparov,hy,կասպարով,transparent
pt,kg,hy,կգ,transparent
pt,kiev,hy,կիև,transparent
pt,km,hy,կմ,transparent
pt,kosovo,hy,կոսովո,transparent
pt,kuwait,hy,քուվեյթ,transparent
pt,label,hy,լեյբլ,transparent
pt,labirinto,hy,լաբիրինթոս,transparent
pt,laboratório,hy,լաբորատորիա,altered
pt,lady,hy,լեդի,transparent
pt,lama,hy,լամա,transparent
pt,laranjo,hy,նարինջ,altered
pt,laser,hy,լազեր,transparent
pt,laura,hy,լաուրա,transparent
pt,lazer,hy,լազեր,transparent
pt,leal,hy,լոյալ,altered
pt,legendário,hy,լեգենդար,altered
pt,legionário,hy,լեգեոն,altered
pt,legitimidade,hy,լեգիտիմություն,altered
pt,legião,hy,լեգեոն,transparent
pt,legítimo,hy,լեգիտիմ,transparent
pt,leipzig,hy,լայպցիգ,transparent
pt,lenda,hy,լեգենդ,altered
pt,leonardo,hy,լեոնարդո,transparent
pt,leu,hy,լեւ,transparent
pt,libanês,hy,լիբանանյան,altered
pt,liberal,hy,լիբերալ,transparent
pt,liberalismo,hy,լիբերալիզմ,transparent
pt,licenciar,hy,լիցենզավորում,altered
pt,licença,hy,լիցենզիա,transparent
pt,lilith,hy,լիլիթ,transparent
pt,limão,hy,լիմոն,transparent
pt,linfócito,hy,լիմֆոցիտներ,altered
pt,lisboa,hy,լիսաբոն,transparent
pt,listar,hy,լիստ,transparent
pt,litro,hy,լիտր,altered
pt,liverpool,hy,լիվերպուլ,transparent
pt,lobby,hy,լոբի,transparent
pt,lobista,hy,լոբբիստական,altered
pt,local,hy,լոկալ,transparent
pt,logo,hy,լոգո,transparent
pt,logótipo,hy,լոգոտիպ,altered
pt,lopes,hy,լոպես,transparent
pt,lorde,hy,լորդ,altered
pt,loto,hy,լոտո,transparent
pt,lourenço,hy,լորեն,altered
pt,lucas,hy,լուկաս,transparent
pt,ludwig,hy,լյուդվիգ,transparent
pt,lugansk,hy,լուգանսկի,transparent
pt,luterano,hy,լյութերական,altered
pt,lux,hy,լյուքս,transparent
pt,luíza,hy,լուիզա,transparent
pt,lâmpada,hy,լամպ,altered
pt,léxico,hy,լեքսիկոն,transparent
pt,líbano,hy,լիբանան,altered
pt,líbio,hy,լիբիա,transparent
pt,lídio,hy,լիդիա,transparent
pt,lírico,hy,լիրիկական,altered
pt,lótus,hy,լոտոս,altered
pt,m,hy,մմ,transparent
pt,macarrão,hy,մակարոն,altered
pt,macedónio,hy,մակեդոնիա,transparent
pt,maconha,hy,մարիխուանա,altered
pt,macroeconômico,hy,մակրոտնտեսական,altered
pt,madagáscar,hy,մադագասկար,transparent
pt,madama,hy,մադամ,transparent
pt,madonna,hy,մադոննա,transparent
pt,madri,hy,մադրիդ,altered
pt,madrid,hy,մադրիդ,transparent
pt,maestro,hy,մաեստրո,transparent
pt,mafioso,hy,մաֆիոզ,altered
pt,magazine,hy,մագազին,transparent
pt,magistral,hy,մագիստրոսական,altered
pt,magistratura,hy,մագիստրատուրա,transparent
pt,magma,hy,մագմա,transparent
pt,magnésio,hy,մագնեզիում,altered
pt,magnético,hy,մագնիսական,altered
pt,mail,hy,mail-ը,transparent
pt,maio,hy,մայիս,transparent
pt,maionese,hy,մայոնեզ,altered
pt,malária,hy,մալարիա,transparent
pt,malásio,hy,մալայզիա,altered
pt,mamar,hy,մամա,transparent
pt,mamã,hy,մամա,transparent
pt,mandarim,hy,մանդարին,altered
pt,mandato,hy,մանդատ,altered
pt,mandela,hy,մանդելա,transparent
pt,mangar,hy,մանգա,transparent
pt,mango,hy,մանգո,transparent
pt,manipulação,hy,մանիպուլյացիա,altered
pt,manuel,hy,մանուել,transparent
pt,maradona,hy,մարադոնա,transparent
pt,maratona,hy,մարաթոն,transparent
pt,marco,hy,մարկոս,transparent
pt,marechal,hy,մարշալ,altered
pt,margarida,hy,մարգարիտա,altered
pt,marginal,hy,մարգինալ,transparent
pt,maria,hy,մարիա,transparent
pt,marketing,hy,մարքեթինգ,transparent
pt,marquês,hy,մարկիզ,altered
pt,marte,hy,մարս,transparent
pt,marxismo,hy,մարքսիզմ,altered
pt,marxista,hy,մարքսիստ,altered
pt,massachusetts,hy,մասաչուսեթս,altered
pt,massivo,hy,մասիվի,altered
pt,matemático,hy,մաթեմատիկա,transparent
pt,material,hy,մատերիալ,transparent
pt,materialismo,hy,մատերիալիզմ,altered
pt,matriz,hy,մատրիցի,transparent
pt,matéria,hy,մատերիայի,altered
pt,maximal,hy,մաքսիմալ,transparent
pt,maçom,hy,մասոններ,altered
pt,mecanicamente,hy,մեխանիկորեն,altered
pt,mecanismo,hy,մեխանիզմ,altered
pt,mecânico,hy,մեխանիկական,altered
pt,medalhar,hy,մեդալ,altered
pt,medalhão,hy,մեդալիոն,altered
pt,memorial,hy,մեմորիալ,transparent
pt,meningite,hy,մենինգիտ,altered
pt,menos,hy,մինուս,altered
pt,menu,hy,մենյու,transparent
pt,mercúrio,hy,մերկուրի,altered
pt,mestre,hy,մագիստրոս,altered
pt,metal,hy,մետաղ,transparent
pt,metalurgia,hy,մետալուրգիա,transparent
pt,metalúrgico,hy,մետալուրգիական,altered
pt,metodologia,hy,մեթոդիկա,altered
pt,metro,hy,մետր,transparent
pt,metropolitano,hy,մետրոպոլիտեն,altered
pt,metrô,hy,մետրո,transparent
pt,metástase,hy,մետաստազ,altered
pt,mexicano,hy,մեքսիկական,altered
pt,michelângelo,hy,միքելանջելո,altered
pt,micro,hy,միկրո,transparent
pt,microblog,hy,միկրոբլոգ,transparent
pt,microfone,hy,միկրոֆոն,transparent
pt,microrganismo,hy,միկրոօրգանիզմ,altered
pt,microsoft,hy,microsoft-ի,transparent
pt,micróbio,hy,միկրոբներ,altered
pt,migrante,hy,միգրանտ,transparent
pt,migração,hy,միգրացիա,altered
pt,migrânea,hy,միգրենի,altered
pt,miguel,hy,միխայել,altered
pt,mil,hy,միլ,transparent
pt,milhão,hy,միլիոն,transparent
pt,milionário,hy,միլիոնավոր,altered
pt,milícia,hy,միլիցիա,transparent
pt,milímetro,hy,միլիմետր,altered
pt,minarete,hy,մինարեթ,altered
pt,mineral,hy,միներալներ,transparent
pt,mini,hy,մինի,transparent
pt,minimal,hy,մինիմալ,transparent
pt,ministro,hy,մինիստր,altered
pt,ministério,hy,մինիստրություն,altered
pt,minsk,hy,մինսկ,transparent
pt,miranda,hy,միրանդա,transparent
pt,miss,hy,միսս,transparent
pt,missionário,hy,միսիոներ,altered
pt,mitral,hy,միտրալ,transparent
pt,mln,hy,մլն,transparent
pt,mmol,hy,մմոլ,transparent
pt,mobilizar,hy,մոբիլիզացնել,altered
pt,mobilização,hy,մոբիլիզացիա,altered
pt,moda,hy,մոդա,transparent
pt,modelar,hy,մոդելային,altered
pt,modelo,hy,մոդել,altered
pt,modem,hy,մոդեմ,transparent
pt,modernismo,hy,մոդեռնիզմ,altered
pt,modernista,hy,մոդեռնիստական,altered
pt,moderno,hy,մոդեռն,altered
pt,modificar,hy,մոդիֆիկացված,altered
pt,modificação,hy,մոդիֆիկացիա,transparent
pt,modus,hy,մոդուս,transparent
pt,molecular,hy,մոլեկուլային,altered
pt,molibdênio,hy,մոլիբդեն,altered
pt,molécula,hy,մոլեկուլ,transparent
pt,momento,hy,մոմենտ,altered
pt,mongol,hy,մոնղոլ,transparent
pt,monitor,hy,մոնիտոր,transparent
pt,monitoramento,hy,մոնիտորինգ,altered
pt,monolito,hy,մոնոլիտ,altered
pt,monopólio,hy,մոնոպոլիա,altered
pt,montagem,hy,մոնտաժ,altered
pt,monte,hy,մոնթե,transparent
pt,monumental,hy,մոնումենտալ,transparent
pt,monólito,hy,մոնոլիտ,altered
pt,monólogo,hy,մոնոլոգը,altered
pt,morgue,hy,մորգ,transparent
pt,moscou,hy,մոսկվա,transparent
pt,motivação,hy,մոտիվացիա,transparent
pt,motivo,hy,մոտիվ,transparent
pt,motocicleta,hy,մոտոցիկլետ,altered
pt,mozart,hy,մոցարտ,transparent
pt,multi,hy,մուլտի,transparent
pt,multimídia,hy,մուլտիմեդիա,transparent
pt,multiplicador,hy,մուլտիպլիկատոր,altered
pt,multiplicação,hy,մուլտիպլիկացիոն,altered
pt,mundial,hy,մունդիալ,transparent
pt,municipal,hy,մունիցիպալ,transparent
pt,municipalidade,hy,մունիցիպալիտետ,altered
pt,mussolini,hy,մուսոլինի,transparent
pt,mutante,hy,մուտանտ,altered
pt,mutação,hy,մուտացիա,altered
pt,muçulmano,hy,մուսուլման,altered
pt,máfia,hy,մաֆիա,transparent
pt,máquina,hy,մեքենա,transparent
pt,mármore,hy,մարմար,altered
pt,método,hy,մեթոդ,transparent
pt,méxico,hy,մեքսիկա,transparent
pt,mínimo,hy,մինիմալ,altered
pt,místico,hy,միստիկ,transparent
pt,módulo,hy,մոդուլներ,altered
pt,mórmon,hy,մորմոն,transparent
pt,mônaco,hy,մոնակո,transparent
pt,múmia,hy,մումիա,transparent
pt,músico,hy,մյուզիկ,altered
pt,nacionalismo,hy,նացիոնալիզմ,transparent
pt,nadal,hy,նադալը,transparent
pt,nadir,hy,նադիր,transparent
pt,napoleão,hy,նապոլեոն,transparent
pt,narcótico,hy,նարկոտիկ,altered
pt,nato,hy,նատօ-ի,altered
pt,navegação,hy,նավիգացիոն,transparent
pt,nazista,hy,նացիստ,altered
pt,negativo,hy,նեգատիվ,transparent
pt,negro,hy,նեգր,altered
pt,neptuno,hy,նեպտուն,altered
pt,nervo,hy,ներվի,altered
pt,neuronal,hy,նեյրոնային,altered
pt,neurótico,hy,նևրոտիկ,altered
pt,neurônio,hy,նեյրոն,altered
pt,neutrão,hy,նեյտրոն,altered
pt,newton,hy,նյուտոն,transparent
pt,nicolau,hy,նիկոլաս,altered
pt,nigéria,hy,նիգերիա,transparent
pt,ninja,hy,նինջա,transparent
pt,nobel,hy,նոբելյան,transparent
pt,nocaute,hy,նոկաուտ,altered
pt,norma,hy,նորմ,transparent
pt,normal,hy,նորմալ,transparent
pt,normando,hy,նորմանդական,altered
pt,normativo,hy,նորմատիվ,transparent
pt,noruega,hy,նորվեգիա,altered
pt,norueguês,hy,նորվեգական,altered
pt,nostalgia,hy,նոստալգիա,transparent
pt,notar,hy,նոտա,transparent
pt,notarial,hy,նոտարական,transparent
pt,notário,hy,նոտար,altered
pt,novelar,hy,նովելներ,altered
pt,novembro,hy,նոյեմբեր,transparent
pt,novo,hy,նովա,transparent
pt,obama,hy,օբամա,transparent
pt,objectivo,hy,օբյեկտիվ,transparent
pt,objetivamente,hy,օբյեկտիվորեն,transparent
pt,objetividade,hy,օբյեկտիվ,altered
pt,objetivo,hy,օբյեկտիվ,transparent
pt,objeto,hy,օբյեկտ,altered
pt,oceano,hy,օվկիանոս,altered
pt,oceânico,hy,օվկիանոսային,altered
pt,ocitocina,hy,օքսիտոցին,altered
pt,ocupação,hy,օկուպացիա,transparent
pt,odessa,hy,օդեսա,altered
pt,oficial,hy,օֆիցիալ,transparent
pt,oficina,hy,օֆիս,transparent
pt,oitavar,hy,օկտավա,altered
pt,oklahoma,hy,օկլահոմա,transparent
pt,oligarca,hy,օլիգարխ,altered
pt,oligarquia,hy,օլիգարխ,transparent
pt,olimpíada,hy,օլիմպիադա,transparent
pt,olivia,hy,օլիվիա,transparent
pt,olímpico,hy,օլիմպիական,altered
pt,ombudsman,hy,օմբուդսմեն,transparent
pt,ontário,hy,օնտարիո,transparent
pt,opel,hy,օպել,transparent
pt,operador,hy,օպերատոր,transparent
pt,operativo,hy,օպերատիվ,transparent
pt,operação,hy,օպերացիա,altered
pt,oral,hy,օրալ,transparent
pt,organismo,hy,օրգանիզմ,altered
pt,orgasmo,hy,օրգազմ,altered
pt,orgânico,hy,օրգանական,altered
pt,original,hy,օրիգինալ,transparent
pt,orquestrar,hy,օրկեստրի,altered
pt,ortopédico,hy,օրթոպեդիկ,altered
pt,otomano,hy,օսմանյան,altered
pt,outubro,hy,հոկտեմբեր,transparent
pt,oval,hy,օվալաձև,transparent
pt,oxford,hy,օքսֆորդ,transparent
pt,oxidação,hy,օքսիդացում,altered
pt,oásis,hy,օազիս,transparent
pt,paciente,hy,պացիենտ,transparent
pt,pacote,hy,փաթեթ,altered
pt,paliativo,hy,պալիատիվ,transparent
pt,palácio,hy,փալաս,altered
pt,panamá,hy,պանամա,transparent
pt,pandemia,hy,պանդեմիա,transparent
pt,panorama,hy,պանորամա,transparent
pt,panteão,hy,պանթեոն,transparent
pt,papal,hy,պապական,altered
pt,papiro,hy,պապիրուս,altered
pt,paradoxal,hy,պարադոքսալ,transparent
pt,paradoxo,hy,պարադոքս,altered
pt,paraguai,hy,պարագվայ,altered
pt,paranormal,hy,պարանորմալ,transparent
pt,paraquedas,hy,պարաշյուտ,altered
pt,parassimpático,hy,պարասիմպաթիկ,altered
pt,parkinson,hy,պարկինսոն,transparent
pt,parlamento,hy,պառլամենտ,altered
pt,parque,hy,պարկ,transparent
pt,parâmetro,hy,պարամետր,transparent
pt,passe,hy,պաս,transparent
pt,passivo,hy,պասիվ,transparent
pt,patriarca,hy,պատրիարք,altered
pt,patético,hy,պաթետիկ,transparent
pt,paulo,hy,պաուլ,altered
pt,pausar,hy,պաուզա,transparent
pt,pelé,hy,պելե,transparent
pt,pensilvânia,hy,փենսիլվանիա,altered
pt,pentágono,hy,պենտագոն,transparent
pt,penélope,hy,պենելոպե,transparent
pt,pepe,hy,պեպե,transparent
pt,perfil,hy,պրոֆիլը,altered
pt,persa,hy,պարսիկ,altered
pt,peru,hy,պերու,transparent
pt,petersburgo,hy,պետերբուրգ,altered
pt,petra,hy,պետրա,transparent
pt,petrogrado,hy,պետրոգրադում,transparent
pt,pi,hy,պի,transparent
pt,pico,hy,պիկը,transparent
pt,pietro,hy,պիետրո,transparent
pt,piloto,hy,պիլոտային,transparent
pt,pinguim,hy,պինգվինը,altered
pt,pioneiro,hy,պիոներ,transparent
pt,pizza,hy,պիցցա,altered
pt,plano,hy,պլան,altered
pt,plasmar,hy,պլազմա,transparent
pt,plataforma,hy,պլատֆորմ,transparent
pt,platinar,hy,պլատինե,altered
pt,platão,hy,պլատոն,altered
pt,playoff,hy,փլեյ-օֆֆ,transparent
pt,plus,hy,պլյուս,transparent
pt,plástico,hy,պլաստիկ,transparent
pt,poema,hy,պոեմ,transparent
pt,poesia,hy,պոեզիա,transparent
pt,poetar,hy,պոետ,altered
pt,polietileno,hy,պոլիէթիլենային,altered
pt,polir,hy,պոլիս,transparent
pt,politécnico,hy,պոլիտեխնիկական,altered
pt,polo,hy,պոլո,transparent
pt,polímero,hy,պոլիմեր,transparent
pt,pompa,hy,պոմպ,transparent
pt,pompeu,hy,պոմպեոսը,altered
pt,popular,hy,պոպուլյար,transparent
pt,população,hy,պոպուլյացիա,transparent
pt,populista,hy,պոպուլիստական,altered
pt,porno,hy,պոռնո,transparent
pt,pornografia,hy,պոռնոգրաֆիա,transparent
pt,pornô,hy,պոռնո,transparent
pt,portfólio,hy,պորտֆել,transparent
pt,porto,hy,պորտ,transparent
pt,portugal,hy,պորտուգալիա,transparent
pt,português,hy,պորտուգալացի,altered
pt,positivo,hy,պոզիտիվ,altered
pt,post,hy,պոստ,transparent
pt,postal,hy,փոստային,transparent
pt,potencial,hy,պոտենցիալ,transparent
pt,poético,hy,պոետիկ,transparent
pt,pragmático,hy,պրագմատիկ,altered
pt,pravda,hy,պրավդա,transparent
pt,praça,hy,պլազա,altered
pt,premier,hy,պրեմիեր,transparent
pt,première,hy,պրեմիերա,transparent
pt,preparar,hy,պրեպարատ,altered
pt,presidente,hy,պրեզիդենտ,altered
pt,primitivo,hy,պրիմիտիվ,transparent
pt,principal,hy,պրինցիպիալ,altered
pt,problema,hy,պրոբլեմ,transparent
pt,problemático,hy,պրոբլեմատիկ,transparent
pt,processador,hy,պրոցեսոր,altered
pt,processo,hy,պրոցես,altered
pt,produtivo,hy,պրոդուկտիվ,transparent
pt,produto,hy,պրոդուկտ,transparent
pt,produtor,hy,պրոդյուսեր,altered
pt,prof,hy,պրոֆ,transparent
pt,professor,hy,պրոֆեսոր,altered
pt,profilático,hy,պրոֆիլակտիկ,altered
pt,profissional,hy,պրոֆեսիոնալ,altered
pt,profissionalismo,hy,պրոֆեսիոնալիզմ,altered
pt,progressivo,hy,պրոգրեսիվ,altered
pt,progresso,hy,պրոգրես,altered
pt,projeto,hy,պրոյեկտ,altered
pt,proletariado,hy,պրոլետարիատ,altered
pt,proletário,hy,պրոլետարական,altered
pt,propaganda,hy,պրոպագանդա,transparent
pt,protagonista,hy,պրոտագոնիստ,transparent
pt,proteína,hy,պրոտեինի,altered
pt,protocolo,hy,պրոտոկոլ,transparent
pt,província,hy,պրովինցիա,transparent
pt,prussiano,hy,պրուսական,altered
pt,prático,hy,պրակտիկա,transparent
pt,prêmio,hy,պրեմիում,altered
pt,prótese,hy,պրոթեզ,transparent
pt,próton,hy,պրոտոն,transparent
pt,prússia,hy,պրուսիա,altered
pt,pulso,hy,պուլսը,transparent
pt,pôquer,hy,պոկեր,altered
pt,quarentenar,hy,կարանտին,altered
pt,quilo,hy,կիլո,altered
pt,quilograma,hy,կիլոգրամ,altered
pt,quilómetro,hy,կիլոմետր,altered
pt,quimioterapia,hy,քիմիոթերապիա,transparent
pt,quota,hy,քվոտաներ,transparent
pt,químico,hy,քիմիական,altered
pt,quórum,hy,քվորումն,transparent
pt,rabi,hy,ռաբբի,transparent
pt,rabino,hy,ռաբիս,altered
pt,racional,hy,ռացիոնալ,transparent
pt,racismo,hy,ռասիզմ,altered
pt,racista,hy,ռասիստական,altered
pt,radar,hy,ռադարներ,transparent
pt,radical,hy,ռադիկալ,transparent
pt,radioativo,hy,ռադիոակտիվ,transparent
pt,rafael,hy,ռաֆայել,transparent
pt,ramón,hy,ռամոն,transparent
pt,raquete,hy,ռակետ,altered
pt,reactor,hy,ռեակտոր,transparent
pt,real,hy,ռեալ,transparent
pt,realidade,hy,ռեալիթի,altered
pt,realismo,hy,ռեալիզմ,altered
pt,realistar,hy,ռեալիստական,altered
pt,reativo,hy,ռեակտիվ,altered
pt,reator,hy,ռեակտոր,altered
pt,reação,hy,ռեակցիա,transparent
pt,receptor,hy,ռեցեպտորներ,altered
pt,recorde,hy,ռեկորդ,altered
pt,recreação,hy,ռեկրեացիոն,transparent
pt,recurso,hy,ռեսուրս,altered
pt,refinanciamento,hy,վերաֆինանսավորում,altered
pt,reflexo,hy,ռեֆլեքսներ,altered
pt,reformar,hy,ռեֆորմ,altered
pt,regime,hy,ռեժիմ,altered
pt,regional,hy,ռեգիոնալ,transparent
pt,registro,hy,ռեգիստր,altered
pt,região,hy,ռեգիոն,transparent
pt,reitor,hy,ռեկտոր,altered
pt,relevo,hy,ռելիեֆ,altered
pt,repertório,hy,ռեպերտուար,altered
pt,reportagem,hy,ռեպորտաժ,altered
pt,reservar,hy,ռեզերվ,altered
pt,residente,hy,ռեզիդենտ,altered
pt,ressonante,hy,ռեզոնանսային,altered
pt,ressonância,hy,ռեզոնանսի,altered
pt,restaurante,hy,ռեստորան,altered
pt,retor,hy,ռեկտոր,altered
pt,retro,hy,ռետրո,transparent
pt,retórico,hy,հռետորական,altered
pt,ricardo,hy,ռիչարդ,transparent
pt,rift,hy,rift-ը,transparent
pt,riga,hy,ռիգա,transparent
pt,rihanna,hy,ռիհաննա,transparent
pt,ring,hy,ռինգ,transparent
pt,risco,hy,ռիսկ,transparent
pt,ritmo,hy,ռիթմ,altered
pt,river,hy,ռիվեր,transparent
pt,roberto,hy,ռոբերտ,altered
pt,robinson,hy,ռոբինսոն,transparent
pt,robô,hy,ռոբոտ,altered
pt,rock,hy,ռոք,transparent
pt,rodolfo,hy,ռուդոլֆ,altered
pt,roma,hy,ռոմա,transparent
pt,romance,hy,ռոման,transparent
pt,romantismo,hy,ռոմանտիզմ,transparent
pt,romeu,hy,ռոմեո,altered
pt,romântico,hy,ռոմանտիկ,altered
pt,ronaldo,hy,ռոնալդո,transparent
pt,rosar,hy,ռոզա,transparent
pt,rostov,hy,ռոստով,transparent
pt,rotavírus,hy,ռոտավիրուսային,altered
pt,rubi,hy,ռուբի,transparent
pt,rubik,hy,ռուբիկ,transparent
pt,rublo,hy,ռուբլի,altered
pt,russo,hy,ռուսական,transparent
pt,rádio,hy,ռադիո,transparent
pt,rítmico,hy,ռիթմիկ,altered
pt,rúgbi,hy,ռեգբի,altered
pt,saladino,hy,սալադինը,altered
pt,salmo,hy,սաղմոս,altered
pt,salmão,hy,սաղմոն,altered
pt,salvador,hy,սալվադոր,transparent
pt,salão,hy,սալոն,transparent
pt,samba,hy,սամբա,transparent
pt,sanduíche,hy,սենդվիչ,altered
pt,sandália,hy,սանդալներ,altered
pt,sanitário,hy,սանիտարական,altered
pt,santiago,hy,սանտիագո,transparent
pt,santo,hy,սանտ,altered
pt,sanção,hy,սանկցիա,altered
pt,satanás,hy,սատանա,altered
pt,saturno,hy,սատուրնի,altered
pt,satã,hy,սատանա,altered
pt,sauna,hy,սաունա,transparent
pt,sazonal,hy,սեզոնային,altered
pt,schubert,hy,շուբերտ,transparent
pt,schwarzenegger,hy,շվարցենեգեր,transparent
pt,sebastião,hy,սեբաստիան,altered
pt,sector,hy,սեկտոր,transparent
pt,seda,hy,սեդա,transparent
pt,seleção,hy,սելեկցիոն,altered
pt,selfie,hy,սելֆի,transparent
pt,semente,hy,սերմ,transparent
pt,seminário,hy,սեմինար,altered
pt,senado,hy,սենատ,altered
pt,senador,hy,սենատոր,transparent
pt,senhor,hy,սենոր,altered
pt,sensação,hy,սենսացիա,altered
pt,sensorial,hy,սենսորային,altered
pt,sentimental,hy,սենտիմենտալ,transparent
pt,ser,hy,սեր,transparent
pt,serenata,hy,սերենադ,altered
pt,serial,hy,սերիալ,transparent
pt,serra,hy,սիերա,altered
pt,servidor,hy,սերվեր,altered
pt,serviço,hy,սերվիս,altered
pt,setembro,hy,սեպտեմբեր,altered
pt,sexismo,hy,սեքսիզմ,altered
pt,sexo,hy,սեքս,altered
pt,sexual,hy,սեքսուալ,transparent
pt,shakespeare,hy,շեքսպիր,altered
pt,shiraz,hy,շիրազի,altered
pt,show,hy,շոու,transparent
pt,si,hy,սի,transparent
pt,siberiano,hy,սիբիրյան,altered
pt,sicília,hy,սիցիլիա,transparent
pt,silicone,hy,սիլիկոնե,transparent
pt,silva,hy,սիլվա,transparent
pt,simeão,hy,սիմեոն,altered
pt,simpático,hy,սիմպաթիկ,transparent
pt,simpósio,hy,սիմպոզիում,altered
pt,simão,hy,սիմոն,altered
pt,simétrico,hy,սիմետրիկ,altered
pt,sinal,hy,սիգնալ,altered
pt,sinfonia,hy,սիմֆոնիա,transparent
pt,sinfônico,hy,սիմֆոնիկ,transparent
pt,singapura,hy,սինգապուր,altered
pt,single,hy,սինգլ,transparent
pt,sintoma,hy,սիմպտոմներ,altered
pt,sintético,hy,սինթետիկ,altered
pt,sinusoidal,hy,սինուսային,altered
pt,sionista,hy,սիոնիստական,transparent
pt,sistema,hy,սիստեմ,transparent
pt,sistemático,hy,սիստեմատիկ,transparent
pt,smartphone,hy,սմարթֆոն,transparent
pt,smith,hy,սմիթ,transparent
pt,social,hy,սոցիալական,altered
pt,socialismo,hy,սոցիալիզմ,transparent
pt,socialista,hy,սոցիալիստ,transparent
pt,sociologia,hy,սոցիոլոգիա,transparent
pt,sociológico,hy,սոցիոլոգիական,altered
pt,sociólogo,hy,սոցիոլոգ,transparent
pt,soda,hy,սոդա,transparent
pt,sofia,hy,սոֆյա,transparent
pt,soja,hy,սոյայի,altered
pt,sol,hy,սոլ,transparent
pt,solo,hy,սոլո,transparent
pt,somali,hy,սոմալի,transparent
pt,soro,hy,սերո,altered
pt,spa,hy,սպա,transparent
pt,spartaco,hy,սպարտակ,altered
pt,stanley,hy,սթենլի,altered
pt,start,hy,ստարտ,transparent
pt,startup,hy,ստարտափ,transparent
pt,status,hy,ստատուս,transparent
pt,stone,hy,սթոուն,altered
pt,stop,hy,ստոպ,transparent
pt,stálin,hy,ստալին,altered
pt,subjetivar,hy,սուբյեկտիվ,transparent
pt,subsidiar,hy,սուբսիդավորել,altered
pt,subsídio,hy,սուբսիդիա,altered
pt,sullivan,hy,սալիվանը,transparent
pt,sultanato,hy,սուլթանական,altered
pt,sultão,hy,սուլթան,altered
pt,super,hy,սուպեր,transparent
pt,supermercado,hy,սուպերմարկետ,altered
pt,surrealista,hy,սյուրռեալիստական,altered
pt,susana,hy,սուսաննա,altered
pt,sushi,hy,սուշի,transparent
pt,swift,hy,սվիֆթ,transparent
pt,sânscrito,hy,սանսկրիտ,altered
pt,série,hy,սերիա,altered
pt,sérvio,hy,սերբ,altered
pt,sílvia,hy,սիլվիա,transparent
pt,símbolo,hy,սիմվոլ,altered
pt,síndrome,hy,սինդրոմ,altered
pt,síntese,hy,սինթեզ,altered
pt,sírio,hy,սիրիա,altered
pt,sísmico,hy,սեյսմիկ,altered
pt,sócrates,hy,սոկրատեսը,transparent
pt,tabu,hy,տաբու,transparent
pt,tailândia,hy,թաիլանդ,transparent
pt,taiwan,hy,թայվան,transparent
pt,tajiquistão,hy,տաջիկստան,altered
pt,talismã,hy,թալիսման,altered
pt,tallinn,hy,տալլին,altered
pt,tango,hy,տանգո,transparent
pt,tanque,hy,տանկ,altered
pt,tarifa,hy,տարիֆներ,transparent
pt,taxista,hy,տաքսիստ,altered
pt,tchecoslováquia,hy,չեխոսլովակիա,altered
pt,teatro,hy,թատրոն,transparent
pt,tecnicamente,hy,տեխնիկապես,altered
pt,tecnologia,hy,տեխնոլոգիա,transparent
pt,tecnológico,hy,տեխնոլոգիական,transparent
pt,tecnólogo,hy,տեխնոլոգ,altered
pt,telefone,hy,տելեֆոն,transparent
pt,tempo,hy,տեմպ,transparent
pt,temático,hy,թեմատիկ,transparent
pt,tendência,hy,տենդենց,altered
pt,tenista,hy,թենիսիստ,altered
pt,teorema,hy,թեորեմ,transparent
pt,terapeuta,hy,թերապևտ,altered
pt,terapia,hy,թերապիա,transparent
pt,terapêutico,hy,թերապևտիկ,transparent
pt,teresa,hy,թերեզա,transparent
pt,terminal,hy,տերմին,transparent
pt,termodinâmico,hy,թերմոդինամիկական,altered
pt,território,hy,տերիտորիա,altered
pt,terrorismo,hy,տեռորիզմ,altered
pt,terrorista,hy,տեռորիստ,altered
pt,tese,hy,թեզ,altered
pt,teste,hy,թեստ,altered
pt,testosterona,hy,տեստոստերոնի,altered
pt,texto,hy,տեքստ,altered
pt,ticiano,hy,տիցիանի,altered
pt,tipo,hy,տիպ,transparent
pt,tique,hy,տիկ,transparent
pt,titânico,hy,տիտանիկ,altered
pt,titã,hy,տիտան,altered
pt,tom,hy,տոն,transparent
pt,tomo,hy,թոմ,transparent
pt,tomás,hy,տոմաշ,altered
pt,tonelada,hy,տոննայի,altered
pt,toronto,hy,տորոնտոյի,transparent
pt,total,hy,տոտալ,transparent
pt,totalitário,hy,տոտալիտար,altered
pt,trailer,hy,թրեյլեր,transparent
pt,trans,hy,տրանս,transparent
pt,transcrição,hy,տրանսկրիպցիայի,altered
pt,transferência,hy,տրանսֆեր,altered
pt,transformação,hy,տրանսֆորմացիոն,transparent
pt,transgênero,hy,տրանսգենդեր,transparent
pt,transportador,hy,տրանսպորտային,altered
pt,transporte,hy,տրանսպորտ,altered
pt,transportável,hy,տրանսպորտային,altered
pt,trator,hy,տրակտոր,altered
pt,trauma,hy,տրավմա,altered
pt,traumático,hy,հետտրավմատիկ,altered
pt,tribunal,hy,տրիբունալ,transparent
pt,trilião,hy,տրիլիոն,altered
pt,trio,hy,տրիո,transparent
pt,troiano,hy,տրոյական,altered
pt,tropical,hy,տրոպիկական,altered
pt,trágico,hy,տրագիկ,transparent
pt,tsunami,hy,ցունամի,transparent
pt,tuberculose,hy,տուբերկուլյոզ,altered
pt,tumor,hy,թումո,altered
pt,turco,hy,թուրք,altered
pt,turim,hy,տորինոյի,altered
pt,turismo,hy,տուրիզմ,altered
pt,turista,hy,տուրիստ,transparent
pt,turístico,hy,տուրիստական,altered
pt,tática,hy,տակտիկա,transparent
pt,tático,hy,տակտիկական,altered
pt,táxi,hy,տաքսի,transparent
pt,técnico,hy,տեխնիկական,altered
pt,ténis,hy,թենիս,transparent
pt,têxtil,hy,տեքստիլ,transparent
pt,típico,hy,տիպիկ,transparent
pt,título,hy,տիտղոս,altered
pt,tóquio,hy,տոկիո,altered
pt,tóxico,hy,տոքսիկ,altered
pt,tônico,hy,տոնիկ,transparent
pt,ucraniano,hy,ուկրաինացի,altered
pt,ucrânia,hy,ուկրաինա,transparent
pt,uefa,hy,ուեֆա,transparent
pt,uganda,hy,ուգանդա,transparent
pt,ultrassônico,hy,ուլտրաձայնային,altered
pt,universal,hy,ունիվերսալ,transparent
pt,uruguai,hy,ուրուգվայ,altered
pt,uzbequistão,hy,ուզբեկստան,altered
pt,uísque,hy,վիսկի,altered
pt,vagão,hy,վագոն,transparent
pt,valentim,hy,վալենտին,altered
pt,valsa,hy,վալս,altered
pt,valência,hy,վալենսիա,altered
pt,vampiro,hy,վամպիր,altered
pt,vandalismo,hy,վանդալիզմ,transparent
pt,vanguarda,hy,ավանգարդ,altered
pt,vassalo,hy,վասալ,altered
pt,vaticano,hy,վատիկան,altered
pt,vegetativo,hy,վեգետատիվ,transparent
pt,vegetação,hy,վեգետացիայի,altered
pt,veneziano,hy,վենետիկ,altered
pt,venezuela,hy,վենեսուելա,transparent
pt,verbal,hy,վերբալ,transparent
pt,versão,hy,վերսիա,altered
pt,verónica,hy,վերոնիկա,transparent
pt,verônica,hy,վերոնիկա,altered
pt,veterano,hy,վետերան,transparent
pt,vetor,hy,վեկտոր,transparent
pt,vetorial,hy,վեկտորական,altered
pt,via,hy,վիա,transparent
pt,vibração,hy,վիբրացիայի,altered
pt,viena,hy,վիեննա,altered
pt,vienense,hy,վիեննական,altered
pt,vietnamita,hy,վիետնամական,altered
pt,vietnã,hy,վիետնամ,altered
pt,viking,hy,վիկինգ,transparent
pt,vila,hy,վիլլա,altered
pt,viral,hy,վիրուսային,altered
pt,virgínia,hy,վիրջինիայի,transparent
pt,virtual,hy,վիրտուալ,transparent
pt,virtuoso,hy,վիրտուոզ,altered
pt,visual,hy,վիզուալ,transparent
pt,vitamina,hy,վիտամին,altered
pt,vitória,hy,վիկտորիա,altered
pt,vivendi,hy,վիվենդի,transparent
pt,vivo,hy,վիվա,transparent
pt,vizir,hy,վեզիր,altered
pt,vocal,hy,վոկալ,transparent
pt,vocalista,hy,վոկալիստ,transparent
pt,voleibol,hy,վոլեյբոլ,altered
pt,vácuo,hy,վակուում,altered
pt,vídeo,hy,վիդեո,transparent
pt,vírus,hy,վիրուս,transparent
pt,vítor,hy,վիկտոր,altered
pt,washington,hy,վաշինգտոն,transparent
pt,web,hy,վեբ,transparent
pt,wikimedia,hy,վիքիմեդիա,transparent
pt,wikipedia,hy,վիքիպեդիա,transparent
pt,wikipédia,hy,վիքիպեդիա,transparent
pt,williams,hy,ուիլյամ,transparent
pt,winchester,hy,վինչեստերներ,transparent
pt,xangai,hy,շանհայ,altered
pt,xerife,hy,շերիֆ,altered
pt,yoga,hy,յոգա,transparent
pt,youtube,hy,youtube-ը,transparent
pt,zelândia,hy,զելանդիա,altered
pt,zero,hy,զրո,altered
pt,zinco,hy,ցինկ,altered
pt,zona,hy,զոնա,transparent
pt,zuckerberg,hy,ցուկերբերգ,transparent
pt,zumbi,hy,զոմբի,altered
pt,zênite,hy,զենիթ,transparent
pt,áfrico,hy,աֆրիկա,transparent
pt,ágata,hy,ագաթ,altered
pt,álbum,hy,ալբոմ,transparent
pt,álcool,hy,ալկոհոլ,transparent
pt,árabe,hy,արաբական,altered
pt,ártico,hy,արկտիկական,transparent
pt,ásia,hy,ասիա,transparent
pt,átomo,hy,ատոմ,transparent
pt,áudio,hy,աուդիո,transparent
pt,áustria,hy,ավստրիա,altered
pt,ângela,hy,անժելա,transparent
pt,ébola,hy,էբոլա,transparent
pt,épico,hy,էպիկական,transparent
pt,éter,hy,եթեր,transparent
pt,ético,hy,էթիկա,transparent
pt,étnico,hy,էթնիկ,transparent
pt,íon,hy,իոն,transparent
pt,ópera,hy,օպերա,transparent
pt,óptico,hy,օպտիկական,altered
pt,órgão,hy,օրգան,altered
pt,ótimo,hy,օպտիմալ,altered
pt,óxido,hy,օքսիդի,altered
pt,único,hy,ունիկալ,altered
