receiver_lang,receiver_word,donor_lang,donor_word,class
hy,աբել,ru,абель,transparent
hy,աբելյանի,ru,абелев,altered
hy,աբխազիա,ru,абхазия,transparent
hy,աբխազներ,ru,абхаз,altered
hy,աբորտ,ru,аборт,transparent
hy,աբսուրդ,ru,абсурд,transparent
hy,ագաթ,ru,агат,transparent
hy,ագրեգատներ,ru,агрегат,altered
hy,ագրեսիա,ru,агрессия,altered
hy,ագրեսիվ,ru,агрессивный,transparent
hy,ադամ,ru,адам,transparent
hy,ադապտացիա,ru,адаптация,transparent
hy,ադապտացվել,ru,адаптировать,transparent
hy,ադեկվատ,ru,адекватный,transparent
hy,ադմինիստրատիվ,ru,административный,altered
hy,ադմինիստրատոր,ru,администратор,altered
hy,ադմինիստրացիա,ru,администрация,transparent
hy,ազոտ,ru,азот,transparent
hy,ազոտական,ru,азотный,altered
hy,աթեիզմ,ru,атеизм,transparent
hy,աթեիստ,ru,атеист,transparent
hy,աթերոսկլերոզ,ru,атеросклероз,transparent
hy,աթլետիկա,ru,атлетика,transparent
hy,ալբանիա,ru,албания,transparent
hy,ալբոմ,ru,альбом,transparent
hy,ալգորիթմ,ru,алгоритм,transparent
hy,ալերգեններ,ru,аллерген,transparent
hy,ալերգիա,ru,аллергия,transparent
hy,ալերգիկ,ru,аллергический,altered
hy,ալեքսանդր,ru,александр,altered
hy,ալեքսանդրա,ru,александр,transparent
hy,ալեքսեյ,ru,алексей,transparent
hy,ալիեւ,ru,алиев,transparent
hy,ալինա,ru,алина,transparent
hy,ալկոհոլ,ru,алкоголь,transparent
hy,ալկոհոլային,ru,алкогольный,altered
hy,ալկոհոլիզմ,ru,алкоголизм,transparent
hy,ալմանախ,ru,альманах,transparent
hy,ալյասկայի,ru,аляска,transparent
hy,ալումյան,ru,алюминий,altered
hy,ալտերնատիվ,ru,альтернатива,altered
hy,ալֆա,ru,альфа,altered
hy,ակադեմիա,ru,академия,transparent
hy,ակադեմիական,ru,академический,altered
hy,ակադեմիկոս,ru,академик,transparent
hy,ակուստիկ,ru,акустический,altered
hy,ակվարիում,ru,аквариум,transparent
hy,ակտ,ru,акт,transparent
hy,ակտիվ,ru,активный,transparent
hy,ակտիվանալ,ru,активировать,altered
hy,ակտիվացել,ru,активация,altered
hy,ակտիվացնել,ru,активировать,altered
hy,ակտիվիստ,ru,активист,transparent
hy,ակտիվություն,ru,активность,altered
hy,ակտուալ,ru,актуальный,altered
hy,ակցենտով,ru,акцент,transparent
hy,ակցիա,ru,акция,transparent
hy,ամբիցիա,ru,амбиция,transparent
hy,ամբուլատոր,ru,амбулаторный,transparent
hy,ամենասեքսուալ,ru,сексуальный,altered
hy,ամինաթթու,ru,аминокислота,altered
hy,ամոնիակի,ru,аммиак,altered
hy,ամունդսենի,ru,амундсен,transparent
hy,ամստերդամ,ru,амстердам,transparent
hy,այնշտայն,ru,эйнштейн,altered
hy,անալիզ,ru,анализ,transparent
hy,անալիտիկ,ru,аналитический,altered
hy,անաստասիա,ru,анастасия,altered
hy,անատոլի,ru,анатолий,altered
hy,անատոմիա,ru,анатомия,transparent
hy,անատոմիական,ru,анатомический,altered
hy,անդրեյ,ru,андрей,transparent
hy,անեկդոտ,ru,анекдот,transparent
hy,անիմացիա,ru,анимация,altered
hy,անիմացիոն,ru,анимация,altered
hy,անոմալիա,ru,аномалия,transparent
hy,անսամբլ,ru,ансамбль,transparent
hy,անտարկտիդա,ru,антарктида,transparent
hy,անտենան,ru,антенна,altered
hy,անտոն,ru,антон,transparent
hy,աորտա,ru,аорта,transparent
hy,աուդիո,ru,аудио,transparent
hy,աուդիտ,ru,аудит,transparent
hy,աուտիզմ,ru,аутизм,transparent
hy,աուտոիմուն,ru,аутоиммунный,altered
hy,ապարատ,ru,аппарат,transparent
hy,ապրիլ,ru,апрель,transparent
hy,ապրիլյան,ru,апрель,altered
hy,առնոլդ,ru,арнольд,transparent
hy,ասթմա,ru,астма,transparent
hy,ասիա,ru,азия,altered
hy,ասիմետրիկ,ru,асимметричный,altered
hy,ասիստենտ,ru,ассистент,transparent
hy,ասոցացիա,ru,ассоциация,altered
hy,ասոցացնել,ru,ассоциировать,altered
hy,ասոցացում,ru,ассоциация,altered
hy,ասոցացվել,ru,ассоциировать,altered
hy,ասոցիատիվ,ru,ассоциативный,altered
hy,ասոցիացիա,ru,ассоциация,altered
hy,ասպեկտ,ru,аспект,transparent
hy,ասպիրանտ,ru,аспирант,transparent
hy,ասպիրանտուրա,ru,аспирантура,transparent
hy,աստանա,ru,астана,transparent
hy,աստանայի,ru,астана,transparent
hy,աստրախան,ru,астрахань,transparent
hy,ասֆալտ,ru,асфальт,transparent
hy,ասֆալտապատում,ru,асфальт,altered
hy,ավանգարդ,ru,авангард,transparent
hy,ավգուստ,ru,август,transparent
hy,ավիացիա,ru,авиация,transparent
hy,ավստրալիա,ru,австралия,transparent
hy,ավստրիա,ru,австрия,altered
hy,ավտո,ru,авто,transparent
hy,ավտոբուս,ru,автобус,transparent
hy,ավտոմատ,ru,автомат,transparent
hy,ավտոմատացնել,ru,автоматизировать,altered
hy,ավտոմատացում,ru,автоматизация,altered
hy,ավտոմոբիլ,ru,автомобиль,transparent
hy,ավտորիտար,ru,авторитарный,transparent
hy,ատեստատ,ru,аттестат,transparent
hy,ատլանտյան,ru,атлантический,altered
hy,ատլետիկա,ru,атлетика,transparent
hy,ատոմակայան,ru,атомный,altered
hy,ատոմային,ru,атомный,altered
hy,ատրիբուտ,ru,атрибут,transparent
hy,արաբ,ru,араб,transparent
hy,արաբական,ru,арабский,altered
hy,արարատ,ru,арарат,transparent
hy,արգենտինա,ru,аргентина,transparent
hy,արգենտինացի,ru,аргентинец,altered
hy,արգո,ru,арго,transparent
hy,արգումենտ,ru,аргумент,transparent
hy,արենա,ru,арена,transparent
hy,արթուր,ru,артур,transparent
hy,արիական,ru,арийский,transparent
hy,արիզոնա,ru,аризона,transparent
hy,արիստոկրատ,ru,аристократ,transparent
hy,արիստոտել,ru,аристотель,altered
hy,արխիվ,ru,архив,transparent
hy,արխիվային,ru,архивный,altered
hy,արմենիա,ru,армения,altered
hy,արոմատիկ,ru,ароматический,altered
hy,արսենալ,ru,арсенал,transparent
hy,արտելը,ru,артель,transparent
hy,արտեմ,ru,артём,transparent
hy,արտիստ,ru,артист,transparent
hy,արտյոմ,ru,артём,transparent
hy,արքեպիսկոպոս,ru,архиепископ,altered
hy,ացետոն,ru,ацетон,altered
hy,ացտեկներ,ru,ацтек,transparent
hy,աֆղանական,ru,афганский,altered
hy,աֆորիզմը,ru,афоризм,transparent
hy,աֆրիկա,ru,африка,transparent
hy,աֆրիկյան,ru,африканский,altered
hy,աֆրոամերիկացի,ru,афроамериканец,altered
hy,բաբելոնյան,ru,вавилонский,altered
hy,բազա,ru,база,transparent
hy,բազալտ,ru,базальт,transparent
hy,բազարը,ru,базар,transparent
hy,բալ,ru,бал,transparent
hy,բալանսավորված,ru,сбалансированный,altered
hy,բալետ,ru,балет,transparent
hy,բալետային,ru,балетный,transparent
hy,բալիստիկ,ru,баллистический,altered
hy,բալկանյան,ru,балканский,altered
hy,բակալավր,ru,бакалавр,transparent
hy,բակտերիալ,ru,бактерия,transparent
hy,բաղդադ,ru,багдад,transparent
hy,բամբուկ,ru,бамбук,transparent
hy,բանան,ru,банан,transparent
hy,բանգլադեշ,ru,бангладеш,transparent
hy,բանկ,ru,банк,transparent
hy,բանկիր,ru,банкир,transparent
hy,բանկոմատ,ru,банкомат,transparent
hy,բավարիա,ru,бавария,transparent
hy,բար,ru,бар,transparent
hy,բարբարա,ru,барбара,transparent
hy,բարիկադ,ru,баррикада,altered
hy,բարիտոն,ru,баритон,transparent
hy,բարոկկո,ru,барокко,altered
hy,բարոն,ru,барон,transparent
hy,բելայա,ru,белый,transparent
hy,բելառուս,ru,беларусь,altered
hy,բելգիա,ru,бельгия,altered
hy,բեյսբոլ,ru,бейсбол,transparent
hy,բենզին,ru,бензин,transparent
hy,բեռլին,ru,берлин,transparent
hy,բետա,ru,бета,transparent
hy,բետոն,ru,бетон,transparent
hy,բետոնե,ru,бетон,transparent
hy,բիզնեսմեն,ru,бизнесмен,transparent
hy,բիզոն,ru,бизон,transparent
hy,բիլ,ru,билл,altered
hy,բիստրո,ru,бистро,transparent
hy,բլեյք,ru,блейк,altered
hy,բլեֆ,ru,блеф,transparent
hy,բլոգ,ru,блог,transparent
hy,բլոկ,ru,блок,transparent
hy,բլոկնոտ,ru,блокнот,transparent
hy,բյուջետային,ru,бюджетный,altered
hy,բյուրո,ru,бюро,transparent
hy,բյուրոկրատիա,ru,бюрократия,transparent
hy,բոգդան,ru,богдан,transparent
hy,բոլիվիա,ru,боливия,transparent
hy,բոլշևիկ,ru,большевик,transparent
hy,բոլշևիկյան,ru,большевик,altered
hy,բոլոնիա,ru,болонья,altered
hy,բոմբ,ru,бомба,altered
hy,բոմժ,ru,бомж,transparent
hy,բոյկոտ,ru,бойкот,transparent
hy,բոյկոտել,ru,бойкотировать,altered
hy,բոնդ,ru,бонд,transparent
hy,բոնուս,ru,бонус,transparent
hy,բոնուսներ,ru,бонус,transparent
hy,բոուլինգ,ru,боулинг,transparent
hy,բոսնիա,ru,босния,transparent
hy,բոստոն,ru,бостон,transparent
hy,բորշը,ru,борщ,transparent
hy,բորուսիան,ru,боруссия,transparent
hy,բուդապեշտ,ru,будапешт,transparent
hy,բուդդա,ru,будда,transparent
hy,բուդկա,ru,будка,transparent
hy,բուլգակով,ru,булгаков,transparent
hy,բուլղարական,ru,болгарский,altered
hy,բուլղարներ,ru,болгарин,altered
hy,բուլվար,ru,бульвар,altered
hy,բուխարեստ,ru,бухарест,transparent
hy,բուկլետ,ru,буклет,transparent
hy,բումերանգ,ru,бумеранг,transparent
hy,բունդեսթագ,ru,бундестаг,transparent
hy,բունդեսլիգա,ru,бундеслига,transparent
hy,բուրբոն,ru,бурбон,transparent
hy,բուրժուազիա,ru,буржуазия,transparent
hy,բուֆետ,ru,буфет,transparent
hy,բոքս,ru,бокс,transparent
hy,բրազիլիա,ru,бразилия,transparent
hy,բրենդ,ru,бренд,transparent
hy,բրիգադ,ru,бригада,altered
hy,բրիտանիա,ru,британия,altered
hy,բրոկոլիով,ru,брокколи,altered
hy,բրոնզ,ru,бронза,transparent
hy,բրոնզե,ru,бронза,altered
hy,բրոնխներ,ru,бронх,altered
hy,բրունո,ru,бруно,transparent
hy,գաբրիել,ru,габриеля,altered
hy,գագարին,ru,гагарин,transparent
hy,գազ,ru,газ,transparent
hy,գազային,ru,газовый,transparent
hy,գազետա,ru,газета,transparent
hy,գազպրոմ,ru,газпром,transparent
hy,գալա,ru,гала,transparent
hy,գալակտիկա,ru,галактика,transparent
hy,գեն,ru,ген,transparent
hy,գենետիկ,ru,генетический,altered
hy,գենետիկական,ru,генетический,transparent
hy,գենետիկորեն,ru,генетический,transparent
hy,գեներալ,ru,генерал,altered
hy,գեներալ-լեյտենանտ,ru,генерал,altered
hy,գեներալ-մայոր,ru,генерал,altered
hy,գեներատոր,ru,генератор,transparent
hy,գենոմի,ru,ген,transparent
hy,գեոդեզիական,ru,геодезический,altered
hy,գետտո,ru,гетто,altered
hy,գերման,ru,германский,altered
hy,գիթառով,ru,гитара,altered
hy,գիլդիա,ru,гильдия,transparent
hy,գիմնազիա,ru,гимназия,transparent
hy,գինեկոլոգիական,ru,гинекологический,transparent
hy,գիտաֆանտաստիկ,ru,научно-фантастический,altered
hy,գլաուկոմա,ru,глаукома,transparent
hy,գլյուկոզ,ru,глюкоза,transparent
hy,գլոբալ,ru,глобальный,altered
hy,գլոբալացում,ru,глобализация,transparent
hy,գլոբուս,ru,глобус,transparent
hy,գյոթե,ru,гёте,altered
hy,գոգոլ,ru,гоголь,altered
hy,գոլֆ,ru,гольф,altered
hy,գվարդիա,ru,гвардия,transparent
hy,գրամ,ru,грамм,transparent
hy,գրան,ru,гран,transparent
hy,գրանդիոզ,ru,грандиозный,altered
hy,գրանթ,ru,грант,transparent
hy,գրանտ,ru,грант,transparent
hy,գրավիտացիոն,ru,гравитационный,transparent
hy,գրաֆիկ,ru,график,transparent
hy,գրաֆիկա,ru,графика,transparent
hy,գրաֆիկական,ru,графический,altered
hy,գրիպ,ru,грипп,transparent
hy,գրոշ,ru,грош,transparent
hy,գրոսմայստեր,ru,гроссмейстер,altered
hy,գրունտային,ru,грунт,altered
hy,գևորգ,ru,георгий,altered
hy,դավիդ,ru,давид,transparent
hy,դեբյուտ,ru,дебют,transparent
hy,դեգրադացիա,ru,деградация,transparent
hy,դելֆին,ru,дельфин,transparent
hy,դեկան,ru,декан,transparent
hy,դեկորատիվ,ru,декоративный,transparent
hy,դեկորացիա,ru,декорация,transparent
hy,դեկտեմբեր,ru,декабрь,transparent
hy,դեմո,ru,демо,transparent
hy,դեմոգրաֆիական,ru,демографический,transparent
hy,դեմոկրատ,ru,демократ,transparent
hy,դեմոկրատական,ru,демократический,transparent
hy,դեմոկրատիա,ru,демократия,altered
hy,դեպարտամենտ,ru,департамент,transparent
hy,դեպուտատ,ru,депутат,transparent
hy,դեպրեսիա,ru,депрессия,transparent
hy,դեպրեսիվ,ru,депрессивный,altered
hy,դետալ,ru,деталь,transparent
hy,դետեկտիվ,ru,детектив,transparent
hy,դեֆիցիտ,ru,дефицит,transparent
hy,դեֆորմացիաներ,ru,деформация,transparent
hy,դիաբետ,ru,диабет,transparent
hy,դիաբետիկ,ru,диабетический,altered
hy,դիալեկտիկական,ru,диалектический,transparent
hy,դիալոգ,ru,диалог,transparent
hy,դիանա,ru,диана,transparent
hy,դիետա,ru,диета,transparent
hy,դիետայի,ru,диета,altered
hy,դիետան,ru,диета,altered
hy,դիետաներ,ru,диета,transparent
hy,դիետիկ,ru,диетический,altered
hy,դիզայն,ru,дизайн,transparent
hy,դիզայներ,ru,дизайнер,transparent
hy,դիզել,ru,дизель,transparent
hy,դիկտատոր,ru,диктатор,transparent
hy,դիկտատուրա,ru,диктатура,transparent
hy,դինամիկ,ru,динамик,transparent
hy,դինամո,ru,динамо,transparent
hy,դինաստիա,ru,династия,transparent
hy,դինոզավր,ru,динозавр,transparent
hy,դիպլոմ,ru,диплом,transparent
hy,դիսերտացիա,ru,диссертация,transparent
hy,դիսկ,ru,диск,transparent
hy,դիսկրետ,ru,дискретный,transparent
hy,դիվան,ru,диван,transparent
hy,դիվանը,ru,диван,transparent
hy,դիվերսանտ,ru,диверсант,transparent
hy,դիվերսիա,ru,диверсия,transparent
hy,դիվերսիոն,ru,диверсия,altered
hy,դիվիզիա,ru,дивизия,transparent
hy,դիվիզիոն,ru,дивизион,transparent
hy,դիրեկտոր,ru,директор,transparent
hy,դիրիժոր,ru,дирижёр,transparent
hy,դիֆերենցիալ,ru,дифференциальный,altered
hy,դմիտրի,ru,дмитрий,altered
hy,դոզա,ru,доза,transparent
hy,դոլար,ru,доллар,altered
hy,դոլլար,ru,доллар,transparent
hy,դոկտոր,ru,доктор,transparent
hy,դոկտորական,ru,докторский,altered
hy,դոկտրինի,ru,доктрина,transparent
hy,դոմինանտ,ru,доминанта,transparent
hy,դոնեցկ,ru,донецк,transparent
hy,դոնոր,ru,донор,transparent
hy,դոնորը,ru,донор,transparent
hy,դոնորն,ru,донор,transparent
hy,դոնորներ,ru,донор,transparent
hy,դոցենտ,ru,доцент,transparent
hy,դուբլ,ru,дубль,transparent
hy,դուետ,ru,дуэт,transparent
hy,դումա,ru,дума,transparent
hy,դրամա,ru,драма,transparent
hy,դրամատիկ,ru,драматический,altered
hy,դրամատուրգիա,ru,драматургия,transparent
hy,դևիդ,ru,давид,transparent
hy,եգիպտական,ru,египетский,altered
hy,եթովպիա,ru,эфиопия,altered
hy,ելիզավետա,ru,елизавета,transparent
hy,եկատերինա,ru,екатерина,transparent
hy,եկատերինայի,ru,екатерина,transparent
hy,եվա,ru,ева,transparent
hy,եվգենի,ru,евгений,altered
hy,եվրասիա,ru,евразия,altered
hy,եվրո,ru,евро,transparent
hy,եվրոպա,ru,европа,transparent
hy,եվրոպական,ru,европейский,transparent
hy,երևան,ru,ереван,altered
hy,զենիթ,ru,зенит,transparent
hy,զինաիդա,ru,зинаида,transparent
hy,զոմբի,ru,зомби,transparent
hy,զոնա,ru,зона,transparent
hy,էբոլա,ru,эбола,transparent
hy,էգոիստ,ru,эгоист,transparent
hy,էդուարդ,ru,эдуард,transparent
hy,էդուարդո,ru,эдуардо,transparent
hy,էդվարդ,ru,эдуард,altered
hy,էթիկա,ru,этика,transparent
hy,էթնիկական,ru,этнический,altered
hy,էթնոսի,ru,этнос,transparent
hy,էլեգանտ,ru,элегантный,altered
hy,էլեկտրաէներգիա,ru,электроэнергия,altered
hy,էլեկտրակայան,ru,электростанция,altered
hy,էլեկտրիկ,ru,электрик,transparent
hy,էլեկտրոդ,ru,электрод,transparent
hy,էլեկտրոն,ru,электроника,transparent
hy,էլեկտրոնային,ru,электронный,altered
hy,էլեմենտ,ru,элемент,transparent
hy,էլիտա,ru,элита,transparent
hy,էլիտար,ru,элита,transparent
hy,էկզոտիկ,ru,экзотический,altered
hy,էկոլոգիա,ru,экология,transparent
hy,էկոնոմիկա,ru,экономика,transparent
hy,էկրան,ru,экран,transparent
hy,էմանուել,ru,эммануил,altered
hy,էմիգրանտ,ru,эмигрант,transparent
hy,էմիլ,ru,эмиль,transparent
hy,էմիր,ru,эмир,transparent
hy,էմմա,ru,эмма,transparent
hy,էմոցիա,ru,эмоция,transparent
hy,էմոցիոնալ,ru,эмоциональный,altered
hy,էմուլսիա,ru,эмульсия,transparent
hy,էներգետիկ,ru,энергетика,transparent
hy,էներգիա,ru,энергия,transparent
hy,էպիզոդ,ru,эпизод,transparent
hy,էպիզոդիկ,ru,эпизодический,altered
hy,էպիզոդում,ru,эпизод,altered
hy,էպիլեպսիա,ru,эпилепсия,transparent
hy,էպիկական,ru,эпический,transparent
hy,էպիկենտրոն,ru,эпицентр,altered
hy,էպոս,ru,эпос,transparent
hy,էսթետիկ,ru,эстетический,altered
hy,էսպերանտո,ru,эсперанто,transparent
hy,էստոնիա,ru,эстония,transparent
hy,էստրադա,ru,эстрада,transparent
hy,էսքիզ,ru,эскиз,transparent
hy,էվոլյուցիա,ru,эволюция,transparent
hy,էվոլյուցիոն,ru,эволюционный,altered
hy,էրեկցիա,ru,эрекция,transparent
hy,էրիթրոցիտներ,ru,эритроцит,altered
hy,էրոզիայի,ru,эрозия,transparent
hy,էրոտիկ,ru,эротический,altered
hy,էքսկուրսիա,ru,экскурсия,transparent
hy,էքսկուրսիայի,ru,экскурсия,transparent
hy,էքսպանսիա,ru,экспансия,transparent
hy,էքսպերիմենտ,ru,эксперимент,transparent
hy,էքսպերիմենտալ,ru,экспериментальный,altered
hy,էքստրասենս,ru,экстрасенс,transparent
hy,էքստրեմալ,ru,экстремальный,transparent
hy,էֆեկտ,ru,эффект,transparent
hy,էֆեկտիվ,ru,эффективный,altered
hy,թալիսման,ru,талисман,transparent
hy,թայվան,ru,тайвань,transparent
hy,թատրոն,ru,театр,transparent
hy,թբիլիսի,ru,тбилиси,transparent
hy,թեզ,ru,тезис,altered
hy,թեմա,ru,тема,transparent
hy,թեմատիկ,ru,тематика,transparent
hy,թենիս,ru,теннис,transparent
hy,թեորեմ,ru,теорема,transparent
hy,թերապիա,ru,терапия,transparent
hy,թերապևտ,ru,терапевт,transparent
hy,թերապևտիկ,ru,терапевтический,transparent
hy,թերեզա,ru,тереза,transparent
hy,թերմոդինամիկական,ru,термодинамический,altered
hy,թիֆլիս,ru,тифлис,transparent
hy,թուրքմենստան,ru,туркменистан,transparent
hy,թրոմբոցիտներ,ru,тромбоцит,transparent
hy,ժաննա,ru,жанна,transparent
hy,ժանր,ru,жанр,transparent
hy,ժարգոն,ru,жаргон,transparent
hy,ժարգոնով,ru,жаргон,transparent
hy,ժեստ,ru,жест,transparent
hy,ժիզն,ru,жизнь,transparent
hy,ժիր,ru,жир,transparent
hy,ժյուրի,ru,жюри,transparent
hy,ժուռնալիստ,ru,журналист,transparent
hy,ժուռնալիստիկա,ru,журналистика,transparent
hy,իդեալ,ru,идеал,transparent
hy,իդեալական,ru,идеальный,altered
hy,իդեալիզմ,ru,идеализм,transparent
hy,իզոտոպ,ru,изотоп,altered
hy,իլյա,ru,илья,transparent
hy,իլյուզիա,ru,иллюзия,altered
hy,իկրա,ru,икра,transparent
hy,իմամ,ru,имам,transparent
hy,իմիտացիա,ru,имитация,transparent
hy,իմիտացիոն,ru,имитация,altered
hy,իմունիտետ,ru,иммунитет,altered
hy,իմպերիալիզմ,ru,империализм,transparent
hy,իմպիչմենտ,ru,импичмент,transparent
hy,իմպուլս,ru,импульс,transparent
hy,իմպրովիզացիաներ,ru,импровизация,altered
hy,ինդեքս,ru,индекс,transparent
hy,ինդոնեզական,ru,индонезийский,altered
hy,ինդուստրիալ,ru,индустриальный,altered
hy,իներցիա,ru,инерция,transparent
hy,ինժեներ,ru,инженер,transparent
hy,ինհիբիտորներ,ru,ингибитор,altered
hy,ինովացիոն,ru,инновация,transparent
hy,ինսուլին,ru,инсулин,transparent
hy,ինստիտուտ,ru,институт,transparent
hy,ինտեգրացիա,ru,интеграция,transparent
hy,ինտեգրել,ru,интеграция,altered
hy,ինտեգրվել,ru,интегрироваться,altered
hy,ինտելեկտ,ru,интеллект,transparent
hy,ինտելեկտուալ,ru,интеллектуальный,transparent
hy,ինտենսիվ,ru,интенсивность,transparent
hy,ինտերնացիոնալ,ru,интернациональный,transparent
hy,ինտերնետ,ru,интернет,transparent
hy,ինտերնետային,ru,интернет,transparent
hy,ինտերվենցիա,ru,интервенция,transparent
hy,ինտիմ,ru,интим,transparent
hy,ինտուիտիվ,ru,интуитивный,transparent
hy,ինտուիցիա,ru,интуиция,transparent
hy,ինտրիգ,ru,интрига,altered
hy,ինտրովերտ,ru,интроверт,transparent
hy,ինֆարկտ,ru,инфаркт,transparent
hy,ինֆեկցիա,ru,инфекция,transparent
hy,ինֆորմատիկայի,ru,информатика,transparent
hy,ինֆորմացիա,ru,информация,transparent
hy,ինֆորմացիոն,ru,информация,altered
hy,ինֆրակարմիր,ru,инфракрасный,altered
hy,իոն,ru,ион,transparent
hy,իոսիֆ,ru,иосиф,transparent
hy,իռացիոնալ,ru,иррациональный,altered
hy,իսլամ,ru,ислам,transparent
hy,իսլամիստ,ru,исламист,transparent
hy,իսլանդական,ru,исландский,altered
hy,իսլանդիա,ru,исландия,altered
hy,իսպանիա,ru,испания,transparent
hy,իսրայել,ru,израиль,transparent
hy,իվան,ru,иван,transparent
hy,իվանովիչ,ru,иванович,transparent
hy,իտալացի,ru,итальянский,altered
hy,իտալիա,ru,италия,transparent
hy,իրան,ru,иран,transparent
hy,իրինա,ru,ирина,transparent
hy,իրկուտսկ,ru,иркутск,transparent
hy,լաբիրինթ,ru,лабиринт,transparent
hy,լաբիրինթոս,ru,лабиринт,transparent
hy,լաբորատոր,ru,лаборатория,altered
hy,լաբորատորիա,ru,лаборатория,altered
hy,լազեր,ru,лазер,transparent
hy,լազերային,ru,лазерный,altered
hy,լամա,ru,лама,transparent
hy,լամպ,ru,лампа,transparent
hy,լայպցիգ,ru,лейпциг,transparent
hy,լանդշաֆտային,ru,ландшафтный,transparent
hy,լանդշաֆտը,ru,ландшафт,transparent
hy,լանդշաֆտի,ru,ландшафт,transparent
hy,լանդշաֆտներ,ru,ландшафт,transparent
hy,լավաշ,ru,лаваш,transparent
hy,լավրով,ru,лавров,transparent
hy,լատ,ru,лата,transparent
hy,լեգենդ,ru,легенда,transparent
hy,լեգենդար,ru,легендарный,altered
hy,լեգեոն,ru,легион,transparent
hy,լեգիտիմություն,ru,легитимность,altered
hy,լեյտենանտ,ru,лейтенант,transparent
hy,լենին,ru,ленин,transparent
hy,լենինգրադ,ru,ленинград,transparent
hy,լենինգրադյան,ru,ленинградский,altered
hy,լենինյան,ru,ленинский,altered
hy,լեոնարդ,ru,леонард,transparent
hy,լեոնարդո,ru,леонардо,transparent
hy,լեոնիդ,ru,леонид,transparent
hy,լեքսիկոն,ru,лексикон,transparent
hy,լիբերալ,ru,либерал,transparent
hy,լիբերալիզմ,ru,либерализм,transparent
hy,լիբիա,ru,ливия,altered
hy,լիբիական,ru,ливийский,altered
hy,լիգա,ru,лига,transparent
hy,լիլիթ,ru,лилит,transparent
hy,լիման,ru,лиман,transparent
hy,լիմոն,ru,лимон,transparent
hy,լիմոնադ,ru,лимонад,transparent
hy,լիմֆոցիտներ,ru,лимфоцит,transparent
hy,լիստ,ru,лист,transparent
hy,լիվերպուլ,ru,ливерпуль,transparent
hy,լիտվա,ru,литва,transparent
hy,լիտր,ru,литр,transparent
hy,լիրիկա,ru,лирика,transparent
hy,լիրիկական,ru,лирический,altered
hy,լիցենզիա,ru,лицензия,transparent
hy,լյուդմիլա,ru,людмила,transparent
hy,լյուդվիգ,ru,людвиг,altered
hy,լյութերական,ru,лютеранский,altered
hy,լյուքս,ru,люкс,transparent
hy,լոբի,ru,лобби,transparent
hy,լոգիկայով,ru,логика,transparent
hy,լոգիկան,ru,логика,transparent
hy,լոզան,ru,лозанна,altered
hy,լոզունգ,ru,лозунг,transparent
hy,լոկալ,ru,локальный,altered
hy,լոկոմոտիվ,ru,локомотив,transparent
hy,լուգանսկի,ru,луганск,transparent
hy,լուկաշենկո,ru,лукашенко,transparent
hy,լևանդովսկին,ru,левандовский,altered
hy,խաբար,ru,хабар,transparent
hy,խալաթ,ru,халат,transparent
hy,խալիֆ,ru,халиф,transparent
hy,խոլերա,ru,холера,transparent
hy,խուլիգան,ru,хулиган,transparent
hy,խուլիգանություն,ru,хулиганство,transparent
hy,խրոնիկ,ru,хронический,altered
hy,խրոնիկական,ru,хронический,transparent
hy,կաբինետ,ru,кабинет,transparent
hy,կադաստր,ru,кадастр,transparent
hy,կադաստրային,ru,кадастр,altered
hy,կադր,ru,кадр,transparent
hy,կադրային,ru,кадровый,altered
hy,կազակ,ru,казак,transparent
hy,կազան,ru,казан,transparent
hy,կազինո,ru,казино,transparent
hy,կազմկոմիտե,ru,комитет,altered
hy,կաթոդ,ru,катод,transparent
hy,կաթոլիկ,ru,католик,transparent
hy,կաթոլիկական,ru,католический,altered
hy,կաթոլիկություն,ru,католицизм,altered
hy,կաթողիկոս,ru,католик,altered
hy,կալաշնիկով,ru,калашников,transparent
hy,կալիում,ru,калий,transparent
hy,կալորիաներ,ru,калория,transparent
hy,կալցիում,ru,кальций,transparent
hy,կակաո,ru,какао,transparent
hy,կակտուս,ru,кактус,transparent
hy,կամերա,ru,камера,transparent
hy,կայսր,ru,цезарь,altered
hy,կանոն,ru,канон,transparent
hy,կանոնական,ru,канонический,altered
hy,կանոնիկ,ru,канонический,altered
hy,կանտոն,ru,кантон,transparent
hy,կանցլեր,ru,канцлер,altered
hy,կաուչուկ,ru,каучук,transparent
hy,կապիտալ,ru,капитал,transparent
hy,կապիտալիզացիա,ru,капитализация,transparent
hy,կապիտալիզմ,ru,капитализм,transparent
hy,կապիտալիստական,ru,капиталистический,altered
hy,կապիտան,ru,капитан,transparent
hy,կապիտուլյացիա,ru,капитуляция,transparent
hy,կապուտ,ru,капут,transparent
hy,կառլոս,ru,карлос,transparent
hy,կասկադ,ru,каскад,transparent
hy,կասպարով,ru,каспаров,transparent
hy,կասպերսկի,ru,касперский,transparent
hy,կատալիզատոր,ru,катализатор,altered
hy,կատալոգ,ru,каталог,transparent
hy,կատալոնիա,ru,каталония,transparent
hy,կատաստրոֆ,ru,катастрофа,altered
hy,կատեգորիա,ru,категория,transparent
hy,կատեգորիկ,ru,категорический,altered
hy,կարանտին,ru,карантин,transparent
hy,կարանտինային,ru,карантинный,altered
hy,կարատե,ru,карат,transparent
hy,կարդինալ,ru,кардинал,transparent
hy,կարլո,ru,карло,altered
hy,կարոլինա,ru,каролина,transparent
hy,կարուսել,ru,карусель,transparent
hy,կարտեգորիա,ru,категория,transparent
hy,կարտոֆիլ,ru,картофель,altered
hy,կգ,ru,кг,transparent
hy,կելտական,ru,кельтский,altered
hy,կենգուրու,ru,кенгуру,transparent
hy,կենտրոն,ru,центр,transparent
hy,կենտրոնական,ru,центральный,transparent
hy,կենտրոնացում,ru,концентрация,altered
hy,կեսար,ru,цезарь,altered
hy,կեսարյան,ru,кесарев,altered
hy,կերամիկական,ru,керамический,transparent
hy,կերամիկայից,ru,керамика,transparent
hy,կերամիկան,ru,керамика,transparent
hy,կեֆիր,ru,кефир,transparent
hy,կեֆիրը,ru,кефир,transparent
hy,կիլո,ru,кило,transparent
hy,կիլոգրամ,ru,килограмм,transparent
hy,կիլոմետր,ru,километр,transparent
hy,կիմ,ru,ким,transparent
hy,կինեմատոգրաֆ,ru,кинематограф,transparent
hy,կինեմատոգրաֆիա,ru,кинематография,transparent
hy,կինեմատոգրաֆիական,ru,кинематографический,altered
hy,կինեմատոգրաֆիստ,ru,кинематограф,altered
hy,կինետիկ,ru,кинетический,altered
hy,կինո,ru,кино,transparent
hy,կինոարվեստ,ru,киноискусство,altered
hy,կինոնկար,ru,кино,altered
hy,կինոստուդիա,ru,киностудия,transparent
hy,կիրիլ,ru,кирилл,transparent
hy,կիև,ru,киев,transparent
hy,կլաս,ru,класс,transparent
hy,կլեոպատրա,ru,клеопатра,transparent
hy,կլիենտ,ru,клиент,transparent
hy,կլիմա,ru,климат,altered
hy,կլիմայական,ru,климатический,altered
hy,կլինիկա,ru,клиника,transparent
hy,կլինիկական,ru,клинический,transparent
hy,կլուբ,ru,клуб,transparent
hy,կլուբի,ru,клуб,transparent
hy,կմ,ru,км,transparent
hy,կոալիցիա,ru,коалиция,altered
hy,կոգնիտիվ,ru,когнитивный,altered
hy,կոդ,ru,код,transparent
hy,կոլեգա,ru,коллега,altered
hy,կոլեգիա,ru,коллегия,transparent
hy,կոլեգիալ,ru,коллегиальный,altered
hy,կոլեկտիվ,ru,коллектив,altered
hy,կոլեկցիոն,ru,коллекция,transparent
hy,կոլխոզ,ru,колхоз,transparent
hy,կոկաին,ru,кокаин,transparent
hy,կոկորդիլոս,ru,крокодил,altered
hy,կոկտեյլ,ru,коктейль,transparent
hy,կոմա,ru,кома,transparent
hy,կոմբինատ,ru,комбинат,transparent
hy,կոմբինացիա,ru,комбинация,transparent
hy,կոմեդիա,ru,комедия,transparent
hy,կոմերցիոն,ru,коммерческий,altered
hy,կոմիսար,ru,комиссар,transparent
hy,կոմիտե,ru,комитет,altered
hy,կոմիքս,ru,комикс,transparent
hy,կոմունալ,ru,коммунальный,altered
hy,կոմունիզմ,ru,коммунизм,transparent
hy,կոմունիկացիա,ru,коммуникация,transparent
hy,կոմունիստ,ru,коммунист,transparent
hy,կոմունիստական,ru,коммунистический,altered
hy,կոմպակտ,ru,компакт,transparent
hy,կոմպետենտ,ru,компетентный,altered
hy,կոմպլեքս,ru,комплекс,transparent
hy,կոմպոզիտոր,ru,композитор,transparent
hy,կոմպոզիցիոն,ru,композиция,altered
hy,կոմպոնենտ,ru,компонент,transparent
hy,կոմպոտ,ru,компот,transparent
hy,կոմպոտի,ru,компот,transparent
hy,կոմպրոմատ,ru,компромат,transparent
hy,կոմպրոմիս,ru,компромисс,transparent
hy,կոմֆորտ,ru,комфорт,transparent
hy,կոնգրես,ru,конгресс,altered
hy,կոնկրետ,ru,конкретный,altered
hy,կոնյակ,ru,коньяк,transparent
hy,կոնսենսուս,ru,консенсус,transparent
hy,կոնսերվատիվ,ru,консервативный,altered
hy,կոնսերվատորիա,ru,консерватория,transparent
hy,կոնսոլիդացիա,ru,консолидация,transparent
hy,կոնսուլտացիա,ru,консультация,transparent
hy,կոնստանտին,ru,константин,transparent
hy,կոնստրուկտիվ,ru,конструктивный,altered
hy,կոնստրուկտոր,ru,конструктор,transparent
hy,կոնստրուկցիա,ru,конструкция,transparent
hy,կոնվենցիա,ru,конвенция,transparent
hy,կոնտակտ,ru,контакт,transparent
hy,կոնտեքստ,ru,контекст,transparent
hy,կոնցենտրացիա,ru,концентрация,transparent
hy,կոնցեպցիա,ru,концепция,altered
hy,կոնցերտ,ru,концерт,transparent
hy,կոնֆեդերացիա,ru,конфедерация,transparent
hy,կոնֆետ,ru,конфета,transparent
hy,կոնֆերանս,ru,конференция,altered
hy,կոնֆիգուրացիա,ru,конфигурация,transparent
hy,կոնֆլիկտ,ru,конфликт,transparent
hy,կոնֆլիկտային,ru,конфликт,transparent
hy,կոոպերատիվ,ru,кооперативный,altered
hy,կոորդինատ,ru,координата,transparent
hy,կոորդինացում,ru,координация,transparent
hy,կոպեկ,ru,копейка,altered
hy,կոռեկտ,ru,корректный,transparent
hy,կոռումպացված,ru,коррумпировать,altered
hy,կոռուպցիա,ru,коррупция,transparent
hy,կոռուպցիոն,ru,коррупционный,transparent
hy,կոսմետիկ,ru,косметика,transparent
hy,կոսմետիկայի,ru,косметика,transparent
hy,կոսովո,ru,косово,transparent
hy,կոստյում,ru,костюм,transparent
hy,կովկաս,ru,кавказ,altered
hy,կոտլետ,ru,котлета,transparent
hy,կոտլետներ,ru,котлета,transparent
hy,կորեա,ru,корея,altered
hy,կորոնավիրուս,ru,коронавирус,transparent
hy,կորոնավիրուսային,ru,коронавирус,transparent
hy,կորոնար,ru,коронарный,altered
hy,կորպորատիվ,ru,корпоративный,altered
hy,կորպորացիա,ru,корпорация,altered
hy,կուլտուրա,ru,культура,transparent
hy,կուլտուրական,ru,культурный,altered
hy,կուրս,ru,курс,transparent
hy,կոֆե,ru,кофе,transparent
hy,կռուտոյ,ru,крутой,transparent
hy,կրեատիվ,ru,креативный,transparent
hy,կրեդիտ,ru,кредит,transparent
hy,կրեդիտային,ru,кредитный,transparent
hy,կրեմ,ru,крем,transparent
hy,կրեմլ,ru,кремль,transparent
hy,կրիկետ,ru,крикет,transparent
hy,կրիմինալ,ru,криминал,transparent
hy,կրիպտոն,ru,криптон,transparent
hy,կրիտիկական,ru,критический,altered
hy,հալյուցինացիա,ru,галлюцинация,altered
hy,հակաբիոտիկ,ru,антибиотик,altered
hy,համիլթոնը,ru,гамильтон,altered
hy,համլետ,ru,гамлет,altered
hy,հարմոնիա,ru,гармония,altered
hy,հարմոնիկ,ru,гармоника,transparent
hy,հելիում,ru,гелий,altered
hy,հելոուինի,ru,хеллоуин,transparent
hy,հելսինկի,ru,хельсинки,transparent
hy,հելսինկյան,ru,хельсинки,altered
hy,հեկտար,ru,гектар,transparent
hy,հեմոգլոբինի,ru,гемоглобин,transparent
hy,հենրիկ,ru,генрих,altered
hy,հեպատիտ,ru,гепатит,altered
hy,հերման,ru,герман,transparent
hy,հերոին,ru,героин,transparent
hy,հերոս,ru,герой,altered
hy,հերոսական,ru,героический,transparent
hy,հիբրիդ,ru,гибрид,transparent
hy,հիդրոէլեկտրակայան,ru,гидроэлектростанция,altered
hy,հիդրոլիզ,ru,гидролиз,transparent
hy,հիդրոտեխնիկական,ru,гидротехнический,altered
hy,հիերարխիա,ru,иерархия,transparent
hy,հիերարխիկ,ru,иерархический,altered
hy,հիերոգլիֆներ,ru,иероглиф,altered
hy,հինդուիզմ,ru,индуизм,altered
hy,հիպոթեզ,ru,гипотеза,altered
hy,հիստերիա,ru,истерия,altered
hy,հիստերիկ,ru,истерик,altered
hy,հիտլեր,ru,гитлер,transparent
hy,հոլանդական,ru,голландский,altered
hy,հոլդինգ,ru,холдинг,altered
hy,հոլոքոստ,ru,холокост,transparent
hy,հոկտեմբեր,ru,октябрь,transparent
hy,հոկտեմբերյան,ru,октябрь,altered
hy,հոմոսեքսուալ,ru,гомосексуал,altered
hy,հոնկոնգ,ru,гонконг,altered
hy,հոնորար,ru,гонорар,transparent
hy,հոսպիտալ,ru,госпиталь,altered
hy,հոսպիտալացվել,ru,госпитализировать,altered
hy,հորդանան,ru,иордания,altered
hy,հորիզոն,ru,горизонт,altered
hy,հորիզոնական,ru,горизонтальный,altered
hy,հորմոն,ru,гормон,transparent
hy,հորոսկոպ,ru,гороскоп,altered
hy,հումանիզմ,ru,гуманизм,altered
hy,հումանիստ,ru,гуманист,transparent
hy,հումանիստական,ru,гуманистический,altered
hy,հումանիտար,ru,гуманитарный,altered
hy,հումոր,ru,юмор,altered
hy,մագազին,ru,магазин,altered
hy,մագիստրատուրա,ru,магистратура,transparent
hy,մագիստրոս,ru,магистр,transparent
hy,մագմա,ru,магма,transparent
hy,մագնեզիում,ru,магний,altered
hy,մագնիս,ru,магнит,altered
hy,մադամ,ru,мадам,transparent
hy,մադոննա,ru,мадонна,transparent
hy,մադրիդ,ru,мадрид,transparent
hy,մաթեմատիկական,ru,математический,altered
hy,մալարիա,ru,малярия,transparent
hy,մալթա,ru,мальта,transparent
hy,մակեդոնիա,ru,македония,transparent
hy,մակրոտնտեսական,ru,макроэкономический,altered
hy,մամա,ru,мама,transparent
hy,մայակովսկի,ru,маяковский,transparent
hy,մայիս,ru,май,transparent
hy,մայոնեզ,ru,майонез,transparent
hy,մայոր,ru,майор,transparent
hy,մանգա,ru,манга,transparent
hy,մանգո,ru,манго,transparent
hy,մանդարին,ru,мандарин,transparent
hy,մանիպուլյացիա,ru,манипуляция,transparent
hy,մանուել,ru,мануэль,transparent
hy,մասաչուսեթս,ru,массачусетс,altered
hy,մասշտաբ,ru,масштаб,transparent
hy,մասոններ,ru,масон,transparent
hy,մասսայական,ru,массовый,altered
hy,մատերիալ,ru,материал,altered
hy,մատերիալիզմ,ru,материализм,transparent
hy,մատրիցի,ru,матрица,transparent
hy,մարաթոն,ru,марафон,transparent
hy,մարիա,ru,мария,transparent
hy,մարկ,ru,марк,transparent
hy,մարշալ,ru,маршал,transparent
hy,մարս,ru,марс,transparent
hy,մարքեթինգ,ru,маркетинг,transparent
hy,մարքսիզմ,ru,марксизм,altered
hy,մարքսիստ,ru,марксист,transparent
hy,մաքսիմալ,ru,максимальный,altered
hy,մաֆիա,ru,мафия,transparent
hy,մեդալ,ru,медаль,transparent
hy,մեդալակիր,ru,медалист,altered
hy,մեդալիոն,ru,медальон,altered
hy,մեդիա,ru,медиа,transparent
hy,մեդվեդևը,ru,медведев,transparent
hy,մեթոդ,ru,метод,transparent
hy,մեթոդաբանական,ru,методический,altered
hy,մեթոդիկա,ru,методика,transparent
hy,մեթոդոլոգիա,ru,методология,transparent
hy,մեխանիզմ,ru,механизм,transparent
hy,մեխանիկա,ru,механика,transparent
hy,մեխանիկական,ru,механический,altered
hy,մեխանիկորեն,ru,механически,altered
hy,մենեջեր,ru,менеджер,transparent
hy,մենինգիտ,ru,менингит,transparent
hy,մեշոկ,ru,мешок,transparent
hy,մեջլիս,ru,меджлис,altered
hy,մետալ,ru,металл,altered
hy,մետալուրգ,ru,металлург,transparent
hy,մետալուրգիա,ru,металлургия,altered
hy,մետալուրգիական,ru,металлургический,altered
hy,մետաղ,ru,металл,transparent
hy,մետաղական,ru,металлический,altered
hy,մետաստազ,ru,метастаз,transparent
hy,մետր,ru,метр,transparent
hy,մետրո,ru,метро,transparent
hy,մեքսիկա,ru,мексика,transparent
hy,միգրանտ,ru,мигрант,transparent
hy,միգրացիա,ru,миграция,altered
hy,միգրացիոն,ru,миграция,altered
hy,միգրենի,ru,мигрень,transparent
hy,միլան,ru,милан,transparent
hy,միլիարդ,ru,миллиард,transparent
hy,միլիարդավոր,ru,миллиардер,altered
hy,միլիմետր,ru,миллиметр,altered
hy,միլիոն,ru,миллион,transparent
hy,միլիոնավոր,ru,миллионер,altered
hy,միլիցա,ru,милиция,transparent
hy,միլիցիա,ru,милиция,transparent
hy,միլլիոն,ru,миллион,altered
hy,միխաիլ,ru,михаил,transparent
hy,միխայել,ru,михаил,altered
hy,միխայիլ,ru,михаил,transparent
hy,միկրո,ru,микро,transparent
hy,միկրոբներ,ru,микроб,altered
hy,միկրոօրգանիզմ,ru,микроорганизм,transparent
hy,միկրոֆոն,ru,микрофон,transparent
hy,մինարեթ,ru,минарет,altered
hy,միներալ,ru,минерал,transparent
hy,միներալներ,ru,минерал,transparent
hy,մինիմալ,ru,минимальный,altered
hy,մինիմում,ru,минимум,transparent
hy,մինիստր,ru,министр,transparent
hy,մինուս,ru,минус,transparent
hy,մինսկ,ru,минск,transparent
hy,միսիոներ,ru,миссионер,transparent
hy,միստիկ,ru,мистик,transparent
hy,միտինգ,ru,митинг,transparent
hy,միֆ,ru,миф,transparent
hy,մոբիլիզացիա,ru,мобилизация,transparent
hy,մոբիլիզացնել,ru,мобилизовать,altered
hy,մոդա,ru,мода,transparent
hy,մոդել,ru,модель,transparent
hy,մոդեռն,ru,модерн,transparent
hy,մոդեռնիզմ,ru,модернизм,transparent
hy,մոդիֆիկացիա,ru,модификация,transparent
hy,մոդիֆիկացված,ru,модифицированный,altered
hy,մոդուլ,ru,модуль,transparent
hy,մոդուլը,ru,модуль,transparent
hy,մոդուլներ,ru,модуль,altered
hy,մոլեկուլ,ru,молекула,transparent
hy,մոլեկուլային,ru,молекулярный,altered
hy,մոլեկուլյար,ru,молекулярный,transparent
hy,մոլիբդեն,ru,молибден,transparent
hy,մոմենտ,ru,момент,transparent
hy,մոմենտը,ru,момент,transparent
hy,մոմենտներ,ru,момент,transparent
hy,մոմենտով,ru,момент,transparent
hy,մոյկա,ru,мойка,transparent
hy,մոնակո,ru,монако,transparent
hy,մոնիտոր,ru,монитор,transparent
hy,մոնիտորինգ,ru,мониторинг,transparent
hy,մոնղոլ,ru,монгол,transparent
hy,մոնոլիտ,ru,монолит,transparent
hy,մոնոլոգը,ru,монолог,transparent
hy,մոնոպոլիա,ru,монополия,transparent
hy,մոնումենտալ,ru,монументальный,altered
hy,մոնտաժ,ru,монтаж,transparent
hy,մոսկովյան,ru,московский,altered
hy,մոսկվա,ru,москва,transparent
hy,մոսկվացի,ru,москвич,altered
hy,մոտիվ,ru,мотив,transparent
hy,մոտիվացիա,ru,мотивация,transparent
hy,մոտիվացիոն,ru,мотивация,transparent
hy,մոտոցիկլ,ru,мотоцикл,transparent
hy,մորմոն,ru,мормон,transparent
hy,մոցարտ,ru,моцарт,transparent
hy,մուժիկ,ru,мужик,transparent
hy,մուլտիմեդիա,ru,мультимедиа,transparent
hy,մուլտիպլիկատոր,ru,мультипликатор,transparent
hy,մուլտֆիլմ,ru,мультфильм,transparent
hy,մունիցիպալ,ru,муниципальный,altered
hy,մուսուլման,ru,мусульманин,transparent
hy,մուտանտ,ru,мутант,transparent
hy,մուտացիա,ru,мутация,transparent
hy,յանուկովիչ,ru,янукович,transparent
hy,յարոսլավ,ru,ярослав,transparent
hy,յիսուս,ru,иисус,altered
hy,յոգուրտ,ru,йогурт,transparent
hy,յուբկա,ru,юбка,transparent
hy,յուլյա,ru,юлия,altered
hy,յունգը,ru,юнга,transparent
hy,յուպիտեր,ru,юпитер,transparent
hy,նադալը,ru,надаль,transparent
hy,նադեժդա,ru,надежда,transparent
hy,նադիր,ru,надир,transparent
hy,նապոլեոն,ru,наполеон,transparent
hy,նավիգացիոն,ru,навигация,transparent
hy,նատաշա,ru,наташа,transparent
hy,նատյուրմորտ,ru,натюрморт,transparent
hy,նատրիում,ru,натрий,altered
hy,նարկոտիկ,ru,наркотик,transparent
hy,նացիզմ,ru,нацизм,transparent
hy,նացիոնալիզմ,ru,национализм,transparent
hy,նացիստ,ru,нацист,transparent
hy,նեգատիվ,ru,негативный,transparent
hy,նեյտրոն,ru,нейтрон,transparent
hy,նեյրոն,ru,нейрон,transparent
hy,նեյրոնային,ru,нейронный,altered
hy,նեպտուն,ru,нептун,transparent
hy,նիժնի,ru,нижний,altered
hy,նիկոլաս,ru,николай,altered
hy,նիկոլաևիչ,ru,николаевич,transparent
hy,նիկողայոս,ru,николай,altered
hy,նոբելյան,ru,нобель,transparent
hy,նոկաուտ,ru,нокаут,altered
hy,նոյեմբեր,ru,ноябрь,transparent
hy,նոյեմբերյան,ru,ноябрь,altered
hy,նոստալգիա,ru,ностальгия,transparent
hy,նովա,ru,новый,transparent
hy,նովելի,ru,новелла,altered
hy,նովելներ,ru,новелла,transparent
hy,նովոսիբիրսկ,ru,новосибирск,transparent
hy,նովոստի,ru,новость,transparent
hy,նոտա,ru,нота,transparent
hy,նոտաներ,ru,нота,transparent
hy,նոտարական,ru,нотариальный,transparent
hy,նորմ,ru,норма,transparent
hy,նորմա,ru,норма,transparent
hy,նորմալ,ru,нормальный,altered
hy,նորմատիվ,ru,нормативный,transparent
hy,նորվեգական,ru,норвежский,altered
hy,շաբլոն,ru,шаблон,transparent
hy,շախմատ,ru,шахматы,transparent
hy,շախմատային,ru,шахматный,transparent
hy,շամպայն,ru,шампанский,altered
hy,շամպուն,ru,шампунь,altered
hy,շանհայ,ru,шанхай,transparent
hy,շանս,ru,шанс,transparent
hy,շերլոկ,ru,шерлок,transparent
hy,շեքսպիր,ru,шекспир,transparent
hy,շիզոֆրենիա,ru,шизофрения,transparent
hy,շիզոֆրենիկ,ru,шизофреник,transparent
hy,շկոլա,ru,школа,transparent
hy,շոկոլադ,ru,шоколад,transparent
hy,շոկոլադե,ru,шоколад,altered
hy,շվեդ,ru,швед,transparent
hy,շվեյցարական,ru,швейцарский,altered
hy,շվեյցարիա,ru,швейцария,transparent
hy,շտաբ,ru,штаб,transparent
hy,շտեֆան,ru,штефан,altered
hy,ուեֆա,ru,уефа,transparent
hy,ուզբեկ,ru,узбек,transparent
hy,ուլտրաձայնային,ru,ультразвук,altered
hy,ուկրաինա,ru,украина,transparent
hy,ուկրաինական,ru,украинский,altered
hy,ուկրաինացի,ru,украинский,altered
hy,ունիկալ,ru,уникальный,altered
hy,ունիվերսալ,ru,универсал,transparent
hy,ուրալյան,ru,уральский,altered
hy,ուրուգվայ,ru,уругвай,transparent
hy,չայ,ru,чай,transparent
hy,չայկովսկի,ru,чайковский,transparent
hy,չապլինը,ru,чаплин,altered
hy,չելսի,ru,челси,altered
hy,չեխոսլովակիա,ru,чехословакия,altered
hy,չեմպիոն,ru,чемпион,transparent
hy,չեմպիոնական,ru,чемпион,altered
hy,չեչեն,ru,чеченец,altered
hy,չերչիլի,ru,черчилль,altered
hy,չիկագո,ru,чикаго,transparent
hy,չինգիզ,ru,чингис,transparent
hy,չինովնիկ,ru,чиновник,transparent
hy,պալատ,ru,палата,altered
hy,պակիստան,ru,пакистан,transparent
hy,պանամա,ru,панама,transparent
hy,պանդեմիա,ru,пандемия,altered
hy,պանորամա,ru,панорама,transparent
hy,պաուզա,ru,пауза,transparent
hy,պապ,ru,папа,transparent
hy,պապական,ru,папский,altered
hy,պապիրուս,ru,папирус,transparent
hy,պառլամենտ,ru,парламент,altered
hy,պասիվ,ru,пассивный,altered
hy,պատրիարք,ru,патриарх,altered
hy,պարադոքս,ru,парадокс,transparent
hy,պարադոքսալ,ru,парадоксальный,altered
hy,պարամետր,ru,параметр,transparent
hy,պարաշյուտ,ru,парашют,transparent
hy,պարկինսոն,ru,паркинсон,altered
hy,պարտիա,ru,партия,altered
hy,պարտիզան,ru,партизан,altered
hy,պարտիզանական,ru,партизанский,transparent
hy,պացիենտ,ru,пациент,transparent
hy,պենտագոն,ru,пентагон,transparent
hy,պետդեպարտամենտ,ru,департамент,transparent
hy,պետերբուրգ,ru,петербург,transparent
hy,պետերբուրգյան,ru,петербургский,altered
hy,պետրոգրադում,ru,петроград,transparent
hy,պերսոնաժ,ru,персонаж,transparent
hy,պի,ru,пи,transparent
hy,պիլոտային,ru,пилот,transparent
hy,պինգվին,ru,пингвин,transparent
hy,պինգվինը,ru,пингвин,transparent
hy,պինգվիններ,ru,пингвин,transparent
hy,պիոներ,ru,пионер,transparent
hy,պիջակի,ru,пиджак,altered
hy,պիցցա,ru,пицца,altered
hy,պլազմա,ru,плазма,transparent
hy,պլան,ru,план,transparent
hy,պլանային,ru,плановый,transparent
hy,պլանավորելու,ru,план,transparent
hy,պլանշետ,ru,планшет,transparent
hy,պլաշադկա,ru,площадка,altered
hy,պլաստիլ,ru,пластилин,transparent
hy,պլաստմասե,ru,пластмасса,transparent
hy,պլատին,ru,платина,altered
hy,պլատոն,ru,платон,transparent
hy,պլատֆորմ,ru,платформа,transparent
hy,պլյուս,ru,плюс,transparent
hy,պլոտնի,ru,плотный,transparent
hy,պյոտր,ru,пётр,transparent
hy,պոեզիա,ru,поэзия,transparent
hy,պոեմ,ru,поэма,transparent
hy,պոետ,ru,поэт,transparent
hy,պոզիտիվ,ru,позитивный,altered
hy,պոլիէթիլեն,ru,полиэтилен,transparent
hy,պոլիկլինիկա,ru,поликлиника,transparent
hy,պոլիմեր,ru,полимер,transparent
hy,պոլիս,ru,полис,transparent
hy,պոլիտեխնիկական,ru,политехнический,altered
hy,պոկեր,ru,покер,transparent
hy,պոմիդոր,ru,помидор,transparent
hy,պոպուլյար,ru,популярный,altered
hy,պոպուլյացիա,ru,популяция,transparent
hy,պոռնո,ru,порно,transparent
hy,պոռնոգրաֆիա,ru,порнография,transparent
hy,պոստ,ru,пост,transparent
hy,պոտենցիալ,ru,потенциал,transparent
hy,պորտուգալիա,ru,португалия,altered
hy,պորտֆել,ru,портфель,transparent
hy,պուլսը,ru,пульс,transparent
hy,պռոբլեմ,ru,проблема,altered
hy,պսկով,ru,псков,transparent
hy,պրագմատիկ,ru,прагматик,transparent
hy,պրակտիկա,ru,практика,transparent
hy,պրավդա,ru,правда,transparent
hy,պրեզիդենտ,ru,президент,transparent
hy,պրեմիերա,ru,премьера,altered
hy,պրեմիում,ru,премиум,transparent
hy,պրեպարատ,ru,препарат,transparent
hy,պրեֆեկտուրա,ru,префектура,transparent
hy,պրինցիպիալ,ru,принципиальный,altered
hy,պրոգրես,ru,прогресс,transparent
hy,պրոդյուսեր,ru,продюсер,transparent
hy,պրոդուկտ,ru,продукт,transparent
hy,պրոդուկտիվ,ru,продуктивный,transparent
hy,պրոթեզ,ru,протез,transparent
hy,պրոլետար,ru,пролетариат,transparent
hy,պրոյեկտ,ru,проект,transparent
hy,պրոպագանդ,ru,пропаганда,transparent
hy,պրոռեկտոր,ru,проректор,transparent
hy,պրոսպեկտ,ru,проспект,transparent
hy,պրոստը,ru,просто,transparent
hy,պրոստի,ru,простить,transparent
hy,պրովինցիա,ru,провинция,transparent
hy,պրոտեզ,ru,протез,transparent
hy,պրոտեինի,ru,протеин,transparent
hy,պրոտոկոլ,ru,протокол,transparent
hy,պրոտոն,ru,протон,transparent
hy,պրոցեդուրա,ru,процедура,altered
hy,պրոցես,ru,процесс,altered
hy,պրոցեսոր,ru,процессор,transparent
hy,պրուսական,ru,прусский,altered
hy,պրոֆ,ru,проф,transparent
hy,պրոֆեսիոնալ,ru,профессиональный,transparent
hy,պրոֆեսիոնալիզմ,ru,профессионализм,transparent
hy,պրոֆեսոր,ru,профессор,transparent
hy,պրոֆիլակտիկ,ru,профилактический,altered
hy,պրոֆիլը,ru,профиль,transparent
hy,ջազ,ru,джаз,altered
hy,ջեյմս,ru,джеймс,transparent
hy,ջեֆերսոն,ru,джефферсон,altered
hy,ջուլիա,ru,юлия,altered
hy,ռադիկալ,ru,радикал,transparent
hy,ռադիո,ru,радио,transparent
hy,ռադիոակտիվ,ru,радиоактивный,transparent
hy,ռադիոկայան,ru,радиостанция,altered
hy,ռակետ,ru,ракета,altered
hy,ռայոն,ru,район,altered
hy,ռասիզմ,ru,расизм,transparent
hy,ռասիստական,ru,расистский,altered
hy,ռացիոնալ,ru,рациональный,altered
hy,ռաֆայել,ru,рафаэль,transparent
hy,ռաֆիկ,ru,рафик,transparent
hy,ռեալ,ru,реальный,altered
hy,ռեալիզմ,ru,реализм,transparent
hy,ռեալիստական,ru,реалистический,altered
hy,ռեակտիվ,ru,реактив,transparent
hy,ռեակտոր,ru,реактор,transparent
hy,ռեակցիա,ru,реакция,transparent
hy,ռեգբի,ru,регби,transparent
hy,ռեգիոն,ru,регион,transparent
hy,ռեգիստր,ru,реестр,altered
hy,ռեզերվ,ru,резерв,transparent
hy,ռեզերվային,ru,резервный,altered
hy,ռեզիդենտ,ru,резидент,transparent
hy,ռեզիդենտներ,ru,резидент,transparent
hy,ռեզոնանսային,ru,резонансный,altered
hy,ռեզոնանսի,ru,резонанс,transparent
hy,ռեժիմ,ru,режим,transparent
hy,ռելիեֆ,ru,рельеф,altered
hy,ռեկորդ,ru,рекорд,transparent
hy,ռեկտոր,ru,ректор,transparent
hy,ռեկրեացիոն,ru,рекреационный,transparent
hy,ռենտգեն,ru,рентген,transparent
hy,ռեպերտուար,ru,репертуар,transparent
hy,ռեպորտաժ,ru,репортаж,transparent
hy,ռեսուրս,ru,ресурс,transparent
hy,ռեսուրսային,ru,ресурсный,altered
hy,ռեստորան,ru,ресторан,transparent
hy,ռետրո,ru,ретро,transparent
hy,ռեֆլեքսներ,ru,рефлекс,transparent
hy,ռեֆորմ,ru,реформа,altered
hy,ռիգա,ru,рига,transparent
hy,ռիթմ,ru,ритм,transparent
hy,ռիթմիկ,ru,ритмика,transparent
hy,ռինգ,ru,ринг,transparent
hy,ռիսկ,ru,риск,transparent
hy,ռոբերտ,ru,робер,altered
hy,ռոբոտ,ru,робот,transparent
hy,ռոզա,ru,роза,transparent
hy,ռոման,ru,роман,transparent
hy,ռոմանտիզմ,ru,романтизм,transparent
hy,ռոմանտիկ,ru,романтик,transparent
hy,ռոմանտիկական,ru,романтический,altered
hy,ռոնալդո,ru,роналдо,altered
hy,ռոնալդու,ru,роналду,transparent
hy,ռուբի,ru,рубин,altered
hy,ռուբլի,ru,рубль,transparent
hy,ռումինիա,ru,румыния,transparent
hy,ռուս,ru,русский,transparent
hy,ռուսերեն,ru,русский,altered
hy,ռուսկի,ru,русский,transparent
hy,սալյուտ,ru,салют,transparent
hy,սալոն,ru,салон,transparent
hy,սաղմոս,ru,псалом,altered
hy,սամարա,ru,самара,transparent
hy,սամբո,ru,самбо,transparent
hy,սանդալներ,ru,сандалия,altered
hy,սանիտար,ru,санитар,transparent
hy,սանիտարական,ru,санитарный,altered
hy,սանկտ,ru,санкт,transparent
hy,սանկցիա,ru,санкция,transparent
hy,սանսկրիտ,ru,санскрит,altered
hy,սանտ,ru,сент,transparent
hy,սանտիմետր,ru,сантиметр,transparent
hy,սաունա,ru,сауна,transparent
hy,սապոգ,ru,сапог,transparent
hy,սատանա,ru,сатана,transparent
hy,սատուրնի,ru,сатурн,altered
hy,սարկոման,ru,саркома,altered
hy,սեբաստիան,ru,себастьян,altered
hy,սեզոն,ru,сезон,transparent
hy,սեզոնային,ru,сезонный,transparent
hy,սելֆի,ru,селфи,transparent
hy,սեկտոր,ru,сектор,transparent
hy,սեմինար,ru,семинар,transparent
hy,սեյսմիկ,ru,сейсмический,altered
hy,սենատ,ru,сенат,transparent
hy,սենատոր,ru,сенатор,transparent
hy,սենսացիա,ru,сенсация,transparent
hy,սենսացիոն,ru,сенсация,transparent
hy,սենսորային,ru,сенсорный,altered
hy,սեպտեմբեր,ru,сентябрь,transparent
hy,սերբ,ru,серб,transparent
hy,սերգեյ,ru,сергей,transparent
hy,սերենադ,ru,серенада,transparent
hy,սերժանտ,ru,сержант,transparent
hy,սերիա,ru,серия,altered
hy,սերիալային,ru,сериал,altered
hy,սերյոժա,ru,серёжа,transparent
hy,սերվեր,ru,сервер,transparent
hy,սերվիս,ru,сервис,transparent
hy,սերտիֆիկատ,ru,сертификат,transparent
hy,սեքս,ru,секс,transparent
hy,սեքսիզմ,ru,сексизм,transparent
hy,սեքսուալ,ru,сексуальный,altered
hy,սթենլի,ru,стэнли,altered
hy,սթոուն,ru,стоун,transparent
hy,սթրես,ru,стресс,transparent
hy,սիբիր,ru,сибирь,transparent
hy,սիբիրյան,ru,сибирский,altered
hy,սիգարետը,ru,сигарета,transparent
hy,սիգնալ,ru,сигнал,transparent
hy,սիլիկոն,ru,силикон,transparent
hy,սիլիկոնե,ru,силикон,altered
hy,սիմեոն,ru,симеон,transparent
hy,սիմետրիկ,ru,симметричный,altered
hy,սիմոն,ru,симон,transparent
hy,սիմպաթիկ,ru,симпатичный,altered
hy,սիմպոզիում,ru,симпозиум,transparent
hy,սիմպտոմներ,ru,симптом,transparent
hy,սիմվոլ,ru,символ,transparent
hy,սիմվոլիկ,ru,символика,altered
hy,սիմֆոնիա,ru,симфония,transparent
hy,սիմֆոնիկ,ru,симфонический,transparent
hy,սինգապուր,ru,сингапур,transparent
hy,սինդրոմ,ru,синдром,transparent
hy,սինթեզ,ru,синтез,transparent
hy,սինթետիկ,ru,синтетический,altered
hy,սիոնիստական,ru,сионист,altered
hy,սիստեմ,ru,система,transparent
hy,սիստեմատիկ,ru,систематический,altered
hy,սիրիուս,ru,сириус,transparent
hy,սիցիլիա,ru,сицилия,transparent
hy,սլայդ,ru,слайд,transparent
hy,սլավա,ru,слава,transparent
hy,սլավիկ,ru,славянский,altered
hy,սլավոն,ru,славянин,altered
hy,սլավոնական,ru,славянский,altered
hy,սլովակ,ru,словак,transparent
hy,սլովակիա,ru,словакия,transparent
hy,սխեմա,ru,схема,transparent
hy,սխեմայով,ru,схема,transparent
hy,սկանդալ,ru,скандал,transparent
hy,սկլերոզ,ru,склероз,transparent
hy,սմարթֆոն,ru,смартфон,transparent
hy,սմիթ,ru,смит,transparent
hy,սմոլենսկ,ru,смоленск,transparent
hy,սյուզաննա,ru,сюзанна,transparent
hy,սյուժե,ru,сюжет,transparent
hy,սնդուկ,ru,сундук,transparent
hy,սոդա,ru,сода,transparent
hy,սոլո,ru,соло,transparent
hy,սոկրատեսը,ru,сократ,transparent
hy,սոյայի,ru,соя,altered
hy,սովետ,ru,совет,transparent
hy,սովետական,ru,советский,transparent
hy,սորտ,ru,сорт,transparent
hy,սոցիալ,ru,социальный,altered
hy,սոցիալական,ru,социальный,transparent
hy,սոցիալապես,ru,социальный,transparent
hy,սոցիալիզմ,ru,социализм,transparent
hy,սոցիալիստ,ru,социалист,transparent
hy,սոցիալիստական,ru,социалистический,altered
hy,սոցիոլոգ,ru,социолог,transparent
hy,սոցիոլոգիա,ru,социология,altered
hy,սոցիոլոգիական,ru,социологический,altered
hy,սուբյեկտ,ru,субъект,transparent
hy,սուբյեկտիվ,ru,субъективный,transparent
hy,սուբսիդավորում,ru,субсидирование,altered
hy,սուբսիդիա,ru,субсидия,transparent
hy,սուլթան,ru,султан,transparent
hy,սուպեր,ru,супер,transparent
hy,սուպերհերոս,ru,супергерой,altered
hy,սուպերմարկետ,ru,супермаркет,transparent
hy,սուվերեն,ru,суверенный,altered
hy,սուվորով,ru,суворов,transparent
hy,սոֆիա,ru,софия,transparent
hy,սոֆյա,ru,софия,transparent
hy,սպա,ru,спа,transparent
hy,սպարտա,ru,спарта,transparent
hy,սպարտակ,ru,спартак,transparent
hy,սպեկուլյանտ,ru,спекулянт,transparent
hy,սպեկուլյատիվ,ru,спекулятивный,altered
hy,սպեկուլյացիա,ru,спекуляция,transparent
hy,սպեկտր,ru,спектр,transparent
hy,սպեցիֆիկ,ru,специфический,altered
hy,սպեցնազ,ru,спецназ,transparent
hy,սպիրտ,ru,спирт,transparent
hy,սպորտ,ru,спорт,transparent
hy,սպորտսմեն,ru,спортсмен,transparent
hy,սվետլանա,ru,светлана,transparent
hy,սվիտեր,ru,свитер,transparent
hy,ստաբիլ,ru,стабильный,transparent
hy,ստադիոն,ru,стадион,transparent
hy,ստաժ,ru,стаж,transparent
hy,ստալ,ru,сталь,altered
hy,ստալին,ru,сталин,transparent
hy,ստամբուլ,ru,стамбул,altered
hy,ստան,ru,стан,transparent
hy,ստանդարտ,ru,стандарт,transparent
hy,ստանիսլավ,ru,станислав,transparent
hy,ստատիկ,ru,статический,altered
hy,ստատուս,ru,статус,transparent
hy,ստարտ,ru,старт,transparent
hy,ստարտափ,ru,стартап,transparent
hy,ստացիոնար,ru,стационарный,transparent
hy,ստեռլինգ,ru,стерлинг,transparent
hy,ստերը,ru,стерео,transparent
hy,ստերլինգ,ru,стерлинг,transparent
hy,ստերով,ru,стерео,altered
hy,ստեփան,ru,стефан,altered
hy,ստեֆան,ru,стефан,altered
hy,ստոկհոլմ,ru,стокгольм,altered
hy,ստոմատոլոգիական,ru,стоматологический,transparent
hy,ստուդիա,ru,студия,transparent
hy,ստրատեգիա,ru,стратегия,transparent
hy,ստրատեգիական,ru,стратегический,altered
hy,ստրատեգիան,ru,стратегия,transparent
hy,սցենար,ru,сценарий,transparent
hy,սցենարային,ru,сценарий,transparent
hy,սցենարիստ,ru,сценарист,transparent
hy,սֆերա,ru,сфера,transparent
hy,սևաստոպոլի,ru,севастополь,altered
hy,վագոն,ru,вагон,transparent
hy,վագոն-տնակ,ru,вагон,transparent
hy,վալենտին,ru,валентин,transparent
hy,վալենտինա,ru,валентина,transparent
hy,վալս,ru,вальс,transparent
hy,վակուում,ru,вакуум,transparent
hy,վամպիր,ru,вампир,transparent
hy,վանդալիզմ,ru,вандализм,transparent
hy,վաշինգթոն,ru,вашингтон,transparent
hy,վաշինգտոն,ru,вашингтон,transparent
hy,վասիլ,ru,василий,altered
hy,վասիլի,ru,василий,transparent
hy,վատիկան,ru,ватикан,transparent
hy,վարշավա,ru,варшава,transparent
hy,վեգետատիվ,ru,вегетативный,altered
hy,վեկտոր,ru,вектор,transparent
hy,վեկտորական,ru,векторный,altered
hy,վենետիկ,ru,венецианский,altered
hy,վեներա,ru,венера,transparent
hy,վետերան,ru,ветеран,transparent
hy,վերբալ,ru,вербальный,altered
hy,վերնիսաժ,ru,вернисаж,transparent
hy,վերոնիկա,ru,вероника,transparent
hy,վերսիա,ru,версия,transparent
hy,վիբրացիայի,ru,вибрация,altered
hy,վիդեո,ru,видео,transparent
hy,վիդեոյի,ru,видео,transparent
hy,վիեննա,ru,вена,altered
hy,վիետնամ,ru,вьетнам,altered
hy,վիզա,ru,виза,transparent
hy,վիզուալ,ru,визуальный,transparent
hy,վիլլա,ru,вилла,transparent
hy,վիկտոր,ru,виктор,transparent
hy,վիկտորիայի,ru,виктория,transparent
hy,վիկտորյա,ru,виктория,transparent
hy,վինչեստերներ,ru,винчестер,transparent
hy,վիշնյա,ru,вишня,transparent
hy,վիտամին,ru,витамин,transparent
hy,վիրուս,ru,вирус,transparent
hy,վիրուսային,ru,вирусный,altered
hy,վիրջինիայի,ru,виргиния,transparent
hy,վիրտուալ,ru,виртуальный,transparent
hy,վիրտուոզ,ru,виртуоз,transparent
hy,վիքիպեդիա,ru,википедия,transparent
hy,վլադիմիր,ru,владимир,transparent
hy,վլադիսլավ,ru,владислав,transparent
hy,վոլգա,ru,волга,transparent
hy,վոլգոգրադ,ru,волгоград,transparent
hy,վոլեյբոլ,ru,волейбол,transparent
hy,վոլոդյա,ru,володя,transparent
hy,վոլֆսբուրգ,ru,вольфсбург,transparent
hy,վոկալ,ru,вокальный,transparent
hy,վոկալային,ru,вокальный,altered
hy,վոկալիստ,ru,вокалист,transparent
hy,վստրեչի,ru,встреча,altered
hy,վրեդ,ru,вред,transparent
hy,տաբու,ru,табу,transparent
hy,տալլին,ru,таллин,altered
hy,տակտիկա,ru,тактика,transparent
hy,տակտիկական,ru,тактический,altered
hy,տակտից,ru,тактика,altered
hy,տանգո,ru,танго,transparent
hy,տանկ,ru,танк,transparent
hy,տանկային,ru,танк,transparent
hy,տաշքենդ,ru,ташкент,altered
hy,տաջիկ,ru,таджик,transparent
hy,տաջիկստան,ru,таджикистан,altered
hy,տատյանա,ru,татьяна,transparent
hy,տաքսիստ,ru,таксист,transparent
hy,տաքսիստի,ru,таксист,transparent
hy,տելեֆոն,ru,телефон,transparent
hy,տեխնիկա,ru,техника,transparent
hy,տեխնիկապես,ru,технически,transparent
hy,տեխնոլոգ,ru,технолог,transparent
hy,տեխնոլոգիա,ru,технология,transparent
hy,տեխնոլոգիայով,ru,технология,altered
hy,տեկտոնական,ru,тектонический,altered
hy,տեմպ,ru,темп,transparent
hy,տենդենց,ru,тенденция,altered
hy,տենդենցի,ru,тенденция,altered
hy,տեռորիզմ,ru,терроризм,transparent
hy,տեռորիստ,ru,террорист,transparent
hy,տեստոստերոնի,ru,тестостерон,transparent
hy,տերիտորիալ,ru,территория,transparent
hy,տերմին,ru,термин,transparent
hy,տեքստ,ru,текст,transparent
hy,տեքստիլ,ru,текстиль,transparent
hy,տիպ,ru,тип,transparent
hy,տիպական,ru,типичный,altered
hy,տիպային,ru,типичный,altered
hy,տիպիկ,ru,типичный,transparent
hy,տիտան,ru,титан,transparent
hy,տիտղոս,ru,титул,altered
hy,տիտրերի,ru,титр,altered
hy,տոնիկ,ru,тоник,transparent
hy,տոննա,ru,тонна,transparent
hy,տոննայի,ru,тонна,transparent
hy,տորոնտոյի,ru,торонто,transparent
hy,տուբերկուլյոզ,ru,туберкулёз,altered
hy,տուբերկուլոզ,ru,туберкулёз,transparent
hy,տուպոյ,ru,тупой,transparent
hy,տուրիզմ,ru,туризм,transparent
hy,տուրիստ,ru,турист,transparent
hy,տուրիստական,ru,туристический,altered
hy,տուֆտա,ru,туфта,transparent
hy,տրակտոր,ru,трактор,transparent
hy,տրանս,ru,транс,transparent
hy,տրանսգենդեր,ru,трансгендер,transparent
hy,տրանսպորտ,ru,транспорт,transparent
hy,տրանսֆեր,ru,трансфер,transparent
hy,տրանսֆորմացիոն,ru,трансформация,altered
hy,տրավմա,ru,травма,transparent
hy,տրավմայի,ru,травма,transparent
hy,տրավման,ru,травма,altered
hy,տրավմաներ,ru,травма,transparent
hy,տրիբունալ,ru,трибуна,transparent
hy,տրիլիոն,ru,триллион,transparent
hy,տրիո,ru,трио,transparent
hy,տրոլեյբուս,ru,троллейбус,transparent
hy,տրոյական,ru,троянский,altered
hy,տրոպիկական,ru,тропический,altered
hy,ցար,ru,царь,altered
hy,ցարական,ru,царский,altered
hy,ցեմենտ,ru,цемент,transparent
hy,ցիկլ,ru,цикл,transparent
hy,ցիկլոն,ru,циклон,transparent
hy,ցինիզմ,ru,цинизм,transparent
hy,ցինիկ,ru,циник,transparent
hy,ցինկ,ru,цинк,transparent
hy,ցիտոպլազմա,ru,цитоплазма,altered
hy,ցուկերբերգ,ru,цукерберг,altered
hy,ցունամի,ru,цунами,transparent
hy,փաշա,ru,паша,transparent
hy,փարավոն,ru,фараон,altered
hy,փարիզ,ru,париж,transparent
hy,փարիսեցի,ru,фарисей,altered
hy,փիթեր,ru,питер,transparent
hy,փիլիսոփա,ru,философ,altered
hy,փլավ,ru,плов,transparent
hy,փոստային,ru,почтовый,altered
hy,քաոս,ru,хаос,altered
hy,քարավան,ru,караван,transparent
hy,քարտ,ru,карта,altered
hy,քիմիա,ru,химия,transparent
hy,քիմիկոս,ru,химик,transparent
hy,քիմիոթերապիա,ru,химиотерапия,altered
hy,քլոր,ru,хлор,altered
hy,քորոնա,ru,корона,altered
hy,քուվեյթ,ru,кувейт,transparent
hy,քվանտային,ru,квантовый,altered
hy,քրիստափոր,ru,кристофер,altered
hy,քրիստիան,ru,христианин,altered
hy,քրիստին,ru,кристина,altered
hy,քրիստոնեական,ru,христианский,altered
hy,քրոմ,ru,хром,altered
hy,քրոմոսոմ,ru,хромосома,altered
hy,քրոնիկ,ru,хронический,altered
hy,քրոնիկական,ru,хронический,altered
hy,օազիս,ru,оазис,transparent
hy,օբամա,ru,обама,transparent
hy,օբյեկտ,ru,объект,altered
hy,օբյեկտիվ,ru,объективный,altered
hy,օգոստինոս,ru,августин,altered
hy,օդեսա,ru,одесса,altered
hy,օլգա,ru,ольга,transparent
hy,օլեգ,ru,олег,transparent
hy,օլիգարխ,ru,олигарх,transparent
hy,օլիմպիադա,ru,олимпиада,transparent
hy,օլիմպիական,ru,олимпийский,altered
hy,օլիվեր,ru,оливер,transparent
hy,օկլահոմա,ru,оклахома,transparent
hy,օկուպացիա,ru,оккупация,transparent
hy,օկրուգ,ru,округ,transparent
hy,օմ,ru,ом,transparent
hy,օմբուդսմեն,ru,омбудсмен,transparent
hy,օնտարիո,ru,онтарио,transparent
hy,օպել,ru,опель,transparent
hy,օպերա,ru,опера,transparent
hy,օպերատիվ,ru,оперативный,transparent
hy,օպերատոր,ru,оператор,transparent
hy,օպերացիա,ru,операция,transparent
hy,օպերացիոն,ru,операционный,altered
hy,օպտիկական,ru,оптический,altered
hy,օպտիմալ,ru,оптимальный,transparent
hy,օսմանյան,ru,оттоманский,altered
hy,օվալաձև,ru,овальный,altered
hy,օվկիանոս,ru,океан,transparent
hy,օրգազմ,ru,оргазм,transparent
hy,օրգան,ru,орган,altered
hy,օրգանական,ru,органический,altered
hy,օրգանիզմ,ru,организм,altered
hy,օրիգինալ,ru,оригинал,transparent
hy,օրկեստրի,ru,оркестр,transparent
hy,օքսիդի,ru,оксид,transparent
hy,օքսիտոցին,ru,окситоцин,altered
hy,օքսֆորդ,ru,оксфорд,transparent
hy,ֆաբրիկա,ru,фабрика,transparent
hy,ֆակուլտատիվ,ru,факультативный,transparent
hy,ֆակուլտետ,ru,факультет,transparent
hy,ֆայլ,ru,файл,transparent
hy,ֆանտազիաներ,ru,фантазия,transparent
hy,ֆանտաստիկ,ru,фантастика,transparent
hy,ֆաշիզմ,ru,фашизм,transparent
hy,ֆաշիստ,ru,фашист,transparent
hy,ֆաշիստական,ru,фашистский,altered
hy,ֆավորիտ,ru,фаворит,transparent
hy,ֆեդերալ,ru,федеральный,altered
hy,ֆեդերացիա,ru,федерация,transparent
hy,ֆելիքս,ru,феликс,transparent
hy,ֆենոմեն,ru,феномен,transparent
hy,ֆենոմենալ,ru,феноменальный,altered
hy,ֆեոդալ,ru,феодал,transparent
hy,ֆեոդալական,ru,феодальный,altered
hy,ֆեոդոր,ru,фёдор,transparent
hy,ֆերդինանդ,ru,фердинанд,transparent
hy,ֆերմա,ru,ферма,transparent
hy,ֆերմենտ,ru,фермент,transparent
hy,ֆիգուր,ru,фигура,altered
hy,ֆիզիկա,ru,физика,transparent
hy,ֆիզիկական,ru,физический,altered
hy,ֆիզիկապես,ru,физически,transparent
hy,ֆիզիկոս,ru,физик,altered
hy,ֆիզիոլոգիա,ru,физиология,transparent
hy,ֆիզկուլտ,ru,физкультура,altered
hy,ֆիզկուլտուրա,ru,физкультура,transparent
hy,ֆիլադելֆիա,ru,филадельфия,transparent
hy,ֆիլհարմոնիա,ru,филармония,transparent
hy,ֆիլմ,ru,фильм,transparent
hy,ֆինանս,ru,финансы,transparent
hy,ֆինանսական,ru,финансовый,transparent
hy,ֆինանսապես,ru,финансово,altered
hy,ֆինանսիստ,ru,финансист,transparent
hy,ֆիսկալ,ru,фискальный,altered
hy,ֆիրմա,ru,фирма,transparent
hy,ֆիրմային,ru,фирма,transparent
hy,ֆիֆա-ի,ru,фифа,transparent
hy,ֆլեյտա,ru,флейта,altered
hy,ֆլեշ,ru,флеш,transparent
hy,ֆլեշմոբ,ru,флешмоб,transparent
hy,ֆլորա,ru,флора,transparent
hy,ֆոկուսներ,ru,фокус,transparent
hy,ֆոն,ru,фон,transparent
hy,ֆոնդ,ru,фонд,transparent
hy,ֆոսֆոր,ru,фосфор,transparent
hy,ֆոտոալբոմ,ru,фотоальбом,transparent
hy,ֆոտոն,ru,фотон,transparent
hy,ֆորդ,ru,форд,transparent
hy,ֆորմալ,ru,формальный,altered
hy,ֆորմատ,ru,формат,transparent
hy,ֆորմուլա,ru,формула,transparent
hy,ֆորում,ru,форум,altered
hy,ֆորտ,ru,форт,transparent
hy,ֆունդամենտալ,ru,фундаментальный,altered
hy,ֆունկցիա,ru,функция,transparent
hy,ֆունկցիոնալ,ru,функциональный,altered
hy,ֆունտ,ru,фунт,transparent
hy,ֆուտբոլ,ru,футбол,transparent
hy,ֆուտբոլային,ru,футбол,altered
hy,ֆուտբոլիստ,ru,футболист,transparent
hy,ֆրազներ,ru,фраза,transparent
hy,ֆրանկ,ru,франк,transparent
hy,ֆրանկլին,ru,франклин,altered
hy,ֆրանկֆուրտ,ru,франкфурт,transparent
hy,ֆրանսիական,ru,французский,altered
hy,ֆրիդրիխ,ru,фридрих,transparent
ru,абелев,hy,աբելյանի,altered
ru,абель,hy,աբել,transparent
ru,аборт,hy,աբորտ,transparent
ru,абсурд,hy,աբսուրդ,transparent
ru,абхаз,hy,աբխազներ,altered
ru,абхазия,hy,աբխազիա,transparent
ru,авангард,hy,ավանգարդ,transparent
ru,август,hy,ավգուստ,transparent
ru,августин,hy,օգոստինոս,altered
ru,авиация,hy,ավիացիա,transparent
ru,австралия,hy,ավստրալիա,transparent
ru,австрия,hy,ավստրիա,altered
ru,авто,hy,ավտո,transparent
ru,автобус,hy,ավտոբուս,transparent
ru,автомат,hy,ավտոմատ,transparent
ru,автоматизация,hy,ավտոմատացում,altered
ru,автоматизировать,hy,ավտոմատացնել,altered
ru,автомобиль,hy,ավտոմոբիլ,transparent
ru,авторитарный,hy,ավտորիտար,transparent
ru,агат,hy,ագաթ,transparent
ru,агрегат,hy,ագրեգատներ,altered
ru,агрессивный,hy,ագրեսիվ,transparent
ru,агрессия,hy,ագրեսիա,altered
ru,адам,hy,ադամ,transparent
ru,адаптация,hy,ադապտացիա,transparent
ru,адаптировать,hy,ադապտացվել,transparent
ru,адекватный,hy,ադեկվատ,transparent
ru,административный,hy,ադմինիստրատիվ,altered
ru,администратор,hy,ադմինիստրատոր,altered
ru,администрация,hy,ադմինիստրացիա,transparent
ru,азия,hy,ասիա,altered
ru,азот,hy,ազոտ,transparent
ru,азотный,hy,ազոտական,altered
ru,академик,hy,ակադեմիկոս,transparent
ru,академический,hy,ակադեմիական,altered
ru,академия,hy,ակադեմիա,transparent
ru,аквариум,hy,ակվարիում,transparent
ru,акт,hy,ակտ,transparent
ru,активация,hy,ակտիվացում,altered
ru,активировать,hy,ակտիվացնել,altered
ru,активист,hy,ակտիվիստ,transparent
ru,активность,hy,ակտիվություն,altered
ru,активный,hy,ակտիվ,transparent
ru,актуальный,hy,ակտուալ,altered
ru,акустический,hy,ակուստիկ,altered
ru,акцент,hy,ակցենտով,transparent
ru,акция,hy,ակցիա,transparent
ru,албания,hy,ալբանիա,transparent
ru,алгоритм,hy,ալգորիթմ,transparent
ru,александр,hy,ալեքսանդր,altered
ru,александров,hy,ալեքսանդր,transparent
ru,алексей,hy,ալեքսեյ,transparent
ru,алиев,hy,ալիեւ,transparent
ru,алина,hy,ալինա,transparent
ru,алкоголизм,hy,ալկոհոլիզմ,transparent
ru,алкоголь,hy,ալկոհոլ,transparent
ru,алкогольный,hy,ալկոհոլային,altered
ru,аллерген,hy,ալերգեններ,transparent
ru,аллергический,hy,ալերգիկ,altered
ru,аллергия,hy,ալերգիա,transparent
ru,альбом,hy,ալբոմ,transparent
ru,альманах,hy,ալմանախ,transparent
ru,альтернатива,hy,ալտերնատիվ,altered
ru,альфа,hy,ալֆա,altered
ru,алюминий,hy,ալումյան,altered
ru,аляска,hy,ալյասկայի,transparent
ru,амбиция,hy,ամբիցիա,transparent
ru,амбулаторный,hy,ամբուլատոր,transparent
ru,аминокислота,hy,ամինաթթու,altered
ru,аммиак,hy,ամոնիակի,altered
ru,амстердам,hy,ամստերդամ,transparent
ru,амундсен,hy,ամունդսենի,transparent
ru,анализ,hy,անալիզ,transparent
ru,аналитик,hy,անալիտիկ,transparent
ru,аналитический,hy,անալիտիկ,altered
ru,анастасия,hy,անաստասիա,altered
ru,анатолий,hy,անատոլի,altered
ru,анатомический,hy,անատոմիական,altered
ru,анатомия,hy,անատոմիա,transparent
ru,андорра,hy,անդորր,transparent
ru,андрей,hy,անդրեյ,transparent
ru,анекдот,hy,անեկդոտ,transparent
ru,анимация,hy,անիմացիոն,altered
ru,аномалия,hy,անոմալիա,transparent
ru,ансамбль,hy,անսամբլ,transparent
ru,антарктида,hy,անտարկտիդա,transparent
ru,антибиотик,hy,հակաբիոտիկ,altered
ru,антиохия,hy,անտիոքի,transparent
ru,антон,hy,անտոն,transparent
ru,аорта,hy,աորտա,transparent
ru,аппарат,hy,ապարատ,transparent
ru,апрель,hy,ապրիլ,transparent
ru,араб,hy,արաբ,transparent
ru,арабский,hy,արաբական,altered
ru,арарат,hy,արարատ,transparent
ru,аргентина,hy,արգենտինա,transparent
ru,аргентинец,hy,արգենտինացի,altered
ru,арго,hy,արգո,transparent
ru,аргумент,hy,արգումենտ,transparent
ru,арена,hy,արենա,transparent
ru,аризона,hy,արիզոնա,transparent
ru,арийский,hy,արիական,transparent
ru,аристократ,hy,արիստոկրատ,transparent
ru,аристотель,hy,արիստոտել,altered
ru,армения,hy,արմենիա,altered
ru,арнольд,hy,առնոլդ,transparent
ru,ароматический,hy,արոմատիկ,altered
ru,арсенал,hy,արսենալ,transparent
ru,арт,hy,արտ,transparent
ru,артель,hy,արտելը,transparent
ru,артист,hy,արտիստ,transparent
ru,артур,hy,արթուր,transparent
ru,артём,hy,արտեմ,transparent
ru,архив,hy,արխիվ,transparent
ru,архивный,hy,արխիվային,altered
ru,архиепископ,hy,արքեպիսկոպոս,altered
ru,асимметричный,hy,ասիմետրիկ,altered
ru,аспект,hy,ասպեկտ,transparent
ru,аспирант,hy,ասպիրանտ,transparent
ru,аспирантура,hy,ասպիրանտուրա,transparent
ru,ассистент,hy,ասիստենտ,transparent
ru,ассоциативный,hy,ասոցիատիվ,altered
ru,ассоциация,hy,ասոցիացիա,altered
ru,ассоциировать,hy,ասոցացվել,altered
ru,астана,hy,աստանա,transparent
ru,астма,hy,ասթմա,transparent
ru,астрахань,hy,աստրախան,transparent
ru,асфальт,hy,ասֆալտապատում,altered
ru,атеизм,hy,աթեիզմ,transparent
ru,атеист,hy,աթեիստ,transparent
ru,атеросклероз,hy,աթերոսկլերոզ,transparent
ru,атлантический,hy,ատլանտյան,altered
ru,атлетика,hy,աթլետիկա,transparent
ru,атом,hy,ատոմ,transparent
ru,атомный,hy,ատոմային,altered
ru,атрибут,hy,ատրիբուտ,transparent
ru,аттестат,hy,ատեստատ,transparent
ru,аудио,hy,աուդիո,transparent
ru,аудит,hy,աուդիտ,transparent
ru,аутизм,hy,աուտիզմ,transparent
ru,аутоиммунный,hy,աուտոիմուն,altered
ru,афганский,hy,աֆղանական,altered
ru,афоризм,hy,աֆորիզմը,transparent
ru,африка,hy,աֆրիկա,transparent
ru,африканский,hy,աֆրիկյան,altered
ru,афроамериканец,hy,աֆրոամերիկացի,altered
ru,ацетон,hy,ացետոն,altered
ru,ацтек,hy,ացտեկներ,transparent
ru,бавария,hy,բավարիա,transparent
ru,багдад,hy,բաղդադ,transparent
ru,база,hy,բազա,transparent
ru,базальт,hy,բազալտ,transparent
ru,базар,hy,բազարը,transparent
ru,бакалавр,hy,բակալավր,transparent
ru,бактерия,hy,բակտերիա,transparent
ru,бал,hy,բալ,transparent
ru,балет,hy,բալետ,transparent
ru,балетный,hy,բալետային,transparent
ru,балканский,hy,բալկանյան,altered
ru,баллистический,hy,բալիստիկ,altered
ru,бамбук,hy,բամբուկ,transparent
ru,банан,hy,բանան,transparent
ru,бангладеш,hy,բանգլադեշ,transparent
ru,банк,hy,բանկ,transparent
ru,банкир,hy,բանկիր,transparent
ru,банковый,hy,բանկային,altered
ru,банкомат,hy,բանկոմատ,transparent
ru,барбара,hy,բարբարա,transparent
ru,баритон,hy,բարիտոն,transparent
ru,барокко,hy,բարոկկո,altered
ru,барон,hy,բարոն,transparent
ru,баррикада,hy,բարիկադ,altered
ru,бейсбол,hy,բեյսբոլ,transparent
ru,беларусь,hy,բելառուս,altered
ru,белый,hy,բելայա,transparent
ru,бельгия,hy,բելգիա,altered
ru,бензин,hy,բենզին,transparent
ru,берлин,hy,բեռլին,transparent
ru,бета,hy,բետա,transparent
ru,бетон,hy,բետոնե,transparent
ru,бизнесмен,hy,բիզնեսմեն,transparent
ru,бизон,hy,բիզոն,transparent
ru,билл,hy,բիլ,altered
ru,бистро,hy,բիստրո,transparent
ru,блейк,hy,բլեյք,altered
ru,блеф,hy,բլեֆ,transparent
ru,блог,hy,բլոգ,transparent
ru,блок,hy,բլոկ,transparent
ru,блокнот,hy,բլոկնոտ,transparent
ru,богдан,hy,բոգդան,transparent
ru,бойкот,hy,բոյկոտ,transparent
ru,бойкотировать,hy,բոյկոտել,altered
ru,бокс,hy,բոքս,transparent
ru,болгарин,hy,բուլղարներ,altered
ru,болгарский,hy,բուլղարական,altered
ru,боливия,hy,բոլիվիա,transparent
ru,болонья,hy,բոլոնիա,altered
ru,большевик,hy,բոլշևիկ,transparent
ru,бомба,hy,բոմբ,altered
ru,бомж,hy,բոմժ,transparent
ru,бонд,hy,բոնդ,transparent
ru,бонус,hy,բոնուս,transparent
ru,боруссия,hy,բորուսիան,transparent
ru,борщ,hy,բորշը,transparent
ru,босния,hy,բոսնիա,transparent
ru,бостон,hy,բոստոն,transparent
ru,боулинг,hy,բոուլինգ,transparent
ru,бразилия,hy,բրազիլիա,transparent
ru,бренд,hy,բրենդ,transparent
ru,бригада,hy,բրիգադ,altered
ru,британия,hy,բրիտանիա,altered
ru,брокколи,hy,բրոկոլիով,altered
ru,бронза,hy,բրոնզ,transparent
ru,бронх,hy,բրոնխներ,altered
ru,бруно,hy,բրունո,transparent
ru,брюсов,hy,բրյուս,transparent
ru,будапешт,hy,բուդապեշտ,transparent
ru,будда,hy,բուդդա,transparent
ru,будка,hy,բուդկա,transparent
ru,буклет,hy,բուկլետ,transparent
ru,булгаков,hy,բուլգակով,transparent
ru,бульвар,hy,բուլվար,altered
ru,бумеранг,hy,բումերանգ,transparent
ru,бундеслига,hy,բունդեսլիգա,transparent
ru,бундестаг,hy,բունդեսթագ,transparent
ru,бурбон,hy,բուրբոն,transparent
ru,буржуазия,hy,բուրժուազիա,transparent
ru,буфет,hy,բուֆետ,transparent
ru,бухарест,hy,բուխարեստ,transparent
ru,бюджетный,hy,բյուջետային,altered
ru,бюро,hy,բյուրո,transparent
ru,бюрократия,hy,բյուրոկրատիա,transparent
ru,вавилонский,hy,բաբելոնյան,altered
ru,вагон,hy,վագոն,transparent
ru,вакуум,hy,վակուում,transparent
ru,валентин,hy,վալենտին,transparent
ru,валентина,hy,վալենտինա,transparent
ru,вальс,hy,վալս,transparent
ru,вампир,hy,վամպիր,transparent
ru,вандализм,hy,վանդալիզմ,transparent
ru,варшава,hy,վարշավա,transparent
ru,василий,hy,վասիլի,transparent
ru,ватикан,hy,վատիկան,transparent
ru,вашингтон,hy,վաշինգտոն,transparent
ru,вегетативный,hy,վեգետատիվ,altered
ru,вектор,hy,վեկտոր,transparent
ru,векторный,hy,վեկտորական,altered
ru,венера,hy,վեներա,transparent
ru,венецианский,hy,վենետիկ,altered
ru,вербальный,hy,վերբալ,altered
ru,вернисаж,hy,վերնիսաժ,transparent
ru,вероника,hy,վերոնիկա,transparent
ru,версия,hy,վերսիա,transparent
ru,ветеран,hy,վետերան,transparent
ru,вибрация,hy,վիբրացիայի,altered
ru,видео,hy,վիդեո,transparent
ru,виза,hy,վիզա,transparent
ru,визуальный,hy,վիզուալ,transparent
ru,википедия,hy,վիքիպեդիա,transparent
ru,виктор,hy,վիկտոր,transparent
ru,виктория,hy,վիկտորիայի,transparent
ru,вилла,hy,վիլլա,transparent
ru,винчестер,hy,վինչեստերներ,transparent
ru,виргиния,hy,վիրջինիայի,transparent
ru,виртуальный,hy,վիրտուալ,transparent
ru,виртуоз,hy,վիրտուոզ,transparent
ru,вирус,hy,վիրուս,transparent
ru,вирусный,hy,վիրուսային,altered
ru,витамин,hy,վիտամին,transparent
ru,вишня,hy,վիշնյա,transparent
ru,владимир,hy,վլադիմիր,transparent
ru,владислав,hy,վլադիսլավ,transparent
ru,военкомат,hy,զինկոմիսարիատ,altered
ru,вокалист,hy,վոկալիստ,transparent
ru,вокальный,hy,վոկալ,transparent
ru,волга,hy,վոլգա,transparent
ru,волгоград,hy,վոլգոգրադ,transparent
ru,волейбол,hy,վոլեյբոլ,transparent
ru,володя,hy,վոլոդյա,transparent
ru,вольфсбург,hy,վոլֆսբուրգ,transparent
ru,вред,hy,վրեդ,transparent
ru,встреча,hy,վստրեչի,altered
ru,вьетнам,hy,վիետնամ,altered
ru,габриеля,hy,գաբրիել,altered
ru,гагарин,hy,գագարին,transparent
ru,газ,hy,գազ,transparent
ru,газета,hy,գազետա,transparent
ru,газовый,hy,գազային,transparent
ru,газпром,hy,գազպրոմ,transparent
ru,гала,hy,գալա,transparent
ru,галактика,hy,գալակտիկա,transparent
ru,галлюцинация,hy,հալյուցինացիա,altered
ru,гамильтон,hy,համիլթոնը,altered
ru,гамлет,hy,համլետ,altered
ru,ганг,hy,գանգ,transparent
ru,гармоника,hy,հարմոնիկ,transparent
ru,гармония,hy,հարմոնիա,altered
ru,гвардия,hy,գվարդիա,transparent
ru,гектар,hy,հեկտար,transparent
ru,гелий,hy,հելիում,altered
ru,гемоглобин,hy,հեմոգլոբինի,transparent
ru,ген,hy,գեն,transparent
ru,генерал,hy,գեներալ,altered
ru,генератор,hy,գեներատոր,transparent
ru,генетика,hy,գենետիկ,transparent
ru,генетически,hy,գենետիկորեն,altered
ru,генетический,hy,գենետիկական,transparent
ru,генрих,hy,հենրիկ,altered
ru,геодезический,hy,գեոդեզիական,altered
ru,георгий,hy,գևորգ,altered
ru,гепатит,hy,հեպատիտ,altered
ru,герман,hy,հերման,transparent
ru,германский,hy,գերման,altered
ru,героин,hy,հերոին,transparent
ru,герой,hy,հերոս,altered
ru,гетто,hy,գետտո,altered
ru,гибрид,hy,հիբրիդ,transparent
ru,гидролиз,hy,հիդրոլիզ,transparent
ru,гидротехнический,hy,հիդրոտեխնիկական,altered
ru,гидроэлектростанция,hy,հիդրոէլեկտրակայան,altered
ru,гильдия,hy,գիլդիա,transparent
ru,гимн,hy,հիմ,altered
ru,гимназия,hy,գիմնազիա,transparent
ru,гинекологический,hy,գինեկոլոգիական,transparent
ru,гипотеза,hy,հիպոթեզ,altered
ru,гитара,hy,գիթառով,altered
ru,гитлер,hy,հիտլեր,transparent
ru,глаукома,hy,գլաուկոմա,transparent
ru,глобализация,hy,գլոբալացում,transparent
ru,глобальный,hy,գլոբալ,altered
ru,глобус,hy,գլոբուս,transparent
ru,глюкоза,hy,գլյուկոզ,transparent
ru,гоголь,hy,գոգոլ,altered
ru,голландский,hy,հոլանդական,altered
ru,гольф,hy,գոլֆ,altered
ru,гомосексуал,hy,հոմոսեքսուալ,altered
ru,гонконг,hy,հոնկոնգ,altered
ru,гонорар,hy,հոնորար,transparent
ru,горизонт,hy,հորիզոն,altered
ru,горизонтальный,hy,հորիզոնական,altered
ru,гормон,hy,հորմոն,transparent
ru,гороскоп,hy,հորոսկոպ,altered
ru,госпитализировать,hy,հոսպիտալացվել,altered
ru,госпиталь,hy,հոսպիտալ,altered
ru,гравитационный,hy,գրավիտացիոն,transparent
ru,грамм,hy,գրամ,transparent
ru,грандиозный,hy,գրանդիոզ,altered
ru,грант,hy,գրանտ,transparent
ru,график,hy,գրաֆիկ,transparent
ru,графика,hy,գրաֆիկա,transparent
ru,графический,hy,գրաֆիկական,altered
ru,грипп,hy,գրիպ,transparent
ru,гроссмейстер,hy,գրոսմայստեր,altered
ru,грош,hy,գրոշ,transparent
ru,грунт,hy,գրունտային,altered
ru,гугл,hy,google-ը,altered
ru,гуманизм,hy,հումանիզմ,altered
ru,гуманист,hy,հումանիստ,transparent
ru,гуманистический,hy,հումանիստական,altered
ru,гуманитарный,hy,հումանիտար,altered
ru,гёте,hy,գյոթե,altered
ru,давид,hy,դևիդ,transparent
ru,дебют,hy,դեբյուտ,transparent
ru,деградация,hy,դեգրադացիա,transparent
ru,декабрь,hy,դեկտեմբեր,transparent
ru,декан,hy,դեկան,transparent
ru,декоративный,hy,դեկորատիվ,transparent
ru,декорация,hy,դեկորացիա,transparent
ru,дельфин,hy,դելֆին,transparent
ru,демо,hy,դեմո,transparent
ru,демографический,hy,դեմոգրաֆիական,transparent
ru,демократ,hy,դեմոկրատ,transparent
ru,демократический,hy,դեմոկրատական,transparent
ru,демократия,hy,դեմոկրատիա,altered
ru,департамент,hy,դեպարտամենտ,transparent
ru,депрессивный,hy,դեպրեսիվ,altered
ru,депрессия,hy,դեպրեսիա,transparent
ru,депутат,hy,դեպուտատ,transparent
ru,деталь,hy,դետալ,transparent
ru,детектив,hy,դետեկտիվ,transparent
ru,дефицит,hy,դեֆիցիտ,transparent
ru,деформация,hy,դեֆորմացիաներ,transparent
ru,джаз,hy,ջազ,altered
ru,джеймс,hy,ջեյմս,transparent
ru,джефферсон,hy,ջեֆերսոն,altered
ru,диабет,hy,դիաբետ,transparent
ru,диабетический,hy,դիաբետիկ,altered
ru,диалектический,hy,դիալեկտիկական,transparent
ru,диалог,hy,դիալոգ,transparent
ru,диана,hy,դիանա,transparent
ru,диван,hy,դիվան,transparent
ru,диверсант,hy,դիվերսանտ,transparent
ru,диверсия,hy,դիվերսիա,transparent
ru,дивизион,hy,դիվիզիոն,transparent
ru,дивизия,hy,դիվիզիա,transparent
ru,диета,hy,դիետաներ,transparent
ru,диетический,hy,դիետիկ,altered
ru,дизайн,hy,դիզայն,transparent
ru,дизайнер,hy,դիզայներ,transparent
ru,дизель,hy,դիզել,transparent
ru,диктатор,hy,դիկտատոր,transparent
ru,диктатура,hy,դիկտատուրա,transparent
ru,динамик,hy,դինամիկ,transparent
ru,динамо,hy,դինամո,transparent
ru,династия,hy,դինաստիա,transparent
ru,динозавр,hy,դինոզավր,transparent
ru,диплом,hy,դիպլոմ,transparent
ru,директор,hy,դիրեկտոր,transparent
ru,дирижёр,hy,դիրիժոր,transparent
ru,диск,hy,դիսկ,transparent
ru,дискретный,hy,դիսկրետ,transparent
ru,диссертация,hy,դիսերտացիա,transparent
ru,дифференциал,hy,դիֆերենցիալ,altered
ru,дифференциальный,hy,դիֆերենցիալ,altered
ru,дмитрий,hy,դմիտրի,altered
ru,доза,hy,դոզա,transparent
ru,доктор,hy,դոկտոր,transparent
ru,докторский,hy,դոկտորական,altered
ru,доктрина,hy,դոկտրինի,transparent
ru,доллар,hy,դոլար,altered
ru,доминанта,hy,դոմինանտ,transparent
ru,донецк,hy,դոնեցկ,transparent
ru,донор,hy,դոնոր,transparent
ru,доцент,hy,դոցենտ,transparent
ru,драма,hy,դրամա,transparent
ru,драматический,hy,դրամատիկ,altered
ru,драматургия,hy,դրամատուրգիա,transparent
ru,дубль,hy,դուբլ,transparent
ru,дума,hy,դումա,transparent
ru,дуэт,hy,դուետ,transparent
ru,ева,hy,եվա,transparent
ru,евгений,hy,եվգենի,altered
ru,евразия,hy,եվրասիա,altered
ru,евро,hy,եվրո,transparent
ru,европа,hy,եվրոպա,transparent
ru,европейский,hy,եվրոպական,transparent
ru,египетский,hy,եգիպտական,altered
ru,екатерина,hy,եկատերինա,transparent
ru,елизавета,hy,ելիզավետա,transparent
ru,ереван,hy,երևան,altered
ru,жанна,hy,ժաննա,transparent
ru,жанр,hy,ժանր,transparent
ru,жаргон,hy,ժարգոն,transparent
ru,жест,hy,ժեստ,transparent
ru,жизнь,hy,ժիզն,transparent
ru,жир,hy,ժիր,transparent
ru,журналист,hy,ժուռնալիստ,transparent
ru,журналистика,hy,ժուռնալիստիկա,transparent
ru,жюри,hy,ժյուրի,transparent
ru,зенит,hy,զենիթ,transparent
ru,зинаида,hy,զինաիդա,transparent
ru,зомби,hy,զոմբի,transparent
ru,зона,hy,զոնա,transparent
ru,иван,hy,իվան,transparent
ru,иванович,hy,իվանովիչ,transparent
ru,идеал,hy,իդեալ,transparent
ru,идеализм,hy,իդեալիզմ,transparent
ru,идеальный,hy,իդեալական,altered
ru,иерархический,hy,հիերարխիկ,altered
ru,иерархия,hy,հիերարխիա,transparent
ru,иероглиф,hy,հիերոգլիֆներ,altered
ru,изотоп,hy,իզոտոպ,altered
ru,израиль,hy,իսրայել,transparent
ru,иисус,hy,յիսուս,altered
ru,икра,hy,իկրա,transparent
ru,иллюзия,hy,իլյուզիա,altered
ru,илья,hy,իլյա,transparent
ru,имам,hy,իմամ,transparent
ru,имитация,hy,իմիտացիա,transparent
ru,иммунитет,hy,իմունիտետ,altered
ru,империализм,hy,իմպերիալիզմ,transparent
ru,импичмент,hy,իմպիչմենտ,transparent
ru,импровизация,hy,իմպրովիզացիաներ,altered
ru,импульс,hy,իմպուլս,transparent
ru,ингибитор,hy,ինհիբիտորներ,altered
ru,индекс,hy,ինդեքս,transparent
ru,индонезийский,hy,ինդոնեզական,altered
ru,индуизм,hy,հինդուիզմ,altered
ru,индустриальный,hy,ինդուստրիալ,altered
ru,инерция,hy,իներցիա,transparent
ru,инженер,hy,ինժեներ,transparent
ru,инновация,hy,ինովացիոն,transparent
ru,институт,hy,ինստիտուտ,transparent
ru,инсулин,hy,ինսուլին,transparent
ru,интеграция,hy,ինտեգրում,altered
ru,интегрировать,hy,ինտեգրել,altered
ru,интегрироваться,hy,ինտեգրվել,altered
ru,интеллект,hy,ինտելեկտ,transparent
ru,интеллектуальный,hy,ինտելեկտուալ,transparent
ru,интенсивность,hy,ինտենսիվ,transparent
ru,интервенция,hy,ինտերվենցիա,transparent
ru,интернациональный,hy,ինտերնացիոնալ,transparent
ru,интернет,hy,ինտերնետ,transparent
ru,интим,hy,ինտիմ,transparent
ru,интрига,hy,ինտրիգ,altered
ru,интроверт,hy,ինտրովերտ,transparent
ru,интуитивный,hy,ինտուիտիվ,transparent
ru,интуиция,hy,ինտուիցիա,transparent
ru,инфаркт,hy,ինֆարկտ,transparent
ru,инфекция,hy,ինֆեկցիա,transparent
ru,информатика,hy,ինֆորմատիկայի,transparent
ru,информационный,hy,ինֆորմացիոն,altered
ru,информация,hy,ինֆորմացիա,transparent
ru,инфракрасный,hy,ինֆրակարմիր,altered
ru,ион,hy,իոն,transparent
ru,иордания,hy,հորդանան,altered
ru,иосиф,hy,իոսիֆ,transparent
ru,иран,hy,իրան,transparent
ru,ирина,hy,իրինա,transparent
ru,иркутск,hy,իրկուտսկ,transparent
ru,иррациональный,hy,իռացիոնալ,altered
ru,ислам,hy,իսլամ,transparent
ru,исламист,hy,իսլամիստ,transparent
ru,исламистский,hy,իսլամիստական,altered
ru,исландия,hy,իսլանդիա,altered
ru,исландский,hy,իսլանդական,altered
ru,испания,hy,իսպանիա,transparent
ru,истерик,hy,հիստերիկ,altered
ru,истерия,hy,հիստերիա,altered
ru,италия,hy,իտալիա,transparent
ru,итальянский,hy,իտալացի,altered
ru,ишемический,hy,իշեմիկ,altered
ru,йогурт,hy,յոգուրտ,transparent
ru,кабинет,hy,կաբինետ,transparent
ru,кавказ,hy,կովկաս,altered
ru,кадастр,hy,կադաստր,transparent
ru,кадастровый,hy,կադաստրային,altered
ru,кадр,hy,կադր,transparent
ru,кадровый,hy,կադրային,altered
ru,казак,hy,կազակ,transparent
ru,казан,hy,կազան,transparent
ru,казино,hy,կազինո,transparent
ru,какао,hy,կակաո,transparent
ru,кактус,hy,կակտուս,transparent
ru,калашников,hy,կալաշնիկով,transparent
ru,калий,hy,կալիում,transparent
ru,калория,hy,կալորիաներ,transparent
ru,кальций,hy,կալցիում,transparent
ru,камера,hy,կամերա,transparent
ru,канон,hy,կանոն,transparent
ru,канонический,hy,կանոնական,altered
ru,кантон,hy,կանտոն,transparent
ru,канцлер,hy,կանցլեր,altered
ru,капитал,hy,կապիտալ,transparent
ru,капитализация,hy,կապիտալիզացիա,transparent
ru,капитализм,hy,կապիտալիզմ,transparent
ru,капиталистический,hy,կապիտալիստական,altered
ru,капитан,hy,կապիտան,transparent
ru,капитуляция,hy,կապիտուլյացիա,transparent
ru,караван,hy,քարավան,transparent
ru,карантин,hy,կարանտին,transparent
ru,карантинный,hy,կարանտինային,altered
ru,карате,hy,կարատե,transparent
ru,кардинал,hy,կարդինալ,transparent
ru,карло,hy,կարլո,altered
ru,карлос,hy,կառլոս,transparent
ru,каролина,hy,կարոլինա,transparent
ru,карта,hy,քարտ,altered
ru,картофель,hy,կարտոֆիլ,altered
ru,карусель,hy,կարուսել,transparent
ru,каскад,hy,կասկադ,transparent
ru,каспаров,hy,կասպարով,transparent
ru,касперский,hy,կասպերսկի,transparent
ru,катализатор,hy,կատալիզատոր,altered
ru,каталог,hy,կատալոգ,transparent
ru,каталония,hy,կատալոնիա,transparent
ru,катастрофа,hy,կատաստրոֆ,altered
ru,категорический,hy,կատեգորիկ,altered
ru,категория,hy,կատեգորիա,transparent
ru,катод,hy,կաթոդ,transparent
ru,католик,hy,կաթոլիկ,transparent
ru,католический,hy,կաթոլիկական,altered
ru,каучук,hy,կաուչուկ,transparent
ru,квантовый,hy,քվանտային,altered
ru,кг,hy,կգ,transparent
ru,кельтский,hy,կելտական,altered
ru,кенгуру,hy,կենգուրու,transparent
ru,керамика,hy,կերամիկայից,transparent
ru,керамический,hy,կերամիկական,transparent
ru,кесарев,hy,կեսարյան,altered
ru,кефир,hy,կեֆիրը,transparent
ru,киев,hy,կիև,transparent
ru,кило,hy,կիլո,transparent
ru,килограмм,hy,կիլոգրամ,transparent
ru,километр,hy,կիլոմետր,transparent
ru,ким,hy,կիմ,transparent
ru,кинематограф,hy,կինեմատոգրաֆ,transparent
ru,кинематографический,hy,կինեմատոգրաֆիական,altered
ru,кинематография,hy,կինեմատոգրաֆիա,transparent
ru,кинетический,hy,կինետիկ,altered
ru,кино,hy,կինո,transparent
ru,киноискусство,hy,կինոարվեստ,altered
ru,киностудия,hy,կինոստուդիա,transparent
ru,кирилл,hy,կիրիլ,transparent
ru,класс,hy,կլաս,transparent
ru,клеопатра,hy,կլեոպատրա,transparent
ru,клиент,hy,կլիենտ,transparent
ru,климат,hy,կլիմա,altered
ru,климатический,hy,կլիմայական,altered
ru,клиника,hy,կլինիկա,transparent
ru,клинический,hy,կլինիկական,transparent
ru,клуб,hy,կլուբ,transparent
ru,км,hy,կմ,transparent
ru,коалиция,hy,կոալիցիա,altered
ru,когнитивный,hy,կոգնիտիվ,altered
ru,код,hy,կոդ,transparent
ru,кокаин,hy,կոկաին,transparent
ru,коктейль,hy,կոկտեյլ,transparent
ru,коллега,hy,կոլեգա,altered
ru,коллегиальный,hy,կոլեգիալ,altered
ru,коллегия,hy,կոլեգիա,transparent
ru,коллектив,hy,կոլեկտիվ,altered
ru,коллекционер,hy,կոլեկցիոն,transparent
ru,коллекция,hy,կոլեկցիոն,transparent
ru,колхоз,hy,կոլխոզ,transparent
ru,кома,hy,կոմա,transparent
ru,комбинат,hy,կոմբինատ,transparent
ru,комбинация,hy,կոմբինացիա,transparent
ru,комедия,hy,կոմեդիա,transparent
ru,комикс,hy,կոմիքս,transparent
ru,комиссар,hy,կոմիսար,transparent
ru,комитет,hy,կոմիտե,altered
ru,коммерческий,hy,կոմերցիոն,altered
ru,коммуна,hy,կոմունա,transparent
ru,коммунальный,hy,կոմունալ,altered
ru,коммунизм,hy,կոմունիզմ,transparent
ru,коммуникация,hy,կոմունիկացիա,transparent
ru,коммунист,hy,կոմունիստ,transparent
ru,коммунистический,hy,կոմունիստական,altered
ru,компакт,hy,կոմպակտ,transparent
ru,компетентный,hy,կոմպետենտ,altered
ru,комплекс,hy,կոմպլեքս,transparent
ru,композитор,hy,կոմպոզիտոր,transparent
ru,композиция,hy,կոմպոզիցիոն,altered
ru,компонент,hy,կոմպոնենտ,transparent
ru,компот,hy,կոմպոտ,transparent
ru,компромат,hy,կոմպրոմատ,transparent
ru,компромисс,hy,կոմպրոմիս,transparent
ru,комфорт,hy,կոմֆորտ,transparent
ru,конвенция,hy,կոնվենցիա,transparent
ru,конгресс,hy,կոնգրես,altered
ru,конкретный,hy,կոնկրետ,altered
ru,консенсус,hy,կոնսենսուս,transparent
ru,консервативный,hy,կոնսերվատիվ,altered
ru,консерватория,hy,կոնսերվատորիա,transparent
ru,консолидация,hy,կոնսոլիդացիա,transparent
ru,константин,hy,կոնստանտին,transparent
ru,конструктивный,hy,կոնստրուկտիվ,altered
ru,конструктор,hy,կոնստրուկտոր,transparent
ru,конструкция,hy,կոնստրուկցիա,transparent
ru,консультация,hy,կոնսուլտացիա,transparent
ru,контакт,hy,կոնտակտ,transparent
ru,контекст,hy,կոնտեքստ,transparent
ru,конус,hy,կոն,altered
ru,конфедерация,hy,կոնֆեդերացիա,transparent
ru,конференция,hy,կոնֆերանս,altered
ru,конфета,hy,կոնֆետ,transparent
ru,конфигурация,hy,կոնֆիգուրացիա,transparent
ru,конфликт,hy,կոնֆլիկտ,transparent
ru,концепция,hy,կոնցեպցիա,altered
ru,концерт,hy,կոնցերտ,transparent
ru,коньяк,hy,կոնյակ,transparent
ru,кооперативный,hy,կոոպերատիվ,altered
ru,координата,hy,կոորդինատ,transparent
ru,координация,hy,կոորդինացում,transparent
ru,копейка,hy,կոպեկ,altered
ru,корея,hy,կորեա,altered
ru,коронавирус,hy,կորոնավիրուսային,transparent
ru,коронарный,hy,կորոնար,altered
ru,корпоративный,hy,կորպորատիվ,altered
ru,корпорация,hy,կորպորացիա,altered
ru,корректный,hy,կոռեկտ,transparent
ru,коррумпировать,hy,կոռումպացված,altered
ru,коррупционный,hy,կոռուպցիոն,transparent
ru,коррупция,hy,կոռուպցիա,transparent
ru,косметика,hy,կոսմետիկ,transparent
ru,косово,hy,կոսովո,transparent
ru,костюм,hy,կոստյում,transparent
ru,котлета,hy,կոտլետներ,transparent
ru,кофе,hy,կոֆե,transparent
ru,креативный,hy,կրեատիվ,transparent
ru,кредит,hy,կրեդիտ,transparent
ru,кредитный,hy,կրեդիտային,transparent
ru,крем,hy,կրեմ,transparent
ru,кремль,hy,կրեմլ,transparent
ru,крикет,hy,կրիկետ,transparent
ru,криминал,hy,կրիմինալ,transparent
ru,криптон,hy,կրիպտոն,transparent
ru,кристина,hy,քրիստին,altered
ru,кристофер,hy,քրիստափոր,altered
ru,критический,hy,կրիտիկական,altered
ru,крокодил,hy,կոկորդիլոս,altered
ru,крутой,hy,կռուտոյ,transparent
ru,куба,hy,կուբա,transparent
ru,кувейт,hy,քուվեյթ,transparent
ru,кул,hy,կուլ,transparent
ru,культура,hy,կուլտուրա,transparent
ru,культурный,hy,կուլտուրական,altered
ru,курс,hy,կուրս,transparent
ru,лабиринт,hy,լաբիրինթոս,transparent
ru,лаборатория,hy,լաբորատորիա,altered
ru,лава,hy,լավ,transparent
ru,лаваш,hy,լավաշ,transparent
ru,лавров,hy,լավրով,transparent
ru,лазер,hy,լազեր,transparent
ru,лазерный,hy,լազերային,altered
ru,лама,hy,լամա,transparent
ru,лампа,hy,լամպ,transparent
ru,ландшафт,hy,լանդշաֆտներ,transparent
ru,ландшафтный,hy,լանդշաֆտային,transparent
ru,лата,hy,լատ,transparent
ru,левандовский,hy,լևանդովսկին,altered
ru,легенда,hy,լեգենդ,transparent
ru,легендарный,hy,լեգենդար,altered
ru,легион,hy,լեգեոն,transparent
ru,легионер,hy,լեգեոն,transparent
ru,легитимность,hy,լեգիտիմություն,altered
ru,лейпциг,hy,լայպցիգ,transparent
ru,лейтенант,hy,լեյտենանտ,transparent
ru,лексикон,hy,լեքսիկոն,transparent
ru,ленин,hy,լենին,transparent
ru,ленинград,hy,լենինգրադ,transparent
ru,ленинградский,hy,լենինգրադյան,altered
ru,ленинский,hy,լենինյան,altered
ru,леонард,hy,լեոնարդ,transparent
ru,леонардо,hy,լեոնարդո,transparent
ru,леонид,hy,լեոնիդ,transparent
ru,либерал,hy,լիբերալ,transparent
ru,либерализм,hy,լիբերալիզմ,transparent
ru,либеральный,hy,լիբերալ,altered
ru,ливерпуль,hy,լիվերպուլ,transparent
ru,ливийский,hy,լիբիական,altered
ru,ливия,hy,լիբիա,altered
ru,лига,hy,լիգա,transparent
ru,лилит,hy,լիլիթ,transparent
ru,лиман,hy,լիման,transparent
ru,лимон,hy,լիմոն,transparent
ru,лимонад,hy,լիմոնադ,transparent
ru,лимфоцит,hy,լիմֆոցիտներ,transparent
ru,лирика,hy,լիրիկա,transparent
ru,лирический,hy,լիրիկական,altered
ru,лист,hy,լիստ,transparent
ru,литва,hy,լիտվա,transparent
ru,литр,hy,լիտր,transparent
ru,лицензировать,hy,լիցենզավորում,altered
ru,лицензия,hy,լիցենզիա,transparent
ru,лобби,hy,լոբի,transparent
ru,лозанна,hy,լոզան,altered
ru,лозунг,hy,լոզունգ,transparent
ru,локальный,hy,լոկալ,altered
ru,локомотив,hy,լոկոմոտիվ,transparent
ru,луганск,hy,լուգանսկի,transparent
ru,лукашенко,hy,լուկաշենկո,transparent
ru,людвиг,hy,լյուդվիգ,altered
ru,людмила,hy,լյուդմիլա,transparent
ru,люкс,hy,լյուքս,transparent
ru,лютеранский,hy,լյութերական,altered
ru,магазин,hy,մագազին,altered
ru,магистр,hy,մագիստրոս,transparent
ru,магистратура,hy,մագիստրատուրա,transparent
ru,магма,hy,մագմա,transparent
ru,магний,hy,մագնեզիում,altered
ru,магнит,hy,մագնիս,altered
ru,мадам,hy,մադամ,transparent
ru,мадонна,hy,մադոննա,transparent
ru,мадрид,hy,մադրիդ,transparent
ru,май,hy,մայիս,transparent
ru,майонез,hy,մայոնեզ,transparent
ru,майор,hy,մայոր,transparent
ru,македония,hy,մակեդոնիա,transparent
ru,макроэкономический,hy,մակրոտնտեսական,altered
ru,максимальный,hy,մաքսիմալ,altered
ru,мальта,hy,մալթա,transparent
ru,малярия,hy,մալարիա,transparent
ru,мама,hy,մամա,transparent
ru,манга,hy,մանգա,transparent
ru,манго,hy,մանգո,transparent
ru,мандарин,hy,մանդարին,transparent
ru,манипуляция,hy,մանիպուլյացիա,transparent
ru,мануэль,hy,մանուել,transparent
ru,марафон,hy,մարաթոն,transparent
ru,мария,hy,մարիա,transparent
ru,марк,hy,մարկ,transparent
ru,маркетинг,hy,մարքեթինգ,transparent
ru,марксизм,hy,մարքսիզմ,altered
ru,марксист,hy,մարքսիստ,transparent
ru,марс,hy,մարս,transparent
ru,маршал,hy,մարշալ,transparent
ru,масон,hy,մասոններ,transparent
ru,массачусетс,hy,մասաչուսեթս,altered
ru,массовый,hy,մասսայական,altered
ru,масштаб,hy,մասշտաբ,transparent
ru,математический,hy,մաթեմատիկական,altered
ru,материал,hy,մատերիալ,altered
ru,материализм,hy,մատերիալիզմ,transparent
ru,матрица,hy,մատրիցի,transparent
ru,мафия,hy,մաֆիա,transparent
ru,маяковский,hy,մայակովսկի,transparent
ru,медалист,hy,մեդալակիր,altered
ru,медаль,hy,մեդալ,transparent
ru,медальон,hy,մեդալիոն,altered
ru,медведев,hy,մեդվեդևը,transparent
ru,медведь,hy,մեդվեդև,altered
ru,меджлис,hy,մեջլիս,altered
ru,медиа,hy,մեդիա,transparent
ru,мексика,hy,մեքսիկա,transparent
ru,менеджер,hy,մենեջեր,transparent
ru,менингит,hy,մենինգիտ,transparent
ru,металл,hy,մետաղ,transparent
ru,металлический,hy,մետաղական,altered
ru,металлург,hy,մետալուրգ,transparent
ru,металлургический,hy,մետալուրգիական,altered
ru,металлургия,hy,մետալուրգիա,altered
ru,метастаз,hy,մետաստազ,transparent
ru,метод,hy,մեթոդ,transparent
ru,методика,hy,մեթոդիկա,transparent
ru,методический,hy,մեթոդաբանական,altered
ru,методология,hy,մեթոդոլոգիա,transparent
ru,метр,hy,մետր,transparent
ru,метро,hy,մետրո,transparent
ru,механизм,hy,մեխանիզմ,transparent
ru,механика,hy,մեխանիկա,transparent
ru,механически,hy,մեխանիկորեն,altered
ru,механический,hy,մեխանիկական,altered
ru,мешок,hy,մեշոկ,transparent
ru,мигрант,hy,միգրանտ,transparent
ru,миграция,hy,միգրացիա,altered
ru,мигрень,hy,միգրենի,transparent
ru,микро,hy,միկրո,transparent
ru,микроб,hy,միկրոբներ,altered
ru,микроорганизм,hy,միկրոօրգանիզմ,transparent
ru,микрофон,hy,միկրոֆոն,transparent
ru,милан,hy,միլան,transparent
ru,милиция,hy,միլիցա,transparent
ru,миллиард,hy,միլիարդ,transparent
ru,миллиардер,hy,միլիարդավոր,altered
ru,миллиметр,hy,միլիմետր,altered
ru,миллион,hy,միլիոն,transparent
ru,миллионер,hy,միլիոնավոր,altered
ru,минарет,hy,մինարեթ,altered
ru,минерал,hy,միներալներ,transparent
ru,минимальный,hy,մինիմալ,altered
ru,минимум,hy,մինիմում,transparent
ru,министр,hy,մինիստր,transparent
ru,минск,hy,մինսկ,transparent
ru,минус,hy,մինուս,transparent
ru,миссионер,hy,միսիոներ,transparent
ru,мистик,hy,միստիկ,transparent
ru,митинг,hy,միտինգ,transparent
ru,миф,hy,միֆ,transparent
ru,михаил,hy,միխայիլ,transparent
ru,млн,hy,մլն,transparent
ru,ммоль,hy,մմոլ,transparent
ru,мобилизация,hy,մոբիլիզացիա,transparent
ru,мобилизовать,hy,մոբիլիզացնել,altered
ru,мода,hy,մոդա,transparent
ru,модель,hy,մոդել,transparent
ru,модем,hy,մոդեմ,transparent
ru,модерн,hy,մոդեռն,transparent
ru,модернизм,hy,մոդեռնիզմ,transparent
ru,модификация,hy,մոդիֆիկացիա,transparent
ru,модифицировать,hy,մոդիֆիկացված,altered
ru,модуль,hy,մոդուլներ,altered
ru,модус,hy,մոդուս,transparent
ru,мойка,hy,մոյկա,transparent
ru,молекула,hy,մոլեկուլ,transparent
ru,молекулярный,hy,մոլեկուլային,altered
ru,молибден,hy,մոլիբդեն,transparent
ru,момент,hy,մոմենտ,transparent
ru,монако,hy,մոնակո,transparent
ru,монгол,hy,մոնղոլ,transparent
ru,монитор,hy,մոնիտոր,transparent
ru,мониторинг,hy,մոնիտորինգ,transparent
ru,монолит,hy,մոնոլիտ,transparent
ru,монолог,hy,մոնոլոգը,transparent
ru,монополия,hy,մոնոպոլիա,transparent
ru,монтаж,hy,մոնտաժ,transparent
ru,монументальный,hy,մոնումենտալ,altered
ru,мормон,hy,մորմոն,transparent
ru,москва,hy,մոսկվա,transparent
ru,москвич,hy,մոսկվացի,altered
ru,московский,hy,մոսկովյան,altered
ru,мотив,hy,մոտիվ,transparent
ru,мотивация,hy,մոտիվացիոն,transparent
ru,мотоцикл,hy,մոտոցիկլ,transparent
ru,моцарт,hy,մոցարտ,transparent
ru,мужик,hy,մուժիկ,transparent
ru,музика,hy,մյուզիկ,altered
ru,мультимедиа,hy,մուլտիմեդիա,transparent
ru,мультипликатор,hy,մուլտիպլիկատոր,transparent
ru,мультфильм,hy,մուլտֆիլմ,transparent
ru,муниципальный,hy,մունիցիպալ,altered
ru,мусульманин,hy,մուսուլման,transparent
ru,мутант,hy,մուտանտ,transparent
ru,мутация,hy,մուտացիա,transparent
ru,навигация,hy,նավիգացիոն,transparent
ru,надаль,hy,նադալը,transparent
ru,надежда,hy,նադեժդա,transparent
ru,надир,hy,նադիր,transparent
ru,наполеон,hy,նապոլեոն,transparent
ru,наркотик,hy,նարկոտիկ,transparent
ru,наташа,hy,նատաշա,transparent
ru,натрий,hy,նատրիում,altered
ru,натюрморт,hy,նատյուրմորտ,transparent
ru,научно-фантастический,hy,գիտաֆանտաստիկ,altered
ru,нацизм,hy,նացիզմ,transparent
ru,национализм,hy,նացիոնալիզմ,transparent
ru,нацист,hy,նացիստ,transparent
ru,невротик,hy,նևրոտիկ,transparent
ru,негативный,hy,նեգատիվ,transparent
ru,нейрон,hy,նեյրոն,transparent
ru,нейронный,hy,նեյրոնային,altered
ru,нейтрон,hy,նեյտրոն,transparent
ru,нептун,hy,նեպտուն,transparent
ru,николаевич,hy,նիկոլաևիչ,transparent
ru,николай,hy,նիկոլաս,altered
ru,нобель,hy,նոբելյան,transparent
ru,новелла,hy,նովելներ,transparent
ru,новосибирск,hy,նովոսիբիրսկ,transparent
ru,нокаут,hy,նոկաուտ,altered
ru,норвежский,hy,նորվեգական,altered
ru,норма,hy,նորմ,transparent
ru,нормальный,hy,նորմալ,altered
ru,нормативный,hy,նորմատիվ,transparent
ru,ностальгия,hy,նոստալգիա,transparent
ru,нота,hy,նոտա,transparent
ru,нотариальный,hy,նոտարական,transparent
ru,ноябрь,hy,նոյեմբեր,transparent
ru,оазис,hy,օազիս,transparent
ru,обама,hy,օբամա,transparent
ru,объект,hy,օբյեկտ,altered
ru,объективный,hy,օբյեկտիվ,altered
ru,овальный,hy,օվալաձև,altered
ru,одесса,hy,օդեսա,altered
ru,океан,hy,օվկիանոս,transparent
ru,оккупация,hy,օկուպացիա,transparent
ru,оклахома,hy,օկլահոմա,transparent
ru,округ,hy,օկրուգ,transparent
ru,оксид,hy,օքսիդի,transparent
ru,окситоцин,hy,օքսիտոցին,altered
ru,оксфорд,hy,օքսֆորդ,transparent
ru,октябрь,hy,հոկտեմբեր,transparent
ru,олег,hy,օլեգ,transparent
ru,оливер,hy,օլիվեր,transparent
ru,олигарх,hy,օլիգարխ,transparent
ru,олигархия,hy,օլիգարխ,transparent
ru,олимпиада,hy,օլիմպիադա,transparent
ru,олимпийский,hy,օլիմպիական,altered
ru,ольга,hy,օլգա,transparent
ru,омбудсмен,hy,օմբուդսմեն,transparent
ru,онтарио,hy,օնտարիո,transparent
ru,опель,hy,օպել,transparent
ru,опера,hy,օպերա,transparent
ru,оперативный,hy,օպերատիվ,transparent
ru,оператор,hy,օպերատոր,transparent
ru,операционный,hy,օպերացիոն,altered
ru,операция,hy,օպերացիա,transparent
ru,оптимальный,hy,օպտիմալ,transparent
ru,оптический,hy,օպտիկական,altered
ru,оргазм,hy,օրգազմ,transparent
ru,орган,hy,օրգան,altered
ru,организм,hy,օրգանիզմ,altered
ru,органический,hy,օրգանական,altered
ru,оригинал,hy,օրիգինալ,transparent
ru,оркестр,hy,օրկեստրի,transparent
ru,оттоманский,hy,օսմանյան,altered
ru,пакистан,hy,պակիստան,transparent
ru,палата,hy,պալատ,altered
ru,панама,hy,պանամա,transparent
ru,пандемия,hy,պանդեմիա,altered
ru,панорама,hy,պանորամա,transparent
ru,папа,hy,պապ,transparent
ru,папирус,hy,պապիրուս,transparent
ru,папский,hy,պապական,altered
ru,парадокс,hy,պարադոքս,transparent
ru,парадоксальный,hy,պարադոքսալ,altered
ru,параметр,hy,պարամետր,transparent
ru,парашют,hy,պարաշյուտ,transparent
ru,париж,hy,փարիզ,transparent
ru,паркинсон,hy,պարկինսոն,altered
ru,парламент,hy,պառլամենտ,altered
ru,партизан,hy,պարտիզան,altered
ru,партизанский,hy,պարտիզանական,transparent
ru,пассивный,hy,պասիվ,altered
ru,патриарх,hy,պատրիարք,altered
ru,пауза,hy,պաուզա,transparent
ru,пациент,hy,պացիենտ,transparent
ru,паша,hy,փաշա,transparent
ru,пентагон,hy,պենտագոն,transparent
ru,персидский,hy,պարսիկ,altered
ru,персонаж,hy,պերսոնաժ,transparent
ru,петербург,hy,պետերբուրգ,transparent
ru,петербургский,hy,պետերբուրգյան,altered
ru,петроград,hy,պետրոգրադում,transparent
ru,пи,hy,պի,transparent
ru,пиджак,hy,պիջակի,altered
ru,пилот,hy,պիլոտային,transparent
ru,пингвин,hy,պինգվիններ,transparent
ru,пионер,hy,պիոներ,transparent
ru,питер,hy,փիթեր,transparent
ru,пицца,hy,պիցցա,altered
ru,плазма,hy,պլազմա,transparent
ru,план,hy,պլան,transparent
ru,плановый,hy,պլանային,transparent
ru,планшет,hy,պլանշետ,transparent
ru,пластилин,hy,պլաստիլին,transparent
ru,пластмасса,hy,պլաստմասե,transparent
ru,платина,hy,պլատին,altered
ru,платон,hy,պլատոն,transparent
ru,платформа,hy,պլատֆորմ,transparent
ru,плов,hy,փլավ,transparent
ru,плотный,hy,պլոտնի,transparent
ru,площадка,hy,պլաշադկա,altered
ru,плюс,hy,պլյուս,transparent
ru,позитив,hy,պոզիտիվ,transparent
ru,позитивный,hy,պոզիտիվ,altered
ru,покер,hy,պոկեր,transparent
ru,поликлиника,hy,պոլիկլինիկա,transparent
ru,полимер,hy,պոլիմեր,transparent
ru,полис,hy,պոլիս,transparent
ru,политехник,hy,պոլիտեխնիկ,transparent
ru,политехнический,hy,պոլիտեխնիկական,altered
ru,полиэтилен,hy,պոլիէթիլեն,transparent
ru,помидор,hy,պոմիդոր,transparent
ru,популярный,hy,պոպուլյար,altered
ru,популяция,hy,պոպուլյացիա,transparent
ru,порно,hy,պոռնո,transparent
ru,порнография,hy,պոռնոգրաֆիա,transparent
ru,порт,hy,պորտ,transparent
ru,португалия,hy,պորտուգալիա,altered
ru,портфель,hy,պորտֆել,transparent
ru,пост,hy,պոստ,transparent
ru,потенциал,hy,պոտենցիալ,transparent
ru,почтовый,hy,փոստային,altered
ru,поэзия,hy,պոեզիա,transparent
ru,поэма,hy,պոեմ,transparent
ru,поэт,hy,պոետ,transparent
ru,правда,hy,պրավդա,transparent
ru,прагматик,hy,պրագմատիկ,transparent
ru,практика,hy,պրակտիկա,transparent
ru,президент,hy,պրեզիդենտ,transparent
ru,премиум,hy,պրեմիում,transparent
ru,премьера,hy,պրեմիերա,altered
ru,препарат,hy,պրեպարատ,transparent
ru,префектура,hy,պրեֆեկտուրա,transparent
ru,примитив,hy,պրիմիտիվ,transparent
ru,принципиальный,hy,պրինցիպիալ,altered
ru,проблема,hy,պռոբլեմ,altered
ru,провинция,hy,պրովինցիա,transparent
ru,прогресс,hy,պրոգրես,transparent
ru,продукт,hy,պրոդուկտ,transparent
ru,продуктивный,hy,պրոդուկտիվ,transparent
ru,продюсер,hy,պրոդյուսեր,transparent
ru,проект,hy,պրոյեկտ,transparent
ru,пролетариат,hy,պրոլետարիատ,transparent
ru,пропаганда,hy,պրոպագանդ,transparent
ru,проректор,hy,պրոռեկտոր,transparent
ru,проспект,hy,պրոսպեկտ,transparent
ru,простить,hy,պրոստի,transparent
ru,протез,hy,պրոթեզ,transparent
ru,протеин,hy,պրոտեինի,transparent
ru,протокол,hy,պրոտոկոլ,transparent
ru,протон,hy,պրոտոն,transparent
ru,проф,hy,պրոֆ,transparent
ru,профессионализм,hy,պրոֆեսիոնալիզմ,transparent
ru,профессиональный,hy,պրոֆեսիոնալ,transparent
ru,профессор,hy,պրոֆեսոր,transparent
ru,профилактический,hy,պրոֆիլակտիկ,altered
ru,профиль,hy,պրոֆիլը,transparent
ru,процедура,hy,պրոցեդուրա,altered
ru,процесс,hy,պրոցես,altered
ru,процессор,hy,պրոցեսոր,transparent
ru,прусский,hy,պրուսական,altered
ru,псалом,hy,սաղմոս,altered
ru,псков,hy,պսկով,transparent
ru,пугачёв,hy,պուգաչովան,altered
ru,пульс,hy,պուլսը,transparent
ru,путин,hy,պուտին,transparent
ru,пётр,hy,պյոտր,transparent
ru,радикал,hy,ռադիկալ,transparent
ru,радио,hy,ռադիո,transparent
ru,радиоактивный,hy,ռադիոակտիվ,transparent
ru,радиостанция,hy,ռադիոկայան,altered
ru,раз,hy,ռազ,transparent
ru,район,hy,ռայոն,altered
ru,ракета,hy,ռակետ,altered
ru,расизм,hy,ռասիզմ,transparent
ru,расистский,hy,ռասիստական,altered
ru,раунд,hy,ռաունդ,transparent
ru,рафаэль,hy,ռաֆայել,transparent
ru,рафик,hy,ռաֆիկ,transparent
ru,рациональный,hy,ռացիոնալ,altered
ru,реактив,hy,ռեակտիվ,transparent
ru,реактивный,hy,ռեակտիվ,altered
ru,реактор,hy,ռեակտոր,transparent
ru,реакция,hy,ռեակցիա,transparent
ru,реализм,hy,ռեալիզմ,transparent
ru,реалистический,hy,ռեալիստական,altered
ru,реальный,hy,ռեալ,altered
ru,регби,hy,ռեգբի,transparent
ru,регион,hy,ռեգիոն,transparent
ru,регистр,hy,ռեգիստր,transparent
ru,реестр,hy,ռեգիստր,altered
ru,режим,hy,ռեժիմ,transparent
ru,резерв,hy,ռեզերվ,transparent
ru,резервный,hy,ռեզերվային,altered
ru,резидент,hy,ռեզիդենտ,transparent
ru,резонанс,hy,ռեզոնանսի,transparent
ru,резонансный,hy,ռեզոնանսային,altered
ru,рекорд,hy,ռեկորդ,transparent
ru,рекреационный,hy,ռեկրեացիոն,transparent
ru,ректор,hy,ռեկտոր,transparent
ru,рельеф,hy,ռելիեֆ,altered
ru,рентген,hy,ռենտգեն,transparent
ru,репертуар,hy,ռեպերտուար,transparent
ru,репортаж,hy,ռեպորտաժ,transparent
ru,ресторан,hy,ռեստորան,transparent
ru,ресурс,hy,ռեսուրս,transparent
ru,ресурсный,hy,ռեսուրսային,altered
ru,ретро,hy,ռետրո,transparent
ru,рефинансирование,hy,վերաֆինանսավորում,altered
ru,рефлекс,hy,ռեֆլեքսներ,transparent
ru,реформа,hy,ռեֆորմ,altered
ru,рига,hy,ռիգա,transparent
ru,ринг,hy,ռինգ,transparent
ru,риск,hy,ռիսկ,transparent
ru,ритм,hy,ռիթմ,transparent
ru,ритмика,hy,ռիթմիկ,transparent
ru,ритмичный,hy,ռիթմիկ,altered
ru,робер,hy,ռոբերտ,altered
ru,робот,hy,ռոբոտ,transparent
ru,роза,hy,ռոզա,transparent
ru,роман,hy,ռոման,transparent
ru,романтизм,hy,ռոմանտիզմ,transparent
ru,романтик,hy,ռոմանտիկ,transparent
ru,романтика,hy,ռոմանտիկ,transparent
ru,романтический,hy,ռոմանտիկական,altered
ru,роналдо,hy,ռոնալդո,altered
ru,роналду,hy,ռոնալդու,transparent
ru,ростов,hy,ռոստով,transparent
ru,рубин,hy,ռուբի,altered
ru,рубль,hy,ռուբլի,transparent
ru,румыния,hy,ռումինիա,transparent
ru,русский,hy,ռուս,transparent
ru,салон,hy,սալոն,transparent
ru,салют,hy,սալյուտ,transparent
ru,самара,hy,սամարա,transparent
ru,самбо,hy,սամբո,transparent
ru,сандалия,hy,սանդալներ,altered
ru,санитар,hy,սանիտար,transparent
ru,санитарный,hy,սանիտարական,altered
ru,санкт,hy,սանկտ,transparent
ru,санкция,hy,սանկցիա,transparent
ru,санскрит,hy,սանսկրիտ,altered
ru,сантиметр,hy,սանտիմետր,transparent
ru,сапог,hy,սապոգ,transparent
ru,саркома,hy,սարկոման,altered
ru,сатана,hy,սատանա,transparent
ru,сатурн,hy,սատուրնի,altered
ru,сауна,hy,սաունա,transparent
ru,сбалансированный,hy,բալանսավորված,altered
ru,светлана,hy,սվետլանա,transparent
ru,свитер,hy,սվիտեր,transparent
ru,себастьян,hy,սեբաստիան,altered
ru,севастополь,hy,սևաստոպոլի,altered
ru,сезон,hy,սեզոն,transparent
ru,сезонный,hy,սեզոնային,transparent
ru,сейсмический,hy,սեյսմիկ,altered
ru,секс,hy,սեքս,transparent
ru,сексизм,hy,սեքսիզմ,transparent
ru,сексуальный,hy,սեքսուալ,altered
ru,сектор,hy,սեկտոր,transparent
ru,селфи,hy,սելֆի,transparent
ru,семинар,hy,սեմինար,transparent
ru,сенат,hy,սենատ,transparent
ru,сенатор,hy,սենատոր,transparent
ru,сенсация,hy,սենսացիոն,transparent
ru,сенсорный,hy,սենսորային,altered
ru,сент,hy,սանտ,transparent
ru,сентябрь,hy,սեպտեմբեր,transparent
ru,серб,hy,սերբ,transparent
ru,сервер,hy,սերվեր,transparent
ru,сервис,hy,սերվիս,transparent
ru,сергей,hy,սերգեյ,transparent
ru,серенада,hy,սերենադ,transparent
ru,сержант,hy,սերժանտ,transparent
ru,сериал,hy,սերիալային,altered
ru,серия,hy,սերիա,altered
ru,сертификат,hy,սերտիֆիկատ,transparent
ru,серёжа,hy,սերյոժա,transparent
ru,сибирский,hy,սիբիրյան,altered
ru,сибирь,hy,սիբիր,transparent
ru,сигарета,hy,սիգարետը,transparent
ru,сигнал,hy,սիգնալ,transparent
ru,силикон,hy,սիլիկոնե,altered
ru,символ,hy,սիմվոլ,transparent
ru,символика,hy,սիմվոլիկ,altered
ru,симеон,hy,սիմեոն,transparent
ru,симметричный,hy,սիմետրիկ,altered
ru,симон,hy,սիմոն,transparent
ru,симпатичный,hy,սիմպաթիկ,altered
ru,симпозиум,hy,սիմպոզիում,transparent
ru,симптом,hy,սիմպտոմներ,transparent
ru,симфонический,hy,սիմֆոնիկ,transparent
ru,симфония,hy,սիմֆոնիա,transparent
ru,сингапур,hy,սինգապուր,transparent
ru,синдром,hy,սինդրոմ,transparent
ru,синтез,hy,սինթեզ,transparent
ru,синтетический,hy,սինթետիկ,altered
ru,сионист,hy,սիոնիստական,altered
ru,сириус,hy,սիրիուս,transparent
ru,система,hy,սիստեմ,transparent
ru,систематический,hy,սիստեմատիկ,altered
ru,сицилия,hy,սիցիլիա,transparent
ru,скандал,hy,սկանդալ,transparent
ru,склероз,hy,սկլերոզ,transparent
ru,слава,hy,սլավա,transparent
ru,славянин,hy,սլավոն,altered
ru,славянский,hy,սլավոնական,altered
ru,слайд,hy,սլայդ,transparent
ru,словак,hy,սլովակ,transparent
ru,словакия,hy,սլովակիա,transparent
ru,смартфон,hy,սմարթֆոն,transparent
ru,смит,hy,սմիթ,transparent
ru,смоленск,hy,սմոլենսկ,transparent
ru,совет,hy,սովետ,transparent
ru,советский,hy,սովետական,transparent
ru,сода,hy,սոդա,transparent
ru,сократ,hy,սոկրատեսը,transparent
ru,соло,hy,սոլո,transparent
ru,сорт,hy,սորտ,transparent
ru,софия,hy,սոֆյա,transparent
ru,социализм,hy,սոցիալիզմ,transparent
ru,социалист,hy,սոցիալիստ,transparent
ru,социалистический,hy,սոցիալիստական,altered
ru,социальный,hy,սոցիալական,transparent
ru,социолог,hy,սոցիոլոգ,transparent
ru,социологический,hy,սոցիոլոգիական,altered
ru,социология,hy,սոցիոլոգիա,altered
ru,соя,hy,սոյայի,altered
ru,спа,hy,սպա,transparent
ru,спарта,hy,սպարտա,transparent
ru,спартак,hy,սպարտակ,transparent
ru,спектр,hy,սպեկտր,transparent
ru,спекулянт,hy,սպեկուլյանտ,transparent
ru,спекулятивный,hy,սպեկուլյատիվ,altered
ru,спекуляция,hy,սպեկուլյացիա,transparent
ru,специфический,hy,սպեցիֆիկ,altered
ru,спецназ,hy,սպեցնազ,transparent
ru,спирт,hy,սպիրտ,transparent
ru,спорт,hy,սպորտ,transparent
ru,спортсмен,hy,սպորտսմեն,transparent
ru,стабильный,hy,ստաբիլ,transparent
ru,стадион,hy,ստադիոն,transparent
ru,стаж,hy,ստաժ,transparent
ru,сталин,hy,ստալին,transparent
ru,сталь,hy,ստալ,altered
ru,стамбул,hy,ստամբուլ,altered
ru,стан,hy,ստան,transparent
ru,стандарт,hy,ստանդարտ,transparent
ru,станислав,hy,ստանիսլավ,transparent
ru,старт,hy,ստարտ,transparent
ru,стартап,hy,ստարտափ,transparent
ru,статика,hy,ստատիկ,transparent
ru,статический,hy,ստատիկ,altered
ru,статус,hy,ստատուս,transparent
ru,стационарный,hy,ստացիոնար,transparent
ru,стерео,hy,ստերը,transparent
ru,стерлинг,hy,ստերլինգ,transparent
ru,стефан,hy,ստեփան,altered
ru,стокгольм,hy,ստոկհոլմ,altered
ru,стоматологический,hy,ստոմատոլոգիական,transparent
ru,стоп,hy,ստոպ,transparent
ru,стоун,hy,սթոուն,transparent
ru,стратегический,hy,ստրատեգիական,altered
ru,стратегия,hy,ստրատեգիան,transparent
ru,стресс,hy,սթրես,transparent
ru,студия,hy,ստուդիա,transparent
ru,стэнли,hy,սթենլի,altered
ru,субсидирование,hy,սուբսիդավորում,altered
ru,субсидия,hy,սուբսիդիա,transparent
ru,субъект,hy,սուբյեկտ,transparent
ru,субъективный,hy,սուբյեկտիվ,transparent
ru,суверенный,hy,սուվերեն,altered
ru,суворов,hy,սուվորով,transparent
ru,султан,hy,սուլթան,transparent
ru,сундук,hy,սնդուկ,transparent
ru,супер,hy,սուպեր,transparent
ru,супергерой,hy,սուպերհերոս,altered
ru,супермаркет,hy,սուպերմարկետ,transparent
ru,сфера,hy,սֆերա,transparent
ru,схема,hy,սխեմայով,transparent
ru,сценарий,hy,սցենարային,transparent
ru,сценарист,hy,սցենարիստ,transparent
ru,сюжет,hy,սյուժե,transparent
ru,сюзанна,hy,սյուզաննա,transparent
ru,табу,hy,տաբու,transparent
ru,таджик,hy,տաջիկ,transparent
ru,таджикистан,hy,տաջիկստան,altered
ru,тайвань,hy,թայվան,transparent
ru,таксист,hy,տաքսիստ,transparent
ru,тактика,hy,տակտիկա,transparent
ru,тактический,hy,տակտիկական,altered
ru,талисман,hy,թալիսման,transparent
ru,таллин,hy,տալլին,altered
ru,танго,hy,տանգո,transparent
ru,танк,hy,թանկ,transparent
ru,татьяна,hy,տատյանա,transparent
ru,ташкент,hy,տաշքենդ,altered
ru,тбилиси,hy,թբիլիսի,transparent
ru,театр,hy,թատրոն,transparent
ru,тезис,hy,թեզ,altered
ru,текст,hy,տեքստ,transparent
ru,текстиль,hy,տեքստիլ,transparent
ru,тектонический,hy,տեկտոնական,altered
ru,телефон,hy,տելեֆոն,transparent
ru,тема,hy,թեմա,transparent
ru,тематика,hy,թեմատիկ,transparent
ru,тематический,hy,թեմատիկ,transparent
ru,темп,hy,տեմպ,transparent
ru,тенденция,hy,տենդենց,altered
ru,теннис,hy,թենիս,transparent
ru,теорема,hy,թեորեմ,transparent
ru,терапевт,hy,թերապևտ,transparent
ru,терапевтический,hy,թերապևտիկ,transparent
ru,терапия,hy,թերապիա,transparent
ru,тереза,hy,թերեզա,transparent
ru,термин,hy,տերմին,transparent
ru,термодинамический,hy,թերմոդինամիկական,altered
ru,территория,hy,տերիտորիա,transparent
ru,терроризм,hy,տեռորիզմ,transparent
ru,террорист,hy,տեռորիստ,transparent
ru,тестостерон,hy,տեստոստերոնի,transparent
ru,техника,hy,տեխնիկա,transparent
ru,техникум,hy,տեխնիկում,transparent
ru,технически,hy,տեխնիկապես,transparent
ru,технолог,hy,տեխնոլոգ,transparent
ru,технология,hy,տեխնոլոգիա,transparent
ru,тип,hy,տիպ,transparent
ru,типичный,hy,տիպիկ,transparent
ru,титан,hy,տիտան,transparent
ru,титанический,hy,տիտանիկ,altered
ru,титр,hy,տիտրերի,altered
ru,титул,hy,տիտղոս,altered
ru,тифлис,hy,թիֆլիս,transparent
ru,тон,hy,տոն,transparent
ru,тоник,hy,տոնիկ,transparent
ru,тонна,hy,տոննա,transparent
ru,торонто,hy,տորոնտոյի,transparent
ru,травма,hy,տրավմա,transparent
ru,травматический,hy,հետտրավմատիկ,altered
ru,трактор,hy,տրակտոր,transparent
ru,тракторист,hy,տրակտոր,transparent
ru,транс,hy,տրանս,transparent
ru,трансгендер,hy,տրանսգենդեր,transparent
ru,транспорт,hy,տրանսպորտ,transparent
ru,трансфер,hy,տրանսֆեր,transparent
ru,трансформация,hy,տրանսֆորմացիոն,altered
ru,трибунал,hy,տրիբունալ,transparent
ru,триллион,hy,տրիլիոն,transparent
ru,трио,hy,տրիո,transparent
ru,троллейбус,hy,տրոլեյբուս,transparent
ru,тромбоцит,hy,թրոմբոցիտներ,transparent
ru,тропический,hy,տրոպիկական,altered
ru,троянский,hy,տրոյական,altered
ru,туберкулёз,hy,տուբերկուլյոզ,altered
ru,тупой,hy,տուպոյ,transparent
ru,туризм,hy,տուրիզմ,transparent
ru,турист,hy,տուրիստ,transparent
ru,туристический,hy,տուրիստական,altered
ru,туркменистан,hy,թուրքմենստան,transparent
ru,туфта,hy,տուֆտա,transparent
ru,уефа,hy,ուեֆա,transparent
ru,узбек,hy,ուզբեկ,transparent
ru,украина,hy,ուկրաինա,transparent
ru,украинский,hy,ուկրաինացի,altered
ru,ультразвук,hy,ուլտրաձայնային,altered
ru,универсал,hy,ունիվերսալ,transparent
ru,универсальный,hy,ունիվերսալ,altered
ru,уникальный,hy,ունիկալ,altered
ru,уральский,hy,ուրալյան,altered
ru,уругвай,hy,ուրուգվայ,transparent
ru,фабрика,hy,ֆաբրիկա,transparent
ru,фаворит,hy,ֆավորիտ,transparent
ru,файл,hy,ֆայլ,transparent
ru,факультативный,hy,ֆակուլտատիվ,transparent
ru,факультет,hy,ֆակուլտետ,transparent
ru,фантазия,hy,ֆանտազիաներ,transparent
ru,фантастика,hy,ֆանտաստիկ,transparent
ru,фараон,hy,փարավոն,altered
ru,фарисей,hy,փարիսեցի,altered
ru,фашизм,hy,ֆաշիզմ,transparent
ru,фашист,hy,ֆաշիստ,transparent
ru,фашистский,hy,ֆաշիստական,altered
ru,федеральный,hy,ֆեդերալ,altered
ru,федерация,hy,ֆեդերացիա,transparent
ru,феликс,hy,ֆելիքս,transparent
ru,феномен,hy,ֆենոմեն,transparent
ru,феноменальный,hy,ֆենոմենալ,altered
ru,феодал,hy,ֆեոդալ,transparent
ru,феодальный,hy,ֆեոդալական,altered
ru,фердинанд,hy,ֆերդինանդ,transparent
ru,ферма,hy,ֆերմա,transparent
ru,фермент,hy,ֆերմենտ,transparent
ru,фигура,hy,ֆիգուր,altered
ru,физик,hy,ֆիզիկոս,altered
ru,физика,hy,ֆիզիկա,transparent
ru,физиология,hy,ֆիզիոլոգիա,transparent
ru,физически,hy,ֆիզիկապես,transparent
ru,физический,hy,ֆիզիկական,altered
ru,физкультура,hy,ֆիզկուլտուրա,transparent
ru,филадельфия,hy,ֆիլադելֆիա,transparent
ru,филармония,hy,ֆիլհարմոնիա,transparent
ru,философ,hy,փիլիսոփա,altered
ru,фильм,hy,ֆիլմ,transparent
ru,финансист,hy,ֆինանսիստ,transparent
ru,финансово,hy,ֆինանսապես,altered
ru,финансовый,hy,ֆինանսական,transparent
ru,финансы,hy,ֆինանս,transparent
ru,фирма,hy,ֆիրմա,transparent
ru,фискальный,hy,ֆիսկալ,altered
ru,фифа,hy,ֆիֆա-ի,transparent
ru,флейта,hy,ֆլեյտա,altered
ru,флеш,hy,ֆլեշ,transparent
ru,флешмоб,hy,ֆլեշմոբ,transparent
ru,флора,hy,ֆլորա,transparent
ru,фокус,hy,ֆոկուսներ,transparent
ru,фон,hy,ֆոն,transparent
ru,фонд,hy,ֆոնդ,transparent
ru,форд,hy,ֆորդ,transparent
ru,формальный,hy,ֆորմալ,altered
ru,формат,hy,ֆորմատ,transparent
ru,формула,hy,ֆորմուլա,transparent
ru,форт,hy,ֆորտ,transparent
ru,форум,hy,ֆորում,altered
ru,фосфор,hy,ֆոսֆոր,transparent
ru,фотоальбом,hy,ֆոտոալբոմ,transparent
ru,фотон,hy,ֆոտոն,transparent
ru,фраза,hy,ֆրազներ,transparent
ru,франк,hy,ֆրանկ,transparent
ru,франклин,hy,ֆրանկլին,altered
ru,франкфурт,hy,ֆրանկֆուրտ,transparent
ru,франция,hy,ֆրանսիա,altered
ru,французский,hy,ֆրանսիական,altered
ru,фридрих,hy,ֆրիդրիխ,transparent
ru,фундаментальный,hy,ֆունդամենտալ,altered
ru,функциональный,hy,ֆունկցիոնալ,altered
ru,функция,hy,ֆունկցիա,transparent
ru,фунт,hy,ֆունտ,transparent
ru,футбол,hy,ֆուտբոլ,transparent
ru,футболист,hy,ֆուտբոլիստ,transparent
ru,фёдор,hy,ֆեոդոր,transparent
ru,хабар,hy,խաբար,transparent
ru,халат,hy,խալաթ,transparent
ru,халиф,hy,խալիֆ,transparent
ru,хаос,hy,քաոս,altered
ru,хеллоуин,hy,հելոուինի,transparent
ru,хельсинки,hy,հելսինկյան,altered
ru,хи,hy,քհի,transparent
ru,химик,hy,քիմիկոս,transparent
ru,химиотерапия,hy,քիմիոթերապիա,altered
ru,хип-хоп,hy,հիփհոփ,altered
ru,хлор,hy,քլոր,altered
ru,холдинг,hy,հոլդինգ,altered
ru,холера,hy,խոլերա,transparent
ru,холестерин,hy,խոլեստերին,transparent
ru,холокост,hy,հոլոքոստ,transparent
ru,христианин,hy,քրիստիան,altered
ru,христианский,hy,քրիստոնեական,altered
ru,хром,hy,քրոմ,altered
ru,хромосома,hy,քրոմոսոմ,altered
ru,хронический,hy,քրոնիկ,altered
ru,хулиган,hy,խուլիգան,transparent
ru,хулиганство,hy,խուլիգանություն,transparent
ru,царский,hy,ցարական,altered
ru,царь,hy,ցար,altered
ru,цезарь,hy,կայսր,altered
ru,цемент,hy,ցեմենտ,transparent
ru,центр,hy,կենտրոն,transparent
ru,центральный,hy,կենտրոնական,transparent
ru,цикл,hy,ցիկլ,transparent
ru,циклон,hy,ցիկլոն,transparent
ru,цинизм,hy,ցինիզմ,transparent
ru,циник,hy,ցինիկ,transparent
ru,цинк,hy,ցինկ,transparent
ru,цитоплазма,hy,ցիտոպլազմա,altered
ru,цукерберг,hy,ցուկերբերգ,altered
ru,цунами,hy,ցունամի,transparent
ru,чай,hy,չայ,transparent
ru,чайковский,hy,չայկովսկի,transparent
ru,чаплин,hy,չապլինը,altered
ru,челси,hy,չելսի,altered
ru,чемпион,hy,չեմպիոն,transparent
ru,черчилль,hy,չերչիլի,altered
ru,чехословакия,hy,չեխոսլովակիա,altered
ru,чеченец,hy,չեչեն,altered
ru,чеченский,hy,չեչեն,altered
ru,чикаго,hy,չիկագո,transparent
ru,чингис,hy,չինգիզ,transparent
ru,чиновник,hy,չինովնիկ,transparent
ru,шаблон,hy,շաբլոն,transparent
ru,шампанский,hy,շամպայն,altered
ru,шампунь,hy,շամպուն,altered
ru,шанс,hy,շանս,transparent
ru,шанхай,hy,շանհայ,transparent
ru,шахматный,hy,շախմատային,transparent
ru,шахматы,hy,շախմատ,transparent
ru,швед,hy,շվեդ,transparent
ru,швейцария,hy,շվեյցարիա,transparent
ru,швейцарский,hy,շվեյցարական,altered
ru,шекспир,hy,շեքսպիր,transparent
ru,шерлок,hy,շերլոկ,transparent
ru,шизофреник,hy,շիզոֆրենիկ,transparent
ru,шизофрения,hy,շիզոֆրենիա,transparent
ru,шираз,hy,շիրազի,altered
ru,школа,hy,շկոլա,transparent
ru,шоколад,hy,շոկոլադ,transparent
ru,штаб,hy,շտաբ,transparent
ru,штефан,hy,շտեֆան,altered
ru,эбола,hy,էբոլա,transparent
ru,эволюционный,hy,էվոլյուցիոն,altered
ru,эволюция,hy,էվոլյուցիա,transparent
ru,эгоист,hy,էգոիստ,transparent
ru,эдуард,hy,էդուարդ,transparent
ru,эдуардо,hy,էդուարդո,transparent
ru,эйнштейн,hy,այնշտայն,altered
ru,экзотический,hy,էկզոտիկ,altered
ru,экология,hy,էկոլոգիա,transparent
ru,экономика,hy,էկոնոմիկա,transparent
ru,экран,hy,էկրան,transparent
ru,экскурсия,hy,էքսկուրսիա,transparent
ru,экспансия,hy,էքսպանսիա,transparent
ru,эксперимент,hy,էքսպերիմենտ,transparent
ru,экспериментальный,hy,էքսպերիմենտալ,altered
ru,экстрасенс,hy,էքստրասենս,transparent
ru,экстремальный,hy,էքստրեմալ,transparent
ru,элегантный,hy,էլեգանտ,altered
ru,электрик,hy,էլեկտրիկ,transparent
ru,электрод,hy,էլեկտրոդ,transparent
ru,электрон,hy,էլեկտրոն,transparent
ru,электроника,hy,էլեկտրոն,transparent
ru,электронный,hy,էլեկտրոնային,altered
ru,электростанция,hy,էլեկտրակայան,altered
ru,электроэнергия,hy,էլեկտրաէներգիա,altered
ru,элемент,hy,էլեմենտ,transparent
ru,элита,hy,էլիտա,transparent
ru,эмигрант,hy,էմիգրանտ,transparent
ru,эмиль,hy,էմիլ,transparent
ru,эмир,hy,էմիր,transparent
ru,эмма,hy,էմմա,transparent
ru,эммануил,hy,էմանուել,altered
ru,эмоциональный,hy,էմոցիոնալ,altered
ru,эмоция,hy,էմոցիա,transparent
ru,эмульсия,hy,էմուլսիա,transparent
ru,энергетик,hy,էներգետիկ,transparent
ru,энергетика,hy,էներգետիկ,transparent
ru,энергия,hy,էներգիա,transparent
ru,эпизод,hy,էպիզոդում,altered
ru,эпизодический,hy,էպիզոդիկ,altered
ru,эпилепсия,hy,էպիլեպսիա,transparent
ru,эпицентр,hy,էպիկենտրոն,altered
ru,эпический,hy,էպիկական,transparent
ru,эпос,hy,էպոս,transparent
ru,эрекция,hy,էրեկցիա,transparent
ru,эритроцит,hy,էրիթրոցիտներ,altered
ru,эрозия,hy,էրոզիայի,transparent
ru,эротический,hy,էրոտիկ,altered
ru,эскиз,hy,էսքիզ,transparent
ru,эсперанто,hy,էսպերանտո,transparent
ru,эстетический,hy,էսթետիկ,altered
ru,эстония,hy,էստոնիա,transparent
ru,эстрада,hy,էստրադա,transparent
ru,этика,hy,էթիկա,transparent
ru,этнический,hy,էթնիկական,altered
ru,этнос,hy,էթնոսի,transparent
ru,эфиопия,hy,եթովպիա,altered
ru,эффект,hy,էֆեկտ,transparent
ru,эффективный,hy,էֆեկտիվ,altered
ru,юбка,hy,յուբկա,transparent
ru,юлия,hy,ջուլիա,altered
ru,юмор,hy,հումոր,altered
ru,юнга,hy,յունգը,transparent
ru,юпитер,hy,յուպիտեր,transparent
ru,янукович,hy,յանուկովիչ,transparent
ru,ярослав,hy,յարոսլավ,transparent
