receiver_lang,receiver_word,donor_lang,donor_word,class
pt,aborto,ru,аборт,transparent
pt,abricó,ru,абрикосовый,transparent
pt,abril,ru,апрель,altered
pt,absolutamente,ru,абсолютно,altered
pt,absoluto,ru,абсолют,altered
pt,absurdo,ru,абсурд,transparent
pt,academiar,ru,академия,transparent
pt,acadêmico,ru,академик,transparent
pt,account,ru,аккаунт,transparent
pt,acento,ru,акцент,altered
pt,acessório,ru,аксессуар,altered
pt,actividade,ru,активность,altered
pt,actual,ru,актуальный,transparent
pt,acumulador,ru,аккумулятор,altered
pt,acumular,ru,аккумулировать,altered
pt,acústico,ru,акустический,transparent
pt,adaptar,ru,адаптировать,transparent
pt,adaptativo,ru,адаптивный,altered
pt,adaptação,ru,адаптация,transparent
pt,administrador,ru,администратор,altered
pt,administrativamente,ru,административно,transparent
pt,administrativo,ru,административный,altered
pt,administração,ru,администрация,transparent
pt,adrenalina,ru,адреналин,altered
pt,adão,ru,адам,transparent
pt,aerodinâmico,ru,аэродинамика,transparent
pt,aeroporto,ru,аэропорт,transparent
pt,aeródromo,ru,аэродром,transparent
pt,afegão,ru,афганский,altered
pt,africano,ru,африканец,altered
pt,agente,ru,агент,transparent
pt,agitação,ru,агитация,transparent
pt,agosto,ru,август,transparent
pt,agregar,ru,агрегат,altered
pt,agressivo,ru,агрессивный,transparent
pt,agressor,ru,агрессор,transparent
pt,agressão,ru,агрессия,altered
pt,agrário,ru,аграрный,transparent
pt,agência,ru,агентство,altered
pt,ajudante,ru,адъютант,altered
pt,alberto,ru,альберт,transparent
pt,alcoolismo,ru,алкоголизм,altered
pt,alcoólico,ru,алкогольный,transparent
pt,alergia,ru,аллергия,altered
pt,alertar,ru,алерт,altered
pt,alexandre,ru,александр,altered
pt,alexandrov,ru,александров,transparent
pt,alfabeto,ru,алфавит,altered
pt,alfar,ru,альфа,transparent
pt,alfredo,ru,альфред,altered
pt,algoritmo,ru,алгоритм,altered
pt,aliançar,ru,альянс,altered
pt,alina,ru,алина,transparent
pt,almirante,ru,адмирал,altered
pt,altar,ru,алтарь,transparent
pt,alternativo,ru,альтернативный,transparent
pt,alumínio,ru,алюминий,altered
pt,amazon,ru,амазонка,altered
pt,ambição,ru,амбиция,transparent
pt,amém,ru,аминь,transparent
pt,américa,ru,америка,transparent
pt,ana,ru,анна,transparent
pt,analisar,ru,анализировать,altered
pt,analogamente,ru,аналогично,altered
pt,analogia,ru,аналогия,altered
pt,analítico,ru,аналитический,transparent
pt,anastásia,ru,анастасия,altered
pt,anatomia,ru,анатомия,transparent
pt,ancara,ru,анкара,altered
pt,andré,ru,андре,transparent
pt,anedota,ru,анекдот,altered
pt,anglo,ru,англо,transparent
pt,animação,ru,анимация,transparent
pt,anime,ru,аниме,transparent
pt,anistiar,ru,амнистия,altered
pt,anomalia,ru,аномалия,transparent
pt,antena,ru,антенна,transparent
pt,anti,ru,анти,transparent
pt,antibiótico,ru,антибиотик,altered
pt,anticristo,ru,антихрист,altered
pt,antropologia,ru,антропология,transparent
pt,anunciar,ru,анонсировать,altered
pt,análise,ru,анализ,transparent
pt,análogo,ru,аналогичный,altered
pt,anômalo,ru,аномальный,transparent
pt,anônimo,ru,анонимный,transparent
pt,anúncio,ru,анонс,altered
pt,apelação,ru,апелляция,transparent
pt,apetite,ru,аппетит,altered
pt,aplaudir,ru,аплодировать,altered
pt,aplicação,ru,аппликация,altered
pt,apocalipse,ru,апокалипсис,altered
pt,apresentação,ru,презентация,transparent
pt,apóstolo,ru,апостол,altered
pt,aquário,ru,аквариум,transparent
pt,arco,ru,арка,altered
pt,areal,ru,ареал,transparent
pt,arena,ru,арена,transparent
pt,argentino,ru,аргентина,transparent
pt,argumentar,ru,аргументировать,altered
pt,argumento,ru,аргумент,transparent
pt,aromar,ru,аромат,altered
pt,arqueologia,ru,археология,transparent
pt,arqueológico,ru,археологический,transparent
pt,arqueólogo,ru,археолог,altered
pt,arquiteto,ru,архитектор,altered
pt,arquitetura,ru,архитектура,altered
pt,arquitetônico,ru,архитектурный,altered
pt,arquivo,ru,архив,altered
pt,arrestar,ru,арестовать,altered
pt,arresto,ru,арест,altered
pt,arriscar,ru,рискованный,altered
pt,arsenal,ru,арсенал,transparent
pt,arte,ru,арт,transparent
pt,artefato,ru,артефакт,altered
pt,arterial,ru,артериальный,transparent
pt,artigo,ru,артикль,altered
pt,artista,ru,артист,transparent
pt,artéria,ru,артерия,altered
pt,artístico,ru,артистический,transparent
pt,asfalto,ru,асфальт,altered
pt,asiático,ru,азиатский,transparent
pt,aspecto,ru,аспект,altered
pt,aspirante,ru,аспирант,transparent
pt,assembleia,ru,ассамблея,transparent
pt,assistente,ru,ассистент,transparent
pt,associar,ru,ассоциироваться,altered
pt,associação,ru,ассоциация,transparent
pt,asteroide,ru,астероид,transparent
pt,astronauta,ru,астронавт,altered
pt,astronomia,ru,астрономия,transparent
pt,astronômico,ru,астрономический,transparent
pt,astrônomo,ru,астроном,altered
pt,atacar,ru,атаковать,altered
pt,ataque,ru,атака,altered
pt,atestação,ru,аттестация,altered
pt,ativação,ru,активация,altered
pt,ativista,ru,активист,altered
pt,ativo,ru,актив,altered
pt,atlanta,ru,атланта,transparent
pt,atlas,ru,атлас,transparent
pt,atleta,ru,атлет,altered
pt,atlântico,ru,атлантический,transparent
pt,atlético,ru,атлетика,altered
pt,atmosfera,ru,атмосфера,transparent
pt,atmosférico,ru,атмосферный,altered
pt,ato,ru,акт,altered
pt,ator,ru,актёр,altered
pt,atração,ru,аттракцион,altered
pt,atribuir,ru,атрибут,altered
pt,atributo,ru,атрибут,transparent
pt,auditoria,ru,аудит,transparent
pt,auditório,ru,аудитория,altered
pt,audiência,ru,аудиенция,transparent
pt,aurora,ru,аврора,altered
pt,auto,ru,авто,transparent
pt,automaticamente,ru,автоматически,transparent
pt,automatizar,ru,автоматизированный,altered
pt,automatização,ru,автоматизация,altered
pt,automobilista,ru,автомобилист,transparent
pt,automático,ru,автоматический,transparent
pt,automóvel,ru,автомобиль,transparent
pt,autonomia,ru,автономия,transparent
pt,autor,ru,автор,transparent
pt,autoridade,ru,авторитет,altered
pt,autógrafo,ru,автограф,altered
pt,autônomo,ru,автономный,transparent
pt,avanço,ru,аванс,transparent
pt,avariar,ru,авария,transparent
pt,avenida,ru,авеню,altered
pt,aviação,ru,авиационный,transparent
pt,avogadro,ru,авогадро,transparent
pt,azerbaijão,ru,азербайджан,altered
pt,baby,ru,бэби,transparent
pt,bacharel,ru,бакалавр,altered
pt,bactéria,ru,бактерия,transparent
pt,bagagem,ru,багаж,altered
pt,bagdá,ru,багдад,altered
pt,baile,ru,бал,transparent
pt,balanço,ru,баланс,transparent
pt,balcão,ru,балкон,transparent
pt,balé,ru,балет,transparent
pt,balístico,ru,баллистический,altered
pt,banal,ru,банальный,transparent
pt,banana,ru,банан,transparent
pt,bancarrota,ru,банкротство,altered
pt,banco,ru,банк,altered
pt,bandido,ru,бандит,altered
pt,banquete,ru,банкет,altered
pt,bar,ru,бар,transparent
pt,barcelona,ru,барселона,transparent
pt,barraca,ru,барак,altered
pt,barricar,ru,баррикада,transparent
pt,barão,ru,барон,altered
pt,base,ru,базовый,transparent
pt,basquete,ru,баскетбол,altered
pt,basquetebolista,ru,баскетболист,altered
pt,batalhão,ru,батальон,transparent
pt,batata,ru,батат,transparent
pt,bateria,ru,батарея,transparent
pt,batista,ru,баптист,altered
pt,baviera,ru,бавария,altered
pt,bazar,ru,базар,transparent
pt,beauty,ru,бьюти,transparent
pt,belgrado,ru,белград,altered
pt,benzina,ru,бензин,transparent
pt,berlim,ru,берлин,altered
pt,besta,ru,бестия,altered
pt,betão,ru,бетон,transparent
pt,bibliografia,ru,библиография,transparent
pt,biblioteca,ru,библиотека,transparent
pt,big,ru,биг,transparent
pt,bike,ru,байк,altered
pt,bill,ru,билл,transparent
pt,biografia,ru,биография,transparent
pt,biologia,ru,биология,transparent
pt,biológico,ru,биологический,transparent
pt,biólogo,ru,биолог,transparent
pt,bloco,ru,блокнот,altered
pt,blog,ru,блог,transparent
pt,blogueiro,ru,блогер,altered
pt,bloquear,ru,заблокировать,altered
pt,bloqueio,ru,блокада,altered
pt,boeing,ru,боинг,transparent
pt,boicote,ru,бойкот,altered
pt,bombardear,ru,бомбить,altered
pt,boom,ru,бум,transparent
pt,boss,ru,босс,transparent
pt,bot,ru,бот,transparent
pt,botânico,ru,ботанический,transparent
pt,box,ru,бокс,transparent
pt,boxe,ru,бокс,transparent
pt,boxeador,ru,боксёр,altered
pt,boyfriend,ru,бойфренд,transparent
pt,bracelete,ru,браслет,altered
pt,brad,ru,брэд,transparent
pt,brasil,ru,бразилия,altered
pt,bravo,ru,бравый,transparent
pt,briefing,ru,брифинг,transparent
pt,brigadeiro,ru,бригадир,altered
pt,britânia,ru,британия,altered
pt,britânico,ru,британский,altered
pt,brown,ru,браун,transparent
pt,bruto,ru,брутто,transparent
pt,brócolis,ru,брокколи,transparent
pt,buda,ru,будда,transparent
pt,budismo,ru,буддизм,altered
pt,bulevar,ru,бульвар,altered
pt,bunker,ru,бункер,transparent
pt,buquê,ru,букет,altered
pt,burger,ru,бургер,transparent
pt,bush,ru,буш,transparent
pt,busto,ru,бюст,transparent
pt,bálsamo,ru,бальзам,altered
pt,báltico,ru,балтика,transparent
pt,bárbaro,ru,варвар,altered
pt,básico,ru,базовый,altered
pt,bíblia,ru,библия,transparent
pt,bíblico,ru,библейский,altered
pt,bósnio,ru,босния,transparent
pt,bônus,ru,бонус,transparent
pt,búlgaro,ru,болгарин,altered
pt,cabina,ru,кабина,transparent
pt,cabo,ru,кабель,altered
pt,cabriolé,ru,кабриолет,altered
pt,cache,ru,кэш,altered
pt,cadete,ru,кадет,transparent
pt,cafeeiro,ru,кофейный,altered
pt,cafeteria,ru,кафетерий,transparent
pt,café,ru,кофе,altered
pt,cairo,ru,каир,altered
pt,caixa,ru,касса,transparent
pt,calendário,ru,календарь,altered
pt,calibre,ru,калибр,altered
pt,californiano,ru,калифорнийский,altered
pt,caloria,ru,калория,transparent
pt,campanha,ru,кампания,altered
pt,campus,ru,кампус,transparent
pt,canadá,ru,канада,transparent
pt,canal,ru,канал,transparent
pt,canalização,ru,канализация,transparent
pt,candidato,ru,кандидат,transparent
pt,candidatura,ru,кандидатура,transparent
pt,canônico,ru,канонический,transparent
pt,caos,ru,хаос,altered
pt,capital,ru,капитал,altered
pt,capitalismo,ru,капитализм,transparent
pt,capitão,ru,капитан,altered
pt,capot,ru,капот,transparent
pt,caracterizar,ru,характеризовать,altered
pt,característico,ru,характеристика,transparent
pt,caramelo,ru,карамель,transparent
pt,caravana,ru,караван,transparent
pt,carcaça,ru,каркас,altered
pt,cardeal,ru,кардинал,altered
pt,cardinal,ru,кардинальный,transparent
pt,caribenho,ru,карибский,altered
pt,caricaturar,ru,карикатура,transparent
pt,carlos,ru,карлос,transparent
pt,carnaval,ru,карнавал,transparent
pt,carrossel,ru,карусель,transparent
pt,cartão,ru,картонный,altered
pt,caráter,ru,характер,altered
pt,cascata,ru,каскад,altered
pt,caserna,ru,казарма,transparent
pt,cassete,ru,кассета,transparent
pt,cassino,ru,казино,transparent
pt,casting,ru,кастинг,transparent
pt,catalisador,ru,катализатор,transparent
pt,catamarã,ru,катамаран,transparent
pt,catastrófico,ru,катастрофический,transparent
pt,categoria,ru,категория,transparent
pt,catálogo,ru,каталог,transparent
pt,católico,ru,католический,altered
pt,cavalaria,ru,кавалерия,altered
pt,cavaleiro,ru,кавалер,altered
pt,cena,ru,сцена,altered
pt,censurar,ru,цензура,transparent
pt,centauro,ru,кентавр,altered
pt,centavo,ru,цент,transparent
pt,center,ru,центр,altered
pt,central,ru,центральный,transparent
pt,centralizar,ru,централизовать,transparent
pt,centro,ru,центр,transparent
pt,centímetro,ru,сантиметр,altered
pt,certificar,ru,сертификат,altered
pt,certificação,ru,сертификация,altered
pt,cerâmico,ru,керамика,altered
pt,champanha,ru,шампанский,altered
pt,chancelaria,ru,канцелярия,altered
pt,chanceler,ru,канцлер,altered
pt,chantagem,ru,шантаж,altered
pt,chassi,ru,шасси,transparent
pt,chat,ru,чат,transparent
pt,checklist,ru,чек-лист,transparent
pt,chefe,ru,шеф,altered
pt,chelsea,ru,челси,transparent
pt,chile,ru,чили,transparent
pt,chip,ru,чип,transparent
pt,chique,ru,шик,altered
pt,chocolate,ru,шоколад,altered
pt,choque,ru,шок,altered
pt,ciao,ru,чао,transparent
pt,ciclo,ru,цикл,transparent
pt,ciclone,ru,циклон,altered
pt,cifrar,ru,цифра,altered
pt,cigarro,ru,сигарета,altered
pt,cilindro,ru,цилиндр,altered
pt,cilíndrico,ru,цилиндрический,altered
pt,cimento,ru,цемент,altered
pt,cinema,ru,кино,altered
pt,cinematógrafo,ru,кинематограф,altered
pt,circo,ru,цирк,altered
pt,circulação,ru,циркуляция,altered
pt,cirurgia,ru,хирургия,altered
pt,cisterna,ru,цистерна,transparent
pt,citar,ru,цитировать,altered
pt,citação,ru,цитата,altered
pt,civilizar,ru,цивилизовать,transparent
pt,civilização,ru,цивилизация,transparent
pt,classe,ru,класс,altered
pt,classificação,ru,классификация,altered
pt,cliente,ru,клиент,transparent
pt,clima,ru,климат,altered
pt,climático,ru,климатический,altered
pt,clipe,ru,клип,altered
pt,clique,ru,клик,altered
pt,clone,ru,клон,transparent
pt,clown,ru,клоун,transparent
pt,clube,ru,клуб,altered
pt,cluster,ru,кластер,transparent
pt,clássico,ru,классический,altered
pt,clã,ru,клан,transparent
pt,clínico,ru,клиника,transparent
pt,coalizão,ru,коалиция,transparent
pt,cocaína,ru,кокаин,transparent
pt,coco,ru,кокос,altered
pt,cognitivo,ru,когнитивный,transparent
pt,cold,ru,холод,altered
pt,colega,ru,коллега,altered
pt,colegiada,ru,коллегия,altered
pt,coletivo,ru,коллектив,altered
pt,coletor,ru,коллектор,altered
pt,coleção,ru,коллекция,altered
pt,colonial,ru,колониальный,altered
pt,colossal,ru,колоссальный,transparent
pt,colônia,ru,колония,transparent
pt,comandante,ru,комендант,altered
pt,comandar,ru,команда,altered
pt,comando,ru,команда,altered
pt,combinar,ru,комбинированный,altered
pt,combinação,ru,комбинация,altered
pt,comboio,ru,конвой,altered
pt,comentador,ru,комментатор,transparent
pt,comentar,ru,комментировать,altered
pt,comentário,ru,комментарий,altered
pt,comercial,ru,коммерческий,altered
pt,comerciante,ru,коммерсант,altered
pt,comic,ru,комикс,transparent
pt,comissário,ru,комиссар,altered
pt,comissão,ru,комиссия,altered
pt,comitê,ru,комитет,transparent
pt,compacto,ru,компактный,altered
pt,companhia,ru,компания,altered
pt,compasso,ru,компас,altered
pt,compensar,ru,компенсировать,altered
pt,compensação,ru,компенсация,transparent
pt,competente,ru,компетентный,transparent
pt,competência,ru,компетенция,transparent
pt,complexo,ru,комплекс,altered
pt,componente,ru,компонент,altered
pt,compositor,ru,композитор,transparent
pt,composição,ru,композиция,transparent
pt,compromisso,ru,компромисс,altered
pt,computador,ru,компьютер,altered
pt,comum,ru,коммуна,transparent
pt,comuna,ru,коммуна,transparent
pt,comunicação,ru,коммуникация,altered
pt,comunismo,ru,коммунизм,altered
pt,comunista,ru,коммунист,altered
pt,comédia,ru,комедия,transparent
pt,conceito,ru,концепт,transparent
pt,conceitual,ru,концептуальный,altered
pt,concentrar,ru,концентрировать,transparent
pt,concentração,ru,концентрация,transparent
pt,concern,ru,концерн,transparent
pt,concerto,ru,концерт,altered
pt,conceção,ru,концепция,altered
pt,concorrente,ru,конкурент,altered
pt,concorrer,ru,конкурировать,altered
pt,concorrência,ru,конкуренция,altered
pt,concretizar,ru,конкретизировать,altered
pt,concreto,ru,конкретный,altered
pt,concurso,ru,конкурс,altered
pt,condicionador,ru,кондиционер,transparent
pt,confederação,ru,конфедерация,transparent
pt,conferência,ru,конференция,transparent
pt,configuração,ru,конфигурация,transparent
pt,confiscação,ru,конфискация,transparent
pt,conflito,ru,конфликт,altered
pt,conforto,ru,комфорт,altered
pt,confortável,ru,комфортный,altered
pt,confronto,ru,конфронтация,altered
pt,congresso,ru,конгресс,transparent
pt,conhaque,ru,коньяк,altered
pt,conservador,ru,консервативный,altered
pt,conservar,ru,консервы,altered
pt,conservatório,ru,консерватория,altered
pt,consolar,ru,консоль,transparent
pt,consolidação,ru,консолидация,transparent
pt,constante,ru,константа,transparent
pt,constar,ru,констатировать,altered
pt,constitucional,ru,конституционный,altered
pt,constituição,ru,конституция,transparent
pt,construtivo,ru,конструктивный,transparent
pt,construtor,ru,конструктор,transparent
pt,construção,ru,конструкция,transparent
pt,consulado,ru,консульство,altered
pt,consultivo,ru,консультативный,transparent
pt,consultor,ru,консультант,altered
pt,contacto,ru,контакт,altered
pt,contato,ru,контакт,transparent
pt,contexto,ru,контекст,transparent
pt,continental,ru,континентальный,transparent
pt,continente,ru,континент,transparent
pt,contingente,ru,контингент,transparent
pt,contorno,ru,контур,altered
pt,contra,ru,контра,transparent
pt,contraste,ru,контраст,altered
pt,contrato,ru,контракт,transparent
pt,controlador,ru,контроллер,altered
pt,controlar,ru,контролировать,altered
pt,controlo,ru,контроль,transparent
pt,contêiner,ru,контейнер,transparent
pt,convenção,ru,конвенция,altered
pt,cooperativo,ru,кооператив,transparent
pt,cooperação,ru,кооперация,transparent
pt,coordenador,ru,координатор,altered
pt,coordenar,ru,координата,altered
pt,coordenação,ru,координация,altered
pt,copiar,ru,копировать,altered
pt,coroar,ru,корона,altered
pt,corporativo,ru,корпоративный,transparent
pt,corporação,ru,корпорация,transparent
pt,corredor,ru,коридор,altered
pt,correspondente,ru,корреспондент,transparent
pt,corretor,ru,корректор,transparent
pt,correção,ru,коррекция,transparent
pt,corrigir,ru,корректировать,altered
pt,corrupção,ru,коррупция,transparent
pt,corte,ru,корт,transparent
pt,cosmonauta,ru,космонавт,altered
pt,cosmético,ru,косметика,altered
pt,costume,ru,костюм,altered
pt,cover,ru,кавер,transparent
pt,crack,ru,крах,transparent
pt,crash,ru,краш,transparent
pt,cratera,ru,кратер,altered
pt,credor,ru,кредитор,altered
pt,crime,ru,криминал,altered
pt,criminal,ru,криминальный,altered
pt,crise,ru,кризис,altered
pt,cristal,ru,кристалл,transparent
pt,cristo,ru,христос,altered
pt,cristão,ru,христианский,altered
pt,criticamente,ru,критически,transparent
pt,criticar,ru,критиковать,altered
pt,critério,ru,критерий,transparent
pt,crocodilo,ru,крокодил,transparent
pt,cromossoma,ru,хромосома,altered
pt,cross,ru,кросс,transparent
pt,crossover,ru,кросс,transparent
pt,cruz,ru,крест,altered
pt,cruzeiro,ru,круиз,altered
pt,crédito,ru,кредит,transparent
pt,crítico,ru,критический,altered
pt,crônico,ru,хронический,altered
pt,cubano,ru,кубинский,altered
pt,cubo,ru,куб,altered
pt,culinário,ru,кулинарный,transparent
pt,culto,ru,культ,altered
pt,cultura,ru,культура,transparent
pt,cultural,ru,культурный,transparent
pt,cupê,ru,купе,altered
pt,curador,ru,куратор,transparent
pt,curso,ru,курс,altered
pt,czar,ru,царь,transparent
pt,cápsula,ru,капсула,transparent
pt,cárdio,ru,кардио,transparent
pt,cárter,ru,картер,transparent
pt,cáspio,ru,каспийский,transparent
pt,cátedra,ru,кафедра,altered
pt,cânon,ru,канон,transparent
pt,césar,ru,цезарь,transparent
pt,cênico,ru,сценический,altered
pt,cínico,ru,циничный,transparent
pt,círculo,ru,циркуль,altered
pt,código,ru,код,transparent
pt,cópia,ru,копия,altered
pt,cômico,ru,комик,transparent
pt,cônsul,ru,консул,transparent
pt,cúpula,ru,купол,altered
pt,dama,ru,дама,transparent
pt,dante,ru,данте,transparent
pt,dar,ru,дать,transparent
pt,darwin,ru,дарвин,transparent
pt,davi,ru,дэвид,altered
pt,david,ru,давид,transparent
pt,debater,ru,дебаты,transparent
pt,debut,ru,дебют,transparent
pt,debutar,ru,дебютировать,transparent
pt,declarar,ru,декларировать,transparent
pt,declaração,ru,декларация,transparent
pt,decorativo,ru,декоративный,transparent
pt,decoração,ru,декорация,transparent
pt,decreto,ru,декрет,transparent
pt,defeito,ru,дефект,altered
pt,deformação,ru,деформация,transparent
pt,degradação,ru,деградация,transparent
pt,delegar,ru,делегат,altered
pt,delegação,ru,делегация,transparent
pt,delta,ru,дельта,transparent
pt,demo,ru,демо,transparent
pt,democracia,ru,демократия,transparent
pt,democrata,ru,демократ,transparent
pt,demográfico,ru,демографический,transparent
pt,demonstrar,ru,демонстрировать,altered
pt,demonstração,ru,демонстрация,altered
pt,demónio,ru,демон,altered
pt,denys,ru,денис,transparent
pt,departamento,ru,департамент,altered
pt,deportação,ru,депортация,transparent
pt,depressão,ru,депрессия,transparent
pt,deputar,ru,депутат,altered
pt,depósito,ru,депозит,altered
pt,derbi,ru,дерби,transparent
pt,desconforto,ru,дискомфорт,altered
pt,design,ru,дизайн,transparent
pt,designer,ru,дизайнер,transparent
pt,detalhar,ru,детальный,altered
pt,detalhe,ru,деталь,altered
pt,detective,ru,детектив,transparent
pt,detetor,ru,детектор,transparent
pt,detonador,ru,детонатор,transparent
pt,detroit,ru,детройт,transparent
pt,dezembro,ru,декабрь,altered
pt,deão,ru,декан,altered
pt,diabetes,ru,диабет,altered
pt,diagnóstica,ru,диагностика,transparent
pt,diagnóstico,ru,диагноз,altered
pt,diagrama,ru,диаграмма,transparent
pt,dialeto,ru,диалект,transparent
pt,diamante,ru,диамант,transparent
pt,diana,ru,диана,transparent
pt,diesel,ru,дизель,transparent
pt,dieta,ru,диета,transparent
pt,diferencial,ru,дифференциальный,transparent
pt,dinastia,ru,династия,transparent
pt,dinossauro,ru,динозавр,altered
pt,dinâmico,ru,динамический,transparent
pt,diplomacia,ru,дипломатия,altered
pt,diplomar,ru,диплом,altered
pt,diplomata,ru,дипломат,transparent
pt,diplomático,ru,дипломатический,altered
pt,director,ru,директор,transparent
pt,direcção,ru,дирекция,transparent
pt,diretiva,ru,директива,altered
pt,diretor,ru,директор,altered
pt,disciplinar,ru,дисциплина,transparent
pt,disco,ru,диск,transparent
pt,discoteca,ru,дискотека,transparent
pt,discriminação,ru,дискриминация,altered
pt,discussão,ru,дискуссия,transparent
pt,discutir,ru,дискутировать,altered
pt,display,ru,дисплей,transparent
pt,dissertação,ru,диссертация,transparent
pt,distribuição,ru,дистрибуция,transparent
pt,distância,ru,дистанция,transparent
pt,ditador,ru,диктатор,altered
pt,ditadura,ru,диктатура,altered
pt,divisão,ru,дивизия,altered
pt,divã,ru,диван,altered
pt,diálogo,ru,диалог,transparent
pt,diâmetro,ru,диаметр,transparent
pt,doador,ru,донор,altered
pt,documentação,ru,документация,transparent
pt,documento,ru,документ,altered
pt,dogue,ru,дог,transparent
pt,dolina,ru,долина,transparent
pt,dominar,ru,доминировать,altered
pt,domínio,ru,доминион,transparent
pt,donald,ru,дональд,transparent
pt,doping,ru,допинг,transparent
pt,dose,ru,доза,altered
pt,dossiê,ru,досье,transparent
pt,doutrinar,ru,доктрина,transparent
pt,dragão,ru,дракон,altered
pt,drama,ru,драма,transparent
pt,dramaturgia,ru,драматургия,transparent
pt,dramaturgo,ru,драматург,altered
pt,dramático,ru,драматический,transparent
pt,drive,ru,драйв,transparent
pt,driver,ru,драйвер,transparent
pt,druida,ru,друид,transparent
pt,duelo,ru,дуэль,transparent
pt,dueto,ru,дуэт,transparent
pt,década,ru,декада,transparent
pt,déficit,ru,дефицит,transparent
pt,dólar,ru,доллар,transparent
pt,eco,ru,эхо,transparent
pt,ecologia,ru,экология,transparent
pt,ecológico,ru,экологический,altered
pt,economia,ru,экономика,altered
pt,economicamente,ru,экономически,transparent
pt,economista,ru,экономист,altered
pt,económico,ru,экономический,transparent
pt,econômico,ru,экономический,altered
pt,ecossistema,ru,экосистема,altered
pt,editor,ru,редактор,transparent
pt,edição,ru,редакция,altered
pt,eduardo,ru,эдуард,transparent
pt,efeito,ru,эффект,altered
pt,efetivamente,ru,эффективно,altered
pt,efetividade,ru,эффективность,transparent
pt,efetivo,ru,эффективный,altered
pt,egito,ru,египет,altered
pt,ego,ru,эго,transparent
pt,electrónico,ru,электронный,transparent
pt,elegante,ru,элегантный,transparent
pt,elementar,ru,элементарный,transparent
pt,elemento,ru,элемент,transparent
pt,eletricidade,ru,электричество,transparent
pt,eletricista,ru,электрик,altered
pt,eletrônico,ru,электронный,transparent
pt,elite,ru,элита,transparent
pt,elixir,ru,эликсир,transparent
pt,elétrico,ru,электрический,transparent
pt,elétron,ru,электрон,transparent
pt,email,ru,имейл,transparent
pt,emblemar,ru,эмблема,transparent
pt,emigrante,ru,эмигрант,altered
pt,emigração,ru,эмиграция,altered
pt,emirado,ru,эмират,transparent
pt,emissão,ru,эмиссия,transparent
pt,emocionalmente,ru,эмоционально,transparent
pt,emocionar,ru,эмоция,altered
pt,emoção,ru,эмоция,transparent
pt,empacotar,ru,упаковать,altered
pt,enciclopédia,ru,энциклопедия,altered
pt,energia,ru,энергия,transparent
pt,energético,ru,энергетический,altered
pt,engenharia,ru,инженерия,transparent
pt,ensemble,ru,ансамбль,transparent
pt,entonação,ru,интонация,transparent
pt,entusiasmo,ru,энтузиазм,altered
pt,entusiasta,ru,энтузиаст,transparent
pt,enérgico,ru,энергичный,altered
pt,epicentro,ru,эпицентр,transparent
pt,epidemiar,ru,эпидемия,transparent
pt,episódio,ru,эпизод,altered
pt,epopeia,ru,эпос,altered
pt,equivalente,ru,эквивалентный,transparent
pt,erevan,ru,ереван,transparent
pt,erótico,ru,эротический,transparent
pt,escavadeira,ru,экскаватор,altered
pt,escola,ru,школа,altered
pt,escorpião,ru,скорпион,altered
pt,escultor,ru,скульптор,transparent
pt,esculturar,ru,скульптура,altered
pt,escândalo,ru,скандал,altered
pt,eslovênia,ru,словения,altered
pt,especial,ru,специальный,transparent
pt,especialista,ru,специалист,transparent
pt,especializar,ru,специализироваться,altered
pt,especialmente,ru,специально,altered
pt,especiaria,ru,специя,altered
pt,espectro,ru,спектр,transparent
pt,especulação,ru,спекуляция,altered
pt,esperma,ru,сперма,altered
pt,espetáculo,ru,спектакль,altered
pt,espionagem,ru,шпионаж,altered
pt,espiral,ru,спираль,transparent
pt,espontaneamente,ru,спонтанно,altered
pt,espontâneo,ru,спонтанный,transparent
pt,esporte,ru,спорт,altered
pt,esportes,ru,спорт,altered
pt,espírito,ru,спирт,altered
pt,esquadrar,ru,эскадра,altered
pt,esqueleto,ru,скелет,altered
pt,esquema,ru,схема,altered
pt,esquizofrenia,ru,шизофрения,altered
pt,estabilidade,ru,стабильность,altered
pt,estabilização,ru,стабилизация,altered
pt,estacionário,ru,стационарный,transparent
pt,estafeta,ru,эстафета,transparent
pt,estampar,ru,штамп,altered
pt,estatístico,ru,статистический,altered
pt,estação,ru,станция,altered
pt,estereótipo,ru,стереотип,altered
pt,estilo,ru,стиль,transparent
pt,estiloso,ru,стильный,altered
pt,estilístico,ru,стилистика,transparent
pt,estipêndio,ru,стипендия,altered
pt,estomatologia,ru,стоматология,transparent
pt,estratego,ru,стратег,altered
pt,estratégia,ru,стратегия,altered
pt,estratégico,ru,стратегический,transparent
pt,estresse,ru,стресс,altered
pt,estrutural,ru,структурный,transparent
pt,estruturar,ru,структура,altered
pt,estudante,ru,студент,altered
pt,estudantil,ru,студенческий,altered
pt,estádio,ru,стадион,altered
pt,estátua,ru,статуя,altered
pt,estável,ru,стабильно,altered
pt,estético,ru,эстетический,altered
pt,estímulo,ru,стимул,altered
pt,estónio,ru,эстония,transparent
pt,estúdio,ru,студия,altered
pt,etapa,ru,этап,transparent
pt,etnografia,ru,этнография,transparent
pt,etnográfico,ru,этнографический,transparent
pt,euro,ru,евро,transparent
pt,europa,ru,европа,altered
pt,europeu,ru,европейский,altered
pt,eurovisão,ru,евровидение,transparent
pt,eva,ru,ева,transparent
pt,evacuação,ru,эвакуация,transparent
pt,evangelho,ru,евангелие,altered
pt,evangélico,ru,евангельский,altered
pt,evidente,ru,очевидный,transparent
pt,evolução,ru,эволюция,transparent
pt,ex,ru,экс,transparent
pt,exame,ru,экзамен,altered
pt,exclusivo,ru,эксклюзивный,altered
pt,excursão,ru,экскурсия,altered
pt,exemplar,ru,экземпляр,transparent
pt,existencial,ru,экзистенциальный,transparent
pt,expansão,ru,экспансия,altered
pt,expedição,ru,экспедиция,altered
pt,experimental,ru,экспериментальный,transparent
pt,experimentar,ru,экспериментировать,altered
pt,experimento,ru,эксперимент,transparent
pt,experto,ru,эксперт,transparent
pt,exploração,ru,эксплуатация,altered
pt,exportador,ru,экспортный,altered
pt,exportação,ru,экспорт,altered
pt,exposição,ru,экспозиция,altered
pt,expresso,ru,экспресс,altered
pt,expressão,ru,экспрессия,transparent
pt,exterior,ru,экстерьер,transparent
pt,extra,ru,экстра,transparent
pt,extraordinário,ru,экстраординарный,transparent
pt,extremismo,ru,экстремизм,transparent
pt,exótico,ru,экзотический,transparent
pt,face,ru,фаза,altered
pt,fachada,ru,фасад,altered
pt,facto,ru,факт,altered
pt,faculdade,ru,факультет,altered
pt,fake,ru,фейк,transparent
pt,falsificação,ru,фальсификация,transparent
pt,fantasiar,ru,фантазия,transparent
pt,fantástico,ru,фантастический,transparent
pt,fanático,ru,фанат,altered
pt,faraó,ru,фараон,transparent
pt,farmacêutico,ru,фармацевтический,transparent
pt,farmácia,ru,фармация,transparent
pt,farol,ru,фара,altered
pt,fascismo,ru,фашизм,transparent
pt,fascista,ru,фашист,altered
pt,fase,ru,фаза,transparent
pt,fato,ru,факт,transparent
pt,fator,ru,фактор,transparent
pt,fauna,ru,фауна,transparent
pt,favorito,ru,фаворит,altered
pt,federal,ru,федеральный,transparent
pt,federativo,ru,федеративный,transparent
pt,federação,ru,федерация,altered
pt,fenômeno,ru,феномен,transparent
pt,fermento,ru,фермент,transparent
pt,fernando,ru,фернандо,transparent
pt,ferrari,ru,феррари,transparent
pt,festival,ru,фестиваль,altered
pt,feudal,ru,феодальный,altered
pt,figurante,ru,фигурант,transparent
pt,figurar,ru,фигура,transparent
pt,filarmônica,ru,филармония,altered
pt,filial,ru,филиал,transparent
pt,filipino,ru,филиппины,transparent
pt,filme,ru,фильм,altered
pt,filológico,ru,филологический,altered
pt,filosofia,ru,философия,transparent
pt,filtro,ru,фильтр,transparent
pt,filósofo,ru,философ,transparent
pt,final,ru,финал,transparent
pt,finalista,ru,финалист,altered
pt,finalmente,ru,финальный,altered
pt,financeiro,ru,финансово,altered
pt,financiamento,ru,финансирование,altered
pt,financiar,ru,финансировать,altered
pt,finança,ru,финансы,transparent
pt,finanças,ru,финансы,transparent
pt,finish,ru,финиш,transparent
pt,finlandês,ru,финский,altered
pt,firmar,ru,фирма,transparent
pt,firme,ru,фирма,transparent
pt,fischer,ru,фишер,transparent
pt,fisiologia,ru,физиология,transparent
pt,fisiológico,ru,физиологический,altered
pt,fitness,ru,фитнес,transparent
pt,fixar,ru,фиксировать,altered
pt,fixação,ru,фиксация,transparent
pt,flag,ru,флаг,transparent
pt,flanco,ru,фланг,altered
pt,flor,ru,флора,transparent
pt,florir,ru,флора,transparent
pt,flávio,ru,флавий,transparent
pt,foco,ru,фокус,altered
pt,folclore,ru,фольклор,altered
pt,folclórico,ru,фольклорный,altered
pt,fonético,ru,фонетический,altered
pt,formal,ru,формальный,transparent
pt,formalidade,ru,формальность,altered
pt,formalmente,ru,формально,transparent
pt,formar,ru,форма,transparent
pt,formato,ru,формат,altered
pt,formular,ru,сформулировать,altered
pt,formulação,ru,формулировка,altered
pt,forward,ru,форвард,transparent
pt,foto,ru,фото,transparent
pt,fotografar,ru,фотографироваться,altered
pt,fotografia,ru,фотография,transparent
pt,fotógrafo,ru,фотограф,transparent
pt,fox,ru,фокс,transparent
pt,fragata,ru,фрегат,altered
pt,fragmento,ru,фрагмент,altered
pt,francis,ru,фрэнсис,transparent
pt,franco,ru,франк,transparent
pt,francês,ru,француз,altered
pt,franklin,ru,франклин,transparent
pt,franquiar,ru,франшиза,altered
pt,frase,ru,фраза,altered
pt,fração,ru,фракция,altered
pt,free,ru,фри,transparent
pt,frente,ru,фронт,altered
pt,fresco,ru,фреска,altered
pt,frontal,ru,фронтовой,altered
pt,frota,ru,флот,altered
pt,frutar,ru,фрукт,altered
pt,fuga,ru,фуга,transparent
pt,funcional,ru,функциональный,altered
pt,funcionamento,ru,функционирование,altered
pt,funcionar,ru,функционировать,transparent
pt,fundamental,ru,фундаментальный,transparent
pt,fundamento,ru,фундамент,altered
pt,fundo,ru,фонд,altered
pt,função,ru,функция,transparent
pt,furacão,ru,ураган,altered
pt,furgão,ru,фургон,transparent
pt,fut,ru,фут,transparent
pt,futebol,ru,футбол,transparent
pt,fábrica,ru,фабрика,altered
pt,fã,ru,фан,transparent
pt,fênix,ru,феникс,altered
pt,físico,ru,физический,transparent
pt,fórmula,ru,формула,transparent
pt,fórum,ru,форум,transparent
pt,führer,ru,фюрер,transparent
pt,gabarito,ru,габарит,transparent
pt,gabinete,ru,кабинет,altered
pt,gadget,ru,гаджет,transparent
pt,gagá,ru,гага,transparent
pt,galeria,ru,галерея,transparent
pt,galáxia,ru,галактика,altered
pt,galão,ru,галлон,transparent
pt,gamar,ru,гамма,transparent
pt,garagem,ru,гараж,altered
pt,garantir,ru,гарантия,transparent
pt,gay,ru,гей,transparent
pt,gazeta,ru,газета,transparent
pt,gel,ru,гель,transparent
pt,gene,ru,ген,altered
pt,general,ru,генерал,transparent
pt,geneticamente,ru,генетически,altered
pt,genial,ru,гениальный,transparent
pt,genocídio,ru,геноцид,altered
pt,genoma,ru,геном,altered
pt,gentleman,ru,джентльмен,transparent
pt,genético,ru,генетический,transparent
pt,geografia,ru,география,transparent
pt,geográfico,ru,географический,transparent
pt,geologia,ru,геология,transparent
pt,geológico,ru,геологический,transparent
pt,geometria,ru,геометрия,transparent
pt,geométrico,ru,геометрический,transparent
pt,geopolítico,ru,геополитический,altered
pt,gerador,ru,генератор,altered
pt,gerar,ru,генерировать,altered
pt,geração,ru,генерация,altered
pt,germânio,ru,германий,altered
pt,gesto,ru,жест,altered
pt,geógrafo,ru,географ,altered
pt,geólogo,ru,геолог,transparent
pt,giga,ru,гиг,altered
pt,gigante,ru,гигант,altered
pt,gigantesco,ru,гигантский,altered
pt,ginásio,ru,гимназия,altered
pt,ginástico,ru,гимнастика,transparent
pt,girafa,ru,жираф,transparent
pt,glicose,ru,глюкоза,altered
pt,global,ru,глобальный,transparent
pt,golfe,ru,гольф,transparent
pt,gramático,ru,грамматика,transparent
pt,granito,ru,гранит,altered
pt,grant,ru,грант,transparent
pt,grau,ru,градус,altered
pt,gravitacional,ru,гравитационный,transparent
pt,gravitação,ru,гравитация,transparent
pt,grego,ru,грек,altered
pt,grey,ru,грей,transparent
pt,grifo,ru,гриф,altered
pt,grill,ru,гриль,transparent
pt,gripe,ru,грипп,altered
pt,gráfico,ru,график,altered
pt,guarda-roupar,ru,гардероб,altered
pt,guardar,ru,гвардия,altered
pt,guarnição,ru,гарнизон,altered
pt,guilda,ru,гильдия,altered
pt,guilherme,ru,уильям,altered
pt,guiné,ru,гвинея,transparent
pt,guitarra,ru,гитара,altered
pt,guitarrista,ru,гитарист,altered
pt,guru,ru,гуру,transparent
pt,gás,ru,газ,transparent
pt,gênio,ru,гений,transparent
pt,hacker,ru,хакер,transparent
pt,hamburgo,ru,гамбург,altered
pt,hambúrguer,ru,гамбургер,transparent
pt,hangar,ru,ангар,transparent
pt,harmonia,ru,гармония,transparent
pt,harmônico,ru,гармоничный,transparent
pt,hectare,ru,гектар,altered
pt,helsinque,ru,хельсинки,altered
pt,heroína,ru,героин,altered
pt,heroísmo,ru,героизм,transparent
pt,herói,ru,герой,altered
pt,hidráulico,ru,гидравлический,altered
pt,hierarquia,ru,иерархия,transparent
pt,higiene,ru,гигиена,altered
pt,hipotecar,ru,ипотека,altered
pt,hipotecário,ru,ипотечный,altered
pt,hipotético,ru,гипотетический,altered
pt,hipótese,ru,гипотеза,altered
pt,historiografia,ru,историография,transparent
pt,história,ru,история,transparent
pt,histórico,ru,исторический,altered
pt,hit,ru,хит,transparent
pt,hobby,ru,хобби,transparent
pt,holandês,ru,голландский,transparent
pt,holding,ru,холдинг,altered
pt,holocausto,ru,холокост,altered
pt,honorário,ru,гонорар,altered
pt,hooligan,ru,хулиган,transparent
pt,horda,ru,орда,altered
pt,horizontal,ru,горизонтальный,transparent
pt,hormona,ru,гормон,altered
pt,hospital,ru,госпиталь,altered
pt,hotel,ru,отель,transparent
pt,house,ru,хаус,transparent
pt,houston,ru,хьюстон,altered
pt,humanitário,ru,гуманитарный,transparent
pt,humor,ru,юмор,altered
pt,híbrido,ru,гибридный,transparent
pt,hóquei,ru,хоккейный,altered
pt,iate,ru,яхта,altered
pt,ideal,ru,идеальный,transparent
pt,ideia,ru,идея,transparent
pt,identidade,ru,идентичность,altered
pt,identificar,ru,идентифицировать,transparent
pt,identificação,ru,идентификация,altered
pt,ideologia,ru,идеология,transparent
pt,ideológico,ru,идеологический,altered
pt,idiota,ru,идиот,altered
pt,idêntico,ru,идентичный,transparent
pt,ignorar,ru,игнорировать,transparent
pt,ilegal,ru,нелегальный,altered
pt,ilustração,ru,иллюстрация,altered
pt,ilusão,ru,иллюзия,altered
pt,imigrante,ru,иммигрант,transparent
pt,imitar,ru,имитировать,altered
pt,imitação,ru,имитация,transparent
pt,impacto,ru,импакт,transparent
pt,imperador,ru,император,altered
pt,imperial,ru,имперский,altered
pt,importação,ru,импорт,altered
pt,improvisação,ru,импровизация,transparent
pt,impulso,ru,импульс,altered
pt,império,ru,империя,transparent
pt,imune,ru,иммунный,altered
pt,incidente,ru,инцидент,transparent
pt,indicador,ru,индикатор,transparent
pt,indicar,ru,индикатор,altered
pt,indicação,ru,индикация,transparent
pt,individual,ru,индивидуальный,transparent
pt,individualmente,ru,индивидуально,transparent
pt,indonésio,ru,индонезия,transparent
pt,industrial,ru,индустриальный,altered
pt,indústria,ru,индустрия,altered
pt,infarto,ru,инфаркт,transparent
pt,infecção,ru,инфекция,transparent
pt,inflação,ru,инфляция,altered
pt,informacional,ru,информационно,transparent
pt,informar,ru,информировать,altered
pt,informação,ru,информация,transparent
pt,informático,ru,информатика,transparent
pt,infraestrutura,ru,инфраструктура,transparent
pt,ingrediente,ru,ингредиент,transparent
pt,iniciador,ru,инициатор,altered
pt,inicial,ru,инициал,altered
pt,iniciar,ru,инициировать,altered
pt,iniciativo,ru,инициатива,altered
pt,injeção,ru,инъекция,transparent
pt,inovador,ru,инновационный,altered
pt,inovação,ru,инновация,altered
pt,inspetor,ru,инспектор,altered
pt,inspeção,ru,инспекция,altered
pt,instabilidade,ru,нестабильность,transparent
pt,instagram,ru,инстаграм,transparent
pt,instalação,ru,инсталляция,transparent
pt,instinto,ru,инстинкт,transparent
pt,instituto,ru,институт,transparent
pt,instrumento,ru,инструмент,altered
pt,instrutor,ru,инструктор,altered
pt,instrução,ru,инструкция,transparent
pt,instável,ru,нестабильный,altered
pt,integrar,ru,интегрировать,altered
pt,integração,ru,интеграция,transparent
pt,intelecto,ru,интеллект,transparent
pt,intelectual,ru,интеллектуальный,transparent
pt,inteligente,ru,интеллигентный,transparent
pt,inteligência,ru,интеллигенция,altered
pt,intensidade,ru,интенсивность,altered
pt,intensivo,ru,интенсивный,transparent
pt,intenso,ru,интенсивный,transparent
pt,interativo,ru,интерактивный,altered
pt,interessar,ru,интересовать,altered
pt,interesse,ru,интерес,altered
pt,interface,ru,интерфейс,altered
pt,interior,ru,интерьер,transparent
pt,internacional,ru,интернациональный,transparent
pt,internato,ru,интернат,altered
pt,internet,ru,интернет,transparent
pt,interpretar,ru,интерпретировать,altered
pt,interpretação,ru,интерпретация,transparent
pt,intervalo,ru,интервал,transparent
pt,intervenção,ru,интервенция,altered
pt,intrigar,ru,интрига,transparent
pt,introduzir,ru,интродукция,altered
pt,intuição,ru,интуиция,altered
pt,inventar,ru,инвентарь,altered
pt,inventário,ru,инвентарь,transparent
pt,investidor,ru,инвестор,altered
pt,investimento,ru,инвестиция,altered
pt,investir,ru,инвестировать,altered
pt,inválido,ru,инвалид,transparent
pt,ioga,ru,йог,altered
pt,iogurte,ru,йогурт,altered
pt,iraque,ru,ирак,altered
pt,irina,ru,ирина,transparent
pt,irlandês,ru,ирландский,altered
pt,ironia,ru,ирония,transparent
pt,irã,ru,иран,transparent
pt,islam,ru,ислам,transparent
pt,isolador,ru,изолятор,transparent
pt,isolação,ru,изоляция,altered
pt,italiano,ru,итальянец,altered
pt,itália,ru,италия,transparent
pt,iêmen,ru,йемен,altered
pt,jacarta,ru,джакарта,altered
pt,japão,ru,япония,altered
pt,jazz,ru,джаз,transparent
pt,jeans,ru,джинса,altered
pt,jeep,ru,джип,altered
pt,jesus,ru,иисус,altered
pt,jimmy,ru,джимми,transparent
pt,john,ru,джон,transparent
pt,jornal,ru,журнал,altered
pt,jornalista,ru,журналист,transparent
pt,jubileu,ru,юбилей,altered
pt,judô,ru,дзюдо,altered
pt,julho,ru,июль,altered
pt,jurisdição,ru,юрисдикция,altered
pt,jurista,ru,юрист,transparent
pt,jurídico,ru,юридический,altered
pt,justiçar,ru,юстиция,altered
pt,juventus,ru,ювентус,transparent
pt,júpiter,ru,юпитер,altered
pt,karma,ru,карма,transparent
pt,kate,ru,кейт,transparent
pt,kelly,ru,келли,transparent
pt,kg,ru,кг,transparent
pt,khan,ru,хан,transparent
pt,killer,ru,киллер,transparent
pt,king,ru,кинг,transparent
pt,krasnodar,ru,краснодар,transparent
pt,labirinto,ru,лабиринт,transparent
pt,laboratório,ru,лаборатория,altered
pt,lactose,ru,лактоза,transparent
pt,lady,ru,леди,transparent
pt,lanchar,ru,ланча,transparent
pt,lanche,ru,ланч,transparent
pt,lapa,ru,лапа,transparent
pt,laser,ru,лазерный,altered
pt,latim,ru,латынь,transparent
pt,laurear,ru,лауреат,altered
pt,lavar,ru,лава,transparent
pt,lazer,ru,лазер,transparent
pt,legal,ru,легальный,altered
pt,legalização,ru,легализация,transparent
pt,legendar,ru,легенда,transparent
pt,legionário,ru,легионер,altered
pt,legião,ru,легион,transparent
pt,leitor,ru,лектор,altered
pt,lendário,ru,легендарный,altered
pt,leonardo,ru,леонардо,transparent
pt,leopardo,ru,леопард,transparent
pt,liberal,ru,либеральный,transparent
pt,licença,ru,лицензия,altered
pt,liceu,ru,лицей,altered
pt,liderança,ru,лидерство,altered
pt,liderar,ru,лидировать,altered
pt,ligar,ru,лига,transparent
pt,like,ru,лайк,transparent
pt,limite,ru,лимит,transparent
pt,limão,ru,лимон,transparent
pt,linear,ru,линейный,transparent
pt,liner,ru,лайнер,transparent
pt,linguístico,ru,лингвистика,transparent
pt,link,ru,линк,altered
pt,liquidar,ru,ликвидировать,altered
pt,liquidação,ru,ликвидация,transparent
pt,lira,ru,лир,transparent
pt,literato,ru,литератор,transparent
pt,literatura,ru,литература,transparent
pt,literário,ru,литературный,transparent
pt,litro,ru,литр,altered
pt,liturgia,ru,литургия,transparent
pt,live,ru,лайв,transparent
pt,liverpool,ru,ливерпуль,transparent
pt,lição,ru,лекция,transparent
pt,local,ru,локальный,transparent
pt,localizar,ru,локализовать,altered
pt,localização,ru,локализация,transparent
pt,logotipo,ru,логотип,transparent
pt,lopes,ru,лопес,transparent
pt,lorde,ru,лорд,altered
pt,lote,ru,лот,transparent
pt,loteria,ru,лотерея,transparent
pt,lua,ru,луна,altered
pt,luiz,ru,луи,transparent
pt,luxo,ru,люкс,transparent
pt,lâmpada,ru,лампа,transparent
pt,lésbico,ru,лесбиянка,altered
pt,léxico,ru,лексика,transparent
pt,líder,ru,лидер,transparent
pt,lírico,ru,лирический,transparent
pt,lógico,ru,логический,transparent
pt,macarrão,ru,макароны,altered
pt,macedônia,ru,македония,altered
pt,madama,ru,мадам,altered
pt,madona,ru,мадонна,altered
pt,madrid,ru,мадрид,transparent
pt,magia,ru,магия,transparent
pt,magister,ru,магистр,altered
pt,magistral,ru,магистраль,transparent
pt,mail,ru,майл,transparent
pt,maio,ru,май,altered
pt,mamute,ru,мамонт,transparent
pt,mamã,ru,мама,transparent
pt,mamãe,ru,мама,transparent
pt,manchester,ru,манчестер,transparent
pt,mandato,ru,мандат,transparent
pt,mangar,ru,манга,transparent
pt,manhattan,ru,манхеттен,altered
pt,manifestação,ru,манифестация,altered
pt,manifesto,ru,манифест,transparent
pt,manipulação,ru,манипуляция,transparent
pt,manuel,ru,мануэль,transparent
pt,maníaco,ru,маньяк,altered
pt,maquete,ru,макет,altered
pt,maquiagem,ru,макияж,altered
pt,maratona,ru,марафон,altered
pt,marcador,ru,маркер,altered
pt,marchar,ru,марш,altered
pt,marechal,ru,маршал,altered
pt,margarida,ru,маргарита,altered
pt,maria,ru,мария,transparent
pt,marketing,ru,маркетинг,transparent
pt,marquês,ru,маркиз,altered
pt,marrocos,ru,марокко,altered
pt,marx,ru,маркс,transparent
pt,marxismo,ru,марксизм,transparent
pt,março,ru,март,altered
pt,massa,ru,масса,transparent
pt,massagem,ru,массаж,altered
pt,massivo,ru,массивный,transparent
pt,masterclass,ru,мастер-класс,transparent
pt,mastro,ru,мачта,altered
pt,match,ru,матч,transparent
pt,matemático,ru,математический,altered
pt,material,ru,материал,transparent
pt,materialmente,ru,материально,transparent
pt,matriz,ru,матрица,altered
pt,matéria,ru,материя,transparent
pt,max,ru,макс,transparent
pt,mecanismo,ru,механизм,transparent
pt,mecanizar,ru,механизировать,altered
pt,mecânico,ru,механический,altered
pt,medalhar,ru,медаль,altered
pt,medicamento,ru,медикамент,altered
pt,medicinar,ru,медицина,transparent
pt,medir,ru,мерить,altered
pt,meditação,ru,медитация,transparent
pt,megafone,ru,мегафон,transparent
pt,megalópole,ru,мегаполис,altered
pt,melodiar,ru,мелодия,transparent
pt,melodrama,ru,мелодрама,transparent
pt,membrana,ru,мембрана,transparent
pt,memorar,ru,меморандум,altered
pt,memorial,ru,мемориал,transparent
pt,menos,ru,минус,transparent
pt,mental,ru,ментальный,transparent
pt,mentalidade,ru,менталитет,altered
pt,menu,ru,меню,transparent
pt,metal,ru,металл,transparent
pt,metalurgia,ru,металлургия,transparent
pt,metalúrgico,ru,металлургический,transparent
pt,meteorito,ru,метеорит,altered
pt,metodologia,ru,методика,altered
pt,metodológico,ru,методический,altered
pt,metro,ru,метр,transparent
pt,metropolita,ru,митрополит,transparent
pt,metropolitano,ru,метрополитен,altered
pt,metrô,ru,метро,transparent
pt,metrôs,ru,метро,transparent
pt,metáfora,ru,метафора,altered
pt,mexicano,ru,мексиканец,altered
pt,mi,ru,ми,transparent
pt,microfone,ru,микрофон,transparent
pt,microorganismo,ru,микроорганизм,transparent
pt,migrante,ru,мигрант,altered
pt,migratório,ru,миграционный,altered
pt,migração,ru,миграция,transparent
pt,milhão,ru,миллион,altered
pt,milionário,ru,миллионер,altered
pt,milionésimo,ru,миллионный,altered
pt,milímetro,ru,миллиметр,transparent
pt,minar,ru,мина,transparent
pt,mineral,ru,минеральный,altered
pt,miniaturar,ru,миниатюра,transparent
pt,minimal,ru,минимальный,altered
pt,ministro,ru,министр,transparent
pt,ministério,ru,министерство,altered
pt,minutar,ru,минута,transparent
pt,minuto,ru,минута,transparent
pt,miss,ru,мисс,transparent
pt,missão,ru,миссия,transparent
pt,mister,ru,мистер,transparent
pt,mistério,ru,мистерия,altered
pt,mito,ru,миф,altered
pt,mitologia,ru,мифология,transparent
pt,mobilização,ru,мобилизация,altered
pt,moda,ru,мода,transparent
pt,modelagem,ru,моделирование,altered
pt,modelo,ru,модель,altered
pt,modernização,ru,модернизация,transparent
pt,modificar,ru,модифицированный,altered
pt,modificação,ru,модификация,transparent
pt,moldávia,ru,молдавия,altered
pt,molecular,ru,молекулярный,transparent
pt,molusco,ru,моллюск,altered
pt,molécula,ru,молекула,transparent
pt,momentâneo,ru,моментальный,altered
pt,monarca,ru,монарх,altered
pt,monarquia,ru,монархия,transparent
pt,mongol,ru,монгол,transparent
pt,mongólia,ru,монголия,transparent
pt,monitor,ru,монитор,transparent
pt,monitoramento,ru,мониторинг,transparent
pt,monitorar,ru,мониторить,altered
pt,monografia,ru,монография,transparent
pt,monopólio,ru,монополия,altered
pt,monstro,ru,монстр,transparent
pt,montar,ru,монтировать,altered
pt,monte,ru,монте,transparent
pt,monumento,ru,монумент,transparent
pt,monólogo,ru,монолог,transparent
pt,moral,ru,моральный,transparent
pt,moralmente,ru,морально,transparent
pt,morgan,ru,морган,transparent
pt,mortal,ru,смертельный,transparent
pt,mosaico,ru,мозаика,altered
pt,moscou,ru,москва,altered
pt,motivar,ru,мотивировать,altered
pt,motivação,ru,мотивация,altered
pt,motivo,ru,мотив,transparent
pt,motocicleta,ru,мотоцикл,altered
pt,motor,ru,мотор,transparent
pt,motorista,ru,моторист,transparent
pt,muesli,ru,мюсли,transparent
pt,municipal,ru,муниципальный,altered
pt,municipalidade,ru,муниципалитет,altered
pt,musa,ru,муза,transparent
pt,museu,ru,музей,altered
pt,musical,ru,музыкальный,altered
pt,mutante,ru,мутант,transparent
pt,mutação,ru,мутация,transparent
pt,muçulmano,ru,мусульманин,transparent
pt,máfia,ru,мафия,transparent
pt,mágico,ru,магический,transparent
pt,máquina,ru,машина,altered
pt,mármore,ru,мрамор,altered
pt,máscara,ru,маска,transparent
pt,máx,ru,макс,transparent
pt,máximo,ru,максимум,altered
pt,médico,ru,медик,altered
pt,métrico,ru,метрика,transparent
pt,méxico,ru,мексика,transparent
pt,mídia,ru,медиа,altered
pt,mínimo,ru,минимум,transparent
pt,místico,ru,мистический,transparent
pt,módulo,ru,модуль,transparent
pt,músico,ru,музыка,altered
pt,nacional,ru,национальный,transparent
pt,nacionalidade,ru,национальность,transparent
pt,nacionalismo,ru,национализм,transparent
pt,nacionalista,ru,националист,transparent
pt,nacionalização,ru,национализация,transparent
pt,nancy,ru,нэнси,altered
pt,napoleão,ru,наполеон,transparent
pt,narcótico,ru,наркотик,altered
pt,natura,ru,натура,transparent
pt,natural,ru,натуральный,transparent
pt,natureza,ru,натура,altered
pt,navegador,ru,навигатор,altered
pt,navegação,ru,навигация,transparent
pt,nazismo,ru,нацизм,altered
pt,nazista,ru,нацист,altered
pt,nação,ru,нация,transparent
pt,negativo,ru,негативный,transparent
pt,negro,ru,негр,transparent
pt,nelson,ru,нельсон,transparent
pt,neon,ru,неон,transparent
pt,nepal,ru,непал,transparent
pt,nervo,ru,нервный,altered
pt,nervoso,ru,нервный,transparent
pt,neurônio,ru,нейрон,altered
pt,neutro,ru,нейтральный,altered
pt,newton,ru,ньютон,transparent
pt,nice,ru,ницца,altered
pt,nicho,ru,ниша,altered
pt,nilo,ru,нил,altered
pt,ninja,ru,ниндзя,altered
pt,nocaute,ru,нокаут,altered
pt,nomenclatura,ru,номенклатура,transparent
pt,nominal,ru,номинальный,transparent
pt,norma,ru,норма,transparent
pt,normal,ru,нормальный,altered
pt,normalização,ru,нормализация,transparent
pt,normalmente,ru,нормальный,transparent
pt,normativo,ru,норматив,altered
pt,noruega,ru,норвегия,transparent
pt,nostalgia,ru,ностальгия,transparent
pt,notar,ru,нота,transparent
pt,notebook,ru,ноутбук,transparent
pt,notário,ru,нотариус,transparent
pt,novelar,ru,новелла,altered
pt,novembro,ru,ноябрь,altered
pt,nuance,ru,нюанс,transparent
pt,nulo,ru,нуль,altered
pt,níquel,ru,никель,altered
pt,número,ru,номер,altered
pt,oasis,ru,оазис,transparent
pt,objectivo,ru,объективный,altered
pt,objetivo,ru,объективный,transparent
pt,objeto,ru,объект,altered
pt,observatório,ru,обсерватория,altered
pt,oceano,ru,океан,transparent
pt,ocupante,ru,оккупант,transparent
pt,ocupação,ru,оккупация,altered
pt,ode,ru,ода,transparent
pt,off,ru,офф,transparent
pt,offline,ru,офлайн,transparent
pt,oficial,ru,официальный,transparent
pt,ohio,ru,огайо,transparent
pt,okay,ru,окей,transparent
pt,oligarca,ru,олигарх,altered
pt,olimpíada,ru,олимпиада,altered
pt,oliver,ru,оливер,transparent
pt,olímpico,ru,олимпийский,transparent
pt,online,ru,онлайн,transparent
pt,open,ru,опен,transparent
pt,operacional,ru,операционный,altered
pt,operador,ru,оператор,transparent
pt,operar,ru,оперировать,altered
pt,operativo,ru,оперативный,transparent
pt,operação,ru,операция,transparent
pt,oponente,ru,оппонент,transparent
pt,oposicionista,ru,оппозиционер,altered
pt,oposição,ru,оппозиция,transparent
pt,opção,ru,опция,altered
pt,orador,ru,оратор,altered
pt,oral,ru,оральный,transparent
pt,orbital,ru,орбитальный,transparent
pt,orco,ru,орк,transparent
pt,ordem,ru,орден,altered
pt,organismo,ru,организм,altered
pt,organizacional,ru,организационный,altered
pt,organizar,ru,организовать,altered
pt,organização,ru,организация,altered
pt,orgânico,ru,органический,altered
pt,orientar,ru,ориентир,altered
pt,orientação,ru,ориентация,altered
pt,original,ru,оригинальный,transparent
pt,ornamento,ru,орнамент,transparent
pt,orquestrar,ru,оркестр,altered
pt,osa,ru,оса,transparent
pt,oscar,ru,оскар,transparent
pt,otimismo,ru,оптимизм,altered
pt,otimização,ru,оптимизация,transparent
pt,oval,ru,овальный,transparent
pt,pablo,ru,пабло,transparent
pt,paciente,ru,пациент,transparent
pt,pacto,ru,пакт,altered
pt,painel,ru,панель,altered
pt,paisagem,ru,пейзаж,altered
pt,palestino,ru,палестина,transparent
pt,paletó,ru,пальто,altered
pt,palmar,ru,пальма,transparent
pt,palmeiro,ru,пальма,altered
pt,panamá,ru,панама,transparent
pt,panorama,ru,панорама,transparent
pt,papagaio,ru,попугай,altered
pt,paradoxo,ru,парадокс,altered
pt,paralelo,ru,параллельный,transparent
pt,parasitar,ru,паразит,transparent
pt,parlamentar,ru,парламентский,altered
pt,parlamento,ru,парламент,altered
pt,parâmetro,ru,параметр,transparent
pt,paródia,ru,пародия,transparent
pt,passageiro,ru,пассажир,transparent
pt,passaporte,ru,паспорт,altered
pt,passivo,ru,пассивный,transparent
pt,pastar,ru,паста,transparent
pt,pastor,ru,пастор,transparent
pt,patente,ru,патент,transparent
pt,pathos,ru,пафос,altered
pt,patologia,ru,патология,transparent
pt,patológico,ru,патологический,transparent
pt,patriarca,ru,патриарх,altered
pt,patriota,ru,патриот,transparent
pt,patriotismo,ru,патриотизм,transparent
pt,patriótico,ru,патриотический,transparent
pt,patrulhar,ru,патруль,altered
pt,patrão,ru,патрон,transparent
pt,pausar,ru,пауза,transparent
pt,pavilhão,ru,павильон,altered
pt,pedagogia,ru,педагог,transparent
pt,pedagogo,ru,педагог,altered
pt,pedal,ru,педаль,transparent
pt,pedestal,ru,пьедестал,altered
pt,pedófilo,ru,педофил,transparent
pt,penalti,ru,пенальти,transparent
pt,pensionista,ru,пенсионер,altered
pt,pensão,ru,пенсия,transparent
pt,pentágono,ru,пентагон,transparent
pt,pequim,ru,пекин,altered
pt,perfil,ru,профиль,altered
pt,performance,ru,перформанс,transparent
pt,perfume,ru,парфюм,altered
pt,periferia,ru,периферия,transparent
pt,periodicamente,ru,периодически,transparent
pt,periódico,ru,периодический,altered
pt,perspectivar,ru,перспектива,transparent
pt,perímetro,ru,периметр,transparent
pt,período,ru,период,altered
pt,pessoa,ru,персона,altered
pt,pessoal,ru,персонал,altered
pt,petição,ru,петиция,transparent
pt,pi,ru,пи,transparent
pt,pianista,ru,пианист,transparent
pt,pico,ru,пико,transparent
pt,piercing,ru,пирсинг,transparent
pt,pijama,ru,пижама,altered
pt,piloto,ru,пилот,altered
pt,pinguim,ru,пингвин,altered
pt,pioneiro,ru,пионер,transparent
pt,piquenique,ru,пикник,altered
pt,pirata,ru,пират,transparent
pt,pirâmide,ru,пирамида,transparent
pt,pistola,ru,пистолет,altered
pt,pizza,ru,пицца,transparent
pt,plaid,ru,плед,transparent
pt,planejar,ru,планировать,altered
pt,planeta,ru,планета,altered
pt,plano,ru,план,altered
pt,plantação,ru,плантация,transparent
pt,plasmar,ru,плазма,transparent
pt,plataforma,ru,платформа,transparent
pt,play,ru,плей,transparent
pt,playlist,ru,плейлист,transparent
pt,plenum,ru,пленум,transparent
pt,plus,ru,плюс,transparent
pt,plástico,ru,пластиковый,altered
pt,poema,ru,поэма,transparent
pt,poesia,ru,поэзия,transparent
pt,poetar,ru,поэт,altered
pt,pogrom,ru,погром,transparent
pt,policial,ru,полицейский,altered
pt,polêmica,ru,полемика,transparent
pt,polícia,ru,полиция,transparent
pt,polígono,ru,полигон,transparent
pt,polímero,ru,полимер,transparent
pt,político,ru,политический,transparent
pt,pomada,ru,помада,transparent
pt,ponto,ru,пункт,altered
pt,pool,ru,пул,transparent
pt,popular,ru,популярный,transparent
pt,popularidade,ru,популярность,transparent
pt,popularização,ru,популяризация,transparent
pt,população,ru,популяция,transparent
pt,pornô,ru,порно,transparent
pt,portal,ru,портал,transparent
pt,portfólio,ru,портфель,transparent
pt,porto,ru,порт,transparent
pt,portugal,ru,португалия,altered
pt,português,ru,португальский,altered
pt,porção,ru,порция,transparent
pt,posicionamento,ru,позиционирование,altered
pt,positivo,ru,позитивный,altered
pt,posição,ru,позиция,altered
pt,post,ru,пост,transparent
pt,potencial,ru,потенциал,transparent
pt,potter,ru,поттер,transparent
pt,potência,ru,потенция,transparent
pt,power,ru,пауэр,transparent
pt,poza,ru,поза,transparent
pt,praga,ru,прага,transparent
pt,praticamente,ru,практически,transparent
pt,praticar,ru,практиковать,altered
pt,precedente,ru,прецедент,transparent
pt,prefeitura,ru,префектура,altered
pt,preparar,ru,препарат,altered
pt,presente,ru,презент,transparent
pt,preservativo,ru,презерватив,altered
pt,presidencial,ru,президентский,altered
pt,presidente,ru,президент,altered
pt,presidium,ru,президиум,transparent
pt,presidência,ru,президентство,altered
pt,prestigioso,ru,престижный,altered
pt,prestígio,ru,престиж,transparent
pt,pretendente,ru,претендент,transparent
pt,primar,ru,прима,transparent
pt,primitivo,ru,примитивный,transparent
pt,primário,ru,первичный,altered
pt,principal,ru,принципиальный,altered
pt,princípio,ru,принцип,altered
pt,prioridade,ru,приоритет,altered
pt,prioritário,ru,приоритетный,altered
pt,privatização,ru,приватизация,altered
pt,privilégio,ru,привилегия,altered
pt,problema,ru,проблема,transparent
pt,problemático,ru,проблемный,transparent
pt,procedimento,ru,процедура,altered
pt,processador,ru,процессор,transparent
pt,processo,ru,процесс,transparent
pt,processual,ru,процессуальный,transparent
pt,procuradoria,ru,прокуратура,altered
pt,produtividade,ru,продуктивность,altered
pt,produtivo,ru,продуктивный,altered
pt,produto,ru,продукт,altered
pt,produtor,ru,производитель,altered
pt,produzir,ru,продукт,altered
pt,produção,ru,продукция,altered
pt,professor,ru,профессор,transparent
pt,profilaxia,ru,профилактика,altered
pt,profissional,ru,профессиональный,transparent
pt,profissionalismo,ru,профессионализм,altered
pt,profissionalmente,ru,профессионально,altered
pt,profissão,ru,профессия,transparent
pt,prognóstico,ru,прогноз,transparent
pt,programador,ru,программист,altered
pt,programar,ru,программа,transparent
pt,programação,ru,программирование,altered
pt,progressivo,ru,прогрессивный,transparent
pt,progresso,ru,прогресс,altered
pt,projecto,ru,проект,altered
pt,projetar,ru,проектировать,transparent
pt,projeto,ru,проект,altered
pt,projeção,ru,проектирование,altered
pt,pronúncia,ru,произношение,transparent
pt,propaganda,ru,пропаганда,transparent
pt,proporcional,ru,пропорциональный,transparent
pt,proporção,ru,пропорция,altered
pt,prosar,ru,проза,transparent
pt,prospecto,ru,проспект,transparent
pt,prostituição,ru,проституция,transparent
pt,prostituto,ru,проститутка,transparent
pt,protestar,ru,протестовать,transparent
pt,protesto,ru,протест,transparent
pt,protetor,ru,протектор,transparent
pt,proteção,ru,протекция,transparent
pt,proteína,ru,протеин,transparent
pt,protocolo,ru,протокол,transparent
pt,protótipo,ru,прототип,transparent
pt,provincial,ru,провинциальный,transparent
pt,provocar,ru,спровоцировать,altered
pt,provocação,ru,провокация,transparent
pt,província,ru,провинция,transparent
pt,prático,ru,практика,altered
pt,prémio,ru,премия,altered
pt,prêmio,ru,премия,altered
pt,príncipe,ru,принц,altered
pt,pró,ru,про,transparent
pt,próton,ru,протон,transparent
pt,pseudónimo,ru,псевдоним,transparent
pt,psicologia,ru,психология,transparent
pt,psicologicamente,ru,психологически,transparent
pt,psicológico,ru,психологический,transparent
pt,psicoterapeuta,ru,психотерапевт,altered
pt,psicólogo,ru,психолог,altered
pt,psique,ru,психика,altered
pt,psiquiatro,ru,психиатр,altered
pt,psiquiátrico,ru,психиатрический,altered
pt,psíquico,ru,психический,altered
pt,publicar,ru,опубликовать,altered
pt,publicação,ru,публикация,transparent
pt,pulso,ru,пульс,transparent
pt,punk,ru,панк,altered
pt,páscoa,ru,пасха,altered
pt,pânico,ru,паника,altered
pt,pénis,ru,пенис,transparent
pt,pódio,ru,подиум,altered
pt,pólo,ru,полюс,altered
pt,póquer,ru,покер,altered
pt,público,ru,публика,altered
pt,quadrar,ru,квадрат,altered
pt,qualificar,ru,квалифицировать,altered
pt,qualificação,ru,квалификация,transparent
pt,quantum,ru,квант,altered
pt,quarentenar,ru,карантин,altered
pt,quark,ru,кварк,transparent
pt,quarteto,ru,квартет,altered
pt,queer,ru,квир,transparent
pt,quilograma,ru,килограмм,altered
pt,quilômetro,ru,километр,altered
pt,quiosque,ru,киоск,altered
pt,quota,ru,квота,transparent
pt,quântico,ru,квантовый,altered
pt,químico,ru,химия,transparent
pt,rabi,ru,раввин,altered
pt,racial,ru,расовый,altered
pt,racional,ru,рациональный,transparent
pt,racismo,ru,расизм,altered
pt,radar,ru,радар,transparent
pt,radiador,ru,радиатор,transparent
pt,radiação,ru,радиация,transparent
pt,radical,ru,радикальный,transparent
pt,radioativo,ru,радиоактивный,transparent
pt,raio,ru,радиус,altered
pt,rally,ru,ралли,transparent
pt,rancho,ru,ранчо,transparent
pt,ranking,ru,рейтинг,transparent
pt,rap,ru,рэп,transparent
pt,rapper,ru,рэпер,transparent
pt,rating,ru,рейтинг,transparent
pt,raça,ru,раса,altered
pt,ração,ru,рацион,transparent
pt,reabilitação,ru,реабилитация,altered
pt,real,ru,реальный,altered
pt,realismo,ru,реализм,transparent
pt,realizar,ru,реализовать,altered
pt,realização,ru,реализация,transparent
pt,reanimação,ru,реанимация,transparent
pt,reator,ru,реактор,altered
pt,reação,ru,реакция,transparent
pt,receitar,ru,рецепт,altered
pt,receptor,ru,рецептор,transparent
pt,reclame,ru,реклама,altered
pt,recomendar,ru,рекомендовать,altered
pt,recomendação,ru,рекомендация,transparent
pt,reconstrução,ru,реконструкция,transparent
pt,recorde,ru,рекорд,altered
pt,recurso,ru,ресурс,transparent
pt,redator,ru,редактор,altered
pt,redação,ru,редакция,altered
pt,redução,ru,редукция,transparent
pt,reestruturação,ru,реструктуризация,transparent
pt,referendo,ru,референдум,altered
pt,reflexo,ru,рефлекс,altered
pt,reflexão,ru,рефлексия,transparent
pt,reformar,ru,реформа,transparent
pt,regeneração,ru,регенерация,transparent
pt,regime,ru,режим,altered
pt,regional,ru,региональный,transparent
pt,registrar,ru,регистрировать,altered
pt,registro,ru,регистр,transparent
pt,região,ru,регион,transparent
pt,regulador,ru,регулятор,altered
pt,regular,ru,регулярный,altered
pt,reich,ru,рейх,transparent
pt,reitor,ru,ректор,altered
pt,relatório,ru,рапорт,altered
pt,release,ru,релиз,altered
pt,relevo,ru,рельеф,altered
pt,religioso,ru,религиозный,altered
pt,religião,ru,религия,transparent
pt,rentabilidade,ru,рентабельность,altered
pt,reorganização,ru,реорганизация,altered
pt,reparar,ru,репарация,altered
pt,repertório,ru,репертуар,altered
pt,repetição,ru,репетиция,altered
pt,reportagem,ru,репортаж,altered
pt,repressão,ru,репрессия,altered
pt,reprodução,ru,репродукция,transparent
pt,republicano,ru,республиканец,altered
pt,reputação,ru,репутация,transparent
pt,repórter,ru,репортёр,transparent
pt,repúblico,ru,республика,transparent
pt,reservar,ru,резерв,altered
pt,reservatório,ru,резервуар,altered
pt,residente,ru,резидент,transparent
pt,residência,ru,резиденция,transparent
pt,resinar,ru,резина,altered
pt,resolução,ru,резолюция,altered
pt,ressonância,ru,резонанс,altered
pt,restaurante,ru,ресторан,altered
pt,restauração,ru,реставрация,altered
pt,resultar,ru,результат,altered
pt,retórico,ru,риторика,transparent
pt,revanche,ru,реванш,transparent
pt,revisão,ru,ревизия,altered
pt,revolucionário,ru,революционный,altered
pt,revolução,ru,революция,transparent
pt,revólver,ru,револьвер,transparent
pt,right,ru,райт,transparent
pt,rimar,ru,рифма,altered
pt,ring,ru,ринг,transparent
pt,risco,ru,риск,transparent
pt,ritmo,ru,ритм,transparent
pt,ritual,ru,ритуал,transparent
pt,roberto,ru,роберт,transparent
pt,robin,ru,робин,transparent
pt,robô,ru,робот,altered
pt,rock,ru,рок,transparent
pt,rol,ru,роль,transparent
pt,rolê,ru,роль,transparent
pt,rom,ru,ром,transparent
pt,roma,ru,рома,transparent
pt,romance,ru,роман,transparent
pt,romano,ru,романский,altered
pt,romeu,ru,ромео,altered
pt,romântico,ru,романтический,altered
pt,rosar,ru,роза,transparent
pt,rotar,ru,рота,transparent
pt,rotina,ru,рутина,altered
pt,rotor,ru,ротор,transparent
pt,rubi,ru,рубин,altered
pt,rubrica,ru,рубрика,transparent
pt,ruína,ru,руина,transparent
pt,rádio,ru,радио,transparent
pt,rápido,ru,рапид,transparent
pt,réplica,ru,реплика,transparent
pt,safári,ru,сафари,transparent
pt,saga,ru,сага,transparent
pt,salada,ru,салат,altered
pt,salão,ru,салон,transparent
pt,samba,ru,самба,transparent
pt,samurai,ru,самурай,transparent
pt,sanatório,ru,санаторий,transparent
pt,sanitário,ru,санитарный,transparent
pt,santo,ru,санта,transparent
pt,sanção,ru,санкция,transparent
pt,sarcasmo,ru,сарказм,transparent
pt,sasha,ru,саша,transparent
pt,satanás,ru,сатана,transparent
pt,satírico,ru,сатирический,transparent
pt,sazonal,ru,сезонный,transparent
pt,scanner,ru,сканер,transparent
pt,scrub,ru,скраб,transparent
pt,secretariar,ru,секретариат,altered
pt,secreto,ru,секрет,transparent
pt,secretário,ru,секретарь,transparent
pt,sedan,ru,седан,transparent
pt,segmento,ru,сегмент,transparent
pt,segundo,ru,секунда,altered
pt,seita,ru,секта,altered
pt,selfie,ru,селфи,transparent
pt,semente,ru,семя,transparent
pt,semestre,ru,семестр,altered
pt,semifinal,ru,полуфинал,altered
pt,seminário,ru,семинар,altered
pt,senado,ru,сенат,altered
pt,senador,ru,сенатор,transparent
pt,sensacional,ru,сенсационный,transparent
pt,sensação,ru,сенсация,transparent
pt,separatista,ru,сепаратист,altered
pt,serial,ru,сериал,transparent
pt,servidor,ru,сервер,altered
pt,serviço,ru,сервис,transparent
pt,sessão,ru,сессия,transparent
pt,set,ru,сет,transparent
pt,setembro,ru,сентябрь,altered
pt,setor,ru,сектор,altered
pt,sexo,ru,секс,transparent
pt,sexualmente,ru,сексуально,transparent
pt,seção,ru,секция,altered
pt,shopping,ru,шопинг,transparent
pt,short,ru,шорты,transparent
pt,show,ru,шоу,transparent
pt,shuttle,ru,шаттл,transparent
pt,sida,ru,спид,altered
pt,silhueta,ru,силуэт,altered
pt,silo,ru,сило,transparent
pt,simbolizar,ru,символизировать,transparent
pt,simbologia,ru,символика,altered
pt,simbólico,ru,символичный,transparent
pt,simetria,ru,симметрия,transparent
pt,simpatia,ru,симпатия,transparent
pt,simpson,ru,симпсон,transparent
pt,simpático,ru,симпатичный,transparent
pt,simulação,ru,симуляция,transparent
pt,sinalização,ru,сигнализация,altered
pt,sincronização,ru,синхронизация,altered
pt,sindicato,ru,синдикат,transparent
pt,sinfonia,ru,симфония,altered
pt,sinfônico,ru,симфонический,transparent
pt,singapura,ru,сингапур,altered
pt,single,ru,сингл,transparent
pt,sintoma,ru,симптом,altered
pt,sintético,ru,синтетический,altered
pt,sinônimo,ru,синоним,transparent
pt,sistema,ru,система,transparent
pt,sistemático,ru,систематический,altered
pt,sistêmico,ru,системный,altered
pt,site,ru,сайт,transparent
pt,situação,ru,ситуация,transparent
pt,sky,ru,скай,transparent
pt,slogan,ru,слоган,transparent
pt,smartphone,ru,смартфон,transparent
pt,snowboard,ru,сноуборд,transparent
pt,soberano,ru,суверенный,altered
pt,social,ru,социальный,altered
pt,socialismo,ru,социализм,altered
pt,socialista,ru,социалист,altered
pt,sociologia,ru,социология,transparent
pt,sociológico,ru,социологический,altered
pt,sociólogo,ru,социолог,altered
pt,sofia,ru,софия,transparent
pt,sofá,ru,софа,transparent
pt,solidariedade,ru,солидарность,altered
pt,solista,ru,солист,transparent
pt,solo,ru,соло,transparent
pt,soma,ru,сумма,altered
pt,sonda,ru,зонд,altered
pt,sortimento,ru,ассортимент,altered
pt,souvenir,ru,сувенир,altered
pt,soviético,ru,советский,altered
pt,spa,ru,спа,transparent
pt,speaker,ru,спикер,transparent
pt,sponsor,ru,спонсор,transparent
pt,sport,ru,спорт,transparent
pt,sprint,ru,спринт,transparent
pt,sputnik,ru,спутник,transparent
pt,start,ru,старт,transparent
pt,startup,ru,стартовый,altered
pt,status,ru,статус,transparent
pt,story,ru,история,altered
pt,sub,ru,суб,transparent
pt,subjetivar,ru,субъективный,altered
pt,substância,ru,субстанция,transparent
pt,subsídio,ru,субсидия,altered
pt,subtítulo,ru,субтитр,altered
pt,suicídio,ru,суицид,altered
pt,sultão,ru,султан,transparent
pt,summit,ru,саммит,transparent
pt,super,ru,супер,transparent
pt,superhomem,ru,супермен,altered
pt,supermercado,ru,супермаркет,altered
pt,surfe,ru,сёрфинг,altered
pt,surpreender,ru,сюрприз,altered
pt,surpreso,ru,сюрприз,altered
pt,suéter,ru,свитер,altered
pt,série,ru,серия,transparent
pt,sério,ru,серьёзный,transparent
pt,sérvio,ru,серб,altered
pt,símbolo,ru,символ,transparent
pt,síndrome,ru,синдром,transparent
pt,sínodo,ru,синод,altered
pt,síntese,ru,синтез,transparent
pt,sólido,ru,солидный,altered
pt,tabaco,ru,табак,altered
pt,taiga,ru,тайга,transparent
pt,tailandês,ru,тайский,altered
pt,talento,ru,талант,altered
pt,talismã,ru,талисман,transparent
pt,talão,ru,талон,transparent
pt,tango,ru,танго,transparent
pt,tanque,ru,танк,transparent
pt,tara,ru,тара,transparent
pt,tarifa,ru,тариф,transparent
pt,tatuagem,ru,татуировка,altered
pt,taxista,ru,таксист,altered
pt,taylor,ru,тейлор,transparent
pt,tchecoslováquia,ru,чехословакия,altered
pt,teatral,ru,театральный,transparent
pt,teatro,ru,театр,altered
pt,tecnologia,ru,технология,transparent
pt,tecnológico,ru,технологический,altered
pt,teenager,ru,тинейджер,transparent
pt,teerã,ru,тегеран,altered
pt,telefone,ru,телефон,transparent
pt,telefônico,ru,телефонный,altered
pt,telegrama,ru,телеграмма,transparent
pt,telegráfico,ru,телеграфный,altered
pt,telescópio,ru,телескоп,altered
pt,televisivo,ru,телевизионный,altered
pt,televisor,ru,телевизор,transparent
pt,temperatura,ru,температура,transparent
pt,temático,ru,тематический,transparent
pt,tender,ru,тендер,transparent
pt,tendência,ru,тенденция,transparent
pt,tenista,ru,теннисистка,altered
pt,teorema,ru,теорема,transparent
pt,teoricamente,ru,теоретически,transparent
pt,terapeuta,ru,терапевт,altered
pt,terapia,ru,терапия,transparent
pt,terminador,ru,терминатор,transparent
pt,terminal,ru,терминал,transparent
pt,terminar,ru,терминал,transparent
pt,terminologia,ru,терминология,transparent
pt,territorial,ru,территориальный,altered
pt,território,ru,территория,altered
pt,terror,ru,террор,transparent
pt,terrorismo,ru,терроризм,transparent
pt,terrorista,ru,террористический,altered
pt,tese,ru,тезис,altered
pt,testagem,ru,тестирование,altered
pt,testar,ru,тестировать,altered
pt,texto,ru,текст,transparent
pt,textura,ru,текстура,transparent
pt,teórico,ru,теоретический,altered
pt,thriller,ru,триллер,transparent
pt,tigre,ru,тигр,altered
pt,time,ru,тайм,transparent
pt,tipo,ru,тип,transparent
pt,tipografia,ru,типография,transparent
pt,tique,ru,тик,altered
pt,tiragem,ru,тираж,altered
pt,tirano,ru,тиран,transparent
pt,titânico,ru,титаник,transparent
pt,titã,ru,титан,transparent
pt,toalete,ru,туалет,altered
pt,tomate,ru,томат,transparent
pt,tommy,ru,томми,transparent
pt,tomsk,ru,томск,transparent
pt,tonelada,ru,тонна,altered
pt,top,ru,топ,transparent
pt,total,ru,тотальный,transparent
pt,totalmente,ru,тотальный,transparent
pt,tradicional,ru,традиционный,altered
pt,tradicionalmente,ru,традиционно,altered
pt,tradição,ru,традиция,transparent
pt,tragédia,ru,трагедия,altered
pt,trailer,ru,трейлер,transparent
pt,trajetória,ru,траектория,altered
pt,trampolim,ru,трамплин,transparent
pt,transferência,ru,трансфер,transparent
pt,transformar,ru,трансформация,altered
pt,transformação,ru,трансформация,transparent
pt,transitório,ru,транзитный,altered
pt,transmissão,ru,трансляция,altered
pt,transmitir,ru,трансмиссия,transparent
pt,transportação,ru,транспортировка,altered
pt,transporte,ru,транспорт,transparent
pt,trato,ru,тракт,altered
pt,trator,ru,трактор,altered
pt,trauma,ru,травма,transparent
pt,traumatizar,ru,травмировать,altered
pt,traça,ru,трасса,altered
pt,treinamento,ru,тренинг,altered
pt,treinar,ru,тренироваться,transparent
pt,trek,ru,трек,transparent
pt,trend,ru,тренд,transparent
pt,tribuna,ru,трибуна,transparent
pt,tribunal,ru,трибунал,transparent
pt,tribuno,ru,трибуна,altered
pt,trilhão,ru,триллион,altered
pt,trilogia,ru,трилогия,transparent
pt,triunfal,ru,триумфальный,transparent
pt,triunfo,ru,триумф,transparent
pt,troféu,ru,трофей,transparent
pt,trol,ru,тролль,transparent
pt,trono,ru,трон,transparent
pt,tropa,ru,труппа,altered
pt,tropical,ru,тропический,altered
pt,truque,ru,трюк,transparent
pt,tráfego,ru,трафик,altered
pt,tráfico,ru,трафик,transparent
pt,trágico,ru,трагический,altered
pt,trânsito,ru,транзит,altered
pt,tubo,ru,труба,altered
pt,turbante,ru,тюрбан,altered
pt,turbina,ru,турбина,transparent
pt,turco,ru,турецкий,altered
pt,turismo,ru,туризм,transparent
pt,turista,ru,турист,transparent
pt,turnê,ru,турне,transparent
pt,turístico,ru,туристический,altered
pt,tuíte,ru,твиттер,altered
pt,twitter,ru,твиттер,transparent
pt,tábua,ru,таблица,altered
pt,táctico,ru,тактический,altered
pt,táxi,ru,такси,transparent
pt,técnico,ru,технический,transparent
pt,térmico,ru,термический,altered
pt,tênis,ru,теннис,altered
pt,têxtil,ru,текстильный,transparent
pt,típico,ru,типичный,altered
pt,título,ru,титул,transparent
pt,tónus,ru,тонус,transparent
pt,tóquio,ru,токио,altered
pt,tóxico,ru,токсичный,altered
pt,tônico,ru,тоник,transparent
pt,túnel,ru,тоннель,transparent
pt,ucraniano,ru,украинский,altered
pt,ucrânia,ru,украина,altered
pt,ultimato,ru,ультиматум,altered
pt,unesco,ru,юнеско,altered
pt,unicidade,ru,уникальность,altered
pt,uniforme,ru,униформа,transparent
pt,universal,ru,универсальный,transparent
pt,universidade,ru,университет,altered
pt,upgrade,ru,апгрейд,transparent
pt,ura,ru,ура,transparent
pt,urna,ru,урна,transparent
pt,urânio,ru,уран,altered
pt,utilização,ru,утилизация,altered
pt,vacina,ru,вакцина,transparent
pt,vacância,ru,вакансия,transparent
pt,vagão,ru,вагон,transparent
pt,valentina,ru,валентина,transparent
pt,valsa,ru,вальс,transparent
pt,valéria,ru,валерий,transparent
pt,valência,ru,валенсия,transparent
pt,vampiro,ru,вампир,altered
pt,vanguarda,ru,авангард,altered
pt,variante,ru,вариант,altered
pt,variação,ru,вариация,altered
pt,vaticano,ru,ватикан,transparent
pt,vector,ru,вектор,transparent
pt,vegano,ru,веган,altered
pt,veia,ru,вена,altered
pt,velocípede,ru,велосипед,altered
pt,veneza,ru,венеция,altered
pt,veneziano,ru,венецианский,altered
pt,ventilador,ru,вентилятор,altered
pt,ventilação,ru,вентиляция,transparent
pt,veredicto,ru,вердикт,transparent
pt,versão,ru,версия,transparent
pt,vertical,ru,вертикальный,transparent
pt,veterinário,ru,ветеринарный,transparent
pt,via,ru,виа,transparent
pt,vibração,ru,вибрация,transparent
pt,vice,ru,вица,transparent
pt,vicente,ru,винсент,altered
pt,victor,ru,виктор,transparent
pt,video,ru,видео,transparent
pt,vienense,ru,венский,altered
pt,viking,ru,викинг,transparent
pt,vila,ru,вилла,altered
pt,vinho,ru,вино,altered
pt,viral,ru,вирусный,transparent
pt,virgínia,ru,вирджиния,transparent
pt,virtual,ru,виртуальный,altered
pt,visita,ru,визит,altered
pt,visual,ru,визуальный,transparent
pt,visualização,ru,визуализация,transparent
pt,visualmente,ru,визуально,altered
pt,vitamina,ru,витамин,transparent
pt,vitrina,ru,витрина,transparent
pt,vitória,ru,виктория,altered
pt,vladivostok,ru,владивосток,transparent
pt,vocal,ru,вокальный,transparent
pt,vodka,ru,водка,transparent
pt,volga,ru,волга,transparent
pt,voluntário,ru,волонтёр,transparent
pt,voto,ru,вотум,altered
pt,vulcânico,ru,вулканический,transparent
pt,vulcão,ru,вулкан,altered
pt,vácuo,ru,вакуум,altered
pt,vídeo,ru,видео,transparent
pt,vírus,ru,вирус,transparent
pt,web,ru,веб,transparent
pt,whisky,ru,виски,altered
pt,xamã,ru,шаман,altered
pt,xeque,ru,шейх,altered
pt,xerife,ru,шериф,transparent
pt,xá,ru,шах,altered
pt,youtube,ru,ютуб,transparent
pt,yuan,ru,юань,transparent
pt,zero,ru,зеро,transparent
pt,zona,ru,зона,transparent
pt,zumbi,ru,зомби,altered
pt,zênite,ru,зенит,altered
pt,áfrico,ru,африка,altered
pt,ágata,ru,агат,transparent
pt,álbum,ru,альбом,transparent
pt,álcool,ru,алкоголь,transparent
pt,álgebra,ru,алгебра,transparent
pt,árabe,ru,араб,altered
pt,árbitro,ru,арбитр,transparent
pt,ártico,ru,арктика,transparent
pt,ásia,ru,азия,altered
pt,áudio,ru,аудио,transparent
pt,âncora,ru,якорь,transparent
pt,égide,ru,эгида,transparent
pt,épico,ru,эпический,transparent
pt,época,ru,эпоха,transparent
pt,ético,ru,этика,transparent
pt,étnico,ru,этнический,transparent
pt,ícone,ru,икона,altered
pt,ídolo,ru,идол,transparent
pt,índice,ru,индекс,altered
pt,íntimo,ru,интимный,transparent
pt,íon,ru,ион,transparent
pt,ópera,ru,опера,transparent
pt,óptico,ru,оптический,transparent
pt,órbita,ru,орбита,transparent
pt,órgão,ru,орган,transparent
pt,ótimo,ru,оптимальный,altered
pt,único,ru,уникальный,altered
ru,аборт,pt,aborto,transparent
ru,абсолют,pt,absoluto,altered
ru,абсолютно,pt,absolutamente,altered
ru,абсурд,pt,absurdo,transparent
ru,абсурдный,pt,absurdo,transparent
ru,авангард,pt,vanguarda,altered
ru,аванс,pt,avanço,transparent
ru,авария,pt,avariar,transparent
ru,август,pt,agosto,transparent
ru,авеню,pt,avenida,altered
ru,авиационный,pt,aviação,transparent
ru,аврора,pt,aurora,altered
ru,авто,pt,auto,transparent
ru,автограф,pt,autógrafo,altered
ru,автоматизировать,pt,automatizar,altered
ru,автоматика,pt,automático,transparent
ru,автоматически,pt,automaticamente,transparent
ru,автоматический,pt,automático,transparent
ru,автомобиль,pt,automóvel,transparent
ru,автомобильный,pt,automóvel,altered
ru,автономия,pt,autonomia,transparent
ru,автономный,pt,autônomo,transparent
ru,автор,pt,autor,transparent
ru,авторизовать,pt,autorizar,transparent
ru,авторитет,pt,autoridade,altered
ru,агент,pt,agente,transparent
ru,агентство,pt,agência,altered
ru,агитация,pt,agitação,transparent
ru,аграрный,pt,agrário,transparent
ru,агрегат,pt,agregar,altered
ru,агрессивный,pt,agressivo,transparent
ru,агрессия,pt,agressão,altered
ru,агрессор,pt,agressor,transparent
ru,адам,pt,adão,transparent
ru,адаптация,pt,adaptação,transparent
ru,адаптировать,pt,adaptar,transparent
ru,административный,pt,administrativo,altered
ru,администратор,pt,administrador,altered
ru,администрация,pt,administração,transparent
ru,адмирал,pt,almirante,altered
ru,адреналин,pt,adrenalina,altered
ru,адъютант,pt,ajudante,altered
ru,азербайджан,pt,azerbaijão,altered
ru,азия,pt,ásia,altered
ru,академик,pt,acadêmico,transparent
ru,академический,pt,acadêmico,transparent
ru,аквариум,pt,aquário,transparent
ru,аккорд,pt,acordar,altered
ru,аккумулировать,pt,acumular,altered
ru,аксессуар,pt,acessar,transparent
ru,акт,pt,ato,altered
ru,актив,pt,ativo,altered
ru,активация,pt,ativação,altered
ru,активист,pt,ativista,altered
ru,активность,pt,actividade,altered
ru,актуальный,pt,actual,transparent
ru,актёр,pt,ator,altered
ru,акустический,pt,acústico,transparent
ru,акцент,pt,acento,altered
ru,акция,pt,ação,altered
ru,алгебра,pt,álgebra,transparent
ru,алгоритм,pt,algoritmo,altered
ru,александр,pt,alexandre,altered
ru,алерт,pt,alertar,altered
ru,алкоголизм,pt,alcoolismo,altered
ru,алкоголь,pt,álcool,transparent
ru,алкогольный,pt,alcoólico,transparent
ru,аллергия,pt,alergia,altered
ru,алтарь,pt,altar,transparent
ru,алфавит,pt,alfabeto,altered
ru,альберт,pt,alberto,transparent
ru,альбом,pt,álbum,transparent
ru,альтернатива,pt,alternativo,transparent
ru,альтернативный,pt,alternativo,transparent
ru,альфред,pt,alfredo,altered
ru,альянс,pt,aliançar,altered
ru,алюминий,pt,alumínio,altered
ru,америка,pt,américa,transparent
ru,аминь,pt,amém,transparent
ru,амнистия,pt,anistiar,altered
ru,ана,pt,ana,transparent
ru,анализ,pt,análise,transparent
ru,анализировать,pt,analisar,altered
ru,аналитик,pt,analítico,altered
ru,аналитический,pt,analítico,transparent
ru,аналог,pt,análogo,altered
ru,аналогичный,pt,análogo,altered
ru,аналогия,pt,analogia,altered
ru,анатомия,pt,anatomia,transparent
ru,ангар,pt,hangar,transparent
ru,англо,pt,anglo,transparent
ru,андре,pt,andré,transparent
ru,анекдот,pt,anedota,altered
ru,анимационный,pt,animação,altered
ru,анимация,pt,animação,transparent
ru,аниме,pt,anime,transparent
ru,анкара,pt,ancara,altered
ru,анна,pt,ana,transparent
ru,аномалия,pt,anomalia,transparent
ru,анонимный,pt,anônimo,transparent
ru,анонс,pt,anúncio,altered
ru,анонсировать,pt,anunciar,altered
ru,анти,pt,anti,transparent
ru,антибиотик,pt,antibiótico,altered
ru,антропология,pt,antropologia,transparent
ru,апгрейд,pt,upgrade,transparent
ru,апелляция,pt,apelação,transparent
ru,аплодировать,pt,aplaudir,altered
ru,апокалипсис,pt,apocalipse,altered
ru,апостол,pt,apóstolo,altered
ru,аппетит,pt,apetite,altered
ru,аппликация,pt,aplicação,altered
ru,аппроксимация,pt,aproximação,transparent
ru,апрель,pt,abril,altered
ru,араб,pt,árabe,altered
ru,арбитр,pt,árbitro,transparent
ru,аргентина,pt,argentino,transparent
ru,аргентинский,pt,argentino,transparent
ru,аргумент,pt,argumento,transparent
ru,аргументировать,pt,argumentar,altered
ru,арена,pt,arena,transparent
ru,арка,pt,arco,altered
ru,арктика,pt,ártico,transparent
ru,арсенал,pt,arsenal,transparent
ru,арт,pt,arte,transparent
ru,артериальный,pt,arterial,transparent
ru,артерия,pt,artéria,altered
ru,артефакт,pt,artefato,altered
ru,артикль,pt,artigo,altered
ru,артист,pt,artista,transparent
ru,артистический,pt,artístico,transparent
ru,артистка,pt,artista,transparent
ru,археолог,pt,arqueólogo,altered
ru,археологический,pt,arqueológico,transparent
ru,археология,pt,arqueologia,transparent
ru,архив,pt,arquivo,altered
ru,архитектор,pt,arquiteto,altered
ru,архитектура,pt,arquitetura,altered
ru,архитектурный,pt,arquitetônico,altered
ru,аспект,pt,aspecto,altered
ru,аспирант,pt,aspirante,transparent
ru,ассамблея,pt,assembleia,transparent
ru,ассистент,pt,assistente,transparent
ru,ассоциация,pt,associação,transparent
ru,ассоциироваться,pt,associar,altered
ru,астероид,pt,asteroide,transparent
ru,астронавт,pt,astronauta,altered
ru,астрономия,pt,astronomia,transparent
ru,асфальт,pt,asfalto,altered
ru,атака,pt,ataque,altered
ru,атаковать,pt,atacar,altered
ru,атланта,pt,atlanta,transparent
ru,атлантика,pt,atlântico,transparent
ru,атлантический,pt,atlântico,transparent
ru,атлас,pt,atlas,transparent
ru,атлет,pt,atleta,altered
ru,атлетика,pt,atlético,altered
ru,атмосфера,pt,atmosfera,transparent
ru,атмосферный,pt,atmosférico,altered
ru,атрибут,pt,atribuir,altered
ru,аттракцион,pt,atração,altered
ru,аудиенция,pt,audiência,transparent
ru,аудио,pt,áudio,transparent
ru,аудит,pt,auditoria,transparent
ru,аудитория,pt,auditório,altered
ru,афганский,pt,afegão,altered
ru,африка,pt,áfrico,altered
ru,африканец,pt,africano,altered
ru,аэропорт,pt,aeroporto,transparent
ru,багаж,pt,bagagem,altered
ru,багдад,pt,bagdá,altered
ru,базар,pt,bazar,transparent
ru,базовый,pt,base,transparent
ru,байк,pt,bike,altered
ru,бакалавр,pt,bacharel,altered
ru,бактерия,pt,bactéria,transparent
ru,бал,pt,baile,transparent
ru,баланс,pt,balanço,transparent
ru,балет,pt,balé,transparent
ru,балкон,pt,balcão,transparent
ru,баллистический,pt,balístico,altered
ru,банальный,pt,banal,transparent
ru,банан,pt,banana,transparent
ru,бандит,pt,bandido,altered
ru,банк,pt,banco,altered
ru,банкет,pt,banquete,altered
ru,банко,pt,banco,transparent
ru,баптист,pt,batista,altered
ru,барак,pt,barraca,altered
ru,барбара,pt,bárbaro,transparent
ru,барный,pt,bar,altered
ru,барон,pt,barão,altered
ru,барселона,pt,barcelona,transparent
ru,барьер,pt,barreirar,altered
ru,баскетбол,pt,basquete,altered
ru,батальон,pt,batalhão,transparent
ru,батарея,pt,bateria,transparent
ru,батат,pt,batata,transparent
ru,белград,pt,belgrado,altered
ru,берлин,pt,berlim,altered
ru,бессонница,pt,insônia,altered
ru,бестия,pt,besta,altered
ru,бетон,pt,betão,transparent
ru,библейский,pt,bíblico,altered
ru,библиография,pt,bibliografia,transparent
ru,библиотека,pt,biblioteca,transparent
ru,библия,pt,bíblia,transparent
ru,биг,pt,big,transparent
ru,билл,pt,bill,transparent
ru,бин,pt,bin,transparent
ru,биография,pt,biografia,transparent
ru,биолог,pt,biólogo,transparent
ru,биологический,pt,biológico,transparent
ru,биология,pt,biologia,transparent
ru,блог,pt,blog,transparent
ru,блогер,pt,blogueiro,altered
ru,блокада,pt,bloqueio,altered
ru,блокировать,pt,bloquear,altered
ru,блокировка,pt,bloqueio,altered
ru,блокнот,pt,bloco,altered
ru,боинг,pt,boeing,transparent
ru,бойкот,pt,boicote,altered
ru,бокс,pt,box,transparent
ru,боксёр,pt,boxeador,altered
ru,болгарин,pt,búlgaro,altered
ru,болт,pt,bolt,transparent
ru,бомбить,pt,bombardear,altered
ru,бонус,pt,bônus,transparent
ru,босния,pt,bósnio,transparent
ru,босс,pt,boss,transparent
ru,бот,pt,bot,transparent
ru,ботаник,pt,botânico,altered
ru,ботанический,pt,botânico,transparent
ru,браво,pt,bravo,transparent
ru,бравый,pt,bravo,transparent
ru,бразилия,pt,brasil,altered
ru,браслет,pt,bracelete,altered
ru,браун,pt,brown,transparent
ru,бригадир,pt,brigadeiro,altered
ru,британский,pt,britânico,altered
ru,брифинг,pt,briefing,transparent
ru,брокколи,pt,brócolis,transparent
ru,брутто,pt,bruto,transparent
ru,брэд,pt,brad,transparent
ru,будда,pt,buda,transparent
ru,буддизм,pt,budismo,altered
ru,букет,pt,buquê,altered
ru,бум,pt,boom,transparent
ru,бункер,pt,bunker,transparent
ru,бургер,pt,burger,transparent
ru,буш,pt,bush,transparent
ru,бьюти,pt,beauty,transparent
ru,бэби,pt,baby,transparent
ru,бюст,pt,busto,transparent
ru,вагон,pt,vagão,transparent
ru,вакансия,pt,vacância,transparent
ru,вакуум,pt,vácuo,altered
ru,вакцина,pt,vacina,transparent
ru,валенсия,pt,valência,transparent
ru,валентина,pt,valentina,transparent
ru,валерий,pt,valéria,transparent
ru,вальс,pt,valsa,transparent
ru,вампир,pt,vampiro,altered
ru,варвар,pt,bárbaro,altered
ru,вариант,pt,variante,altered
ru,вариация,pt,variação,altered
ru,ватикан,pt,vaticano,transparent
ru,веб,pt,web,transparent
ru,веб-сайт,pt,site,altered
ru,вебсайт,pt,website,transparent
ru,веган,pt,vegano,altered
ru,венеция,pt,veneza,altered
ru,вентилятор,pt,ventilador,altered
ru,вентиляция,pt,ventilação,transparent
ru,версия,pt,versão,transparent
ru,вертикаль,pt,vertical,transparent
ru,вертикальный,pt,vertical,transparent
ru,ветеринарный,pt,veterinário,transparent
ru,виа,pt,via,transparent
ru,вибрация,pt,vibração,transparent
ru,видео,pt,vídeo,transparent
ru,визит,pt,visita,altered
ru,визуализация,pt,visualização,transparent
ru,визуально,pt,visualmente,altered
ru,визуальный,pt,visual,transparent
ru,викинг,pt,viking,transparent
ru,виктор,pt,victor,transparent
ru,виктория,pt,vitória,altered
ru,вино,pt,vinho,altered
ru,винсент,pt,vicente,altered
ru,вирджиния,pt,virgínia,transparent
ru,виртуальный,pt,virtual,altered
ru,вирус,pt,vírus,transparent
ru,вирусный,pt,viral,transparent
ru,виски,pt,whisky,altered
ru,витамин,pt,vitamina,transparent
ru,водка,pt,vodka,transparent
ru,вокальный,pt,vocal,transparent
ru,волонтёр,pt,voluntário,transparent
ru,вотум,pt,voto,altered
ru,вулкан,pt,vulcão,altered
ru,вулканический,pt,vulcânico,transparent
ru,газ,pt,gás,transparent
ru,газета,pt,gazeta,transparent
ru,галактика,pt,galáxia,altered
ru,галерея,pt,galeria,transparent
ru,галлон,pt,galão,transparent
ru,гамбург,pt,hamburgo,altered
ru,гамбургер,pt,hambúrguer,transparent
ru,гараж,pt,garagem,altered
ru,гарант,pt,garantir,altered
ru,гарантия,pt,garantir,transparent
ru,гармоничный,pt,harmônico,transparent
ru,гармония,pt,harmonia,transparent
ru,гарнизон,pt,guarnição,altered
ru,гвардия,pt,guardar,altered
ru,гвинея,pt,guiné,transparent
ru,гей,pt,gay,transparent
ru,гектар,pt,hectare,altered
ru,гель,pt,gel,transparent
ru,ген,pt,gene,altered
ru,генерал,pt,general,transparent
ru,генератор,pt,gerador,altered
ru,генерация,pt,geração,altered
ru,генерировать,pt,gerar,altered
ru,генетик,pt,genético,transparent
ru,генетически,pt,geneticamente,altered
ru,генетический,pt,genético,transparent
ru,гениальный,pt,genial,transparent
ru,гений,pt,gênio,transparent
ru,геном,pt,genoma,altered
ru,геноцид,pt,genocídio,altered
ru,географ,pt,geógrafo,altered
ru,географический,pt,geográfico,transparent
ru,география,pt,geografia,transparent
ru,геолог,pt,geólogo,transparent
ru,геологический,pt,geológico,transparent
ru,геология,pt,geologia,transparent
ru,геометрический,pt,geométrico,transparent
ru,геометрия,pt,geometria,transparent
ru,геополитический,pt,geopolítico,altered
ru,героизм,pt,heroísmo,transparent
ru,героин,pt,heroína,altered
ru,герой,pt,herói,altered
ru,гибрид,pt,híbrido,transparent
ru,гибридный,pt,híbrido,transparent
ru,гиг,pt,giga,altered
ru,гигант,pt,gigante,altered
ru,гигантский,pt,gigantesco,altered
ru,гигиена,pt,higiene,altered
ru,гидравлический,pt,hidráulico,altered
ru,гимназия,pt,ginásio,altered
ru,гимнастика,pt,ginástico,transparent
ru,гипотеза,pt,hipótese,altered
ru,гипотетический,pt,hipotético,altered
ru,гитара,pt,guitarra,altered
ru,гитарист,pt,guitarrista,altered
ru,глобальный,pt,global,transparent
ru,глюкоза,pt,glicose,altered
ru,голландский,pt,holandês,transparent
ru,гольф,pt,golfe,transparent
ru,гонор,pt,honrar,altered
ru,гонорар,pt,honorário,altered
ru,горизонтальный,pt,horizontal,transparent
ru,гормон,pt,hormona,altered
ru,госпиталь,pt,hospital,altered
ru,граве,pt,grave,transparent
ru,гравитационный,pt,gravitacional,transparent
ru,градус,pt,grau,altered
ru,грамматика,pt,gramático,transparent
ru,гранит,pt,granito,altered
ru,грант,pt,grant,transparent
ru,график,pt,gráfico,altered
ru,графика,pt,gráfico,transparent
ru,графин,pt,garrafa,altered
ru,грей,pt,grey,transparent
ru,грек,pt,grego,altered
ru,гриль,pt,grill,transparent
ru,грипп,pt,gripe,altered
ru,гуманитарный,pt,humanitário,transparent
ru,гуру,pt,guru,transparent
ru,давид,pt,david,transparent
ru,дама,pt,dama,transparent
ru,данте,pt,dante,transparent
ru,дарвин,pt,darwin,transparent
ru,дебаты,pt,debater,transparent
ru,дебют,pt,debut,transparent
ru,дебютировать,pt,debutar,transparent
ru,деградация,pt,degradação,transparent
ru,декабрь,pt,dezembro,altered
ru,декада,pt,década,transparent
ru,декан,pt,deão,altered
ru,декларация,pt,declaração,transparent
ru,декларировать,pt,declarar,transparent
ru,декоративный,pt,decorativo,transparent
ru,декорация,pt,decoração,transparent
ru,декрет,pt,decreto,transparent
ru,делегат,pt,delegar,altered
ru,делегация,pt,delegação,transparent
ru,делегировать,pt,delegar,altered
ru,дельта,pt,delta,transparent
ru,демо,pt,demo,transparent
ru,демографический,pt,demográfico,transparent
ru,демократ,pt,democrata,transparent
ru,демократия,pt,democracia,transparent
ru,демон,pt,demónio,altered
ru,демонстрация,pt,demonstração,altered
ru,демонстрировать,pt,demonstrar,altered
ru,департамент,pt,departamento,altered
ru,депозит,pt,depósito,altered
ru,депортация,pt,deportação,transparent
ru,депрессия,pt,depressão,transparent
ru,депутат,pt,deputar,altered
ru,десять,pt,dez,altered
ru,деталь,pt,detalhe,altered
ru,детальный,pt,detalhar,altered
ru,детектив,pt,detective,transparent
ru,детройт,pt,detroit,transparent
ru,дефект,pt,defeito,altered
ru,дефицит,pt,déficit,transparent
ru,деформация,pt,deformação,transparent
ru,джаз,pt,jazz,transparent
ru,джимми,pt,jimmy,transparent
ru,джинса,pt,jeans,altered
ru,джинсы,pt,jeans,transparent
ru,джип,pt,jeep,altered
ru,джон,pt,john,transparent
ru,дзюдо,pt,judô,altered
ru,диабет,pt,diabetes,altered
ru,диагноз,pt,diagnóstico,altered
ru,диагностик,pt,diagnóstico,altered
ru,диагностический,pt,diagnóstico,altered
ru,диаграмма,pt,diagrama,transparent
ru,диалект,pt,dialeto,transparent
ru,диалог,pt,diálogo,transparent
ru,диамант,pt,diamante,transparent
ru,диаметр,pt,diâmetro,transparent
ru,диана,pt,diana,transparent
ru,дивизион,pt,divisão,altered
ru,дивизия,pt,divisão,altered
ru,диета,pt,dieta,transparent
ru,дизайн,pt,design,transparent
ru,дизайнер,pt,designer,transparent
ru,дизель,pt,diesel,transparent
ru,дизельный,pt,diesel,transparent
ru,диктатор,pt,ditador,altered
ru,диктатура,pt,ditadura,altered
ru,динамический,pt,dinâmico,transparent
ru,династия,pt,dinastia,transparent
ru,динозавр,pt,dinossauro,altered
ru,диплом,pt,diplomar,altered
ru,дипломат,pt,diplomata,transparent
ru,дипломатический,pt,diplomático,altered
ru,дипломатия,pt,diplomacia,altered
ru,директива,pt,diretiva,altered
ru,директор,pt,diretor,altered
ru,дирекция,pt,direcção,transparent
ru,диск,pt,disco,transparent
ru,дискомфорт,pt,desconforto,altered
ru,дискотека,pt,discoteca,transparent
ru,дискриминация,pt,discriminação,altered
ru,дискуссия,pt,discussão,transparent
ru,дискутировать,pt,discutir,altered
ru,дисплей,pt,display,transparent
ru,диссертация,pt,dissertação,transparent
ru,дистанция,pt,distância,transparent
ru,дистрибуция,pt,distribuição,transparent
ru,дисциплина,pt,disciplinar,transparent
ru,дисциплинарный,pt,disciplinar,altered
ru,дифференциал,pt,diferencial,transparent
ru,дифференциальный,pt,diferencial,transparent
ru,доза,pt,dose,altered
ru,доктрина,pt,doutrinar,transparent
ru,документ,pt,documento,altered
ru,документация,pt,documentação,transparent
ru,доллар,pt,dólar,transparent
ru,доминион,pt,domínio,transparent
ru,доминировать,pt,dominar,altered
ru,дональд,pt,donald,transparent
ru,донор,pt,doador,altered
ru,допинг,pt,doping,transparent
ru,досье,pt,dossiê,transparent
ru,драйв,pt,drive,transparent
ru,драйвер,pt,driver,transparent
ru,дракон,pt,dragão,altered
ru,драма,pt,drama,transparent
ru,драматический,pt,dramático,transparent
ru,драматург,pt,dramaturgo,altered
ru,драматургия,pt,dramaturgia,transparent
ru,дуэль,pt,duelo,transparent
ru,дуэт,pt,dueto,transparent
ru,дэвид,pt,davi,altered
ru,ева,pt,eva,transparent
ru,евангелие,pt,evangelho,altered
ru,евангельский,pt,evangélico,altered
ru,евро,pt,euro,transparent
ru,европа,pt,europa,altered
ru,европеец,pt,europeu,altered
ru,европейский,pt,europeu,altered
ru,египет,pt,egito,altered
ru,жест,pt,gesto,altered
ru,жираф,pt,girafa,transparent
ru,журнал,pt,jornal,altered
ru,журналист,pt,jornalista,transparent
ru,заблокировать,pt,bloquear,altered
ru,зеро,pt,zero,transparent
ru,зомби,pt,zumbi,altered
ru,зона,pt,zona,transparent
ru,зонд,pt,sonda,altered
ru,игнорировать,pt,ignorar,transparent
ru,идеал,pt,ideal,transparent
ru,идеальный,pt,ideal,transparent
ru,идентификация,pt,identificação,altered
ru,идентифицировать,pt,identificar,transparent
ru,идентичность,pt,identidade,altered
ru,идентичный,pt,idêntico,transparent
ru,идеологический,pt,ideológico,altered
ru,идеология,pt,ideologia,transparent
ru,идея,pt,ideia,transparent
ru,идиом,pt,idioma,transparent
ru,идиот,pt,idiota,altered
ru,идиотка,pt,idiota,transparent
ru,идол,pt,ídolo,transparent
ru,иерархия,pt,hierarquia,transparent
ru,иисус,pt,jesus,altered
ru,икона,pt,ícone,altered
ru,иллюзия,pt,ilusão,altered
ru,иллюстрация,pt,ilustração,altered
ru,имейл,pt,email,transparent
ru,имитация,pt,imitação,transparent
ru,имитировать,pt,imitar,altered
ru,иммигрант,pt,imigrante,transparent
ru,иммунный,pt,imune,altered
ru,импакт,pt,impacto,transparent
ru,император,pt,imperador,altered
ru,империя,pt,império,transparent
ru,имперский,pt,imperial,altered
ru,импорт,pt,importação,altered
ru,импровизация,pt,improvisação,transparent
ru,импульс,pt,impulso,altered
ru,инвалид,pt,inválido,transparent
ru,инвентарь,pt,inventar,altered
ru,инвестирование,pt,investimento,altered
ru,инвестировать,pt,investir,altered
ru,инвестиционный,pt,investimento,transparent
ru,инвестиция,pt,investimento,altered
ru,инвестор,pt,investidor,altered
ru,ингредиент,pt,ingrediente,transparent
ru,индекс,pt,índice,altered
ru,индивидуально,pt,individualmente,transparent
ru,индивидуальный,pt,individual,transparent
ru,индикатор,pt,indicar,altered
ru,индикация,pt,indicação,transparent
ru,индонезия,pt,indonésio,transparent
ru,индустриальный,pt,industrial,altered
ru,индустрия,pt,indústria,altered
ru,инженерия,pt,engenharia,transparent
ru,инициал,pt,inicial,altered
ru,инициатива,pt,iniciativo,altered
ru,инициировать,pt,iniciar,altered
ru,инновационный,pt,inovador,altered
ru,инновация,pt,inovação,altered
ru,инспектор,pt,inspetor,altered
ru,инспекция,pt,inspeção,altered
ru,инстаграм,pt,instagram,transparent
ru,инсталляция,pt,instalação,transparent
ru,инстинкт,pt,instinto,transparent
ru,институт,pt,instituto,transparent
ru,институция,pt,instituição,transparent
ru,инструктор,pt,instrutor,altered
ru,инструкция,pt,instrução,transparent
ru,инструмент,pt,instrumento,altered
ru,интеграция,pt,integração,transparent
ru,интегрировать,pt,integrar,altered
ru,интеллект,pt,intelecto,transparent
ru,интеллектуал,pt,intelectual,transparent
ru,интеллектуальный,pt,intelectual,transparent
ru,интеллигентный,pt,inteligente,transparent
ru,интеллигенция,pt,inteligência,altered
ru,интенсивность,pt,intensidade,altered
ru,интенсивный,pt,intenso,transparent
ru,интерактивный,pt,interativo,altered
ru,интервал,pt,intervalo,transparent
ru,интервенция,pt,intervenção,altered
ru,интерес,pt,interesse,altered
ru,интересовать,pt,interessar,altered
ru,интернат,pt,internato,altered
ru,интернационал,pt,internacional,transparent
ru,интернациональный,pt,internacional,transparent
ru,интернет,pt,internet,transparent
ru,интерпретация,pt,interpretação,transparent
ru,интерпретировать,pt,interpretar,altered
ru,интерфейс,pt,interface,altered
ru,интерьер,pt,interior,transparent
ru,интимный,pt,íntimo,transparent
ru,интрига,pt,intrigar,transparent
ru,интродукция,pt,introduzir,altered
ru,интуиция,pt,intuição,altered
ru,инфантилизм,pt,infância,altered
ru,инфаркт,pt,infarto,transparent
ru,инфекция,pt,infecção,transparent
ru,инфляция,pt,inflação,altered
ru,информатика,pt,informático,transparent
ru,информационно,pt,informacional,transparent
ru,информация,pt,informação,transparent
ru,информировать,pt,informar,altered
ru,инфраструктура,pt,infraestrutura,transparent
ru,инцидент,pt,incidente,transparent
ru,инъекция,pt,injeção,transparent
ru,ипотека,pt,hipotecar,altered
ru,ирак,pt,iraque,altered
ru,иран,pt,irã,transparent
ru,ирина,pt,irina,transparent
ru,ирландский,pt,irlandês,altered
ru,ирония,pt,ironia,transparent
ru,ислам,pt,islam,transparent
ru,исторический,pt,histórico,altered
ru,история,pt,história,transparent
ru,италия,pt,itália,transparent
ru,итальянец,pt,italiano,altered
ru,июль,pt,julho,altered
ru,йемен,pt,iêmen,altered
ru,йог,pt,ioga,altered
ru,йогурт,pt,iogurte,altered
ru,кабель,pt,cabo,altered
ru,кабельный,pt,cabo,altered
ru,кабина,pt,cabina,transparent
ru,кабинет,pt,gabinete,altered
ru,кавалер,pt,cavaleiro,altered
ru,кавалерия,pt,cavalaria,altered
ru,кавер,pt,cover,transparent
ru,кадет,pt,cadete,transparent
ru,казино,pt,cassino,transparent
ru,каир,pt,cairo,altered
ru,календарный,pt,calendário,altered
ru,календарь,pt,calendário,altered
ru,калибр,pt,calibre,altered
ru,калифорнийский,pt,californiano,altered
ru,калория,pt,caloria,transparent
ru,кампания,pt,campanha,altered
ru,кампус,pt,campus,transparent
ru,канада,pt,canadá,transparent
ru,канал,pt,canal,transparent
ru,канализация,pt,canalização,transparent
ru,кандидат,pt,candidato,transparent
ru,кандидатура,pt,candidatura,transparent
ru,канцлер,pt,chanceler,altered
ru,капитал,pt,capital,altered
ru,капитализм,pt,capitalismo,transparent
ru,капиталь,pt,capital,transparent
ru,капитальный,pt,capital,altered
ru,капитан,pt,capitão,altered
ru,капсула,pt,cápsula,transparent
ru,караван,pt,caravana,transparent
ru,карамель,pt,caramelo,transparent
ru,карантин,pt,quarentenar,altered
ru,кардинал,pt,cardeal,altered
ru,кардио,pt,cárdio,transparent
ru,карикатура,pt,caricaturar,transparent
ru,каркас,pt,carcaça,altered
ru,карлос,pt,carlos,transparent
ru,карма,pt,karma,transparent
ru,карнавал,pt,carnaval,transparent
ru,картонный,pt,cartão,altered
ru,карусель,pt,carrossel,transparent
ru,каскад,pt,cascata,altered
ru,каспийский,pt,cáspio,transparent
ru,касса,pt,caixa,transparent
ru,кассета,pt,cassete,transparent
ru,кастинг,pt,casting,transparent
ru,катализатор,pt,catalisador,transparent
ru,каталог,pt,catálogo,transparent
ru,катамаран,pt,catamarã,transparent
ru,катастрофический,pt,catastrófico,transparent
ru,категория,pt,categoria,transparent
ru,католик,pt,católico,altered
ru,католический,pt,católico,altered
ru,кафе,pt,café,transparent
ru,кафедра,pt,cátedra,altered
ru,кафетерий,pt,cafeteria,transparent
ru,квадрат,pt,quadrar,altered
ru,квалификация,pt,qualificação,transparent
ru,квалифицировать,pt,qualificar,altered
ru,квант,pt,quantum,altered
ru,квантовый,pt,quântico,altered
ru,квартет,pt,quarteto,altered
ru,квир,pt,queer,transparent
ru,квота,pt,quota,transparent
ru,кейт,pt,kate,transparent
ru,келли,pt,kelly,transparent
ru,керамика,pt,cerâmico,altered
ru,керамический,pt,cerâmico,altered
ru,киллер,pt,killer,transparent
ru,километр,pt,quilômetro,altered
ru,кинг,pt,king,transparent
ru,кино,pt,cinema,altered
ru,киоск,pt,quiosque,altered
ru,клан,pt,clã,transparent
ru,класс,pt,classe,altered
ru,классификация,pt,classificação,altered
ru,классический,pt,clássico,altered
ru,кластер,pt,cluster,transparent
ru,клиент,pt,cliente,transparent
ru,клик,pt,clique,altered
ru,климат,pt,clima,altered
ru,климатический,pt,climático,altered
ru,клиника,pt,clínico,transparent
ru,клинический,pt,clínico,transparent
ru,клип,pt,clipe,altered
ru,клон,pt,clone,transparent
ru,клуб,pt,clube,altered
ru,коалиция,pt,coalizão,transparent
ru,когнитивный,pt,cognitivo,transparent
ru,код,pt,código,transparent
ru,кокаин,pt,cocaína,transparent
ru,кокос,pt,coco,altered
ru,коллега,pt,colega,altered
ru,коллектив,pt,coletivo,altered
ru,коллективный,pt,coletivo,altered
ru,коллектор,pt,coletor,altered
ru,коллекция,pt,coleção,altered
ru,колониальный,pt,colonial,altered
ru,колония,pt,colônia,transparent
ru,колоссальный,pt,colossal,transparent
ru,команда,pt,comando,altered
ru,командовать,pt,comandar,altered
ru,комбинация,pt,combinação,altered
ru,комбинировать,pt,combinar,altered
ru,комендант,pt,comandante,altered
ru,комик,pt,cômico,transparent
ru,комикс,pt,comic,transparent
ru,комиссар,pt,comissário,altered
ru,комиссия,pt,comissão,altered
ru,комитет,pt,comitê,transparent
ru,комментарий,pt,comentário,altered
ru,комментатор,pt,comentador,transparent
ru,комментировать,pt,comentar,altered
ru,коммерсант,pt,comerciante,altered
ru,коммерческий,pt,comercial,altered
ru,коммуна,pt,comum,transparent
ru,коммунизм,pt,comunismo,altered
ru,коммуникация,pt,comunicação,altered
ru,коммунист,pt,comunista,altered
ru,коммунистический,pt,comunista,altered
ru,компактный,pt,compacto,altered
ru,компания,pt,companhia,altered
ru,компас,pt,compasso,altered
ru,компенсация,pt,compensação,transparent
ru,компенсировать,pt,compensar,altered
ru,компетентный,pt,competente,transparent
ru,компетенция,pt,competência,transparent
ru,комплекс,pt,complexo,altered
ru,комплексный,pt,complexo,altered
ru,композитор,pt,compositor,transparent
ru,композиция,pt,composição,transparent
ru,компонент,pt,componente,altered
ru,компрометировать,pt,comprometer,transparent
ru,компромисс,pt,compromisso,altered
ru,компьютер,pt,computador,altered
ru,комфорт,pt,conforto,altered
ru,комфортный,pt,confortável,altered
ru,конвенция,pt,convenção,altered
ru,конгресс,pt,congresso,transparent
ru,кондиционер,pt,condicionador,transparent
ru,кондоминиум,pt,condomínio,transparent
ru,конкретизировать,pt,concretizar,altered
ru,конкретный,pt,concreto,altered
ru,конкурент,pt,concorrente,altered
ru,конкуренция,pt,concorrência,altered
ru,конкурировать,pt,concorrer,altered
ru,конкурс,pt,concurso,altered
ru,конкурсный,pt,concurso,altered
ru,консервативный,pt,conservador,altered
ru,консерватор,pt,conservador,altered
ru,консерватория,pt,conservatório,altered
ru,консервы,pt,conservar,altered
ru,консолидация,pt,consolidação,transparent
ru,консоль,pt,consolar,transparent
ru,константа,pt,constante,transparent
ru,конституционный,pt,constitucional,altered
ru,конституция,pt,constituição,transparent
ru,конструктивный,pt,construtivo,transparent
ru,конструктор,pt,construtor,transparent
ru,конструкция,pt,construção,transparent
ru,консул,pt,cônsul,transparent
ru,консульство,pt,consulado,altered
ru,консультант,pt,consultor,altered
ru,консультативный,pt,consultivo,transparent
ru,контакт,pt,contato,transparent
ru,контактный,pt,contato,altered
ru,контекст,pt,contexto,transparent
ru,контингент,pt,contingente,transparent
ru,континент,pt,continente,transparent
ru,континентальный,pt,continental,transparent
ru,контра,pt,contra,transparent
ru,контракт,pt,contrato,transparent
ru,контраст,pt,contraste,altered
ru,контролировать,pt,controlar,altered
ru,контролироваться,pt,controlar,transparent
ru,контроллер,pt,controlador,altered
ru,контроль,pt,controlo,transparent
ru,контролёр,pt,controlador,altered
ru,контры,pt,contra,transparent
ru,контур,pt,contorno,altered
ru,конфедерация,pt,confederação,transparent
ru,конференция,pt,conferência,transparent
ru,конфигурация,pt,configuração,transparent
ru,конфликт,pt,conflito,altered
ru,конфронтация,pt,confronto,altered
ru,концентрация,pt,concentração,transparent
ru,концентрировать,pt,concentrar,transparent
ru,концепт,pt,conceito,transparent
ru,концептуальный,pt,conceitual,altered
ru,концерт,pt,concerto,altered
ru,кооператив,pt,cooperativo,transparent
ru,кооперативный,pt,cooperativo,altered
ru,кооперация,pt,cooperação,transparent
ru,координата,pt,coordenar,altered
ru,координатор,pt,coordenador,altered
ru,координация,pt,coordenação,altered
ru,копировать,pt,copiar,altered
ru,копия,pt,cópia,altered
ru,коридор,pt,corredor,altered
ru,корона,pt,coroar,altered
ru,корпоративный,pt,corporativo,transparent
ru,корпорация,pt,corporação,transparent
ru,корректировать,pt,corrigir,altered
ru,корректировка,pt,correção,altered
ru,корректор,pt,corretor,transparent
ru,коррекция,pt,correção,transparent
ru,корреспондент,pt,correspondente,transparent
ru,коррупция,pt,corrupção,transparent
ru,косметика,pt,cosmético,altered
ru,косметический,pt,cosmético,altered
ru,костюм,pt,costume,altered
ru,кофе,pt,café,altered
ru,кратер,pt,cratera,altered
ru,краш,pt,crash,transparent
ru,кредит,pt,crédito,transparent
ru,кредитование,pt,crédito,altered
ru,кредитор,pt,credor,altered
ru,кризис,pt,crise,altered
ru,кризисный,pt,crise,transparent
ru,криминал,pt,crime,altered
ru,криминальный,pt,criminal,altered
ru,кристалл,pt,cristal,transparent
ru,кристиан,pt,cristão,altered
ru,критерий,pt,critério,transparent
ru,критиковать,pt,criticar,altered
ru,критически,pt,criticamente,transparent
ru,критический,pt,crítico,altered
ru,крокодил,pt,crocodilo,transparent
ru,крона,pt,coroar,altered
ru,кросс,pt,cross,transparent
ru,круиз,pt,cruzeiro,altered
ru,куб,pt,cubo,altered
ru,кубинский,pt,cubano,altered
ru,кулинарный,pt,culinário,transparent
ru,культ,pt,culto,altered
ru,культовый,pt,culto,altered
ru,культура,pt,cultura,transparent
ru,культурный,pt,cultural,transparent
ru,купол,pt,cúpula,altered
ru,куратор,pt,curador,transparent
ru,курс,pt,curso,altered
ru,кэш,pt,cache,altered
ru,лабиринт,pt,labirinto,transparent
ru,лаборатория,pt,laboratório,altered
ru,лабораторный,pt,laboratório,altered
ru,лазерный,pt,laser,altered
ru,лайв,pt,live,transparent
ru,лайк,pt,like,transparent
ru,лактоза,pt,lactose,transparent
ru,лампа,pt,lâmpada,transparent
ru,ланч,pt,lanche,transparent
ru,ланча,pt,lanchar,transparent
ru,латынь,pt,latim,transparent
ru,легализация,pt,legalização,transparent
ru,легальный,pt,legal,altered
ru,легенда,pt,legendar,transparent
ru,легендарный,pt,lendário,altered
ru,легион,pt,legião,transparent
ru,леди,pt,lady,transparent
ru,лектор,pt,leitor,altered
ru,лекция,pt,lição,transparent
ru,леонардо,pt,leonardo,transparent
ru,леопард,pt,leopardo,transparent
ru,лесбиянка,pt,lésbico,altered
ru,либерал,pt,liberal,transparent
ru,либеральный,pt,liberal,transparent
ru,ливерпуль,pt,liverpool,transparent
ru,лидер,pt,líder,transparent
ru,лидерство,pt,liderança,altered
ru,лидировать,pt,liderar,altered
ru,ликвидация,pt,liquidação,transparent
ru,ликвидировать,pt,liquidar,altered
ru,лимит,pt,limite,transparent
ru,лимон,pt,limão,transparent
ru,лингвистика,pt,linguístico,transparent
ru,линейный,pt,linear,transparent
ru,линк,pt,link,altered
ru,лир,pt,lira,transparent
ru,лирический,pt,lírico,transparent
ru,литература,pt,literatura,transparent
ru,литературный,pt,literário,transparent
ru,литр,pt,litro,altered
ru,литургия,pt,liturgia,transparent
ru,лицей,pt,liceu,altered
ru,лицензия,pt,licença,altered
ru,логический,pt,lógico,transparent
ru,логотип,pt,logotipo,transparent
ru,локализация,pt,localização,transparent
ru,локализовать,pt,localizar,altered
ru,локальный,pt,local,transparent
ru,локация,pt,locação,altered
ru,лопес,pt,lopes,transparent
ru,лорд,pt,lorde,altered
ru,лот,pt,lote,transparent
ru,лотерея,pt,loteria,transparent
ru,луи,pt,luiz,transparent
ru,луна,pt,lua,altered
ru,люкс,pt,luxo,transparent
ru,магический,pt,mágico,transparent
ru,магия,pt,magia,transparent
ru,мадрид,pt,madrid,transparent
ru,майл,pt,mail,transparent
ru,майор,pt,maior,altered
ru,макароны,pt,macarrão,altered
ru,македония,pt,macedônia,altered
ru,макет,pt,maquete,altered
ru,макияж,pt,maquiagem,altered
ru,макс,pt,max,transparent
ru,максимум,pt,máximo,altered
ru,мама,pt,mamãe,transparent
ru,мамонт,pt,mamute,transparent
ru,мандат,pt,mandato,transparent
ru,манипуляция,pt,manipulação,transparent
ru,манифест,pt,manifesto,transparent
ru,манифестация,pt,manifestação,altered
ru,мануэль,pt,manuel,transparent
ru,манхеттен,pt,manhattan,altered
ru,манчестер,pt,manchester,transparent
ru,маньяк,pt,maníaco,altered
ru,марафон,pt,maratona,altered
ru,маргарет,pt,margarida,altered
ru,маргарита,pt,margarida,altered
ru,маржа,pt,margem,transparent
ru,мария,pt,maria,transparent
ru,маркетинг,pt,marketing,transparent
ru,маркиз,pt,marquês,altered
ru,маркс,pt,marx,transparent
ru,марксизм,pt,marxismo,transparent
ru,маркёр,pt,marcador,altered
ru,марокко,pt,marrocos,altered
ru,март,pt,março,altered
ru,марш,pt,marchar,altered
ru,маршал,pt,marechal,altered
ru,маска,pt,máscara,transparent
ru,масса,pt,massa,transparent
ru,массаж,pt,massagem,altered
ru,массивный,pt,massivo,transparent
ru,математический,pt,matemático,altered
ru,материал,pt,material,transparent
ru,материальный,pt,material,altered
ru,материя,pt,matéria,transparent
ru,матрица,pt,matriz,altered
ru,матч,pt,match,transparent
ru,мафия,pt,máfia,transparent
ru,мачта,pt,mastro,altered
ru,машина,pt,máquina,altered
ru,медаль,pt,medalhar,altered
ru,медиа,pt,mídia,altered
ru,медик,pt,médico,altered
ru,медикамент,pt,medicamento,altered
ru,медико,pt,médico,transparent
ru,медитация,pt,meditação,transparent
ru,медицина,pt,medicinar,transparent
ru,мексика,pt,méxico,transparent
ru,мексиканец,pt,mexicano,altered
ru,мелодия,pt,melodiar,transparent
ru,мембрана,pt,membrana,transparent
ru,меморандум,pt,memorar,altered
ru,мемориал,pt,memorial,transparent
ru,мемориальный,pt,memorial,transparent
ru,менталитет,pt,mentalidade,altered
ru,ментальный,pt,mental,transparent
ru,меню,pt,menu,transparent
ru,металл,pt,metal,transparent
ru,металлург,pt,metalúrgico,altered
ru,металлургический,pt,metalúrgico,transparent
ru,метафора,pt,metáfora,altered
ru,метеорит,pt,meteorito,altered
ru,методика,pt,metodologia,altered
ru,методист,pt,metodista,altered
ru,методология,pt,metodologia,transparent
ru,метр,pt,metro,transparent
ru,метрика,pt,métrico,transparent
ru,метро,pt,metrô,transparent
ru,метрополитен,pt,metropolitano,altered
ru,механизм,pt,mecanismo,transparent
ru,механический,pt,mecânico,altered
ru,ми,pt,mi,transparent
ru,мигрант,pt,migrante,altered
ru,миграционный,pt,migratório,altered
ru,миграция,pt,migração,transparent
ru,мик,pt,microfone,transparent
ru,микрофон,pt,microfone,transparent
ru,миллиметр,pt,milímetro,transparent
ru,миллион,pt,milhão,altered
ru,миллионер,pt,milionário,altered
ru,мина,pt,mina,transparent
ru,минерал,pt,mineral,transparent
ru,минеральный,pt,mineral,altered
ru,миниатюра,pt,miniatura,transparent
ru,миниатюрный,pt,miniatura,altered
ru,минимум,pt,mínimo,transparent
ru,министерство,pt,ministério,altered
ru,министр,pt,ministro,transparent
ru,минус,pt,menos,transparent
ru,минута,pt,minuto,transparent
ru,мисс,pt,miss,transparent
ru,миссия,pt,missão,transparent
ru,мистер,pt,mister,transparent
ru,мистерия,pt,mistério,altered
ru,мистик,pt,místico,transparent
ru,мистический,pt,místico,transparent
ru,миф,pt,mito,altered
ru,мифология,pt,mitologia,transparent
ru,мобилизация,pt,mobilização,altered
ru,мода,pt,moda,transparent
ru,моделирование,pt,modelagem,altered
ru,модель,pt,modelo,altered
ru,модернизация,pt,modernização,transparent
ru,модификация,pt,modificação,transparent
ru,модифицировать,pt,modificar,altered
ru,модуль,pt,módulo,transparent
ru,модус,pt,modo,transparent
ru,мозаика,pt,mosaico,altered
ru,молдавия,pt,moldávia,altered
ru,молекула,pt,molécula,transparent
ru,молекулярный,pt,molecular,transparent
ru,моллюск,pt,molusco,altered
ru,моментальный,pt,momentâneo,altered
ru,монарх,pt,monarca,altered
ru,монархия,pt,monarquia,transparent
ru,монгол,pt,mongol,transparent
ru,монголия,pt,mongólia,transparent
ru,монитор,pt,monitor,transparent
ru,мониторинг,pt,monitoramento,transparent
ru,мониторить,pt,monitorar,altered
ru,монография,pt,monografia,transparent
ru,монолог,pt,monólogo,transparent
ru,монополия,pt,monopólio,altered
ru,монстр,pt,monstro,transparent
ru,монте,pt,monte,transparent
ru,монтировать,pt,montar,altered
ru,монумент,pt,monumento,transparent
ru,мораль,pt,moral,transparent
ru,морально,pt,moralmente,transparent
ru,моральный,pt,moral,transparent
ru,морган,pt,morgan,transparent
ru,москва,pt,moscou,altered
ru,мотив,pt,motivo,transparent
ru,мотивация,pt,motivação,altered
ru,мотивировать,pt,motivar,altered
ru,мотор,pt,motor,transparent
ru,моторист,pt,motorista,transparent
ru,мотоцикл,pt,motocicleta,altered
ru,мрамор,pt,mármore,altered
ru,муза,pt,musa,transparent
ru,музей,pt,museu,altered
ru,музыка,pt,músico,altered
ru,музыкальный,pt,musical,altered
ru,муниципалитет,pt,municipalidade,altered
ru,муниципальный,pt,municipal,altered
ru,мусульманин,pt,muçulmano,transparent
ru,мусульманский,pt,muçulmano,altered
ru,мутант,pt,mutante,transparent
ru,мутация,pt,mutação,transparent
ru,мюзикл,pt,musical,altered
ru,наве,pt,nave,transparent
ru,навигатор,pt,navegador,altered
ru,навигация,pt,navegação,transparent
ru,наполеон,pt,napoleão,transparent
ru,наркотик,pt,narcótico,altered
ru,наркотический,pt,narcótico,altered
ru,натура,pt,natureza,altered
ru,натуральный,pt,natural,transparent
ru,нацизм,pt,nazismo,altered
ru,национал,pt,nacional,transparent
ru,национализация,pt,nacionalização,transparent
ru,национализм,pt,nacionalismo,transparent
ru,националист,pt,nacionalista,transparent
ru,националистический,pt,nacionalista,altered
ru,национальность,pt,nacionalidade,transparent
ru,национальный,pt,nacional,transparent
ru,нацист,pt,nazista,altered
ru,нация,pt,nação,transparent
ru,негатив,pt,negativo,altered
ru,негативный,pt,negativo,transparent
ru,негр,pt,negro,transparent
ru,нейтральный,pt,neutro,altered
ru,нелегальный,pt,ilegal,altered
ru,нельсон,pt,nelson,transparent
ru,неон,pt,neon,transparent
ru,непал,pt,nepal,transparent
ru,нерв,pt,nervo,altered
ru,нервный,pt,nervoso,transparent
ru,нестабильность,pt,instabilidade,transparent
ru,нестабильный,pt,instável,altered
ru,никель,pt,níquel,altered
ru,николаевич,pt,nicolau,altered
ru,нил,pt,nilo,altered
ru,ниндзя,pt,ninja,altered
ru,ницца,pt,nice,altered
ru,ниша,pt,nicho,altered
ru,новак,pt,novak,transparent
ru,нокаут,pt,nocaute,altered
ru,номенклатура,pt,nomenclatura,transparent
ru,номер,pt,número,altered
ru,номинальный,pt,nominal,transparent
ru,норвегия,pt,noruega,transparent
ru,норма,pt,norma,transparent
ru,нормализация,pt,normalização,transparent
ru,нормально,pt,normal,transparent
ru,нормальный,pt,normal,altered
ru,норматив,pt,normativo,altered
ru,ностальгия,pt,nostalgia,transparent
ru,нота,pt,notar,transparent
ru,ноутбук,pt,notebook,transparent
ru,ноябрь,pt,novembro,altered
ru,нуль,pt,nulo,altered
ru,ньютон,pt,newton,transparent
ru,нэнси,pt,nancy,altered
ru,нюанс,pt,nuance,transparent
ru,о'кей,pt,okay,transparent
ru,оазис,pt,oasis,transparent
ru,обсерватория,pt,observatório,altered
ru,объект,pt,objeto,altered
ru,объектив,pt,objetivo,altered
ru,объективный,pt,objetivo,transparent
ru,овальный,pt,oval,transparent
ru,огайо,pt,ohio,transparent
ru,ода,pt,ode,transparent
ru,океан,pt,oceano,transparent
ru,окей,pt,ok,transparent
ru,оккупант,pt,ocupante,transparent
ru,оккупация,pt,ocupação,altered
ru,оливер,pt,oliver,transparent
ru,олимпиада,pt,olimpíada,altered
ru,олимпийский,pt,olímpico,transparent
ru,онлайн,pt,online,transparent
ru,опен,pt,open,transparent
ru,опера,pt,ópera,transparent
ru,оперативный,pt,operativo,transparent
ru,оператор,pt,operador,transparent
ru,операционный,pt,operacional,altered
ru,операция,pt,operação,transparent
ru,оперировать,pt,operar,altered
ru,оппозиционер,pt,oposicionista,altered
ru,оппозиция,pt,oposição,transparent
ru,оппонент,pt,oponente,transparent
ru,оптимальный,pt,ótimo,altered
ru,оптимизация,pt,otimização,transparent
ru,оптимизм,pt,otimismo,altered
ru,оптический,pt,óptico,transparent
ru,опубликовать,pt,publicar,altered
ru,опция,pt,opção,altered
ru,оральный,pt,oral,transparent
ru,оратор,pt,orador,altered
ru,орбита,pt,órbita,transparent
ru,орбитальный,pt,orbital,transparent
ru,орган,pt,órgão,transparent
ru,организационный,pt,organizacional,altered
ru,организация,pt,organização,altered
ru,организм,pt,organismo,altered
ru,организовать,pt,organizar,altered
ru,организовывать,pt,organizar,altered
ru,органический,pt,orgânico,altered
ru,орда,pt,horda,altered
ru,орден,pt,ordem,altered
ru,ордер,pt,ordem,altered
ru,оригинал,pt,original,transparent
ru,оригинальный,pt,original,transparent
ru,ориентация,pt,orientação,altered
ru,ориентир,pt,orientar,altered
ru,оркестр,pt,orquestrar,altered
ru,орнамент,pt,ornamento,transparent
ru,оскар,pt,oscar,transparent
ru,отель,pt,hotel,transparent
ru,офицер,pt,oficial,altered
ru,официальный,pt,oficial,transparent
ru,офлайн,pt,offline,transparent
ru,офф,pt,off,transparent
ru,пабло,pt,pablo,transparent
ru,павильон,pt,pavilhão,altered
ru,пакт,pt,pacto,altered
ru,палестина,pt,palestino,transparent
ru,палестинский,pt,palestino,transparent
ru,пальма,pt,palmeira,altered
ru,панама,pt,panamá,transparent
ru,панель,pt,painel,altered
ru,паника,pt,pânico,altered
ru,панк,pt,punk,altered
ru,панорама,pt,panorama,transparent
ru,парадокс,pt,paradoxo,altered
ru,паразит,pt,parasita,transparent
ru,параллель,pt,paralelo,altered
ru,параллельный,pt,paralelo,transparent
ru,параметр,pt,parâmetro,transparent
ru,парламент,pt,parlamento,altered
ru,парламентский,pt,parlamentar,altered
ru,пародия,pt,paródia,transparent
ru,партнёр,pt,parceiro,altered
ru,парфюм,pt,perfume,altered
ru,паспорт,pt,passaporte,altered
ru,пассажир,pt,passageiro,transparent
ru,пассивный,pt,passivo,transparent
ru,пастор,pt,pastor,transparent
ru,пасха,pt,páscoa,altered
ru,пасхальный,pt,pascal,altered
ru,патент,pt,patente,transparent
ru,патологический,pt,patológico,transparent
ru,патология,pt,patologia,transparent
ru,патриарх,pt,patriarca,altered
ru,патриот,pt,patriota,transparent
ru,патриотизм,pt,patriotismo,transparent
ru,патриотический,pt,patriótico,transparent
ru,патрон,pt,patrão,transparent
ru,патруль,pt,patrulhar,altered
ru,пауза,pt,pausar,transparent
ru,пауэр,pt,power,transparent
ru,пациент,pt,paciente,transparent
ru,пациентка,pt,paciente,transparent
ru,педагог,pt,pedagogia,transparent
ru,педагогика,pt,pedagogia,transparent
ru,педаль,pt,pedal,transparent
ru,педофил,pt,pedófilo,transparent
ru,пейзаж,pt,paisagem,altered
ru,пекин,pt,pequim,altered
ru,пенис,pt,pénis,transparent
ru,пентагон,pt,pentágono,transparent
ru,периметр,pt,perímetro,transparent
ru,период,pt,período,altered
ru,периодически,pt,periodicamente,transparent
ru,периодический,pt,periódico,altered
ru,периферия,pt,periferia,transparent
ru,персона,pt,pessoa,altered
ru,персонал,pt,pessoal,altered
ru,перспектива,pt,perspectivar,transparent
ru,перформанс,pt,performance,transparent
ru,петиция,pt,petição,transparent
ru,пи,pt,pi,transparent
ru,пианист,pt,pianista,transparent
ru,пижама,pt,pijama,altered
ru,пикник,pt,piquenique,altered
ru,пико,pt,pico,transparent
ru,пилот,pt,piloto,altered
ru,пингвин,pt,pinguim,altered
ru,пионер,pt,pioneiro,transparent
ru,пирамида,pt,pirâmide,transparent
ru,пират,pt,pirata,transparent
ru,пирсинг,pt,piercing,transparent
ru,пистолет,pt,pistola,altered
ru,пицца,pt,pizza,transparent
ru,плазма,pt,plasmar,transparent
ru,план,pt,plano,altered
ru,планета,pt,planeta,altered
ru,планировать,pt,planejar,altered
ru,плантация,pt,plantação,transparent
ru,пластиковый,pt,plástico,altered
ru,пластический,pt,plástico,transparent
ru,платформа,pt,plataforma,transparent
ru,плей,pt,play,transparent
ru,плейлист,pt,playlist,transparent
ru,плюс,pt,plus,transparent
ru,подиум,pt,pódio,altered
ru,позитив,pt,positivo,transparent
ru,позитивный,pt,positivo,altered
ru,позиционирование,pt,posicionamento,altered
ru,позиция,pt,posição,altered
ru,полемика,pt,polêmica,transparent
ru,полимер,pt,polímero,transparent
ru,политический,pt,político,transparent
ru,полицейский,pt,policial,altered
ru,полиция,pt,polícia,transparent
ru,полно,pt,pleno,altered
ru,полуфинал,pt,semifinal,altered
ru,полюс,pt,pólo,altered
ru,помада,pt,pomada,transparent
ru,попугай,pt,papagaio,altered
ru,популяризация,pt,popularização,transparent
ru,популярность,pt,popularidade,transparent
ru,популярный,pt,popular,transparent
ru,популяция,pt,população,transparent
ru,порно,pt,pornô,transparent
ru,порт,pt,porto,transparent
ru,портал,pt,portal,transparent
ru,португалия,pt,portugal,altered
ru,португальский,pt,português,altered
ru,порция,pt,porção,transparent
ru,пост,pt,post,transparent
ru,потенциал,pt,potencial,transparent
ru,потенциальный,pt,potencial,altered
ru,потенция,pt,potência,transparent
ru,поттер,pt,potter,transparent
ru,поэзия,pt,poesia,transparent
ru,поэма,pt,poema,transparent
ru,поэт,pt,poetar,altered
ru,прага,pt,praga,transparent
ru,практика,pt,prático,altered
ru,практиковать,pt,praticar,altered
ru,практически,pt,praticamente,transparent
ru,практический,pt,prático,transparent
ru,представить,pt,apresentar,altered
ru,презент,pt,presente,transparent
ru,презентация,pt,apresentação,transparent
ru,презентовать,pt,apresentar,altered
ru,презерватив,pt,preservativo,altered
ru,президент,pt,presidente,altered
ru,президентский,pt,presidencial,altered
ru,президентство,pt,presidência,altered
ru,премиум,pt,prêmio,altered
ru,премия,pt,prêmio,altered
ru,препарат,pt,preparar,altered
ru,престиж,pt,prestígio,transparent
ru,претендент,pt,pretendente,transparent
ru,префектура,pt,prefeitura,altered
ru,преференция,pt,preferência,altered
ru,прецедент,pt,precedente,transparent
ru,приватизация,pt,privatização,altered
ru,приватный,pt,privado,transparent
ru,привилегия,pt,privilégio,altered
ru,прима,pt,primar,transparent
ru,примитивный,pt,primitivo,transparent
ru,принц,pt,príncipe,altered
ru,принцесса,pt,príncipe,transparent
ru,принцип,pt,princípio,altered
ru,принципиальный,pt,principal,altered
ru,приоритет,pt,prioridade,altered
ru,приоритетный,pt,prioritário,altered
ru,проблема,pt,problema,transparent
ru,проблемный,pt,problemático,transparent
ru,провинциальный,pt,provincial,transparent
ru,провинция,pt,província,transparent
ru,провокация,pt,provocação,transparent
ru,провоцировать,pt,provocar,altered
ru,прогноз,pt,prognóstico,transparent
ru,программа,pt,programar,transparent
ru,программирование,pt,programação,altered
ru,программировать,pt,programar,transparent
ru,программист,pt,programador,altered
ru,прогресс,pt,progresso,altered
ru,прогрессивный,pt,progressivo,transparent
ru,продемонстрировать,pt,demonstrar,altered
ru,продукт,pt,produto,altered
ru,продуктивность,pt,produtividade,altered
ru,продуктивный,pt,produtivo,altered
ru,продукция,pt,produção,altered
ru,проект,pt,projeto,altered
ru,проектирование,pt,projeção,altered
ru,проектировать,pt,projetar,transparent
ru,проекция,pt,projeção,transparent
ru,прокуратура,pt,procuradoria,altered
ru,пропаганда,pt,propaganda,transparent
ru,пропорциональный,pt,proporcional,transparent
ru,проститутка,pt,prostituto,transparent
ru,проституция,pt,prostituição,transparent
ru,протеин,pt,proteína,transparent
ru,протектор,pt,protetor,transparent
ru,протекция,pt,proteção,transparent
ru,протест,pt,protesto,transparent
ru,протестовать,pt,protestar,transparent
ru,протокол,pt,protocolo,transparent
ru,прототип,pt,protótipo,transparent
ru,профессионал,pt,profissional,altered
ru,профессионализм,pt,profissionalismo,altered
ru,профессионально,pt,profissionalmente,altered
ru,профессиональный,pt,profissional,transparent
ru,профессия,pt,profissão,transparent
ru,профессор,pt,professor,transparent
ru,профиль,pt,perfil,altered
ru,процедура,pt,procedimento,altered
ru,процесс,pt,processo,transparent
ru,процессор,pt,processador,transparent
ru,процессуальный,pt,processual,transparent
ru,псевдоним,pt,pseudónimo,transparent
ru,психиатр,pt,psiquiatro,altered
ru,психиатрический,pt,psiquiátrico,altered
ru,психика,pt,psique,altered
ru,психический,pt,psíquico,altered
ru,психолог,pt,psicólogo,altered
ru,психологически,pt,psicologicamente,transparent
ru,психологический,pt,psicológico,transparent
ru,психология,pt,psicologia,transparent
ru,психотерапевт,pt,psicoterapeuta,altered
ru,публика,pt,público,altered
ru,публикация,pt,publicação,transparent
ru,публиковать,pt,publicar,altered
ru,публично,pt,público,altered
ru,пул,pt,pool,transparent
ru,пульс,pt,pulso,transparent
ru,пункт,pt,ponto,altered
ru,пьедестал,pt,pedestal,altered
ru,радар,pt,radar,transparent
ru,радиация,pt,radiação,transparent
ru,радикал,pt,radical,transparent
ru,радикально,pt,radical,transparent
ru,радикальный,pt,radical,transparent
ru,радио,pt,rádio,transparent
ru,радиоактивный,pt,radioativo,transparent
ru,радиус,pt,raio,altered
ru,ралли,pt,rally,transparent
ru,ранчо,pt,rancho,transparent
ru,рапид,pt,rápido,transparent
ru,раса,pt,raça,altered
ru,расизм,pt,racismo,altered
ru,расовый,pt,racial,altered
ru,рациональный,pt,racional,transparent
ru,реабилитация,pt,reabilitação,altered
ru,реактор,pt,reator,altered
ru,реакция,pt,reação,transparent
ru,реал,pt,real,transparent
ru,реализация,pt,realização,transparent
ru,реализм,pt,realismo,transparent
ru,реализовать,pt,realizar,altered
ru,реалити,pt,realidade,altered
ru,реально,pt,real,transparent
ru,реальный,pt,real,altered
ru,реванш,pt,revanche,transparent
ru,ревизия,pt,revisão,altered
ru,револьвер,pt,revólver,transparent
ru,революционер,pt,revolucionário,transparent
ru,революционный,pt,revolucionário,altered
ru,революция,pt,revolução,transparent
ru,регенерация,pt,regeneração,transparent
ru,регин,pt,regina,transparent
ru,регион,pt,região,transparent
ru,региональный,pt,regional,transparent
ru,регистр,pt,registro,transparent
ru,регистрировать,pt,registrar,altered
ru,регулярный,pt,regular,altered
ru,регулятор,pt,regulador,altered
ru,редактирование,pt,redação,altered
ru,редакция,pt,redação,altered
ru,редукция,pt,redução,transparent
ru,режим,pt,regime,altered
ru,резерв,pt,reservar,altered
ru,резервный,pt,reservar,transparent
ru,резервуар,pt,reservatório,altered
ru,резидент,pt,residente,transparent
ru,резиденция,pt,residência,transparent
ru,резина,pt,resinar,altered
ru,резолюция,pt,resolução,altered
ru,резонанс,pt,ressonância,altered
ru,результат,pt,resultar,altered
ru,реклама,pt,reclame,altered
ru,рекомендация,pt,recomendação,transparent
ru,рекомендовать,pt,recomendar,altered
ru,реконструкция,pt,reconstrução,transparent
ru,рекорд,pt,recorde,altered
ru,рекордный,pt,recorde,transparent
ru,ректор,pt,reitor,altered
ru,религиозный,pt,religioso,altered
ru,религия,pt,religião,transparent
ru,рельеф,pt,relevo,altered
ru,рентабельность,pt,rentabilidade,altered
ru,реорганизация,pt,reorganização,altered
ru,репарация,pt,reparar,altered
ru,репертуар,pt,repertório,altered
ru,репетировать,pt,repetir,altered
ru,репетиция,pt,repetição,altered
ru,реплика,pt,réplica,transparent
ru,репортаж,pt,reportagem,altered
ru,репортёр,pt,repórter,transparent
ru,репрессия,pt,repressão,altered
ru,репродукция,pt,reprodução,transparent
ru,репутация,pt,reputação,transparent
ru,республиканец,pt,republicano,altered
ru,реставрация,pt,restauração,altered
ru,ресторан,pt,restaurante,altered
ru,реструктуризация,pt,reestruturação,transparent
ru,ресурс,pt,recurso,transparent
ru,референдум,pt,referendo,altered
ru,рефлекс,pt,reflexo,altered
ru,рефлексия,pt,reflexão,transparent
ru,реформа,pt,reformar,transparent
ru,реформировать,pt,reformar,altered
ru,рецепт,pt,receitar,altered
ru,рецептор,pt,receptor,transparent
ru,ригидность,pt,rigidez,altered
ru,ринг,pt,ring,transparent
ru,риск,pt,risco,transparent
ru,рискованный,pt,arriscar,altered
ru,ритм,pt,ritmo,transparent
ru,риторика,pt,retórico,transparent
ru,риторический,pt,retórico,altered
ru,ритуал,pt,ritual,transparent
ru,ритуальный,pt,ritual,transparent
ru,рифма,pt,rimar,altered
ru,роберт,pt,roberto,transparent
ru,робин,pt,robin,transparent
ru,робот,pt,robô,altered
ru,рок,pt,rock,transparent
ru,ролл,pt,rol,transparent
ru,рома,pt,roma,transparent
ru,роман,pt,romance,transparent
ru,романский,pt,romano,altered
ru,романтический,pt,romântico,altered
ru,романтичный,pt,romântico,transparent
ru,ромео,pt,romeu,altered
ru,рубин,pt,rubi,altered
ru,руина,pt,ruína,transparent
ru,рутина,pt,rotina,altered
ru,рэп,pt,rap,transparent
ru,рэпер,pt,rapper,transparent
ru,сага,pt,saga,transparent
ru,сайт,pt,site,transparent
ru,салат,pt,salada,altered
ru,салон,pt,salão,transparent
ru,сальво,pt,salvo,transparent
ru,самба,pt,samba,transparent
ru,саммит,pt,summit,transparent
ru,самурай,pt,samurai,transparent
ru,санаторий,pt,sanatório,transparent
ru,санитарный,pt,sanitário,transparent
ru,санкция,pt,sanção,transparent
ru,санта,pt,santo,transparent
ru,сантиметр,pt,centímetro,altered
ru,сарказм,pt,sarcasmo,transparent
ru,сатана,pt,satanás,transparent
ru,сатирический,pt,satírico,transparent
ru,саша,pt,sasha,transparent
ru,сегмент,pt,segmento,transparent
ru,седан,pt,sedan,transparent
ru,сезонный,pt,sazonal,transparent
ru,секрет,pt,secreto,transparent
ru,секретариат,pt,secretariar,altered
ru,секретарша,pt,secretário,transparent
ru,секретарь,pt,secretário,transparent
ru,секретный,pt,secreto,altered
ru,секс,pt,sexo,transparent
ru,сексуально,pt,sexualmente,transparent
ru,секта,pt,seita,altered
ru,сектор,pt,setor,altered
ru,секунда,pt,segundo,altered
ru,секция,pt,seção,altered
ru,селфи,pt,selfie,transparent
ru,семестр,pt,semestre,altered
ru,семинар,pt,seminário,altered
ru,семь,pt,sete,altered
ru,сенат,pt,senado,altered
ru,сенатор,pt,senador,transparent
ru,сенсационный,pt,sensacional,transparent
ru,сенсация,pt,sensação,transparent
ru,сентябрь,pt,setembro,altered
ru,сепаратист,pt,separatista,altered
ru,серб,pt,sérvio,altered
ru,сервер,pt,servidor,altered
ru,сервис,pt,serviço,transparent
ru,сериал,pt,serial,transparent
ru,серия,pt,série,transparent
ru,сертификат,pt,certificar,altered
ru,сертификация,pt,certificação,altered
ru,сертифицировать,pt,certificar,altered
ru,серьёзный,pt,sério,transparent
ru,сессия,pt,sessão,transparent
ru,сет,pt,set,transparent
ru,сигарета,pt,cigarro,altered
ru,сигнализация,pt,sinalização,altered
ru,сило,pt,silo,transparent
ru,силуэт,pt,silhueta,altered
ru,символ,pt,símbolo,transparent
ru,символизировать,pt,simbolizar,transparent
ru,символика,pt,simbologia,altered
ru,символичный,pt,simbólico,transparent
ru,симметрия,pt,simetria,transparent
ru,симпатичный,pt,simpático,transparent
ru,симпатия,pt,simpatia,transparent
ru,симпсон,pt,simpson,transparent
ru,симптом,pt,sintoma,altered
ru,симуляция,pt,simulação,transparent
ru,симфония,pt,sinfonia,altered
ru,сингапур,pt,singapura,altered
ru,сингл,pt,single,transparent
ru,синдикат,pt,sindicato,transparent
ru,синдром,pt,síndrome,transparent
ru,синоним,pt,sinônimo,transparent
ru,синтез,pt,síntese,transparent
ru,синтетический,pt,sintético,altered
ru,синхронизация,pt,sincronização,altered
ru,система,pt,sistema,transparent
ru,систематический,pt,sistemático,altered
ru,ситуация,pt,situação,transparent
ru,скай,pt,sky,transparent
ru,скандал,pt,escândalo,altered
ru,сканер,pt,scanner,transparent
ru,скелет,pt,esqueleto,altered
ru,сконцентрировать,pt,concentrar,altered
ru,скорпион,pt,escorpião,altered
ru,скульптор,pt,escultor,transparent
ru,скульптура,pt,esculturar,altered
ru,словения,pt,eslovênia,altered
ru,слоган,pt,slogan,transparent
ru,смартфон,pt,smartphone,transparent
ru,сноуборд,pt,snowboard,transparent
ru,советский,pt,soviético,altered
ru,солдат,pt,soldado,altered
ru,солидарность,pt,solidariedade,altered
ru,солидный,pt,sólido,altered
ru,соло,pt,solo,transparent
ru,софа,pt,sofá,transparent
ru,софия,pt,sofia,transparent
ru,социализм,pt,socialismo,altered
ru,социалист,pt,socialista,altered
ru,социальный,pt,social,altered
ru,социолог,pt,sociólogo,altered
ru,социологический,pt,sociológico,altered
ru,социология,pt,sociologia,transparent
ru,спа,pt,spa,transparent
ru,спектакль,pt,espetáculo,altered
ru,спектр,pt,espectro,transparent
ru,спекуляция,pt,especulação,altered
ru,сперма,pt,esperma,altered
ru,специализироваться,pt,especializar,altered
ru,специалист,pt,especialista,transparent
ru,специально,pt,especialmente,altered
ru,специальный,pt,especial,transparent
ru,специя,pt,especiaria,altered
ru,спираль,pt,espiral,transparent
ru,спирт,pt,espírito,altered
ru,спонтанно,pt,espontaneamente,altered
ru,спонтанный,pt,espontâneo,transparent
ru,спорт,pt,esporte,altered
ru,спринт,pt,sprint,transparent
ru,спровоцировать,pt,provocar,altered
ru,стабилизация,pt,estabilização,altered
ru,стабильно,pt,estável,altered
ru,стабильность,pt,estabilidade,altered
ru,стадион,pt,estádio,altered
ru,стадия,pt,estádio,altered
ru,станция,pt,estação,altered
ru,старт,pt,start,transparent
ru,стартап,pt,startup,transparent
ru,стартовый,pt,startup,altered
ru,статистический,pt,estatístico,altered
ru,статус,pt,status,transparent
ru,статуя,pt,estátua,altered
ru,стереотип,pt,estereótipo,altered
ru,стилус,pt,estilo,transparent
ru,стиль,pt,estilo,transparent
ru,стильный,pt,estiloso,altered
ru,стимул,pt,estímulo,altered
ru,стратегический,pt,estratégico,transparent
ru,стратегия,pt,estratégia,altered
ru,стресс,pt,estresse,altered
ru,структура,pt,estruturar,altered
ru,структурный,pt,estrutural,transparent
ru,студент,pt,estudante,altered
ru,студентка,pt,estudante,altered
ru,студенческий,pt,estudantil,altered
ru,студия,pt,estúdio,altered
ru,суб,pt,sub,transparent
ru,субсидия,pt,subsídio,altered
ru,субстанция,pt,substância,transparent
ru,субтитр,pt,subtítulo,altered
ru,субъективный,pt,subjetivar,altered
ru,сувенирный,pt,souvenir,altered
ru,суверенный,pt,soberano,altered
ru,суицид,pt,suicídio,altered
ru,султан,pt,sultão,transparent
ru,сумма,pt,soma,altered
ru,супер,pt,super,transparent
ru,супермаркет,pt,supermercado,altered
ru,сформулировать,pt,formular,altered
ru,схема,pt,esquema,altered
ru,сцена,pt,cena,altered
ru,сценка,pt,cena,altered
ru,сюрприз,pt,surpreso,altered
ru,сёрфинг,pt,surfe,altered
ru,табак,pt,tabaco,altered
ru,таблица,pt,tábua,altered
ru,тайм,pt,time,transparent
ru,тайский,pt,tailandês,altered
ru,такси,pt,táxi,transparent
ru,таксист,pt,taxista,altered
ru,такт,pt,tato,altered
ru,тактический,pt,táctico,altered
ru,талант,pt,talento,altered
ru,танго,pt,tango,transparent
ru,танк,pt,tanque,transparent
ru,тара,pt,tara,transparent
ru,тариф,pt,tarifa,transparent
ru,татуировка,pt,tatuagem,altered
ru,твиттер,pt,twitter,transparent
ru,театр,pt,teatro,altered
ru,театральный,pt,teatral,transparent
ru,тегеран,pt,teerã,altered
ru,тезис,pt,tese,altered
ru,тейлор,pt,taylor,transparent
ru,текст,pt,texto,transparent
ru,текстильный,pt,têxtil,transparent
ru,текстура,pt,textura,transparent
ru,телевизионный,pt,televisivo,altered
ru,телевизор,pt,televisor,transparent
ru,телеграмма,pt,telegrama,transparent
ru,телескоп,pt,telescópio,altered
ru,телефон,pt,telefone,transparent
ru,телефонный,pt,telefônico,altered
ru,тематический,pt,temático,transparent
ru,температура,pt,temperatura,transparent
ru,тенденция,pt,tendência,transparent
ru,тендер,pt,tender,transparent
ru,теннис,pt,tênis,altered
ru,теннисистка,pt,tenista,altered
ru,теорема,pt,teorema,transparent
ru,теоретик,pt,teórico,transparent
ru,теоретически,pt,teoricamente,transparent
ru,теоретический,pt,teórico,altered
ru,терапевт,pt,terapeuta,altered
ru,терапия,pt,terapia,transparent
ru,терминал,pt,terminar,transparent
ru,терминология,pt,terminologia,transparent
ru,термический,pt,térmico,altered
ru,территориальный,pt,territorial,altered
ru,территория,pt,território,altered
ru,террор,pt,terror,transparent
ru,терроризм,pt,terrorismo,transparent
ru,террористический,pt,terrorista,altered
ru,тестировать,pt,testar,altered
ru,тестовый,pt,teste,transparent
ru,технический,pt,técnico,transparent
ru,технологический,pt,tecnológico,altered
ru,технология,pt,tecnologia,transparent
ru,тигр,pt,tigre,altered
ru,тип,pt,tipo,transparent
ru,типичный,pt,típico,altered
ru,типография,pt,tipografia,transparent
ru,тираж,pt,tiragem,altered
ru,тиран,pt,tirano,transparent
ru,титан,pt,titã,transparent
ru,титул,pt,título,transparent
ru,токио,pt,tóquio,altered
ru,токсичный,pt,tóxico,altered
ru,томат,pt,tomate,transparent
ru,томми,pt,tommy,transparent
ru,тон,pt,tom,transparent
ru,тоник,pt,tônico,transparent
ru,тонна,pt,tonelada,altered
ru,тоннель,pt,túnel,transparent
ru,топ,pt,top,transparent
ru,тор,pt,touro,altered
ru,тотальный,pt,total,transparent
ru,травма,pt,trauma,transparent
ru,травмировать,pt,traumatizar,altered
ru,трагедия,pt,tragédia,altered
ru,трагический,pt,trágico,altered
ru,традиционно,pt,tradicionalmente,altered
ru,традиционный,pt,tradicional,altered
ru,траектория,pt,trajetória,altered
ru,тракт,pt,trato,altered
ru,трактат,pt,tratar,altered
ru,трактор,pt,trator,altered
ru,трамплин,pt,trampolim,transparent
ru,транзит,pt,trânsito,altered
ru,транзитный,pt,transitório,altered
ru,транс,pt,transir,transparent
ru,трансляция,pt,transmissão,altered
ru,трансмиссия,pt,transmitir,transparent
ru,транспорт,pt,transporte,transparent
ru,трансфер,pt,transferência,transparent
ru,трансформация,pt,transformar,altered
ru,трафик,pt,tráfego,altered
ru,трейлер,pt,trailer,transparent
ru,трек,pt,trek,transparent
ru,тренажёрный,pt,treinador,altered
ru,тренд,pt,trend,transparent
ru,тренинг,pt,treinamento,altered
ru,тренировать,pt,treinar,altered
ru,тренироваться,pt,treinar,transparent
ru,трибуна,pt,tribuna,transparent
ru,трибунал,pt,tribunal,transparent
ru,триллер,pt,thriller,transparent
ru,трилогия,pt,trilogia,transparent
ru,триумф,pt,triunfo,transparent
ru,трон,pt,trono,transparent
ru,тропический,pt,tropical,altered
ru,трофей,pt,troféu,transparent
ru,труппа,pt,tropa,altered
ru,трюк,pt,truque,transparent
ru,туннель,pt,túnel,transparent
ru,турбина,pt,turbina,transparent
ru,турецкий,pt,turco,altered
ru,туризм,pt,turismo,transparent
ru,турист,pt,turista,transparent
ru,туристический,pt,turístico,altered
ru,турне,pt,turnê,transparent
ru,тюрбан,pt,turbante,altered
ru,уильям,pt,guilherme,altered
ru,украина,pt,ucrânia,altered
ru,украинский,pt,ucraniano,altered
ru,ультиматум,pt,ultimato,altered
ru,универсал,pt,universal,transparent
ru,универсальный,pt,universal,transparent
ru,университет,pt,universidade,altered
ru,универсум,pt,universo,altered
ru,уникальный,pt,único,altered
ru,униформа,pt,uniforme,transparent
ru,ураган,pt,furacão,altered
ru,уран,pt,urânio,altered
ru,урна,pt,urna,transparent
ru,утилизация,pt,utilização,altered
ru,фабрика,pt,fábrica,altered
ru,фаворит,pt,favorito,altered
ru,фаза,pt,fase,transparent
ru,факт,pt,fato,transparent
ru,фактор,pt,fator,transparent
ru,факультет,pt,faculdade,altered
ru,фальсификация,pt,falsificação,transparent
ru,фан,pt,fã,transparent
ru,фанат,pt,fanático,altered
ru,фантазия,pt,fantasiar,transparent
ru,фантастика,pt,fantástico,transparent
ru,фантастический,pt,fantástico,transparent
ru,фара,pt,farol,altered
ru,фараон,pt,faraó,transparent
ru,фармацевтический,pt,farmacêutico,transparent
ru,фармация,pt,farmácia,transparent
ru,фасад,pt,fachada,altered
ru,фауна,pt,fauna,transparent
ru,фашизм,pt,fascismo,transparent
ru,фашист,pt,fascista,altered
ru,федеральный,pt,federal,transparent
ru,федеративный,pt,federativo,transparent
ru,федерация,pt,federação,altered
ru,фейк,pt,fake,transparent
ru,феникс,pt,fênix,altered
ru,феномен,pt,fenômeno,transparent
ru,феодальный,pt,feudal,altered
ru,фернандо,pt,fernando,transparent
ru,феррари,pt,ferrari,transparent
ru,фестиваль,pt,festival,altered
ru,фигура,pt,figurar,transparent
ru,фигурант,pt,figurante,transparent
ru,фигурировать,pt,figurar,transparent
ru,физика,pt,físico,altered
ru,физиологический,pt,fisiológico,altered
ru,физиология,pt,fisiologia,transparent
ru,физический,pt,físico,transparent
ru,фиксация,pt,fixação,transparent
ru,фиксировать,pt,fixar,altered
ru,филиал,pt,filial,transparent
ru,филиппина,pt,filipino,transparent
ru,философ,pt,filósofo,transparent
ru,философия,pt,filosofia,transparent
ru,фильм,pt,filme,altered
ru,фильтр,pt,filtro,transparent
ru,финал,pt,final,transparent
ru,финалист,pt,finalista,altered
ru,финальный,pt,final,altered
ru,финансирование,pt,financiamento,altered
ru,финансировать,pt,financiar,altered
ru,финансово,pt,financeiro,altered
ru,финансы,pt,finanças,transparent
ru,финишировать,pt,finalizar,altered
ru,финский,pt,finlandês,altered
ru,фирма,pt,firme,transparent
ru,фитнес,pt,fitness,transparent
ru,фишер,pt,fischer,transparent
ru,флавий,pt,flávio,transparent
ru,флаг,pt,flag,transparent
ru,фланг,pt,flanco,altered
ru,флора,pt,flor,transparent
ru,флот,pt,frota,altered
ru,фокс,pt,fox,transparent
ru,фокус,pt,foco,altered
ru,фольклор,pt,folclore,altered
ru,фольклорный,pt,folclórico,altered
ru,фонд,pt,fundo,altered
ru,форвард,pt,forward,transparent
ru,форма,pt,formar,transparent
ru,формально,pt,formalmente,transparent
ru,формальность,pt,formalidade,altered
ru,формальный,pt,formal,transparent
ru,формат,pt,formato,altered
ru,формировать,pt,formar,altered
ru,формула,pt,fórmula,transparent
ru,формулировка,pt,formulação,altered
ru,форум,pt,fórum,transparent
ru,фотка,pt,foto,altered
ru,фото,pt,foto,transparent
ru,фотограф,pt,fotógrafo,transparent
ru,фотографироваться,pt,fotografar,altered
ru,фотография,pt,fotografia,transparent
ru,фрагмент,pt,fragmento,altered
ru,фраза,pt,frase,altered
ru,фракция,pt,fração,altered
ru,франк,pt,franco,transparent
ru,франклин,pt,franklin,transparent
ru,франко,pt,franco,transparent
ru,француз,pt,francês,altered
ru,французски,pt,francês,altered
ru,франшиза,pt,franquiar,altered
ru,фреска,pt,fresco,altered
ru,фри,pt,free,transparent
ru,фронт,pt,frente,altered
ru,фронтовой,pt,frontal,altered
ru,фрукт,pt,frutar,altered
ru,фруктовый,pt,frutar,altered
ru,фрэнсис,pt,francis,transparent
ru,фуга,pt,fuga,transparent
ru,фундамент,pt,fundamento,altered
ru,фундаментальный,pt,fundamental,transparent
ru,функционал,pt,funcional,transparent
ru,функциональный,pt,funcional,altered
ru,функционирование,pt,funcionamento,altered
ru,функционировать,pt,funcionar,transparent
ru,функция,pt,função,transparent
ru,футбол,pt,futebol,transparent
ru,хакер,pt,hacker,transparent
ru,хаос,pt,caos,altered
ru,характер,pt,caráter,altered
ru,характеризовать,pt,caracterizar,altered
ru,характеристика,pt,característica,transparent
ru,химик,pt,químico,altered
ru,химия,pt,químico,transparent
ru,хирургия,pt,cirurgia,altered
ru,хоккейный,pt,hóquei,altered
ru,холокост,pt,holocausto,altered
ru,христианин,pt,cristão,altered
ru,христианский,pt,cristão,altered
ru,христос,pt,cristo,altered
ru,хьюстон,pt,houston,altered
ru,царь,pt,czar,transparent
ru,цезарь,pt,césar,transparent
ru,цемент,pt,cimento,altered
ru,цензура,pt,censurar,transparent
ru,цент,pt,centavo,transparent
ru,центр,pt,centro,transparent
ru,централизовать,pt,centralizar,transparent
ru,центральный,pt,central,transparent
ru,цивилизация,pt,civilização,transparent
ru,цивилизовать,pt,civilizar,transparent
ru,цикл,pt,ciclo,transparent
ru,циклон,pt,ciclone,altered
ru,цилиндр,pt,cilindro,altered
ru,цилиндрический,pt,cilíndrico,altered
ru,циничный,pt,cínico,transparent
ru,цирк,pt,circo,altered
ru,циркуль,pt,círculo,altered
ru,циркуляция,pt,circulação,altered
ru,цистерна,pt,cisterna,transparent
ru,цитата,pt,citação,altered
ru,цитировать,pt,citar,altered
ru,чао,pt,ciao,transparent
ru,чек-лист,pt,checklist,transparent
ru,чемпион,pt,campeão,altered
ru,чемпионат,pt,campeonato,altered
ru,чили,pt,chile,transparent
ru,чипсы,pt,chip,transparent
ru,шаман,pt,xamã,altered
ru,шантаж,pt,chantagem,altered
ru,шасси,pt,chassi,transparent
ru,шейх,pt,xeque,altered
ru,шериф,pt,xerife,transparent
ru,шеф,pt,chefe,altered
ru,шизофрения,pt,esquizofrenia,altered
ru,шик,pt,chique,altered
ru,шифр,pt,cifrar,altered
ru,шкала,pt,escalar,altered
ru,школа,pt,escola,altered
ru,шок,pt,choque,altered
ru,шоколад,pt,chocolate,altered
ru,шоколадный,pt,chocolate,transparent
ru,шпионаж,pt,espionagem,altered
ru,штамп,pt,estampar,altered
ru,шёлк,pt,seda,altered
ru,эвакуация,pt,evacuação,transparent
ru,эволюция,pt,evolução,transparent
ru,эго,pt,ego,transparent
ru,эдвард,pt,eduardo,altered
ru,эдуард,pt,eduardo,transparent
ru,эквивалент,pt,equivalente,transparent
ru,эквивалентный,pt,equivalente,transparent
ru,экзамен,pt,exame,altered
ru,экземпляр,pt,exemplar,transparent
ru,экзистенциальный,pt,existencial,transparent
ru,экзотический,pt,exótico,transparent
ru,эко,pt,eco,transparent
ru,экологический,pt,ecológico,altered
ru,экология,pt,ecologia,transparent
ru,экономика,pt,economia,altered
ru,экономист,pt,economista,altered
ru,экономически,pt,economicamente,transparent
ru,экономический,pt,econômico,altered
ru,экономия,pt,economia,transparent
ru,экосистема,pt,ecossistema,altered
ru,экс,pt,ex,transparent
ru,экскаватор,pt,escavadeira,altered
ru,эксклюзивный,pt,exclusivo,altered
ru,экскурсия,pt,excursão,altered
ru,экспансия,pt,expansão,altered
ru,экспедиция,pt,expedição,altered
ru,эксперимент,pt,experimento,transparent
ru,экспериментальный,pt,experimental,transparent
ru,экспериментировать,pt,experimentar,altered
ru,эксплуатационный,pt,exploração,altered
ru,эксплуатация,pt,exploração,altered
ru,экспозиция,pt,exposição,altered
ru,экспорт,pt,exportação,altered
ru,экспортный,pt,exportador,altered
ru,экспресс,pt,expresso,altered
ru,экспрессия,pt,expressão,transparent
ru,экстерьер,pt,exterior,transparent
ru,экстра,pt,extra,transparent
ru,экстраординарный,pt,extraordinário,transparent
ru,элегантный,pt,elegante,transparent
ru,электрик,pt,eletricista,altered
ru,электрический,pt,elétrico,transparent
ru,электричество,pt,eletricidade,transparent
ru,электроника,pt,eletrônico,altered
ru,электронный,pt,eletrônico,transparent
ru,элемент,pt,elemento,transparent
ru,элементарный,pt,elementar,transparent
ru,элита,pt,elite,transparent
ru,элитный,pt,elite,altered
ru,эмигрант,pt,emigrante,altered
ru,эмиграция,pt,emigração,altered
ru,эмират,pt,emirado,transparent
ru,эмиссия,pt,emissão,transparent
ru,эмоционально,pt,emocionalmente,transparent
ru,эмоция,pt,emoção,transparent
ru,энергетик,pt,energético,altered
ru,энергетический,pt,energético,altered
ru,энергичный,pt,enérgico,altered
ru,энергия,pt,energia,transparent
ru,энтузиазм,pt,entusiasmo,altered
ru,энтузиаст,pt,entusiasta,transparent
ru,энциклопедия,pt,enciclopédia,altered
ru,эпизод,pt,episódio,altered
ru,эпицентр,pt,epicentro,transparent
ru,эпический,pt,épico,transparent
ru,эпоха,pt,época,transparent
ru,эротический,pt,erótico,transparent
ru,эскиз,pt,esboço,altered
ru,эстетический,pt,estético,altered
ru,этап,pt,etapa,transparent
ru,этика,pt,ético,transparent
ru,этический,pt,ético,altered
ru,этнический,pt,étnico,transparent
ru,этнографический,pt,etnográfico,transparent
ru,эффект,pt,efeito,altered
ru,эффективно,pt,efetivamente,altered
ru,эффективность,pt,efetividade,transparent
ru,эффективный,pt,efetivo,altered
ru,эхо,pt,eco,transparent
ru,юань,pt,yuan,transparent
ru,юбилей,pt,jubileu,altered
ru,ювентус,pt,juventus,transparent
ru,юмор,pt,humor,altered
ru,юнеско,pt,unesco,altered
ru,юпитер,pt,júpiter,altered
ru,юридический,pt,jurídico,altered
ru,юрисдикция,pt,jurisdição,altered
ru,юрист,pt,jurista,transparent
ru,юстиция,pt,justiçar,altered
ru,ютуб,pt,youtube,transparent
ru,якорь,pt,âncora,transparent
ru,янтарь,pt,âmbar,altered
ru,япония,pt,japão,altered
ru,яхта,pt,iate,altered
